=cmd-param-changed,param="logging enabled",value="on"
^done
(gdb) 
&"set $samples = 0\n"
^done
(gdb) 
&"break *0x0ba9\n"
~"Note: breakpoint 4 (disabled) also set at pc 0xba9.\n"
~"Breakpoint 5 at 0xba9\n"
=breakpoint-created,bkpt={number="5",type="breakpoint",disp="keep",enabled="y",addr="0x00000ba9",thread-groups=["i1"],times="0",original-location="*0x0ba9"}
^done
(gdb) 
&"source /mnt/d/retro/ladybug/build/four-enemy-overlap.gdb\n"
=breakpoint-modified,bkpt={number="5",type="breakpoint",disp="keep",enabled="y",addr="0x00000ba9",thread-groups=["i1"],times="0",script={"silent","if *(unsigned char *)0x0061 != 0","printf \"SAMPLE %u FRAME %u\\n\", $samples, *(unsigned char *)0x0000","x/32bx 0xa470","set $samples = $samples + 1","end","if $samples >= 1024","disable 5","else","continue","end"},original-location="*0x0ba9"}
^done
(gdb) 
&"continue\n"
~"Continuing.\n"
^running
*running,thread-id="all"
(gdb) 
=breakpoint-modified,bkpt={number="5",type="breakpoint",disp="keep",enabled="y",addr="0x00000ba9",thread-groups=["i1"],times="1",script={"silent","if *(unsigned char *)0x0061 != 0","printf \"SAMPLE %u FRAME %u\\n\", $samples, *(unsigned char *)0x0000","x/32bx 0xa470","set $samples = $samples + 1","end","if $samples >= 1024","disable 5","else","continue","end"},original-location="*0x0ba9"}
*stopped
~"SAMPLE 0 FRAME 50\n"
~"0xa470:\t0x01\t0x4d\t0xfc\t0x00\t0x10\t0x0a\t0x01\t0x02\n"
~"0xa478:\t0x01\t0x39\t0xc4\t0x00\t0x02\t0x06\t0x01\t0x00\n"
~"0xa480:\t0x01\t0x25\t0xdc\t0x00\t0x08\t0x02\t0x01\t0x01\n"
~"0xa488:\t0x01\t0x39\t0xcc\t0x00\t0x04\t0x06\t0x01\t0x01\n"
*running,thread-id="all"
=breakpoint-modified,bkpt={number="5",type="breakpoint",disp="keep",enabled="y",addr="0x00000ba9",thread-groups=["i1"],times="2",script={"silent","if *(unsigned char *)0x0061 != 0","printf \"SAMPLE %u FRAME %u\\n\", $samples, *(unsigned char *)0x0000","x/32bx 0xa470","set $samples = $samples + 1","end","if $samples >= 1024","disable 5","else","continue","end"},original-location="*0x0ba9"}
*stopped
~"SAMPLE 1 FRAME 54\n"
~"0xa470:\t0x01\t0x4f\t0x3c\t0x01\t0x10\t0x0a\t0x01\t0x02\n"
~"0xa478:\t0x01\t0x38\t0x84\t0x01\t0x02\t0x06\t0x01\t0x00\n"
~"0xa480:\t0x01\t0x25\t0xdd\t0x01\t0x08\t0x02\t0x01\t0x01\n"
~"0xa488:\t0x01\t0x39\t0xcd\t0x01\t0x04\t0x06\t0x01\t0x01\n"
*running,thread-id="all"
=breakpoint-modified,bkpt={number="5",type="breakpoint",disp="keep",enabled="y",addr="0x00000ba9",thread-groups=["i1"],times="3",script={"silent","if *(unsigned char *)0x0061 != 0","printf \"SAMPLE %u FRAME %u\\n\", $samples, *(unsigned char *)0x0000","x/32bx 0xa470","set $samples = $samples + 1","end","if $samples >= 1024","disable 5","else","continue","end"},original-location="*0x0ba9"}
*stopped
~"SAMPLE 2 FRAME 58\n"
~"0xa470:\t0x01\t0x50\t0x7c\t0x02\t0x10\t0x0a\t0x01\t0x02\n"
~"0xa478:\t0x01\t0x37\t0x44\t0x02\t0x02\t0x06\t0x01\t0x00\n"
~"0xa480:\t0x01\t0x25\t0xde\t0x02\t0x08\t0x02\t0x01\t0x01\n"
~"0xa488:\t0x01\t0x39\t0xce\t0x02\t0x04\t0x06\t0x01\t0x01\n"
*running,thread-id="all"
=breakpoint-modified,bkpt={number="5",type="breakpoint",disp="keep",enabled="y",addr="0x00000ba9",thread-groups=["i1"],times="4",script={"silent","if *(unsigned char *)0x0061 != 0","printf \"SAMPLE %u FRAME %u\\n\", $samples, *(unsigned char *)0x0000","x/32bx 0xa470","set $samples = $samples + 1","end","if $samples >= 1024","disable 5","else","continue","end"},original-location="*0x0ba9"}
*stopped
~"SAMPLE 3 FRAME 62\n"
~"0xa470:\t0x01\t0x51\t0xbc\t0x03\t0x10\t0x0a\t0x01\t0x02\n"
~"0xa478:\t0x01\t0x36\t0x04\t0x03\t0x02\t0x06\t0x01\t0x00\n"
~"0xa480:\t0x01\t0x25\t0xdf\t0x03\t0x08\t0x02\t0x01\t0x01\n"
~"0xa488:\t0x01\t0x39\t0xcf\t0x03\t0x04\t0x06\t0x01\t0x01\n"
*running,thread-id="all"
=breakpoint-modified,bkpt={number="5",type="breakpoint",disp="keep",enabled="y",addr="0x00000ba9",thread-groups=["i1"],times="5",script={"silent","if *(unsigned char *)0x0061 != 0","printf \"SAMPLE %u FRAME %u\\n\", $samples, *(unsigned char *)0x0000","x/32bx 0xa470","set $samples = $samples + 1","end","if $samples >= 1024","disable 5","else","continue","end"},original-location="*0x0ba9"}
*stopped
~"SAMPLE 4 FRAME 68\n"
~"0xa470:\t0x01\t0x52\t0xfc\t0x00\t0x10\t0x0b\t0x01\t0x02\n"
~"0xa478:\t0x01\t0x34\t0xc4\t0x00\t0x02\t0x05\t0x01\t0x00\n"
~"0xa480:\t0x01\t0x25\t0xe0\t0x00\t0x09\t0x02\t0x01\t0x01\n"
~"0xa488:\t0x01\t0x39\t0xd0\t0x00\t0x05\t0x06\t0x01\t0x01\n"
*running,thread-id="all"
=breakpoint-modified,bkpt={number="5",type="breakpoint",disp="keep",enabled="y",addr="0x00000ba9",thread-groups=["i1"],times="6",script={"silent","if *(unsigned char *)0x0061 != 0","printf \"SAMPLE %u FRAME %u\\n\", $samples, *(unsigned char *)0x0000","x/32bx 0xa470","set $samples = $samples + 1","end","if $samples >= 1024","disable 5","else","continue","end"},original-location="*0x0ba9"}
*stopped
~"SAMPLE 5 FRAME 72\n"
~"0xa470:\t0x01\t0x54\t0x3c\t0x01\t0x10\t0x0b\t0x01\t0x02\n"
~"0xa478:\t0x01\t0x33\t0x84\t0x01\t0x02\t0x05\t0x01\t0x00\n"
~"0xa480:\t0x01\t0x25\t0xe1\t0x01\t0x09\t0x02\t0x01\t0x01\n"
~"0xa488:\t0x01\t0x39\t0xd1\t0x01\t0x05\t0x06\t0x01\t0x01\n"
*running,thread-id="all"
=breakpoint-modified,bkpt={number="5",type="breakpoint",disp="keep",enabled="y",addr="0x00000ba9",thread-groups=["i1"],times="7",script={"silent","if *(unsigned char *)0x0061 != 0","printf \"SAMPLE %u FRAME %u\\n\", $samples, *(unsigned char *)0x0000","x/32bx 0xa470","set $samples = $samples + 1","end","if $samples >= 1024","disable 5","else","continue","end"},original-location="*0x0ba9"}
*stopped
~"SAMPLE 6 FRAME 76\n"
~"0xa470:\t0x01\t0x55\t0x7c\t0x02\t0x10\t0x0b\t0x01\t0x02\n"
~"0xa478:\t0x01\t0x32\t0x44\t0x02\t0x02\t0x05\t0x01\t0x00\n"
~"0xa480:\t0x01\t0x25\t0xe2\t0x02\t0x09\t0x02\t0x01\t0x01\n"
~"0xa488:\t0x01\t0x39\t0xd2\t0x02\t0x05\t0x06\t0x01\t0x01\n"
*running,thread-id="all"
=breakpoint-modified,bkpt={number="5",type="breakpoint",disp="keep",enabled="y",addr="0x00000ba9",thread-groups=["i1"],times="8",script={"silent","if *(unsigned char *)0x0061 != 0","printf \"SAMPLE %u FRAME %u\\n\", $samples, *(unsigned char *)0x0000","x/32bx 0xa470","set $samples = $samples + 1","end","if $samples >= 1024","disable 5","else","continue","end"},original-location="*0x0ba9"}
*stopped
~"SAMPLE 7 FRAME 80\n"
~"0xa470:\t0x01\t0x56\t0xbc\t0x03\t0x10\t0x0b\t0x01\t0x02\n"
~"0xa478:\t0x01\t0x31\t0x04\t0x03\t0x02\t0x05\t0x01\t0x00\n"
~"0xa480:\t0x01\t0x25\t0xe3\t0x03\t0x09\t0x02\t0x01\t0x01\n"
~"0xa488:\t0x01\t0x39\t0xd3\t0x03\t0x05\t0x06\t0x01\t0x01\n"
*running,thread-id="all"
=breakpoint-modified,bkpt={number="5",type="breakpoint",disp="keep",enabled="y",addr="0x00000ba9",thread-groups=["i1"],times="9",script={"silent","if *(unsigned char *)0x0061 != 0","printf \"SAMPLE %u FRAME %u\\n\", $samples, *(unsigned char *)0x0000","x/32bx 0xa470","set $samples = $samples + 1","end","if $samples >= 1024","disable 5","else","continue","end"},original-location="*0x0ba9"}
*stopped
~"SAMPLE 8 FRAME 84\n"
~"0xa470:\t0x01\t0x57\t0xfc\t0x00\t0x10\t0x0c\t0x01\t0x02\n"
~"0xa478:\t0x01\t0x2f\t0xc4\t0x00\t0x02\t0x04\t0x01\t0x00\n"
~"0xa480:\t0x01\t0x25\t0xe4\t0x00\t0x0a\t0x02\t0x01\t0x01\n"
~"0xa488:\t0x01\t0x39\t0xd4\t0x00\t0x06\t0x06\t0x01\t0x00\n"
*running,thread-id="all"
=breakpoint-modified,bkpt={number="5",type="breakpoint",disp="keep",enabled="y",addr="0x00000ba9",thread-groups=["i1"],times="10",script={"silent","if *(unsigned char *)0x0061 != 0","printf \"SAMPLE %u FRAME %u\\n\", $samples, *(unsigned char *)0x0000","x/32bx 0xa470","set $samples = $samples + 1","end","if $samples >= 1024","disable 5","else","continue","end"},original-location="*0x0ba9"}
*stopped
~"SAMPLE 9 FRAME 88\n"
~"0xa470:\t0x01\t0x59\t0x3c\t0x01\t0x10\t0x0c\t0x01\t0x02\n"
~"0xa478:\t0x01\t0x2e\t0x84\t0x01\t0x02\t0x04\t0x01\t0x00\n"
~"0xa480:\t0x01\t0x25\t0xe5\t0x01\t0x0a\t0x02\t0x01\t0x01\n"
~"0xa488:\t0x01\t0x38\t0x94\t0x01\t0x06\t0x06\t0x01\t0x00\n"
*running,thread-id="all"
=breakpoint-modified,bkpt={number="5",type="breakpoint",disp="keep",enabled="y",addr="0x00000ba9",thread-groups=["i1"],times="11",script={"silent","if *(unsigned char *)0x0061 != 0","printf \"SAMPLE %u FRAME %u\\n\", $samples, *(unsigned char *)0x0000","x/32bx 0xa470","set $samples = $samples + 1","end","if $samples >= 1024","disable 5","else","continue","end"},original-location="*0x0ba9"}
*stopped
~"SAMPLE 10 FRAME 92\n"
~"0xa470:\t0x01\t0x5a\t0x7c\t0x02\t0x10\t0x0c\t0x01\t0x02\n"
~"0xa478:\t0x01\t0x2d\t0x44\t0x02\t0x02\t0x04\t0x01\t0x00\n"
~"0xa480:\t0x01\t0x25\t0xe6\t0x02\t0x0a\t0x02\t0x01\t0x01\n"
~"0xa488:\t0x01\t0x37\t0x54\t0x02\t0x06\t0x06\t0x01\t0x00\n"
*running,thread-id="all"
=breakpoint-modified,bkpt={number="5",type="breakpoint",disp="keep",enabled="y",addr="0x00000ba9",thread-groups=["i1"],times="12",script={"silent","if *(unsigned char *)0x0061 != 0","printf \"SAMPLE %u FRAME %u\\n\", $samples, *(unsigned char *)0x0000","x/32bx 0xa470","set $samples = $samples + 1","end","if $samples >= 1024","disable 5","else","continue","end"},original-location="*0x0ba9"}
*stopped
~"SAMPLE 11 FRAME 96\n"
~"0xa470:\t0x01\t0x5b\t0xbc\t0x03\t0x10\t0x0c\t0x01\t0x02\n"
~"0xa478:\t0x01\t0x2c\t0x04\t0x03\t0x02\t0x04\t0x01\t0x00\n"
~"0xa480:\t0x01\t0x25\t0xe7\t0x03\t0x0a\t0x02\t0x01\t0x01\n"
~"0xa488:\t0x01\t0x36\t0x14\t0x03\t0x06\t0x06\t0x01\t0x00\n"
*running,thread-id="all"
=breakpoint-modified,bkpt={number="5",type="breakpoint",disp="keep",enabled="y",addr="0x00000ba9",thread-groups=["i1"],times="13",script={"silent","if *(unsigned char *)0x0061 != 0","printf \"SAMPLE %u FRAME %u\\n\", $samples, *(unsigned char *)0x0000","x/32bx 0xa470","set $samples = $samples + 1","end","if $samples >= 1024","disable 5","else","continue","end"},original-location="*0x0ba9"}
*stopped
~"SAMPLE 12 FRAME 100\n"
~"0xa470:\t0x01\t0x5c\t0xfc\t0x00\t0x10\t0x0d\t0x01\t0x02\n"
~"0xa478:\t0x01\t0x2a\t0xc4\t0x00\t0x02\t0x03\t0x01\t0x00\n"
~"0xa480:\t0x01\t0x25\t0xe8\t0x00\t0x0b\t0x02\t0x01\t0x01\n"
~"0xa488:\t0x01\t0x34\t0xd4\t0x00\t0x06\t0x05\t0x01\t0x00\n"
*running,thread-id="all"
=breakpoint-modified,bkpt={number="5",type="breakpoint",disp="keep",enabled="y",addr="0x00000ba9",thread-groups=["i1"],times="14",script={"silent","if *(unsigned char *)0x0061 != 0","printf \"SAMPLE %u FRAME %u\\n\", $samples, *(unsigned char *)0x0000","x/32bx 0xa470","set $samples = $samples + 1","end","if $samples >= 1024","disable 5","else","continue","end"},original-location="*0x0ba9"}
*stopped
~"SAMPLE 13 FRAME 104\n"
~"0xa470:\t0x01\t0x5e\t0x3c\t0x01\t0x10\t0x0d\t0x01\t0x02\n"
~"0xa478:\t0x01\t0x29\t0x84\t0x01\t0x02\t0x03\t0x01\t0x00\n"
~"0xa480:\t0x01\t0x25\t0xe9\t0x01\t0x0b\t0x02\t0x01\t0x01\n"
~"0xa488:\t0x01\t0x33\t0x94\t0x01\t0x06\t0x05\t0x01\t0x00\n"
*running,thread-id="all"
=breakpoint-modified,bkpt={number="5",type="breakpoint",disp="keep",enabled="y",addr="0x00000ba9",thread-groups=["i1"],times="15",script={"silent","if *(unsigned char *)0x0061 != 0","printf \"SAMPLE %u FRAME %u\\n\", $samples, *(unsigned char *)0x0000","x/32bx 0xa470","set $samples = $samples + 1","end","if $samples >= 1024","disable 5","else","continue","end"},original-location="*0x0ba9"}
*stopped
~"SAMPLE 14 FRAME 108\n"
~"0xa470:\t0x01\t0x5f\t0x7c\t0x02\t0x10\t0x0d\t0x01\t0x02\n"
~"0xa478:\t0x01\t0x28\t0x44\t0x02\t0x02\t0x03\t0x01\t0x00\n"
~"0xa480:\t0x01\t0x25\t0xea\t0x02\t0x0b\t0x02\t0x01\t0x01\n"
~"0xa488:\t0x01\t0x32\t0x54\t0x02\t0x06\t0x05\t0x01\t0x00\n"
*running,thread-id="all"
=breakpoint-modified,bkpt={number="5",type="breakpoint",disp="keep",enabled="y",addr="0x00000ba9",thread-groups=["i1"],times="16",script={"silent","if *(unsigned char *)0x0061 != 0","printf \"SAMPLE %u FRAME %u\\n\", $samples, *(unsigned char *)0x0000","x/32bx 0xa470","set $samples = $samples + 1","end","if $samples >= 1024","disable 5","else","continue","end"},original-location="*0x0ba9"}
*stopped
~"SAMPLE 15 FRAME 112\n"
~"0xa470:\t0x01\t0x60\t0xbc\t0x03\t0x10\t0x0d\t0x01\t0x02\n"
~"0xa478:\t0x01\t0x27\t0x04\t0x03\t0x02\t0x03\t0x01\t0x00\n"
~"0xa480:\t0x01\t0x25\t0xeb\t0x03\t0x0b\t0x02\t0x01\t0x01\n"
~"0xa488:\t0x01\t0x31\t0x14\t0x03\t0x06\t0x05\t0x01\t0x00\n"
*running,thread-id="all"
=breakpoint-modified,bkpt={number="5",type="breakpoint",disp="keep",enabled="y",addr="0x00000ba9",thread-groups=["i1"],times="17",script={"silent","if *(unsigned char *)0x0061 != 0","printf \"SAMPLE %u FRAME %u\\n\", $samples, *(unsigned char *)0x0000","x/32bx 0xa470","set $samples = $samples + 1","end","if $samples >= 1024","disable 5","else","continue","end"},original-location="*0x0ba9"}
*stopped
~"SAMPLE 16 FRAME 118\n"
~"0xa470:\t0x01\t0x61\t0xfc\t0x00\t0x10\t0x0e\t0x01\t0x02\n"
~"0xa478:\t0x01\t0x25\t0xc4\t0x00\t0x02\t0x02\t0x01\t0x01\n"
~"0xa480:\t0x01\t0x25\t0xec\t0x00\t0x0c\t0x02\t0x01\t0x01\n"
~"0xa488:\t0x01\t0x2f\t0xd4\t0x00\t0x06\t0x04\t0x01\t0x03\n"
*running,thread-id="all"
=breakpoint-modified,bkpt={number="5",type="breakpoint",disp="keep",enabled="y",addr="0x00000ba9",thread-groups=["i1"],times="18",script={"silent","if *(unsigned char *)0x0061 != 0","printf \"SAMPLE %u FRAME %u\\n\", $samples, *(unsigned char *)0x0000","x/32bx 0xa470","set $samples = $samples + 1","end","if $samples >= 1024","disable 5","else","continue","end"},original-location="*0x0ba9"}
*stopped
~"SAMPLE 17 FRAME 122\n"
~"0xa470:\t0x01\t0x63\t0x3c\t0x01\t0x10\t0x0e\t0x01\t0x02\n"
~"0xa478:\t0x01\t0x25\t0xc5\t0x01\t0x02\t0x02\t0x01\t0x01\n"
~"0xa480:\t0x01\t0x25\t0xed\t0x01\t0x0c\t0x02\t0x01\t0x01\n"
~"0xa488:\t0x01\t0x2f\t0xd3\t0x01\t0x06\t0x04\t0x01\t0x03\n"
*running,thread-id="all"
=breakpoint-modified,bkpt={number="5",type="breakpoint",disp="keep",enabled="y",addr="0x00000ba9",thread-groups=["i1"],times="19",script={"silent","if *(unsigned char *)0x0061 != 0","printf \"SAMPLE %u FRAME %u\\n\", $samples, *(unsigned char *)0x0000","x/32bx 0xa470","set $samples = $samples + 1","end","if $samples >= 1024","disable 5","else","continue","end"},original-location="*0x0ba9"}
*stopped
~"SAMPLE 18 FRAME 126\n"
~"0xa470:\t0x01\t0x64\t0x7c\t0x02\t0x10\t0x0e\t0x01\t0x02\n"
~"0xa478:\t0x01\t0x25\t0xc6\t0x02\t0x02\t0x02\t0x01\t0x01\n"
~"0xa480:\t0x01\t0x25\t0xee\t0x02\t0x0c\t0x02\t0x01\t0x01\n"
~"0xa488:\t0x01\t0x2f\t0xd2\t0x02\t0x06\t0x04\t0x01\t0x03\n"
*running,thread-id="all"
=breakpoint-modified,bkpt={number="5",type="breakpoint",disp="keep",enabled="y",addr="0x00000ba9",thread-groups=["i1"],times="20",script={"silent","if *(unsigned char *)0x0061 != 0","printf \"SAMPLE %u FRAME %u\\n\", $samples, *(unsigned char *)0x0000","x/32bx 0xa470","set $samples = $samples + 1","end","if $samples >= 1024","disable 5","else","continue","end"},original-location="*0x0ba9"}
*stopped
~"SAMPLE 19 FRAME 130\n"
~"0xa470:\t0x01\t0x65\t0xbc\t0x03\t0x10\t0x0e\t0x01\t0x02\n"
~"0xa478:\t0x01\t0x25\t0xc7\t0x03\t0x02\t0x02\t0x01\t0x01\n"
~"0xa480:\t0x01\t0x25\t0xef\t0x03\t0x0c\t0x02\t0x01\t0x01\n"
~"0xa488:\t0x01\t0x2f\t0xd1\t0x03\t0x06\t0x04\t0x01\t0x03\n"
*running,thread-id="all"
=breakpoint-modified,bkpt={number="5",type="breakpoint",disp="keep",enabled="y",addr="0x00000ba9",thread-groups=["i1"],times="21",script={"silent","if *(unsigned char *)0x0061 != 0","printf \"SAMPLE %u FRAME %u\\n\", $samples, *(unsigned char *)0x0000","x/32bx 0xa470","set $samples = $samples + 1","end","if $samples >= 1024","disable 5","else","continue","end"},original-location="*0x0ba9"}
*stopped
~"SAMPLE 20 FRAME 134\n"
~"0xa470:\t0x01\t0x66\t0xfc\t0x00\t0x10\t0x0f\t0x01\t0x02\n"
~"0xa478:\t0x01\t0x25\t0xc8\t0x00\t0x03\t0x02\t0x01\t0x01\n"
~"0xa480:\t0x01\t0x25\t0xf0\t0x00\t0x0d\t0x02\t0x01\t0x01\n"
~"0xa488:\t0x01\t0x2f\t0xd0\t0x00\t0x05\t0x04\t0x01\t0x03\n"
*running,thread-id="all"
=breakpoint-modified,bkpt={number="5",type="breakpoint",disp="keep",enabled="y",addr="0x00000ba9",thread-groups=["i1"],times="22",script={"silent","if *(unsigned char *)0x0061 != 0","printf \"SAMPLE %u FRAME %u\\n\", $samples, *(unsigned char *)0x0000","x/32bx 0xa470","set $samples = $samples + 1","end","if $samples >= 1024","disable 5","else","continue","end"},original-location="*0x0ba9"}
*stopped
~"SAMPLE 21 FRAME 138\n"
~"0xa470:\t0x01\t0x68\t0x3c\t0x01\t0x10\t0x0f\t0x01\t0x02\n"
~"0xa478:\t0x01\t0x25\t0xc9\t0x01\t0x03\t0x02\t0x01\t0x01\n"
~"0xa480:\t0x01\t0x25\t0xf1\t0x01\t0x0d\t0x02\t0x01\t0x01\n"
~"0xa488:\t0x01\t0x2f\t0xcf\t0x01\t0x05\t0x04\t0x01\t0x03\n"
*running,thread-id="all"
=breakpoint-modified,bkpt={number="5",type="breakpoint",disp="keep",enabled="y",addr="0x00000ba9",thread-groups=["i1"],times="23",script={"silent","if *(unsigned char *)0x0061 != 0","printf \"SAMPLE %u FRAME %u\\n\", $samples, *(unsigned char *)0x0000","x/32bx 0xa470","set $samples = $samples + 1","end","if $samples >= 1024","disable 5","else","continue","end"},original-location="*0x0ba9"}
*stopped
~"SAMPLE 22 FRAME 142\n"
~"0xa470:\t0x01\t0x69\t0x7c\t0x02\t0x10\t0x0f\t0x01\t0x02\n"
~"0xa478:\t0x01\t0x25\t0xca\t0x02\t0x03\t0x02\t0x01\t0x01\n"
~"0xa480:\t0x01\t0x25\t0xf2\t0x02\t0x0d\t0x02\t0x01\t0x01\n"
~"0xa488:\t0x01\t0x2f\t0xce\t0x02\t0x05\t0x04\t0x01\t0x03\n"
*running,thread-id="all"
=breakpoint-modified,bkpt={number="5",type="breakpoint",disp="keep",enabled="y",addr="0x00000ba9",thread-groups=["i1"],times="24",script={"silent","if *(unsigned char *)0x0061 != 0","printf \"SAMPLE %u FRAME %u\\n\", $samples, *(unsigned char *)0x0000","x/32bx 0xa470","set $samples = $samples + 1","end","if $samples >= 1024","disable 5","else","continue","end"},original-location="*0x0ba9"}
*stopped
~"SAMPLE 23 FRAME 146\n"
~"0xa470:\t0x01\t0x6a\t0xbc\t0x03\t0x10\t0x0f\t0x01\t0x02\n"
~"0xa478:\t0x01\t0x25\t0xcb\t0x03\t0x03\t0x02\t0x01\t0x01\n"
~"0xa480:\t0x01\t0x25\t0xf3\t0x03\t0x0d\t0x02\t0x01\t0x01\n"
~"0xa488:\t0x01\t0x2f\t0xcd\t0x03\t0x05\t0x04\t0x01\t0x03\n"
*running,thread-id="all"
=breakpoint-modified,bkpt={number="5",type="breakpoint",disp="keep",enabled="y",addr="0x00000ba9",thread-groups=["i1"],times="25",script={"silent","if *(unsigned char *)0x0061 != 0","printf \"SAMPLE %u FRAME %u\\n\", $samples, *(unsigned char *)0x0000","x/32bx 0xa470","set $samples = $samples + 1","end","if $samples >= 1024","disable 5","else","continue","end"},original-location="*0x0ba9"}
*stopped
~"SAMPLE 24 FRAME 150\n"
~"0xa470:\t0x01\t0x6b\t0xfc\t0x00\t0x10\t0x10\t0x01\t0x02\n"
~"0xa478:\t0x01\t0x25\t0xcc\t0x00\t0x04\t0x02\t0x01\t0x01\n"
~"0xa480:\t0x01\t0x25\t0xf4\t0x00\t0x0e\t0x02\t0x01\t0x01\n"
~"0xa488:\t0x01\t0x2f\t0xcc\t0x00\t0x04\t0x04\t0x01\t0x01\n"
*running,thread-id="all"
=breakpoint-modified,bkpt={number="5",type="breakpoint",disp="keep",enabled="y",addr="0x00000ba9",thread-groups=["i1"],times="26",script={"silent","if *(unsigned char *)0x0061 != 0","printf \"SAMPLE %u FRAME %u\\n\", $samples, *(unsigned char *)0x0000","x/32bx 0xa470","set $samples = $samples + 1","end","if $samples >= 1024","disable 5","else","continue","end"},original-location="*0x0ba9"}
*stopped
~"SAMPLE 25 FRAME 154\n"
~"0xa470:\t0x01\t0x6d\t0x3c\t0x01\t0x10\t0x10\t0x01\t0x02\n"
~"0xa478:\t0x01\t0x25\t0xcd\t0x01\t0x04\t0x02\t0x01\t0x01\n"
~"0xa480:\t0x01\t0x25\t0xf5\t0x01\t0x0e\t0x02\t0x01\t0x01\n"
~"0xa488:\t0x01\t0x2f\t0xcd\t0x01\t0x04\t0x04\t0x01\t0x01\n"
*running,thread-id="all"
=breakpoint-modified,bkpt={number="5",type="breakpoint",disp="keep",enabled="y",addr="0x00000ba9",thread-groups=["i1"],times="27",script={"silent","if *(unsigned char *)0x0061 != 0","printf \"SAMPLE %u FRAME %u\\n\", $samples, *(unsigned char *)0x0000","x/32bx 0xa470","set $samples = $samples + 1","end","if $samples >= 1024","disable 5","else","continue","end"},original-location="*0x0ba9"}
*stopped
~"SAMPLE 26 FRAME 158\n"
~"0xa470:\t0x01\t0x6e\t0x7c\t0x02\t0x10\t0x10\t0x01\t0x02\n"
~"0xa478:\t0x01\t0x25\t0xce\t0x02\t0x04\t0x02\t0x01\t0x01\n"
~"0xa480:\t0x01\t0x25\t0xf6\t0x02\t0x0e\t0x02\t0x01\t0x01\n"
~"0xa488:\t0x01\t0x2f\t0xce\t0x02\t0x04\t0x04\t0x01\t0x01\n"
*running,thread-id="all"
=breakpoint-modified,bkpt={number="5",type="breakpoint",disp="keep",enabled="y",addr="0x00000ba9",thread-groups=["i1"],times="28",script={"silent","if *(unsigned char *)0x0061 != 0","printf \"SAMPLE %u FRAME %u\\n\", $samples, *(unsigned char *)0x0000","x/32bx 0xa470","set $samples = $samples + 1","end","if $samples >= 1024","disable 5","else","continue","end"},original-location="*0x0ba9"}
*stopped
~"SAMPLE 27 FRAME 162\n"
~"0xa470:\t0x01\t0x6f\t0xbc\t0x03\t0x10\t0x10\t0x01\t0x02\n"
~"0xa478:\t0x01\t0x25\t0xcf\t0x03\t0x04\t0x02\t0x01\t0x01\n"
~"0xa480:\t0x01\t0x25\t0xf7\t0x03\t0x0e\t0x02\t0x01\t0x01\n"
~"0xa488:\t0x01\t0x2f\t0xcf\t0x03\t0x04\t0x04\t0x01\t0x01\n"
*running,thread-id="all"
=breakpoint-modified,bkpt={number="5",type="breakpoint",disp="keep",enabled="y",addr="0x00000ba9",thread-groups=["i1"],times="29",script={"silent","if *(unsigned char *)0x0061 != 0","printf \"SAMPLE %u FRAME %u\\n\", $samples, *(unsigned char *)0x0000","x/32bx 0xa470","set $samples = $samples + 1","end","if $samples >= 1024","disable 5","else","continue","end"},original-location="*0x0ba9"}
*stopped
~"SAMPLE 28 FRAME 168\n"
~"0xa470:\t0x01\t0x70\t0xfc\t0x00\t0x10\t0x11\t0x01\t0x02\n"
~"0xa478:\t0x01\t0x25\t0xd0\t0x00\t0x05\t0x02\t0x01\t0x01\n"
~"0xa480:\t0x01\t0x25\t0xf8\t0x00\t0x0f\t0x02\t0x01\t0x01\n"
~"0xa488:\t0x01\t0x2f\t0xd0\t0x00\t0x05\t0x04\t0x01\t0x01\n"
*running,thread-id="all"
=breakpoint-modified,bkpt={number="5",type="breakpoint",disp="keep",enabled="y",addr="0x00000ba9",thread-groups=["i1"],times="30",script={"silent","if *(unsigned char *)0x0061 != 0","printf \"SAMPLE %u FRAME %u\\n\", $samples, *(unsigned char *)0x0000","x/32bx 0xa470","set $samples = $samples + 1","end","if $samples >= 1024","disable 5","else","continue","end"},original-location="*0x0ba9"}
*stopped
~"SAMPLE 29 FRAME 172\n"
~"0xa470:\t0x01\t0x72\t0x3c\t0x01\t0x10\t0x11\t0x01\t0x02\n"
~"0xa478:\t0x01\t0x25\t0xd1\t0x01\t0x05\t0x02\t0x01\t0x01\n"
~"0xa480:\t0x01\t0x25\t0xf9\t0x01\t0x0f\t0x02\t0x01\t0x01\n"
~"0xa488:\t0x01\t0x2f\t0xd1\t0x01\t0x05\t0x04\t0x01\t0x01\n"
*running,thread-id="all"
=breakpoint-modified,bkpt={number="5",type="breakpoint",disp="keep",enabled="y",addr="0x00000ba9",thread-groups=["i1"],times="31",script={"silent","if *(unsigned char *)0x0061 != 0","printf \"SAMPLE %u FRAME %u\\n\", $samples, *(unsigned char *)0x0000","x/32bx 0xa470","set $samples = $samples + 1","end","if $samples >= 1024","disable 5","else","continue","end"},original-location="*0x0ba9"}
*stopped
~"SAMPLE 30 FRAME 176\n"
~"0xa470:\t0x01\t0x73\t0x7c\t0x02\t0x10\t0x11\t0x01\t0x02\n"
~"0xa478:\t0x01\t0x25\t0xd2\t0x02\t0x05\t0x02\t0x01\t0x01\n"
~"0xa480:\t0x01\t0x25\t0xfa\t0x02\t0x0f\t0x02\t0x01\t0x01\n"
~"0xa488:\t0x01\t0x2f\t0xd2\t0x02\t0x05\t0x04\t0x01\t0x01\n"
*running,thread-id="all"
=breakpoint-modified,bkpt={number="5",type="breakpoint",disp="keep",enabled="y",addr="0x00000ba9",thread-groups=["i1"],times="32",script={"silent","if *(unsigned char *)0x0061 != 0","printf \"SAMPLE %u FRAME %u\\n\", $samples, *(unsigned char *)0x0000","x/32bx 0xa470","set $samples = $samples + 1","end","if $samples >= 1024","disable 5","else","continue","end"},original-location="*0x0ba9"}
*stopped
~"SAMPLE 31 FRAME 180\n"
~"0xa470:\t0x01\t0x74\t0xbc\t0x03\t0x10\t0x11\t0x01\t0x02\n"
~"0xa478:\t0x01\t0x25\t0xd3\t0x03\t0x05\t0x02\t0x01\t0x01\n"
~"0xa480:\t0x01\t0x25\t0xfb\t0x03\t0x0f\t0x02\t0x01\t0x01\n"
~"0xa488:\t0x01\t0x2f\t0xd3\t0x03\t0x05\t0x04\t0x01\t0x01\n"
*running,thread-id="all"
=breakpoint-modified,bkpt={number="5",type="breakpoint",disp="keep",enabled="y",addr="0x00000ba9",thread-groups=["i1"],times="33",script={"silent","if *(unsigned char *)0x0061 != 0","printf \"SAMPLE %u FRAME %u\\n\", $samples, *(unsigned char *)0x0000","x/32bx 0xa470","set $samples = $samples + 1","end","if $samples >= 1024","disable 5","else","continue","end"},original-location="*0x0ba9"}
*stopped
~"SAMPLE 32 FRAME 184\n"
~"0xa470:\t0x01\t0x75\t0xfc\t0x00\t0x10\t0x12\t0x01\t0x03\n"
~"0xa478:\t0x01\t0x25\t0xd4\t0x00\t0x06\t0x02\t0x01\t0x01\n"
~"0xa480:\t0x01\t0x25\t0xfc\t0x00\t0x10\t0x02\t0x01\t0x01\n"
~"0xa488:\t0x01\t0x2f\t0xd4\t0x00\t0x06\t0x04\t0x01\t0x02\n"
*running,thread-id="all"
=breakpoint-modified,bkpt={number="5",type="breakpoint",disp="keep",enabled="y",addr="0x00000ba9",thread-groups=["i1"],times="34",script={"silent","if *(unsigned char *)0x0061 != 0","printf \"SAMPLE %u FRAME %u\\n\", $samples, *(unsigned char *)0x0000","x/32bx 0xa470","set $samples = $samples + 1","end","if $samples >= 1024","disable 5","else","continue","end"},original-location="*0x0ba9"}
*stopped
~"SAMPLE 33 FRAME 188\n"
~"0xa470:\t0x01\t0x75\t0xfb\t0x01\t0x10\t0x12\t0x01\t0x03\n"
~"0xa478:\t0x01\t0x25\t0xd5\t0x01\t0x06\t0x02\t0x01\t0x01\n"
~"0xa480:\t0x01\t0x25\t0xfd\t0x01\t0x10\t0x02\t0x01\t0x01\n"
~"0xa488:\t0x01\t0x31\t0x14\t0x01\t0x06\t0x04\t0x01\t0x02\n"
*running,thread-id="all"
=breakpoint-modified,bkpt={number="5",type="breakpoint",disp="keep",enabled="y",addr="0x00000ba9",thread-groups=["i1"],times="35",script={"silent","if *(unsigned char *)0x0061 != 0","printf \"SAMPLE %u FRAME %u\\n\", $samples, *(unsigned char *)0x0000","x/32bx 0xa470","set $samples = $samples + 1","end","if $samples >= 1024","disable 5","else","continue","end"},original-location="*0x0ba9"}
*stopped
~"SAMPLE 34 FRAME 192\n"
~"0xa470:\t0x01\t0x75\t0xfa\t0x02\t0x10\t0x12\t0x01\t0x03\n"
~"0xa478:\t0x01\t0x25\t0xd6\t0x02\t0x06\t0x02\t0x01\t0x01\n"
~"0xa480:\t0x01\t0x25\t0xfe\t0x02\t0x10\t0x02\t0x01\t0x01\n"
~"0xa488:\t0x01\t0x32\t0x54\t0x02\t0x06\t0x04\t0x01\t0x02\n"
*running,thread-id="all"
=breakpoint-modified,bkpt={number="5",type="breakpoint",disp="keep",enabled="y",addr="0x00000ba9",thread-groups=["i1"],times="36",script={"silent","if *(unsigned char *)0x0061 != 0","printf \"SAMPLE %u FRAME %u\\n\", $samples, *(unsigned char *)0x0000","x/32bx 0xa470","set $samples = $samples + 1","end","if $samples >= 1024","disable 5","else","continue","end"},original-location="*0x0ba9"}
*stopped
~"SAMPLE 35 FRAME 196\n"
~"0xa470:\t0x01\t0x75\t0xf9\t0x03\t0x10\t0x12\t0x01\t0x03\n"
~"0xa478:\t0x01\t0x25\t0xd7\t0x03\t0x06\t0x02\t0x01\t0x01\n"
~"0xa480:\t0x01\t0x25\t0xff\t0x03\t0x10\t0x02\t0x01\t0x01\n"
~"0xa488:\t0x01\t0x33\t0x94\t0x03\t0x06\t0x04\t0x01\t0x02\n"
*running,thread-id="all"
=breakpoint-modified,bkpt={number="5",type="breakpoint",disp="keep",enabled="y",addr="0x00000ba9",thread-groups=["i1"],times="37",script={"silent","if *(unsigned char *)0x0061 != 0","printf \"SAMPLE %u FRAME %u\\n\", $samples, *(unsigned char *)0x0000","x/32bx 0xa470","set $samples = $samples + 1","end","if $samples >= 1024","disable 5","else","continue","end"},original-location="*0x0ba9"}
*stopped
~"SAMPLE 36 FRAME 200\n"
~"0xa470:\t0x01\t0x75\t0xf8\t0x00\t0x0f\t0x12\t0x01\t0x03\n"
~"0xa478:\t0x01\t0x25\t0xd8\t0x00\t0x07\t0x02\t0x01\t0x01\n"
~"0xa480:\t0x01\t0x26\t0x00\t0x00\t0x11\t0x02\t0x01\t0x01\n"
~"0xa488:\t0x01\t0x34\t0xd4\t0x00\t0x06\t0x05\t0x01\t0x02\n"
*running,thread-id="all"
=breakpoint-modified,bkpt={number="5",type="breakpoint",disp="keep",enabled="y",addr="0x00000ba9",thread-groups=["i1"],times="38",script={"silent","if *(unsigned char *)0x0061 != 0","printf \"SAMPLE %u FRAME %u\\n\", $samples, *(unsigned char *)0x0000","x/32bx 0xa470","set $samples = $samples + 1","end","if $samples >= 1024","disable 5","else","continue","end"},original-location="*0x0ba9"}
*stopped
~"SAMPLE 37 FRAME 204\n"
~"0xa470:\t0x01\t0x75\t0xf7\t0x01\t0x0f\t0x12\t0x01\t0x03\n"
~"0xa478:\t0x01\t0x25\t0xd9\t0x01\t0x07\t0x02\t0x01\t0x01\n"
~"0xa480:\t0x01\t0x26\t0x01\t0x01\t0x11\t0x02\t0x01\t0x01\n"
~"0xa488:\t0x01\t0x36\t0x14\t0x01\t0x06\t0x05\t0x01\t0x02\n"
*running,thread-id="all"
=breakpoint-modified,bkpt={number="5",type="breakpoint",disp="keep",enabled="y",addr="0x00000ba9",thread-groups=["i1"],times="39",script={"silent","if *(unsigned char *)0x0061 != 0","printf \"SAMPLE %u FRAME %u\\n\", $samples, *(unsigned char *)0x0000","x/32bx 0xa470","set $samples = $samples + 1","end","if $samples >= 1024","disable 5","else","continue","end"},original-location="*0x0ba9"}
*stopped
~"SAMPLE 38 FRAME 208\n"
~"0xa470:\t0x01\t0x75\t0xf6\t0x02\t0x0f\t0x12\t0x01\t0x03\n"
~"0xa478:\t0x01\t0x25\t0xda\t0x02\t0x07\t0x02\t0x01\t0x01\n"
~"0xa480:\t0x01\t0x26\t0x02\t0x02\t0x11\t0x02\t0x01\t0x01\n"
~"0xa488:\t0x01\t0x37\t0x54\t0x02\t0x06\t0x05\t0x01\t0x02\n"
*running,thread-id="all"
=breakpoint-modified,bkpt={number="5",type="breakpoint",disp="keep",enabled="y",addr="0x00000ba9",thread-groups=["i1"],times="40",script={"silent","if *(unsigned char *)0x0061 != 0","printf \"SAMPLE %u FRAME %u\\n\", $samples, *(unsigned char *)0x0000","x/32bx 0xa470","set $samples = $samples + 1","end","if $samples >= 1024","disable 5","else","continue","end"},original-location="*0x0ba9"}
*stopped
~"SAMPLE 39 FRAME 212\n"
~"0xa470:\t0x01\t0x75\t0xf5\t0x03\t0x0f\t0x12\t0x01\t0x03\n"
~"0xa478:\t0x01\t0x25\t0xdb\t0x03\t0x07\t0x02\t0x01\t0x01\n"
~"0xa480:\t0x01\t0x26\t0x03\t0x03\t0x11\t0x02\t0x01\t0x01\n"
~"0xa488:\t0x01\t0x38\t0x94\t0x03\t0x06\t0x05\t0x01\t0x02\n"
*running,thread-id="all"
=breakpoint-modified,bkpt={number="5",type="breakpoint",disp="keep",enabled="y",addr="0x00000ba9",thread-groups=["i1"],times="41",script={"silent","if *(unsigned char *)0x0061 != 0","printf \"SAMPLE %u FRAME %u\\n\", $samples, *(unsigned char *)0x0000","x/32bx 0xa470","set $samples = $samples + 1","end","if $samples >= 1024","disable 5","else","continue","end"},original-location="*0x0ba9"}
*stopped
~"SAMPLE 40 FRAME 218\n"
~"0xa470:\t0x01\t0x75\t0xf4\t0x00\t0x0e\t0x12\t0x01\t0x03\n"
~"0xa478:\t0x01\t0x25\t0xdc\t0x00\t0x08\t0x02\t0x01\t0x01\n"
~"0xa480:\t0x01\t0x26\t0x04\t0x00\t0x12\t0x02\t0x01\t0x01\n"
~"0xa488:\t0x01\t0x39\t0xd4\t0x00\t0x06\t0x06\t0x01\t0x03\n"
*running,thread-id="all"
=breakpoint-modified,bkpt={number="5",type="breakpoint",disp="keep",enabled="y",addr="0x00000ba9",thread-groups=["i1"],times="42",script={"silent","if *(unsigned char *)0x0061 != 0","printf \"SAMPLE %u FRAME %u\\n\", $samples, *(unsigned char *)0x0000","x/32bx 0xa470","set $samples = $samples + 1","end","if $samples >= 1024","disable 5","else","continue","end"},original-location="*0x0ba9"}
*stopped
~"SAMPLE 41 FRAME 222\n"
~"0xa470:\t0x01\t0x75\t0xf3\t0x01\t0x0e\t0x12\t0x01\t0x03\n"
~"0xa478:\t0x01\t0x25\t0xdd\t0x01\t0x08\t0x02\t0x01\t0x01\n"
~"0xa480:\t0x01\t0x26\t0x05\t0x01\t0x12\t0x02\t0x01\t0x01\n"
~"0xa488:\t0x01\t0x39\t0xd3\t0x01\t0x06\t0x06\t0x01\t0x03\n"
*running,thread-id="all"
=breakpoint-modified,bkpt={number="5",type="breakpoint",disp="keep",enabled="y",addr="0x00000ba9",thread-groups=["i1"],times="43",script={"silent","if *(unsigned char *)0x0061 != 0","printf \"SAMPLE %u FRAME %u\\n\", $samples, *(unsigned char *)0x0000","x/32bx 0xa470","set $samples = $samples + 1","end","if $samples >= 1024","disable 5","else","continue","end"},original-location="*0x0ba9"}
*stopped
~"SAMPLE 42 FRAME 226\n"
~"0xa470:\t0x01\t0x75\t0xf2\t0x02\t0x0e\t0x12\t0x01\t0x03\n"
~"0xa478:\t0x01\t0x25\t0xde\t0x02\t0x08\t0x02\t0x01\t0x01\n"
~"0xa480:\t0x01\t0x26\t0x06\t0x02\t0x12\t0x02\t0x01\t0x01\n"
~"0xa488:\t0x01\t0x39\t0xd2\t0x02\t0x06\t0x06\t0x01\t0x03\n"
*running,thread-id="all"
=breakpoint-modified,bkpt={number="5",type="breakpoint",disp="keep",enabled="y",addr="0x00000ba9",thread-groups=["i1"],times="44",script={"silent","if *(unsigned char *)0x0061 != 0","printf \"SAMPLE %u FRAME %u\\n\", $samples, *(unsigned char *)0x0000","x/32bx 0xa470","set $samples = $samples + 1","end","if $samples >= 1024","disable 5","else","continue","end"},original-location="*0x0ba9"}
*stopped
~"SAMPLE 43 FRAME 230\n"
~"0xa470:\t0x01\t0x75\t0xf1\t0x03\t0x0e\t0x12\t0x01\t0x03\n"
~"0xa478:\t0x01\t0x25\t0xdf\t0x03\t0x08\t0x02\t0x01\t0x01\n"
~"0xa480:\t0x01\t0x26\t0x07\t0x03\t0x12\t0x02\t0x01\t0x01\n"
~"0xa488:\t0x01\t0x39\t0xd1\t0x03\t0x06\t0x06\t0x01\t0x03\n"
*running,thread-id="all"
=breakpoint-modified,bkpt={number="5",type="breakpoint",disp="keep",enabled="y",addr="0x00000ba9",thread-groups=["i1"],times="45",script={"silent","if *(unsigned char *)0x0061 != 0","printf \"SAMPLE %u FRAME %u\\n\", $samples, *(unsigned char *)0x0000","x/32bx 0xa470","set $samples = $samples + 1","end","if $samples >= 1024","disable 5","else","continue","end"},original-location="*0x0ba9"}
*stopped
~"SAMPLE 44 FRAME 234\n"
~"0xa470:\t0x01\t0x75\t0xf0\t0x00\t0x0d\t0x12\t0x01\t0x03\n"
~"0xa478:\t0x01\t0x25\t0xe0\t0x00\t0x09\t0x02\t0x01\t0x01\n"
~"0xa480:\t0x01\t0x26\t0x08\t0x00\t0x13\t0x02\t0x01\t0x01\n"
~"0xa488:\t0x01\t0x39\t0xd0\t0x00\t0x05\t0x06\t0x01\t0x03\n"
*running,thread-id="all"
=breakpoint-modified,bkpt={number="5",type="breakpoint",disp="keep",enabled="y",addr="0x00000ba9",thread-groups=["i1"],times="46",script={"silent","if *(unsigned char *)0x0061 != 0","printf \"SAMPLE %u FRAME %u\\n\", $samples, *(unsigned char *)0x0000","x/32bx 0xa470","set $samples = $samples + 1","end","if $samples >= 1024","disable 5","else","continue","end"},original-location="*0x0ba9"}
*stopped
~"SAMPLE 45 FRAME 238\n"
~"0xa470:\t0x01\t0x75\t0xef\t0x01\t0x0d\t0x12\t0x01\t0x03\n"
~"0xa478:\t0x01\t0x25\t0xe1\t0x01\t0x09\t0x02\t0x01\t0x01\n"
~"0xa480:\t0x01\t0x26\t0x09\t0x01\t0x13\t0x02\t0x01\t0x01\n"
~"0xa488:\t0x01\t0x39\t0xcf\t0x01\t0x05\t0x06\t0x01\t0x03\n"
*running,thread-id="all"
=breakpoint-modified,bkpt={number="5",type="breakpoint",disp="keep",enabled="y",addr="0x00000ba9",thread-groups=["i1"],times="47",script={"silent","if *(unsigned char *)0x0061 != 0","printf \"SAMPLE %u FRAME %u\\n\", $samples, *(unsigned char *)0x0000","x/32bx 0xa470","set $samples = $samples + 1","end","if $samples >= 1024","disable 5","else","continue","end"},original-location="*0x0ba9"}
*stopped
~"SAMPLE 46 FRAME 242\n"
~"0xa470:\t0x01\t0x75\t0xee\t0x02\t0x0d\t0x12\t0x01\t0x03\n"
~"0xa478:\t0x01\t0x25\t0xe2\t0x02\t0x09\t0x02\t0x01\t0x01\n"
~"0xa480:\t0x01\t0x26\t0x0a\t0x02\t0x13\t0x02\t0x01\t0x01\n"
~"0xa488:\t0x01\t0x39\t0xce\t0x02\t0x05\t0x06\t0x01\t0x03\n"
*running,thread-id="all"
=breakpoint-modified,bkpt={number="5",type="breakpoint",disp="keep",enabled="y",addr="0x00000ba9",thread-groups=["i1"],times="48",script={"silent","if *(unsigned char *)0x0061 != 0","printf \"SAMPLE %u FRAME %u\\n\", $samples, *(unsigned char *)0x0000","x/32bx 0xa470","set $samples = $samples + 1","end","if $samples >= 1024","disable 5","else","continue","end"},original-location="*0x0ba9"}
*stopped
~"SAMPLE 47 FRAME 246\n"
~"0xa470:\t0x01\t0x75\t0xed\t0x03\t0x0d\t0x12\t0x01\t0x03\n"
~"0xa478:\t0x01\t0x25\t0xe3\t0x03\t0x09\t0x02\t0x01\t0x01\n"
~"0xa480:\t0x01\t0x26\t0x0b\t0x03\t0x13\t0x02\t0x01\t0x01\n"
~"0xa488:\t0x01\t0x39\t0xcd\t0x03\t0x05\t0x06\t0x01\t0x03\n"
*running,thread-id="all"
=breakpoint-modified,bkpt={number="5",type="breakpoint",disp="keep",enabled="y",addr="0x00000ba9",thread-groups=["i1"],times="49",script={"silent","if *(unsigned char *)0x0061 != 0","printf \"SAMPLE %u FRAME %u\\n\", $samples, *(unsigned char *)0x0000","x/32bx 0xa470","set $samples = $samples + 1","end","if $samples >= 1024","disable 5","else","continue","end"},original-location="*0x0ba9"}
*stopped
~"SAMPLE 48 FRAME 250\n"
~"0xa470:\t0x01\t0x75\t0xec\t0x00\t0x0c\t0x12\t0x01\t0x02\n"
~"0xa478:\t0x01\t0x25\t0xe4\t0x00\t0x0a\t0x02\t0x01\t0x01\n"
~"0xa480:\t0x01\t0x26\t0x0c\t0x00\t0x14\t0x02\t0x01\t0x01\n"
~"0xa488:\t0x01\t0x39\t0xcc\t0x00\t0x04\t0x06\t0x01\t0x02\n"
*running,thread-id="all"
=breakpoint-modified,bkpt={number="5",type="breakpoint",disp="keep",enabled="y",addr="0x00000ba9",thread-groups=["i1"],times="50",script={"silent","if *(unsigned char *)0x0061 != 0","printf \"SAMPLE %u FRAME %u\\n\", $samples, *(unsigned char *)0x0000","x/32bx 0xa470","set $samples = $samples + 1","end","if $samples >= 1024","disable 5","else","continue","end"},original-location="*0x0ba9"}
*stopped
~"SAMPLE 49 FRAME 254\n"
~"0xa470:\t0x01\t0x77\t0x2c\t0x01\t0x0c\t0x12\t0x01\t0x02\n"
~"0xa478:\t0x01\t0x25\t0xe5\t0x01\t0x0a\t0x02\t0x01\t0x01\n"
~"0xa480:\t0x01\t0x26\t0x0d\t0x01\t0x14\t0x02\t0x01\t0x01\n"
~"0xa488:\t0x01\t0x3b\t0x0c\t0x01\t0x04\t0x06\t0x01\t0x02\n"
*running,thread-id="all"
=breakpoint-modified,bkpt={number="5",type="breakpoint",disp="keep",enabled="y",addr="0x00000ba9",thread-groups=["i1"],times="51",script={"silent","if *(unsigned char *)0x0061 != 0","printf \"SAMPLE %u FRAME %u\\n\", $samples, *(unsigned char *)0x0000","x/32bx 0xa470","set $samples = $samples + 1","end","if $samples >= 1024","disable 5","else","continue","end"},original-location="*0x0ba9"}
*stopped
~"SAMPLE 50 FRAME 2\n"
~"0xa470:\t0x01\t0x78\t0x6c\t0x02\t0x0c\t0x12\t0x01\t0x02\n"
~"0xa478:\t0x01\t0x25\t0xe6\t0x02\t0x0a\t0x02\t0x01\t0x01\n"
~"0xa480:\t0x01\t0x26\t0x0e\t0x02\t0x14\t0x02\t0x01\t0x01\n"
~"0xa488:\t0x01\t0x3c\t0x4c\t0x02\t0x04\t0x06\t0x01\t0x02\n"
*running,thread-id="all"
=breakpoint-modified,bkpt={number="5",type="breakpoint",disp="keep",enabled="y",addr="0x00000ba9",thread-groups=["i1"],times="52",script={"silent","if *(unsigned char *)0x0061 != 0","printf \"SAMPLE %u FRAME %u\\n\", $samples, *(unsigned char *)0x0000","x/32bx 0xa470","set $samples = $samples + 1","end","if $samples >= 1024","disable 5","else","continue","end"},original-location="*0x0ba9"}
*stopped
~"SAMPLE 51 FRAME 6\n"
~"0xa470:\t0x01\t0x79\t0xac\t0x03\t0x0c\t0x12\t0x01\t0x02\n"
~"0xa478:\t0x01\t0x25\t0xe7\t0x03\t0x0a\t0x02\t0x01\t0x01\n"
~"0xa480:\t0x01\t0x26\t0x0f\t0x03\t0x14\t0x02\t0x01\t0x01\n"
~"0xa488:\t0x01\t0x3d\t0x8c\t0x03\t0x04\t0x06\t0x01\t0x02\n"
*running,thread-id="all"
=breakpoint-modified,bkpt={number="5",type="breakpoint",disp="keep",enabled="y",addr="0x00000ba9",thread-groups=["i1"],times="53",script={"silent","if *(unsigned char *)0x0061 != 0","printf \"SAMPLE %u FRAME %u\\n\", $samples, *(unsigned char *)0x0000","x/32bx 0xa470","set $samples = $samples + 1","end","if $samples >= 1024","disable 5","else","continue","end"},original-location="*0x0ba9"}
*stopped
~"SAMPLE 52 FRAME 12\n"
~"0xa470:\t0x01\t0x7a\t0xec\t0x00\t0x0c\t0x13\t0x01\t0x02\n"
~"0xa478:\t0x01\t0x25\t0xe8\t0x00\t0x0b\t0x02\t0x01\t0x01\n"
~"0xa480:\t0x01\t0x26\t0x10\t0x00\t0x15\t0x02\t0x01\t0x01\n"
~"0xa488:\t0x01\t0x3e\t0xcc\t0x00\t0x04\t0x07\t0x01\t0x02\n"
*running,thread-id="all"
=breakpoint-modified,bkpt={number="5",type="breakpoint",disp="keep",enabled="y",addr="0x00000ba9",thread-groups=["i1"],times="54",script={"silent","if *(unsigned char *)0x0061 != 0","printf \"SAMPLE %u FRAME %u\\n\", $samples, *(unsigned char *)0x0000","x/32bx 0xa470","set $samples = $samples + 1","end","if $samples >= 1024","disable 5","else","continue","end"},original-location="*0x0ba9"}
*stopped
~"SAMPLE 53 FRAME 16\n"
~"0xa470:\t0x01\t0x7c\t0x2c\t0x01\t0x0c\t0x13\t0x01\t0x02\n"
~"0xa478:\t0x01\t0x25\t0xe9\t0x01\t0x0b\t0x02\t0x01\t0x01\n"
~"0xa480:\t0x01\t0x26\t0x11\t0x01\t0x15\t0x02\t0x01\t0x01\n"
~"0xa488:\t0x01\t0x40\t0x0c\t0x01\t0x04\t0x07\t0x01\t0x02\n"
*running,thread-id="all"
=breakpoint-modified,bkpt={number="5",type="breakpoint",disp="keep",enabled="y",addr="0x00000ba9",thread-groups=["i1"],times="55",script={"silent","if *(unsigned char *)0x0061 != 0","printf \"SAMPLE %u FRAME %u\\n\", $samples, *(unsigned char *)0x0000","x/32bx 0xa470","set $samples = $samples + 1","end","if $samples >= 1024","disable 5","else","continue","end"},original-location="*0x0ba9"}
*stopped
~"SAMPLE 54 FRAME 20\n"
~"0xa470:\t0x01\t0x7d\t0x6c\t0x02\t0x0c\t0x13\t0x01\t0x02\n"
~"0xa478:\t0x01\t0x25\t0xea\t0x02\t0x0b\t0x02\t0x01\t0x01\n"
~"0xa480:\t0x01\t0x26\t0x12\t0x02\t0x15\t0x02\t0x01\t0x01\n"
~"0xa488:\t0x01\t0x41\t0x4c\t0x02\t0x04\t0x07\t0x01\t0x02\n"
*running,thread-id="all"
=breakpoint-modified,bkpt={number="5",type="breakpoint",disp="keep",enabled="y",addr="0x00000ba9",thread-groups=["i1"],times="56",script={"silent","if *(unsigned char *)0x0061 != 0","printf \"SAMPLE %u FRAME %u\\n\", $samples, *(unsigned char *)0x0000","x/32bx 0xa470","set $samples = $samples + 1","end","if $samples >= 1024","disable 5","else","continue","end"},original-location="*0x0ba9"}
*stopped
~"SAMPLE 55 FRAME 24\n"
~"0xa470:\t0x01\t0x7e\t0xac\t0x03\t0x0c\t0x13\t0x01\t0x02\n"
~"0xa478:\t0x01\t0x25\t0xeb\t0x03\t0x0b\t0x02\t0x01\t0x01\n"
~"0xa480:\t0x01\t0x26\t0x13\t0x03\t0x15\t0x02\t0x01\t0x01\n"
~"0xa488:\t0x01\t0x42\t0x8c\t0x03\t0x04\t0x07\t0x01\t0x02\n"
*running,thread-id="all"
=breakpoint-modified,bkpt={number="5",type="breakpoint",disp="keep",enabled="y",addr="0x00000ba9",thread-groups=["i1"],times="57",script={"silent","if *(unsigned char *)0x0061 != 0","printf \"SAMPLE %u FRAME %u\\n\", $samples, *(unsigned char *)0x0000","x/32bx 0xa470","set $samples = $samples + 1","end","if $samples >= 1024","disable 5","else","continue","end"},original-location="*0x0ba9"}
*stopped
~"SAMPLE 56 FRAME 28\n"
~"0xa470:\t0x01\t0x7f\t0xec\t0x00\t0x0c\t0x14\t0x01\t0x02\n"
~"0xa478:\t0x01\t0x25\t0xec\t0x00\t0x0c\t0x02\t0x01\t0x02\n"
~"0xa480:\t0x01\t0x26\t0x14\t0x00\t0x16\t0x02\t0x01\t0x02\n"
~"0xa488:\t0x01\t0x43\t0xcc\t0x00\t0x04\t0x08\t0x01\t0x00\n"
*running,thread-id="all"
=breakpoint-modified,bkpt={number="5",type="breakpoint",disp="keep",enabled="y",addr="0x00000ba9",thread-groups=["i1"],times="58",script={"silent","if *(unsigned char *)0x0061 != 0","printf \"SAMPLE %u FRAME %u\\n\", $samples, *(unsigned char *)0x0000","x/32bx 0xa470","set $samples = $samples + 1","end","if $samples >= 1024","disable 5","else","continue","end"},original-location="*0x0ba9"}
*stopped
~"SAMPLE 57 FRAME 32\n"
~"0xa470:\t0x01\t0x81\t0x2c\t0x01\t0x0c\t0x14\t0x01\t0x02\n"
~"0xa478:\t0x01\t0x27\t0x2c\t0x01\t0x0c\t0x02\t0x01\t0x02\n"
~"0xa480:\t0x01\t0x27\t0x54\t0x01\t0x16\t0x02\t0x01\t0x02\n"
~"0xa488:\t0x01\t0x42\t0x8c\t0x01\t0x04\t0x08\t0x01\t0x00\n"
*running,thread-id="all"
=breakpoint-modified,bkpt={number="5",type="breakpoint",disp="keep",enabled="y",addr="0x00000ba9",thread-groups=["i1"],times="59",script={"silent","if *(unsigned char *)0x0061 != 0","printf \"SAMPLE %u FRAME %u\\n\", $samples, *(unsigned char *)0x0000","x/32bx 0xa470","set $samples = $samples + 1","end","if $samples >= 1024","disable 5","else","continue","end"},original-location="*0x0ba9"}
*stopped
~"SAMPLE 58 FRAME 36\n"
~"0xa470:\t0x01\t0x82\t0x6c\t0x02\t0x0c\t0x14\t0x01\t0x02\n"
~"0xa478:\t0x01\t0x28\t0x6c\t0x02\t0x0c\t0x02\t0x01\t0x02\n"
~"0xa480:\t0x01\t0x28\t0x94\t0x02\t0x16\t0x02\t0x01\t0x02\n"
~"0xa488:\t0x01\t0x41\t0x4c\t0x02\t0x04\t0x08\t0x01\t0x00\n"
*running,thread-id="all"
=breakpoint-modified,bkpt={number="5",type="breakpoint",disp="keep",enabled="y",addr="0x00000ba9",thread-groups=["i1"],times="60",script={"silent","if *(unsigned char *)0x0061 != 0","printf \"SAMPLE %u FRAME %u\\n\", $samples, *(unsigned char *)0x0000","x/32bx 0xa470","set $samples = $samples + 1","end","if $samples >= 1024","disable 5","else","continue","end"},original-location="*0x0ba9"}
*stopped
~"SAMPLE 59 FRAME 40\n"
~"0xa470:\t0x01\t0x83\t0xac\t0x03\t0x0c\t0x14\t0x01\t0x02\n"
~"0xa478:\t0x01\t0x29\t0xac\t0x03\t0x0c\t0x02\t0x01\t0x02\n"
~"0xa480:\t0x01\t0x29\t0xd4\t0x03\t0x16\t0x02\t0x01\t0x02\n"
~"0xa488:\t0x01\t0x40\t0x0c\t0x03\t0x04\t0x08\t0x01\t0x00\n"
*running,thread-id="all"
=breakpoint-modified,bkpt={number="5",type="breakpoint",disp="keep",enabled="y",addr="0x00000ba9",thread-groups=["i1"],times="61",script={"silent","if *(unsigned char *)0x0061 != 0","printf \"SAMPLE %u FRAME %u\\n\", $samples, *(unsigned char *)0x0000","x/32bx 0xa470","set $samples = $samples + 1","end","if $samples >= 1024","disable 5","else","continue","end"},original-location="*0x0ba9"}
*stopped
~"SAMPLE 60 FRAME 44\n"
~"0xa470:\t0x01\t0x84\t0xec\t0x00\t0x0c\t0x15\t0x01\t0x02\n"
~"0xa478:\t0x01\t0x2a\t0xec\t0x00\t0x0c\t0x03\t0x01\t0x02\n"
~"0xa480:\t0x01\t0x2b\t0x14\t0x00\t0x16\t0x03\t0x01\t0x02\n"
~"0xa488:\t0x01\t0x3e\t0xcc\t0x00\t0x04\t0x07\t0x01\t0x00\n"
*running,thread-id="all"
=breakpoint-modified,bkpt={number="5",type="breakpoint",disp="keep",enabled="y",addr="0x00000ba9",thread-groups=["i1"],times="62",script={"silent","if *(unsigned char *)0x0061 != 0","printf \"SAMPLE %u FRAME %u\\n\", $samples, *(unsigned char *)0x0000","x/32bx 0xa470","set $samples = $samples + 1","end","if $samples >= 1024","disable 5","else","continue","end"},original-location="*0x0ba9"}
*stopped
~"SAMPLE 61 FRAME 48\n"
~"0xa470:\t0x01\t0x86\t0x2c\t0x01\t0x0c\t0x15\t0x01\t0x02\n"
~"0xa478:\t0x01\t0x2c\t0x2c\t0x01\t0x0c\t0x03\t0x01\t0x02\n"
~"0xa480:\t0x01\t0x2c\t0x54\t0x01\t0x16\t0x03\t0x01\t0x02\n"
~"0xa488:\t0x01\t0x3d\t0x8c\t0x01\t0x04\t0x07\t0x01\t0x00\n"
*running,thread-id="all"
=breakpoint-modified,bkpt={number="5",type="breakpoint",disp="keep",enabled="y",addr="0x00000ba9",thread-groups=["i1"],times="63",script={"silent","if *(unsigned char *)0x0061 != 0","printf \"SAMPLE %u FRAME %u\\n\", $samples, *(unsigned char *)0x0000","x/32bx 0xa470","set $samples = $samples + 1","end","if $samples >= 1024","disable 5","else","continue","end"},original-location="*0x0ba9"}
*stopped
~"SAMPLE 62 FRAME 52\n"
~"0xa470:\t0x01\t0x87\t0x6c\t0x02\t0x0c\t0x15\t0x01\t0x02\n"
~"0xa478:\t0x01\t0x2d\t0x6c\t0x02\t0x0c\t0x03\t0x01\t0x02\n"
~"0xa480:\t0x01\t0x2d\t0x94\t0x02\t0x16\t0x03\t0x01\t0x02\n"
~"0xa488:\t0x01\t0x3c\t0x4c\t0x02\t0x04\t0x07\t0x01\t0x00\n"
*running,thread-id="all"
=breakpoint-modified,bkpt={number="5",type="breakpoint",disp="keep",enabled="y",addr="0x00000ba9",thread-groups=["i1"],times="64",script={"silent","if *(unsigned char *)0x0061 != 0","printf \"SAMPLE %u FRAME %u\\n\", $samples, *(unsigned char *)0x0000","x/32bx 0xa470","set $samples = $samples + 1","end","if $samples >= 1024","disable 5","else","continue","end"},original-location="*0x0ba9"}
*stopped
~"SAMPLE 63 FRAME 56\n"
~"0xa470:\t0x01\t0x88\t0xac\t0x03\t0x0c\t0x15\t0x01\t0x02\n"
~"0xa478:\t0x01\t0x2e\t0xac\t0x03\t0x0c\t0x03\t0x01\t0x02\n"
~"0xa480:\t0x01\t0x2e\t0xd4\t0x03\t0x16\t0x03\t0x01\t0x02\n"
~"0xa488:\t0x01\t0x3b\t0x0c\t0x03\t0x04\t0x07\t0x01\t0x00\n"
*running,thread-id="all"
=breakpoint-modified,bkpt={number="5",type="breakpoint",disp="keep",enabled="y",addr="0x00000ba9",thread-groups=["i1"],times="65",script={"silent","if *(unsigned char *)0x0061 != 0","printf \"SAMPLE %u FRAME %u\\n\", $samples, *(unsigned char *)0x0000","x/32bx 0xa470","set $samples = $samples + 1","end","if $samples >= 1024","disable 5","else","continue","end"},original-location="*0x0ba9"}
*stopped
~"SAMPLE 64 FRAME 62\n"
~"0xa470:\t0x01\t0x89\t0xec\t0x00\t0x0c\t0x16\t0x01\t0x01\n"
~"0xa478:\t0x01\t0x2f\t0xec\t0x00\t0x0c\t0x04\t0x01\t0x02\n"
~"0xa480:\t0x01\t0x30\t0x14\t0x00\t0x16\t0x04\t0x01\t0x02\n"
~"0xa488:\t0x01\t0x39\t0xcc\t0x00\t0x04\t0x06\t0x01\t0x01\n"
*running,thread-id="all"
=breakpoint-modified,bkpt={number="5",type="breakpoint",disp="keep",enabled="y",addr="0x00000ba9",thread-groups=["i1"],times="66",script={"silent","if *(unsigned char *)0x0061 != 0","printf \"SAMPLE %u FRAME %u\\n\", $samples, *(unsigned char *)0x0000","x/32bx 0xa470","set $samples = $samples + 1","end","if $samples >= 1024","disable 5","else","continue","end"},original-location="*0x0ba9"}
*stopped
~"SAMPLE 65 FRAME 66\n"
~"0xa470:\t0x01\t0x89\t0xed\t0x01\t0x0c\t0x16\t0x01\t0x01\n"
~"0xa478:\t0x01\t0x31\t0x2c\t0x01\t0x0c\t0x04\t0x01\t0x02\n"
~"0xa480:\t0x01\t0x31\t0x54\t0x01\t0x16\t0x04\t0x01\t0x02\n"
~"0xa488:\t0x01\t0x39\t0xcd\t0x01\t0x04\t0x06\t0x01\t0x01\n"
*running,thread-id="all"
=breakpoint-modified,bkpt={number="5",type="breakpoint",disp="keep",enabled="y",addr="0x00000ba9",thread-groups=["i1"],times="67",script={"silent","if *(unsigned char *)0x0061 != 0","printf \"SAMPLE %u FRAME %u\\n\", $samples, *(unsigned char *)0x0000","x/32bx 0xa470","set $samples = $samples + 1","end","if $samples >= 1024","disable 5","else","continue","end"},original-location="*0x0ba9"}
*stopped
~"SAMPLE 66 FRAME 70\n"
~"0xa470:\t0x01\t0x89\t0xee\t0x02\t0x0c\t0x16\t0x01\t0x01\n"
~"0xa478:\t0x01\t0x32\t0x6c\t0x02\t0x0c\t0x04\t0x01\t0x02\n"
~"0xa480:\t0x01\t0x32\t0x94\t0x02\t0x16\t0x04\t0x01\t0x02\n"
~"0xa488:\t0x01\t0x39\t0xce\t0x02\t0x04\t0x06\t0x01\t0x01\n"
*running,thread-id="all"
=breakpoint-modified,bkpt={number="5",type="breakpoint",disp="keep",enabled="y",addr="0x00000ba9",thread-groups=["i1"],times="68",script={"silent","if *(unsigned char *)0x0061 != 0","printf \"SAMPLE %u FRAME %u\\n\", $samples, *(unsigned char *)0x0000","x/32bx 0xa470","set $samples = $samples + 1","end","if $samples >= 1024","disable 5","else","continue","end"},original-location="*0x0ba9"}
*stopped
~"SAMPLE 67 FRAME 74\n"
~"0xa470:\t0x01\t0x89\t0xef\t0x03\t0x0c\t0x16\t0x01\t0x01\n"
~"0xa478:\t0x01\t0x33\t0xac\t0x03\t0x0c\t0x04\t0x01\t0x02\n"
~"0xa480:\t0x01\t0x33\t0xd4\t0x03\t0x16\t0x04\t0x01\t0x02\n"
~"0xa488:\t0x01\t0x39\t0xcf\t0x03\t0x04\t0x06\t0x01\t0x01\n"
*running,thread-id="all"
=breakpoint-modified,bkpt={number="5",type="breakpoint",disp="keep",enabled="y",addr="0x00000ba9",thread-groups=["i1"],times="69",script={"silent","if *(unsigned char *)0x0061 != 0","printf \"SAMPLE %u FRAME %u\\n\", $samples, *(unsigned char *)0x0000","x/32bx 0xa470","set $samples = $samples + 1","end","if $samples >= 1024","disable 5","else","continue","end"},original-location="*0x0ba9"}
*stopped
~"SAMPLE 68 FRAME 78\n"
~"0xa470:\t0x01\t0x89\t0xf0\t0x00\t0x0d\t0x16\t0x01\t0x01\n"
~"0xa478:\t0x01\t0x34\t0xec\t0x00\t0x0c\t0x05\t0x01\t0x02\n"
~"0xa480:\t0x01\t0x35\t0x14\t0x00\t0x16\t0x05\t0x01\t0x02\n"
~"0xa488:\t0x01\t0x39\t0xd0\t0x00\t0x05\t0x06\t0x01\t0x01\n"
*running,thread-id="all"
=breakpoint-modified,bkpt={number="5",type="breakpoint",disp="keep",enabled="y",addr="0x00000ba9",thread-groups=["i1"],times="70",script={"silent","if *(unsigned char *)0x0061 != 0","printf \"SAMPLE %u FRAME %u\\n\", $samples, *(unsigned char *)0x0000","x/32bx 0xa470","set $samples = $samples + 1","end","if $samples >= 1024","disable 5","else","continue","end"},original-location="*0x0ba9"}
*stopped
~"SAMPLE 69 FRAME 82\n"
~"0xa470:\t0x01\t0x89\t0xf1\t0x01\t0x0d\t0x16\t0x01\t0x01\n"
~"0xa478:\t0x01\t0x36\t0x2c\t0x01\t0x0c\t0x05\t0x01\t0x02\n"
~"0xa480:\t0x01\t0x36\t0x54\t0x01\t0x16\t0x05\t0x01\t0x02\n"
~"0xa488:\t0x01\t0x39\t0xd1\t0x01\t0x05\t0x06\t0x01\t0x01\n"
*running,thread-id="all"
=breakpoint-modified,bkpt={number="5",type="breakpoint",disp="keep",enabled="y",addr="0x00000ba9",thread-groups=["i1"],times="71",script={"silent","if *(unsigned char *)0x0061 != 0","printf \"SAMPLE %u FRAME %u\\n\", $samples, *(unsigned char *)0x0000","x/32bx 0xa470","set $samples = $samples + 1","end","if $samples >= 1024","disable 5","else","continue","end"},original-location="*0x0ba9"}
*stopped
~"SAMPLE 70 FRAME 86\n"
~"0xa470:\t0x01\t0x89\t0xf2\t0x02\t0x0d\t0x16\t0x01\t0x01\n"
~"0xa478:\t0x01\t0x37\t0x6c\t0x02\t0x0c\t0x05\t0x01\t0x02\n"
~"0xa480:\t0x01\t0x37\t0x94\t0x02\t0x16\t0x05\t0x01\t0x02\n"
~"0xa488:\t0x01\t0x39\t0xd2\t0x02\t0x05\t0x06\t0x01\t0x01\n"
*running,thread-id="all"
=breakpoint-modified,bkpt={number="5",type="breakpoint",disp="keep",enabled="y",addr="0x00000ba9",thread-groups=["i1"],times="72",script={"silent","if *(unsigned char *)0x0061 != 0","printf \"SAMPLE %u FRAME %u\\n\", $samples, *(unsigned char *)0x0000","x/32bx 0xa470","set $samples = $samples + 1","end","if $samples >= 1024","disable 5","else","continue","end"},original-location="*0x0ba9"}
*stopped
~"SAMPLE 71 FRAME 90\n"
~"0xa470:\t0x01\t0x89\t0xf3\t0x03\t0x0d\t0x16\t0x01\t0x01\n"
~"0xa478:\t0x01\t0x38\t0xac\t0x03\t0x0c\t0x05\t0x01\t0x02\n"
~"0xa480:\t0x01\t0x38\t0xd4\t0x03\t0x16\t0x05\t0x01\t0x02\n"
~"0xa488:\t0x01\t0x39\t0xd3\t0x03\t0x05\t0x06\t0x01\t0x01\n"
*running,thread-id="all"
=breakpoint-modified,bkpt={number="5",type="breakpoint",disp="keep",enabled="y",addr="0x00000ba9",thread-groups=["i1"],times="73",script={"silent","if *(unsigned char *)0x0061 != 0","printf \"SAMPLE %u FRAME %u\\n\", $samples, *(unsigned char *)0x0000","x/32bx 0xa470","set $samples = $samples + 1","end","if $samples >= 1024","disable 5","else","continue","end"},original-location="*0x0ba9"}
*stopped
~"SAMPLE 72 FRAME 94\n"
~"0xa470:\t0x01\t0x89\t0xf4\t0x00\t0x0e\t0x16\t0x01\t0x00\n"
~"0xa478:\t0x01\t0x39\t0xec\t0x00\t0x0c\t0x06\t0x01\t0x03\n"
~"0xa480:\t0x01\t0x3a\t0x14\t0x00\t0x16\t0x06\t0x01\t0x02\n"
~"0xa488:\t0x01\t0x39\t0xd4\t0x00\t0x06\t0x06\t0x01\t0x01\n"
*running,thread-id="all"
=breakpoint-modified,bkpt={number="5",type="breakpoint",disp="keep",enabled="y",addr="0x00000ba9",thread-groups=["i1"],times="74",script={"silent","if *(unsigned char *)0x0061 != 0","printf \"SAMPLE %u FRAME %u\\n\", $samples, *(unsigned char *)0x0000","x/32bx 0xa470","set $samples = $samples + 1","end","if $samples >= 1024","disable 5","else","continue","end"},original-location="*0x0ba9"}
*stopped
~"SAMPLE 73 FRAME 98\n"
~"0xa470:\t0x01\t0x88\t0xb4\t0x01\t0x0e\t0x16\t0x01\t0x00\n"
~"0xa478:\t0x01\t0x39\t0xeb\t0x01\t0x0c\t0x06\t0x01\t0x03\n"
~"0xa480:\t0x01\t0x3b\t0x54\t0x01\t0x16\t0x06\t0x01\t0x02\n"
~"0xa488:\t0x01\t0x39\t0xd5\t0x01\t0x06\t0x06\t0x01\t0x01\n"
*running,thread-id="all"
=breakpoint-modified,bkpt={number="5",type="breakpoint",disp="keep",enabled="y",addr="0x00000ba9",thread-groups=["i1"],times="75",script={"silent","if *(unsigned char *)0x0061 != 0","printf \"SAMPLE %u FRAME %u\\n\", $samples, *(unsigned char *)0x0000","x/32bx 0xa470","set $samples = $samples + 1","end","if $samples >= 1024","disable 5","else","continue","end"},original-location="*0x0ba9"}
*stopped
~"SAMPLE 74 FRAME 102\n"
~"0xa470:\t0x01\t0x87\t0x74\t0x02\t0x0e\t0x16\t0x01\t0x00\n"
~"0xa478:\t0x01\t0x39\t0xea\t0x02\t0x0c\t0x06\t0x01\t0x03\n"
~"0xa480:\t0x01\t0x3c\t0x94\t0x02\t0x16\t0x06\t0x01\t0x02\n"
~"0xa488:\t0x01\t0x39\t0xd6\t0x02\t0x06\t0x06\t0x01\t0x01\n"
*running,thread-id="all"
=breakpoint-modified,bkpt={number="5",type="breakpoint",disp="keep",enabled="y",addr="0x00000ba9",thread-groups=["i1"],times="76",script={"silent","if *(unsigned char *)0x0061 != 0","printf \"SAMPLE %u FRAME %u\\n\", $samples, *(unsigned char *)0x0000","x/32bx 0xa470","set $samples = $samples + 1","end","if $samples >= 1024","disable 5","else","continue","end"},original-location="*0x0ba9"}
*stopped
~"SAMPLE 75 FRAME 106\n"
~"0xa470:\t0x01\t0x86\t0x34\t0x03\t0x0e\t0x16\t0x01\t0x00\n"
~"0xa478:\t0x01\t0x39\t0xe9\t0x03\t0x0c\t0x06\t0x01\t0x03\n"
~"0xa480:\t0x01\t0x3d\t0xd4\t0x03\t0x16\t0x06\t0x01\t0x02\n"
~"0xa488:\t0x01\t0x39\t0xd7\t0x03\t0x06\t0x06\t0x01\t0x01\n"
*running,thread-id="all"
=breakpoint-modified,bkpt={number="5",type="breakpoint",disp="keep",enabled="y",addr="0x00000ba9",thread-groups=["i1"],times="77",script={"silent","if *(unsigned char *)0x0061 != 0","printf \"SAMPLE %u FRAME %u\\n\", $samples, *(unsigned char *)0x0000","x/32bx 0xa470","set $samples = $samples + 1","end","if $samples >= 1024","disable 5","else","continue","end"},original-location="*0x0ba9"}
*stopped
~"SAMPLE 76 FRAME 112\n"
~"0xa470:\t0x01\t0x84\t0xf4\t0x00\t0x0e\t0x15\t0x01\t0x00\n"
~"0xa478:\t0x01\t0x39\t0xe8\t0x00\t0x0b\t0x06\t0x01\t0x03\n"
~"0xa480:\t0x01\t0x3f\t0x14\t0x00\t0x16\t0x07\t0x01\t0x02\n"
~"0xa488:\t0x01\t0x39\t0xd8\t0x00\t0x07\t0x06\t0x01\t0x01\n"
*running,thread-id="all"
=breakpoint-modified,bkpt={number="5",type="breakpoint",disp="keep",enabled="y",addr="0x00000ba9",thread-groups=["i1"],times="78",script={"silent","if *(unsigned char *)0x0061 != 0","printf \"SAMPLE %u FRAME %u\\n\", $samples, *(unsigned char *)0x0000","x/32bx 0xa470","set $samples = $samples + 1","end","if $samples >= 1024","disable 5","else","continue","end"},original-location="*0x0ba9"}
*stopped
~"SAMPLE 77 FRAME 116\n"
~"0xa470:\t0x01\t0x83\t0xb4\t0x01\t0x0e\t0x15\t0x01\t0x00\n"
~"0xa478:\t0x01\t0x39\t0xe7\t0x01\t0x0b\t0x06\t0x01\t0x03\n"
~"0xa480:\t0x01\t0x40\t0x54\t0x01\t0x16\t0x07\t0x01\t0x02\n"
~"0xa488:\t0x01\t0x39\t0xd9\t0x01\t0x07\t0x06\t0x01\t0x01\n"
*running,thread-id="all"
=breakpoint-modified,bkpt={number="5",type="breakpoint",disp="keep",enabled="y",addr="0x00000ba9",thread-groups=["i1"],times="79",script={"silent","if *(unsigned char *)0x0061 != 0","printf \"SAMPLE %u FRAME %u\\n\", $samples, *(unsigned char *)0x0000","x/32bx 0xa470","set $samples = $samples + 1","end","if $samples >= 1024","disable 5","else","continue","end"},original-location="*0x0ba9"}
*stopped
~"SAMPLE 78 FRAME 120\n"
~"0xa470:\t0x01\t0x82\t0x74\t0x02\t0x0e\t0x15\t0x01\t0x00\n"
~"0xa478:\t0x01\t0x39\t0xe6\t0x02\t0x0b\t0x06\t0x01\t0x03\n"
~"0xa480:\t0x01\t0x41\t0x94\t0x02\t0x16\t0x07\t0x01\t0x02\n"
~"0xa488:\t0x01\t0x39\t0xda\t0x02\t0x07\t0x06\t0x01\t0x01\n"
*running,thread-id="all"
=breakpoint-modified,bkpt={number="5",type="breakpoint",disp="keep",enabled="y",addr="0x00000ba9",thread-groups=["i1"],times="80",script={"silent","if *(unsigned char *)0x0061 != 0","printf \"SAMPLE %u FRAME %u\\n\", $samples, *(unsigned char *)0x0000","x/32bx 0xa470","set $samples = $samples + 1","end","if $samples >= 1024","disable 5","else","continue","end"},original-location="*0x0ba9"}
*stopped
~"SAMPLE 79 FRAME 124\n"
~"0xa470:\t0x01\t0x81\t0x34\t0x03\t0x0e\t0x15\t0x01\t0x00\n"
~"0xa478:\t0x01\t0x39\t0xe5\t0x03\t0x0b\t0x06\t0x01\t0x03\n"
~"0xa480:\t0x01\t0x42\t0xd4\t0x03\t0x16\t0x07\t0x01\t0x02\n"
~"0xa488:\t0x01\t0x39\t0xdb\t0x03\t0x07\t0x06\t0x01\t0x01\n"
*running,thread-id="all"
=breakpoint-modified,bkpt={number="5",type="breakpoint",disp="keep",enabled="y",addr="0x00000ba9",thread-groups=["i1"],times="81",script={"silent","if *(unsigned char *)0x0061 != 0","printf \"SAMPLE %u FRAME %u\\n\", $samples, *(unsigned char *)0x0000","x/32bx 0xa470","set $samples = $samples + 1","end","if $samples >= 1024","disable 5","else","continue","end"},original-location="*0x0ba9"}
*stopped
~"SAMPLE 80 FRAME 128\n"
~"0xa470:\t0x01\t0x7f\t0xf4\t0x00\t0x0e\t0x14\t0x01\t0x01\n"
~"0xa478:\t0x01\t0x39\t0xe4\t0x00\t0x0a\t0x06\t0x01\t0x00\n"
~"0xa480:\t0x01\t0x44\t0x14\t0x00\t0x16\t0x08\t0x01\t0x02\n"
~"0xa488:\t0x01\t0x39\t0xdc\t0x00\t0x08\t0x06\t0x01\t0x00\n"
*running,thread-id="all"
=breakpoint-modified,bkpt={number="5",type="breakpoint",disp="keep",enabled="y",addr="0x00000ba9",thread-groups=["i1"],times="82",script={"silent","if *(unsigned char *)0x0061 != 0","printf \"SAMPLE %u FRAME %u\\n\", $samples, *(unsigned char *)0x0000","x/32bx 0xa470","set $samples = $samples + 1","end","if $samples >= 1024","disable 5","else","continue","end"},original-location="*0x0ba9"}
*stopped
~"SAMPLE 81 FRAME 132\n"
~"0xa470:\t0x01\t0x7f\t0xf5\t0x01\t0x0e\t0x14\t0x01\t0x01\n"
~"0xa478:\t0x01\t0x38\t0xa4\t0x01\t0x0a\t0x06\t0x01\t0x00\n"
~"0xa480:\t0x01\t0x45\t0x54\t0x01\t0x16\t0x08\t0x01\t0x02\n"
~"0xa488:\t0x01\t0x38\t0x9c\t0x01\t0x08\t0x06\t0x01\t0x00\n"
*running,thread-id="all"
=breakpoint-modified,bkpt={number="5",type="breakpoint",disp="keep",enabled="y",addr="0x00000ba9",thread-groups=["i1"],times="83",script={"silent","if *(unsigned char *)0x0061 != 0","printf \"SAMPLE %u FRAME %u\\n\", $samples, *(unsigned char *)0x0000","x/32bx 0xa470","set $samples = $samples + 1","end","if $samples >= 1024","disable 5","else","continue","end"},original-location="*0x0ba9"}
*stopped
~"SAMPLE 82 FRAME 136\n"
~"0xa470:\t0x01\t0x7f\t0xf6\t0x02\t0x0e\t0x14\t0x01\t0x01\n"
~"0xa478:\t0x01\t0x37\t0x64\t0x02\t0x0a\t0x06\t0x01\t0x00\n"
~"0xa480:\t0x01\t0x46\t0x94\t0x02\t0x16\t0x08\t0x01\t0x02\n"
~"0xa488:\t0x01\t0x37\t0x5c\t0x02\t0x08\t0x06\t0x01\t0x00\n"
*running,thread-id="all"
=breakpoint-modified,bkpt={number="5",type="breakpoint",disp="keep",enabled="y",addr="0x00000ba9",thread-groups=["i1"],times="84",script={"silent","if *(unsigned char *)0x0061 != 0","printf \"SAMPLE %u FRAME %u\\n\", $samples, *(unsigned char *)0x0000","x/32bx 0xa470","set $samples = $samples + 1","end","if $samples >= 1024","disable 5","else","continue","end"},original-location="*0x0ba9"}
*stopped
~"SAMPLE 83 FRAME 140\n"
~"0xa470:\t0x01\t0x7f\t0xf7\t0x03\t0x0e\t0x14\t0x01\t0x01\n"
~"0xa478:\t0x01\t0x36\t0x24\t0x03\t0x0a\t0x06\t0x01\t0x00\n"
~"0xa480:\t0x01\t0x47\t0xd4\t0x03\t0x16\t0x08\t0x01\t0x02\n"
~"0xa488:\t0x01\t0x36\t0x1c\t0x03\t0x08\t0x06\t0x01\t0x00\n"
*running,thread-id="all"
=breakpoint-modified,bkpt={number="5",type="breakpoint",disp="keep",enabled="y",addr="0x00000ba9",thread-groups=["i1"],times="85",script={"silent","if *(unsigned char *)0x0061 != 0","printf \"SAMPLE %u FRAME %u\\n\", $samples, *(unsigned char *)0x0000","x/32bx 0xa470","set $samples = $samples + 1","end","if $samples >= 1024","disable 5","else","continue","end"},original-location="*0x0ba9"}
*stopped
~"SAMPLE 84 FRAME 144\n"
~"0xa470:\t0x01\t0x7f\t0xf8\t0x00\t0x0f\t0x14\t0x01\t0x01\n"
~"0xa478:\t0x01\t0x34\t0xe4\t0x00\t0x0a\t0x05\t0x01\t0x00\n"
~"0xa480:\t0x01\t0x49\t0x14\t0x00\t0x16\t0x09\t0x01\t0x02\n"
~"0xa488:\t0x01\t0x34\t0xdc\t0x00\t0x08\t0x05\t0x01\t0x00\n"
*running,thread-id="all"
=breakpoint-modified,bkpt={number="5",type="breakpoint",disp="keep",enabled="y",addr="0x00000ba9",thread-groups=["i1"],times="86",script={"silent","if *(unsigned char *)0x0061 != 0","printf \"SAMPLE %u FRAME %u\\n\", $samples, *(unsigned char *)0x0000","x/32bx 0xa470","set $samples = $samples + 1","end","if $samples >= 1024","disable 5","else","continue","end"},original-location="*0x0ba9"}
*stopped
~"SAMPLE 85 FRAME 148\n"
~"0xa470:\t0x01\t0x7f\t0xf9\t0x01\t0x0f\t0x14\t0x01\t0x01\n"
~"0xa478:\t0x01\t0x33\t0xa4\t0x01\t0x0a\t0x05\t0x01\t0x00\n"
~"0xa480:\t0x01\t0x4a\t0x54\t0x01\t0x16\t0x09\t0x01\t0x02\n"
~"0xa488:\t0x01\t0x33\t0x9c\t0x01\t0x08\t0x05\t0x01\t0x00\n"
*running,thread-id="all"
=breakpoint-modified,bkpt={number="5",type="breakpoint",disp="keep",enabled="y",addr="0x00000ba9",thread-groups=["i1"],times="87",script={"silent","if *(unsigned char *)0x0061 != 0","printf \"SAMPLE %u FRAME %u\\n\", $samples, *(unsigned char *)0x0000","x/32bx 0xa470","set $samples = $samples + 1","end","if $samples >= 1024","disable 5","else","continue","end"},original-location="*0x0ba9"}
*stopped
~"SAMPLE 86 FRAME 152\n"
~"0xa470:\t0x01\t0x7f\t0xfa\t0x02\t0x0f\t0x14\t0x01\t0x01\n"
~"0xa478:\t0x01\t0x32\t0x64\t0x02\t0x0a\t0x05\t0x01\t0x00\n"
~"0xa480:\t0x01\t0x4b\t0x94\t0x02\t0x16\t0x09\t0x01\t0x02\n"
~"0xa488:\t0x01\t0x32\t0x5c\t0x02\t0x08\t0x05\t0x01\t0x00\n"
*running,thread-id="all"
=breakpoint-modified,bkpt={number="5",type="breakpoint",disp="keep",enabled="y",addr="0x00000ba9",thread-groups=["i1"],times="88",script={"silent","if *(unsigned char *)0x0061 != 0","printf \"SAMPLE %u FRAME %u\\n\", $samples, *(unsigned char *)0x0000","x/32bx 0xa470","set $samples = $samples + 1","end","if $samples >= 1024","disable 5","else","continue","end"},original-location="*0x0ba9"}
*stopped
~"SAMPLE 87 FRAME 156\n"
~"0xa470:\t0x01\t0x7f\t0xfb\t0x03\t0x0f\t0x14\t0x01\t0x01\n"
~"0xa478:\t0x01\t0x31\t0x24\t0x03\t0x0a\t0x05\t0x01\t0x00\n"
~"0xa480:\t0x01\t0x4c\t0xd4\t0x03\t0x16\t0x09\t0x01\t0x02\n"
~"0xa488:\t0x01\t0x31\t0x1c\t0x03\t0x08\t0x05\t0x01\t0x00\n"
*running,thread-id="all"
=breakpoint-modified,bkpt={number="5",type="breakpoint",disp="keep",enabled="y",addr="0x00000ba9",thread-groups=["i1"],times="89",script={"silent","if *(unsigned char *)0x0061 != 0","printf \"SAMPLE %u FRAME %u\\n\", $samples, *(unsigned char *)0x0000","x/32bx 0xa470","set $samples = $samples + 1","end","if $samples >= 1024","disable 5","else","continue","end"},original-location="*0x0ba9"}
*stopped
~"SAMPLE 88 FRAME 162\n"
~"0xa470:\t0x01\t0x7f\t0xfc\t0x00\t0x10\t0x14\t0x01\t0x01\n"
~"0xa478:\t0x01\t0x2f\t0xe4\t0x00\t0x0a\t0x04\t0x01\t0x02\n"
~"0xa480:\t0x01\t0x4e\t0x14\t0x00\t0x16\t0x0a\t0x01\t0x02\n"
~"0xa488:\t0x01\t0x2f\t0xdc\t0x00\t0x08\t0x04\t0x01\t0x00\n"
*running,thread-id="all"
=breakpoint-modified,bkpt={number="5",type="breakpoint",disp="keep",enabled="y",addr="0x00000ba9",thread-groups=["i1"],times="90",script={"silent","if *(unsigned char *)0x0061 != 0","printf \"SAMPLE %u FRAME %u\\n\", $samples, *(unsigned char *)0x0000","x/32bx 0xa470","set $samples = $samples + 1","end","if $samples >= 1024","disable 5","else","continue","end"},original-location="*0x0ba9"}
*stopped
~"SAMPLE 89 FRAME 166\n"
~"0xa470:\t0x01\t0x7f\t0xfd\t0x01\t0x10\t0x14\t0x01\t0x01\n"
~"0xa478:\t0x01\t0x31\t0x24\t0x01\t0x0a\t0x04\t0x01\t0x02\n"
~"0xa480:\t0x01\t0x4f\t0x54\t0x01\t0x16\t0x0a\t0x01\t0x02\n"
~"0xa488:\t0x01\t0x2e\t0x9c\t0x01\t0x08\t0x04\t0x01\t0x00\n"
*running,thread-id="all"
=breakpoint-modified,bkpt={number="5",type="breakpoint",disp="keep",enabled="y",addr="0x00000ba9",thread-groups=["i1"],times="91",script={"silent","if *(unsigned char *)0x0061 != 0","printf \"SAMPLE %u FRAME %u\\n\", $samples, *(unsigned char *)0x0000","x/32bx 0xa470","set $samples = $samples + 1","end","if $samples >= 1024","disable 5","else","continue","end"},original-location="*0x0ba9"}
*stopped
~"SAMPLE 90 FRAME 170\n"
~"0xa470:\t0x01\t0x7f\t0xfe\t0x02\t0x10\t0x14\t0x01\t0x01\n"
~"0xa478:\t0x01\t0x32\t0x64\t0x02\t0x0a\t0x04\t0x01\t0x02\n"
~"0xa480:\t0x01\t0x50\t0x94\t0x02\t0x16\t0x0a\t0x01\t0x02\n"
~"0xa488:\t0x01\t0x2d\t0x5c\t0x02\t0x08\t0x04\t0x01\t0x00\n"
*running,thread-id="all"
=breakpoint-modified,bkpt={number="5",type="breakpoint",disp="keep",enabled="y",addr="0x00000ba9",thread-groups=["i1"],times="92",script={"silent","if *(unsigned char *)0x0061 != 0","printf \"SAMPLE %u FRAME %u\\n\", $samples, *(unsigned char *)0x0000","x/32bx 0xa470","set $samples = $samples + 1","end","if $samples >= 1024","disable 5","else","continue","end"},original-location="*0x0ba9"}
*stopped
~"SAMPLE 91 FRAME 174\n"
~"0xa470:\t0x01\t0x7f\t0xff\t0x03\t0x10\t0x14\t0x01\t0x01\n"
~"0xa478:\t0x01\t0x33\t0xa4\t0x03\t0x0a\t0x04\t0x01\t0x02\n"
~"0xa480:\t0x01\t0x51\t0xd4\t0x03\t0x16\t0x0a\t0x01\t0x02\n"
~"0xa488:\t0x01\t0x2c\t0x1c\t0x03\t0x08\t0x04\t0x01\t0x00\n"
*running,thread-id="all"
=breakpoint-modified,bkpt={number="5",type="breakpoint",disp="keep",enabled="y",addr="0x00000ba9",thread-groups=["i1"],times="93",script={"silent","if *(unsigned char *)0x0061 != 0","printf \"SAMPLE %u FRAME %u\\n\", $samples, *(unsigned char *)0x0000","x/32bx 0xa470","set $samples = $samples + 1","end","if $samples >= 1024","disable 5","else","continue","end"},original-location="*0x0ba9"}
*stopped
~"SAMPLE 92 FRAME 178\n"
~"0xa470:\t0x01\t0x80\t0x00\t0x00\t0x11\t0x14\t0x01\t0x01\n"
~"0xa478:\t0x01\t0x34\t0xe4\t0x00\t0x0a\t0x05\t0x01\t0x02\n"
~"0xa480:\t0x01\t0x53\t0x14\t0x00\t0x16\t0x0b\t0x01\t0x02\n"
~"0xa488:\t0x01\t0x2a\t0xdc\t0x00\t0x08\t0x03\t0x01\t0x00\n"
*running,thread-id="all"
=breakpoint-modified,bkpt={number="5",type="breakpoint",disp="keep",enabled="y",addr="0x00000ba9",thread-groups=["i1"],times="94",script={"silent","if *(unsigned char *)0x0061 != 0","printf \"SAMPLE %u FRAME %u\\n\", $samples, *(unsigned char *)0x0000","x/32bx 0xa470","set $samples = $samples + 1","end","if $samples >= 1024","disable 5","else","continue","end"},original-location="*0x0ba9"}
*stopped
~"SAMPLE 93 FRAME 182\n"
~"0xa470:\t0x01\t0x80\t0x01\t0x01\t0x11\t0x14\t0x01\t0x01\n"
~"0xa478:\t0x01\t0x36\t0x24\t0x01\t0x0a\t0x05\t0x01\t0x02\n"
~"0xa480:\t0x01\t0x54\t0x54\t0x01\t0x16\t0x0b\t0x01\t0x02\n"
~"0xa488:\t0x01\t0x29\t0x9c\t0x01\t0x08\t0x03\t0x01\t0x00\n"
*running,thread-id="all"
=breakpoint-modified,bkpt={number="5",type="breakpoint",disp="keep",enabled="y",addr="0x00000ba9",thread-groups=["i1"],times="95",script={"silent","if *(unsigned char *)0x0061 != 0","printf \"SAMPLE %u FRAME %u\\n\", $samples, *(unsigned char *)0x0000","x/32bx 0xa470","set $samples = $samples + 1","end","if $samples >= 1024","disable 5","else","continue","end"},original-location="*0x0ba9"}
*stopped
~"SAMPLE 94 FRAME 186\n"
~"0xa470:\t0x01\t0x80\t0x02\t0x02\t0x11\t0x14\t0x01\t0x01\n"
~"0xa478:\t0x01\t0x37\t0x64\t0x02\t0x0a\t0x05\t0x01\t0x02\n"
~"0xa480:\t0x01\t0x55\t0x94\t0x02\t0x16\t0x0b\t0x01\t0x02\n"
~"0xa488:\t0x01\t0x28\t0x5c\t0x02\t0x08\t0x03\t0x01\t0x00\n"
*running,thread-id="all"
=breakpoint-modified,bkpt={number="5",type="breakpoint",disp="keep",enabled="y",addr="0x00000ba9",thread-groups=["i1"],times="96",script={"silent","if *(unsigned char *)0x0061 != 0","printf \"SAMPLE %u FRAME %u\\n\", $samples, *(unsigned char *)0x0000","x/32bx 0xa470","set $samples = $samples + 1","end","if $samples >= 1024","disable 5","else","continue","end"},original-location="*0x0ba9"}
*stopped
~"SAMPLE 95 FRAME 190\n"
~"0xa470:\t0x01\t0x80\t0x03\t0x03\t0x11\t0x14\t0x01\t0x01\n"
~"0xa478:\t0x01\t0x38\t0xa4\t0x03\t0x0a\t0x05\t0x01\t0x02\n"
~"0xa480:\t0x01\t0x56\t0xd4\t0x03\t0x16\t0x0b\t0x01\t0x02\n"
~"0xa488:\t0x01\t0x27\t0x1c\t0x03\t0x08\t0x03\t0x01\t0x00\n"
*running,thread-id="all"
=breakpoint-modified,bkpt={number="5",type="breakpoint",disp="keep",enabled="y",addr="0x00000ba9",thread-groups=["i1"],times="97",script={"silent","if *(unsigned char *)0x0061 != 0","printf \"SAMPLE %u FRAME %u\\n\", $samples, *(unsigned char *)0x0000","x/32bx 0xa470","set $samples = $samples + 1","end","if $samples >= 1024","disable 5","else","continue","end"},original-location="*0x0ba9"}
*stopped
~"SAMPLE 96 FRAME 194\n"
~"0xa470:\t0x01\t0x80\t0x04\t0x00\t0x12\t0x14\t0x01\t0x01\n"
~"0xa478:\t0x01\t0x39\t0xe4\t0x00\t0x0a\t0x06\t0x01\t0x01\n"
~"0xa480:\t0x01\t0x58\t0x14\t0x00\t0x16\t0x0c\t0x01\t0x03\n"
~"0xa488:\t0x01\t0x25\t0xdc\t0x00\t0x08\t0x02\t0x01\t0x03\n"
*running,thread-id="all"
=breakpoint-modified,bkpt={number="5",type="breakpoint",disp="keep",enabled="y",addr="0x00000ba9",thread-groups=["i1"],times="98",script={"silent","if *(unsigned char *)0x0061 != 0","printf \"SAMPLE %u FRAME %u\\n\", $samples, *(unsigned char *)0x0000","x/32bx 0xa470","set $samples = $samples + 1","end","if $samples >= 1024","disable 5","else","continue","end"},original-location="*0x0ba9"}
*stopped
~"SAMPLE 97 FRAME 198\n"
~"0xa470:\t0x01\t0x80\t0x05\t0x01\t0x12\t0x14\t0x01\t0x01\n"
~"0xa478:\t0x01\t0x39\t0xe5\t0x01\t0x0a\t0x06\t0x01\t0x01\n"
~"0xa480:\t0x01\t0x58\t0x13\t0x01\t0x16\t0x0c\t0x01\t0x03\n"
~"0xa488:\t0x01\t0x25\t0xdb\t0x01\t0x08\t0x02\t0x01\t0x03\n"
*running,thread-id="all"
=breakpoint-modified,bkpt={number="5",type="breakpoint",disp="keep",enabled="y",addr="0x00000ba9",thread-groups=["i1"],times="99",script={"silent","if *(unsigned char *)0x0061 != 0","printf \"SAMPLE %u FRAME %u\\n\", $samples, *(unsigned char *)0x0000","x/32bx 0xa470","set $samples = $samples + 1","end","if $samples >= 1024","disable 5","else","continue","end"},original-location="*0x0ba9"}
*stopped
~"SAMPLE 98 FRAME 202\n"
~"0xa470:\t0x01\t0x80\t0x06\t0x02\t0x12\t0x14\t0x01\t0x01\n"
~"0xa478:\t0x01\t0x39\t0xe6\t0x02\t0x0a\t0x06\t0x01\t0x01\n"
~"0xa480:\t0x01\t0x58\t0x12\t0x02\t0x16\t0x0c\t0x01\t0x03\n"
~"0xa488:\t0x01\t0x25\t0xda\t0x02\t0x08\t0x02\t0x01\t0x03\n"
*running,thread-id="all"
=breakpoint-modified,bkpt={number="5",type="breakpoint",disp="keep",enabled="y",addr="0x00000ba9",thread-groups=["i1"],times="100",script={"silent","if *(unsigned char *)0x0061 != 0","printf \"SAMPLE %u FRAME %u\\n\", $samples, *(unsigned char *)0x0000","x/32bx 0xa470","set $samples = $samples + 1","end","if $samples >= 1024","disable 5","else","continue","end"},original-location="*0x0ba9"}
*stopped
~"SAMPLE 99 FRAME 206\n"
~"0xa470:\t0x01\t0x80\t0x07\t0x03\t0x12\t0x14\t0x01\t0x01\n"
~"0xa478:\t0x01\t0x39\t0xe7\t0x03\t0x0a\t0x06\t0x01\t0x01\n"
~"0xa480:\t0x01\t0x58\t0x11\t0x03\t0x16\t0x0c\t0x01\t0x03\n"
~"0xa488:\t0x01\t0x25\t0xd9\t0x03\t0x08\t0x02\t0x01\t0x03\n"
*running,thread-id="all"
=breakpoint-modified,bkpt={number="5",type="breakpoint",disp="keep",enabled="y",addr="0x00000ba9",thread-groups=["i1"],times="101",script={"silent","if *(unsigned char *)0x0061 != 0","printf \"SAMPLE %u FRAME %u\\n\", $samples, *(unsigned char *)0x0000","x/32bx 0xa470","set $samples = $samples + 1","end","if $samples >= 1024","disable 5","else","continue","end"},original-location="*0x0ba9"}
*stopped
~"SAMPLE 100 FRAME 212\n"
~"0xa470:\t0x01\t0x80\t0x08\t0x00\t0x13\t0x14\t0x01\t0x01\n"
~"0xa478:\t0x01\t0x39\t0xe8\t0x00\t0x0b\t0x06\t0x01\t0x01\n"
~"0xa480:\t0x01\t0x58\t0x10\t0x00\t0x15\t0x0c\t0x01\t0x03\n"
~"0xa488:\t0x01\t0x25\t0xd8\t0x00\t0x07\t0x02\t0x01\t0x03\n"
*running,thread-id="all"
=breakpoint-modified,bkpt={number="5",type="breakpoint",disp="keep",enabled="y",addr="0x00000ba9",thread-groups=["i1"],times="102",script={"silent","if *(unsigned char *)0x0061 != 0","printf \"SAMPLE %u FRAME %u\\n\", $samples, *(unsigned char *)0x0000","x/32bx 0xa470","set $samples = $samples + 1","end","if $samples >= 1024","disable 5","else","continue","end"},original-location="*0x0ba9"}
*stopped
~"SAMPLE 101 FRAME 216\n"
~"0xa470:\t0x01\t0x80\t0x09\t0x01\t0x13\t0x14\t0x01\t0x01\n"
~"0xa478:\t0x01\t0x39\t0xe9\t0x01\t0x0b\t0x06\t0x01\t0x01\n"
~"0xa480:\t0x01\t0x58\t0x0f\t0x01\t0x15\t0x0c\t0x01\t0x03\n"
~"0xa488:\t0x01\t0x25\t0xd7\t0x01\t0x07\t0x02\t0x01\t0x03\n"
*running,thread-id="all"
=breakpoint-modified,bkpt={number="5",type="breakpoint",disp="keep",enabled="y",addr="0x00000ba9",thread-groups=["i1"],times="103",script={"silent","if *(unsigned char *)0x0061 != 0","printf \"SAMPLE %u FRAME %u\\n\", $samples, *(unsigned char *)0x0000","x/32bx 0xa470","set $samples = $samples + 1","end","if $samples >= 1024","disable 5","else","continue","end"},original-location="*0x0ba9"}
*stopped
~"SAMPLE 102 FRAME 220\n"
~"0xa470:\t0x01\t0x80\t0x0a\t0x02\t0x13\t0x14\t0x01\t0x01\n"
~"0xa478:\t0x01\t0x39\t0xea\t0x02\t0x0b\t0x06\t0x01\t0x01\n"
~"0xa480:\t0x01\t0x58\t0x0e\t0x02\t0x15\t0x0c\t0x01\t0x03\n"
~"0xa488:\t0x01\t0x25\t0xd6\t0x02\t0x07\t0x02\t0x01\t0x03\n"
*running,thread-id="all"
=breakpoint-modified,bkpt={number="5",type="breakpoint",disp="keep",enabled="y",addr="0x00000ba9",thread-groups=["i1"],times="104",script={"silent","if *(unsigned char *)0x0061 != 0","printf \"SAMPLE %u FRAME %u\\n\", $samples, *(unsigned char *)0x0000","x/32bx 0xa470","set $samples = $samples + 1","end","if $samples >= 1024","disable 5","else","continue","end"},original-location="*0x0ba9"}
*stopped
~"SAMPLE 103 FRAME 224\n"
~"0xa470:\t0x01\t0x80\t0x0b\t0x03\t0x13\t0x14\t0x01\t0x01\n"
~"0xa478:\t0x01\t0x39\t0xeb\t0x03\t0x0b\t0x06\t0x01\t0x01\n"
~"0xa480:\t0x01\t0x58\t0x0d\t0x03\t0x15\t0x0c\t0x01\t0x03\n"
~"0xa488:\t0x01\t0x25\t0xd5\t0x03\t0x07\t0x02\t0x01\t0x03\n"
*running,thread-id="all"
=breakpoint-modified,bkpt={number="5",type="breakpoint",disp="keep",enabled="y",addr="0x00000ba9",thread-groups=["i1"],times="105",script={"silent","if *(unsigned char *)0x0061 != 0","printf \"SAMPLE %u FRAME %u\\n\", $samples, *(unsigned char *)0x0000","x/32bx 0xa470","set $samples = $samples + 1","end","if $samples >= 1024","disable 5","else","continue","end"},original-location="*0x0ba9"}
*stopped
~"SAMPLE 104 FRAME 228\n"
~"0xa470:\t0x01\t0x80\t0x0c\t0x00\t0x14\t0x14\t0x01\t0x03\n"
~"0xa478:\t0x01\t0x39\t0xec\t0x00\t0x0c\t0x06\t0x01\t0x02\n"
~"0xa480:\t0x01\t0x58\t0x0c\t0x00\t0x14\t0x0c\t0x01\t0x02\n"
~"0xa488:\t0x01\t0x25\t0xd4\t0x00\t0x06\t0x02\t0x01\t0x03\n"
*running,thread-id="all"
=breakpoint-modified,bkpt={number="5",type="breakpoint",disp="keep",enabled="y",addr="0x00000ba9",thread-groups=["i1"],times="106",script={"silent","if *(unsigned char *)0x0061 != 0","printf \"SAMPLE %u FRAME %u\\n\", $samples, *(unsigned char *)0x0000","x/32bx 0xa470","set $samples = $samples + 1","end","if $samples >= 1024","disable 5","else","continue","end"},original-location="*0x0ba9"}
*stopped
~"SAMPLE 105 FRAME 232\n"
~"0xa470:\t0x01\t0x80\t0x0b\t0x01\t0x14\t0x14\t0x01\t0x03\n"
~"0xa478:\t0x01\t0x3b\t0x2c\t0x01\t0x0c\t0x06\t0x01\t0x02\n"
~"0xa480:\t0x01\t0x59\t0x4c\t0x01\t0x14\t0x0c\t0x01\t0x02\n"
~"0xa488:\t0x01\t0x25\t0xd3\t0x01\t0x06\t0x02\t0x01\t0x03\n"
*running,thread-id="all"
=breakpoint-modified,bkpt={number="5",type="breakpoint",disp="keep",enabled="y",addr="0x00000ba9",thread-groups=["i1"],times="107",script={"silent","if *(unsigned char *)0x0061 != 0","printf \"SAMPLE %u FRAME %u\\n\", $samples, *(unsigned char *)0x0000","x/32bx 0xa470","set $samples = $samples + 1","end","if $samples >= 1024","disable 5","else","continue","end"},original-location="*0x0ba9"}
*stopped
~"SAMPLE 106 FRAME 236\n"
~"0xa470:\t0x01\t0x80\t0x0a\t0x02\t0x14\t0x14\t0x01\t0x03\n"
~"0xa478:\t0x01\t0x3c\t0x6c\t0x02\t0x0c\t0x06\t0x01\t0x02\n"
~"0xa480:\t0x01\t0x5a\t0x8c\t0x02\t0x14\t0x0c\t0x01\t0x02\n"
~"0xa488:\t0x01\t0x25\t0xd2\t0x02\t0x06\t0x02\t0x01\t0x03\n"
*running,thread-id="all"
=breakpoint-modified,bkpt={number="5",type="breakpoint",disp="keep",enabled="y",addr="0x00000ba9",thread-groups=["i1"],times="108",script={"silent","if *(unsigned char *)0x0061 != 0","printf \"SAMPLE %u FRAME %u\\n\", $samples, *(unsigned char *)0x0000","x/32bx 0xa470","set $samples = $samples + 1","end","if $samples >= 1024","disable 5","else","continue","end"},original-location="*0x0ba9"}
*stopped
~"SAMPLE 107 FRAME 240\n"
~"0xa470:\t0x01\t0x80\t0x09\t0x03\t0x14\t0x14\t0x01\t0x03\n"
~"0xa478:\t0x01\t0x3d\t0xac\t0x03\t0x0c\t0x06\t0x01\t0x02\n"
~"0xa480:\t0x01\t0x5b\t0xcc\t0x03\t0x14\t0x0c\t0x01\t0x02\n"
~"0xa488:\t0x01\t0x25\t0xd1\t0x03\t0x06\t0x02\t0x01\t0x03\n"
*running,thread-id="all"
=breakpoint-modified,bkpt={number="5",type="breakpoint",disp="keep",enabled="y",addr="0x00000ba9",thread-groups=["i1"],times="109",script={"silent","if *(unsigned char *)0x0061 != 0","printf \"SAMPLE %u FRAME %u\\n\", $samples, *(unsigned char *)0x0000","x/32bx 0xa470","set $samples = $samples + 1","end","if $samples >= 1024","disable 5","else","continue","end"},original-location="*0x0ba9"}
*stopped
~"SAMPLE 108 FRAME 244\n"
~"0xa470:\t0x01\t0x80\t0x08\t0x00\t0x13\t0x14\t0x01\t0x03\n"
~"0xa478:\t0x01\t0x3e\t0xec\t0x00\t0x0c\t0x07\t0x01\t0x02\n"
~"0xa480:\t0x01\t0x5d\t0x0c\t0x00\t0x14\t0x0d\t0x01\t0x02\n"
~"0xa488:\t0x01\t0x25\t0xd0\t0x00\t0x05\t0x02\t0x01\t0x03\n"
*running,thread-id="all"
=breakpoint-modified,bkpt={number="5",type="breakpoint",disp="keep",enabled="y",addr="0x00000ba9",thread-groups=["i1"],times="110",script={"silent","if *(unsigned char *)0x0061 != 0","printf \"SAMPLE %u FRAME %u\\n\", $samples, *(unsigned char *)0x0000","x/32bx 0xa470","set $samples = $samples + 1","end","if $samples >= 1024","disable 5","else","continue","end"},original-location="*0x0ba9"}
*stopped
~"SAMPLE 109 FRAME 248\n"
~"0xa470:\t0x01\t0x80\t0x07\t0x01\t0x13\t0x14\t0x01\t0x03\n"
~"0xa478:\t0x01\t0x40\t0x2c\t0x01\t0x0c\t0x07\t0x01\t0x02\n"
~"0xa480:\t0x01\t0x5e\t0x4c\t0x01\t0x14\t0x0d\t0x01\t0x02\n"
~"0xa488:\t0x01\t0x25\t0xcf\t0x01\t0x05\t0x02\t0x01\t0x03\n"
*running,thread-id="all"
=breakpoint-modified,bkpt={number="5",type="breakpoint",disp="keep",enabled="y",addr="0x00000ba9",thread-groups=["i1"],times="111",script={"silent","if *(unsigned char *)0x0061 != 0","printf \"SAMPLE %u FRAME %u\\n\", $samples, *(unsigned char *)0x0000","x/32bx 0xa470","set $samples = $samples + 1","end","if $samples >= 1024","disable 5","else","continue","end"},original-location="*0x0ba9"}
*stopped
~"SAMPLE 110 FRAME 252\n"
~"0xa470:\t0x01\t0x80\t0x06\t0x02\t0x13\t0x14\t0x01\t0x03\n"
~"0xa478:\t0x01\t0x41\t0x6c\t0x02\t0x0c\t0x07\t0x01\t0x02\n"
~"0xa480:\t0x01\t0x5f\t0x8c\t0x02\t0x14\t0x0d\t0x01\t0x02\n"
~"0xa488:\t0x01\t0x25\t0xce\t0x02\t0x05\t0x02\t0x01\t0x03\n"
*running,thread-id="all"
=breakpoint-modified,bkpt={number="5",type="breakpoint",disp="keep",enabled="y",addr="0x00000ba9",thread-groups=["i1"],times="112",script={"silent","if *(unsigned char *)0x0061 != 0","printf \"SAMPLE %u FRAME %u\\n\", $samples, *(unsigned char *)0x0000","x/32bx 0xa470","set $samples = $samples + 1","end","if $samples >= 1024","disable 5","else","continue","end"},original-location="*0x0ba9"}
*stopped
~"SAMPLE 111 FRAME 0\n"
~"0xa470:\t0x01\t0x80\t0x05\t0x03\t0x13\t0x14\t0x01\t0x03\n"
~"0xa478:\t0x01\t0x42\t0xac\t0x03\t0x0c\t0x07\t0x01\t0x02\n"
~"0xa480:\t0x01\t0x60\t0xcc\t0x03\t0x14\t0x0d\t0x01\t0x02\n"
~"0xa488:\t0x01\t0x25\t0xcd\t0x03\t0x05\t0x02\t0x01\t0x03\n"
*running,thread-id="all"
=breakpoint-modified,bkpt={number="5",type="breakpoint",disp="keep",enabled="y",addr="0x00000ba9",thread-groups=["i1"],times="113",script={"silent","if *(unsigned char *)0x0061 != 0","printf \"SAMPLE %u FRAME %u\\n\", $samples, *(unsigned char *)0x0000","x/32bx 0xa470","set $samples = $samples + 1","end","if $samples >= 1024","disable 5","else","continue","end"},original-location="*0x0ba9"}
*stopped
~"SAMPLE 112 FRAME 6\n"
~"0xa470:\t0x01\t0x80\t0x04\t0x00\t0x12\t0x14\t0x01\t0x03\n"
~"0xa478:\t0x01\t0x43\t0xec\t0x00\t0x0c\t0x08\t0x01\t0x02\n"
~"0xa480:\t0x01\t0x62\t0x0c\t0x00\t0x14\t0x0e\t0x01\t0x02\n"
~"0xa488:\t0x01\t0x25\t0xcc\t0x00\t0x04\t0x02\t0x01\t0x03\n"
*running,thread-id="all"
=breakpoint-modified,bkpt={number="5",type="breakpoint",disp="keep",enabled="y",addr="0x00000ba9",thread-groups=["i1"],times="114",script={"silent","if *(unsigned char *)0x0061 != 0","printf \"SAMPLE %u FRAME %u\\n\", $samples, *(unsigned char *)0x0000","x/32bx 0xa470","set $samples = $samples + 1","end","if $samples >= 1024","disable 5","else","continue","end"},original-location="*0x0ba9"}
*stopped
~"SAMPLE 113 FRAME 10\n"
~"0xa470:\t0x01\t0x80\t0x03\t0x01\t0x12\t0x14\t0x01\t0x03\n"
~"0xa478:\t0x01\t0x45\t0x2c\t0x01\t0x0c\t0x08\t0x01\t0x02\n"
~"0xa480:\t0x01\t0x63\t0x4c\t0x01\t0x14\t0x0e\t0x01\t0x02\n"
~"0xa488:\t0x01\t0x25\t0xcb\t0x01\t0x04\t0x02\t0x01\t0x03\n"
*running,thread-id="all"
=breakpoint-modified,bkpt={number="5",type="breakpoint",disp="keep",enabled="y",addr="0x00000ba9",thread-groups=["i1"],times="115",script={"silent","if *(unsigned char *)0x0061 != 0","printf \"SAMPLE %u FRAME %u\\n\", $samples, *(unsigned char *)0x0000","x/32bx 0xa470","set $samples = $samples + 1","end","if $samples >= 1024","disable 5","else","continue","end"},original-location="*0x0ba9"}
*stopped
~"SAMPLE 114 FRAME 14\n"
~"0xa470:\t0x01\t0x80\t0x02\t0x02\t0x12\t0x14\t0x01\t0x03\n"
~"0xa478:\t0x01\t0x46\t0x6c\t0x02\t0x0c\t0x08\t0x01\t0x02\n"
~"0xa480:\t0x01\t0x64\t0x8c\t0x02\t0x14\t0x0e\t0x01\t0x02\n"
~"0xa488:\t0x01\t0x25\t0xca\t0x02\t0x04\t0x02\t0x01\t0x03\n"
*running,thread-id="all"
=breakpoint-modified,bkpt={number="5",type="breakpoint",disp="keep",enabled="y",addr="0x00000ba9",thread-groups=["i1"],times="116",script={"silent","if *(unsigned char *)0x0061 != 0","printf \"SAMPLE %u FRAME %u\\n\", $samples, *(unsigned char *)0x0000","x/32bx 0xa470","set $samples = $samples + 1","end","if $samples >= 1024","disable 5","else","continue","end"},original-location="*0x0ba9"}
*stopped
~"SAMPLE 115 FRAME 18\n"
~"0xa470:\t0x01\t0x80\t0x01\t0x03\t0x12\t0x14\t0x01\t0x03\n"
~"0xa478:\t0x01\t0x47\t0xac\t0x03\t0x0c\t0x08\t0x01\t0x02\n"
~"0xa480:\t0x01\t0x65\t0xcc\t0x03\t0x14\t0x0e\t0x01\t0x02\n"
~"0xa488:\t0x01\t0x25\t0xc9\t0x03\t0x04\t0x02\t0x01\t0x03\n"
*running,thread-id="all"
=breakpoint-modified,bkpt={number="5",type="breakpoint",disp="keep",enabled="y",addr="0x00000ba9",thread-groups=["i1"],times="117",script={"silent","if *(unsigned char *)0x0061 != 0","printf \"SAMPLE %u FRAME %u\\n\", $samples, *(unsigned char *)0x0000","x/32bx 0xa470","set $samples = $samples + 1","end","if $samples >= 1024","disable 5","else","continue","end"},original-location="*0x0ba9"}
*stopped
~"SAMPLE 116 FRAME 22\n"
~"0xa470:\t0x01\t0x80\t0x00\t0x00\t0x11\t0x14\t0x01\t0x03\n"
~"0xa478:\t0x01\t0x48\t0xec\t0x00\t0x0c\t0x09\t0x01\t0x02\n"
~"0xa480:\t0x01\t0x67\t0x0c\t0x00\t0x14\t0x0f\t0x01\t0x02\n"
~"0xa488:\t0x01\t0x25\t0xc8\t0x00\t0x03\t0x02\t0x01\t0x03\n"
*running,thread-id="all"
=breakpoint-modified,bkpt={number="5",type="breakpoint",disp="keep",enabled="y",addr="0x00000ba9",thread-groups=["i1"],times="118",script={"silent","if *(unsigned char *)0x0061 != 0","printf \"SAMPLE %u FRAME %u\\n\", $samples, *(unsigned char *)0x0000","x/32bx 0xa470","set $samples = $samples + 1","end","if $samples >= 1024","disable 5","else","continue","end"},original-location="*0x0ba9"}
*stopped
~"SAMPLE 117 FRAME 26\n"
~"0xa470:\t0x01\t0x7f\t0xff\t0x01\t0x11\t0x14\t0x01\t0x03\n"
~"0xa478:\t0x01\t0x4a\t0x2c\t0x01\t0x0c\t0x09\t0x01\t0x02\n"
~"0xa480:\t0x01\t0x68\t0x4c\t0x01\t0x14\t0x0f\t0x01\t0x02\n"
~"0xa488:\t0x01\t0x25\t0xc7\t0x01\t0x03\t0x02\t0x01\t0x03\n"
*running,thread-id="all"
=breakpoint-modified,bkpt={number="5",type="breakpoint",disp="keep",enabled="y",addr="0x00000ba9",thread-groups=["i1"],times="119",script={"silent","if *(unsigned char *)0x0061 != 0","printf \"SAMPLE %u FRAME %u\\n\", $samples, *(unsigned char *)0x0000","x/32bx 0xa470","set $samples = $samples + 1","end","if $samples >= 1024","disable 5","else","continue","end"},original-location="*0x0ba9"}
*stopped
~"SAMPLE 118 FRAME 30\n"
~"0xa470:\t0x01\t0x7f\t0xfe\t0x02\t0x11\t0x14\t0x01\t0x03\n"
~"0xa478:\t0x01\t0x4b\t0x6c\t0x02\t0x0c\t0x09\t0x01\t0x02\n"
~"0xa480:\t0x01\t0x69\t0x8c\t0x02\t0x14\t0x0f\t0x01\t0x02\n"
~"0xa488:\t0x01\t0x25\t0xc6\t0x02\t0x03\t0x02\t0x01\t0x03\n"
*running,thread-id="all"
=breakpoint-modified,bkpt={number="5",type="breakpoint",disp="keep",enabled="y",addr="0x00000ba9",thread-groups=["i1"],times="120",script={"silent","if *(unsigned char *)0x0061 != 0","printf \"SAMPLE %u FRAME %u\\n\", $samples, *(unsigned char *)0x0000","x/32bx 0xa470","set $samples = $samples + 1","end","if $samples >= 1024","disable 5","else","continue","end"},original-location="*0x0ba9"}
*stopped
~"SAMPLE 119 FRAME 34\n"
~"0xa470:\t0x01\t0x7f\t0xfd\t0x03\t0x11\t0x14\t0x01\t0x03\n"
~"0xa478:\t0x01\t0x4c\t0xac\t0x03\t0x0c\t0x09\t0x01\t0x02\n"
~"0xa480:\t0x01\t0x6a\t0xcc\t0x03\t0x14\t0x0f\t0x01\t0x02\n"
~"0xa488:\t0x01\t0x25\t0xc5\t0x03\t0x03\t0x02\t0x01\t0x03\n"
*running,thread-id="all"
=breakpoint-modified,bkpt={number="5",type="breakpoint",disp="keep",enabled="y",addr="0x00000ba9",thread-groups=["i1"],times="121",script={"silent","if *(unsigned char *)0x0061 != 0","printf \"SAMPLE %u FRAME %u\\n\", $samples, *(unsigned char *)0x0000","x/32bx 0xa470","set $samples = $samples + 1","end","if $samples >= 1024","disable 5","else","continue","end"},original-location="*0x0ba9"}
*stopped
~"SAMPLE 120 FRAME 38\n"
~"0xa470:\t0x01\t0x7f\t0xfc\t0x00\t0x10\t0x14\t0x01\t0x03\n"
~"0xa478:\t0x01\t0x4d\t0xec\t0x00\t0x0c\t0x0a\t0x01\t0x01\n"
~"0xa480:\t0x01\t0x6c\t0x0c\t0x00\t0x14\t0x10\t0x01\t0x00\n"
~"0xa488:\t0x01\t0x25\t0xc4\t0x00\t0x02\t0x02\t0x01\t0x02\n"
*running,thread-id="all"
=breakpoint-modified,bkpt={number="5",type="breakpoint",disp="keep",enabled="y",addr="0x00000ba9",thread-groups=["i1"],times="122",script={"silent","if *(unsigned char *)0x0061 != 0","printf \"SAMPLE %u FRAME %u\\n\", $samples, *(unsigned char *)0x0000","x/32bx 0xa470","set $samples = $samples + 1","end","if $samples >= 1024","disable 5","else","continue","end"},original-location="*0x0ba9"}
*stopped
~"SAMPLE 121 FRAME 42\n"
~"0xa470:\t0x01\t0x7f\t0xfb\t0x01\t0x10\t0x14\t0x01\t0x03\n"
~"0xa478:\t0x01\t0x4d\t0xed\t0x01\t0x0c\t0x0a\t0x01\t0x01\n"
~"0xa480:\t0x01\t0x6a\t0xcc\t0x01\t0x14\t0x10\t0x01\t0x00\n"
~"0xa488:\t0x01\t0x27\t0x04\t0x01\t0x02\t0x02\t0x01\t0x02\n"
*running,thread-id="all"
=breakpoint-modified,bkpt={number="5",type="breakpoint",disp="keep",enabled="y",addr="0x00000ba9",thread-groups=["i1"],times="123",script={"silent","if *(unsigned char *)0x0061 != 0","printf \"SAMPLE %u FRAME %u\\n\", $samples, *(unsigned char *)0x0000","x/32bx 0xa470","set $samples = $samples + 1","end","if $samples >= 1024","disable 5","else","continue","end"},original-location="*0x0ba9"}
*stopped
~"SAMPLE 122 FRAME 46\n"
~"0xa470:\t0x01\t0x7f\t0xfa\t0x02\t0x10\t0x14\t0x01\t0x03\n"
~"0xa478:\t0x01\t0x4d\t0xee\t0x02\t0x0c\t0x0a\t0x01\t0x01\n"
~"0xa480:\t0x01\t0x69\t0x8c\t0x02\t0x14\t0x10\t0x01\t0x00\n"
~"0xa488:\t0x01\t0x28\t0x44\t0x02\t0x02\t0x02\t0x01\t0x02\n"
*running,thread-id="all"
=breakpoint-modified,bkpt={number="5",type="breakpoint",disp="keep",enabled="y",addr="0x00000ba9",thread-groups=["i1"],times="124",script={"silent","if *(unsigned char *)0x0061 != 0","printf \"SAMPLE %u FRAME %u\\n\", $samples, *(unsigned char *)0x0000","x/32bx 0xa470","set $samples = $samples + 1","end","if $samples >= 1024","disable 5","else","continue","end"},original-location="*0x0ba9"}
*stopped
~"SAMPLE 123 FRAME 50\n"
~"0xa470:\t0x01\t0x7f\t0xf9\t0x03\t0x10\t0x14\t0x01\t0x03\n"
~"0xa478:\t0x01\t0x4d\t0xef\t0x03\t0x0c\t0x0a\t0x01\t0x01\n"
~"0xa480:\t0x01\t0x68\t0x4c\t0x03\t0x14\t0x10\t0x01\t0x00\n"
~"0xa488:\t0x01\t0x29\t0x84\t0x03\t0x02\t0x02\t0x01\t0x02\n"
*running,thread-id="all"
=breakpoint-modified,bkpt={number="5",type="breakpoint",disp="keep",enabled="y",addr="0x00000ba9",thread-groups=["i1"],times="125",script={"silent","if *(unsigned char *)0x0061 != 0","printf \"SAMPLE %u FRAME %u\\n\", $samples, *(unsigned char *)0x0000","x/32bx 0xa470","set $samples = $samples + 1","end","if $samples >= 1024","disable 5","else","continue","end"},original-location="*0x0ba9"}
*stopped
~"SAMPLE 124 FRAME 56\n"
~"0xa470:\t0x01\t0x7f\t0xf8\t0x00\t0x0f\t0x14\t0x01\t0x03\n"
~"0xa478:\t0x01\t0x4d\t0xf0\t0x00\t0x0d\t0x0a\t0x01\t0x01\n"
~"0xa480:\t0x01\t0x67\t0x0c\t0x00\t0x14\t0x0f\t0x01\t0x00\n"
~"0xa488:\t0x01\t0x2a\t0xc4\t0x00\t0x02\t0x03\t0x01\t0x02\n"
*running,thread-id="all"
=breakpoint-modified,bkpt={number="5",type="breakpoint",disp="keep",enabled="y",addr="0x00000ba9",thread-groups=["i1"],times="126",script={"silent","if *(unsigned char *)0x0061 != 0","printf \"SAMPLE %u FRAME %u\\n\", $samples, *(unsigned char *)0x0000","x/32bx 0xa470","set $samples = $samples + 1","end","if $samples >= 1024","disable 5","else","continue","end"},original-location="*0x0ba9"}
*stopped
~"SAMPLE 125 FRAME 60\n"
~"0xa470:\t0x01\t0x7f\t0xf7\t0x01\t0x0f\t0x14\t0x01\t0x03\n"
~"0xa478:\t0x01\t0x4d\t0xf1\t0x01\t0x0d\t0x0a\t0x01\t0x01\n"
~"0xa480:\t0x01\t0x65\t0xcc\t0x01\t0x14\t0x0f\t0x01\t0x00\n"
~"0xa488:\t0x01\t0x2c\t0x04\t0x01\t0x02\t0x03\t0x01\t0x02\n"
*running,thread-id="all"
=breakpoint-modified,bkpt={number="5",type="breakpoint",disp="keep",enabled="y",addr="0x00000ba9",thread-groups=["i1"],times="127",script={"silent","if *(unsigned char *)0x0061 != 0","printf \"SAMPLE %u FRAME %u\\n\", $samples, *(unsigned char *)0x0000","x/32bx 0xa470","set $samples = $samples + 1","end","if $samples >= 1024","disable 5","else","continue","end"},original-location="*0x0ba9"}
*stopped
~"SAMPLE 126 FRAME 64\n"
~"0xa470:\t0x01\t0x7f\t0xf6\t0x02\t0x0f\t0x14\t0x01\t0x03\n"
~"0xa478:\t0x01\t0x4d\t0xf2\t0x02\t0x0d\t0x0a\t0x01\t0x01\n"
~"0xa480:\t0x01\t0x64\t0x8c\t0x02\t0x14\t0x0f\t0x01\t0x00\n"
~"0xa488:\t0x01\t0x2d\t0x44\t0x02\t0x02\t0x03\t0x01\t0x02\n"
*running,thread-id="all"
=breakpoint-modified,bkpt={number="5",type="breakpoint",disp="keep",enabled="y",addr="0x00000ba9",thread-groups=["i1"],times="128",script={"silent","if *(unsigned char *)0x0061 != 0","printf \"SAMPLE %u FRAME %u\\n\", $samples, *(unsigned char *)0x0000","x/32bx 0xa470","set $samples = $samples + 1","end","if $samples >= 1024","disable 5","else","continue","end"},original-location="*0x0ba9"}
*stopped
~"SAMPLE 127 FRAME 68\n"
~"0xa470:\t0x01\t0x7f\t0xf5\t0x03\t0x0f\t0x14\t0x01\t0x03\n"
~"0xa478:\t0x01\t0x4d\t0xf3\t0x03\t0x0d\t0x0a\t0x01\t0x01\n"
~"0xa480:\t0x01\t0x63\t0x4c\t0x03\t0x14\t0x0f\t0x01\t0x00\n"
~"0xa488:\t0x01\t0x2e\t0x84\t0x03\t0x02\t0x03\t0x01\t0x02\n"
*running,thread-id="all"
=breakpoint-modified,bkpt={number="5",type="breakpoint",disp="keep",enabled="y",addr="0x00000ba9",thread-groups=["i1"],times="129",script={"silent","if *(unsigned char *)0x0061 != 0","printf \"SAMPLE %u FRAME %u\\n\", $samples, *(unsigned char *)0x0000","x/32bx 0xa470","set $samples = $samples + 1","end","if $samples >= 1024","disable 5","else","continue","end"},original-location="*0x0ba9"}
*stopped
~"SAMPLE 128 FRAME 72\n"
~"0xa470:\t0x01\t0x7f\t0xf4\t0x00\t0x0e\t0x14\t0x01\t0x02\n"
~"0xa478:\t0x01\t0x4d\t0xf4\t0x00\t0x0e\t0x0a\t0x01\t0x01\n"
~"0xa480:\t0x01\t0x62\t0x0c\t0x00\t0x14\t0x0e\t0x01\t0x00\n"
~"0xa488:\t0x01\t0x2f\t0xc4\t0x00\t0x02\t0x04\t0x01\t0x02\n"
*running,thread-id="all"
=breakpoint-modified,bkpt={number="5",type="breakpoint",disp="keep",enabled="y",addr="0x00000ba9",thread-groups=["i1"],times="130",script={"silent","if *(unsigned char *)0x0061 != 0","printf \"SAMPLE %u FRAME %u\\n\", $samples, *(unsigned char *)0x0000","x/32bx 0xa470","set $samples = $samples + 1","end","if $samples >= 1024","disable 5","else","continue","end"},original-location="*0x0ba9"}
*stopped
~"SAMPLE 129 FRAME 76\n"
~"0xa470:\t0x01\t0x81\t0x34\t0x01\t0x0e\t0x14\t0x01\t0x02\n"
~"0xa478:\t0x01\t0x4d\t0xf5\t0x01\t0x0e\t0x0a\t0x01\t0x01\n"
~"0xa480:\t0x01\t0x60\t0xcc\t0x01\t0x14\t0x0e\t0x01\t0x00\n"
~"0xa488:\t0x01\t0x31\t0x04\t0x01\t0x02\t0x04\t0x01\t0x02\n"
*running,thread-id="all"
=breakpoint-modified,bkpt={number="5",type="breakpoint",disp="keep",enabled="y",addr="0x00000ba9",thread-groups=["i1"],times="131",script={"silent","if *(unsigned char *)0x0061 != 0","printf \"SAMPLE %u FRAME %u\\n\", $samples, *(unsigned char *)0x0000","x/32bx 0xa470","set $samples = $samples + 1","end","if $samples >= 1024","disable 5","else","continue","end"},original-location="*0x0ba9"}
*stopped
~"SAMPLE 130 FRAME 80\n"
~"0xa470:\t0x01\t0x82\t0x74\t0x02\t0x0e\t0x14\t0x01\t0x02\n"
~"0xa478:\t0x01\t0x4d\t0xf6\t0x02\t0x0e\t0x0a\t0x01\t0x01\n"
~"0xa480:\t0x01\t0x5f\t0x8c\t0x02\t0x14\t0x0e\t0x01\t0x00\n"
~"0xa488:\t0x01\t0x32\t0x44\t0x02\t0x02\t0x04\t0x01\t0x02\n"
*running,thread-id="all"
=breakpoint-modified,bkpt={number="5",type="breakpoint",disp="keep",enabled="y",addr="0x00000ba9",thread-groups=["i1"],times="132",script={"silent","if *(unsigned char *)0x0061 != 0","printf \"SAMPLE %u FRAME %u\\n\", $samples, *(unsigned char *)0x0000","x/32bx 0xa470","set $samples = $samples + 1","end","if $samples >= 1024","disable 5","else","continue","end"},original-location="*0x0ba9"}
*stopped
~"SAMPLE 131 FRAME 84\n"
~"0xa470:\t0x01\t0x83\t0xb4\t0x03\t0x0e\t0x14\t0x01\t0x02\n"
~"0xa478:\t0x01\t0x4d\t0xf7\t0x03\t0x0e\t0x0a\t0x01\t0x01\n"
~"0xa480:\t0x01\t0x5e\t0x4c\t0x03\t0x14\t0x0e\t0x01\t0x00\n"
~"0xa488:\t0x01\t0x33\t0x84\t0x03\t0x02\t0x04\t0x01\t0x02\n"
*running,thread-id="all"
=breakpoint-modified,bkpt={number="5",type="breakpoint",disp="keep",enabled="y",addr="0x00000ba9",thread-groups=["i1"],times="133",script={"silent","if *(unsigned char *)0x0061 != 0","printf \"SAMPLE %u FRAME %u\\n\", $samples, *(unsigned char *)0x0000","x/32bx 0xa470","set $samples = $samples + 1","end","if $samples >= 1024","disable 5","else","continue","end"},original-location="*0x0ba9"}
*stopped
~"SAMPLE 132 FRAME 88\n"
~"0xa470:\t0x01\t0x84\t0xf4\t0x00\t0x0e\t0x15\t0x01\t0x02\n"
~"0xa478:\t0x01\t0x4d\t0xf8\t0x00\t0x0f\t0x0a\t0x01\t0x01\n"
~"0xa480:\t0x01\t0x5d\t0x0c\t0x00\t0x14\t0x0d\t0x01\t0x00\n"
~"0xa488:\t0x01\t0x34\t0xc4\t0x00\t0x02\t0x05\t0x01\t0x02\n"
*running,thread-id="all"
=breakpoint-modified,bkpt={number="5",type="breakpoint",disp="keep",enabled="y",addr="0x00000ba9",thread-groups=["i1"],times="134",script={"silent","if *(unsigned char *)0x0061 != 0","printf \"SAMPLE %u FRAME %u\\n\", $samples, *(unsigned char *)0x0000","x/32bx 0xa470","set $samples = $samples + 1","end","if $samples >= 1024","disable 5","else","continue","end"},original-location="*0x0ba9"}
*stopped
~"SAMPLE 133 FRAME 92\n"
~"0xa470:\t0x01\t0x86\t0x34\t0x01\t0x0e\t0x15\t0x01\t0x02\n"
~"0xa478:\t0x01\t0x4d\t0xf9\t0x01\t0x0f\t0x0a\t0x01\t0x01\n"
~"0xa480:\t0x01\t0x5b\t0xcc\t0x01\t0x14\t0x0d\t0x01\t0x00\n"
~"0xa488:\t0x01\t0x36\t0x04\t0x01\t0x02\t0x05\t0x01\t0x02\n"
*running,thread-id="all"
=breakpoint-modified,bkpt={number="5",type="breakpoint",disp="keep",enabled="y",addr="0x00000ba9",thread-groups=["i1"],times="135",script={"silent","if *(unsigned char *)0x0061 != 0","printf \"SAMPLE %u FRAME %u\\n\", $samples, *(unsigned char *)0x0000","x/32bx 0xa470","set $samples = $samples + 1","end","if $samples >= 1024","disable 5","else","continue","end"},original-location="*0x0ba9"}
*stopped
~"SAMPLE 134 FRAME 96\n"
~"0xa470:\t0x01\t0x87\t0x74\t0x02\t0x0e\t0x15\t0x01\t0x02\n"
~"0xa478:\t0x01\t0x4d\t0xfa\t0x02\t0x0f\t0x0a\t0x01\t0x01\n"
~"0xa480:\t0x01\t0x5a\t0x8c\t0x02\t0x14\t0x0d\t0x01\t0x00\n"
~"0xa488:\t0x01\t0x37\t0x44\t0x02\t0x02\t0x05\t0x01\t0x02\n"
*running,thread-id="all"
=breakpoint-modified,bkpt={number="5",type="breakpoint",disp="keep",enabled="y",addr="0x00000ba9",thread-groups=["i1"],times="136",script={"silent","if *(unsigned char *)0x0061 != 0","printf \"SAMPLE %u FRAME %u\\n\", $samples, *(unsigned char *)0x0000","x/32bx 0xa470","set $samples = $samples + 1","end","if $samples >= 1024","disable 5","else","continue","end"},original-location="*0x0ba9"}
*stopped
~"SAMPLE 135 FRAME 100\n"
~"0xa470:\t0x01\t0x88\t0xb4\t0x03\t0x0e\t0x15\t0x01\t0x02\n"
~"0xa478:\t0x01\t0x4d\t0xfb\t0x03\t0x0f\t0x0a\t0x01\t0x01\n"
~"0xa480:\t0x01\t0x59\t0x4c\t0x03\t0x14\t0x0d\t0x01\t0x00\n"
~"0xa488:\t0x01\t0x38\t0x84\t0x03\t0x02\t0x05\t0x01\t0x02\n"
*running,thread-id="all"
=breakpoint-modified,bkpt={number="5",type="breakpoint",disp="keep",enabled="y",addr="0x00000ba9",thread-groups=["i1"],times="137",script={"silent","if *(unsigned char *)0x0061 != 0","printf \"SAMPLE %u FRAME %u\\n\", $samples, *(unsigned char *)0x0000","x/32bx 0xa470","set $samples = $samples + 1","end","if $samples >= 1024","disable 5","else","continue","end"},original-location="*0x0ba9"}
*stopped
~"SAMPLE 136 FRAME 106\n"
~"0xa470:\t0x01\t0x89\t0xf4\t0x00\t0x0e\t0x16\t0x01\t0x01\n"
~"0xa478:\t0x01\t0x4d\t0xfc\t0x00\t0x10\t0x0a\t0x01\t0x02\n"
~"0xa480:\t0x01\t0x58\t0x0c\t0x00\t0x14\t0x0c\t0x01\t0x01\n"
~"0xa488:\t0x01\t0x39\t0xc4\t0x00\t0x02\t0x06\t0x01\t0x02\n"
*running,thread-id="all"
=breakpoint-modified,bkpt={number="5",type="breakpoint",disp="keep",enabled="y",addr="0x00000ba9",thread-groups=["i1"],times="138",script={"silent","if *(unsigned char *)0x0061 != 0","printf \"SAMPLE %u FRAME %u\\n\", $samples, *(unsigned char *)0x0000","x/32bx 0xa470","set $samples = $samples + 1","end","if $samples >= 1024","disable 5","else","continue","end"},original-location="*0x0ba9"}
*stopped
~"SAMPLE 137 FRAME 110\n"
~"0xa470:\t0x01\t0x89\t0xf5\t0x01\t0x0e\t0x16\t0x01\t0x01\n"
~"0xa478:\t0x01\t0x4f\t0x3c\t0x01\t0x10\t0x0a\t0x01\t0x02\n"
~"0xa480:\t0x01\t0x58\t0x0d\t0x01\t0x14\t0x0c\t0x01\t0x01\n"
~"0xa488:\t0x01\t0x3b\t0x04\t0x01\t0x02\t0x06\t0x01\t0x02\n"
*running,thread-id="all"
=breakpoint-modified,bkpt={number="5",type="breakpoint",disp="keep",enabled="y",addr="0x00000ba9",thread-groups=["i1"],times="139",script={"silent","if *(unsigned char *)0x0061 != 0","printf \"SAMPLE %u FRAME %u\\n\", $samples, *(unsigned char *)0x0000","x/32bx 0xa470","set $samples = $samples + 1","end","if $samples >= 1024","disable 5","else","continue","end"},original-location="*0x0ba9"}
*stopped
~"SAMPLE 138 FRAME 114\n"
~"0xa470:\t0x01\t0x89\t0xf6\t0x02\t0x0e\t0x16\t0x01\t0x01\n"
~"0xa478:\t0x01\t0x50\t0x7c\t0x02\t0x10\t0x0a\t0x01\t0x02\n"
~"0xa480:\t0x01\t0x58\t0x0e\t0x02\t0x14\t0x0c\t0x01\t0x01\n"
~"0xa488:\t0x01\t0x3c\t0x44\t0x02\t0x02\t0x06\t0x01\t0x02\n"
*running,thread-id="all"
=breakpoint-modified,bkpt={number="5",type="breakpoint",disp="keep",enabled="y",addr="0x00000ba9",thread-groups=["i1"],times="140",script={"silent","if *(unsigned char *)0x0061 != 0","printf \"SAMPLE %u FRAME %u\\n\", $samples, *(unsigned char *)0x0000","x/32bx 0xa470","set $samples = $samples + 1","end","if $samples >= 1024","disable 5","else","continue","end"},original-location="*0x0ba9"}
*stopped
~"SAMPLE 139 FRAME 118\n"
~"0xa470:\t0x01\t0x89\t0xf7\t0x03\t0x0e\t0x16\t0x01\t0x01\n"
~"0xa478:\t0x01\t0x51\t0xbc\t0x03\t0x10\t0x0a\t0x01\t0x02\n"
~"0xa480:\t0x01\t0x58\t0x0f\t0x03\t0x14\t0x0c\t0x01\t0x01\n"
~"0xa488:\t0x01\t0x3d\t0x84\t0x03\t0x02\t0x06\t0x01\t0x02\n"
*running,thread-id="all"
=breakpoint-modified,bkpt={number="5",type="breakpoint",disp="keep",enabled="y",addr="0x00000ba9",thread-groups=["i1"],times="141",script={"silent","if *(unsigned char *)0x0061 != 0","printf \"SAMPLE %u FRAME %u\\n\", $samples, *(unsigned char *)0x0000","x/32bx 0xa470","set $samples = $samples + 1","end","if $samples >= 1024","disable 5","else","continue","end"},original-location="*0x0ba9"}
*stopped
~"SAMPLE 140 FRAME 122\n"
~"0xa470:\t0x01\t0x89\t0xf8\t0x00\t0x0f\t0x16\t0x01\t0x01\n"
~"0xa478:\t0x01\t0x52\t0xfc\t0x00\t0x10\t0x0b\t0x01\t0x02\n"
~"0xa480:\t0x01\t0x58\t0x10\t0x00\t0x15\t0x0c\t0x01\t0x01\n"
~"0xa488:\t0x01\t0x3e\t0xc4\t0x00\t0x02\t0x07\t0x01\t0x02\n"
*running,thread-id="all"
=breakpoint-modified,bkpt={number="5",type="breakpoint",disp="keep",enabled="y",addr="0x00000ba9",thread-groups=["i1"],times="142",script={"silent","if *(unsigned char *)0x0061 != 0","printf \"SAMPLE %u FRAME %u\\n\", $samples, *(unsigned char *)0x0000","x/32bx 0xa470","set $samples = $samples + 1","end","if $samples >= 1024","disable 5","else","continue","end"},original-location="*0x0ba9"}
*stopped
~"SAMPLE 141 FRAME 126\n"
~"0xa470:\t0x01\t0x89\t0xf9\t0x01\t0x0f\t0x16\t0x01\t0x01\n"
~"0xa478:\t0x01\t0x54\t0x3c\t0x01\t0x10\t0x0b\t0x01\t0x02\n"
~"0xa480:\t0x01\t0x58\t0x11\t0x01\t0x15\t0x0c\t0x01\t0x01\n"
~"0xa488:\t0x01\t0x40\t0x04\t0x01\t0x02\t0x07\t0x01\t0x02\n"
*running,thread-id="all"
=breakpoint-modified,bkpt={number="5",type="breakpoint",disp="keep",enabled="y",addr="0x00000ba9",thread-groups=["i1"],times="143",script={"silent","if *(unsigned char *)0x0061 != 0","printf \"SAMPLE %u FRAME %u\\n\", $samples, *(unsigned char *)0x0000","x/32bx 0xa470","set $samples = $samples + 1","end","if $samples >= 1024","disable 5","else","continue","end"},original-location="*0x0ba9"}
*stopped
~"SAMPLE 142 FRAME 130\n"
~"0xa470:\t0x01\t0x89\t0xfa\t0x02\t0x0f\t0x16\t0x01\t0x01\n"
~"0xa478:\t0x01\t0x55\t0x7c\t0x02\t0x10\t0x0b\t0x01\t0x02\n"
~"0xa480:\t0x01\t0x58\t0x12\t0x02\t0x15\t0x0c\t0x01\t0x01\n"
~"0xa488:\t0x01\t0x41\t0x44\t0x02\t0x02\t0x07\t0x01\t0x02\n"
*running,thread-id="all"
=breakpoint-modified,bkpt={number="5",type="breakpoint",disp="keep",enabled="y",addr="0x00000ba9",thread-groups=["i1"],times="144",script={"silent","if *(unsigned char *)0x0061 != 0","printf \"SAMPLE %u FRAME %u\\n\", $samples, *(unsigned char *)0x0000","x/32bx 0xa470","set $samples = $samples + 1","end","if $samples >= 1024","disable 5","else","continue","end"},original-location="*0x0ba9"}
*stopped
~"SAMPLE 143 FRAME 134\n"
~"0xa470:\t0x01\t0x89\t0xfb\t0x03\t0x0f\t0x16\t0x01\t0x01\n"
~"0xa478:\t0x01\t0x56\t0xbc\t0x03\t0x10\t0x0b\t0x01\t0x02\n"
~"0xa480:\t0x01\t0x58\t0x13\t0x03\t0x15\t0x0c\t0x01\t0x01\n"
~"0xa488:\t0x01\t0x42\t0x84\t0x03\t0x02\t0x07\t0x01\t0x02\n"
*running,thread-id="all"
=breakpoint-modified,bkpt={number="5",type="breakpoint",disp="keep",enabled="y",addr="0x00000ba9",thread-groups=["i1"],times="145",script={"silent","if *(unsigned char *)0x0061 != 0","printf \"SAMPLE %u FRAME %u\\n\", $samples, *(unsigned char *)0x0000","x/32bx 0xa470","set $samples = $samples + 1","end","if $samples >= 1024","disable 5","else","continue","end"},original-location="*0x0ba9"}
*stopped
~"SAMPLE 144 FRAME 138\n"
~"0xa470:\t0x01\t0x89\t0xfc\t0x00\t0x10\t0x16\t0x01\t0x01\n"
~"0xa478:\t0x01\t0x57\t0xfc\t0x00\t0x10\t0x0c\t0x01\t0x02\n"
~"0xa480:\t0x01\t0x58\t0x14\t0x00\t0x16\t0x0c\t0x01\t0x00\n"
~"0xa488:\t0x01\t0x43\t0xc4\t0x00\t0x02\t0x08\t0x01\t0x02\n"
*running,thread-id="all"
=breakpoint-modified,bkpt={number="5",type="breakpoint",disp="keep",enabled="y",addr="0x00000ba9",thread-groups=["i1"],times="146",script={"silent","if *(unsigned char *)0x0061 != 0","printf \"SAMPLE %u FRAME %u\\n\", $samples, *(unsigned char *)0x0000","x/32bx 0xa470","set $samples = $samples + 1","end","if $samples >= 1024","disable 5","else","continue","end"},original-location="*0x0ba9"}
*stopped
~"SAMPLE 145 FRAME 142\n"
~"0xa470:\t0x01\t0x89\t0xfd\t0x01\t0x10\t0x16\t0x01\t0x01\n"
~"0xa478:\t0x01\t0x59\t0x3c\t0x01\t0x10\t0x0c\t0x01\t0x02\n"
~"0xa480:\t0x01\t0x56\t0xd4\t0x01\t0x16\t0x0c\t0x01\t0x00\n"
~"0xa488:\t0x01\t0x45\t0x04\t0x01\t0x02\t0x08\t0x01\t0x02\n"
*running,thread-id="all"
=breakpoint-modified,bkpt={number="5",type="breakpoint",disp="keep",enabled="y",addr="0x00000ba9",thread-groups=["i1"],times="147",script={"silent","if *(unsigned char *)0x0061 != 0","printf \"SAMPLE %u FRAME %u\\n\", $samples, *(unsigned char *)0x0000","x/32bx 0xa470","set $samples = $samples + 1","end","if $samples >= 1024","disable 5","else","continue","end"},original-location="*0x0ba9"}
*stopped
~"SAMPLE 146 FRAME 146\n"
~"0xa470:\t0x01\t0x89\t0xfe\t0x02\t0x10\t0x16\t0x01\t0x01\n"
~"0xa478:\t0x01\t0x5a\t0x7c\t0x02\t0x10\t0x0c\t0x01\t0x02\n"
~"0xa480:\t0x01\t0x55\t0x94\t0x02\t0x16\t0x0c\t0x01\t0x00\n"
~"0xa488:\t0x01\t0x46\t0x44\t0x02\t0x02\t0x08\t0x01\t0x02\n"
*running,thread-id="all"
=breakpoint-modified,bkpt={number="5",type="breakpoint",disp="keep",enabled="y",addr="0x00000ba9",thread-groups=["i1"],times="148",script={"silent","if *(unsigned char *)0x0061 != 0","printf \"SAMPLE %u FRAME %u\\n\", $samples, *(unsigned char *)0x0000","x/32bx 0xa470","set $samples = $samples + 1","end","if $samples >= 1024","disable 5","else","continue","end"},original-location="*0x0ba9"}
*stopped
~"SAMPLE 147 FRAME 150\n"
~"0xa470:\t0x01\t0x89\t0xff\t0x03\t0x10\t0x16\t0x01\t0x01\n"
~"0xa478:\t0x01\t0x5b\t0xbc\t0x03\t0x10\t0x0c\t0x01\t0x02\n"
~"0xa480:\t0x01\t0x54\t0x54\t0x03\t0x16\t0x0c\t0x01\t0x00\n"
~"0xa488:\t0x01\t0x47\t0x84\t0x03\t0x02\t0x08\t0x01\t0x02\n"
*running,thread-id="all"
=breakpoint-modified,bkpt={number="5",type="breakpoint",disp="keep",enabled="y",addr="0x00000ba9",thread-groups=["i1"],times="149",script={"silent","if *(unsigned char *)0x0061 != 0","printf \"SAMPLE %u FRAME %u\\n\", $samples, *(unsigned char *)0x0000","x/32bx 0xa470","set $samples = $samples + 1","end","if $samples >= 1024","disable 5","else","continue","end"},original-location="*0x0ba9"}
*stopped
~"SAMPLE 148 FRAME 156\n"
~"0xa470:\t0x01\t0x8a\t0x00\t0x00\t0x11\t0x16\t0x01\t0x01\n"
~"0xa478:\t0x01\t0x5c\t0xfc\t0x00\t0x10\t0x0d\t0x01\t0x02\n"
~"0xa480:\t0x01\t0x53\t0x14\t0x00\t0x16\t0x0b\t0x01\t0x00\n"
~"0xa488:\t0x01\t0x48\t0xc4\t0x00\t0x02\t0x09\t0x01\t0x02\n"
*running,thread-id="all"
=breakpoint-modified,bkpt={number="5",type="breakpoint",disp="keep",enabled="y",addr="0x00000ba9",thread-groups=["i1"],times="150",script={"silent","if *(unsigned char *)0x0061 != 0","printf \"SAMPLE %u FRAME %u\\n\", $samples, *(unsigned char *)0x0000","x/32bx 0xa470","set $samples = $samples + 1","end","if $samples >= 1024","disable 5","else","continue","end"},original-location="*0x0ba9"}
*stopped
~"SAMPLE 149 FRAME 160\n"
~"0xa470:\t0x01\t0x8a\t0x01\t0x01\t0x11\t0x16\t0x01\t0x01\n"
~"0xa478:\t0x01\t0x5e\t0x3c\t0x01\t0x10\t0x0d\t0x01\t0x02\n"
~"0xa480:\t0x01\t0x51\t0xd4\t0x01\t0x16\t0x0b\t0x01\t0x00\n"
~"0xa488:\t0x01\t0x4a\t0x04\t0x01\t0x02\t0x09\t0x01\t0x02\n"
*running,thread-id="all"
=breakpoint-modified,bkpt={number="5",type="breakpoint",disp="keep",enabled="y",addr="0x00000ba9",thread-groups=["i1"],times="151",script={"silent","if *(unsigned char *)0x0061 != 0","printf \"SAMPLE %u FRAME %u\\n\", $samples, *(unsigned char *)0x0000","x/32bx 0xa470","set $samples = $samples + 1","end","if $samples >= 1024","disable 5","else","continue","end"},original-location="*0x0ba9"}
*stopped
~"SAMPLE 150 FRAME 164\n"
~"0xa470:\t0x01\t0x8a\t0x02\t0x02\t0x11\t0x16\t0x01\t0x01\n"
~"0xa478:\t0x01\t0x5f\t0x7c\t0x02\t0x10\t0x0d\t0x01\t0x02\n"
~"0xa480:\t0x01\t0x50\t0x94\t0x02\t0x16\t0x0b\t0x01\t0x00\n"
~"0xa488:\t0x01\t0x4b\t0x44\t0x02\t0x02\t0x09\t0x01\t0x02\n"
*running,thread-id="all"
=breakpoint-modified,bkpt={number="5",type="breakpoint",disp="keep",enabled="y",addr="0x00000ba9",thread-groups=["i1"],times="152",script={"silent","if *(unsigned char *)0x0061 != 0","printf \"SAMPLE %u FRAME %u\\n\", $samples, *(unsigned char *)0x0000","x/32bx 0xa470","set $samples = $samples + 1","end","if $samples >= 1024","disable 5","else","continue","end"},original-location="*0x0ba9"}
*stopped
~"SAMPLE 151 FRAME 168\n"
~"0xa470:\t0x01\t0x8a\t0x03\t0x03\t0x11\t0x16\t0x01\t0x01\n"
~"0xa478:\t0x01\t0x60\t0xbc\t0x03\t0x10\t0x0d\t0x01\t0x02\n"
~"0xa480:\t0x01\t0x4f\t0x54\t0x03\t0x16\t0x0b\t0x01\t0x00\n"
~"0xa488:\t0x01\t0x4c\t0x84\t0x03\t0x02\t0x09\t0x01\t0x02\n"
*running,thread-id="all"
=breakpoint-modified,bkpt={number="5",type="breakpoint",disp="keep",enabled="y",addr="0x00000ba9",thread-groups=["i1"],times="153",script={"silent","if *(unsigned char *)0x0061 != 0","printf \"SAMPLE %u FRAME %u\\n\", $samples, *(unsigned char *)0x0000","x/32bx 0xa470","set $samples = $samples + 1","end","if $samples >= 1024","disable 5","else","continue","end"},original-location="*0x0ba9"}
*stopped
~"SAMPLE 152 FRAME 172\n"
~"0xa470:\t0x01\t0x8a\t0x04\t0x00\t0x12\t0x16\t0x01\t0x01\n"
~"0xa478:\t0x01\t0x61\t0xfc\t0x00\t0x10\t0x0e\t0x01\t0x02\n"
~"0xa480:\t0x01\t0x4e\t0x14\t0x00\t0x16\t0x0a\t0x01\t0x03\n"
~"0xa488:\t0x01\t0x4d\t0xc4\t0x00\t0x02\t0x0a\t0x01\t0x01\n"
*running,thread-id="all"
=breakpoint-modified,bkpt={number="5",type="breakpoint",disp="keep",enabled="y",addr="0x00000ba9",thread-groups=["i1"],times="154",script={"silent","if *(unsigned char *)0x0061 != 0","printf \"SAMPLE %u FRAME %u\\n\", $samples, *(unsigned char *)0x0000","x/32bx 0xa470","set $samples = $samples + 1","end","if $samples >= 1024","disable 5","else","continue","end"},original-location="*0x0ba9"}
*stopped
~"SAMPLE 153 FRAME 176\n"
~"0xa470:\t0x01\t0x8a\t0x05\t0x01\t0x12\t0x16\t0x01\t0x01\n"
~"0xa478:\t0x01\t0x63\t0x3c\t0x01\t0x10\t0x0e\t0x01\t0x02\n"
~"0xa480:\t0x01\t0x4e\t0x13\t0x01\t0x16\t0x0a\t0x01\t0x03\n"
~"0xa488:\t0x01\t0x4d\t0xc5\t0x01\t0x02\t0x0a\t0x01\t0x01\n"
*running,thread-id="all"
=breakpoint-modified,bkpt={number="5",type="breakpoint",disp="keep",enabled="y",addr="0x00000ba9",thread-groups=["i1"],times="155",script={"silent","if *(unsigned char *)0x0061 != 0","printf \"SAMPLE %u FRAME %u\\n\", $samples, *(unsigned char *)0x0000","x/32bx 0xa470","set $samples = $samples + 1","end","if $samples >= 1024","disable 5","else","continue","end"},original-location="*0x0ba9"}
*stopped
~"SAMPLE 154 FRAME 180\n"
~"0xa470:\t0x01\t0x8a\t0x06\t0x02\t0x12\t0x16\t0x01\t0x01\n"
~"0xa478:\t0x01\t0x64\t0x7c\t0x02\t0x10\t0x0e\t0x01\t0x02\n"
~"0xa480:\t0x01\t0x4e\t0x12\t0x02\t0x16\t0x0a\t0x01\t0x03\n"
~"0xa488:\t0x01\t0x4d\t0xc6\t0x02\t0x02\t0x0a\t0x01\t0x01\n"
*running,thread-id="all"
=breakpoint-modified,bkpt={number="5",type="breakpoint",disp="keep",enabled="y",addr="0x00000ba9",thread-groups=["i1"],times="156",script={"silent","if *(unsigned char *)0x0061 != 0","printf \"SAMPLE %u FRAME %u\\n\", $samples, *(unsigned char *)0x0000","x/32bx 0xa470","set $samples = $samples + 1","end","if $samples >= 1024","disable 5","else","continue","end"},original-location="*0x0ba9"}
*stopped
~"SAMPLE 155 FRAME 184\n"
~"0xa470:\t0x01\t0x8a\t0x07\t0x03\t0x12\t0x16\t0x01\t0x01\n"
~"0xa478:\t0x01\t0x65\t0xbc\t0x03\t0x10\t0x0e\t0x01\t0x02\n"
~"0xa480:\t0x01\t0x4e\t0x11\t0x03\t0x16\t0x0a\t0x01\t0x03\n"
~"0xa488:\t0x01\t0x4d\t0xc7\t0x03\t0x02\t0x0a\t0x01\t0x01\n"
*running,thread-id="all"
=breakpoint-modified,bkpt={number="5",type="breakpoint",disp="keep",enabled="y",addr="0x00000ba9",thread-groups=["i1"],times="157",script={"silent","if *(unsigned char *)0x0061 != 0","printf \"SAMPLE %u FRAME %u\\n\", $samples, *(unsigned char *)0x0000","x/32bx 0xa470","set $samples = $samples + 1","end","if $samples >= 1024","disable 5","else","continue","end"},original-location="*0x0ba9"}
*stopped
~"SAMPLE 156 FRAME 188\n"
~"0xa470:\t0x01\t0x8a\t0x08\t0x00\t0x13\t0x16\t0x01\t0x01\n"
~"0xa478:\t0x01\t0x66\t0xfc\t0x00\t0x10\t0x0f\t0x01\t0x02\n"
~"0xa480:\t0x01\t0x4e\t0x10\t0x00\t0x15\t0x0a\t0x01\t0x03\n"
~"0xa488:\t0x01\t0x4d\t0xc8\t0x00\t0x03\t0x0a\t0x01\t0x01\n"
*running,thread-id="all"
=breakpoint-modified,bkpt={number="5",type="breakpoint",disp="keep",enabled="y",addr="0x00000ba9",thread-groups=["i1"],times="158",script={"silent","if *(unsigned char *)0x0061 != 0","printf \"SAMPLE %u FRAME %u\\n\", $samples, *(unsigned char *)0x0000","x/32bx 0xa470","set $samples = $samples + 1","end","if $samples >= 1024","disable 5","else","continue","end"},original-location="*0x0ba9"}
*stopped
~"SAMPLE 157 FRAME 192\n"
~"0xa470:\t0x01\t0x8a\t0x09\t0x01\t0x13\t0x16\t0x01\t0x01\n"
~"0xa478:\t0x01\t0x68\t0x3c\t0x01\t0x10\t0x0f\t0x01\t0x02\n"
~"0xa480:\t0x01\t0x4e\t0x0f\t0x01\t0x15\t0x0a\t0x01\t0x03\n"
~"0xa488:\t0x01\t0x4d\t0xc9\t0x01\t0x03\t0x0a\t0x01\t0x01\n"
*running,thread-id="all"
=breakpoint-modified,bkpt={number="5",type="breakpoint",disp="keep",enabled="y",addr="0x00000ba9",thread-groups=["i1"],times="159",script={"silent","if *(unsigned char *)0x0061 != 0","printf \"SAMPLE %u FRAME %u\\n\", $samples, *(unsigned char *)0x0000","x/32bx 0xa470","set $samples = $samples + 1","end","if $samples >= 1024","disable 5","else","continue","end"},original-location="*0x0ba9"}
*stopped
~"SAMPLE 158 FRAME 196\n"
~"0xa470:\t0x01\t0x8a\t0x0a\t0x02\t0x13\t0x16\t0x01\t0x01\n"
~"0xa478:\t0x01\t0x69\t0x7c\t0x02\t0x10\t0x0f\t0x01\t0x02\n"
~"0xa480:\t0x01\t0x4e\t0x0e\t0x02\t0x15\t0x0a\t0x01\t0x03\n"
~"0xa488:\t0x01\t0x4d\t0xca\t0x02\t0x03\t0x0a\t0x01\t0x01\n"
*running,thread-id="all"
=breakpoint-modified,bkpt={number="5",type="breakpoint",disp="keep",enabled="y",addr="0x00000ba9",thread-groups=["i1"],times="160",script={"silent","if *(unsigned char *)0x0061 != 0","printf \"SAMPLE %u FRAME %u\\n\", $samples, *(unsigned char *)0x0000","x/32bx 0xa470","set $samples = $samples + 1","end","if $samples >= 1024","disable 5","else","continue","end"},original-location="*0x0ba9"}
*stopped
~"SAMPLE 159 FRAME 200\n"
~"0xa470:\t0x01\t0x8a\t0x0b\t0x03\t0x13\t0x16\t0x01\t0x01\n"
~"0xa478:\t0x01\t0x6a\t0xbc\t0x03\t0x10\t0x0f\t0x01\t0x02\n"
~"0xa480:\t0x01\t0x4e\t0x0d\t0x03\t0x15\t0x0a\t0x01\t0x03\n"
~"0xa488:\t0x01\t0x4d\t0xcb\t0x03\t0x03\t0x0a\t0x01\t0x01\n"
*running,thread-id="all"
=breakpoint-modified,bkpt={number="5",type="breakpoint",disp="keep",enabled="y",addr="0x00000ba9",thread-groups=["i1"],times="161",script={"silent","if *(unsigned char *)0x0061 != 0","printf \"SAMPLE %u FRAME %u\\n\", $samples, *(unsigned char *)0x0000","x/32bx 0xa470","set $samples = $samples + 1","end","if $samples >= 1024","disable 5","else","continue","end"},original-location="*0x0ba9"}
*stopped
~"SAMPLE 160 FRAME 206\n"
~"0xa470:\t0x01\t0x8a\t0x0c\t0x00\t0x14\t0x16\t0x01\t0x01\n"
~"0xa478:\t0x01\t0x6b\t0xfc\t0x00\t0x10\t0x10\t0x01\t0x02\n"
~"0xa480:\t0x01\t0x4e\t0x0c\t0x00\t0x14\t0x0a\t0x01\t0x03\n"
~"0xa488:\t0x01\t0x4d\t0xcc\t0x00\t0x04\t0x0a\t0x01\t0x01\n"
*running,thread-id="all"
=breakpoint-modified,bkpt={number="5",type="breakpoint",disp="keep",enabled="y",addr="0x00000ba9",thread-groups=["i1"],times="162",script={"silent","if *(unsigned char *)0x0061 != 0","printf \"SAMPLE %u FRAME %u\\n\", $samples, *(unsigned char *)0x0000","x/32bx 0xa470","set $samples = $samples + 1","end","if $samples >= 1024","disable 5","else","continue","end"},original-location="*0x0ba9"}
*stopped
~"SAMPLE 161 FRAME 210\n"
~"0xa470:\t0x01\t0x8a\t0x0d\t0x01\t0x14\t0x16\t0x01\t0x01\n"
~"0xa478:\t0x01\t0x6d\t0x3c\t0x01\t0x10\t0x10\t0x01\t0x02\n"
~"0xa480:\t0x01\t0x4e\t0x0b\t0x01\t0x14\t0x0a\t0x01\t0x03\n"
~"0xa488:\t0x01\t0x4d\t0xcd\t0x01\t0x04\t0x0a\t0x01\t0x01\n"
*running,thread-id="all"
=breakpoint-modified,bkpt={number="5",type="breakpoint",disp="keep",enabled="y",addr="0x00000ba9",thread-groups=["i1"],times="163",script={"silent","if *(unsigned char *)0x0061 != 0","printf \"SAMPLE %u FRAME %u\\n\", $samples, *(unsigned char *)0x0000","x/32bx 0xa470","set $samples = $samples + 1","end","if $samples >= 1024","disable 5","else","continue","end"},original-location="*0x0ba9"}
*stopped
~"SAMPLE 162 FRAME 214\n"
~"0xa470:\t0x01\t0x8a\t0x0e\t0x02\t0x14\t0x16\t0x01\t0x01\n"
~"0xa478:\t0x01\t0x6e\t0x7c\t0x02\t0x10\t0x10\t0x01\t0x02\n"
~"0xa480:\t0x01\t0x4e\t0x0a\t0x02\t0x14\t0x0a\t0x01\t0x03\n"
~"0xa488:\t0x01\t0x4d\t0xce\t0x02\t0x04\t0x0a\t0x01\t0x01\n"
*running,thread-id="all"
=breakpoint-modified,bkpt={number="5",type="breakpoint",disp="keep",enabled="y",addr="0x00000ba9",thread-groups=["i1"],times="164",script={"silent","if *(unsigned char *)0x0061 != 0","printf \"SAMPLE %u FRAME %u\\n\", $samples, *(unsigned char *)0x0000","x/32bx 0xa470","set $samples = $samples + 1","end","if $samples >= 1024","disable 5","else","continue","end"},original-location="*0x0ba9"}
*stopped
~"SAMPLE 163 FRAME 218\n"
~"0xa470:\t0x01\t0x8a\t0x0f\t0x03\t0x14\t0x16\t0x01\t0x01\n"
~"0xa478:\t0x01\t0x6f\t0xbc\t0x03\t0x10\t0x10\t0x01\t0x02\n"
~"0xa480:\t0x01\t0x4e\t0x09\t0x03\t0x14\t0x0a\t0x01\t0x03\n"
~"0xa488:\t0x01\t0x4d\t0xcf\t0x03\t0x04\t0x0a\t0x01\t0x01\n"
*running,thread-id="all"
=breakpoint-modified,bkpt={number="5",type="breakpoint",disp="keep",enabled="y",addr="0x00000ba9",thread-groups=["i1"],times="165",script={"silent","if *(unsigned char *)0x0061 != 0","printf \"SAMPLE %u FRAME %u\\n\", $samples, *(unsigned char *)0x0000","x/32bx 0xa470","set $samples = $samples + 1","end","if $samples >= 1024","disable 5","else","continue","end"},original-location="*0x0ba9"}
*stopped
~"SAMPLE 164 FRAME 222\n"
~"0xa470:\t0x01\t0x8a\t0x10\t0x00\t0x15\t0x16\t0x01\t0x01\n"
~"0xa478:\t0x01\t0x70\t0xfc\t0x00\t0x10\t0x11\t0x01\t0x02\n"
~"0xa480:\t0x01\t0x4e\t0x08\t0x00\t0x13\t0x0a\t0x01\t0x03\n"
~"0xa488:\t0x01\t0x4d\t0xd0\t0x00\t0x05\t0x0a\t0x01\t0x01\n"
*running,thread-id="all"
=breakpoint-modified,bkpt={number="5",type="breakpoint",disp="keep",enabled="y",addr="0x00000ba9",thread-groups=["i1"],times="166",script={"silent","if *(unsigned char *)0x0061 != 0","printf \"SAMPLE %u FRAME %u\\n\", $samples, *(unsigned char *)0x0000","x/32bx 0xa470","set $samples = $samples + 1","end","if $samples >= 1024","disable 5","else","continue","end"},original-location="*0x0ba9"}
*stopped
~"SAMPLE 165 FRAME 226\n"
~"0xa470:\t0x01\t0x8a\t0x11\t0x01\t0x15\t0x16\t0x01\t0x01\n"
~"0xa478:\t0x01\t0x72\t0x3c\t0x01\t0x10\t0x11\t0x01\t0x02\n"
~"0xa480:\t0x01\t0x4e\t0x07\t0x01\t0x13\t0x0a\t0x01\t0x03\n"
~"0xa488:\t0x01\t0x4d\t0xd1\t0x01\t0x05\t0x0a\t0x01\t0x01\n"
*running,thread-id="all"
=breakpoint-modified,bkpt={number="5",type="breakpoint",disp="keep",enabled="y",addr="0x00000ba9",thread-groups=["i1"],times="167",script={"silent","if *(unsigned char *)0x0061 != 0","printf \"SAMPLE %u FRAME %u\\n\", $samples, *(unsigned char *)0x0000","x/32bx 0xa470","set $samples = $samples + 1","end","if $samples >= 1024","disable 5","else","continue","end"},original-location="*0x0ba9"}
*stopped
~"SAMPLE 166 FRAME 230\n"
~"0xa470:\t0x01\t0x8a\t0x12\t0x02\t0x15\t0x16\t0x01\t0x01\n"
~"0xa478:\t0x01\t0x73\t0x7c\t0x02\t0x10\t0x11\t0x01\t0x02\n"
~"0xa480:\t0x01\t0x4e\t0x06\t0x02\t0x13\t0x0a\t0x01\t0x03\n"
~"0xa488:\t0x01\t0x4d\t0xd2\t0x02\t0x05\t0x0a\t0x01\t0x01\n"
*running,thread-id="all"
=breakpoint-modified,bkpt={number="5",type="breakpoint",disp="keep",enabled="y",addr="0x00000ba9",thread-groups=["i1"],times="168",script={"silent","if *(unsigned char *)0x0061 != 0","printf \"SAMPLE %u FRAME %u\\n\", $samples, *(unsigned char *)0x0000","x/32bx 0xa470","set $samples = $samples + 1","end","if $samples >= 1024","disable 5","else","continue","end"},original-location="*0x0ba9"}
*stopped
~"SAMPLE 167 FRAME 234\n"
~"0xa470:\t0x01\t0x8a\t0x13\t0x03\t0x15\t0x16\t0x01\t0x01\n"
~"0xa478:\t0x01\t0x74\t0xbc\t0x03\t0x10\t0x11\t0x01\t0x02\n"
~"0xa480:\t0x01\t0x4e\t0x05\t0x03\t0x13\t0x0a\t0x01\t0x03\n"
~"0xa488:\t0x01\t0x4d\t0xd3\t0x03\t0x05\t0x0a\t0x01\t0x01\n"
*running,thread-id="all"
=breakpoint-modified,bkpt={number="5",type="breakpoint",disp="keep",enabled="y",addr="0x00000ba9",thread-groups=["i1"],times="169",script={"silent","if *(unsigned char *)0x0061 != 0","printf \"SAMPLE %u FRAME %u\\n\", $samples, *(unsigned char *)0x0000","x/32bx 0xa470","set $samples = $samples + 1","end","if $samples >= 1024","disable 5","else","continue","end"},original-location="*0x0ba9"}
*stopped
~"SAMPLE 168 FRAME 238\n"
~"0xa470:\t0x01\t0x8a\t0x14\t0x00\t0x16\t0x16\t0x01\t0x00\n"
~"0xa478:\t0x01\t0x75\t0xfc\t0x00\t0x10\t0x12\t0x01\t0x03\n"
~"0xa480:\t0x01\t0x4e\t0x04\t0x00\t0x12\t0x0a\t0x01\t0x02\n"
~"0xa488:\t0x01\t0x4d\t0xd4\t0x00\t0x06\t0x0a\t0x01\t0x00\n"
*running,thread-id="all"
=breakpoint-modified,bkpt={number="5",type="breakpoint",disp="keep",enabled="y",addr="0x00000ba9",thread-groups=["i1"],times="170",script={"silent","if *(unsigned char *)0x0061 != 0","printf \"SAMPLE %u FRAME %u\\n\", $samples, *(unsigned char *)0x0000","x/32bx 0xa470","set $samples = $samples + 1","end","if $samples >= 1024","disable 5","else","continue","end"},original-location="*0x0ba9"}
*stopped
~"SAMPLE 169 FRAME 242\n"
~"0xa470:\t0x01\t0x88\t0xd4\t0x01\t0x16\t0x16\t0x01\t0x00\n"
~"0xa478:\t0x01\t0x75\t0xfb\t0x01\t0x10\t0x12\t0x01\t0x03\n"
~"0xa480:\t0x01\t0x4f\t0x44\t0x01\t0x12\t0x0a\t0x01\t0x02\n"
~"0xa488:\t0x01\t0x4c\t0x94\t0x01\t0x06\t0x0a\t0x01\t0x00\n"
*running,thread-id="all"
=breakpoint-modified,bkpt={number="5",type="breakpoint",disp="keep",enabled="y",addr="0x00000ba9",thread-groups=["i1"],times="171",script={"silent","if *(unsigned char *)0x0061 != 0","printf \"SAMPLE %u FRAME %u\\n\", $samples, *(unsigned char *)0x0000","x/32bx 0xa470","set $samples = $samples + 1","end","if $samples >= 1024","disable 5","else","continue","end"},original-location="*0x0ba9"}
*stopped
~"SAMPLE 170 FRAME 246\n"
~"0xa470:\t0x01\t0x87\t0x94\t0x02\t0x16\t0x16\t0x01\t0x00\n"
~"0xa478:\t0x01\t0x75\t0xfa\t0x02\t0x10\t0x12\t0x01\t0x03\n"
~"0xa480:\t0x01\t0x50\t0x84\t0x02\t0x12\t0x0a\t0x01\t0x02\n"
~"0xa488:\t0x01\t0x4b\t0x54\t0x02\t0x06\t0x0a\t0x01\t0x00\n"
*running,thread-id="all"
=breakpoint-modified,bkpt={number="5",type="breakpoint",disp="keep",enabled="y",addr="0x00000ba9",thread-groups=["i1"],times="172",script={"silent","if *(unsigned char *)0x0061 != 0","printf \"SAMPLE %u FRAME %u\\n\", $samples, *(unsigned char *)0x0000","x/32bx 0xa470","set $samples = $samples + 1","end","if $samples >= 1024","disable 5","else","continue","end"},original-location="*0x0ba9"}
*stopped
~"SAMPLE 171 FRAME 250\n"
~"0xa470:\t0x01\t0x86\t0x54\t0x03\t0x16\t0x16\t0x01\t0x00\n"
~"0xa478:\t0x01\t0x75\t0xf9\t0x03\t0x10\t0x12\t0x01\t0x03\n"
~"0xa480:\t0x01\t0x51\t0xc4\t0x03\t0x12\t0x0a\t0x01\t0x02\n"
~"0xa488:\t0x01\t0x4a\t0x14\t0x03\t0x06\t0x0a\t0x01\t0x00\n"
*running,thread-id="all"
=breakpoint-modified,bkpt={number="5",type="breakpoint",disp="keep",enabled="y",addr="0x00000ba9",thread-groups=["i1"],times="173",script={"silent","if *(unsigned char *)0x0061 != 0","printf \"SAMPLE %u FRAME %u\\n\", $samples, *(unsigned char *)0x0000","x/32bx 0xa470","set $samples = $samples + 1","end","if $samples >= 1024","disable 5","else","continue","end"},original-location="*0x0ba9"}
*stopped
~"SAMPLE 172 FRAME 0\n"
~"0xa470:\t0x01\t0x85\t0x14\t0x00\t0x16\t0x15\t0x01\t0x00\n"
~"0xa478:\t0x01\t0x75\t0xf8\t0x00\t0x0f\t0x12\t0x01\t0x03\n"
~"0xa480:\t0x01\t0x53\t0x04\t0x00\t0x12\t0x0b\t0x01\t0x02\n"
~"0xa488:\t0x01\t0x48\t0xd4\t0x00\t0x06\t0x09\t0x01\t0x00\n"
*running,thread-id="all"
=breakpoint-modified,bkpt={number="5",type="breakpoint",disp="keep",enabled="y",addr="0x00000ba9",thread-groups=["i1"],times="174",script={"silent","if *(unsigned char *)0x0061 != 0","printf \"SAMPLE %u FRAME %u\\n\", $samples, *(unsigned char *)0x0000","x/32bx 0xa470","set $samples = $samples + 1","end","if $samples >= 1024","disable 5","else","continue","end"},original-location="*0x0ba9"}
*stopped
~"SAMPLE 173 FRAME 4\n"
~"0xa470:\t0x01\t0x83\t0xd4\t0x01\t0x16\t0x15\t0x01\t0x00\n"
~"0xa478:\t0x01\t0x75\t0xf7\t0x01\t0x0f\t0x12\t0x01\t0x03\n"
~"0xa480:\t0x01\t0x54\t0x44\t0x01\t0x12\t0x0b\t0x01\t0x02\n"
~"0xa488:\t0x01\t0x47\t0x94\t0x01\t0x06\t0x09\t0x01\t0x00\n"
*running,thread-id="all"
=breakpoint-modified,bkpt={number="5",type="breakpoint",disp="keep",enabled="y",addr="0x00000ba9",thread-groups=["i1"],times="175",script={"silent","if *(unsigned char *)0x0061 != 0","printf \"SAMPLE %u FRAME %u\\n\", $samples, *(unsigned char *)0x0000","x/32bx 0xa470","set $samples = $samples + 1","end","if $samples >= 1024","disable 5","else","continue","end"},original-location="*0x0ba9"}
*stopped
~"SAMPLE 174 FRAME 8\n"
~"0xa470:\t0x01\t0x82\t0x94\t0x02\t0x16\t0x15\t0x01\t0x00\n"
~"0xa478:\t0x01\t0x75\t0xf6\t0x02\t0x0f\t0x12\t0x01\t0x03\n"
~"0xa480:\t0x01\t0x55\t0x84\t0x02\t0x12\t0x0b\t0x01\t0x02\n"
~"0xa488:\t0x01\t0x46\t0x54\t0x02\t0x06\t0x09\t0x01\t0x00\n"
*running,thread-id="all"
=breakpoint-modified,bkpt={number="5",type="breakpoint",disp="keep",enabled="y",addr="0x00000ba9",thread-groups=["i1"],times="176",script={"silent","if *(unsigned char *)0x0061 != 0","printf \"SAMPLE %u FRAME %u\\n\", $samples, *(unsigned char *)0x0000","x/32bx 0xa470","set $samples = $samples + 1","end","if $samples >= 1024","disable 5","else","continue","end"},original-location="*0x0ba9"}
*stopped
~"SAMPLE 175 FRAME 12\n"
~"0xa470:\t0x01\t0x81\t0x54\t0x03\t0x16\t0x15\t0x01\t0x00\n"
~"0xa478:\t0x01\t0x75\t0xf5\t0x03\t0x0f\t0x12\t0x01\t0x03\n"
~"0xa480:\t0x01\t0x56\t0xc4\t0x03\t0x12\t0x0b\t0x01\t0x02\n"
~"0xa488:\t0x01\t0x45\t0x14\t0x03\t0x06\t0x09\t0x01\t0x00\n"
*running,thread-id="all"
=breakpoint-modified,bkpt={number="5",type="breakpoint",disp="keep",enabled="y",addr="0x00000ba9",thread-groups=["i1"],times="177",script={"silent","if *(unsigned char *)0x0061 != 0","printf \"SAMPLE %u FRAME %u\\n\", $samples, *(unsigned char *)0x0000","x/32bx 0xa470","set $samples = $samples + 1","end","if $samples >= 1024","disable 5","else","continue","end"},original-location="*0x0ba9"}
*stopped
~"SAMPLE 176 FRAME 16\n"
~"0xa470:\t0x01\t0x80\t0x14\t0x00\t0x16\t0x14\t0x01\t0x00\n"
~"0xa478:\t0x01\t0x75\t0xf4\t0x00\t0x0e\t0x12\t0x01\t0x03\n"
~"0xa480:\t0x01\t0x58\t0x04\t0x00\t0x12\t0x0c\t0x01\t0x02\n"
~"0xa488:\t0x01\t0x43\t0xd4\t0x00\t0x06\t0x08\t0x01\t0x01\n"
*running,thread-id="all"
=breakpoint-modified,bkpt={number="5",type="breakpoint",disp="keep",enabled="y",addr="0x00000ba9",thread-groups=["i1"],times="178",script={"silent","if *(unsigned char *)0x0061 != 0","printf \"SAMPLE %u FRAME %u\\n\", $samples, *(unsigned char *)0x0000","x/32bx 0xa470","set $samples = $samples + 1","end","if $samples >= 1024","disable 5","else","continue","end"},original-location="*0x0ba9"}
*stopped
~"SAMPLE 177 FRAME 20\n"
~"0xa470:\t0x01\t0x7e\t0xd4\t0x01\t0x16\t0x14\t0x01\t0x00\n"
~"0xa478:\t0x01\t0x75\t0xf3\t0x01\t0x0e\t0x12\t0x01\t0x03\n"
~"0xa480:\t0x01\t0x59\t0x44\t0x01\t0x12\t0x0c\t0x01\t0x02\n"
~"0xa488:\t0x01\t0x43\t0xd5\t0x01\t0x06\t0x08\t0x01\t0x01\n"
*running,thread-id="all"
=breakpoint-modified,bkpt={number="5",type="breakpoint",disp="keep",enabled="y",addr="0x00000ba9",thread-groups=["i1"],times="179",script={"silent","if *(unsigned char *)0x0061 != 0","printf \"SAMPLE %u FRAME %u\\n\", $samples, *(unsigned char *)0x0000","x/32bx 0xa470","set $samples = $samples + 1","end","if $samples >= 1024","disable 5","else","continue","end"},original-location="*0x0ba9"}
*stopped
~"SAMPLE 178 FRAME 24\n"
~"0xa470:\t0x01\t0x7d\t0x94\t0x02\t0x16\t0x14\t0x01\t0x00\n"
~"0xa478:\t0x01\t0x75\t0xf2\t0x02\t0x0e\t0x12\t0x01\t0x03\n"
~"0xa480:\t0x01\t0x5a\t0x84\t0x02\t0x12\t0x0c\t0x01\t0x02\n"
~"0xa488:\t0x01\t0x43\t0xd6\t0x02\t0x06\t0x08\t0x01\t0x01\n"
*running,thread-id="all"
=breakpoint-modified,bkpt={number="5",type="breakpoint",disp="keep",enabled="y",addr="0x00000ba9",thread-groups=["i1"],times="180",script={"silent","if *(unsigned char *)0x0061 != 0","printf \"SAMPLE %u FRAME %u\\n\", $samples, *(unsigned char *)0x0000","x/32bx 0xa470","set $samples = $samples + 1","end","if $samples >= 1024","disable 5","else","continue","end"},original-location="*0x0ba9"}
*stopped
~"SAMPLE 179 FRAME 28\n"
~"0xa470:\t0x01\t0x7c\t0x54\t0x03\t0x16\t0x14\t0x01\t0x00\n"
~"0xa478:\t0x01\t0x75\t0xf1\t0x03\t0x0e\t0x12\t0x01\t0x03\n"
~"0xa480:\t0x01\t0x5b\t0xc4\t0x03\t0x12\t0x0c\t0x01\t0x02\n"
~"0xa488:\t0x01\t0x43\t0xd7\t0x03\t0x06\t0x08\t0x01\t0x01\n"
*running,thread-id="all"
=breakpoint-modified,bkpt={number="5",type="breakpoint",disp="keep",enabled="y",addr="0x00000ba9",thread-groups=["i1"],times="181",script={"silent","if *(unsigned char *)0x0061 != 0","printf \"SAMPLE %u FRAME %u\\n\", $samples, *(unsigned char *)0x0000","x/32bx 0xa470","set $samples = $samples + 1","end","if $samples >= 1024","disable 5","else","continue","end"},original-location="*0x0ba9"}
*stopped
~"SAMPLE 180 FRAME 32\n"
~"0xa470:\t0x01\t0x7b\t0x14\t0x00\t0x16\t0x13\t0x01\t0x00\n"
~"0xa478:\t0x01\t0x75\t0xf0\t0x00\t0x0d\t0x12\t0x01\t0x03\n"
~"0xa480:\t0x01\t0x5d\t0x04\t0x00\t0x12\t0x0d\t0x01\t0x02\n"
~"0xa488:\t0x01\t0x43\t0xd8\t0x00\t0x07\t0x08\t0x01\t0x01\n"
*running,thread-id="all"
=breakpoint-modified,bkpt={number="5",type="breakpoint",disp="keep",enabled="y",addr="0x00000ba9",thread-groups=["i1"],times="182",script={"silent","if *(unsigned char *)0x0061 != 0","printf \"SAMPLE %u FRAME %u\\n\", $samples, *(unsigned char *)0x0000","x/32bx 0xa470","set $samples = $samples + 1","end","if $samples >= 1024","disable 5","else","continue","end"},original-location="*0x0ba9"}
*stopped
~"SAMPLE 181 FRAME 36\n"
~"0xa470:\t0x01\t0x79\t0xd4\t0x01\t0x16\t0x13\t0x01\t0x00\n"
~"0xa478:\t0x01\t0x75\t0xef\t0x01\t0x0d\t0x12\t0x01\t0x03\n"
~"0xa480:\t0x01\t0x5e\t0x44\t0x01\t0x12\t0x0d\t0x01\t0x02\n"
~"0xa488:\t0x01\t0x43\t0xd9\t0x01\t0x07\t0x08\t0x01\t0x01\n"
*running,thread-id="all"
=breakpoint-modified,bkpt={number="5",type="breakpoint",disp="keep",enabled="y",addr="0x00000ba9",thread-groups=["i1"],times="183",script={"silent","if *(unsigned char *)0x0061 != 0","printf \"SAMPLE %u FRAME %u\\n\", $samples, *(unsigned char *)0x0000","x/32bx 0xa470","set $samples = $samples + 1","end","if $samples >= 1024","disable 5","else","continue","end"},original-location="*0x0ba9"}
*stopped
~"SAMPLE 182 FRAME 40\n"
~"0xa470:\t0x01\t0x78\t0x94\t0x02\t0x16\t0x13\t0x01\t0x00\n"
~"0xa478:\t0x01\t0x75\t0xee\t0x02\t0x0d\t0x12\t0x01\t0x03\n"
~"0xa480:\t0x01\t0x5f\t0x84\t0x02\t0x12\t0x0d\t0x01\t0x02\n"
~"0xa488:\t0x01\t0x43\t0xda\t0x02\t0x07\t0x08\t0x01\t0x01\n"
*running,thread-id="all"
=breakpoint-modified,bkpt={number="5",type="breakpoint",disp="keep",enabled="y",addr="0x00000ba9",thread-groups=["i1"],times="184",script={"silent","if *(unsigned char *)0x0061 != 0","printf \"SAMPLE %u FRAME %u\\n\", $samples, *(unsigned char *)0x0000","x/32bx 0xa470","set $samples = $samples + 1","end","if $samples >= 1024","disable 5","else","continue","end"},original-location="*0x0ba9"}
*stopped
~"SAMPLE 183 FRAME 44\n"
~"0xa470:\t0x01\t0x77\t0x54\t0x03\t0x16\t0x13\t0x01\t0x00\n"
~"0xa478:\t0x01\t0x75\t0xed\t0x03\t0x0d\t0x12\t0x01\t0x03\n"
~"0xa480:\t0x01\t0x60\t0xc4\t0x03\t0x12\t0x0d\t0x01\t0x02\n"
~"0xa488:\t0x01\t0x43\t0xdb\t0x03\t0x07\t0x08\t0x01\t0x01\n"
*running,thread-id="all"
=breakpoint-modified,bkpt={number="5",type="breakpoint",disp="keep",enabled="y",addr="0x00000ba9",thread-groups=["i1"],times="185",script={"silent","if *(unsigned char *)0x0061 != 0","printf \"SAMPLE %u FRAME %u\\n\", $samples, *(unsigned char *)0x0000","x/32bx 0xa470","set $samples = $samples + 1","end","if $samples >= 1024","disable 5","else","continue","end"},original-location="*0x0ba9"}
*stopped
~"SAMPLE 184 FRAME 50\n"
~"0xa470:\t0x01\t0x76\t0x14\t0x00\t0x16\t0x12\t0x01\t0x03\n"
~"0xa478:\t0x01\t0x75\t0xec\t0x00\t0x0c\t0x12\t0x01\t0x02\n"
~"0xa480:\t0x01\t0x62\t0x04\t0x00\t0x12\t0x0e\t0x01\t0x02\n"
~"0xa488:\t0x01\t0x43\t0xdc\t0x00\t0x08\t0x08\t0x01\t0x01\n"
*running,thread-id="all"
=breakpoint-modified,bkpt={number="5",type="breakpoint",disp="keep",enabled="y",addr="0x00000ba9",thread-groups=["i1"],times="186",script={"silent","if *(unsigned char *)0x0061 != 0","printf \"SAMPLE %u FRAME %u\\n\", $samples, *(unsigned char *)0x0000","x/32bx 0xa470","set $samples = $samples + 1","end","if $samples >= 1024","disable 5","else","continue","end"},original-location="*0x0ba9"}
*stopped
~"SAMPLE 185 FRAME 54\n"
~"0xa470:\t0x01\t0x76\t0x13\t0x01\t0x16\t0x12\t0x01\t0x03\n"
~"0xa478:\t0x01\t0x77\t0x2c\t0x01\t0x0c\t0x12\t0x01\t0x02\n"
~"0xa480:\t0x01\t0x63\t0x44\t0x01\t0x12\t0x0e\t0x01\t0x02\n"
~"0xa488:\t0x01\t0x43\t0xdd\t0x01\t0x08\t0x08\t0x01\t0x01\n"
*running,thread-id="all"
=breakpoint-modified,bkpt={number="5",type="breakpoint",disp="keep",enabled="y",addr="0x00000ba9",thread-groups=["i1"],times="187",script={"silent","if *(unsigned char *)0x0061 != 0","printf \"SAMPLE %u FRAME %u\\n\", $samples, *(unsigned char *)0x0000","x/32bx 0xa470","set $samples = $samples + 1","end","if $samples >= 1024","disable 5","else","continue","end"},original-location="*0x0ba9"}
*stopped
~"SAMPLE 186 FRAME 58\n"
~"0xa470:\t0x01\t0x76\t0x12\t0x02\t0x16\t0x12\t0x01\t0x03\n"
~"0xa478:\t0x01\t0x78\t0x6c\t0x02\t0x0c\t0x12\t0x01\t0x02\n"
~"0xa480:\t0x01\t0x64\t0x84\t0x02\t0x12\t0x0e\t0x01\t0x02\n"
~"0xa488:\t0x01\t0x43\t0xde\t0x02\t0x08\t0x08\t0x01\t0x01\n"
*running,thread-id="all"
=breakpoint-modified,bkpt={number="5",type="breakpoint",disp="keep",enabled="y",addr="0x00000ba9",thread-groups=["i1"],times="188",script={"silent","if *(unsigned char *)0x0061 != 0","printf \"SAMPLE %u FRAME %u\\n\", $samples, *(unsigned char *)0x0000","x/32bx 0xa470","set $samples = $samples + 1","end","if $samples >= 1024","disable 5","else","continue","end"},original-location="*0x0ba9"}
*stopped
~"SAMPLE 187 FRAME 62\n"
~"0xa470:\t0x01\t0x76\t0x11\t0x03\t0x16\t0x12\t0x01\t0x03\n"
~"0xa478:\t0x01\t0x79\t0xac\t0x03\t0x0c\t0x12\t0x01\t0x02\n"
~"0xa480:\t0x01\t0x65\t0xc4\t0x03\t0x12\t0x0e\t0x01\t0x02\n"
~"0xa488:\t0x01\t0x43\t0xdf\t0x03\t0x08\t0x08\t0x01\t0x01\n"
*running,thread-id="all"
=breakpoint-modified,bkpt={number="5",type="breakpoint",disp="keep",enabled="y",addr="0x00000ba9",thread-groups=["i1"],times="189",script={"silent","if *(unsigned char *)0x0061 != 0","printf \"SAMPLE %u FRAME %u\\n\", $samples, *(unsigned char *)0x0000","x/32bx 0xa470","set $samples = $samples + 1","end","if $samples >= 1024","disable 5","else","continue","end"},original-location="*0x0ba9"}
*stopped
~"SAMPLE 188 FRAME 66\n"
~"0xa470:\t0x01\t0x76\t0x10\t0x00\t0x15\t0x12\t0x01\t0x03\n"
~"0xa478:\t0x01\t0x7a\t0xec\t0x00\t0x0c\t0x13\t0x01\t0x02\n"
~"0xa480:\t0x01\t0x67\t0x04\t0x00\t0x12\t0x0f\t0x01\t0x02\n"
~"0xa488:\t0x01\t0x43\t0xe0\t0x00\t0x09\t0x08\t0x01\t0x01\n"
*running,thread-id="all"
=breakpoint-modified,bkpt={number="5",type="breakpoint",disp="keep",enabled="y",addr="0x00000ba9",thread-groups=["i1"],times="190",script={"silent","if *(unsigned char *)0x0061 != 0","printf \"SAMPLE %u FRAME %u\\n\", $samples, *(unsigned char *)0x0000","x/32bx 0xa470","set $samples = $samples + 1","end","if $samples >= 1024","disable 5","else","continue","end"},original-location="*0x0ba9"}
*stopped
~"SAMPLE 189 FRAME 70\n"
~"0xa470:\t0x01\t0x76\t0x0f\t0x01\t0x15\t0x12\t0x01\t0x03\n"
~"0xa478:\t0x01\t0x7c\t0x2c\t0x01\t0x0c\t0x13\t0x01\t0x02\n"
~"0xa480:\t0x01\t0x68\t0x44\t0x01\t0x12\t0x0f\t0x01\t0x02\n"
~"0xa488:\t0x01\t0x43\t0xe1\t0x01\t0x09\t0x08\t0x01\t0x01\n"
*running,thread-id="all"
=breakpoint-modified,bkpt={number="5",type="breakpoint",disp="keep",enabled="y",addr="0x00000ba9",thread-groups=["i1"],times="191",script={"silent","if *(unsigned char *)0x0061 != 0","printf \"SAMPLE %u FRAME %u\\n\", $samples, *(unsigned char *)0x0000","x/32bx 0xa470","set $samples = $samples + 1","end","if $samples >= 1024","disable 5","else","continue","end"},original-location="*0x0ba9"}
*stopped
~"SAMPLE 190 FRAME 74\n"
~"0xa470:\t0x01\t0x76\t0x0e\t0x02\t0x15\t0x12\t0x01\t0x03\n"
~"0xa478:\t0x01\t0x7d\t0x6c\t0x02\t0x0c\t0x13\t0x01\t0x02\n"
~"0xa480:\t0x01\t0x69\t0x84\t0x02\t0x12\t0x0f\t0x01\t0x02\n"
~"0xa488:\t0x01\t0x43\t0xe2\t0x02\t0x09\t0x08\t0x01\t0x01\n"
*running,thread-id="all"
=breakpoint-modified,bkpt={number="5",type="breakpoint",disp="keep",enabled="y",addr="0x00000ba9",thread-groups=["i1"],times="192",script={"silent","if *(unsigned char *)0x0061 != 0","printf \"SAMPLE %u FRAME %u\\n\", $samples, *(unsigned char *)0x0000","x/32bx 0xa470","set $samples = $samples + 1","end","if $samples >= 1024","disable 5","else","continue","end"},original-location="*0x0ba9"}
*stopped
~"SAMPLE 191 FRAME 78\n"
~"0xa470:\t0x01\t0x76\t0x0d\t0x03\t0x15\t0x12\t0x01\t0x03\n"
~"0xa478:\t0x01\t0x7e\t0xac\t0x03\t0x0c\t0x13\t0x01\t0x02\n"
~"0xa480:\t0x01\t0x6a\t0xc4\t0x03\t0x12\t0x0f\t0x01\t0x02\n"
~"0xa488:\t0x01\t0x43\t0xe3\t0x03\t0x09\t0x08\t0x01\t0x01\n"
*running,thread-id="all"
=breakpoint-modified,bkpt={number="5",type="breakpoint",disp="keep",enabled="y",addr="0x00000ba9",thread-groups=["i1"],times="193",script={"silent","if *(unsigned char *)0x0061 != 0","printf \"SAMPLE %u FRAME %u\\n\", $samples, *(unsigned char *)0x0000","x/32bx 0xa470","set $samples = $samples + 1","end","if $samples >= 1024","disable 5","else","continue","end"},original-location="*0x0ba9"}
*stopped
~"SAMPLE 192 FRAME 82\n"
~"0xa470:\t0x01\t0x76\t0x0c\t0x00\t0x14\t0x12\t0x01\t0x03\n"
~"0xa478:\t0x01\t0x7f\t0xec\t0x00\t0x0c\t0x14\t0x01\t0x02\n"
~"0xa480:\t0x01\t0x6c\t0x04\t0x00\t0x12\t0x10\t0x01\t0x02\n"
~"0xa488:\t0x01\t0x43\t0xe4\t0x00\t0x0a\t0x08\t0x01\t0x03\n"
*running,thread-id="all"
=breakpoint-modified,bkpt={number="5",type="breakpoint",disp="keep",enabled="y",addr="0x00000ba9",thread-groups=["i1"],times="194",script={"silent","if *(unsigned char *)0x0061 != 0","printf \"SAMPLE %u FRAME %u\\n\", $samples, *(unsigned char *)0x0000","x/32bx 0xa470","set $samples = $samples + 1","end","if $samples >= 1024","disable 5","else","continue","end"},original-location="*0x0ba9"}
*stopped
~"SAMPLE 193 FRAME 86\n"
~"0xa470:\t0x01\t0x76\t0x0b\t0x01\t0x14\t0x12\t0x01\t0x03\n"
~"0xa478:\t0x01\t0x81\t0x2c\t0x01\t0x0c\t0x14\t0x01\t0x02\n"
~"0xa480:\t0x01\t0x6d\t0x44\t0x01\t0x12\t0x10\t0x01\t0x02\n"
~"0xa488:\t0x01\t0x43\t0xe3\t0x01\t0x0a\t0x08\t0x01\t0x03\n"
*running,thread-id="all"
=breakpoint-modified,bkpt={number="5",type="breakpoint",disp="keep",enabled="y",addr="0x00000ba9",thread-groups=["i1"],times="195",script={"silent","if *(unsigned char *)0x0061 != 0","printf \"SAMPLE %u FRAME %u\\n\", $samples, *(unsigned char *)0x0000","x/32bx 0xa470","set $samples = $samples + 1","end","if $samples >= 1024","disable 5","else","continue","end"},original-location="*0x0ba9"}
*stopped
~"SAMPLE 194 FRAME 90\n"
~"0xa470:\t0x01\t0x76\t0x0a\t0x02\t0x14\t0x12\t0x01\t0x03\n"
~"0xa478:\t0x01\t0x82\t0x6c\t0x02\t0x0c\t0x14\t0x01\t0x02\n"
~"0xa480:\t0x01\t0x6e\t0x84\t0x02\t0x12\t0x10\t0x01\t0x02\n"
~"0xa488:\t0x01\t0x43\t0xe2\t0x02\t0x0a\t0x08\t0x01\t0x03\n"
*running,thread-id="all"
=breakpoint-modified,bkpt={number="5",type="breakpoint",disp="keep",enabled="y",addr="0x00000ba9",thread-groups=["i1"],times="196",script={"silent","if *(unsigned char *)0x0061 != 0","printf \"SAMPLE %u FRAME %u\\n\", $samples, *(unsigned char *)0x0000","x/32bx 0xa470","set $samples = $samples + 1","end","if $samples >= 1024","disable 5","else","continue","end"},original-location="*0x0ba9"}
*stopped
~"SAMPLE 195 FRAME 94\n"
~"0xa470:\t0x01\t0x76\t0x09\t0x03\t0x14\t0x12\t0x01\t0x03\n"
~"0xa478:\t0x01\t0x83\t0xac\t0x03\t0x0c\t0x14\t0x01\t0x02\n"
~"0xa480:\t0x01\t0x6f\t0xc4\t0x03\t0x12\t0x10\t0x01\t0x02\n"
~"0xa488:\t0x01\t0x43\t0xe1\t0x03\t0x0a\t0x08\t0x01\t0x03\n"
*running,thread-id="all"
=breakpoint-modified,bkpt={number="5",type="breakpoint",disp="keep",enabled="y",addr="0x00000ba9",thread-groups=["i1"],times="197",script={"silent","if *(unsigned char *)0x0061 != 0","printf \"SAMPLE %u FRAME %u\\n\", $samples, *(unsigned char *)0x0000","x/32bx 0xa470","set $samples = $samples + 1","end","if $samples >= 1024","disable 5","else","continue","end"},original-location="*0x0ba9"}
*stopped
~"SAMPLE 196 FRAME 100\n"
~"0xa470:\t0x01\t0x76\t0x08\t0x00\t0x13\t0x12\t0x01\t0x03\n"
~"0xa478:\t0x01\t0x84\t0xec\t0x00\t0x0c\t0x15\t0x01\t0x02\n"
~"0xa480:\t0x01\t0x71\t0x04\t0x00\t0x12\t0x11\t0x01\t0x02\n"
~"0xa488:\t0x01\t0x43\t0xe0\t0x00\t0x09\t0x08\t0x01\t0x03\n"
*running,thread-id="all"
=breakpoint-modified,bkpt={number="5",type="breakpoint",disp="keep",enabled="y",addr="0x00000ba9",thread-groups=["i1"],times="198",script={"silent","if *(unsigned char *)0x0061 != 0","printf \"SAMPLE %u FRAME %u\\n\", $samples, *(unsigned char *)0x0000","x/32bx 0xa470","set $samples = $samples + 1","end","if $samples >= 1024","disable 5","else","continue","end"},original-location="*0x0ba9"}
*stopped
~"SAMPLE 197 FRAME 104\n"
~"0xa470:\t0x01\t0x76\t0x07\t0x01\t0x13\t0x12\t0x01\t0x03\n"
~"0xa478:\t0x01\t0x86\t0x2c\t0x01\t0x0c\t0x15\t0x01\t0x02\n"
~"0xa480:\t0x01\t0x72\t0x44\t0x01\t0x12\t0x11\t0x01\t0x02\n"
~"0xa488:\t0x01\t0x43\t0xdf\t0x01\t0x09\t0x08\t0x01\t0x03\n"
*running,thread-id="all"
=breakpoint-modified,bkpt={number="5",type="breakpoint",disp="keep",enabled="y",addr="0x00000ba9",thread-groups=["i1"],times="199",script={"silent","if *(unsigned char *)0x0061 != 0","printf \"SAMPLE %u FRAME %u\\n\", $samples, *(unsigned char *)0x0000","x/32bx 0xa470","set $samples = $samples + 1","end","if $samples >= 1024","disable 5","else","continue","end"},original-location="*0x0ba9"}
*stopped
~"SAMPLE 198 FRAME 108\n"
~"0xa470:\t0x01\t0x76\t0x06\t0x02\t0x13\t0x12\t0x01\t0x03\n"
~"0xa478:\t0x01\t0x87\t0x6c\t0x02\t0x0c\t0x15\t0x01\t0x02\n"
~"0xa480:\t0x01\t0x73\t0x84\t0x02\t0x12\t0x11\t0x01\t0x02\n"
~"0xa488:\t0x01\t0x43\t0xde\t0x02\t0x09\t0x08\t0x01\t0x03\n"
*running,thread-id="all"
=breakpoint-modified,bkpt={number="5",type="breakpoint",disp="keep",enabled="y",addr="0x00000ba9",thread-groups=["i1"],times="200",script={"silent","if *(unsigned char *)0x0061 != 0","printf \"SAMPLE %u FRAME %u\\n\", $samples, *(unsigned char *)0x0000","x/32bx 0xa470","set $samples = $samples + 1","end","if $samples >= 1024","disable 5","else","continue","end"},original-location="*0x0ba9"}
*stopped
~"SAMPLE 199 FRAME 112\n"
~"0xa470:\t0x01\t0x76\t0x05\t0x03\t0x13\t0x12\t0x01\t0x03\n"
~"0xa478:\t0x01\t0x88\t0xac\t0x03\t0x0c\t0x15\t0x01\t0x02\n"
~"0xa480:\t0x01\t0x74\t0xc4\t0x03\t0x12\t0x11\t0x01\t0x02\n"
~"0xa488:\t0x01\t0x43\t0xdd\t0x03\t0x09\t0x08\t0x01\t0x03\n"
*running,thread-id="all"
=breakpoint-modified,bkpt={number="5",type="breakpoint",disp="keep",enabled="y",addr="0x00000ba9",thread-groups=["i1"],times="201",script={"silent","if *(unsigned char *)0x0061 != 0","printf \"SAMPLE %u FRAME %u\\n\", $samples, *(unsigned char *)0x0000","x/32bx 0xa470","set $samples = $samples + 1","end","if $samples >= 1024","disable 5","else","continue","end"},original-location="*0x0ba9"}
*stopped
~"SAMPLE 200 FRAME 116\n"
~"0xa470:\t0x01\t0x76\t0x04\t0x00\t0x12\t0x12\t0x01\t0x03\n"
~"0xa478:\t0x01\t0x89\t0xec\t0x00\t0x0c\t0x16\t0x01\t0x01\n"
~"0xa480:\t0x01\t0x76\t0x04\t0x00\t0x12\t0x12\t0x01\t0x01\n"
~"0xa488:\t0x01\t0x43\t0xdc\t0x00\t0x08\t0x08\t0x01\t0x03\n"
*running,thread-id="all"
=breakpoint-modified,bkpt={number="5",type="breakpoint",disp="keep",enabled="y",addr="0x00000ba9",thread-groups=["i1"],times="202",script={"silent","if *(unsigned char *)0x0061 != 0","printf \"SAMPLE %u FRAME %u\\n\", $samples, *(unsigned char *)0x0000","x/32bx 0xa470","set $samples = $samples + 1","end","if $samples >= 1024","disable 5","else","continue","end"},original-location="*0x0ba9"}
*stopped
~"SAMPLE 201 FRAME 120\n"
~"0xa470:\t0x01\t0x76\t0x03\t0x01\t0x12\t0x12\t0x01\t0x03\n"
~"0xa478:\t0x01\t0x89\t0xed\t0x01\t0x0c\t0x16\t0x01\t0x01\n"
~"0xa480:\t0x01\t0x76\t0x05\t0x01\t0x12\t0x12\t0x01\t0x01\n"
~"0xa488:\t0x01\t0x43\t0xdb\t0x01\t0x08\t0x08\t0x01\t0x03\n"
*running,thread-id="all"
=breakpoint-modified,bkpt={number="5",type="breakpoint",disp="keep",enabled="y",addr="0x00000ba9",thread-groups=["i1"],times="203",script={"silent","if *(unsigned char *)0x0061 != 0","printf \"SAMPLE %u FRAME %u\\n\", $samples, *(unsigned char *)0x0000","x/32bx 0xa470","set $samples = $samples + 1","end","if $samples >= 1024","disable 5","else","continue","end"},original-location="*0x0ba9"}
*stopped
~"SAMPLE 202 FRAME 124\n"
~"0xa470:\t0x01\t0x76\t0x02\t0x02\t0x12\t0x12\t0x01\t0x03\n"
~"0xa478:\t0x01\t0x89\t0xee\t0x02\t0x0c\t0x16\t0x01\t0x01\n"
~"0xa480:\t0x01\t0x76\t0x06\t0x02\t0x12\t0x12\t0x01\t0x01\n"
~"0xa488:\t0x01\t0x43\t0xda\t0x02\t0x08\t0x08\t0x01\t0x03\n"
*running,thread-id="all"
=breakpoint-modified,bkpt={number="5",type="breakpoint",disp="keep",enabled="y",addr="0x00000ba9",thread-groups=["i1"],times="204",script={"silent","if *(unsigned char *)0x0061 != 0","printf \"SAMPLE %u FRAME %u\\n\", $samples, *(unsigned char *)0x0000","x/32bx 0xa470","set $samples = $samples + 1","end","if $samples >= 1024","disable 5","else","continue","end"},original-location="*0x0ba9"}
*stopped
~"SAMPLE 203 FRAME 128\n"
~"0xa470:\t0x01\t0x76\t0x01\t0x03\t0x12\t0x12\t0x01\t0x03\n"
~"0xa478:\t0x01\t0x89\t0xef\t0x03\t0x0c\t0x16\t0x01\t0x01\n"
~"0xa480:\t0x01\t0x76\t0x07\t0x03\t0x12\t0x12\t0x01\t0x01\n"
~"0xa488:\t0x01\t0x43\t0xd9\t0x03\t0x08\t0x08\t0x01\t0x03\n"
*running,thread-id="all"
=breakpoint-modified,bkpt={number="5",type="breakpoint",disp="keep",enabled="y",addr="0x00000ba9",thread-groups=["i1"],times="205",script={"silent","if *(unsigned char *)0x0061 != 0","printf \"SAMPLE %u FRAME %u\\n\", $samples, *(unsigned char *)0x0000","x/32bx 0xa470","set $samples = $samples + 1","end","if $samples >= 1024","disable 5","else","continue","end"},original-location="*0x0ba9"}
*stopped
~"SAMPLE 204 FRAME 132\n"
~"0xa470:\t0x01\t0x76\t0x00\t0x00\t0x11\t0x12\t0x01\t0x03\n"
~"0xa478:\t0x01\t0x89\t0xf0\t0x00\t0x0d\t0x16\t0x01\t0x01\n"
~"0xa480:\t0x01\t0x76\t0x08\t0x00\t0x13\t0x12\t0x01\t0x01\n"
~"0xa488:\t0x01\t0x43\t0xd8\t0x00\t0x07\t0x08\t0x01\t0x03\n"
*running,thread-id="all"
=breakpoint-modified,bkpt={number="5",type="breakpoint",disp="keep",enabled="y",addr="0x00000ba9",thread-groups=["i1"],times="206",script={"silent","if *(unsigned char *)0x0061 != 0","printf \"SAMPLE %u FRAME %u\\n\", $samples, *(unsigned char *)0x0000","x/32bx 0xa470","set $samples = $samples + 1","end","if $samples >= 1024","disable 5","else","continue","end"},original-location="*0x0ba9"}
*stopped
~"SAMPLE 205 FRAME 136\n"
~"0xa470:\t0x01\t0x75\t0xff\t0x01\t0x11\t0x12\t0x01\t0x03\n"
~"0xa478:\t0x01\t0x89\t0xf1\t0x01\t0x0d\t0x16\t0x01\t0x01\n"
~"0xa480:\t0x01\t0x76\t0x09\t0x01\t0x13\t0x12\t0x01\t0x01\n"
~"0xa488:\t0x01\t0x43\t0xd7\t0x01\t0x07\t0x08\t0x01\t0x03\n"
*running,thread-id="all"
=breakpoint-modified,bkpt={number="5",type="breakpoint",disp="keep",enabled="y",addr="0x00000ba9",thread-groups=["i1"],times="207",script={"silent","if *(unsigned char *)0x0061 != 0","printf \"SAMPLE %u FRAME %u\\n\", $samples, *(unsigned char *)0x0000","x/32bx 0xa470","set $samples = $samples + 1","end","if $samples >= 1024","disable 5","else","continue","end"},original-location="*0x0ba9"}
*stopped
~"SAMPLE 206 FRAME 140\n"
~"0xa470:\t0x01\t0x75\t0xfe\t0x02\t0x11\t0x12\t0x01\t0x03\n"
~"0xa478:\t0x01\t0x89\t0xf2\t0x02\t0x0d\t0x16\t0x01\t0x01\n"
~"0xa480:\t0x01\t0x76\t0x0a\t0x02\t0x13\t0x12\t0x01\t0x01\n"
~"0xa488:\t0x01\t0x43\t0xd6\t0x02\t0x07\t0x08\t0x01\t0x03\n"
*running,thread-id="all"
=breakpoint-modified,bkpt={number="5",type="breakpoint",disp="keep",enabled="y",addr="0x00000ba9",thread-groups=["i1"],times="208",script={"silent","if *(unsigned char *)0x0061 != 0","printf \"SAMPLE %u FRAME %u\\n\", $samples, *(unsigned char *)0x0000","x/32bx 0xa470","set $samples = $samples + 1","end","if $samples >= 1024","disable 5","else","continue","end"},original-location="*0x0ba9"}
*stopped
~"SAMPLE 207 FRAME 144\n"
~"0xa470:\t0x01\t0x75\t0xfd\t0x03\t0x11\t0x12\t0x01\t0x03\n"
~"0xa478:\t0x01\t0x89\t0xf3\t0x03\t0x0d\t0x16\t0x01\t0x01\n"
~"0xa480:\t0x01\t0x76\t0x0b\t0x03\t0x13\t0x12\t0x01\t0x01\n"
~"0xa488:\t0x01\t0x43\t0xd5\t0x03\t0x07\t0x08\t0x01\t0x03\n"
*running,thread-id="all"
=breakpoint-modified,bkpt={number="5",type="breakpoint",disp="keep",enabled="y",addr="0x00000ba9",thread-groups=["i1"],times="209",script={"silent","if *(unsigned char *)0x0061 != 0","printf \"SAMPLE %u FRAME %u\\n\", $samples, *(unsigned char *)0x0000","x/32bx 0xa470","set $samples = $samples + 1","end","if $samples >= 1024","disable 5","else","continue","end"},original-location="*0x0ba9"}
*stopped
~"SAMPLE 208 FRAME 150\n"
~"0xa470:\t0x01\t0x75\t0xfc\t0x00\t0x10\t0x12\t0x01\t0x03\n"
~"0xa478:\t0x01\t0x89\t0xf4\t0x00\t0x0e\t0x16\t0x01\t0x00\n"
~"0xa480:\t0x01\t0x76\t0x0c\t0x00\t0x14\t0x12\t0x01\t0x01\n"
~"0xa488:\t0x01\t0x43\t0xd4\t0x00\t0x06\t0x08\t0x01\t0x02\n"
*running,thread-id="all"
=breakpoint-modified,bkpt={number="5",type="breakpoint",disp="keep",enabled="y",addr="0x00000ba9",thread-groups=["i1"],times="210",script={"silent","if *(unsigned char *)0x0061 != 0","printf \"SAMPLE %u FRAME %u\\n\", $samples, *(unsigned char *)0x0000","x/32bx 0xa470","set $samples = $samples + 1","end","if $samples >= 1024","disable 5","else","continue","end"},original-location="*0x0ba9"}
*stopped
~"SAMPLE 209 FRAME 154\n"
~"0xa470:\t0x01\t0x75\t0xfb\t0x01\t0x10\t0x12\t0x01\t0x03\n"
~"0xa478:\t0x01\t0x88\t0xb4\t0x01\t0x0e\t0x16\t0x01\t0x00\n"
~"0xa480:\t0x01\t0x76\t0x0d\t0x01\t0x14\t0x12\t0x01\t0x01\n"
~"0xa488:\t0x01\t0x45\t0x14\t0x01\t0x06\t0x08\t0x01\t0x02\n"
*running,thread-id="all"
=breakpoint-modified,bkpt={number="5",type="breakpoint",disp="keep",enabled="y",addr="0x00000ba9",thread-groups=["i1"],times="211",script={"silent","if *(unsigned char *)0x0061 != 0","printf \"SAMPLE %u FRAME %u\\n\", $samples, *(unsigned char *)0x0000","x/32bx 0xa470","set $samples = $samples + 1","end","if $samples >= 1024","disable 5","else","continue","end"},original-location="*0x0ba9"}
*stopped
~"SAMPLE 210 FRAME 158\n"
~"0xa470:\t0x01\t0x75\t0xfa\t0x02\t0x10\t0x12\t0x01\t0x03\n"
~"0xa478:\t0x01\t0x87\t0x74\t0x02\t0x0e\t0x16\t0x01\t0x00\n"
~"0xa480:\t0x01\t0x76\t0x0e\t0x02\t0x14\t0x12\t0x01\t0x01\n"
~"0xa488:\t0x01\t0x46\t0x54\t0x02\t0x06\t0x08\t0x01\t0x02\n"
*running,thread-id="all"
=breakpoint-modified,bkpt={number="5",type="breakpoint",disp="keep",enabled="y",addr="0x00000ba9",thread-groups=["i1"],times="212",script={"silent","if *(unsigned char *)0x0061 != 0","printf \"SAMPLE %u FRAME %u\\n\", $samples, *(unsigned char *)0x0000","x/32bx 0xa470","set $samples = $samples + 1","end","if $samples >= 1024","disable 5","else","continue","end"},original-location="*0x0ba9"}
*stopped
~"SAMPLE 211 FRAME 162\n"
~"0xa470:\t0x01\t0x75\t0xf9\t0x03\t0x10\t0x12\t0x01\t0x03\n"
~"0xa478:\t0x01\t0x86\t0x34\t0x03\t0x0e\t0x16\t0x01\t0x00\n"
~"0xa480:\t0x01\t0x76\t0x0f\t0x03\t0x14\t0x12\t0x01\t0x01\n"
~"0xa488:\t0x01\t0x47\t0x94\t0x03\t0x06\t0x08\t0x01\t0x02\n"
*running,thread-id="all"
=breakpoint-modified,bkpt={number="5",type="breakpoint",disp="keep",enabled="y",addr="0x00000ba9",thread-groups=["i1"],times="213",script={"silent","if *(unsigned char *)0x0061 != 0","printf \"SAMPLE %u FRAME %u\\n\", $samples, *(unsigned char *)0x0000","x/32bx 0xa470","set $samples = $samples + 1","end","if $samples >= 1024","disable 5","else","continue","end"},original-location="*0x0ba9"}
*stopped
~"SAMPLE 212 FRAME 166\n"
~"0xa470:\t0x01\t0x75\t0xf8\t0x00\t0x0f\t0x12\t0x01\t0x03\n"
~"0xa478:\t0x01\t0x84\t0xf4\t0x00\t0x0e\t0x15\t0x01\t0x00\n"
~"0xa480:\t0x01\t0x76\t0x10\t0x00\t0x15\t0x12\t0x01\t0x01\n"
~"0xa488:\t0x01\t0x48\t0xd4\t0x00\t0x06\t0x09\t0x01\t0x02\n"
*running,thread-id="all"
=breakpoint-modified,bkpt={number="5",type="breakpoint",disp="keep",enabled="y",addr="0x00000ba9",thread-groups=["i1"],times="214",script={"silent","if *(unsigned char *)0x0061 != 0","printf \"SAMPLE %u FRAME %u\\n\", $samples, *(unsigned char *)0x0000","x/32bx 0xa470","set $samples = $samples + 1","end","if $samples >= 1024","disable 5","else","continue","end"},original-location="*0x0ba9"}
*stopped
~"SAMPLE 213 FRAME 170\n"
~"0xa470:\t0x01\t0x75\t0xf7\t0x01\t0x0f\t0x12\t0x01\t0x03\n"
~"0xa478:\t0x01\t0x83\t0xb4\t0x01\t0x0e\t0x15\t0x01\t0x00\n"
~"0xa480:\t0x01\t0x76\t0x11\t0x01\t0x15\t0x12\t0x01\t0x01\n"
~"0xa488:\t0x01\t0x4a\t0x14\t0x01\t0x06\t0x09\t0x01\t0x02\n"
*running,thread-id="all"
=breakpoint-modified,bkpt={number="5",type="breakpoint",disp="keep",enabled="y",addr="0x00000ba9",thread-groups=["i1"],times="215",script={"silent","if *(unsigned char *)0x0061 != 0","printf \"SAMPLE %u FRAME %u\\n\", $samples, *(unsigned char *)0x0000","x/32bx 0xa470","set $samples = $samples + 1","end","if $samples >= 1024","disable 5","else","continue","end"},original-location="*0x0ba9"}
*stopped
~"SAMPLE 214 FRAME 174\n"
~"0xa470:\t0x01\t0x75\t0xf6\t0x02\t0x0f\t0x12\t0x01\t0x03\n"
~"0xa478:\t0x01\t0x82\t0x74\t0x02\t0x0e\t0x15\t0x01\t0x00\n"
~"0xa480:\t0x01\t0x76\t0x12\t0x02\t0x15\t0x12\t0x01\t0x01\n"
~"0xa488:\t0x01\t0x4b\t0x54\t0x02\t0x06\t0x09\t0x01\t0x02\n"
*running,thread-id="all"
=breakpoint-modified,bkpt={number="5",type="breakpoint",disp="keep",enabled="y",addr="0x00000ba9",thread-groups=["i1"],times="216",script={"silent","if *(unsigned char *)0x0061 != 0","printf \"SAMPLE %u FRAME %u\\n\", $samples, *(unsigned char *)0x0000","x/32bx 0xa470","set $samples = $samples + 1","end","if $samples >= 1024","disable 5","else","continue","end"},original-location="*0x0ba9"}
*stopped
~"SAMPLE 215 FRAME 178\n"
~"0xa470:\t0x01\t0x75\t0xf5\t0x03\t0x0f\t0x12\t0x01\t0x03\n"
~"0xa478:\t0x01\t0x81\t0x34\t0x03\t0x0e\t0x15\t0x01\t0x00\n"
~"0xa480:\t0x01\t0x76\t0x13\t0x03\t0x15\t0x12\t0x01\t0x01\n"
~"0xa488:\t0x01\t0x4c\t0x94\t0x03\t0x06\t0x09\t0x01\t0x02\n"
*running,thread-id="all"
=breakpoint-modified,bkpt={number="5",type="breakpoint",disp="keep",enabled="y",addr="0x00000ba9",thread-groups=["i1"],times="217",script={"silent","if *(unsigned char *)0x0061 != 0","printf \"SAMPLE %u FRAME %u\\n\", $samples, *(unsigned char *)0x0000","x/32bx 0xa470","set $samples = $samples + 1","end","if $samples >= 1024","disable 5","else","continue","end"},original-location="*0x0ba9"}
*stopped
~"SAMPLE 216 FRAME 182\n"
~"0xa470:\t0x01\t0x75\t0xf4\t0x00\t0x0e\t0x12\t0x01\t0x03\n"
~"0xa478:\t0x01\t0x7f\t0xf4\t0x00\t0x0e\t0x14\t0x01\t0x01\n"
~"0xa480:\t0x01\t0x76\t0x14\t0x00\t0x16\t0x12\t0x01\t0x02\n"
~"0xa488:\t0x01\t0x4d\t0xd4\t0x00\t0x06\t0x0a\t0x01\t0x02\n"
*running,thread-id="all"
=breakpoint-modified,bkpt={number="5",type="breakpoint",disp="keep",enabled="y",addr="0x00000ba9",thread-groups=["i1"],times="218",script={"silent","if *(unsigned char *)0x0061 != 0","printf \"SAMPLE %u FRAME %u\\n\", $samples, *(unsigned char *)0x0000","x/32bx 0xa470","set $samples = $samples + 1","end","if $samples >= 1024","disable 5","else","continue","end"},original-location="*0x0ba9"}
*stopped
~"SAMPLE 217 FRAME 186\n"
~"0xa470:\t0x01\t0x75\t0xf3\t0x01\t0x0e\t0x12\t0x01\t0x03\n"
~"0xa478:\t0x01\t0x7f\t0xf5\t0x01\t0x0e\t0x14\t0x01\t0x01\n"
~"0xa480:\t0x01\t0x77\t0x54\t0x01\t0x16\t0x12\t0x01\t0x02\n"
~"0xa488:\t0x01\t0x4f\t0x14\t0x01\t0x06\t0x0a\t0x01\t0x02\n"
*running,thread-id="all"
=breakpoint-modified,bkpt={number="5",type="breakpoint",disp="keep",enabled="y",addr="0x00000ba9",thread-groups=["i1"],times="219",script={"silent","if *(unsigned char *)0x0061 != 0","printf \"SAMPLE %u FRAME %u\\n\", $samples, *(unsigned char *)0x0000","x/32bx 0xa470","set $samples = $samples + 1","end","if $samples >= 1024","disable 5","else","continue","end"},original-location="*0x0ba9"}
*stopped
~"SAMPLE 218 FRAME 190\n"
~"0xa470:\t0x01\t0x75\t0xf2\t0x02\t0x0e\t0x12\t0x01\t0x03\n"
~"0xa478:\t0x01\t0x7f\t0xf6\t0x02\t0x0e\t0x14\t0x01\t0x01\n"
~"0xa480:\t0x01\t0x78\t0x94\t0x02\t0x16\t0x12\t0x01\t0x02\n"
~"0xa488:\t0x01\t0x50\t0x54\t0x02\t0x06\t0x0a\t0x01\t0x02\n"
*running,thread-id="all"
=breakpoint-modified,bkpt={number="5",type="breakpoint",disp="keep",enabled="y",addr="0x00000ba9",thread-groups=["i1"],times="220",script={"silent","if *(unsigned char *)0x0061 != 0","printf \"SAMPLE %u FRAME %u\\n\", $samples, *(unsigned char *)0x0000","x/32bx 0xa470","set $samples = $samples + 1","end","if $samples >= 1024","disable 5","else","continue","end"},original-location="*0x0ba9"}
*stopped
~"SAMPLE 219 FRAME 194\n"
~"0xa470:\t0x01\t0x75\t0xf1\t0x03\t0x0e\t0x12\t0x01\t0x03\n"
~"0xa478:\t0x01\t0x7f\t0xf7\t0x03\t0x0e\t0x14\t0x01\t0x01\n"
~"0xa480:\t0x01\t0x79\t0xd4\t0x03\t0x16\t0x12\t0x01\t0x02\n"
~"0xa488:\t0x01\t0x51\t0x94\t0x03\t0x06\t0x0a\t0x01\t0x02\n"
*running,thread-id="all"
=breakpoint-modified,bkpt={number="5",type="breakpoint",disp="keep",enabled="y",addr="0x00000ba9",thread-groups=["i1"],times="221",script={"silent","if *(unsigned char *)0x0061 != 0","printf \"SAMPLE %u FRAME %u\\n\", $samples, *(unsigned char *)0x0000","x/32bx 0xa470","set $samples = $samples + 1","end","if $samples >= 1024","disable 5","else","continue","end"},original-location="*0x0ba9"}
*stopped
~"SAMPLE 220 FRAME 200\n"
~"0xa470:\t0x01\t0x75\t0xf0\t0x00\t0x0d\t0x12\t0x01\t0x03\n"
~"0xa478:\t0x01\t0x7f\t0xf8\t0x00\t0x0f\t0x14\t0x01\t0x01\n"
~"0xa480:\t0x01\t0x7b\t0x14\t0x00\t0x16\t0x13\t0x01\t0x02\n"
~"0xa488:\t0x01\t0x52\t0xd4\t0x00\t0x06\t0x0b\t0x01\t0x02\n"
*running,thread-id="all"
=breakpoint-modified,bkpt={number="5",type="breakpoint",disp="keep",enabled="y",addr="0x00000ba9",thread-groups=["i1"],times="222",script={"silent","if *(unsigned char *)0x0061 != 0","printf \"SAMPLE %u FRAME %u\\n\", $samples, *(unsigned char *)0x0000","x/32bx 0xa470","set $samples = $samples + 1","end","if $samples >= 1024","disable 5","else","continue","end"},original-location="*0x0ba9"}
*stopped
~"SAMPLE 221 FRAME 204\n"
~"0xa470:\t0x01\t0x75\t0xef\t0x01\t0x0d\t0x12\t0x01\t0x03\n"
~"0xa478:\t0x01\t0x7f\t0xf9\t0x01\t0x0f\t0x14\t0x01\t0x01\n"
~"0xa480:\t0x01\t0x7c\t0x54\t0x01\t0x16\t0x13\t0x01\t0x02\n"
~"0xa488:\t0x01\t0x54\t0x14\t0x01\t0x06\t0x0b\t0x01\t0x02\n"
*running,thread-id="all"
=breakpoint-modified,bkpt={number="5",type="breakpoint",disp="keep",enabled="y",addr="0x00000ba9",thread-groups=["i1"],times="223",script={"silent","if *(unsigned char *)0x0061 != 0","printf \"SAMPLE %u FRAME %u\\n\", $samples, *(unsigned char *)0x0000","x/32bx 0xa470","set $samples = $samples + 1","end","if $samples >= 1024","disable 5","else","continue","end"},original-location="*0x0ba9"}
*stopped
~"SAMPLE 222 FRAME 208\n"
~"0xa470:\t0x01\t0x75\t0xee\t0x02\t0x0d\t0x12\t0x01\t0x03\n"
~"0xa478:\t0x01\t0x7f\t0xfa\t0x02\t0x0f\t0x14\t0x01\t0x01\n"
~"0xa480:\t0x01\t0x7d\t0x94\t0x02\t0x16\t0x13\t0x01\t0x02\n"
~"0xa488:\t0x01\t0x55\t0x54\t0x02\t0x06\t0x0b\t0x01\t0x02\n"
*running,thread-id="all"
=breakpoint-modified,bkpt={number="5",type="breakpoint",disp="keep",enabled="y",addr="0x00000ba9",thread-groups=["i1"],times="224",script={"silent","if *(unsigned char *)0x0061 != 0","printf \"SAMPLE %u FRAME %u\\n\", $samples, *(unsigned char *)0x0000","x/32bx 0xa470","set $samples = $samples + 1","end","if $samples >= 1024","disable 5","else","continue","end"},original-location="*0x0ba9"}
*stopped
~"SAMPLE 223 FRAME 212\n"
~"0xa470:\t0x01\t0x75\t0xed\t0x03\t0x0d\t0x12\t0x01\t0x03\n"
~"0xa478:\t0x01\t0x7f\t0xfb\t0x03\t0x0f\t0x14\t0x01\t0x01\n"
~"0xa480:\t0x01\t0x7e\t0xd4\t0x03\t0x16\t0x13\t0x01\t0x02\n"
~"0xa488:\t0x01\t0x56\t0x94\t0x03\t0x06\t0x0b\t0x01\t0x02\n"
*running,thread-id="all"
=breakpoint-modified,bkpt={number="5",type="breakpoint",disp="keep",enabled="y",addr="0x00000ba9",thread-groups=["i1"],times="225",script={"silent","if *(unsigned char *)0x0061 != 0","printf \"SAMPLE %u FRAME %u\\n\", $samples, *(unsigned char *)0x0000","x/32bx 0xa470","set $samples = $samples + 1","end","if $samples >= 1024","disable 5","else","continue","end"},original-location="*0x0ba9"}
*stopped
~"SAMPLE 224 FRAME 216\n"
~"0xa470:\t0x01\t0x75\t0xec\t0x00\t0x0c\t0x12\t0x01\t0x02\n"
~"0xa478:\t0x01\t0x7f\t0xfc\t0x00\t0x10\t0x14\t0x01\t0x01\n"
~"0xa480:\t0x01\t0x80\t0x14\t0x00\t0x16\t0x14\t0x01\t0x02\n"
~"0xa488:\t0x01\t0x57\t0xd4\t0x00\t0x06\t0x0c\t0x01\t0x02\n"
*running,thread-id="all"
=breakpoint-modified,bkpt={number="5",type="breakpoint",disp="keep",enabled="y",addr="0x00000ba9",thread-groups=["i1"],times="226",script={"silent","if *(unsigned char *)0x0061 != 0","printf \"SAMPLE %u FRAME %u\\n\", $samples, *(unsigned char *)0x0000","x/32bx 0xa470","set $samples = $samples + 1","end","if $samples >= 1024","disable 5","else","continue","end"},original-location="*0x0ba9"}
*stopped
~"SAMPLE 225 FRAME 220\n"
~"0xa470:\t0x01\t0x77\t0x2c\t0x01\t0x0c\t0x12\t0x01\t0x02\n"
~"0xa478:\t0x01\t0x7f\t0xfd\t0x01\t0x10\t0x14\t0x01\t0x01\n"
~"0xa480:\t0x01\t0x81\t0x54\t0x01\t0x16\t0x14\t0x01\t0x02\n"
~"0xa488:\t0x01\t0x59\t0x14\t0x01\t0x06\t0x0c\t0x01\t0x02\n"
*running,thread-id="all"
=breakpoint-modified,bkpt={number="5",type="breakpoint",disp="keep",enabled="y",addr="0x00000ba9",thread-groups=["i1"],times="227",script={"silent","if *(unsigned char *)0x0061 != 0","printf \"SAMPLE %u FRAME %u\\n\", $samples, *(unsigned char *)0x0000","x/32bx 0xa470","set $samples = $samples + 1","end","if $samples >= 1024","disable 5","else","continue","end"},original-location="*0x0ba9"}
*stopped
~"SAMPLE 226 FRAME 224\n"
~"0xa470:\t0x01\t0x78\t0x6c\t0x02\t0x0c\t0x12\t0x01\t0x02\n"
~"0xa478:\t0x01\t0x7f\t0xfe\t0x02\t0x10\t0x14\t0x01\t0x01\n"
~"0xa480:\t0x01\t0x82\t0x94\t0x02\t0x16\t0x14\t0x01\t0x02\n"
~"0xa488:\t0x01\t0x5a\t0x54\t0x02\t0x06\t0x0c\t0x01\t0x02\n"
*running,thread-id="all"
=breakpoint-modified,bkpt={number="5",type="breakpoint",disp="keep",enabled="y",addr="0x00000ba9",thread-groups=["i1"],times="228",script={"silent","if *(unsigned char *)0x0061 != 0","printf \"SAMPLE %u FRAME %u\\n\", $samples, *(unsigned char *)0x0000","x/32bx 0xa470","set $samples = $samples + 1","end","if $samples >= 1024","disable 5","else","continue","end"},original-location="*0x0ba9"}
*stopped
~"SAMPLE 227 FRAME 228\n"
~"0xa470:\t0x01\t0x79\t0xac\t0x03\t0x0c\t0x12\t0x01\t0x02\n"
~"0xa478:\t0x01\t0x7f\t0xff\t0x03\t0x10\t0x14\t0x01\t0x01\n"
~"0xa480:\t0x01\t0x83\t0xd4\t0x03\t0x16\t0x14\t0x01\t0x02\n"
~"0xa488:\t0x01\t0x5b\t0x94\t0x03\t0x06\t0x0c\t0x01\t0x02\n"
*running,thread-id="all"
=breakpoint-modified,bkpt={number="5",type="breakpoint",disp="keep",enabled="y",addr="0x00000ba9",thread-groups=["i1"],times="229",script={"silent","if *(unsigned char *)0x0061 != 0","printf \"SAMPLE %u FRAME %u\\n\", $samples, *(unsigned char *)0x0000","x/32bx 0xa470","set $samples = $samples + 1","end","if $samples >= 1024","disable 5","else","continue","end"},original-location="*0x0ba9"}
*stopped
~"SAMPLE 228 FRAME 232\n"
~"0xa470:\t0x01\t0x7a\t0xec\t0x00\t0x0c\t0x13\t0x01\t0x02\n"
~"0xa478:\t0x01\t0x80\t0x00\t0x00\t0x11\t0x14\t0x01\t0x01\n"
~"0xa480:\t0x01\t0x85\t0x14\t0x00\t0x16\t0x15\t0x01\t0x02\n"
~"0xa488:\t0x01\t0x5c\t0xd4\t0x00\t0x06\t0x0d\t0x01\t0x02\n"
*running,thread-id="all"
=breakpoint-modified,bkpt={number="5",type="breakpoint",disp="keep",enabled="y",addr="0x00000ba9",thread-groups=["i1"],times="230",script={"silent","if *(unsigned char *)0x0061 != 0","printf \"SAMPLE %u FRAME %u\\n\", $samples, *(unsigned char *)0x0000","x/32bx 0xa470","set $samples = $samples + 1","end","if $samples >= 1024","disable 5","else","continue","end"},original-location="*0x0ba9"}
*stopped
~"SAMPLE 229 FRAME 236\n"
~"0xa470:\t0x01\t0x7c\t0x2c\t0x01\t0x0c\t0x13\t0x01\t0x02\n"
~"0xa478:\t0x01\t0x80\t0x01\t0x01\t0x11\t0x14\t0x01\t0x01\n"
~"0xa480:\t0x01\t0x86\t0x54\t0x01\t0x16\t0x15\t0x01\t0x02\n"
~"0xa488:\t0x01\t0x5e\t0x14\t0x01\t0x06\t0x0d\t0x01\t0x02\n"
*running,thread-id="all"
=breakpoint-modified,bkpt={number="5",type="breakpoint",disp="keep",enabled="y",addr="0x00000ba9",thread-groups=["i1"],times="231",script={"silent","if *(unsigned char *)0x0061 != 0","printf \"SAMPLE %u FRAME %u\\n\", $samples, *(unsigned char *)0x0000","x/32bx 0xa470","set $samples = $samples + 1","end","if $samples >= 1024","disable 5","else","continue","end"},original-location="*0x0ba9"}
*stopped
~"SAMPLE 230 FRAME 240\n"
~"0xa470:\t0x01\t0x7d\t0x6c\t0x02\t0x0c\t0x13\t0x01\t0x02\n"
~"0xa478:\t0x01\t0x80\t0x02\t0x02\t0x11\t0x14\t0x01\t0x01\n"
~"0xa480:\t0x01\t0x87\t0x94\t0x02\t0x16\t0x15\t0x01\t0x02\n"
~"0xa488:\t0x01\t0x5f\t0x54\t0x02\t0x06\t0x0d\t0x01\t0x02\n"
*running,thread-id="all"
=breakpoint-modified,bkpt={number="5",type="breakpoint",disp="keep",enabled="y",addr="0x00000ba9",thread-groups=["i1"],times="232",script={"silent","if *(unsigned char *)0x0061 != 0","printf \"SAMPLE %u FRAME %u\\n\", $samples, *(unsigned char *)0x0000","x/32bx 0xa470","set $samples = $samples + 1","end","if $samples >= 1024","disable 5","else","continue","end"},original-location="*0x0ba9"}
*stopped
~"SAMPLE 231 FRAME 244\n"
~"0xa470:\t0x01\t0x7e\t0xac\t0x03\t0x0c\t0x13\t0x01\t0x02\n"
~"0xa478:\t0x01\t0x80\t0x03\t0x03\t0x11\t0x14\t0x01\t0x01\n"
~"0xa480:\t0x01\t0x88\t0xd4\t0x03\t0x16\t0x15\t0x01\t0x02\n"
~"0xa488:\t0x01\t0x60\t0x94\t0x03\t0x06\t0x0d\t0x01\t0x02\n"
*running,thread-id="all"
=breakpoint-modified,bkpt={number="5",type="breakpoint",disp="keep",enabled="y",addr="0x00000ba9",thread-groups=["i1"],times="233",script={"silent","if *(unsigned char *)0x0061 != 0","printf \"SAMPLE %u FRAME %u\\n\", $samples, *(unsigned char *)0x0000","x/32bx 0xa470","set $samples = $samples + 1","end","if $samples >= 1024","disable 5","else","continue","end"},original-location="*0x0ba9"}
*stopped
~"SAMPLE 232 FRAME 250\n"
~"0xa470:\t0x01\t0x7f\t0xec\t0x00\t0x0c\t0x14\t0x01\t0x02\n"
~"0xa478:\t0x01\t0x80\t0x04\t0x00\t0x12\t0x14\t0x01\t0x01\n"
~"0xa480:\t0x01\t0x8a\t0x14\t0x00\t0x16\t0x16\t0x01\t0x03\n"
~"0xa488:\t0x01\t0x61\t0xd4\t0x00\t0x06\t0x0e\t0x01\t0x02\n"
*running,thread-id="all"
=breakpoint-modified,bkpt={number="5",type="breakpoint",disp="keep",enabled="y",addr="0x00000ba9",thread-groups=["i1"],times="234",script={"silent","if *(unsigned char *)0x0061 != 0","printf \"SAMPLE %u FRAME %u\\n\", $samples, *(unsigned char *)0x0000","x/32bx 0xa470","set $samples = $samples + 1","end","if $samples >= 1024","disable 5","else","continue","end"},original-location="*0x0ba9"}
*stopped
~"SAMPLE 233 FRAME 254\n"
~"0xa470:\t0x01\t0x81\t0x2c\t0x01\t0x0c\t0x14\t0x01\t0x02\n"
~"0xa478:\t0x01\t0x80\t0x05\t0x01\t0x12\t0x14\t0x01\t0x01\n"
~"0xa480:\t0x01\t0x8a\t0x13\t0x01\t0x16\t0x16\t0x01\t0x03\n"
~"0xa488:\t0x01\t0x63\t0x14\t0x01\t0x06\t0x0e\t0x01\t0x02\n"
*running,thread-id="all"
=breakpoint-modified,bkpt={number="5",type="breakpoint",disp="keep",enabled="y",addr="0x00000ba9",thread-groups=["i1"],times="235",script={"silent","if *(unsigned char *)0x0061 != 0","printf \"SAMPLE %u FRAME %u\\n\", $samples, *(unsigned char *)0x0000","x/32bx 0xa470","set $samples = $samples + 1","end","if $samples >= 1024","disable 5","else","continue","end"},original-location="*0x0ba9"}
*stopped
~"SAMPLE 234 FRAME 2\n"
~"0xa470:\t0x01\t0x82\t0x6c\t0x02\t0x0c\t0x14\t0x01\t0x02\n"
~"0xa478:\t0x01\t0x80\t0x06\t0x02\t0x12\t0x14\t0x01\t0x01\n"
~"0xa480:\t0x01\t0x8a\t0x12\t0x02\t0x16\t0x16\t0x01\t0x03\n"
~"0xa488:\t0x01\t0x64\t0x54\t0x02\t0x06\t0x0e\t0x01\t0x02\n"
*running,thread-id="all"
=breakpoint-modified,bkpt={number="5",type="breakpoint",disp="keep",enabled="y",addr="0x00000ba9",thread-groups=["i1"],times="236",script={"silent","if *(unsigned char *)0x0061 != 0","printf \"SAMPLE %u FRAME %u\\n\", $samples, *(unsigned char *)0x0000","x/32bx 0xa470","set $samples = $samples + 1","end","if $samples >= 1024","disable 5","else","continue","end"},original-location="*0x0ba9"}
*stopped
~"SAMPLE 235 FRAME 6\n"
~"0xa470:\t0x01\t0x83\t0xac\t0x03\t0x0c\t0x14\t0x01\t0x02\n"
~"0xa478:\t0x01\t0x80\t0x07\t0x03\t0x12\t0x14\t0x01\t0x01\n"
~"0xa480:\t0x01\t0x8a\t0x11\t0x03\t0x16\t0x16\t0x01\t0x03\n"
~"0xa488:\t0x01\t0x65\t0x94\t0x03\t0x06\t0x0e\t0x01\t0x02\n"
*running,thread-id="all"
=breakpoint-modified,bkpt={number="5",type="breakpoint",disp="keep",enabled="y",addr="0x00000ba9",thread-groups=["i1"],times="237",script={"silent","if *(unsigned char *)0x0061 != 0","printf \"SAMPLE %u FRAME %u\\n\", $samples, *(unsigned char *)0x0000","x/32bx 0xa470","set $samples = $samples + 1","end","if $samples >= 1024","disable 5","else","continue","end"},original-location="*0x0ba9"}
*stopped
~"SAMPLE 236 FRAME 10\n"
~"0xa470:\t0x01\t0x84\t0xec\t0x00\t0x0c\t0x15\t0x01\t0x02\n"
~"0xa478:\t0x01\t0x80\t0x08\t0x00\t0x13\t0x14\t0x01\t0x01\n"
~"0xa480:\t0x01\t0x8a\t0x10\t0x00\t0x15\t0x16\t0x01\t0x03\n"
~"0xa488:\t0x01\t0x66\t0xd4\t0x00\t0x06\t0x0f\t0x01\t0x02\n"
*running,thread-id="all"
=breakpoint-modified,bkpt={number="5",type="breakpoint",disp="keep",enabled="y",addr="0x00000ba9",thread-groups=["i1"],times="238",script={"silent","if *(unsigned char *)0x0061 != 0","printf \"SAMPLE %u FRAME %u\\n\", $samples, *(unsigned char *)0x0000","x/32bx 0xa470","set $samples = $samples + 1","end","if $samples >= 1024","disable 5","else","continue","end"},original-location="*0x0ba9"}
*stopped
~"SAMPLE 237 FRAME 14\n"
~"0xa470:\t0x01\t0x86\t0x2c\t0x01\t0x0c\t0x15\t0x01\t0x02\n"
~"0xa478:\t0x01\t0x80\t0x09\t0x01\t0x13\t0x14\t0x01\t0x01\n"
~"0xa480:\t0x01\t0x8a\t0x0f\t0x01\t0x15\t0x16\t0x01\t0x03\n"
~"0xa488:\t0x01\t0x68\t0x14\t0x01\t0x06\t0x0f\t0x01\t0x02\n"
*running,thread-id="all"
=breakpoint-modified,bkpt={number="5",type="breakpoint",disp="keep",enabled="y",addr="0x00000ba9",thread-groups=["i1"],times="239",script={"silent","if *(unsigned char *)0x0061 != 0","printf \"SAMPLE %u FRAME %u\\n\", $samples, *(unsigned char *)0x0000","x/32bx 0xa470","set $samples = $samples + 1","end","if $samples >= 1024","disable 5","else","continue","end"},original-location="*0x0ba9"}
*stopped
~"SAMPLE 238 FRAME 18\n"
~"0xa470:\t0x01\t0x87\t0x6c\t0x02\t0x0c\t0x15\t0x01\t0x02\n"
~"0xa478:\t0x01\t0x80\t0x0a\t0x02\t0x13\t0x14\t0x01\t0x01\n"
~"0xa480:\t0x01\t0x8a\t0x0e\t0x02\t0x15\t0x16\t0x01\t0x03\n"
~"0xa488:\t0x01\t0x69\t0x54\t0x02\t0x06\t0x0f\t0x01\t0x02\n"
*running,thread-id="all"
=breakpoint-modified,bkpt={number="5",type="breakpoint",disp="keep",enabled="y",addr="0x00000ba9",thread-groups=["i1"],times="240",script={"silent","if *(unsigned char *)0x0061 != 0","printf \"SAMPLE %u FRAME %u\\n\", $samples, *(unsigned char *)0x0000","x/32bx 0xa470","set $samples = $samples + 1","end","if $samples >= 1024","disable 5","else","continue","end"},original-location="*0x0ba9"}
*stopped
~"SAMPLE 239 FRAME 22\n"
~"0xa470:\t0x01\t0x88\t0xac\t0x03\t0x0c\t0x15\t0x01\t0x02\n"
~"0xa478:\t0x01\t0x80\t0x0b\t0x03\t0x13\t0x14\t0x01\t0x01\n"
~"0xa480:\t0x01\t0x8a\t0x0d\t0x03\t0x15\t0x16\t0x01\t0x03\n"
~"0xa488:\t0x01\t0x6a\t0x94\t0x03\t0x06\t0x0f\t0x01\t0x02\n"
*running,thread-id="all"
=breakpoint-modified,bkpt={number="5",type="breakpoint",disp="keep",enabled="y",addr="0x00000ba9",thread-groups=["i1"],times="241",script={"silent","if *(unsigned char *)0x0061 != 0","printf \"SAMPLE %u FRAME %u\\n\", $samples, *(unsigned char *)0x0000","x/32bx 0xa470","set $samples = $samples + 1","end","if $samples >= 1024","disable 5","else","continue","end"},original-location="*0x0ba9"}
*stopped
~"SAMPLE 240 FRAME 26\n"
~"0xa470:\t0x01\t0x89\t0xec\t0x00\t0x0c\t0x16\t0x01\t0x01\n"
~"0xa478:\t0x01\t0x80\t0x0c\t0x00\t0x14\t0x14\t0x01\t0x03\n"
~"0xa480:\t0x01\t0x8a\t0x0c\t0x00\t0x14\t0x16\t0x01\t0x03\n"
~"0xa488:\t0x01\t0x6b\t0xd4\t0x00\t0x06\t0x10\t0x01\t0x02\n"
*running,thread-id="all"
=breakpoint-modified,bkpt={number="5",type="breakpoint",disp="keep",enabled="y",addr="0x00000ba9",thread-groups=["i1"],times="242",script={"silent","if *(unsigned char *)0x0061 != 0","printf \"SAMPLE %u FRAME %u\\n\", $samples, *(unsigned char *)0x0000","x/32bx 0xa470","set $samples = $samples + 1","end","if $samples >= 1024","disable 5","else","continue","end"},original-location="*0x0ba9"}
*stopped
~"SAMPLE 241 FRAME 30\n"
~"0xa470:\t0x01\t0x89\t0xed\t0x01\t0x0c\t0x16\t0x01\t0x01\n"
~"0xa478:\t0x01\t0x80\t0x0b\t0x01\t0x14\t0x14\t0x01\t0x03\n"
~"0xa480:\t0x01\t0x8a\t0x0b\t0x01\t0x14\t0x16\t0x01\t0x03\n"
~"0xa488:\t0x01\t0x6d\t0x14\t0x01\t0x06\t0x10\t0x01\t0x02\n"
*running,thread-id="all"
=breakpoint-modified,bkpt={number="5",type="breakpoint",disp="keep",enabled="y",addr="0x00000ba9",thread-groups=["i1"],times="243",script={"silent","if *(unsigned char *)0x0061 != 0","printf \"SAMPLE %u FRAME %u\\n\", $samples, *(unsigned char *)0x0000","x/32bx 0xa470","set $samples = $samples + 1","end","if $samples >= 1024","disable 5","else","continue","end"},original-location="*0x0ba9"}
*stopped
~"SAMPLE 242 FRAME 34\n"
~"0xa470:\t0x01\t0x89\t0xee\t0x02\t0x0c\t0x16\t0x01\t0x01\n"
~"0xa478:\t0x01\t0x80\t0x0a\t0x02\t0x14\t0x14\t0x01\t0x03\n"
~"0xa480:\t0x01\t0x8a\t0x0a\t0x02\t0x14\t0x16\t0x01\t0x03\n"
~"0xa488:\t0x01\t0x6e\t0x54\t0x02\t0x06\t0x10\t0x01\t0x02\n"
*running,thread-id="all"
=breakpoint-modified,bkpt={number="5",type="breakpoint",disp="keep",enabled="y",addr="0x00000ba9",thread-groups=["i1"],times="244",script={"silent","if *(unsigned char *)0x0061 != 0","printf \"SAMPLE %u FRAME %u\\n\", $samples, *(unsigned char *)0x0000","x/32bx 0xa470","set $samples = $samples + 1","end","if $samples >= 1024","disable 5","else","continue","end"},original-location="*0x0ba9"}
*stopped
~"SAMPLE 243 FRAME 38\n"
~"0xa470:\t0x01\t0x89\t0xef\t0x03\t0x0c\t0x16\t0x01\t0x01\n"
~"0xa478:\t0x01\t0x80\t0x09\t0x03\t0x14\t0x14\t0x01\t0x03\n"
~"0xa480:\t0x01\t0x8a\t0x09\t0x03\t0x14\t0x16\t0x01\t0x03\n"
~"0xa488:\t0x01\t0x6f\t0x94\t0x03\t0x06\t0x10\t0x01\t0x02\n"
*running,thread-id="all"
=breakpoint-modified,bkpt={number="5",type="breakpoint",disp="keep",enabled="y",addr="0x00000ba9",thread-groups=["i1"],times="245",script={"silent","if *(unsigned char *)0x0061 != 0","printf \"SAMPLE %u FRAME %u\\n\", $samples, *(unsigned char *)0x0000","x/32bx 0xa470","set $samples = $samples + 1","end","if $samples >= 1024","disable 5","else","continue","end"},original-location="*0x0ba9"}
*stopped
~"SAMPLE 244 FRAME 44\n"
~"0xa470:\t0x01\t0x89\t0xf0\t0x00\t0x0d\t0x16\t0x01\t0x01\n"
~"0xa478:\t0x01\t0x80\t0x08\t0x00\t0x13\t0x14\t0x01\t0x03\n"
~"0xa480:\t0x01\t0x8a\t0x08\t0x00\t0x13\t0x16\t0x01\t0x03\n"
~"0xa488:\t0x01\t0x70\t0xd4\t0x00\t0x06\t0x11\t0x01\t0x02\n"
*running,thread-id="all"
=breakpoint-modified,bkpt={number="5",type="breakpoint",disp="keep",enabled="y",addr="0x00000ba9",thread-groups=["i1"],times="246",script={"silent","if *(unsigned char *)0x0061 != 0","printf \"SAMPLE %u FRAME %u\\n\", $samples, *(unsigned char *)0x0000","x/32bx 0xa470","set $samples = $samples + 1","end","if $samples >= 1024","disable 5","else","continue","end"},original-location="*0x0ba9"}
*stopped
~"SAMPLE 245 FRAME 48\n"
~"0xa470:\t0x01\t0x89\t0xf1\t0x01\t0x0d\t0x16\t0x01\t0x01\n"
~"0xa478:\t0x01\t0x80\t0x07\t0x01\t0x13\t0x14\t0x01\t0x03\n"
~"0xa480:\t0x01\t0x8a\t0x07\t0x01\t0x13\t0x16\t0x01\t0x03\n"
~"0xa488:\t0x01\t0x72\t0x14\t0x01\t0x06\t0x11\t0x01\t0x02\n"
*running,thread-id="all"
=breakpoint-modified,bkpt={number="5",type="breakpoint",disp="keep",enabled="y",addr="0x00000ba9",thread-groups=["i1"],times="247",script={"silent","if *(unsigned char *)0x0061 != 0","printf \"SAMPLE %u FRAME %u\\n\", $samples, *(unsigned char *)0x0000","x/32bx 0xa470","set $samples = $samples + 1","end","if $samples >= 1024","disable 5","else","continue","end"},original-location="*0x0ba9"}
*stopped
~"SAMPLE 246 FRAME 52\n"
~"0xa470:\t0x01\t0x89\t0xf2\t0x02\t0x0d\t0x16\t0x01\t0x01\n"
~"0xa478:\t0x01\t0x80\t0x06\t0x02\t0x13\t0x14\t0x01\t0x03\n"
~"0xa480:\t0x01\t0x8a\t0x06\t0x02\t0x13\t0x16\t0x01\t0x03\n"
~"0xa488:\t0x01\t0x73\t0x54\t0x02\t0x06\t0x11\t0x01\t0x02\n"
*running,thread-id="all"
=breakpoint-modified,bkpt={number="5",type="breakpoint",disp="keep",enabled="y",addr="0x00000ba9",thread-groups=["i1"],times="248",script={"silent","if *(unsigned char *)0x0061 != 0","printf \"SAMPLE %u FRAME %u\\n\", $samples, *(unsigned char *)0x0000","x/32bx 0xa470","set $samples = $samples + 1","end","if $samples >= 1024","disable 5","else","continue","end"},original-location="*0x0ba9"}
*stopped
~"SAMPLE 247 FRAME 56\n"
~"0xa470:\t0x01\t0x89\t0xf3\t0x03\t0x0d\t0x16\t0x01\t0x01\n"
~"0xa478:\t0x01\t0x80\t0x05\t0x03\t0x13\t0x14\t0x01\t0x03\n"
~"0xa480:\t0x01\t0x8a\t0x05\t0x03\t0x13\t0x16\t0x01\t0x03\n"
~"0xa488:\t0x01\t0x74\t0x94\t0x03\t0x06\t0x11\t0x01\t0x02\n"
*running,thread-id="all"
=breakpoint-modified,bkpt={number="5",type="breakpoint",disp="keep",enabled="y",addr="0x00000ba9",thread-groups=["i1"],times="249",script={"silent","if *(unsigned char *)0x0061 != 0","printf \"SAMPLE %u FRAME %u\\n\", $samples, *(unsigned char *)0x0000","x/32bx 0xa470","set $samples = $samples + 1","end","if $samples >= 1024","disable 5","else","continue","end"},original-location="*0x0ba9"}
*stopped
~"SAMPLE 248 FRAME 60\n"
~"0xa470:\t0x01\t0x89\t0xf4\t0x00\t0x0e\t0x16\t0x01\t0x00\n"
~"0xa478:\t0x01\t0x80\t0x04\t0x00\t0x12\t0x14\t0x01\t0x03\n"
~"0xa480:\t0x01\t0x8a\t0x04\t0x00\t0x12\t0x16\t0x01\t0x03\n"
~"0xa488:\t0x01\t0x75\t0xd4\t0x00\t0x06\t0x12\t0x01\t0x01\n"
*running,thread-id="all"
=breakpoint-modified,bkpt={number="5",type="breakpoint",disp="keep",enabled="y",addr="0x00000ba9",thread-groups=["i1"],times="250",script={"silent","if *(unsigned char *)0x0061 != 0","printf \"SAMPLE %u FRAME %u\\n\", $samples, *(unsigned char *)0x0000","x/32bx 0xa470","set $samples = $samples + 1","end","if $samples >= 1024","disable 5","else","continue","end"},original-location="*0x0ba9"}
*stopped
~"SAMPLE 249 FRAME 64\n"
~"0xa470:\t0x01\t0x88\t0xb4\t0x01\t0x0e\t0x16\t0x01\t0x00\n"
~"0xa478:\t0x01\t0x80\t0x03\t0x01\t0x12\t0x14\t0x01\t0x03\n"
~"0xa480:\t0x01\t0x8a\t0x03\t0x01\t0x12\t0x16\t0x01\t0x03\n"
~"0xa488:\t0x01\t0x75\t0xd5\t0x01\t0x06\t0x12\t0x01\t0x01\n"
*running,thread-id="all"
=breakpoint-modified,bkpt={number="5",type="breakpoint",disp="keep",enabled="y",addr="0x00000ba9",thread-groups=["i1"],times="251",script={"silent","if *(unsigned char *)0x0061 != 0","printf \"SAMPLE %u FRAME %u\\n\", $samples, *(unsigned char *)0x0000","x/32bx 0xa470","set $samples = $samples + 1","end","if $samples >= 1024","disable 5","else","continue","end"},original-location="*0x0ba9"}
*stopped
~"SAMPLE 250 FRAME 68\n"
~"0xa470:\t0x01\t0x87\t0x74\t0x02\t0x0e\t0x16\t0x01\t0x00\n"
~"0xa478:\t0x01\t0x80\t0x02\t0x02\t0x12\t0x14\t0x01\t0x03\n"
~"0xa480:\t0x01\t0x8a\t0x02\t0x02\t0x12\t0x16\t0x01\t0x03\n"
~"0xa488:\t0x01\t0x75\t0xd6\t0x02\t0x06\t0x12\t0x01\t0x01\n"
*running,thread-id="all"
=breakpoint-modified,bkpt={number="5",type="breakpoint",disp="keep",enabled="y",addr="0x00000ba9",thread-groups=["i1"],times="252",script={"silent","if *(unsigned char *)0x0061 != 0","printf \"SAMPLE %u FRAME %u\\n\", $samples, *(unsigned char *)0x0000","x/32bx 0xa470","set $samples = $samples + 1","end","if $samples >= 1024","disable 5","else","continue","end"},original-location="*0x0ba9"}
*stopped
~"SAMPLE 251 FRAME 72\n"
~"0xa470:\t0x01\t0x86\t0x34\t0x03\t0x0e\t0x16\t0x01\t0x00\n"
~"0xa478:\t0x01\t0x80\t0x01\t0x03\t0x12\t0x14\t0x01\t0x03\n"
~"0xa480:\t0x01\t0x8a\t0x01\t0x03\t0x12\t0x16\t0x01\t0x03\n"
~"0xa488:\t0x01\t0x75\t0xd7\t0x03\t0x06\t0x12\t0x01\t0x01\n"
*running,thread-id="all"
=breakpoint-modified,bkpt={number="5",type="breakpoint",disp="keep",enabled="y",addr="0x00000ba9",thread-groups=["i1"],times="253",script={"silent","if *(unsigned char *)0x0061 != 0","printf \"SAMPLE %u FRAME %u\\n\", $samples, *(unsigned char *)0x0000","x/32bx 0xa470","set $samples = $samples + 1","end","if $samples >= 1024","disable 5","else","continue","end"},original-location="*0x0ba9"}
*stopped
~"SAMPLE 252 FRAME 76\n"
~"0xa470:\t0x01\t0x84\t0xf4\t0x00\t0x0e\t0x15\t0x01\t0x00\n"
~"0xa478:\t0x01\t0x80\t0x00\t0x00\t0x11\t0x14\t0x01\t0x03\n"
~"0xa480:\t0x01\t0x8a\t0x00\t0x00\t0x11\t0x16\t0x01\t0x03\n"
~"0xa488:\t0x01\t0x75\t0xd8\t0x00\t0x07\t0x12\t0x01\t0x01\n"
*running,thread-id="all"
=breakpoint-modified,bkpt={number="5",type="breakpoint",disp="keep",enabled="y",addr="0x00000ba9",thread-groups=["i1"],times="254",script={"silent","if *(unsigned char *)0x0061 != 0","printf \"SAMPLE %u FRAME %u\\n\", $samples, *(unsigned char *)0x0000","x/32bx 0xa470","set $samples = $samples + 1","end","if $samples >= 1024","disable 5","else","continue","end"},original-location="*0x0ba9"}
*stopped
~"SAMPLE 253 FRAME 80\n"
~"0xa470:\t0x01\t0x83\t0xb4\t0x01\t0x0e\t0x15\t0x01\t0x00\n"
~"0xa478:\t0x01\t0x7f\t0xff\t0x01\t0x11\t0x14\t0x01\t0x03\n"
~"0xa480:\t0x01\t0x89\t0xff\t0x01\t0x11\t0x16\t0x01\t0x03\n"
~"0xa488:\t0x01\t0x75\t0xd9\t0x01\t0x07\t0x12\t0x01\t0x01\n"
*running,thread-id="all"
=breakpoint-modified,bkpt={number="5",type="breakpoint",disp="keep",enabled="y",addr="0x00000ba9",thread-groups=["i1"],times="255",script={"silent","if *(unsigned char *)0x0061 != 0","printf \"SAMPLE %u FRAME %u\\n\", $samples, *(unsigned char *)0x0000","x/32bx 0xa470","set $samples = $samples + 1","end","if $samples >= 1024","disable 5","else","continue","end"},original-location="*0x0ba9"}
*stopped
~"SAMPLE 254 FRAME 84\n"
~"0xa470:\t0x01\t0x82\t0x74\t0x02\t0x0e\t0x15\t0x01\t0x00\n"
~"0xa478:\t0x01\t0x7f\t0xfe\t0x02\t0x11\t0x14\t0x01\t0x03\n"
~"0xa480:\t0x01\t0x89\t0xfe\t0x02\t0x11\t0x16\t0x01\t0x03\n"
~"0xa488:\t0x01\t0x75\t0xda\t0x02\t0x07\t0x12\t0x01\t0x01\n"
*running,thread-id="all"
=breakpoint-modified,bkpt={number="5",type="breakpoint",disp="keep",enabled="y",addr="0x00000ba9",thread-groups=["i1"],times="256",script={"silent","if *(unsigned char *)0x0061 != 0","printf \"SAMPLE %u FRAME %u\\n\", $samples, *(unsigned char *)0x0000","x/32bx 0xa470","set $samples = $samples + 1","end","if $samples >= 1024","disable 5","else","continue","end"},original-location="*0x0ba9"}
*stopped
~"SAMPLE 255 FRAME 88\n"
~"0xa470:\t0x01\t0x81\t0x34\t0x03\t0x0e\t0x15\t0x01\t0x00\n"
~"0xa478:\t0x01\t0x7f\t0xfd\t0x03\t0x11\t0x14\t0x01\t0x03\n"
~"0xa480:\t0x01\t0x89\t0xfd\t0x03\t0x11\t0x16\t0x01\t0x03\n"
~"0xa488:\t0x01\t0x75\t0xdb\t0x03\t0x07\t0x12\t0x01\t0x01\n"
*running,thread-id="all"
=breakpoint-modified,bkpt={number="5",type="breakpoint",disp="keep",enabled="y",addr="0x00000ba9",thread-groups=["i1"],times="257",script={"silent","if *(unsigned char *)0x0061 != 0","printf \"SAMPLE %u FRAME %u\\n\", $samples, *(unsigned char *)0x0000","x/32bx 0xa470","set $samples = $samples + 1","end","if $samples >= 1024","disable 5","else","continue","end"},original-location="*0x0ba9"}
*stopped
~"SAMPLE 256 FRAME 94\n"
~"0xa470:\t0x01\t0x7f\t0xf4\t0x00\t0x0e\t0x14\t0x01\t0x01\n"
~"0xa478:\t0x01\t0x7f\t0xfc\t0x00\t0x10\t0x14\t0x01\t0x03\n"
~"0xa480:\t0x01\t0x89\t0xfc\t0x00\t0x10\t0x16\t0x01\t0x03\n"
~"0xa488:\t0x01\t0x75\t0xdc\t0x00\t0x08\t0x12\t0x01\t0x00\n"
*running,thread-id="all"
=breakpoint-modified,bkpt={number="5",type="breakpoint",disp="keep",enabled="y",addr="0x00000ba9",thread-groups=["i1"],times="258",script={"silent","if *(unsigned char *)0x0061 != 0","printf \"SAMPLE %u FRAME %u\\n\", $samples, *(unsigned char *)0x0000","x/32bx 0xa470","set $samples = $samples + 1","end","if $samples >= 1024","disable 5","else","continue","end"},original-location="*0x0ba9"}
*stopped
~"SAMPLE 257 FRAME 98\n"
~"0xa470:\t0x01\t0x7f\t0xf5\t0x01\t0x0e\t0x14\t0x01\t0x01\n"
~"0xa478:\t0x01\t0x7f\t0xfb\t0x01\t0x10\t0x14\t0x01\t0x03\n"
~"0xa480:\t0x01\t0x89\t0xfb\t0x01\t0x10\t0x16\t0x01\t0x03\n"
~"0xa488:\t0x01\t0x74\t0x9c\t0x01\t0x08\t0x12\t0x01\t0x00\n"
*running,thread-id="all"
=breakpoint-modified,bkpt={number="5",type="breakpoint",disp="keep",enabled="y",addr="0x00000ba9",thread-groups=["i1"],times="259",script={"silent","if *(unsigned char *)0x0061 != 0","printf \"SAMPLE %u FRAME %u\\n\", $samples, *(unsigned char *)0x0000","x/32bx 0xa470","set $samples = $samples + 1","end","if $samples >= 1024","disable 5","else","continue","end"},original-location="*0x0ba9"}
*stopped
~"SAMPLE 258 FRAME 102\n"
~"0xa470:\t0x01\t0x7f\t0xf6\t0x02\t0x0e\t0x14\t0x01\t0x01\n"
~"0xa478:\t0x01\t0x7f\t0xfa\t0x02\t0x10\t0x14\t0x01\t0x03\n"
~"0xa480:\t0x01\t0x89\t0xfa\t0x02\t0x10\t0x16\t0x01\t0x03\n"
~"0xa488:\t0x01\t0x73\t0x5c\t0x02\t0x08\t0x12\t0x01\t0x00\n"
*running,thread-id="all"
=breakpoint-modified,bkpt={number="5",type="breakpoint",disp="keep",enabled="y",addr="0x00000ba9",thread-groups=["i1"],times="260",script={"silent","if *(unsigned char *)0x0061 != 0","printf \"SAMPLE %u FRAME %u\\n\", $samples, *(unsigned char *)0x0000","x/32bx 0xa470","set $samples = $samples + 1","end","if $samples >= 1024","disable 5","else","continue","end"},original-location="*0x0ba9"}
*stopped
~"SAMPLE 259 FRAME 106\n"
~"0xa470:\t0x01\t0x7f\t0xf7\t0x03\t0x0e\t0x14\t0x01\t0x01\n"
~"0xa478:\t0x01\t0x7f\t0xf9\t0x03\t0x10\t0x14\t0x01\t0x03\n"
~"0xa480:\t0x01\t0x89\t0xf9\t0x03\t0x10\t0x16\t0x01\t0x03\n"
~"0xa488:\t0x01\t0x72\t0x1c\t0x03\t0x08\t0x12\t0x01\t0x00\n"
*running,thread-id="all"
=breakpoint-modified,bkpt={number="5",type="breakpoint",disp="keep",enabled="y",addr="0x00000ba9",thread-groups=["i1"],times="261",script={"silent","if *(unsigned char *)0x0061 != 0","printf \"SAMPLE %u FRAME %u\\n\", $samples, *(unsigned char *)0x0000","x/32bx 0xa470","set $samples = $samples + 1","end","if $samples >= 1024","disable 5","else","continue","end"},original-location="*0x0ba9"}
*stopped
~"SAMPLE 260 FRAME 110\n"
~"0xa470:\t0x01\t0x7f\t0xf8\t0x00\t0x0f\t0x14\t0x01\t0x01\n"
~"0xa478:\t0x01\t0x7f\t0xf8\t0x00\t0x0f\t0x14\t0x01\t0x03\n"
~"0xa480:\t0x01\t0x89\t0xf8\t0x00\t0x0f\t0x16\t0x01\t0x03\n"
~"0xa488:\t0x01\t0x70\t0xdc\t0x00\t0x08\t0x11\t0x01\t0x00\n"
*running,thread-id="all"
=breakpoint-modified,bkpt={number="5",type="breakpoint",disp="keep",enabled="y",addr="0x00000ba9",thread-groups=["i1"],times="262",script={"silent","if *(unsigned char *)0x0061 != 0","printf \"SAMPLE %u FRAME %u\\n\", $samples, *(unsigned char *)0x0000","x/32bx 0xa470","set $samples = $samples + 1","end","if $samples >= 1024","disable 5","else","continue","end"},original-location="*0x0ba9"}
*stopped
~"SAMPLE 261 FRAME 114\n"
~"0xa470:\t0x01\t0x7f\t0xf9\t0x01\t0x0f\t0x14\t0x01\t0x01\n"
~"0xa478:\t0x01\t0x7f\t0xf7\t0x01\t0x0f\t0x14\t0x01\t0x03\n"
~"0xa480:\t0x01\t0x89\t0xf7\t0x01\t0x0f\t0x16\t0x01\t0x03\n"
~"0xa488:\t0x01\t0x6f\t0x9c\t0x01\t0x08\t0x11\t0x01\t0x00\n"
*running,thread-id="all"
=breakpoint-modified,bkpt={number="5",type="breakpoint",disp="keep",enabled="y",addr="0x00000ba9",thread-groups=["i1"],times="263",script={"silent","if *(unsigned char *)0x0061 != 0","printf \"SAMPLE %u FRAME %u\\n\", $samples, *(unsigned char *)0x0000","x/32bx 0xa470","set $samples = $samples + 1","end","if $samples >= 1024","disable 5","else","continue","end"},original-location="*0x0ba9"}
*stopped
~"SAMPLE 262 FRAME 118\n"
~"0xa470:\t0x01\t0x7f\t0xfa\t0x02\t0x0f\t0x14\t0x01\t0x01\n"
~"0xa478:\t0x01\t0x7f\t0xf6\t0x02\t0x0f\t0x14\t0x01\t0x03\n"
~"0xa480:\t0x01\t0x89\t0xf6\t0x02\t0x0f\t0x16\t0x01\t0x03\n"
~"0xa488:\t0x01\t0x6e\t0x5c\t0x02\t0x08\t0x11\t0x01\t0x00\n"
*running,thread-id="all"
=breakpoint-modified,bkpt={number="5",type="breakpoint",disp="keep",enabled="y",addr="0x00000ba9",thread-groups=["i1"],times="264",script={"silent","if *(unsigned char *)0x0061 != 0","printf \"SAMPLE %u FRAME %u\\n\", $samples, *(unsigned char *)0x0000","x/32bx 0xa470","set $samples = $samples + 1","end","if $samples >= 1024","disable 5","else","continue","end"},original-location="*0x0ba9"}
*stopped
~"SAMPLE 263 FRAME 122\n"
~"0xa470:\t0x01\t0x7f\t0xfb\t0x03\t0x0f\t0x14\t0x01\t0x01\n"
~"0xa478:\t0x01\t0x7f\t0xf5\t0x03\t0x0f\t0x14\t0x01\t0x03\n"
~"0xa480:\t0x01\t0x89\t0xf5\t0x03\t0x0f\t0x16\t0x01\t0x03\n"
~"0xa488:\t0x01\t0x6d\t0x1c\t0x03\t0x08\t0x11\t0x01\t0x00\n"
*running,thread-id="all"
=breakpoint-modified,bkpt={number="5",type="breakpoint",disp="keep",enabled="y",addr="0x00000ba9",thread-groups=["i1"],times="265",script={"silent","if *(unsigned char *)0x0061 != 0","printf \"SAMPLE %u FRAME %u\\n\", $samples, *(unsigned char *)0x0000","x/32bx 0xa470","set $samples = $samples + 1","end","if $samples >= 1024","disable 5","else","continue","end"},original-location="*0x0ba9"}
*stopped
~"SAMPLE 264 FRAME 126\n"
~"0xa470:\t0x01\t0x7f\t0xfc\t0x00\t0x10\t0x14\t0x01\t0x01\n"
~"0xa478:\t0x01\t0x7f\t0xf4\t0x00\t0x0e\t0x14\t0x01\t0x02\n"
~"0xa480:\t0x01\t0x89\t0xf4\t0x00\t0x0e\t0x16\t0x01\t0x03\n"
~"0xa488:\t0x01\t0x6b\t0xdc\t0x00\t0x08\t0x10\t0x01\t0x00\n"
*running,thread-id="all"
=breakpoint-modified,bkpt={number="5",type="breakpoint",disp="keep",enabled="y",addr="0x00000ba9",thread-groups=["i1"],times="266",script={"silent","if *(unsigned char *)0x0061 != 0","printf \"SAMPLE %u FRAME %u\\n\", $samples, *(unsigned char *)0x0000","x/32bx 0xa470","set $samples = $samples + 1","end","if $samples >= 1024","disable 5","else","continue","end"},original-location="*0x0ba9"}
*stopped
~"SAMPLE 265 FRAME 130\n"
~"0xa470:\t0x01\t0x7f\t0xfd\t0x01\t0x10\t0x14\t0x01\t0x01\n"
~"0xa478:\t0x01\t0x81\t0x34\t0x01\t0x0e\t0x14\t0x01\t0x02\n"
~"0xa480:\t0x01\t0x89\t0xf3\t0x01\t0x0e\t0x16\t0x01\t0x03\n"
~"0xa488:\t0x01\t0x6a\t0x9c\t0x01\t0x08\t0x10\t0x01\t0x00\n"
*running,thread-id="all"
=breakpoint-modified,bkpt={number="5",type="breakpoint",disp="keep",enabled="y",addr="0x00000ba9",thread-groups=["i1"],times="267",script={"silent","if *(unsigned char *)0x0061 != 0","printf \"SAMPLE %u FRAME %u\\n\", $samples, *(unsigned char *)0x0000","x/32bx 0xa470","set $samples = $samples + 1","end","if $samples >= 1024","disable 5","else","continue","end"},original-location="*0x0ba9"}
*stopped
~"SAMPLE 266 FRAME 134\n"
~"0xa470:\t0x01\t0x7f\t0xfe\t0x02\t0x10\t0x14\t0x01\t0x01\n"
~"0xa478:\t0x01\t0x82\t0x74\t0x02\t0x0e\t0x14\t0x01\t0x02\n"
~"0xa480:\t0x01\t0x89\t0xf2\t0x02\t0x0e\t0x16\t0x01\t0x03\n"
~"0xa488:\t0x01\t0x69\t0x5c\t0x02\t0x08\t0x10\t0x01\t0x00\n"
*running,thread-id="all"
=breakpoint-modified,bkpt={number="5",type="breakpoint",disp="keep",enabled="y",addr="0x00000ba9",thread-groups=["i1"],times="268",script={"silent","if *(unsigned char *)0x0061 != 0","printf \"SAMPLE %u FRAME %u\\n\", $samples, *(unsigned char *)0x0000","x/32bx 0xa470","set $samples = $samples + 1","end","if $samples >= 1024","disable 5","else","continue","end"},original-location="*0x0ba9"}
*stopped
~"SAMPLE 267 FRAME 138\n"
~"0xa470:\t0x01\t0x7f\t0xff\t0x03\t0x10\t0x14\t0x01\t0x01\n"
~"0xa478:\t0x01\t0x83\t0xb4\t0x03\t0x0e\t0x14\t0x01\t0x02\n"
~"0xa480:\t0x01\t0x89\t0xf1\t0x03\t0x0e\t0x16\t0x01\t0x03\n"
~"0xa488:\t0x01\t0x68\t0x1c\t0x03\t0x08\t0x10\t0x01\t0x00\n"
*running,thread-id="all"
=breakpoint-modified,bkpt={number="5",type="breakpoint",disp="keep",enabled="y",addr="0x00000ba9",thread-groups=["i1"],times="269",script={"silent","if *(unsigned char *)0x0061 != 0","printf \"SAMPLE %u FRAME %u\\n\", $samples, *(unsigned char *)0x0000","x/32bx 0xa470","set $samples = $samples + 1","end","if $samples >= 1024","disable 5","else","continue","end"},original-location="*0x0ba9"}
*stopped
~"SAMPLE 268 FRAME 144\n"
~"0xa470:\t0x01\t0x80\t0x00\t0x00\t0x11\t0x14\t0x01\t0x01\n"
~"0xa478:\t0x01\t0x84\t0xf4\t0x00\t0x0e\t0x15\t0x01\t0x02\n"
~"0xa480:\t0x01\t0x89\t0xf0\t0x00\t0x0d\t0x16\t0x01\t0x03\n"
~"0xa488:\t0x01\t0x66\t0xdc\t0x00\t0x08\t0x0f\t0x01\t0x00\n"
*running,thread-id="all"
=breakpoint-modified,bkpt={number="5",type="breakpoint",disp="keep",enabled="y",addr="0x00000ba9",thread-groups=["i1"],times="270",script={"silent","if *(unsigned char *)0x0061 != 0","printf \"SAMPLE %u FRAME %u\\n\", $samples, *(unsigned char *)0x0000","x/32bx 0xa470","set $samples = $samples + 1","end","if $samples >= 1024","disable 5","else","continue","end"},original-location="*0x0ba9"}
*stopped
~"SAMPLE 269 FRAME 148\n"
~"0xa470:\t0x01\t0x80\t0x01\t0x01\t0x11\t0x14\t0x01\t0x01\n"
~"0xa478:\t0x01\t0x86\t0x34\t0x01\t0x0e\t0x15\t0x01\t0x02\n"
~"0xa480:\t0x01\t0x89\t0xef\t0x01\t0x0d\t0x16\t0x01\t0x03\n"
~"0xa488:\t0x01\t0x65\t0x9c\t0x01\t0x08\t0x0f\t0x01\t0x00\n"
*running,thread-id="all"
=breakpoint-modified,bkpt={number="5",type="breakpoint",disp="keep",enabled="y",addr="0x00000ba9",thread-groups=["i1"],times="271",script={"silent","if *(unsigned char *)0x0061 != 0","printf \"SAMPLE %u FRAME %u\\n\", $samples, *(unsigned char *)0x0000","x/32bx 0xa470","set $samples = $samples + 1","end","if $samples >= 1024","disable 5","else","continue","end"},original-location="*0x0ba9"}
*stopped
~"SAMPLE 270 FRAME 152\n"
~"0xa470:\t0x01\t0x80\t0x02\t0x02\t0x11\t0x14\t0x01\t0x01\n"
~"0xa478:\t0x01\t0x87\t0x74\t0x02\t0x0e\t0x15\t0x01\t0x02\n"
~"0xa480:\t0x01\t0x89\t0xee\t0x02\t0x0d\t0x16\t0x01\t0x03\n"
~"0xa488:\t0x01\t0x64\t0x5c\t0x02\t0x08\t0x0f\t0x01\t0x00\n"
*running,thread-id="all"
=breakpoint-modified,bkpt={number="5",type="breakpoint",disp="keep",enabled="y",addr="0x00000ba9",thread-groups=["i1"],times="272",script={"silent","if *(unsigned char *)0x0061 != 0","printf \"SAMPLE %u FRAME %u\\n\", $samples, *(unsigned char *)0x0000","x/32bx 0xa470","set $samples = $samples + 1","end","if $samples >= 1024","disable 5","else","continue","end"},original-location="*0x0ba9"}
*stopped
~"SAMPLE 271 FRAME 156\n"
~"0xa470:\t0x01\t0x80\t0x03\t0x03\t0x11\t0x14\t0x01\t0x01\n"
~"0xa478:\t0x01\t0x88\t0xb4\t0x03\t0x0e\t0x15\t0x01\t0x02\n"
~"0xa480:\t0x01\t0x89\t0xed\t0x03\t0x0d\t0x16\t0x01\t0x03\n"
~"0xa488:\t0x01\t0x63\t0x1c\t0x03\t0x08\t0x0f\t0x01\t0x00\n"
*running,thread-id="all"
=breakpoint-modified,bkpt={number="5",type="breakpoint",disp="keep",enabled="y",addr="0x00000ba9",thread-groups=["i1"],times="273",script={"silent","if *(unsigned char *)0x0061 != 0","printf \"SAMPLE %u FRAME %u\\n\", $samples, *(unsigned char *)0x0000","x/32bx 0xa470","set $samples = $samples + 1","end","if $samples >= 1024","disable 5","else","continue","end"},original-location="*0x0ba9"}
*stopped
~"SAMPLE 272 FRAME 160\n"
~"0xa470:\t0x01\t0x80\t0x04\t0x00\t0x12\t0x14\t0x01\t0x01\n"
~"0xa478:\t0x01\t0x89\t0xf4\t0x00\t0x0e\t0x16\t0x01\t0x03\n"
~"0xa480:\t0x01\t0x89\t0xec\t0x00\t0x0c\t0x16\t0x01\t0x03\n"
~"0xa488:\t0x01\t0x61\t0xdc\t0x00\t0x08\t0x0e\t0x01\t0x00\n"
*running,thread-id="all"
=breakpoint-modified,bkpt={number="5",type="breakpoint",disp="keep",enabled="y",addr="0x00000ba9",thread-groups=["i1"],times="274",script={"silent","if *(unsigned char *)0x0061 != 0","printf \"SAMPLE %u FRAME %u\\n\", $samples, *(unsigned char *)0x0000","x/32bx 0xa470","set $samples = $samples + 1","end","if $samples >= 1024","disable 5","else","continue","end"},original-location="*0x0ba9"}
*stopped
~"SAMPLE 273 FRAME 164\n"
~"0xa470:\t0x01\t0x80\t0x05\t0x01\t0x12\t0x14\t0x01\t0x01\n"
~"0xa478:\t0x01\t0x89\t0xf3\t0x01\t0x0e\t0x16\t0x01\t0x03\n"
~"0xa480:\t0x01\t0x89\t0xeb\t0x01\t0x0c\t0x16\t0x01\t0x03\n"
~"0xa488:\t0x01\t0x60\t0x9c\t0x01\t0x08\t0x0e\t0x01\t0x00\n"
*running,thread-id="all"
=breakpoint-modified,bkpt={number="5",type="breakpoint",disp="keep",enabled="y",addr="0x00000ba9",thread-groups=["i1"],times="275",script={"silent","if *(unsigned char *)0x0061 != 0","printf \"SAMPLE %u FRAME %u\\n\", $samples, *(unsigned char *)0x0000","x/32bx 0xa470","set $samples = $samples + 1","end","if $samples >= 1024","disable 5","else","continue","end"},original-location="*0x0ba9"}
*stopped
~"SAMPLE 274 FRAME 168\n"
~"0xa470:\t0x01\t0x80\t0x06\t0x02\t0x12\t0x14\t0x01\t0x01\n"
~"0xa478:\t0x01\t0x89\t0xf2\t0x02\t0x0e\t0x16\t0x01\t0x03\n"
~"0xa480:\t0x01\t0x89\t0xea\t0x02\t0x0c\t0x16\t0x01\t0x03\n"
~"0xa488:\t0x01\t0x5f\t0x5c\t0x02\t0x08\t0x0e\t0x01\t0x00\n"
*running,thread-id="all"
=breakpoint-modified,bkpt={number="5",type="breakpoint",disp="keep",enabled="y",addr="0x00000ba9",thread-groups=["i1"],times="276",script={"silent","if *(unsigned char *)0x0061 != 0","printf \"SAMPLE %u FRAME %u\\n\", $samples, *(unsigned char *)0x0000","x/32bx 0xa470","set $samples = $samples + 1","end","if $samples >= 1024","disable 5","else","continue","end"},original-location="*0x0ba9"}
*stopped
~"SAMPLE 275 FRAME 172\n"
~"0xa470:\t0x01\t0x80\t0x07\t0x03\t0x12\t0x14\t0x01\t0x01\n"
~"0xa478:\t0x01\t0x89\t0xf1\t0x03\t0x0e\t0x16\t0x01\t0x03\n"
~"0xa480:\t0x01\t0x89\t0xe9\t0x03\t0x0c\t0x16\t0x01\t0x03\n"
~"0xa488:\t0x01\t0x5e\t0x1c\t0x03\t0x08\t0x0e\t0x01\t0x00\n"
*running,thread-id="all"
=breakpoint-modified,bkpt={number="5",type="breakpoint",disp="keep",enabled="y",addr="0x00000ba9",thread-groups=["i1"],times="277",script={"silent","if *(unsigned char *)0x0061 != 0","printf \"SAMPLE %u FRAME %u\\n\", $samples, *(unsigned char *)0x0000","x/32bx 0xa470","set $samples = $samples + 1","end","if $samples >= 1024","disable 5","else","continue","end"},original-location="*0x0ba9"}
*stopped
~"SAMPLE 276 FRAME 176\n"
~"0xa470:\t0x01\t0x80\t0x08\t0x00\t0x13\t0x14\t0x01\t0x01\n"
~"0xa478:\t0x01\t0x89\t0xf0\t0x00\t0x0d\t0x16\t0x01\t0x03\n"
~"0xa480:\t0x01\t0x89\t0xe8\t0x00\t0x0b\t0x16\t0x01\t0x03\n"
~"0xa488:\t0x01\t0x5c\t0xdc\t0x00\t0x08\t0x0d\t0x01\t0x00\n"
*running,thread-id="all"
=breakpoint-modified,bkpt={number="5",type="breakpoint",disp="keep",enabled="y",addr="0x00000ba9",thread-groups=["i1"],times="278",script={"silent","if *(unsigned char *)0x0061 != 0","printf \"SAMPLE %u FRAME %u\\n\", $samples, *(unsigned char *)0x0000","x/32bx 0xa470","set $samples = $samples + 1","end","if $samples >= 1024","disable 5","else","continue","end"},original-location="*0x0ba9"}
*stopped
~"SAMPLE 277 FRAME 180\n"
~"0xa470:\t0x01\t0x80\t0x09\t0x01\t0x13\t0x14\t0x01\t0x01\n"
~"0xa478:\t0x01\t0x89\t0xef\t0x01\t0x0d\t0x16\t0x01\t0x03\n"
~"0xa480:\t0x01\t0x89\t0xe7\t0x01\t0x0b\t0x16\t0x01\t0x03\n"
~"0xa488:\t0x01\t0x5b\t0x9c\t0x01\t0x08\t0x0d\t0x01\t0x00\n"
*running,thread-id="all"
=breakpoint-modified,bkpt={number="5",type="breakpoint",disp="keep",enabled="y",addr="0x00000ba9",thread-groups=["i1"],times="279",script={"silent","if *(unsigned char *)0x0061 != 0","printf \"SAMPLE %u FRAME %u\\n\", $samples, *(unsigned char *)0x0000","x/32bx 0xa470","set $samples = $samples + 1","end","if $samples >= 1024","disable 5","else","continue","end"},original-location="*0x0ba9"}
*stopped
~"SAMPLE 278 FRAME 184\n"
~"0xa470:\t0x01\t0x80\t0x0a\t0x02\t0x13\t0x14\t0x01\t0x01\n"
~"0xa478:\t0x01\t0x89\t0xee\t0x02\t0x0d\t0x16\t0x01\t0x03\n"
~"0xa480:\t0x01\t0x89\t0xe6\t0x02\t0x0b\t0x16\t0x01\t0x03\n"
~"0xa488:\t0x01\t0x5a\t0x5c\t0x02\t0x08\t0x0d\t0x01\t0x00\n"
*running,thread-id="all"
=breakpoint-modified,bkpt={number="5",type="breakpoint",disp="keep",enabled="y",addr="0x00000ba9",thread-groups=["i1"],times="280",script={"silent","if *(unsigned char *)0x0061 != 0","printf \"SAMPLE %u FRAME %u\\n\", $samples, *(unsigned char *)0x0000","x/32bx 0xa470","set $samples = $samples + 1","end","if $samples >= 1024","disable 5","else","continue","end"},original-location="*0x0ba9"}
*stopped
~"SAMPLE 279 FRAME 188\n"
~"0xa470:\t0x01\t0x80\t0x0b\t0x03\t0x13\t0x14\t0x01\t0x01\n"
~"0xa478:\t0x01\t0x89\t0xed\t0x03\t0x0d\t0x16\t0x01\t0x03\n"
~"0xa480:\t0x01\t0x89\t0xe5\t0x03\t0x0b\t0x16\t0x01\t0x03\n"
~"0xa488:\t0x01\t0x59\t0x1c\t0x03\t0x08\t0x0d\t0x01\t0x00\n"
*running,thread-id="all"
=breakpoint-modified,bkpt={number="5",type="breakpoint",disp="keep",enabled="y",addr="0x00000ba9",thread-groups=["i1"],times="281",script={"silent","if *(unsigned char *)0x0061 != 0","printf \"SAMPLE %u FRAME %u\\n\", $samples, *(unsigned char *)0x0000","x/32bx 0xa470","set $samples = $samples + 1","end","if $samples >= 1024","disable 5","else","continue","end"},original-location="*0x0ba9"}
*stopped
~"SAMPLE 280 FRAME 194\n"
~"0xa470:\t0x01\t0x80\t0x0c\t0x00\t0x14\t0x14\t0x01\t0x03\n"
~"0xa478:\t0x01\t0x89\t0xec\t0x00\t0x0c\t0x16\t0x01\t0x03\n"
~"0xa480:\t0x01\t0x89\t0xe4\t0x00\t0x0a\t0x16\t0x01\t0x00\n"
~"0xa488:\t0x01\t0x57\t0xdc\t0x00\t0x08\t0x0c\t0x01\t0x00\n"
*running,thread-id="all"
=breakpoint-modified,bkpt={number="5",type="breakpoint",disp="keep",enabled="y",addr="0x00000ba9",thread-groups=["i1"],times="282",script={"silent","if *(unsigned char *)0x0061 != 0","printf \"SAMPLE %u FRAME %u\\n\", $samples, *(unsigned char *)0x0000","x/32bx 0xa470","set $samples = $samples + 1","end","if $samples >= 1024","disable 5","else","continue","end"},original-location="*0x0ba9"}
*stopped
~"SAMPLE 281 FRAME 198\n"
~"0xa470:\t0x01\t0x80\t0x0b\t0x01\t0x14\t0x14\t0x01\t0x03\n"
~"0xa478:\t0x01\t0x89\t0xeb\t0x01\t0x0c\t0x16\t0x01\t0x03\n"
~"0xa480:\t0x01\t0x88\t0xa4\t0x01\t0x0a\t0x16\t0x01\t0x00\n"
~"0xa488:\t0x01\t0x56\t0x9c\t0x01\t0x08\t0x0c\t0x01\t0x00\n"
*running,thread-id="all"
=breakpoint-modified,bkpt={number="5",type="breakpoint",disp="keep",enabled="y",addr="0x00000ba9",thread-groups=["i1"],times="283",script={"silent","if *(unsigned char *)0x0061 != 0","printf \"SAMPLE %u FRAME %u\\n\", $samples, *(unsigned char *)0x0000","x/32bx 0xa470","set $samples = $samples + 1","end","if $samples >= 1024","disable 5","else","continue","end"},original-location="*0x0ba9"}
*stopped
~"SAMPLE 282 FRAME 202\n"
~"0xa470:\t0x01\t0x80\t0x0a\t0x02\t0x14\t0x14\t0x01\t0x03\n"
~"0xa478:\t0x01\t0x89\t0xea\t0x02\t0x0c\t0x16\t0x01\t0x03\n"
~"0xa480:\t0x01\t0x87\t0x64\t0x02\t0x0a\t0x16\t0x01\t0x00\n"
~"0xa488:\t0x01\t0x55\t0x5c\t0x02\t0x08\t0x0c\t0x01\t0x00\n"
*running,thread-id="all"
=breakpoint-modified,bkpt={number="5",type="breakpoint",disp="keep",enabled="y",addr="0x00000ba9",thread-groups=["i1"],times="284",script={"silent","if *(unsigned char *)0x0061 != 0","printf \"SAMPLE %u FRAME %u\\n\", $samples, *(unsigned char *)0x0000","x/32bx 0xa470","set $samples = $samples + 1","end","if $samples >= 1024","disable 5","else","continue","end"},original-location="*0x0ba9"}
*stopped
~"SAMPLE 283 FRAME 206\n"
~"0xa470:\t0x01\t0x80\t0x09\t0x03\t0x14\t0x14\t0x01\t0x03\n"
~"0xa478:\t0x01\t0x89\t0xe9\t0x03\t0x0c\t0x16\t0x01\t0x03\n"
~"0xa480:\t0x01\t0x86\t0x24\t0x03\t0x0a\t0x16\t0x01\t0x00\n"
~"0xa488:\t0x01\t0x54\t0x1c\t0x03\t0x08\t0x0c\t0x01\t0x00\n"
*running,thread-id="all"
=breakpoint-modified,bkpt={number="5",type="breakpoint",disp="keep",enabled="y",addr="0x00000ba9",thread-groups=["i1"],times="285",script={"silent","if *(unsigned char *)0x0061 != 0","printf \"SAMPLE %u FRAME %u\\n\", $samples, *(unsigned char *)0x0000","x/32bx 0xa470","set $samples = $samples + 1","end","if $samples >= 1024","disable 5","else","continue","end"},original-location="*0x0ba9"}
*stopped
~"SAMPLE 284 FRAME 210\n"
~"0xa470:\t0x01\t0x80\t0x08\t0x00\t0x13\t0x14\t0x01\t0x03\n"
~"0xa478:\t0x01\t0x89\t0xe8\t0x00\t0x0b\t0x16\t0x01\t0x03\n"
~"0xa480:\t0x01\t0x84\t0xe4\t0x00\t0x0a\t0x15\t0x01\t0x00\n"
~"0xa488:\t0x01\t0x52\t0xdc\t0x00\t0x08\t0x0b\t0x01\t0x00\n"
*running,thread-id="all"
=breakpoint-modified,bkpt={number="5",type="breakpoint",disp="keep",enabled="y",addr="0x00000ba9",thread-groups=["i1"],times="286",script={"silent","if *(unsigned char *)0x0061 != 0","printf \"SAMPLE %u FRAME %u\\n\", $samples, *(unsigned char *)0x0000","x/32bx 0xa470","set $samples = $samples + 1","end","if $samples >= 1024","disable 5","else","continue","end"},original-location="*0x0ba9"}
*stopped
~"SAMPLE 285 FRAME 214\n"
~"0xa470:\t0x01\t0x80\t0x07\t0x01\t0x13\t0x14\t0x01\t0x03\n"
~"0xa478:\t0x01\t0x89\t0xe7\t0x01\t0x0b\t0x16\t0x01\t0x03\n"
~"0xa480:\t0x01\t0x83\t0xa4\t0x01\t0x0a\t0x15\t0x01\t0x00\n"
~"0xa488:\t0x01\t0x51\t0x9c\t0x01\t0x08\t0x0b\t0x01\t0x00\n"
*running,thread-id="all"
=breakpoint-modified,bkpt={number="5",type="breakpoint",disp="keep",enabled="y",addr="0x00000ba9",thread-groups=["i1"],times="287",script={"silent","if *(unsigned char *)0x0061 != 0","printf \"SAMPLE %u FRAME %u\\n\", $samples, *(unsigned char *)0x0000","x/32bx 0xa470","set $samples = $samples + 1","end","if $samples >= 1024","disable 5","else","continue","end"},original-location="*0x0ba9"}
*stopped
~"SAMPLE 286 FRAME 218\n"
~"0xa470:\t0x01\t0x80\t0x06\t0x02\t0x13\t0x14\t0x01\t0x03\n"
~"0xa478:\t0x01\t0x89\t0xe6\t0x02\t0x0b\t0x16\t0x01\t0x03\n"
~"0xa480:\t0x01\t0x82\t0x64\t0x02\t0x0a\t0x15\t0x01\t0x00\n"
~"0xa488:\t0x01\t0x50\t0x5c\t0x02\t0x08\t0x0b\t0x01\t0x00\n"
*running,thread-id="all"
=breakpoint-modified,bkpt={number="5",type="breakpoint",disp="keep",enabled="y",addr="0x00000ba9",thread-groups=["i1"],times="288",script={"silent","if *(unsigned char *)0x0061 != 0","printf \"SAMPLE %u FRAME %u\\n\", $samples, *(unsigned char *)0x0000","x/32bx 0xa470","set $samples = $samples + 1","end","if $samples >= 1024","disable 5","else","continue","end"},original-location="*0x0ba9"}
*stopped
~"SAMPLE 287 FRAME 222\n"
~"0xa470:\t0x01\t0x80\t0x05\t0x03\t0x13\t0x14\t0x01\t0x03\n"
~"0xa478:\t0x01\t0x89\t0xe5\t0x03\t0x0b\t0x16\t0x01\t0x03\n"
~"0xa480:\t0x01\t0x81\t0x24\t0x03\t0x0a\t0x15\t0x01\t0x00\n"
~"0xa488:\t0x01\t0x4f\t0x1c\t0x03\t0x08\t0x0b\t0x01\t0x00\n"
*running,thread-id="all"
=breakpoint-modified,bkpt={number="5",type="breakpoint",disp="keep",enabled="y",addr="0x00000ba9",thread-groups=["i1"],times="289",script={"silent","if *(unsigned char *)0x0061 != 0","printf \"SAMPLE %u FRAME %u\\n\", $samples, *(unsigned char *)0x0000","x/32bx 0xa470","set $samples = $samples + 1","end","if $samples >= 1024","disable 5","else","continue","end"},original-location="*0x0ba9"}
*stopped
~"SAMPLE 288 FRAME 226\n"
~"0xa470:\t0x01\t0x80\t0x04\t0x00\t0x12\t0x14\t0x01\t0x03\n"
~"0xa478:\t0x01\t0x89\t0xe4\t0x00\t0x0a\t0x16\t0x01\t0x03\n"
~"0xa480:\t0x01\t0x7f\t0xe4\t0x00\t0x0a\t0x14\t0x01\t0x03\n"
~"0xa488:\t0x01\t0x4d\t0xdc\t0x00\t0x08\t0x0a\t0x01\t0x01\n"
*running,thread-id="all"
=breakpoint-modified,bkpt={number="5",type="breakpoint",disp="keep",enabled="y",addr="0x00000ba9",thread-groups=["i1"],times="290",script={"silent","if *(unsigned char *)0x0061 != 0","printf \"SAMPLE %u FRAME %u\\n\", $samples, *(unsigned char *)0x0000","x/32bx 0xa470","set $samples = $samples + 1","end","if $samples >= 1024","disable 5","else","continue","end"},original-location="*0x0ba9"}
*stopped
~"SAMPLE 289 FRAME 230\n"
~"0xa470:\t0x01\t0x80\t0x03\t0x01\t0x12\t0x14\t0x01\t0x03\n"
~"0xa478:\t0x01\t0x89\t0xe3\t0x01\t0x0a\t0x16\t0x01\t0x03\n"
~"0xa480:\t0x01\t0x7f\t0xe3\t0x01\t0x0a\t0x14\t0x01\t0x03\n"
~"0xa488:\t0x01\t0x4d\t0xdd\t0x01\t0x08\t0x0a\t0x01\t0x01\n"
*running,thread-id="all"
=breakpoint-modified,bkpt={number="5",type="breakpoint",disp="keep",enabled="y",addr="0x00000ba9",thread-groups=["i1"],times="291",script={"silent","if *(unsigned char *)0x0061 != 0","printf \"SAMPLE %u FRAME %u\\n\", $samples, *(unsigned char *)0x0000","x/32bx 0xa470","set $samples = $samples + 1","end","if $samples >= 1024","disable 5","else","continue","end"},original-location="*0x0ba9"}
*stopped
~"SAMPLE 290 FRAME 234\n"
~"0xa470:\t0x01\t0x80\t0x02\t0x02\t0x12\t0x14\t0x01\t0x03\n"
~"0xa478:\t0x01\t0x89\t0xe2\t0x02\t0x0a\t0x16\t0x01\t0x03\n"
~"0xa480:\t0x01\t0x7f\t0xe2\t0x02\t0x0a\t0x14\t0x01\t0x03\n"
~"0xa488:\t0x01\t0x4d\t0xde\t0x02\t0x08\t0x0a\t0x01\t0x01\n"
*running,thread-id="all"
=breakpoint-modified,bkpt={number="5",type="breakpoint",disp="keep",enabled="y",addr="0x00000ba9",thread-groups=["i1"],times="292",script={"silent","if *(unsigned char *)0x0061 != 0","printf \"SAMPLE %u FRAME %u\\n\", $samples, *(unsigned char *)0x0000","x/32bx 0xa470","set $samples = $samples + 1","end","if $samples >= 1024","disable 5","else","continue","end"},original-location="*0x0ba9"}
*stopped
~"SAMPLE 291 FRAME 238\n"
~"0xa470:\t0x01\t0x80\t0x01\t0x03\t0x12\t0x14\t0x01\t0x03\n"
~"0xa478:\t0x01\t0x89\t0xe1\t0x03\t0x0a\t0x16\t0x01\t0x03\n"
~"0xa480:\t0x01\t0x7f\t0xe1\t0x03\t0x0a\t0x14\t0x01\t0x03\n"
~"0xa488:\t0x01\t0x4d\t0xdf\t0x03\t0x08\t0x0a\t0x01\t0x01\n"
*running,thread-id="all"
=breakpoint-modified,bkpt={number="5",type="breakpoint",disp="keep",enabled="y",addr="0x00000ba9",thread-groups=["i1"],times="293",script={"silent","if *(unsigned char *)0x0061 != 0","printf \"SAMPLE %u FRAME %u\\n\", $samples, *(unsigned char *)0x0000","x/32bx 0xa470","set $samples = $samples + 1","end","if $samples >= 1024","disable 5","else","continue","end"},original-location="*0x0ba9"}
*stopped
~"SAMPLE 292 FRAME 244\n"
~"0xa470:\t0x01\t0x80\t0x00\t0x00\t0x11\t0x14\t0x01\t0x03\n"
~"0xa478:\t0x01\t0x89\t0xe0\t0x00\t0x09\t0x16\t0x01\t0x03\n"
~"0xa480:\t0x01\t0x7f\t0xe0\t0x00\t0x09\t0x14\t0x01\t0x03\n"
~"0xa488:\t0x01\t0x4d\t0xe0\t0x00\t0x09\t0x0a\t0x01\t0x01\n"
*running,thread-id="all"
=breakpoint-modified,bkpt={number="5",type="breakpoint",disp="keep",enabled="y",addr="0x00000ba9",thread-groups=["i1"],times="294",script={"silent","if *(unsigned char *)0x0061 != 0","printf \"SAMPLE %u FRAME %u\\n\", $samples, *(unsigned char *)0x0000","x/32bx 0xa470","set $samples = $samples + 1","end","if $samples >= 1024","disable 5","else","continue","end"},original-location="*0x0ba9"}
*stopped
~"SAMPLE 293 FRAME 248\n"
~"0xa470:\t0x01\t0x7f\t0xff\t0x01\t0x11\t0x14\t0x01\t0x03\n"
~"0xa478:\t0x01\t0x89\t0xdf\t0x01\t0x09\t0x16\t0x01\t0x03\n"
~"0xa480:\t0x01\t0x7f\t0xdf\t0x01\t0x09\t0x14\t0x01\t0x03\n"
~"0xa488:\t0x01\t0x4d\t0xe1\t0x01\t0x09\t0x0a\t0x01\t0x01\n"
*running,thread-id="all"
=breakpoint-modified,bkpt={number="5",type="breakpoint",disp="keep",enabled="y",addr="0x00000ba9",thread-groups=["i1"],times="295",script={"silent","if *(unsigned char *)0x0061 != 0","printf \"SAMPLE %u FRAME %u\\n\", $samples, *(unsigned char *)0x0000","x/32bx 0xa470","set $samples = $samples + 1","end","if $samples >= 1024","disable 5","else","continue","end"},original-location="*0x0ba9"}
*stopped
~"SAMPLE 294 FRAME 252\n"
~"0xa470:\t0x01\t0x7f\t0xfe\t0x02\t0x11\t0x14\t0x01\t0x03\n"
~"0xa478:\t0x01\t0x89\t0xde\t0x02\t0x09\t0x16\t0x01\t0x03\n"
~"0xa480:\t0x01\t0x7f\t0xde\t0x02\t0x09\t0x14\t0x01\t0x03\n"
~"0xa488:\t0x01\t0x4d\t0xe2\t0x02\t0x09\t0x0a\t0x01\t0x01\n"
*running,thread-id="all"
=breakpoint-modified,bkpt={number="5",type="breakpoint",disp="keep",enabled="y",addr="0x00000ba9",thread-groups=["i1"],times="296",script={"silent","if *(unsigned char *)0x0061 != 0","printf \"SAMPLE %u FRAME %u\\n\", $samples, *(unsigned char *)0x0000","x/32bx 0xa470","set $samples = $samples + 1","end","if $samples >= 1024","disable 5","else","continue","end"},original-location="*0x0ba9"}
*stopped
~"SAMPLE 295 FRAME 0\n"
~"0xa470:\t0x01\t0x7f\t0xfd\t0x03\t0x11\t0x14\t0x01\t0x03\n"
~"0xa478:\t0x01\t0x89\t0xdd\t0x03\t0x09\t0x16\t0x01\t0x03\n"
~"0xa480:\t0x01\t0x7f\t0xdd\t0x03\t0x09\t0x14\t0x01\t0x03\n"
~"0xa488:\t0x01\t0x4d\t0xe3\t0x03\t0x09\t0x0a\t0x01\t0x01\n"
*running,thread-id="all"
=breakpoint-modified,bkpt={number="5",type="breakpoint",disp="keep",enabled="y",addr="0x00000ba9",thread-groups=["i1"],times="297",script={"silent","if *(unsigned char *)0x0061 != 0","printf \"SAMPLE %u FRAME %u\\n\", $samples, *(unsigned char *)0x0000","x/32bx 0xa470","set $samples = $samples + 1","end","if $samples >= 1024","disable 5","else","continue","end"},original-location="*0x0ba9"}
*stopped
~"SAMPLE 296 FRAME 4\n"
~"0xa470:\t0x01\t0x7f\t0xfc\t0x00\t0x10\t0x14\t0x01\t0x03\n"
~"0xa478:\t0x01\t0x89\t0xdc\t0x00\t0x08\t0x16\t0x01\t0x03\n"
~"0xa480:\t0x01\t0x7f\t0xdc\t0x00\t0x08\t0x14\t0x01\t0x03\n"
~"0xa488:\t0x01\t0x4d\t0xe4\t0x00\t0x0a\t0x0a\t0x01\t0x01\n"
*running,thread-id="all"
=breakpoint-modified,bkpt={number="5",type="breakpoint",disp="keep",enabled="y",addr="0x00000ba9",thread-groups=["i1"],times="298",script={"silent","if *(unsigned char *)0x0061 != 0","printf \"SAMPLE %u FRAME %u\\n\", $samples, *(unsigned char *)0x0000","x/32bx 0xa470","set $samples = $samples + 1","end","if $samples >= 1024","disable 5","else","continue","end"},original-location="*0x0ba9"}
*stopped
~"SAMPLE 297 FRAME 8\n"
~"0xa470:\t0x01\t0x7f\t0xfb\t0x01\t0x10\t0x14\t0x01\t0x03\n"
~"0xa478:\t0x01\t0x89\t0xdb\t0x01\t0x08\t0x16\t0x01\t0x03\n"
~"0xa480:\t0x01\t0x7f\t0xdb\t0x01\t0x08\t0x14\t0x01\t0x03\n"
~"0xa488:\t0x01\t0x4d\t0xe5\t0x01\t0x0a\t0x0a\t0x01\t0x01\n"
*running,thread-id="all"
=breakpoint-modified,bkpt={number="5",type="breakpoint",disp="keep",enabled="y",addr="0x00000ba9",thread-groups=["i1"],times="299",script={"silent","if *(unsigned char *)0x0061 != 0","printf \"SAMPLE %u FRAME %u\\n\", $samples, *(unsigned char *)0x0000","x/32bx 0xa470","set $samples = $samples + 1","end","if $samples >= 1024","disable 5","else","continue","end"},original-location="*0x0ba9"}
*stopped
~"SAMPLE 298 FRAME 12\n"
~"0xa470:\t0x01\t0x7f\t0xfa\t0x02\t0x10\t0x14\t0x01\t0x03\n"
~"0xa478:\t0x01\t0x89\t0xda\t0x02\t0x08\t0x16\t0x01\t0x03\n"
~"0xa480:\t0x01\t0x7f\t0xda\t0x02\t0x08\t0x14\t0x01\t0x03\n"
~"0xa488:\t0x01\t0x4d\t0xe6\t0x02\t0x0a\t0x0a\t0x01\t0x01\n"
*running,thread-id="all"
=breakpoint-modified,bkpt={number="5",type="breakpoint",disp="keep",enabled="y",addr="0x00000ba9",thread-groups=["i1"],times="300",script={"silent","if *(unsigned char *)0x0061 != 0","printf \"SAMPLE %u FRAME %u\\n\", $samples, *(unsigned char *)0x0000","x/32bx 0xa470","set $samples = $samples + 1","end","if $samples >= 1024","disable 5","else","continue","end"},original-location="*0x0ba9"}
*stopped
~"SAMPLE 299 FRAME 16\n"
~"0xa470:\t0x01\t0x7f\t0xf9\t0x03\t0x10\t0x14\t0x01\t0x03\n"
~"0xa478:\t0x01\t0x89\t0xd9\t0x03\t0x08\t0x16\t0x01\t0x03\n"
~"0xa480:\t0x01\t0x7f\t0xd9\t0x03\t0x08\t0x14\t0x01\t0x03\n"
~"0xa488:\t0x01\t0x4d\t0xe7\t0x03\t0x0a\t0x0a\t0x01\t0x01\n"
*running,thread-id="all"
=breakpoint-modified,bkpt={number="5",type="breakpoint",disp="keep",enabled="y",addr="0x00000ba9",thread-groups=["i1"],times="301",script={"silent","if *(unsigned char *)0x0061 != 0","printf \"SAMPLE %u FRAME %u\\n\", $samples, *(unsigned char *)0x0000","x/32bx 0xa470","set $samples = $samples + 1","end","if $samples >= 1024","disable 5","else","continue","end"},original-location="*0x0ba9"}
*stopped
~"SAMPLE 300 FRAME 20\n"
~"0xa470:\t0x01\t0x7f\t0xf8\t0x00\t0x0f\t0x14\t0x01\t0x03\n"
~"0xa478:\t0x01\t0x89\t0xd8\t0x00\t0x07\t0x16\t0x01\t0x03\n"
~"0xa480:\t0x01\t0x7f\t0xd8\t0x00\t0x07\t0x14\t0x01\t0x03\n"
~"0xa488:\t0x01\t0x4d\t0xe8\t0x00\t0x0b\t0x0a\t0x01\t0x01\n"
*running,thread-id="all"
=breakpoint-modified,bkpt={number="5",type="breakpoint",disp="keep",enabled="y",addr="0x00000ba9",thread-groups=["i1"],times="302",script={"silent","if *(unsigned char *)0x0061 != 0","printf \"SAMPLE %u FRAME %u\\n\", $samples, *(unsigned char *)0x0000","x/32bx 0xa470","set $samples = $samples + 1","end","if $samples >= 1024","disable 5","else","continue","end"},original-location="*0x0ba9"}
*stopped
~"SAMPLE 301 FRAME 24\n"
~"0xa470:\t0x01\t0x7f\t0xf7\t0x01\t0x0f\t0x14\t0x01\t0x03\n"
~"0xa478:\t0x01\t0x89\t0xd7\t0x01\t0x07\t0x16\t0x01\t0x03\n"
~"0xa480:\t0x01\t0x7f\t0xd7\t0x01\t0x07\t0x14\t0x01\t0x03\n"
~"0xa488:\t0x01\t0x4d\t0xe9\t0x01\t0x0b\t0x0a\t0x01\t0x01\n"
*running,thread-id="all"
=breakpoint-modified,bkpt={number="5",type="breakpoint",disp="keep",enabled="y",addr="0x00000ba9",thread-groups=["i1"],times="303",script={"silent","if *(unsigned char *)0x0061 != 0","printf \"SAMPLE %u FRAME %u\\n\", $samples, *(unsigned char *)0x0000","x/32bx 0xa470","set $samples = $samples + 1","end","if $samples >= 1024","disable 5","else","continue","end"},original-location="*0x0ba9"}
*stopped
~"SAMPLE 302 FRAME 28\n"
~"0xa470:\t0x01\t0x7f\t0xf6\t0x02\t0x0f\t0x14\t0x01\t0x03\n"
~"0xa478:\t0x01\t0x89\t0xd6\t0x02\t0x07\t0x16\t0x01\t0x03\n"
~"0xa480:\t0x01\t0x7f\t0xd6\t0x02\t0x07\t0x14\t0x01\t0x03\n"
~"0xa488:\t0x01\t0x4d\t0xea\t0x02\t0x0b\t0x0a\t0x01\t0x01\n"
*running,thread-id="all"
=breakpoint-modified,bkpt={number="5",type="breakpoint",disp="keep",enabled="y",addr="0x00000ba9",thread-groups=["i1"],times="304",script={"silent","if *(unsigned char *)0x0061 != 0","printf \"SAMPLE %u FRAME %u\\n\", $samples, *(unsigned char *)0x0000","x/32bx 0xa470","set $samples = $samples + 1","end","if $samples >= 1024","disable 5","else","continue","end"},original-location="*0x0ba9"}
*stopped
~"SAMPLE 303 FRAME 32\n"
~"0xa470:\t0x01\t0x7f\t0xf5\t0x03\t0x0f\t0x14\t0x01\t0x03\n"
~"0xa478:\t0x01\t0x89\t0xd5\t0x03\t0x07\t0x16\t0x01\t0x03\n"
~"0xa480:\t0x01\t0x7f\t0xd5\t0x03\t0x07\t0x14\t0x01\t0x03\n"
~"0xa488:\t0x01\t0x4d\t0xeb\t0x03\t0x0b\t0x0a\t0x01\t0x01\n"
*running,thread-id="all"
=breakpoint-modified,bkpt={number="5",type="breakpoint",disp="keep",enabled="y",addr="0x00000ba9",thread-groups=["i1"],times="305",script={"silent","if *(unsigned char *)0x0061 != 0","printf \"SAMPLE %u FRAME %u\\n\", $samples, *(unsigned char *)0x0000","x/32bx 0xa470","set $samples = $samples + 1","end","if $samples >= 1024","disable 5","else","continue","end"},original-location="*0x0ba9"}
*stopped
~"SAMPLE 304 FRAME 38\n"
~"0xa470:\t0x01\t0x7f\t0xf4\t0x00\t0x0e\t0x14\t0x01\t0x02\n"
~"0xa478:\t0x01\t0x89\t0xd4\t0x00\t0x06\t0x16\t0x01\t0x03\n"
~"0xa480:\t0x01\t0x7f\t0xd4\t0x00\t0x06\t0x14\t0x01\t0x03\n"
~"0xa488:\t0x01\t0x4d\t0xec\t0x00\t0x0c\t0x0a\t0x01\t0x00\n"
*running,thread-id="all"
=breakpoint-modified,bkpt={number="5",type="breakpoint",disp="keep",enabled="y",addr="0x00000ba9",thread-groups=["i1"],times="306",script={"silent","if *(unsigned char *)0x0061 != 0","printf \"SAMPLE %u FRAME %u\\n\", $samples, *(unsigned char *)0x0000","x/32bx 0xa470","set $samples = $samples + 1","end","if $samples >= 1024","disable 5","else","continue","end"},original-location="*0x0ba9"}
*stopped
~"SAMPLE 305 FRAME 42\n"
~"0xa470:\t0x01\t0x81\t0x34\t0x01\t0x0e\t0x14\t0x01\t0x02\n"
~"0xa478:\t0x01\t0x89\t0xd3\t0x01\t0x06\t0x16\t0x01\t0x03\n"
~"0xa480:\t0x01\t0x7f\t0xd3\t0x01\t0x06\t0x14\t0x01\t0x03\n"
~"0xa488:\t0x01\t0x4c\t0xac\t0x01\t0x0c\t0x0a\t0x01\t0x00\n"
*running,thread-id="all"
=breakpoint-modified,bkpt={number="5",type="breakpoint",disp="keep",enabled="y",addr="0x00000ba9",thread-groups=["i1"],times="307",script={"silent","if *(unsigned char *)0x0061 != 0","printf \"SAMPLE %u FRAME %u\\n\", $samples, *(unsigned char *)0x0000","x/32bx 0xa470","set $samples = $samples + 1","end","if $samples >= 1024","disable 5","else","continue","end"},original-location="*0x0ba9"}
*stopped
~"SAMPLE 306 FRAME 46\n"
~"0xa470:\t0x01\t0x82\t0x74\t0x02\t0x0e\t0x14\t0x01\t0x02\n"
~"0xa478:\t0x01\t0x89\t0xd2\t0x02\t0x06\t0x16\t0x01\t0x03\n"
~"0xa480:\t0x01\t0x7f\t0xd2\t0x02\t0x06\t0x14\t0x01\t0x03\n"
~"0xa488:\t0x01\t0x4b\t0x6c\t0x02\t0x0c\t0x0a\t0x01\t0x00\n"
*running,thread-id="all"
=breakpoint-modified,bkpt={number="5",type="breakpoint",disp="keep",enabled="y",addr="0x00000ba9",thread-groups=["i1"],times="308",script={"silent","if *(unsigned char *)0x0061 != 0","printf \"SAMPLE %u FRAME %u\\n\", $samples, *(unsigned char *)0x0000","x/32bx 0xa470","set $samples = $samples + 1","end","if $samples >= 1024","disable 5","else","continue","end"},original-location="*0x0ba9"}
*stopped
~"SAMPLE 307 FRAME 50\n"
~"0xa470:\t0x01\t0x83\t0xb4\t0x03\t0x0e\t0x14\t0x01\t0x02\n"
~"0xa478:\t0x01\t0x89\t0xd1\t0x03\t0x06\t0x16\t0x01\t0x03\n"
~"0xa480:\t0x01\t0x7f\t0xd1\t0x03\t0x06\t0x14\t0x01\t0x03\n"
~"0xa488:\t0x01\t0x4a\t0x2c\t0x03\t0x0c\t0x0a\t0x01\t0x00\n"
*running,thread-id="all"
=breakpoint-modified,bkpt={number="5",type="breakpoint",disp="keep",enabled="y",addr="0x00000ba9",thread-groups=["i1"],times="309",script={"silent","if *(unsigned char *)0x0061 != 0","printf \"SAMPLE %u FRAME %u\\n\", $samples, *(unsigned char *)0x0000","x/32bx 0xa470","set $samples = $samples + 1","end","if $samples >= 1024","disable 5","else","continue","end"},original-location="*0x0ba9"}
*stopped
~"SAMPLE 308 FRAME 54\n"
~"0xa470:\t0x01\t0x84\t0xf4\t0x00\t0x0e\t0x15\t0x01\t0x02\n"
~"0xa478:\t0x01\t0x89\t0xd0\t0x00\t0x05\t0x16\t0x01\t0x03\n"
~"0xa480:\t0x01\t0x7f\t0xd0\t0x00\t0x05\t0x14\t0x01\t0x03\n"
~"0xa488:\t0x01\t0x48\t0xec\t0x00\t0x0c\t0x09\t0x01\t0x00\n"
*running,thread-id="all"
=breakpoint-modified,bkpt={number="5",type="breakpoint",disp="keep",enabled="y",addr="0x00000ba9",thread-groups=["i1"],times="310",script={"silent","if *(unsigned char *)0x0061 != 0","printf \"SAMPLE %u FRAME %u\\n\", $samples, *(unsigned char *)0x0000","x/32bx 0xa470","set $samples = $samples + 1","end","if $samples >= 1024","disable 5","else","continue","end"},original-location="*0x0ba9"}
*stopped
~"SAMPLE 309 FRAME 58\n"
~"0xa470:\t0x01\t0x86\t0x34\t0x01\t0x0e\t0x15\t0x01\t0x02\n"
~"0xa478:\t0x01\t0x89\t0xcf\t0x01\t0x05\t0x16\t0x01\t0x03\n"
~"0xa480:\t0x01\t0x7f\t0xcf\t0x01\t0x05\t0x14\t0x01\t0x03\n"
~"0xa488:\t0x01\t0x47\t0xac\t0x01\t0x0c\t0x09\t0x01\t0x00\n"
*running,thread-id="all"
=breakpoint-modified,bkpt={number="5",type="breakpoint",disp="keep",enabled="y",addr="0x00000ba9",thread-groups=["i1"],times="311",script={"silent","if *(unsigned char *)0x0061 != 0","printf \"SAMPLE %u FRAME %u\\n\", $samples, *(unsigned char *)0x0000","x/32bx 0xa470","set $samples = $samples + 1","end","if $samples >= 1024","disable 5","else","continue","end"},original-location="*0x0ba9"}
*stopped
~"SAMPLE 310 FRAME 62\n"
~"0xa470:\t0x01\t0x87\t0x74\t0x02\t0x0e\t0x15\t0x01\t0x02\n"
~"0xa478:\t0x01\t0x89\t0xce\t0x02\t0x05\t0x16\t0x01\t0x03\n"
~"0xa480:\t0x01\t0x7f\t0xce\t0x02\t0x05\t0x14\t0x01\t0x03\n"
~"0xa488:\t0x01\t0x46\t0x6c\t0x02\t0x0c\t0x09\t0x01\t0x00\n"
*running,thread-id="all"
=breakpoint-modified,bkpt={number="5",type="breakpoint",disp="keep",enabled="y",addr="0x00000ba9",thread-groups=["i1"],times="312",script={"silent","if *(unsigned char *)0x0061 != 0","printf \"SAMPLE %u FRAME %u\\n\", $samples, *(unsigned char *)0x0000","x/32bx 0xa470","set $samples = $samples + 1","end","if $samples >= 1024","disable 5","else","continue","end"},original-location="*0x0ba9"}
*stopped
~"SAMPLE 311 FRAME 66\n"
~"0xa470:\t0x01\t0x88\t0xb4\t0x03\t0x0e\t0x15\t0x01\t0x02\n"
~"0xa478:\t0x01\t0x89\t0xcd\t0x03\t0x05\t0x16\t0x01\t0x03\n"
~"0xa480:\t0x01\t0x7f\t0xcd\t0x03\t0x05\t0x14\t0x01\t0x03\n"
~"0xa488:\t0x01\t0x45\t0x2c\t0x03\t0x0c\t0x09\t0x01\t0x00\n"
*running,thread-id="all"
=breakpoint-modified,bkpt={number="5",type="breakpoint",disp="keep",enabled="y",addr="0x00000ba9",thread-groups=["i1"],times="313",script={"silent","if *(unsigned char *)0x0061 != 0","printf \"SAMPLE %u FRAME %u\\n\", $samples, *(unsigned char *)0x0000","x/32bx 0xa470","set $samples = $samples + 1","end","if $samples >= 1024","disable 5","else","continue","end"},original-location="*0x0ba9"}
*stopped
~"SAMPLE 312 FRAME 70\n"
~"0xa470:\t0x01\t0x89\t0xf4\t0x00\t0x0e\t0x16\t0x01\t0x01\n"
~"0xa478:\t0x01\t0x89\t0xcc\t0x00\t0x04\t0x16\t0x01\t0x03\n"
~"0xa480:\t0x01\t0x7f\t0xcc\t0x00\t0x04\t0x14\t0x01\t0x01\n"
~"0xa488:\t0x01\t0x43\t0xec\t0x00\t0x0c\t0x08\t0x01\t0x00\n"
*running,thread-id="all"
=breakpoint-modified,bkpt={number="5",type="breakpoint",disp="keep",enabled="y",addr="0x00000ba9",thread-groups=["i1"],times="314",script={"silent","if *(unsigned char *)0x0061 != 0","printf \"SAMPLE %u FRAME %u\\n\", $samples, *(unsigned char *)0x0000","x/32bx 0xa470","set $samples = $samples + 1","end","if $samples >= 1024","disable 5","else","continue","end"},original-location="*0x0ba9"}
*stopped
~"SAMPLE 313 FRAME 74\n"
~"0xa470:\t0x01\t0x89\t0xf5\t0x01\t0x0e\t0x16\t0x01\t0x01\n"
~"0xa478:\t0x01\t0x89\t0xcb\t0x01\t0x04\t0x16\t0x01\t0x03\n"
~"0xa480:\t0x01\t0x7f\t0xcd\t0x01\t0x04\t0x14\t0x01\t0x01\n"
~"0xa488:\t0x01\t0x42\t0xac\t0x01\t0x0c\t0x08\t0x01\t0x00\n"
*running,thread-id="all"
=breakpoint-modified,bkpt={number="5",type="breakpoint",disp="keep",enabled="y",addr="0x00000ba9",thread-groups=["i1"],times="315",script={"silent","if *(unsigned char *)0x0061 != 0","printf \"SAMPLE %u FRAME %u\\n\", $samples, *(unsigned char *)0x0000","x/32bx 0xa470","set $samples = $samples + 1","end","if $samples >= 1024","disable 5","else","continue","end"},original-location="*0x0ba9"}
*stopped
~"SAMPLE 314 FRAME 78\n"
~"0xa470:\t0x01\t0x89\t0xf6\t0x02\t0x0e\t0x16\t0x01\t0x01\n"
~"0xa478:\t0x01\t0x89\t0xca\t0x02\t0x04\t0x16\t0x01\t0x03\n"
~"0xa480:\t0x01\t0x7f\t0xce\t0x02\t0x04\t0x14\t0x01\t0x01\n"
~"0xa488:\t0x01\t0x41\t0x6c\t0x02\t0x0c\t0x08\t0x01\t0x00\n"
*running,thread-id="all"
=breakpoint-modified,bkpt={number="5",type="breakpoint",disp="keep",enabled="y",addr="0x00000ba9",thread-groups=["i1"],times="316",script={"silent","if *(unsigned char *)0x0061 != 0","printf \"SAMPLE %u FRAME %u\\n\", $samples, *(unsigned char *)0x0000","x/32bx 0xa470","set $samples = $samples + 1","end","if $samples >= 1024","disable 5","else","continue","end"},original-location="*0x0ba9"}
*stopped
~"SAMPLE 315 FRAME 82\n"
~"0xa470:\t0x01\t0x89\t0xf7\t0x03\t0x0e\t0x16\t0x01\t0x01\n"
~"0xa478:\t0x01\t0x89\t0xc9\t0x03\t0x04\t0x16\t0x01\t0x03\n"
~"0xa480:\t0x01\t0x7f\t0xcf\t0x03\t0x04\t0x14\t0x01\t0x01\n"
~"0xa488:\t0x01\t0x40\t0x2c\t0x03\t0x0c\t0x08\t0x01\t0x00\n"
*running,thread-id="all"
=breakpoint-modified,bkpt={number="5",type="breakpoint",disp="keep",enabled="y",addr="0x00000ba9",thread-groups=["i1"],times="317",script={"silent","if *(unsigned char *)0x0061 != 0","printf \"SAMPLE %u FRAME %u\\n\", $samples, *(unsigned char *)0x0000","x/32bx 0xa470","set $samples = $samples + 1","end","if $samples >= 1024","disable 5","else","continue","end"},original-location="*0x0ba9"}
*stopped
~"SAMPLE 316 FRAME 88\n"
~"0xa470:\t0x01\t0x89\t0xf8\t0x00\t0x0f\t0x16\t0x01\t0x01\n"
~"0xa478:\t0x01\t0x89\t0xc8\t0x00\t0x03\t0x16\t0x01\t0x03\n"
~"0xa480:\t0x01\t0x7f\t0xd0\t0x00\t0x05\t0x14\t0x01\t0x01\n"
~"0xa488:\t0x01\t0x3e\t0xec\t0x00\t0x0c\t0x07\t0x01\t0x00\n"
*running,thread-id="all"
=breakpoint-modified,bkpt={number="5",type="breakpoint",disp="keep",enabled="y",addr="0x00000ba9",thread-groups=["i1"],times="318",script={"silent","if *(unsigned char *)0x0061 != 0","printf \"SAMPLE %u FRAME %u\\n\", $samples, *(unsigned char *)0x0000","x/32bx 0xa470","set $samples = $samples + 1","end","if $samples >= 1024","disable 5","else","continue","end"},original-location="*0x0ba9"}
*stopped
~"SAMPLE 317 FRAME 92\n"
~"0xa470:\t0x01\t0x89\t0xf9\t0x01\t0x0f\t0x16\t0x01\t0x01\n"
~"0xa478:\t0x01\t0x89\t0xc7\t0x01\t0x03\t0x16\t0x01\t0x03\n"
~"0xa480:\t0x01\t0x7f\t0xd1\t0x01\t0x05\t0x14\t0x01\t0x01\n"
~"0xa488:\t0x01\t0x3d\t0xac\t0x01\t0x0c\t0x07\t0x01\t0x00\n"
*running,thread-id="all"
=breakpoint-modified,bkpt={number="5",type="breakpoint",disp="keep",enabled="y",addr="0x00000ba9",thread-groups=["i1"],times="319",script={"silent","if *(unsigned char *)0x0061 != 0","printf \"SAMPLE %u FRAME %u\\n\", $samples, *(unsigned char *)0x0000","x/32bx 0xa470","set $samples = $samples + 1","end","if $samples >= 1024","disable 5","else","continue","end"},original-location="*0x0ba9"}
*stopped
~"SAMPLE 318 FRAME 96\n"
~"0xa470:\t0x01\t0x89\t0xfa\t0x02\t0x0f\t0x16\t0x01\t0x01\n"
~"0xa478:\t0x01\t0x89\t0xc6\t0x02\t0x03\t0x16\t0x01\t0x03\n"
~"0xa480:\t0x01\t0x7f\t0xd2\t0x02\t0x05\t0x14\t0x01\t0x01\n"
~"0xa488:\t0x01\t0x3c\t0x6c\t0x02\t0x0c\t0x07\t0x01\t0x00\n"
*running,thread-id="all"
=breakpoint-modified,bkpt={number="5",type="breakpoint",disp="keep",enabled="y",addr="0x00000ba9",thread-groups=["i1"],times="320",script={"silent","if *(unsigned char *)0x0061 != 0","printf \"SAMPLE %u FRAME %u\\n\", $samples, *(unsigned char *)0x0000","x/32bx 0xa470","set $samples = $samples + 1","end","if $samples >= 1024","disable 5","else","continue","end"},original-location="*0x0ba9"}
*stopped
~"SAMPLE 319 FRAME 100\n"
~"0xa470:\t0x01\t0x89\t0xfb\t0x03\t0x0f\t0x16\t0x01\t0x01\n"
~"0xa478:\t0x01\t0x89\t0xc5\t0x03\t0x03\t0x16\t0x01\t0x03\n"
~"0xa480:\t0x01\t0x7f\t0xd3\t0x03\t0x05\t0x14\t0x01\t0x01\n"
~"0xa488:\t0x01\t0x3b\t0x2c\t0x03\t0x0c\t0x07\t0x01\t0x00\n"
*running,thread-id="all"
=breakpoint-modified,bkpt={number="5",type="breakpoint",disp="keep",enabled="y",addr="0x00000ba9",thread-groups=["i1"],times="321",script={"silent","if *(unsigned char *)0x0061 != 0","printf \"SAMPLE %u FRAME %u\\n\", $samples, *(unsigned char *)0x0000","x/32bx 0xa470","set $samples = $samples + 1","end","if $samples >= 1024","disable 5","else","continue","end"},original-location="*0x0ba9"}
*stopped
~"SAMPLE 320 FRAME 104\n"
~"0xa470:\t0x01\t0x89\t0xfc\t0x00\t0x10\t0x16\t0x01\t0x01\n"
~"0xa478:\t0x01\t0x89\t0xc4\t0x00\t0x02\t0x16\t0x01\t0x00\n"
~"0xa480:\t0x01\t0x7f\t0xd4\t0x00\t0x06\t0x14\t0x01\t0x01\n"
~"0xa488:\t0x01\t0x39\t0xec\t0x00\t0x0c\t0x06\t0x01\t0x00\n"
*running,thread-id="all"
=breakpoint-modified,bkpt={number="5",type="breakpoint",disp="keep",enabled="y",addr="0x00000ba9",thread-groups=["i1"],times="322",script={"silent","if *(unsigned char *)0x0061 != 0","printf \"SAMPLE %u FRAME %u\\n\", $samples, *(unsigned char *)0x0000","x/32bx 0xa470","set $samples = $samples + 1","end","if $samples >= 1024","disable 5","else","continue","end"},original-location="*0x0ba9"}
*stopped
~"SAMPLE 321 FRAME 108\n"
~"0xa470:\t0x01\t0x89\t0xfd\t0x01\t0x10\t0x16\t0x01\t0x01\n"
~"0xa478:\t0x01\t0x88\t0x84\t0x01\t0x02\t0x16\t0x01\t0x00\n"
~"0xa480:\t0x01\t0x7f\t0xd5\t0x01\t0x06\t0x14\t0x01\t0x01\n"
~"0xa488:\t0x01\t0x38\t0xac\t0x01\t0x0c\t0x06\t0x01\t0x00\n"
*running,thread-id="all"
=breakpoint-modified,bkpt={number="5",type="breakpoint",disp="keep",enabled="y",addr="0x00000ba9",thread-groups=["i1"],times="323",script={"silent","if *(unsigned char *)0x0061 != 0","printf \"SAMPLE %u FRAME %u\\n\", $samples, *(unsigned char *)0x0000","x/32bx 0xa470","set $samples = $samples + 1","end","if $samples >= 1024","disable 5","else","continue","end"},original-location="*0x0ba9"}
*stopped
~"SAMPLE 322 FRAME 112\n"
~"0xa470:\t0x01\t0x89\t0xfe\t0x02\t0x10\t0x16\t0x01\t0x01\n"
~"0xa478:\t0x01\t0x87\t0x44\t0x02\t0x02\t0x16\t0x01\t0x00\n"
~"0xa480:\t0x01\t0x7f\t0xd6\t0x02\t0x06\t0x14\t0x01\t0x01\n"
~"0xa488:\t0x01\t0x37\t0x6c\t0x02\t0x0c\t0x06\t0x01\t0x00\n"
*running,thread-id="all"
=breakpoint-modified,bkpt={number="5",type="breakpoint",disp="keep",enabled="y",addr="0x00000ba9",thread-groups=["i1"],times="324",script={"silent","if *(unsigned char *)0x0061 != 0","printf \"SAMPLE %u FRAME %u\\n\", $samples, *(unsigned char *)0x0000","x/32bx 0xa470","set $samples = $samples + 1","end","if $samples >= 1024","disable 5","else","continue","end"},original-location="*0x0ba9"}
*stopped
~"SAMPLE 323 FRAME 116\n"
~"0xa470:\t0x01\t0x89\t0xff\t0x03\t0x10\t0x16\t0x01\t0x01\n"
~"0xa478:\t0x01\t0x86\t0x04\t0x03\t0x02\t0x16\t0x01\t0x00\n"
~"0xa480:\t0x01\t0x7f\t0xd7\t0x03\t0x06\t0x14\t0x01\t0x01\n"
~"0xa488:\t0x01\t0x36\t0x2c\t0x03\t0x0c\t0x06\t0x01\t0x00\n"
*running,thread-id="all"
=breakpoint-modified,bkpt={number="5",type="breakpoint",disp="keep",enabled="y",addr="0x00000ba9",thread-groups=["i1"],times="325",script={"silent","if *(unsigned char *)0x0061 != 0","printf \"SAMPLE %u FRAME %u\\n\", $samples, *(unsigned char *)0x0000","x/32bx 0xa470","set $samples = $samples + 1","end","if $samples >= 1024","disable 5","else","continue","end"},original-location="*0x0ba9"}
*stopped
~"SAMPLE 324 FRAME 120\n"
~"0xa470:\t0x01\t0x8a\t0x00\t0x00\t0x11\t0x16\t0x01\t0x01\n"
~"0xa478:\t0x01\t0x84\t0xc4\t0x00\t0x02\t0x15\t0x01\t0x00\n"
~"0xa480:\t0x01\t0x7f\t0xd8\t0x00\t0x07\t0x14\t0x01\t0x01\n"
~"0xa488:\t0x01\t0x34\t0xec\t0x00\t0x0c\t0x05\t0x01\t0x00\n"
*running,thread-id="all"
=breakpoint-modified,bkpt={number="5",type="breakpoint",disp="keep",enabled="y",addr="0x00000ba9",thread-groups=["i1"],times="326",script={"silent","if *(unsigned char *)0x0061 != 0","printf \"SAMPLE %u FRAME %u\\n\", $samples, *(unsigned char *)0x0000","x/32bx 0xa470","set $samples = $samples + 1","end","if $samples >= 1024","disable 5","else","continue","end"},original-location="*0x0ba9"}
*stopped
~"SAMPLE 325 FRAME 124\n"
~"0xa470:\t0x01\t0x8a\t0x01\t0x01\t0x11\t0x16\t0x01\t0x01\n"
~"0xa478:\t0x01\t0x83\t0x84\t0x01\t0x02\t0x15\t0x01\t0x00\n"
~"0xa480:\t0x01\t0x7f\t0xd9\t0x01\t0x07\t0x14\t0x01\t0x01\n"
~"0xa488:\t0x01\t0x33\t0xac\t0x01\t0x0c\t0x05\t0x01\t0x00\n"
*running,thread-id="all"
=breakpoint-modified,bkpt={number="5",type="breakpoint",disp="keep",enabled="y",addr="0x00000ba9",thread-groups=["i1"],times="327",script={"silent","if *(unsigned char *)0x0061 != 0","printf \"SAMPLE %u FRAME %u\\n\", $samples, *(unsigned char *)0x0000","x/32bx 0xa470","set $samples = $samples + 1","end","if $samples >= 1024","disable 5","else","continue","end"},original-location="*0x0ba9"}
*stopped
~"SAMPLE 326 FRAME 128\n"
~"0xa470:\t0x01\t0x8a\t0x02\t0x02\t0x11\t0x16\t0x01\t0x01\n"
~"0xa478:\t0x01\t0x82\t0x44\t0x02\t0x02\t0x15\t0x01\t0x00\n"
~"0xa480:\t0x01\t0x7f\t0xda\t0x02\t0x07\t0x14\t0x01\t0x01\n"
~"0xa488:\t0x01\t0x32\t0x6c\t0x02\t0x0c\t0x05\t0x01\t0x00\n"
*running,thread-id="all"
=breakpoint-modified,bkpt={number="5",type="breakpoint",disp="keep",enabled="y",addr="0x00000ba9",thread-groups=["i1"],times="328",script={"silent","if *(unsigned char *)0x0061 != 0","printf \"SAMPLE %u FRAME %u\\n\", $samples, *(unsigned char *)0x0000","x/32bx 0xa470","set $samples = $samples + 1","end","if $samples >= 1024","disable 5","else","continue","end"},original-location="*0x0ba9"}
*stopped
~"SAMPLE 327 FRAME 132\n"
~"0xa470:\t0x01\t0x8a\t0x03\t0x03\t0x11\t0x16\t0x01\t0x01\n"
~"0xa478:\t0x01\t0x81\t0x04\t0x03\t0x02\t0x15\t0x01\t0x00\n"
~"0xa480:\t0x01\t0x7f\t0xdb\t0x03\t0x07\t0x14\t0x01\t0x01\n"
~"0xa488:\t0x01\t0x31\t0x2c\t0x03\t0x0c\t0x05\t0x01\t0x00\n"
*running,thread-id="all"
=breakpoint-modified,bkpt={number="5",type="breakpoint",disp="keep",enabled="y",addr="0x00000ba9",thread-groups=["i1"],times="329",script={"silent","if *(unsigned char *)0x0061 != 0","printf \"SAMPLE %u FRAME %u\\n\", $samples, *(unsigned char *)0x0000","x/32bx 0xa470","set $samples = $samples + 1","end","if $samples >= 1024","disable 5","else","continue","end"},original-location="*0x0ba9"}
*stopped
~"SAMPLE 328 FRAME 138\n"
~"0xa470:\t0x01\t0x8a\t0x04\t0x00\t0x12\t0x16\t0x01\t0x01\n"
~"0xa478:\t0x01\t0x7f\t0xc4\t0x00\t0x02\t0x14\t0x01\t0x00\n"
~"0xa480:\t0x01\t0x7f\t0xdc\t0x00\t0x08\t0x14\t0x01\t0x01\n"
~"0xa488:\t0x01\t0x2f\t0xec\t0x00\t0x0c\t0x04\t0x01\t0x00\n"
*running,thread-id="all"
=breakpoint-modified,bkpt={number="5",type="breakpoint",disp="keep",enabled="y",addr="0x00000ba9",thread-groups=["i1"],times="330",script={"silent","if *(unsigned char *)0x0061 != 0","printf \"SAMPLE %u FRAME %u\\n\", $samples, *(unsigned char *)0x0000","x/32bx 0xa470","set $samples = $samples + 1","end","if $samples >= 1024","disable 5","else","continue","end"},original-location="*0x0ba9"}
*stopped
~"SAMPLE 329 FRAME 142\n"
~"0xa470:\t0x01\t0x8a\t0x05\t0x01\t0x12\t0x16\t0x01\t0x01\n"
~"0xa478:\t0x01\t0x7e\t0x84\t0x01\t0x02\t0x14\t0x01\t0x00\n"
~"0xa480:\t0x01\t0x7f\t0xdd\t0x01\t0x08\t0x14\t0x01\t0x01\n"
~"0xa488:\t0x01\t0x2e\t0xac\t0x01\t0x0c\t0x04\t0x01\t0x00\n"
*running,thread-id="all"
=breakpoint-modified,bkpt={number="5",type="breakpoint",disp="keep",enabled="y",addr="0x00000ba9",thread-groups=["i1"],times="331",script={"silent","if *(unsigned char *)0x0061 != 0","printf \"SAMPLE %u FRAME %u\\n\", $samples, *(unsigned char *)0x0000","x/32bx 0xa470","set $samples = $samples + 1","end","if $samples >= 1024","disable 5","else","continue","end"},original-location="*0x0ba9"}
*stopped
~"SAMPLE 330 FRAME 146\n"
~"0xa470:\t0x01\t0x8a\t0x06\t0x02\t0x12\t0x16\t0x01\t0x01\n"
~"0xa478:\t0x01\t0x7d\t0x44\t0x02\t0x02\t0x14\t0x01\t0x00\n"
~"0xa480:\t0x01\t0x7f\t0xde\t0x02\t0x08\t0x14\t0x01\t0x01\n"
~"0xa488:\t0x01\t0x2d\t0x6c\t0x02\t0x0c\t0x04\t0x01\t0x00\n"
*running,thread-id="all"
=breakpoint-modified,bkpt={number="5",type="breakpoint",disp="keep",enabled="y",addr="0x00000ba9",thread-groups=["i1"],times="332",script={"silent","if *(unsigned char *)0x0061 != 0","printf \"SAMPLE %u FRAME %u\\n\", $samples, *(unsigned char *)0x0000","x/32bx 0xa470","set $samples = $samples + 1","end","if $samples >= 1024","disable 5","else","continue","end"},original-location="*0x0ba9"}
*stopped
~"SAMPLE 331 FRAME 150\n"
~"0xa470:\t0x01\t0x8a\t0x07\t0x03\t0x12\t0x16\t0x01\t0x01\n"
~"0xa478:\t0x01\t0x7c\t0x04\t0x03\t0x02\t0x14\t0x01\t0x00\n"
~"0xa480:\t0x01\t0x7f\t0xdf\t0x03\t0x08\t0x14\t0x01\t0x01\n"
~"0xa488:\t0x01\t0x2c\t0x2c\t0x03\t0x0c\t0x04\t0x01\t0x00\n"
*running,thread-id="all"
=breakpoint-modified,bkpt={number="5",type="breakpoint",disp="keep",enabled="y",addr="0x00000ba9",thread-groups=["i1"],times="333",script={"silent","if *(unsigned char *)0x0061 != 0","printf \"SAMPLE %u FRAME %u\\n\", $samples, *(unsigned char *)0x0000","x/32bx 0xa470","set $samples = $samples + 1","end","if $samples >= 1024","disable 5","else","continue","end"},original-location="*0x0ba9"}
*stopped
~"SAMPLE 332 FRAME 154\n"
~"0xa470:\t0x01\t0x8a\t0x08\t0x00\t0x13\t0x16\t0x01\t0x01\n"
~"0xa478:\t0x01\t0x7a\t0xc4\t0x00\t0x02\t0x13\t0x01\t0x00\n"
~"0xa480:\t0x01\t0x7f\t0xe0\t0x00\t0x09\t0x14\t0x01\t0x01\n"
~"0xa488:\t0x01\t0x2a\t0xec\t0x00\t0x0c\t0x03\t0x01\t0x00\n"
*running,thread-id="all"
=breakpoint-modified,bkpt={number="5",type="breakpoint",disp="keep",enabled="y",addr="0x00000ba9",thread-groups=["i1"],times="334",script={"silent","if *(unsigned char *)0x0061 != 0","printf \"SAMPLE %u FRAME %u\\n\", $samples, *(unsigned char *)0x0000","x/32bx 0xa470","set $samples = $samples + 1","end","if $samples >= 1024","disable 5","else","continue","end"},original-location="*0x0ba9"}
*stopped
~"SAMPLE 333 FRAME 158\n"
~"0xa470:\t0x01\t0x8a\t0x09\t0x01\t0x13\t0x16\t0x01\t0x01\n"
~"0xa478:\t0x01\t0x79\t0x84\t0x01\t0x02\t0x13\t0x01\t0x00\n"
~"0xa480:\t0x01\t0x7f\t0xe1\t0x01\t0x09\t0x14\t0x01\t0x01\n"
~"0xa488:\t0x01\t0x29\t0xac\t0x01\t0x0c\t0x03\t0x01\t0x00\n"
*running,thread-id="all"
=breakpoint-modified,bkpt={number="5",type="breakpoint",disp="keep",enabled="y",addr="0x00000ba9",thread-groups=["i1"],times="335",script={"silent","if *(unsigned char *)0x0061 != 0","printf \"SAMPLE %u FRAME %u\\n\", $samples, *(unsigned char *)0x0000","x/32bx 0xa470","set $samples = $samples + 1","end","if $samples >= 1024","disable 5","else","continue","end"},original-location="*0x0ba9"}
*stopped
~"SAMPLE 334 FRAME 162\n"
~"0xa470:\t0x01\t0x8a\t0x0a\t0x02\t0x13\t0x16\t0x01\t0x01\n"
~"0xa478:\t0x01\t0x78\t0x44\t0x02\t0x02\t0x13\t0x01\t0x00\n"
~"0xa480:\t0x01\t0x7f\t0xe2\t0x02\t0x09\t0x14\t0x01\t0x01\n"
~"0xa488:\t0x01\t0x28\t0x6c\t0x02\t0x0c\t0x03\t0x01\t0x00\n"
*running,thread-id="all"
=breakpoint-modified,bkpt={number="5",type="breakpoint",disp="keep",enabled="y",addr="0x00000ba9",thread-groups=["i1"],times="336",script={"silent","if *(unsigned char *)0x0061 != 0","printf \"SAMPLE %u FRAME %u\\n\", $samples, *(unsigned char *)0x0000","x/32bx 0xa470","set $samples = $samples + 1","end","if $samples >= 1024","disable 5","else","continue","end"},original-location="*0x0ba9"}
*stopped
~"SAMPLE 335 FRAME 166\n"
~"0xa470:\t0x01\t0x8a\t0x0b\t0x03\t0x13\t0x16\t0x01\t0x01\n"
~"0xa478:\t0x01\t0x77\t0x04\t0x03\t0x02\t0x13\t0x01\t0x00\n"
~"0xa480:\t0x01\t0x7f\t0xe3\t0x03\t0x09\t0x14\t0x01\t0x01\n"
~"0xa488:\t0x01\t0x27\t0x2c\t0x03\t0x0c\t0x03\t0x01\t0x00\n"
*running,thread-id="all"
=breakpoint-modified,bkpt={number="5",type="breakpoint",disp="keep",enabled="y",addr="0x00000ba9",thread-groups=["i1"],times="337",script={"silent","if *(unsigned char *)0x0061 != 0","printf \"SAMPLE %u FRAME %u\\n\", $samples, *(unsigned char *)0x0000","x/32bx 0xa470","set $samples = $samples + 1","end","if $samples >= 1024","disable 5","else","continue","end"},original-location="*0x0ba9"}
*stopped
~"SAMPLE 336 FRAME 170\n"
~"0xa470:\t0x01\t0x8a\t0x0c\t0x00\t0x14\t0x16\t0x01\t0x01\n"
~"0xa478:\t0x01\t0x75\t0xc4\t0x00\t0x02\t0x12\t0x01\t0x00\n"
~"0xa480:\t0x01\t0x7f\t0xe4\t0x00\t0x0a\t0x14\t0x01\t0x02\n"
~"0xa488:\t0x01\t0x25\t0xec\t0x00\t0x0c\t0x02\t0x01\t0x03\n"
*running,thread-id="all"
=breakpoint-modified,bkpt={number="5",type="breakpoint",disp="keep",enabled="y",addr="0x00000ba9",thread-groups=["i1"],times="338",script={"silent","if *(unsigned char *)0x0061 != 0","printf \"SAMPLE %u FRAME %u\\n\", $samples, *(unsigned char *)0x0000","x/32bx 0xa470","set $samples = $samples + 1","end","if $samples >= 1024","disable 5","else","continue","end"},original-location="*0x0ba9"}
*stopped
~"SAMPLE 337 FRAME 174\n"
~"0xa470:\t0x01\t0x8a\t0x0d\t0x01\t0x14\t0x16\t0x01\t0x01\n"
~"0xa478:\t0x01\t0x74\t0x84\t0x01\t0x02\t0x12\t0x01\t0x00\n"
~"0xa480:\t0x01\t0x81\t0x24\t0x01\t0x0a\t0x14\t0x01\t0x02\n"
~"0xa488:\t0x01\t0x25\t0xeb\t0x01\t0x0c\t0x02\t0x01\t0x03\n"
*running,thread-id="all"
=breakpoint-modified,bkpt={number="5",type="breakpoint",disp="keep",enabled="y",addr="0x00000ba9",thread-groups=["i1"],times="339",script={"silent","if *(unsigned char *)0x0061 != 0","printf \"SAMPLE %u FRAME %u\\n\", $samples, *(unsigned char *)0x0000","x/32bx 0xa470","set $samples = $samples + 1","end","if $samples >= 1024","disable 5","else","continue","end"},original-location="*0x0ba9"}
*stopped
~"SAMPLE 338 FRAME 178\n"
~"0xa470:\t0x01\t0x8a\t0x0e\t0x02\t0x14\t0x16\t0x01\t0x01\n"
~"0xa478:\t0x01\t0x73\t0x44\t0x02\t0x02\t0x12\t0x01\t0x00\n"
~"0xa480:\t0x01\t0x82\t0x64\t0x02\t0x0a\t0x14\t0x01\t0x02\n"
~"0xa488:\t0x01\t0x25\t0xea\t0x02\t0x0c\t0x02\t0x01\t0x03\n"
*running,thread-id="all"
=breakpoint-modified,bkpt={number="5",type="breakpoint",disp="keep",enabled="y",addr="0x00000ba9",thread-groups=["i1"],times="340",script={"silent","if *(unsigned char *)0x0061 != 0","printf \"SAMPLE %u FRAME %u\\n\", $samples, *(unsigned char *)0x0000","x/32bx 0xa470","set $samples = $samples + 1","end","if $samples >= 1024","disable 5","else","continue","end"},original-location="*0x0ba9"}
*stopped
~"SAMPLE 339 FRAME 182\n"
~"0xa470:\t0x01\t0x8a\t0x0f\t0x03\t0x14\t0x16\t0x01\t0x01\n"
~"0xa478:\t0x01\t0x72\t0x04\t0x03\t0x02\t0x12\t0x01\t0x00\n"
~"0xa480:\t0x01\t0x83\t0xa4\t0x03\t0x0a\t0x14\t0x01\t0x02\n"
~"0xa488:\t0x01\t0x25\t0xe9\t0x03\t0x0c\t0x02\t0x01\t0x03\n"
*running,thread-id="all"
=breakpoint-modified,bkpt={number="5",type="breakpoint",disp="keep",enabled="y",addr="0x00000ba9",thread-groups=["i1"],times="341",script={"silent","if *(unsigned char *)0x0061 != 0","printf \"SAMPLE %u FRAME %u\\n\", $samples, *(unsigned char *)0x0000","x/32bx 0xa470","set $samples = $samples + 1","end","if $samples >= 1024","disable 5","else","continue","end"},original-location="*0x0ba9"}
*stopped
~"SAMPLE 340 FRAME 188\n"
~"0xa470:\t0x01\t0x8a\t0x10\t0x00\t0x15\t0x16\t0x01\t0x01\n"
~"0xa478:\t0x01\t0x70\t0xc4\t0x00\t0x02\t0x11\t0x01\t0x00\n"
~"0xa480:\t0x01\t0x84\t0xe4\t0x00\t0x0a\t0x15\t0x01\t0x02\n"
~"0xa488:\t0x01\t0x25\t0xe8\t0x00\t0x0b\t0x02\t0x01\t0x03\n"
*running,thread-id="all"
=breakpoint-modified,bkpt={number="5",type="breakpoint",disp="keep",enabled="y",addr="0x00000ba9",thread-groups=["i1"],times="342",script={"silent","if *(unsigned char *)0x0061 != 0","printf \"SAMPLE %u FRAME %u\\n\", $samples, *(unsigned char *)0x0000","x/32bx 0xa470","set $samples = $samples + 1","end","if $samples >= 1024","disable 5","else","continue","end"},original-location="*0x0ba9"}
*stopped
~"SAMPLE 341 FRAME 192\n"
~"0xa470:\t0x01\t0x8a\t0x11\t0x01\t0x15\t0x16\t0x01\t0x01\n"
~"0xa478:\t0x01\t0x6f\t0x84\t0x01\t0x02\t0x11\t0x01\t0x00\n"
~"0xa480:\t0x01\t0x86\t0x24\t0x01\t0x0a\t0x15\t0x01\t0x02\n"
~"0xa488:\t0x01\t0x25\t0xe7\t0x01\t0x0b\t0x02\t0x01\t0x03\n"
*running,thread-id="all"
=breakpoint-modified,bkpt={number="5",type="breakpoint",disp="keep",enabled="y",addr="0x00000ba9",thread-groups=["i1"],times="343",script={"silent","if *(unsigned char *)0x0061 != 0","printf \"SAMPLE %u FRAME %u\\n\", $samples, *(unsigned char *)0x0000","x/32bx 0xa470","set $samples = $samples + 1","end","if $samples >= 1024","disable 5","else","continue","end"},original-location="*0x0ba9"}
*stopped
~"SAMPLE 342 FRAME 196\n"
~"0xa470:\t0x01\t0x8a\t0x12\t0x02\t0x15\t0x16\t0x01\t0x01\n"
~"0xa478:\t0x01\t0x6e\t0x44\t0x02\t0x02\t0x11\t0x01\t0x00\n"
~"0xa480:\t0x01\t0x87\t0x64\t0x02\t0x0a\t0x15\t0x01\t0x02\n"
~"0xa488:\t0x01\t0x25\t0xe6\t0x02\t0x0b\t0x02\t0x01\t0x03\n"
*running,thread-id="all"
=breakpoint-modified,bkpt={number="5",type="breakpoint",disp="keep",enabled="y",addr="0x00000ba9",thread-groups=["i1"],times="344",script={"silent","if *(unsigned char *)0x0061 != 0","printf \"SAMPLE %u FRAME %u\\n\", $samples, *(unsigned char *)0x0000","x/32bx 0xa470","set $samples = $samples + 1","end","if $samples >= 1024","disable 5","else","continue","end"},original-location="*0x0ba9"}
*stopped
~"SAMPLE 343 FRAME 200\n"
~"0xa470:\t0x01\t0x8a\t0x13\t0x03\t0x15\t0x16\t0x01\t0x01\n"
~"0xa478:\t0x01\t0x6d\t0x04\t0x03\t0x02\t0x11\t0x01\t0x00\n"
~"0xa480:\t0x01\t0x88\t0xa4\t0x03\t0x0a\t0x15\t0x01\t0x02\n"
~"0xa488:\t0x01\t0x25\t0xe5\t0x03\t0x0b\t0x02\t0x01\t0x03\n"
*running,thread-id="all"
=breakpoint-modified,bkpt={number="5",type="breakpoint",disp="keep",enabled="y",addr="0x00000ba9",thread-groups=["i1"],times="345",script={"silent","if *(unsigned char *)0x0061 != 0","printf \"SAMPLE %u FRAME %u\\n\", $samples, *(unsigned char *)0x0000","x/32bx 0xa470","set $samples = $samples + 1","end","if $samples >= 1024","disable 5","else","continue","end"},original-location="*0x0ba9"}
*stopped
~"SAMPLE 344 FRAME 204\n"
~"0xa470:\t0x01\t0x8a\t0x14\t0x00\t0x16\t0x16\t0x01\t0x00\n"
~"0xa478:\t0x01\t0x6b\t0xc4\t0x00\t0x02\t0x10\t0x01\t0x00\n"
~"0xa480:\t0x01\t0x89\t0xe4\t0x00\t0x0a\t0x16\t0x01\t0x03\n"
~"0xa488:\t0x01\t0x25\t0xe4\t0x00\t0x0a\t0x02\t0x01\t0x03\n"
*running,thread-id="all"
=breakpoint-modified,bkpt={number="5",type="breakpoint",disp="keep",enabled="y",addr="0x00000ba9",thread-groups=["i1"],times="346",script={"silent","if *(unsigned char *)0x0061 != 0","printf \"SAMPLE %u FRAME %u\\n\", $samples, *(unsigned char *)0x0000","x/32bx 0xa470","set $samples = $samples + 1","end","if $samples >= 1024","disable 5","else","continue","end"},original-location="*0x0ba9"}
*stopped
~"SAMPLE 345 FRAME 208\n"
~"0xa470:\t0x01\t0x88\t0xd4\t0x01\t0x16\t0x16\t0x01\t0x00\n"
~"0xa478:\t0x01\t0x6a\t0x84\t0x01\t0x02\t0x10\t0x01\t0x00\n"
~"0xa480:\t0x01\t0x89\t0xe3\t0x01\t0x0a\t0x16\t0x01\t0x03\n"
~"0xa488:\t0x01\t0x25\t0xe3\t0x01\t0x0a\t0x02\t0x01\t0x03\n"
*running,thread-id="all"
=breakpoint-modified,bkpt={number="5",type="breakpoint",disp="keep",enabled="y",addr="0x00000ba9",thread-groups=["i1"],times="347",script={"silent","if *(unsigned char *)0x0061 != 0","printf \"SAMPLE %u FRAME %u\\n\", $samples, *(unsigned char *)0x0000","x/32bx 0xa470","set $samples = $samples + 1","end","if $samples >= 1024","disable 5","else","continue","end"},original-location="*0x0ba9"}
*stopped
~"SAMPLE 346 FRAME 212\n"
~"0xa470:\t0x01\t0x87\t0x94\t0x02\t0x16\t0x16\t0x01\t0x00\n"
~"0xa478:\t0x01\t0x69\t0x44\t0x02\t0x02\t0x10\t0x01\t0x00\n"
~"0xa480:\t0x01\t0x89\t0xe2\t0x02\t0x0a\t0x16\t0x01\t0x03\n"
~"0xa488:\t0x01\t0x25\t0xe2\t0x02\t0x0a\t0x02\t0x01\t0x03\n"
*running,thread-id="all"
=breakpoint-modified,bkpt={number="5",type="breakpoint",disp="keep",enabled="y",addr="0x00000ba9",thread-groups=["i1"],times="348",script={"silent","if *(unsigned char *)0x0061 != 0","printf \"SAMPLE %u FRAME %u\\n\", $samples, *(unsigned char *)0x0000","x/32bx 0xa470","set $samples = $samples + 1","end","if $samples >= 1024","disable 5","else","continue","end"},original-location="*0x0ba9"}
*stopped
~"SAMPLE 347 FRAME 216\n"
~"0xa470:\t0x01\t0x86\t0x54\t0x03\t0x16\t0x16\t0x01\t0x00\n"
~"0xa478:\t0x01\t0x68\t0x04\t0x03\t0x02\t0x10\t0x01\t0x00\n"
~"0xa480:\t0x01\t0x89\t0xe1\t0x03\t0x0a\t0x16\t0x01\t0x03\n"
~"0xa488:\t0x01\t0x25\t0xe1\t0x03\t0x0a\t0x02\t0x01\t0x03\n"
*running,thread-id="all"
=breakpoint-modified,bkpt={number="5",type="breakpoint",disp="keep",enabled="y",addr="0x00000ba9",thread-groups=["i1"],times="349",script={"silent","if *(unsigned char *)0x0061 != 0","printf \"SAMPLE %u FRAME %u\\n\", $samples, *(unsigned char *)0x0000","x/32bx 0xa470","set $samples = $samples + 1","end","if $samples >= 1024","disable 5","else","continue","end"},original-location="*0x0ba9"}
*stopped
~"SAMPLE 348 FRAME 220\n"
~"0xa470:\t0x01\t0x85\t0x14\t0x00\t0x16\t0x15\t0x01\t0x00\n"
~"0xa478:\t0x01\t0x66\t0xc4\t0x00\t0x02\t0x0f\t0x01\t0x00\n"
~"0xa480:\t0x01\t0x89\t0xe0\t0x00\t0x09\t0x16\t0x01\t0x03\n"
~"0xa488:\t0x01\t0x25\t0xe0\t0x00\t0x09\t0x02\t0x01\t0x03\n"
*running,thread-id="all"
=breakpoint-modified,bkpt={number="5",type="breakpoint",disp="keep",enabled="y",addr="0x00000ba9",thread-groups=["i1"],times="350",script={"silent","if *(unsigned char *)0x0061 != 0","printf \"SAMPLE %u FRAME %u\\n\", $samples, *(unsigned char *)0x0000","x/32bx 0xa470","set $samples = $samples + 1","end","if $samples >= 1024","disable 5","else","continue","end"},original-location="*0x0ba9"}
*stopped
~"SAMPLE 349 FRAME 224\n"
~"0xa470:\t0x01\t0x83\t0xd4\t0x01\t0x16\t0x15\t0x01\t0x00\n"
~"0xa478:\t0x01\t0x65\t0x84\t0x01\t0x02\t0x0f\t0x01\t0x00\n"
~"0xa480:\t0x01\t0x89\t0xdf\t0x01\t0x09\t0x16\t0x01\t0x03\n"
~"0xa488:\t0x01\t0x25\t0xdf\t0x01\t0x09\t0x02\t0x01\t0x03\n"
*running,thread-id="all"
=breakpoint-modified,bkpt={number="5",type="breakpoint",disp="keep",enabled="y",addr="0x00000ba9",thread-groups=["i1"],times="351",script={"silent","if *(unsigned char *)0x0061 != 0","printf \"SAMPLE %u FRAME %u\\n\", $samples, *(unsigned char *)0x0000","x/32bx 0xa470","set $samples = $samples + 1","end","if $samples >= 1024","disable 5","else","continue","end"},original-location="*0x0ba9"}
*stopped
~"SAMPLE 350 FRAME 228\n"
~"0xa470:\t0x01\t0x82\t0x94\t0x02\t0x16\t0x15\t0x01\t0x00\n"
~"0xa478:\t0x01\t0x64\t0x44\t0x02\t0x02\t0x0f\t0x01\t0x00\n"
~"0xa480:\t0x01\t0x89\t0xde\t0x02\t0x09\t0x16\t0x01\t0x03\n"
~"0xa488:\t0x01\t0x25\t0xde\t0x02\t0x09\t0x02\t0x01\t0x03\n"
*running,thread-id="all"
=breakpoint-modified,bkpt={number="5",type="breakpoint",disp="keep",enabled="y",addr="0x00000ba9",thread-groups=["i1"],times="352",script={"silent","if *(unsigned char *)0x0061 != 0","printf \"SAMPLE %u FRAME %u\\n\", $samples, *(unsigned char *)0x0000","x/32bx 0xa470","set $samples = $samples + 1","end","if $samples >= 1024","disable 5","else","continue","end"},original-location="*0x0ba9"}
*stopped
~"SAMPLE 351 FRAME 232\n"
~"0xa470:\t0x01\t0x81\t0x54\t0x03\t0x16\t0x15\t0x01\t0x00\n"
~"0xa478:\t0x01\t0x63\t0x04\t0x03\t0x02\t0x0f\t0x01\t0x00\n"
~"0xa480:\t0x01\t0x89\t0xdd\t0x03\t0x09\t0x16\t0x01\t0x03\n"
~"0xa488:\t0x01\t0x25\t0xdd\t0x03\t0x09\t0x02\t0x01\t0x03\n"
*running,thread-id="all"
=breakpoint-modified,bkpt={number="5",type="breakpoint",disp="keep",enabled="y",addr="0x00000ba9",thread-groups=["i1"],times="353",script={"silent","if *(unsigned char *)0x0061 != 0","printf \"SAMPLE %u FRAME %u\\n\", $samples, *(unsigned char *)0x0000","x/32bx 0xa470","set $samples = $samples + 1","end","if $samples >= 1024","disable 5","else","continue","end"},original-location="*0x0ba9"}
*stopped
~"SAMPLE 352 FRAME 238\n"
~"0xa470:\t0x01\t0x80\t0x14\t0x00\t0x16\t0x14\t0x01\t0x00\n"
~"0xa478:\t0x01\t0x61\t0xc4\t0x00\t0x02\t0x0e\t0x01\t0x00\n"
~"0xa480:\t0x01\t0x89\t0xdc\t0x00\t0x08\t0x16\t0x01\t0x03\n"
~"0xa488:\t0x01\t0x25\t0xdc\t0x00\t0x08\t0x02\t0x01\t0x02\n"
*running,thread-id="all"
=breakpoint-modified,bkpt={number="5",type="breakpoint",disp="keep",enabled="y",addr="0x00000ba9",thread-groups=["i1"],times="354",script={"silent","if *(unsigned char *)0x0061 != 0","printf \"SAMPLE %u FRAME %u\\n\", $samples, *(unsigned char *)0x0000","x/32bx 0xa470","set $samples = $samples + 1","end","if $samples >= 1024","disable 5","else","continue","end"},original-location="*0x0ba9"}
*stopped
~"SAMPLE 353 FRAME 242\n"
~"0xa470:\t0x01\t0x7e\t0xd4\t0x01\t0x16\t0x14\t0x01\t0x00\n"
~"0xa478:\t0x01\t0x60\t0x84\t0x01\t0x02\t0x0e\t0x01\t0x00\n"
~"0xa480:\t0x01\t0x89\t0xdb\t0x01\t0x08\t0x16\t0x01\t0x03\n"
~"0xa488:\t0x01\t0x27\t0x1c\t0x01\t0x08\t0x02\t0x01\t0x02\n"
*running,thread-id="all"
=breakpoint-modified,bkpt={number="5",type="breakpoint",disp="keep",enabled="y",addr="0x00000ba9",thread-groups=["i1"],times="355",script={"silent","if *(unsigned char *)0x0061 != 0","printf \"SAMPLE %u FRAME %u\\n\", $samples, *(unsigned char *)0x0000","x/32bx 0xa470","set $samples = $samples + 1","end","if $samples >= 1024","disable 5","else","continue","end"},original-location="*0x0ba9"}
*stopped
~"SAMPLE 354 FRAME 246\n"
~"0xa470:\t0x01\t0x7d\t0x94\t0x02\t0x16\t0x14\t0x01\t0x00\n"
~"0xa478:\t0x01\t0x5f\t0x44\t0x02\t0x02\t0x0e\t0x01\t0x00\n"
~"0xa480:\t0x01\t0x89\t0xda\t0x02\t0x08\t0x16\t0x01\t0x03\n"
~"0xa488:\t0x01\t0x28\t0x5c\t0x02\t0x08\t0x02\t0x01\t0x02\n"
*running,thread-id="all"
=breakpoint-modified,bkpt={number="5",type="breakpoint",disp="keep",enabled="y",addr="0x00000ba9",thread-groups=["i1"],times="356",script={"silent","if *(unsigned char *)0x0061 != 0","printf \"SAMPLE %u FRAME %u\\n\", $samples, *(unsigned char *)0x0000","x/32bx 0xa470","set $samples = $samples + 1","end","if $samples >= 1024","disable 5","else","continue","end"},original-location="*0x0ba9"}
*stopped
~"SAMPLE 355 FRAME 250\n"
~"0xa470:\t0x01\t0x7c\t0x54\t0x03\t0x16\t0x14\t0x01\t0x00\n"
~"0xa478:\t0x01\t0x5e\t0x04\t0x03\t0x02\t0x0e\t0x01\t0x00\n"
~"0xa480:\t0x01\t0x89\t0xd9\t0x03\t0x08\t0x16\t0x01\t0x03\n"
~"0xa488:\t0x01\t0x29\t0x9c\t0x03\t0x08\t0x02\t0x01\t0x02\n"
*running,thread-id="all"
=breakpoint-modified,bkpt={number="5",type="breakpoint",disp="keep",enabled="y",addr="0x00000ba9",thread-groups=["i1"],times="357",script={"silent","if *(unsigned char *)0x0061 != 0","printf \"SAMPLE %u FRAME %u\\n\", $samples, *(unsigned char *)0x0000","x/32bx 0xa470","set $samples = $samples + 1","end","if $samples >= 1024","disable 5","else","continue","end"},original-location="*0x0ba9"}
*stopped
~"SAMPLE 356 FRAME 254\n"
~"0xa470:\t0x01\t0x7b\t0x14\t0x00\t0x16\t0x13\t0x01\t0x00\n"
~"0xa478:\t0x01\t0x5c\t0xc4\t0x00\t0x02\t0x0d\t0x01\t0x00\n"
~"0xa480:\t0x01\t0x89\t0xd8\t0x00\t0x07\t0x16\t0x01\t0x03\n"
~"0xa488:\t0x01\t0x2a\t0xdc\t0x00\t0x08\t0x03\t0x01\t0x02\n"
*running,thread-id="all"
=breakpoint-modified,bkpt={number="5",type="breakpoint",disp="keep",enabled="y",addr="0x00000ba9",thread-groups=["i1"],times="358",script={"silent","if *(unsigned char *)0x0061 != 0","printf \"SAMPLE %u FRAME %u\\n\", $samples, *(unsigned char *)0x0000","x/32bx 0xa470","set $samples = $samples + 1","end","if $samples >= 1024","disable 5","else","continue","end"},original-location="*0x0ba9"}
*stopped
~"SAMPLE 357 FRAME 2\n"
~"0xa470:\t0x01\t0x79\t0xd4\t0x01\t0x16\t0x13\t0x01\t0x00\n"
~"0xa478:\t0x01\t0x5b\t0x84\t0x01\t0x02\t0x0d\t0x01\t0x00\n"
~"0xa480:\t0x01\t0x89\t0xd7\t0x01\t0x07\t0x16\t0x01\t0x03\n"
~"0xa488:\t0x01\t0x2c\t0x1c\t0x01\t0x08\t0x03\t0x01\t0x02\n"
*running,thread-id="all"
=breakpoint-modified,bkpt={number="5",type="breakpoint",disp="keep",enabled="y",addr="0x00000ba9",thread-groups=["i1"],times="359",script={"silent","if *(unsigned char *)0x0061 != 0","printf \"SAMPLE %u FRAME %u\\n\", $samples, *(unsigned char *)0x0000","x/32bx 0xa470","set $samples = $samples + 1","end","if $samples >= 1024","disable 5","else","continue","end"},original-location="*0x0ba9"}
*stopped
~"SAMPLE 358 FRAME 6\n"
~"0xa470:\t0x01\t0x78\t0x94\t0x02\t0x16\t0x13\t0x01\t0x00\n"
~"0xa478:\t0x01\t0x5a\t0x44\t0x02\t0x02\t0x0d\t0x01\t0x00\n"
~"0xa480:\t0x01\t0x89\t0xd6\t0x02\t0x07\t0x16\t0x01\t0x03\n"
~"0xa488:\t0x01\t0x2d\t0x5c\t0x02\t0x08\t0x03\t0x01\t0x02\n"
*running,thread-id="all"
=breakpoint-modified,bkpt={number="5",type="breakpoint",disp="keep",enabled="y",addr="0x00000ba9",thread-groups=["i1"],times="360",script={"silent","if *(unsigned char *)0x0061 != 0","printf \"SAMPLE %u FRAME %u\\n\", $samples, *(unsigned char *)0x0000","x/32bx 0xa470","set $samples = $samples + 1","end","if $samples >= 1024","disable 5","else","continue","end"},original-location="*0x0ba9"}
*stopped
~"SAMPLE 359 FRAME 10\n"
~"0xa470:\t0x01\t0x77\t0x54\t0x03\t0x16\t0x13\t0x01\t0x00\n"
~"0xa478:\t0x01\t0x59\t0x04\t0x03\t0x02\t0x0d\t0x01\t0x00\n"
~"0xa480:\t0x01\t0x89\t0xd5\t0x03\t0x07\t0x16\t0x01\t0x03\n"
~"0xa488:\t0x01\t0x2e\t0x9c\t0x03\t0x08\t0x03\t0x01\t0x02\n"
*running,thread-id="all"
=breakpoint-modified,bkpt={number="5",type="breakpoint",disp="keep",enabled="y",addr="0x00000ba9",thread-groups=["i1"],times="361",script={"silent","if *(unsigned char *)0x0061 != 0","printf \"SAMPLE %u FRAME %u\\n\", $samples, *(unsigned char *)0x0000","x/32bx 0xa470","set $samples = $samples + 1","end","if $samples >= 1024","disable 5","else","continue","end"},original-location="*0x0ba9"}
*stopped
~"SAMPLE 360 FRAME 14\n"
~"0xa470:\t0x01\t0x76\t0x14\t0x00\t0x16\t0x12\t0x01\t0x03\n"
~"0xa478:\t0x01\t0x57\t0xc4\t0x00\t0x02\t0x0c\t0x01\t0x00\n"
~"0xa480:\t0x01\t0x89\t0xd4\t0x00\t0x06\t0x16\t0x01\t0x03\n"
~"0xa488:\t0x01\t0x2f\t0xdc\t0x00\t0x08\t0x04\t0x01\t0x02\n"
*running,thread-id="all"
=breakpoint-modified,bkpt={number="5",type="breakpoint",disp="keep",enabled="y",addr="0x00000ba9",thread-groups=["i1"],times="362",script={"silent","if *(unsigned char *)0x0061 != 0","printf \"SAMPLE %u FRAME %u\\n\", $samples, *(unsigned char *)0x0000","x/32bx 0xa470","set $samples = $samples + 1","end","if $samples >= 1024","disable 5","else","continue","end"},original-location="*0x0ba9"}
*stopped
~"SAMPLE 361 FRAME 18\n"
~"0xa470:\t0x01\t0x76\t0x13\t0x01\t0x16\t0x12\t0x01\t0x03\n"
~"0xa478:\t0x01\t0x56\t0x84\t0x01\t0x02\t0x0c\t0x01\t0x00\n"
~"0xa480:\t0x01\t0x89\t0xd3\t0x01\t0x06\t0x16\t0x01\t0x03\n"
~"0xa488:\t0x01\t0x31\t0x1c\t0x01\t0x08\t0x04\t0x01\t0x02\n"
*running,thread-id="all"
=breakpoint-modified,bkpt={number="5",type="breakpoint",disp="keep",enabled="y",addr="0x00000ba9",thread-groups=["i1"],times="363",script={"silent","if *(unsigned char *)0x0061 != 0","printf \"SAMPLE %u FRAME %u\\n\", $samples, *(unsigned char *)0x0000","x/32bx 0xa470","set $samples = $samples + 1","end","if $samples >= 1024","disable 5","else","continue","end"},original-location="*0x0ba9"}
*stopped
~"SAMPLE 362 FRAME 22\n"
~"0xa470:\t0x01\t0x76\t0x12\t0x02\t0x16\t0x12\t0x01\t0x03\n"
~"0xa478:\t0x01\t0x55\t0x44\t0x02\t0x02\t0x0c\t0x01\t0x00\n"
~"0xa480:\t0x01\t0x89\t0xd2\t0x02\t0x06\t0x16\t0x01\t0x03\n"
~"0xa488:\t0x01\t0x32\t0x5c\t0x02\t0x08\t0x04\t0x01\t0x02\n"
*running,thread-id="all"
=breakpoint-modified,bkpt={number="5",type="breakpoint",disp="keep",enabled="y",addr="0x00000ba9",thread-groups=["i1"],times="364",script={"silent","if *(unsigned char *)0x0061 != 0","printf \"SAMPLE %u FRAME %u\\n\", $samples, *(unsigned char *)0x0000","x/32bx 0xa470","set $samples = $samples + 1","end","if $samples >= 1024","disable 5","else","continue","end"},original-location="*0x0ba9"}
*stopped
~"SAMPLE 363 FRAME 26\n"
~"0xa470:\t0x01\t0x76\t0x11\t0x03\t0x16\t0x12\t0x01\t0x03\n"
~"0xa478:\t0x01\t0x54\t0x04\t0x03\t0x02\t0x0c\t0x01\t0x00\n"
~"0xa480:\t0x01\t0x89\t0xd1\t0x03\t0x06\t0x16\t0x01\t0x03\n"
~"0xa488:\t0x01\t0x33\t0x9c\t0x03\t0x08\t0x04\t0x01\t0x02\n"
*running,thread-id="all"
=breakpoint-modified,bkpt={number="5",type="breakpoint",disp="keep",enabled="y",addr="0x00000ba9",thread-groups=["i1"],times="365",script={"silent","if *(unsigned char *)0x0061 != 0","printf \"SAMPLE %u FRAME %u\\n\", $samples, *(unsigned char *)0x0000","x/32bx 0xa470","set $samples = $samples + 1","end","if $samples >= 1024","disable 5","else","continue","end"},original-location="*0x0ba9"}
*stopped
~"SAMPLE 364 FRAME 32\n"
~"0xa470:\t0x01\t0x76\t0x10\t0x00\t0x15\t0x12\t0x01\t0x03\n"
~"0xa478:\t0x01\t0x52\t0xc4\t0x00\t0x02\t0x0b\t0x01\t0x00\n"
~"0xa480:\t0x01\t0x89\t0xd0\t0x00\t0x05\t0x16\t0x01\t0x03\n"
~"0xa488:\t0x01\t0x34\t0xdc\t0x00\t0x08\t0x05\t0x01\t0x02\n"
*running,thread-id="all"
=breakpoint-modified,bkpt={number="5",type="breakpoint",disp="keep",enabled="y",addr="0x00000ba9",thread-groups=["i1"],times="366",script={"silent","if *(unsigned char *)0x0061 != 0","printf \"SAMPLE %u FRAME %u\\n\", $samples, *(unsigned char *)0x0000","x/32bx 0xa470","set $samples = $samples + 1","end","if $samples >= 1024","disable 5","else","continue","end"},original-location="*0x0ba9"}
*stopped
~"SAMPLE 365 FRAME 36\n"
~"0xa470:\t0x01\t0x76\t0x0f\t0x01\t0x15\t0x12\t0x01\t0x03\n"
~"0xa478:\t0x01\t0x51\t0x84\t0x01\t0x02\t0x0b\t0x01\t0x00\n"
~"0xa480:\t0x01\t0x89\t0xcf\t0x01\t0x05\t0x16\t0x01\t0x03\n"
~"0xa488:\t0x01\t0x36\t0x1c\t0x01\t0x08\t0x05\t0x01\t0x02\n"
*running,thread-id="all"
=breakpoint-modified,bkpt={number="5",type="breakpoint",disp="keep",enabled="y",addr="0x00000ba9",thread-groups=["i1"],times="367",script={"silent","if *(unsigned char *)0x0061 != 0","printf \"SAMPLE %u FRAME %u\\n\", $samples, *(unsigned char *)0x0000","x/32bx 0xa470","set $samples = $samples + 1","end","if $samples >= 1024","disable 5","else","continue","end"},original-location="*0x0ba9"}
*stopped
~"SAMPLE 366 FRAME 40\n"
~"0xa470:\t0x01\t0x76\t0x0e\t0x02\t0x15\t0x12\t0x01\t0x03\n"
~"0xa478:\t0x01\t0x50\t0x44\t0x02\t0x02\t0x0b\t0x01\t0x00\n"
~"0xa480:\t0x01\t0x89\t0xce\t0x02\t0x05\t0x16\t0x01\t0x03\n"
~"0xa488:\t0x01\t0x37\t0x5c\t0x02\t0x08\t0x05\t0x01\t0x02\n"
*running,thread-id="all"
=breakpoint-modified,bkpt={number="5",type="breakpoint",disp="keep",enabled="y",addr="0x00000ba9",thread-groups=["i1"],times="368",script={"silent","if *(unsigned char *)0x0061 != 0","printf \"SAMPLE %u FRAME %u\\n\", $samples, *(unsigned char *)0x0000","x/32bx 0xa470","set $samples = $samples + 1","end","if $samples >= 1024","disable 5","else","continue","end"},original-location="*0x0ba9"}
*stopped
~"SAMPLE 367 FRAME 44\n"
~"0xa470:\t0x01\t0x76\t0x0d\t0x03\t0x15\t0x12\t0x01\t0x03\n"
~"0xa478:\t0x01\t0x4f\t0x04\t0x03\t0x02\t0x0b\t0x01\t0x00\n"
~"0xa480:\t0x01\t0x89\t0xcd\t0x03\t0x05\t0x16\t0x01\t0x03\n"
~"0xa488:\t0x01\t0x38\t0x9c\t0x03\t0x08\t0x05\t0x01\t0x02\n"
*running,thread-id="all"
=breakpoint-modified,bkpt={number="5",type="breakpoint",disp="keep",enabled="y",addr="0x00000ba9",thread-groups=["i1"],times="369",script={"silent","if *(unsigned char *)0x0061 != 0","printf \"SAMPLE %u FRAME %u\\n\", $samples, *(unsigned char *)0x0000","x/32bx 0xa470","set $samples = $samples + 1","end","if $samples >= 1024","disable 5","else","continue","end"},original-location="*0x0ba9"}
*stopped
~"SAMPLE 368 FRAME 48\n"
~"0xa470:\t0x01\t0x76\t0x0c\t0x00\t0x14\t0x12\t0x01\t0x03\n"
~"0xa478:\t0x01\t0x4d\t0xc4\t0x00\t0x02\t0x0a\t0x01\t0x01\n"
~"0xa480:\t0x01\t0x89\t0xcc\t0x00\t0x04\t0x16\t0x01\t0x03\n"
~"0xa488:\t0x01\t0x39\t0xdc\t0x00\t0x08\t0x06\t0x01\t0x03\n"
*running,thread-id="all"
=breakpoint-modified,bkpt={number="5",type="breakpoint",disp="keep",enabled="y",addr="0x00000ba9",thread-groups=["i1"],times="370",script={"silent","if *(unsigned char *)0x0061 != 0","printf \"SAMPLE %u FRAME %u\\n\", $samples, *(unsigned char *)0x0000","x/32bx 0xa470","set $samples = $samples + 1","end","if $samples >= 1024","disable 5","else","continue","end"},original-location="*0x0ba9"}
*stopped
~"SAMPLE 369 FRAME 52\n"
~"0xa470:\t0x01\t0x76\t0x0b\t0x01\t0x14\t0x12\t0x01\t0x03\n"
~"0xa478:\t0x01\t0x4d\t0xc5\t0x01\t0x02\t0x0a\t0x01\t0x01\n"
~"0xa480:\t0x01\t0x89\t0xcb\t0x01\t0x04\t0x16\t0x01\t0x03\n"
~"0xa488:\t0x01\t0x39\t0xdb\t0x01\t0x08\t0x06\t0x01\t0x03\n"
*running,thread-id="all"
=breakpoint-modified,bkpt={number="5",type="breakpoint",disp="keep",enabled="y",addr="0x00000ba9",thread-groups=["i1"],times="371",script={"silent","if *(unsigned char *)0x0061 != 0","printf \"SAMPLE %u FRAME %u\\n\", $samples, *(unsigned char *)0x0000","x/32bx 0xa470","set $samples = $samples + 1","end","if $samples >= 1024","disable 5","else","continue","end"},original-location="*0x0ba9"}
*stopped
~"SAMPLE 370 FRAME 56\n"
~"0xa470:\t0x01\t0x76\t0x0a\t0x02\t0x14\t0x12\t0x01\t0x03\n"
~"0xa478:\t0x01\t0x4d\t0xc6\t0x02\t0x02\t0x0a\t0x01\t0x01\n"
~"0xa480:\t0x01\t0x89\t0xca\t0x02\t0x04\t0x16\t0x01\t0x03\n"
~"0xa488:\t0x01\t0x39\t0xda\t0x02\t0x08\t0x06\t0x01\t0x03\n"
*running,thread-id="all"
=breakpoint-modified,bkpt={number="5",type="breakpoint",disp="keep",enabled="y",addr="0x00000ba9",thread-groups=["i1"],times="372",script={"silent","if *(unsigned char *)0x0061 != 0","printf \"SAMPLE %u FRAME %u\\n\", $samples, *(unsigned char *)0x0000","x/32bx 0xa470","set $samples = $samples + 1","end","if $samples >= 1024","disable 5","else","continue","end"},original-location="*0x0ba9"}
*stopped
~"SAMPLE 371 FRAME 60\n"
~"0xa470:\t0x01\t0x76\t0x09\t0x03\t0x14\t0x12\t0x01\t0x03\n"
~"0xa478:\t0x01\t0x4d\t0xc7\t0x03\t0x02\t0x0a\t0x01\t0x01\n"
~"0xa480:\t0x01\t0x89\t0xc9\t0x03\t0x04\t0x16\t0x01\t0x03\n"
~"0xa488:\t0x01\t0x39\t0xd9\t0x03\t0x08\t0x06\t0x01\t0x03\n"
*running,thread-id="all"
=breakpoint-modified,bkpt={number="5",type="breakpoint",disp="keep",enabled="y",addr="0x00000ba9",thread-groups=["i1"],times="373",script={"silent","if *(unsigned char *)0x0061 != 0","printf \"SAMPLE %u FRAME %u\\n\", $samples, *(unsigned char *)0x0000","x/32bx 0xa470","set $samples = $samples + 1","end","if $samples >= 1024","disable 5","else","continue","end"},original-location="*0x0ba9"}
*stopped
~"SAMPLE 372 FRAME 64\n"
~"0xa470:\t0x01\t0x76\t0x08\t0x00\t0x13\t0x12\t0x01\t0x03\n"
~"0xa478:\t0x01\t0x4d\t0xc8\t0x00\t0x03\t0x0a\t0x01\t0x01\n"
~"0xa480:\t0x01\t0x89\t0xc8\t0x00\t0x03\t0x16\t0x01\t0x03\n"
~"0xa488:\t0x01\t0x39\t0xd8\t0x00\t0x07\t0x06\t0x01\t0x03\n"
*running,thread-id="all"
=breakpoint-modified,bkpt={number="5",type="breakpoint",disp="keep",enabled="y",addr="0x00000ba9",thread-groups=["i1"],times="374",script={"silent","if *(unsigned char *)0x0061 != 0","printf \"SAMPLE %u FRAME %u\\n\", $samples, *(unsigned char *)0x0000","x/32bx 0xa470","set $samples = $samples + 1","end","if $samples >= 1024","disable 5","else","continue","end"},original-location="*0x0ba9"}
*stopped
~"SAMPLE 373 FRAME 68\n"
~"0xa470:\t0x01\t0x76\t0x07\t0x01\t0x13\t0x12\t0x01\t0x03\n"
~"0xa478:\t0x01\t0x4d\t0xc9\t0x01\t0x03\t0x0a\t0x01\t0x01\n"
~"0xa480:\t0x01\t0x89\t0xc7\t0x01\t0x03\t0x16\t0x01\t0x03\n"
~"0xa488:\t0x01\t0x39\t0xd7\t0x01\t0x07\t0x06\t0x01\t0x03\n"
*running,thread-id="all"
=breakpoint-modified,bkpt={number="5",type="breakpoint",disp="keep",enabled="y",addr="0x00000ba9",thread-groups=["i1"],times="375",script={"silent","if *(unsigned char *)0x0061 != 0","printf \"SAMPLE %u FRAME %u\\n\", $samples, *(unsigned char *)0x0000","x/32bx 0xa470","set $samples = $samples + 1","end","if $samples >= 1024","disable 5","else","continue","end"},original-location="*0x0ba9"}
*stopped
~"SAMPLE 374 FRAME 72\n"
~"0xa470:\t0x01\t0x76\t0x06\t0x02\t0x13\t0x12\t0x01\t0x03\n"
~"0xa478:\t0x01\t0x4d\t0xca\t0x02\t0x03\t0x0a\t0x01\t0x01\n"
~"0xa480:\t0x01\t0x89\t0xc6\t0x02\t0x03\t0x16\t0x01\t0x03\n"
~"0xa488:\t0x01\t0x39\t0xd6\t0x02\t0x07\t0x06\t0x01\t0x03\n"
*running,thread-id="all"
=breakpoint-modified,bkpt={number="5",type="breakpoint",disp="keep",enabled="y",addr="0x00000ba9",thread-groups=["i1"],times="376",script={"silent","if *(unsigned char *)0x0061 != 0","printf \"SAMPLE %u FRAME %u\\n\", $samples, *(unsigned char *)0x0000","x/32bx 0xa470","set $samples = $samples + 1","end","if $samples >= 1024","disable 5","else","continue","end"},original-location="*0x0ba9"}
*stopped
~"SAMPLE 375 FRAME 76\n"
~"0xa470:\t0x01\t0x76\t0x05\t0x03\t0x13\t0x12\t0x01\t0x03\n"
~"0xa478:\t0x01\t0x4d\t0xcb\t0x03\t0x03\t0x0a\t0x01\t0x01\n"
~"0xa480:\t0x01\t0x89\t0xc5\t0x03\t0x03\t0x16\t0x01\t0x03\n"
~"0xa488:\t0x01\t0x39\t0xd5\t0x03\t0x07\t0x06\t0x01\t0x03\n"
*running,thread-id="all"
=breakpoint-modified,bkpt={number="5",type="breakpoint",disp="keep",enabled="y",addr="0x00000ba9",thread-groups=["i1"],times="377",script={"silent","if *(unsigned char *)0x0061 != 0","printf \"SAMPLE %u FRAME %u\\n\", $samples, *(unsigned char *)0x0000","x/32bx 0xa470","set $samples = $samples + 1","end","if $samples >= 1024","disable 5","else","continue","end"},original-location="*0x0ba9"}
*stopped
~"SAMPLE 376 FRAME 82\n"
~"0xa470:\t0x01\t0x76\t0x04\t0x00\t0x12\t0x12\t0x01\t0x00\n"
~"0xa478:\t0x01\t0x4d\t0xcc\t0x00\t0x04\t0x0a\t0x01\t0x01\n"
~"0xa480:\t0x01\t0x89\t0xc4\t0x00\t0x02\t0x16\t0x01\t0x00\n"
~"0xa488:\t0x01\t0x39\t0xd4\t0x00\t0x06\t0x06\t0x01\t0x03\n"
*running,thread-id="all"
=breakpoint-modified,bkpt={number="5",type="breakpoint",disp="keep",enabled="y",addr="0x00000ba9",thread-groups=["i1"],times="378",script={"silent","if *(unsigned char *)0x0061 != 0","printf \"SAMPLE %u FRAME %u\\n\", $samples, *(unsigned char *)0x0000","x/32bx 0xa470","set $samples = $samples + 1","end","if $samples >= 1024","disable 5","else","continue","end"},original-location="*0x0ba9"}
*stopped
~"SAMPLE 377 FRAME 86\n"
~"0xa470:\t0x01\t0x74\t0xc4\t0x01\t0x12\t0x12\t0x01\t0x00\n"
~"0xa478:\t0x01\t0x4d\t0xcd\t0x01\t0x04\t0x0a\t0x01\t0x01\n"
~"0xa480:\t0x01\t0x88\t0x84\t0x01\t0x02\t0x16\t0x01\t0x00\n"
~"0xa488:\t0x01\t0x39\t0xd3\t0x01\t0x06\t0x06\t0x01\t0x03\n"
*running,thread-id="all"
=breakpoint-modified,bkpt={number="5",type="breakpoint",disp="keep",enabled="y",addr="0x00000ba9",thread-groups=["i1"],times="379",script={"silent","if *(unsigned char *)0x0061 != 0","printf \"SAMPLE %u FRAME %u\\n\", $samples, *(unsigned char *)0x0000","x/32bx 0xa470","set $samples = $samples + 1","end","if $samples >= 1024","disable 5","else","continue","end"},original-location="*0x0ba9"}
*stopped
~"SAMPLE 378 FRAME 90\n"
~"0xa470:\t0x01\t0x73\t0x84\t0x02\t0x12\t0x12\t0x01\t0x00\n"
~"0xa478:\t0x01\t0x4d\t0xce\t0x02\t0x04\t0x0a\t0x01\t0x01\n"
~"0xa480:\t0x01\t0x87\t0x44\t0x02\t0x02\t0x16\t0x01\t0x00\n"
~"0xa488:\t0x01\t0x39\t0xd2\t0x02\t0x06\t0x06\t0x01\t0x03\n"
*running,thread-id="all"
=breakpoint-modified,bkpt={number="5",type="breakpoint",disp="keep",enabled="y",addr="0x00000ba9",thread-groups=["i1"],times="380",script={"silent","if *(unsigned char *)0x0061 != 0","printf \"SAMPLE %u FRAME %u\\n\", $samples, *(unsigned char *)0x0000","x/32bx 0xa470","set $samples = $samples + 1","end","if $samples >= 1024","disable 5","else","continue","end"},original-location="*0x0ba9"}
*stopped
~"SAMPLE 379 FRAME 94\n"
~"0xa470:\t0x01\t0x72\t0x44\t0x03\t0x12\t0x12\t0x01\t0x00\n"
~"0xa478:\t0x01\t0x4d\t0xcf\t0x03\t0x04\t0x0a\t0x01\t0x01\n"
~"0xa480:\t0x01\t0x86\t0x04\t0x03\t0x02\t0x16\t0x01\t0x00\n"
~"0xa488:\t0x01\t0x39\t0xd1\t0x03\t0x06\t0x06\t0x01\t0x03\n"
*running,thread-id="all"
=breakpoint-modified,bkpt={number="5",type="breakpoint",disp="keep",enabled="y",addr="0x00000ba9",thread-groups=["i1"],times="381",script={"silent","if *(unsigned char *)0x0061 != 0","printf \"SAMPLE %u FRAME %u\\n\", $samples, *(unsigned char *)0x0000","x/32bx 0xa470","set $samples = $samples + 1","end","if $samples >= 1024","disable 5","else","continue","end"},original-location="*0x0ba9"}
*stopped
~"SAMPLE 380 FRAME 98\n"
~"0xa470:\t0x01\t0x71\t0x04\t0x00\t0x12\t0x11\t0x01\t0x00\n"
~"0xa478:\t0x01\t0x4d\t0xd0\t0x00\t0x05\t0x0a\t0x01\t0x01\n"
~"0xa480:\t0x01\t0x84\t0xc4\t0x00\t0x02\t0x15\t0x01\t0x00\n"
~"0xa488:\t0x01\t0x39\t0xd0\t0x00\t0x05\t0x06\t0x01\t0x03\n"
*running,thread-id="all"
=breakpoint-modified,bkpt={number="5",type="breakpoint",disp="keep",enabled="y",addr="0x00000ba9",thread-groups=["i1"],times="382",script={"silent","if *(unsigned char *)0x0061 != 0","printf \"SAMPLE %u FRAME %u\\n\", $samples, *(unsigned char *)0x0000","x/32bx 0xa470","set $samples = $samples + 1","end","if $samples >= 1024","disable 5","else","continue","end"},original-location="*0x0ba9"}
*stopped
~"SAMPLE 381 FRAME 102\n"
~"0xa470:\t0x01\t0x6f\t0xc4\t0x01\t0x12\t0x11\t0x01\t0x00\n"
~"0xa478:\t0x01\t0x4d\t0xd1\t0x01\t0x05\t0x0a\t0x01\t0x01\n"
~"0xa480:\t0x01\t0x83\t0x84\t0x01\t0x02\t0x15\t0x01\t0x00\n"
~"0xa488:\t0x01\t0x39\t0xcf\t0x01\t0x05\t0x06\t0x01\t0x03\n"
*running,thread-id="all"
=breakpoint-modified,bkpt={number="5",type="breakpoint",disp="keep",enabled="y",addr="0x00000ba9",thread-groups=["i1"],times="383",script={"silent","if *(unsigned char *)0x0061 != 0","printf \"SAMPLE %u FRAME %u\\n\", $samples, *(unsigned char *)0x0000","x/32bx 0xa470","set $samples = $samples + 1","end","if $samples >= 1024","disable 5","else","continue","end"},original-location="*0x0ba9"}
*stopped
~"SAMPLE 382 FRAME 106\n"
~"0xa470:\t0x01\t0x6e\t0x84\t0x02\t0x12\t0x11\t0x01\t0x00\n"
~"0xa478:\t0x01\t0x4d\t0xd2\t0x02\t0x05\t0x0a\t0x01\t0x01\n"
~"0xa480:\t0x01\t0x82\t0x44\t0x02\t0x02\t0x15\t0x01\t0x00\n"
~"0xa488:\t0x01\t0x39\t0xce\t0x02\t0x05\t0x06\t0x01\t0x03\n"
*running,thread-id="all"
=breakpoint-modified,bkpt={number="5",type="breakpoint",disp="keep",enabled="y",addr="0x00000ba9",thread-groups=["i1"],times="384",script={"silent","if *(unsigned char *)0x0061 != 0","printf \"SAMPLE %u FRAME %u\\n\", $samples, *(unsigned char *)0x0000","x/32bx 0xa470","set $samples = $samples + 1","end","if $samples >= 1024","disable 5","else","continue","end"},original-location="*0x0ba9"}
*stopped
~"SAMPLE 383 FRAME 110\n"
~"0xa470:\t0x01\t0x6d\t0x44\t0x03\t0x12\t0x11\t0x01\t0x00\n"
~"0xa478:\t0x01\t0x4d\t0xd3\t0x03\t0x05\t0x0a\t0x01\t0x01\n"
~"0xa480:\t0x01\t0x81\t0x04\t0x03\t0x02\t0x15\t0x01\t0x00\n"
~"0xa488:\t0x01\t0x39\t0xcd\t0x03\t0x05\t0x06\t0x01\t0x03\n"
*running,thread-id="all"
=breakpoint-modified,bkpt={number="5",type="breakpoint",disp="keep",enabled="y",addr="0x00000ba9",thread-groups=["i1"],times="385",script={"silent","if *(unsigned char *)0x0061 != 0","printf \"SAMPLE %u FRAME %u\\n\", $samples, *(unsigned char *)0x0000","x/32bx 0xa470","set $samples = $samples + 1","end","if $samples >= 1024","disable 5","else","continue","end"},original-location="*0x0ba9"}
*stopped
~"SAMPLE 384 FRAME 114\n"
~"0xa470:\t0x01\t0x6c\t0x04\t0x00\t0x12\t0x10\t0x01\t0x00\n"
~"0xa478:\t0x01\t0x4d\t0xd4\t0x00\t0x06\t0x0a\t0x01\t0x00\n"
~"0xa480:\t0x01\t0x7f\t0xc4\t0x00\t0x02\t0x14\t0x01\t0x00\n"
~"0xa488:\t0x01\t0x39\t0xcc\t0x00\t0x04\t0x06\t0x01\t0x02\n"
*running,thread-id="all"
=breakpoint-modified,bkpt={number="5",type="breakpoint",disp="keep",enabled="y",addr="0x00000ba9",thread-groups=["i1"],times="386",script={"silent","if *(unsigned char *)0x0061 != 0","printf \"SAMPLE %u FRAME %u\\n\", $samples, *(unsigned char *)0x0000","x/32bx 0xa470","set $samples = $samples + 1","end","if $samples >= 1024","disable 5","else","continue","end"},original-location="*0x0ba9"}
*stopped
~"SAMPLE 385 FRAME 118\n"
~"0xa470:\t0x01\t0x6a\t0xc4\t0x01\t0x12\t0x10\t0x01\t0x00\n"
~"0xa478:\t0x01\t0x4c\t0x94\t0x01\t0x06\t0x0a\t0x01\t0x00\n"
~"0xa480:\t0x01\t0x7e\t0x84\t0x01\t0x02\t0x14\t0x01\t0x00\n"
~"0xa488:\t0x01\t0x3b\t0x0c\t0x01\t0x04\t0x06\t0x01\t0x02\n"
*running,thread-id="all"
=breakpoint-modified,bkpt={number="5",type="breakpoint",disp="keep",enabled="y",addr="0x00000ba9",thread-groups=["i1"],times="387",script={"silent","if *(unsigned char *)0x0061 != 0","printf \"SAMPLE %u FRAME %u\\n\", $samples, *(unsigned char *)0x0000","x/32bx 0xa470","set $samples = $samples + 1","end","if $samples >= 1024","disable 5","else","continue","end"},original-location="*0x0ba9"}
*stopped
~"SAMPLE 386 FRAME 122\n"
~"0xa470:\t0x01\t0x69\t0x84\t0x02\t0x12\t0x10\t0x01\t0x00\n"
~"0xa478:\t0x01\t0x4b\t0x54\t0x02\t0x06\t0x0a\t0x01\t0x00\n"
~"0xa480:\t0x01\t0x7d\t0x44\t0x02\t0x02\t0x14\t0x01\t0x00\n"
~"0xa488:\t0x01\t0x3c\t0x4c\t0x02\t0x04\t0x06\t0x01\t0x02\n"
*running,thread-id="all"
=breakpoint-modified,bkpt={number="5",type="breakpoint",disp="keep",enabled="y",addr="0x00000ba9",thread-groups=["i1"],times="388",script={"silent","if *(unsigned char *)0x0061 != 0","printf \"SAMPLE %u FRAME %u\\n\", $samples, *(unsigned char *)0x0000","x/32bx 0xa470","set $samples = $samples + 1","end","if $samples >= 1024","disable 5","else","continue","end"},original-location="*0x0ba9"}
*stopped
~"SAMPLE 387 FRAME 126\n"
~"0xa470:\t0x01\t0x68\t0x44\t0x03\t0x12\t0x10\t0x01\t0x00\n"
~"0xa478:\t0x01\t0x4a\t0x14\t0x03\t0x06\t0x0a\t0x01\t0x00\n"
~"0xa480:\t0x01\t0x7c\t0x04\t0x03\t0x02\t0x14\t0x01\t0x00\n"
~"0xa488:\t0x01\t0x3d\t0x8c\t0x03\t0x04\t0x06\t0x01\t0x02\n"
*running,thread-id="all"
=breakpoint-modified,bkpt={number="5",type="breakpoint",disp="keep",enabled="y",addr="0x00000ba9",thread-groups=["i1"],times="389",script={"silent","if *(unsigned char *)0x0061 != 0","printf \"SAMPLE %u FRAME %u\\n\", $samples, *(unsigned char *)0x0000","x/32bx 0xa470","set $samples = $samples + 1","end","if $samples >= 1024","disable 5","else","continue","end"},original-location="*0x0ba9"}
*stopped
~"SAMPLE 388 FRAME 132\n"
~"0xa470:\t0x01\t0x67\t0x04\t0x00\t0x12\t0x0f\t0x01\t0x00\n"
~"0xa478:\t0x01\t0x48\t0xd4\t0x00\t0x06\t0x09\t0x01\t0x00\n"
~"0xa480:\t0x01\t0x7a\t0xc4\t0x00\t0x02\t0x13\t0x01\t0x00\n"
~"0xa488:\t0x01\t0x3e\t0xcc\t0x00\t0x04\t0x07\t0x01\t0x02\n"
*running,thread-id="all"
=breakpoint-modified,bkpt={number="5",type="breakpoint",disp="keep",enabled="y",addr="0x00000ba9",thread-groups=["i1"],times="390",script={"silent","if *(unsigned char *)0x0061 != 0","printf \"SAMPLE %u FRAME %u\\n\", $samples, *(unsigned char *)0x0000","x/32bx 0xa470","set $samples = $samples + 1","end","if $samples >= 1024","disable 5","else","continue","end"},original-location="*0x0ba9"}
*stopped
~"SAMPLE 389 FRAME 136\n"
~"0xa470:\t0x01\t0x65\t0xc4\t0x01\t0x12\t0x0f\t0x01\t0x00\n"
~"0xa478:\t0x01\t0x47\t0x94\t0x01\t0x06\t0x09\t0x01\t0x00\n"
~"0xa480:\t0x01\t0x79\t0x84\t0x01\t0x02\t0x13\t0x01\t0x00\n"
~"0xa488:\t0x01\t0x40\t0x0c\t0x01\t0x04\t0x07\t0x01\t0x02\n"
*running,thread-id="all"
=breakpoint-modified,bkpt={number="5",type="breakpoint",disp="keep",enabled="y",addr="0x00000ba9",thread-groups=["i1"],times="391",script={"silent","if *(unsigned char *)0x0061 != 0","printf \"SAMPLE %u FRAME %u\\n\", $samples, *(unsigned char *)0x0000","x/32bx 0xa470","set $samples = $samples + 1","end","if $samples >= 1024","disable 5","else","continue","end"},original-location="*0x0ba9"}
*stopped
~"SAMPLE 390 FRAME 140\n"
~"0xa470:\t0x01\t0x64\t0x84\t0x02\t0x12\t0x0f\t0x01\t0x00\n"
~"0xa478:\t0x01\t0x46\t0x54\t0x02\t0x06\t0x09\t0x01\t0x00\n"
~"0xa480:\t0x01\t0x78\t0x44\t0x02\t0x02\t0x13\t0x01\t0x00\n"
~"0xa488:\t0x01\t0x41\t0x4c\t0x02\t0x04\t0x07\t0x01\t0x02\n"
*running,thread-id="all"
=breakpoint-modified,bkpt={number="5",type="breakpoint",disp="keep",enabled="y",addr="0x00000ba9",thread-groups=["i1"],times="392",script={"silent","if *(unsigned char *)0x0061 != 0","printf \"SAMPLE %u FRAME %u\\n\", $samples, *(unsigned char *)0x0000","x/32bx 0xa470","set $samples = $samples + 1","end","if $samples >= 1024","disable 5","else","continue","end"},original-location="*0x0ba9"}
*stopped
~"SAMPLE 391 FRAME 144\n"
~"0xa470:\t0x01\t0x63\t0x44\t0x03\t0x12\t0x0f\t0x01\t0x00\n"
~"0xa478:\t0x01\t0x45\t0x14\t0x03\t0x06\t0x09\t0x01\t0x00\n"
~"0xa480:\t0x01\t0x77\t0x04\t0x03\t0x02\t0x13\t0x01\t0x00\n"
~"0xa488:\t0x01\t0x42\t0x8c\t0x03\t0x04\t0x07\t0x01\t0x02\n"
*running,thread-id="all"
=breakpoint-modified,bkpt={number="5",type="breakpoint",disp="keep",enabled="y",addr="0x00000ba9",thread-groups=["i1"],times="393",script={"silent","if *(unsigned char *)0x0061 != 0","printf \"SAMPLE %u FRAME %u\\n\", $samples, *(unsigned char *)0x0000","x/32bx 0xa470","set $samples = $samples + 1","end","if $samples >= 1024","disable 5","else","continue","end"},original-location="*0x0ba9"}
*stopped
~"SAMPLE 392 FRAME 148\n"
~"0xa470:\t0x01\t0x62\t0x04\t0x00\t0x12\t0x0e\t0x01\t0x00\n"
~"0xa478:\t0x01\t0x43\t0xd4\t0x00\t0x06\t0x08\t0x01\t0x01\n"
~"0xa480:\t0x01\t0x75\t0xc4\t0x00\t0x02\t0x12\t0x01\t0x01\n"
~"0xa488:\t0x01\t0x43\t0xcc\t0x00\t0x04\t0x08\t0x01\t0x00\n"
*running,thread-id="all"
=breakpoint-modified,bkpt={number="5",type="breakpoint",disp="keep",enabled="y",addr="0x00000ba9",thread-groups=["i1"],times="394",script={"silent","if *(unsigned char *)0x0061 != 0","printf \"SAMPLE %u FRAME %u\\n\", $samples, *(unsigned char *)0x0000","x/32bx 0xa470","set $samples = $samples + 1","end","if $samples >= 1024","disable 5","else","continue","end"},original-location="*0x0ba9"}
*stopped
~"SAMPLE 393 FRAME 152\n"
~"0xa470:\t0x01\t0x60\t0xc4\t0x01\t0x12\t0x0e\t0x01\t0x00\n"
~"0xa478:\t0x01\t0x43\t0xd5\t0x01\t0x06\t0x08\t0x01\t0x01\n"
~"0xa480:\t0x01\t0x75\t0xc5\t0x01\t0x02\t0x12\t0x01\t0x01\n"
~"0xa488:\t0x01\t0x42\t0x8c\t0x01\t0x04\t0x08\t0x01\t0x00\n"
*running,thread-id="all"
=breakpoint-modified,bkpt={number="5",type="breakpoint",disp="keep",enabled="y",addr="0x00000ba9",thread-groups=["i1"],times="395",script={"silent","if *(unsigned char *)0x0061 != 0","printf \"SAMPLE %u FRAME %u\\n\", $samples, *(unsigned char *)0x0000","x/32bx 0xa470","set $samples = $samples + 1","end","if $samples >= 1024","disable 5","else","continue","end"},original-location="*0x0ba9"}
*stopped
~"SAMPLE 394 FRAME 156\n"
~"0xa470:\t0x01\t0x5f\t0x84\t0x02\t0x12\t0x0e\t0x01\t0x00\n"
~"0xa478:\t0x01\t0x43\t0xd6\t0x02\t0x06\t0x08\t0x01\t0x01\n"
~"0xa480:\t0x01\t0x75\t0xc6\t0x02\t0x02\t0x12\t0x01\t0x01\n"
~"0xa488:\t0x01\t0x41\t0x4c\t0x02\t0x04\t0x08\t0x01\t0x00\n"
*running,thread-id="all"
=breakpoint-modified,bkpt={number="5",type="breakpoint",disp="keep",enabled="y",addr="0x00000ba9",thread-groups=["i1"],times="396",script={"silent","if *(unsigned char *)0x0061 != 0","printf \"SAMPLE %u FRAME %u\\n\", $samples, *(unsigned char *)0x0000","x/32bx 0xa470","set $samples = $samples + 1","end","if $samples >= 1024","disable 5","else","continue","end"},original-location="*0x0ba9"}
*stopped
~"SAMPLE 395 FRAME 160\n"
~"0xa470:\t0x01\t0x5e\t0x44\t0x03\t0x12\t0x0e\t0x01\t0x00\n"
~"0xa478:\t0x01\t0x43\t0xd7\t0x03\t0x06\t0x08\t0x01\t0x01\n"
~"0xa480:\t0x01\t0x75\t0xc7\t0x03\t0x02\t0x12\t0x01\t0x01\n"
~"0xa488:\t0x01\t0x40\t0x0c\t0x03\t0x04\t0x08\t0x01\t0x00\n"
*running,thread-id="all"
=breakpoint-modified,bkpt={number="5",type="breakpoint",disp="keep",enabled="y",addr="0x00000ba9",thread-groups=["i1"],times="397",script={"silent","if *(unsigned char *)0x0061 != 0","printf \"SAMPLE %u FRAME %u\\n\", $samples, *(unsigned char *)0x0000","x/32bx 0xa470","set $samples = $samples + 1","end","if $samples >= 1024","disable 5","else","continue","end"},original-location="*0x0ba9"}
*stopped
~"SAMPLE 396 FRAME 164\n"
~"0xa470:\t0x01\t0x5d\t0x04\t0x00\t0x12\t0x0d\t0x01\t0x00\n"
~"0xa478:\t0x01\t0x43\t0xd8\t0x00\t0x07\t0x08\t0x01\t0x01\n"
~"0xa480:\t0x01\t0x75\t0xc8\t0x00\t0x03\t0x12\t0x01\t0x01\n"
~"0xa488:\t0x01\t0x3e\t0xcc\t0x00\t0x04\t0x07\t0x01\t0x00\n"
*running,thread-id="all"
=breakpoint-modified,bkpt={number="5",type="breakpoint",disp="keep",enabled="y",addr="0x00000ba9",thread-groups=["i1"],times="398",script={"silent","if *(unsigned char *)0x0061 != 0","printf \"SAMPLE %u FRAME %u\\n\", $samples, *(unsigned char *)0x0000","x/32bx 0xa470","set $samples = $samples + 1","end","if $samples >= 1024","disable 5","else","continue","end"},original-location="*0x0ba9"}
*stopped
~"SAMPLE 397 FRAME 168\n"
~"0xa470:\t0x01\t0x5b\t0xc4\t0x01\t0x12\t0x0d\t0x01\t0x00\n"
~"0xa478:\t0x01\t0x43\t0xd9\t0x01\t0x07\t0x08\t0x01\t0x01\n"
~"0xa480:\t0x01\t0x75\t0xc9\t0x01\t0x03\t0x12\t0x01\t0x01\n"
~"0xa488:\t0x01\t0x3d\t0x8c\t0x01\t0x04\t0x07\t0x01\t0x00\n"
*running,thread-id="all"
=breakpoint-modified,bkpt={number="5",type="breakpoint",disp="keep",enabled="y",addr="0x00000ba9",thread-groups=["i1"],times="399",script={"silent","if *(unsigned char *)0x0061 != 0","printf \"SAMPLE %u FRAME %u\\n\", $samples, *(unsigned char *)0x0000","x/32bx 0xa470","set $samples = $samples + 1","end","if $samples >= 1024","disable 5","else","continue","end"},original-location="*0x0ba9"}
*stopped
~"SAMPLE 398 FRAME 172\n"
~"0xa470:\t0x01\t0x5a\t0x84\t0x02\t0x12\t0x0d\t0x01\t0x00\n"
~"0xa478:\t0x01\t0x43\t0xda\t0x02\t0x07\t0x08\t0x01\t0x01\n"
~"0xa480:\t0x01\t0x75\t0xca\t0x02\t0x03\t0x12\t0x01\t0x01\n"
~"0xa488:\t0x01\t0x3c\t0x4c\t0x02\t0x04\t0x07\t0x01\t0x00\n"
*running,thread-id="all"
=breakpoint-modified,bkpt={number="5",type="breakpoint",disp="keep",enabled="y",addr="0x00000ba9",thread-groups=["i1"],times="400",script={"silent","if *(unsigned char *)0x0061 != 0","printf \"SAMPLE %u FRAME %u\\n\", $samples, *(unsigned char *)0x0000","x/32bx 0xa470","set $samples = $samples + 1","end","if $samples >= 1024","disable 5","else","continue","end"},original-location="*0x0ba9"}
*stopped
~"SAMPLE 399 FRAME 176\n"
~"0xa470:\t0x01\t0x59\t0x44\t0x03\t0x12\t0x0d\t0x01\t0x00\n"
~"0xa478:\t0x01\t0x43\t0xdb\t0x03\t0x07\t0x08\t0x01\t0x01\n"
~"0xa480:\t0x01\t0x75\t0xcb\t0x03\t0x03\t0x12\t0x01\t0x01\n"
~"0xa488:\t0x01\t0x3b\t0x0c\t0x03\t0x04\t0x07\t0x01\t0x00\n"
*running,thread-id="all"
=breakpoint-modified,bkpt={number="5",type="breakpoint",disp="keep",enabled="y",addr="0x00000ba9",thread-groups=["i1"],times="401",script={"silent","if *(unsigned char *)0x0061 != 0","printf \"SAMPLE %u FRAME %u\\n\", $samples, *(unsigned char *)0x0000","x/32bx 0xa470","set $samples = $samples + 1","end","if $samples >= 1024","disable 5","else","continue","end"},original-location="*0x0ba9"}
*stopped
~"SAMPLE 400 FRAME 182\n"
~"0xa470:\t0x01\t0x58\t0x04\t0x00\t0x12\t0x0c\t0x01\t0x00\n"
~"0xa478:\t0x01\t0x43\t0xdc\t0x00\t0x08\t0x08\t0x01\t0x01\n"
~"0xa480:\t0x01\t0x75\t0xcc\t0x00\t0x04\t0x12\t0x01\t0x01\n"
~"0xa488:\t0x01\t0x39\t0xcc\t0x00\t0x04\t0x06\t0x01\t0x01\n"
*running,thread-id="all"
=breakpoint-modified,bkpt={number="5",type="breakpoint",disp="keep",enabled="y",addr="0x00000ba9",thread-groups=["i1"],times="402",script={"silent","if *(unsigned char *)0x0061 != 0","printf \"SAMPLE %u FRAME %u\\n\", $samples, *(unsigned char *)0x0000","x/32bx 0xa470","set $samples = $samples + 1","end","if $samples >= 1024","disable 5","else","continue","end"},original-location="*0x0ba9"}
*stopped
~"SAMPLE 401 FRAME 186\n"
~"0xa470:\t0x01\t0x56\t0xc4\t0x01\t0x12\t0x0c\t0x01\t0x00\n"
~"0xa478:\t0x01\t0x43\t0xdd\t0x01\t0x08\t0x08\t0x01\t0x01\n"
~"0xa480:\t0x01\t0x75\t0xcd\t0x01\t0x04\t0x12\t0x01\t0x01\n"
~"0xa488:\t0x01\t0x39\t0xcd\t0x01\t0x04\t0x06\t0x01\t0x01\n"
*running,thread-id="all"
=breakpoint-modified,bkpt={number="5",type="breakpoint",disp="keep",enabled="y",addr="0x00000ba9",thread-groups=["i1"],times="403",script={"silent","if *(unsigned char *)0x0061 != 0","printf \"SAMPLE %u FRAME %u\\n\", $samples, *(unsigned char *)0x0000","x/32bx 0xa470","set $samples = $samples + 1","end","if $samples >= 1024","disable 5","else","continue","end"},original-location="*0x0ba9"}
*stopped
~"SAMPLE 402 FRAME 190\n"
~"0xa470:\t0x01\t0x55\t0x84\t0x02\t0x12\t0x0c\t0x01\t0x00\n"
~"0xa478:\t0x01\t0x43\t0xde\t0x02\t0x08\t0x08\t0x01\t0x01\n"
~"0xa480:\t0x01\t0x75\t0xce\t0x02\t0x04\t0x12\t0x01\t0x01\n"
~"0xa488:\t0x01\t0x39\t0xce\t0x02\t0x04\t0x06\t0x01\t0x01\n"
*running,thread-id="all"
=breakpoint-modified,bkpt={number="5",type="breakpoint",disp="keep",enabled="y",addr="0x00000ba9",thread-groups=["i1"],times="404",script={"silent","if *(unsigned char *)0x0061 != 0","printf \"SAMPLE %u FRAME %u\\n\", $samples, *(unsigned char *)0x0000","x/32bx 0xa470","set $samples = $samples + 1","end","if $samples >= 1024","disable 5","else","continue","end"},original-location="*0x0ba9"}
*stopped
~"SAMPLE 403 FRAME 194\n"
~"0xa470:\t0x01\t0x54\t0x44\t0x03\t0x12\t0x0c\t0x01\t0x00\n"
~"0xa478:\t0x01\t0x43\t0xdf\t0x03\t0x08\t0x08\t0x01\t0x01\n"
~"0xa480:\t0x01\t0x75\t0xcf\t0x03\t0x04\t0x12\t0x01\t0x01\n"
~"0xa488:\t0x01\t0x39\t0xcf\t0x03\t0x04\t0x06\t0x01\t0x01\n"
*running,thread-id="all"
=breakpoint-modified,bkpt={number="5",type="breakpoint",disp="keep",enabled="y",addr="0x00000ba9",thread-groups=["i1"],times="405",script={"silent","if *(unsigned char *)0x0061 != 0","printf \"SAMPLE %u FRAME %u\\n\", $samples, *(unsigned char *)0x0000","x/32bx 0xa470","set $samples = $samples + 1","end","if $samples >= 1024","disable 5","else","continue","end"},original-location="*0x0ba9"}
*stopped
~"SAMPLE 404 FRAME 198\n"
~"0xa470:\t0x01\t0x53\t0x04\t0x00\t0x12\t0x0b\t0x01\t0x00\n"
~"0xa478:\t0x01\t0x43\t0xe0\t0x00\t0x09\t0x08\t0x01\t0x01\n"
~"0xa480:\t0x01\t0x75\t0xd0\t0x00\t0x05\t0x12\t0x01\t0x01\n"
~"0xa488:\t0x01\t0x39\t0xd0\t0x00\t0x05\t0x06\t0x01\t0x01\n"
*running,thread-id="all"
=breakpoint-modified,bkpt={number="5",type="breakpoint",disp="keep",enabled="y",addr="0x00000ba9",thread-groups=["i1"],times="406",script={"silent","if *(unsigned char *)0x0061 != 0","printf \"SAMPLE %u FRAME %u\\n\", $samples, *(unsigned char *)0x0000","x/32bx 0xa470","set $samples = $samples + 1","end","if $samples >= 1024","disable 5","else","continue","end"},original-location="*0x0ba9"}
*stopped
~"SAMPLE 405 FRAME 202\n"
~"0xa470:\t0x01\t0x51\t0xc4\t0x01\t0x12\t0x0b\t0x01\t0x00\n"
~"0xa478:\t0x01\t0x43\t0xe1\t0x01\t0x09\t0x08\t0x01\t0x01\n"
~"0xa480:\t0x01\t0x75\t0xd1\t0x01\t0x05\t0x12\t0x01\t0x01\n"
~"0xa488:\t0x01\t0x39\t0xd1\t0x01\t0x05\t0x06\t0x01\t0x01\n"
*running,thread-id="all"
=breakpoint-modified,bkpt={number="5",type="breakpoint",disp="keep",enabled="y",addr="0x00000ba9",thread-groups=["i1"],times="407",script={"silent","if *(unsigned char *)0x0061 != 0","printf \"SAMPLE %u FRAME %u\\n\", $samples, *(unsigned char *)0x0000","x/32bx 0xa470","set $samples = $samples + 1","end","if $samples >= 1024","disable 5","else","continue","end"},original-location="*0x0ba9"}
*stopped
~"SAMPLE 406 FRAME 206\n"
~"0xa470:\t0x01\t0x50\t0x84\t0x02\t0x12\t0x0b\t0x01\t0x00\n"
~"0xa478:\t0x01\t0x43\t0xe2\t0x02\t0x09\t0x08\t0x01\t0x01\n"
~"0xa480:\t0x01\t0x75\t0xd2\t0x02\t0x05\t0x12\t0x01\t0x01\n"
~"0xa488:\t0x01\t0x39\t0xd2\t0x02\t0x05\t0x06\t0x01\t0x01\n"
*running,thread-id="all"
=breakpoint-modified,bkpt={number="5",type="breakpoint",disp="keep",enabled="y",addr="0x00000ba9",thread-groups=["i1"],times="408",script={"silent","if *(unsigned char *)0x0061 != 0","printf \"SAMPLE %u FRAME %u\\n\", $samples, *(unsigned char *)0x0000","x/32bx 0xa470","set $samples = $samples + 1","end","if $samples >= 1024","disable 5","else","continue","end"},original-location="*0x0ba9"}
*stopped
~"SAMPLE 407 FRAME 210\n"
~"0xa470:\t0x01\t0x4f\t0x44\t0x03\t0x12\t0x0b\t0x01\t0x00\n"
~"0xa478:\t0x01\t0x43\t0xe3\t0x03\t0x09\t0x08\t0x01\t0x01\n"
~"0xa480:\t0x01\t0x75\t0xd3\t0x03\t0x05\t0x12\t0x01\t0x01\n"
~"0xa488:\t0x01\t0x39\t0xd3\t0x03\t0x05\t0x06\t0x01\t0x01\n"
*running,thread-id="all"
=breakpoint-modified,bkpt={number="5",type="breakpoint",disp="keep",enabled="y",addr="0x00000ba9",thread-groups=["i1"],times="409",script={"silent","if *(unsigned char *)0x0061 != 0","printf \"SAMPLE %u FRAME %u\\n\", $samples, *(unsigned char *)0x0000","x/32bx 0xa470","set $samples = $samples + 1","end","if $samples >= 1024","disable 5","else","continue","end"},original-location="*0x0ba9"}
*stopped
~"SAMPLE 408 FRAME 214\n"
~"0xa470:\t0x01\t0x4e\t0x04\t0x00\t0x12\t0x0a\t0x01\t0x00\n"
~"0xa478:\t0x01\t0x43\t0xe4\t0x00\t0x0a\t0x08\t0x01\t0x03\n"
~"0xa480:\t0x01\t0x75\t0xd4\t0x00\t0x06\t0x12\t0x01\t0x00\n"
~"0xa488:\t0x01\t0x39\t0xd4\t0x00\t0x06\t0x06\t0x01\t0x01\n"
*running,thread-id="all"
=breakpoint-modified,bkpt={number="5",type="breakpoint",disp="keep",enabled="y",addr="0x00000ba9",thread-groups=["i1"],times="410",script={"silent","if *(unsigned char *)0x0061 != 0","printf \"SAMPLE %u FRAME %u\\n\", $samples, *(unsigned char *)0x0000","x/32bx 0xa470","set $samples = $samples + 1","end","if $samples >= 1024","disable 5","else","continue","end"},original-location="*0x0ba9"}
*stopped
~"SAMPLE 409 FRAME 218\n"
~"0xa470:\t0x01\t0x4c\t0xc4\t0x01\t0x12\t0x0a\t0x01\t0x00\n"
~"0xa478:\t0x01\t0x43\t0xe3\t0x01\t0x0a\t0x08\t0x01\t0x03\n"
~"0xa480:\t0x01\t0x74\t0x94\t0x01\t0x06\t0x12\t0x01\t0x00\n"
~"0xa488:\t0x01\t0x39\t0xd5\t0x01\t0x06\t0x06\t0x01\t0x01\n"
*running,thread-id="all"
=breakpoint-modified,bkpt={number="5",type="breakpoint",disp="keep",enabled="y",addr="0x00000ba9",thread-groups=["i1"],times="411",script={"silent","if *(unsigned char *)0x0061 != 0","printf \"SAMPLE %u FRAME %u\\n\", $samples, *(unsigned char *)0x0000","x/32bx 0xa470","set $samples = $samples + 1","end","if $samples >= 1024","disable 5","else","continue","end"},original-location="*0x0ba9"}
*stopped
~"SAMPLE 410 FRAME 222\n"
~"0xa470:\t0x01\t0x4b\t0x84\t0x02\t0x12\t0x0a\t0x01\t0x00\n"
~"0xa478:\t0x01\t0x43\t0xe2\t0x02\t0x0a\t0x08\t0x01\t0x03\n"
~"0xa480:\t0x01\t0x73\t0x54\t0x02\t0x06\t0x12\t0x01\t0x00\n"
~"0xa488:\t0x01\t0x39\t0xd6\t0x02\t0x06\t0x06\t0x01\t0x01\n"
*running,thread-id="all"
=breakpoint-modified,bkpt={number="5",type="breakpoint",disp="keep",enabled="y",addr="0x00000ba9",thread-groups=["i1"],times="412",script={"silent","if *(unsigned char *)0x0061 != 0","printf \"SAMPLE %u FRAME %u\\n\", $samples, *(unsigned char *)0x0000","x/32bx 0xa470","set $samples = $samples + 1","end","if $samples >= 1024","disable 5","else","continue","end"},original-location="*0x0ba9"}
*stopped
~"SAMPLE 411 FRAME 226\n"
~"0xa470:\t0x01\t0x4a\t0x44\t0x03\t0x12\t0x0a\t0x01\t0x00\n"
~"0xa478:\t0x01\t0x43\t0xe1\t0x03\t0x0a\t0x08\t0x01\t0x03\n"
~"0xa480:\t0x01\t0x72\t0x14\t0x03\t0x06\t0x12\t0x01\t0x00\n"
~"0xa488:\t0x01\t0x39\t0xd7\t0x03\t0x06\t0x06\t0x01\t0x01\n"
*running,thread-id="all"
=breakpoint-modified,bkpt={number="5",type="breakpoint",disp="keep",enabled="y",addr="0x00000ba9",thread-groups=["i1"],times="413",script={"silent","if *(unsigned char *)0x0061 != 0","printf \"SAMPLE %u FRAME %u\\n\", $samples, *(unsigned char *)0x0000","x/32bx 0xa470","set $samples = $samples + 1","end","if $samples >= 1024","disable 5","else","continue","end"},original-location="*0x0ba9"}
*stopped
~"SAMPLE 412 FRAME 232\n"
~"0xa470:\t0x01\t0x49\t0x04\t0x00\t0x12\t0x09\t0x01\t0x00\n"
~"0xa478:\t0x01\t0x43\t0xe0\t0x00\t0x09\t0x08\t0x01\t0x03\n"
~"0xa480:\t0x01\t0x70\t0xd4\t0x00\t0x06\t0x11\t0x01\t0x00\n"
~"0xa488:\t0x01\t0x39\t0xd8\t0x00\t0x07\t0x06\t0x01\t0x01\n"
*running,thread-id="all"
=breakpoint-modified,bkpt={number="5",type="breakpoint",disp="keep",enabled="y",addr="0x00000ba9",thread-groups=["i1"],times="414",script={"silent","if *(unsigned char *)0x0061 != 0","printf \"SAMPLE %u FRAME %u\\n\", $samples, *(unsigned char *)0x0000","x/32bx 0xa470","set $samples = $samples + 1","end","if $samples >= 1024","disable 5","else","continue","end"},original-location="*0x0ba9"}
*stopped
~"SAMPLE 413 FRAME 236\n"
~"0xa470:\t0x01\t0x47\t0xc4\t0x01\t0x12\t0x09\t0x01\t0x00\n"
~"0xa478:\t0x01\t0x43\t0xdf\t0x01\t0x09\t0x08\t0x01\t0x03\n"
~"0xa480:\t0x01\t0x6f\t0x94\t0x01\t0x06\t0x11\t0x01\t0x00\n"
~"0xa488:\t0x01\t0x39\t0xd9\t0x01\t0x07\t0x06\t0x01\t0x01\n"
*running,thread-id="all"
=breakpoint-modified,bkpt={number="5",type="breakpoint",disp="keep",enabled="y",addr="0x00000ba9",thread-groups=["i1"],times="415",script={"silent","if *(unsigned char *)0x0061 != 0","printf \"SAMPLE %u FRAME %u\\n\", $samples, *(unsigned char *)0x0000","x/32bx 0xa470","set $samples = $samples + 1","end","if $samples >= 1024","disable 5","else","continue","end"},original-location="*0x0ba9"}
*stopped
~"SAMPLE 414 FRAME 240\n"
~"0xa470:\t0x01\t0x46\t0x84\t0x02\t0x12\t0x09\t0x01\t0x00\n"
~"0xa478:\t0x01\t0x43\t0xde\t0x02\t0x09\t0x08\t0x01\t0x03\n"
~"0xa480:\t0x01\t0x6e\t0x54\t0x02\t0x06\t0x11\t0x01\t0x00\n"
~"0xa488:\t0x01\t0x39\t0xda\t0x02\t0x07\t0x06\t0x01\t0x01\n"
*running,thread-id="all"
=breakpoint-modified,bkpt={number="5",type="breakpoint",disp="keep",enabled="y",addr="0x00000ba9",thread-groups=["i1"],times="416",script={"silent","if *(unsigned char *)0x0061 != 0","printf \"SAMPLE %u FRAME %u\\n\", $samples, *(unsigned char *)0x0000","x/32bx 0xa470","set $samples = $samples + 1","end","if $samples >= 1024","disable 5","else","continue","end"},original-location="*0x0ba9"}
*stopped
~"SAMPLE 415 FRAME 244\n"
~"0xa470:\t0x01\t0x45\t0x44\t0x03\t0x12\t0x09\t0x01\t0x00\n"
~"0xa478:\t0x01\t0x43\t0xdd\t0x03\t0x09\t0x08\t0x01\t0x03\n"
~"0xa480:\t0x01\t0x6d\t0x14\t0x03\t0x06\t0x11\t0x01\t0x00\n"
~"0xa488:\t0x01\t0x39\t0xdb\t0x03\t0x07\t0x06\t0x01\t0x01\n"
*running,thread-id="all"
=breakpoint-modified,bkpt={number="5",type="breakpoint",disp="keep",enabled="y",addr="0x00000ba9",thread-groups=["i1"],times="417",script={"silent","if *(unsigned char *)0x0061 != 0","printf \"SAMPLE %u FRAME %u\\n\", $samples, *(unsigned char *)0x0000","x/32bx 0xa470","set $samples = $samples + 1","end","if $samples >= 1024","disable 5","else","continue","end"},original-location="*0x0ba9"}
*stopped
~"SAMPLE 416 FRAME 248\n"
~"0xa470:\t0x01\t0x44\t0x04\t0x00\t0x12\t0x08\t0x01\t0x03\n"
~"0xa478:\t0x01\t0x43\t0xdc\t0x00\t0x08\t0x08\t0x01\t0x03\n"
~"0xa480:\t0x01\t0x6b\t0xd4\t0x00\t0x06\t0x10\t0x01\t0x00\n"
~"0xa488:\t0x01\t0x39\t0xdc\t0x00\t0x08\t0x06\t0x01\t0x00\n"
*running,thread-id="all"
=breakpoint-modified,bkpt={number="5",type="breakpoint",disp="keep",enabled="y",addr="0x00000ba9",thread-groups=["i1"],times="418",script={"silent","if *(unsigned char *)0x0061 != 0","printf \"SAMPLE %u FRAME %u\\n\", $samples, *(unsigned char *)0x0000","x/32bx 0xa470","set $samples = $samples + 1","end","if $samples >= 1024","disable 5","else","continue","end"},original-location="*0x0ba9"}
*stopped
~"SAMPLE 417 FRAME 252\n"
~"0xa470:\t0x01\t0x44\t0x03\t0x01\t0x12\t0x08\t0x01\t0x03\n"
~"0xa478:\t0x01\t0x43\t0xdb\t0x01\t0x08\t0x08\t0x01\t0x03\n"
~"0xa480:\t0x01\t0x6a\t0x94\t0x01\t0x06\t0x10\t0x01\t0x00\n"
~"0xa488:\t0x01\t0x38\t0x9c\t0x01\t0x08\t0x06\t0x01\t0x00\n"
*running,thread-id="all"
=breakpoint-modified,bkpt={number="5",type="breakpoint",disp="keep",enabled="y",addr="0x00000ba9",thread-groups=["i1"],times="419",script={"silent","if *(unsigned char *)0x0061 != 0","printf \"SAMPLE %u FRAME %u\\n\", $samples, *(unsigned char *)0x0000","x/32bx 0xa470","set $samples = $samples + 1","end","if $samples >= 1024","disable 5","else","continue","end"},original-location="*0x0ba9"}
*stopped
~"SAMPLE 418 FRAME 0\n"
~"0xa470:\t0x01\t0x44\t0x02\t0x02\t0x12\t0x08\t0x01\t0x03\n"
~"0xa478:\t0x01\t0x43\t0xda\t0x02\t0x08\t0x08\t0x01\t0x03\n"
~"0xa480:\t0x01\t0x69\t0x54\t0x02\t0x06\t0x10\t0x01\t0x00\n"
~"0xa488:\t0x01\t0x37\t0x5c\t0x02\t0x08\t0x06\t0x01\t0x00\n"
*running,thread-id="all"
=breakpoint-modified,bkpt={number="5",type="breakpoint",disp="keep",enabled="y",addr="0x00000ba9",thread-groups=["i1"],times="420",script={"silent","if *(unsigned char *)0x0061 != 0","printf \"SAMPLE %u FRAME %u\\n\", $samples, *(unsigned char *)0x0000","x/32bx 0xa470","set $samples = $samples + 1","end","if $samples >= 1024","disable 5","else","continue","end"},original-location="*0x0ba9"}
*stopped
~"SAMPLE 419 FRAME 4\n"
~"0xa470:\t0x01\t0x44\t0x01\t0x03\t0x12\t0x08\t0x01\t0x03\n"
~"0xa478:\t0x01\t0x43\t0xd9\t0x03\t0x08\t0x08\t0x01\t0x03\n"
~"0xa480:\t0x01\t0x68\t0x14\t0x03\t0x06\t0x10\t0x01\t0x00\n"
~"0xa488:\t0x01\t0x36\t0x1c\t0x03\t0x08\t0x06\t0x01\t0x00\n"
*running,thread-id="all"
=breakpoint-modified,bkpt={number="5",type="breakpoint",disp="keep",enabled="y",addr="0x00000ba9",thread-groups=["i1"],times="421",script={"silent","if *(unsigned char *)0x0061 != 0","printf \"SAMPLE %u FRAME %u\\n\", $samples, *(unsigned char *)0x0000","x/32bx 0xa470","set $samples = $samples + 1","end","if $samples >= 1024","disable 5","else","continue","end"},original-location="*0x0ba9"}
*stopped
~"SAMPLE 420 FRAME 8\n"
~"0xa470:\t0x01\t0x44\t0x00\t0x00\t0x11\t0x08\t0x01\t0x03\n"
~"0xa478:\t0x01\t0x43\t0xd8\t0x00\t0x07\t0x08\t0x01\t0x03\n"
~"0xa480:\t0x01\t0x66\t0xd4\t0x00\t0x06\t0x0f\t0x01\t0x00\n"
~"0xa488:\t0x01\t0x34\t0xdc\t0x00\t0x08\t0x05\t0x01\t0x00\n"
*running,thread-id="all"
=breakpoint-modified,bkpt={number="5",type="breakpoint",disp="keep",enabled="y",addr="0x00000ba9",thread-groups=["i1"],times="422",script={"silent","if *(unsigned char *)0x0061 != 0","printf \"SAMPLE %u FRAME %u\\n\", $samples, *(unsigned char *)0x0000","x/32bx 0xa470","set $samples = $samples + 1","end","if $samples >= 1024","disable 5","else","continue","end"},original-location="*0x0ba9"}
*stopped
~"SAMPLE 421 FRAME 12\n"
~"0xa470:\t0x01\t0x43\t0xff\t0x01\t0x11\t0x08\t0x01\t0x03\n"
~"0xa478:\t0x01\t0x43\t0xd7\t0x01\t0x07\t0x08\t0x01\t0x03\n"
~"0xa480:\t0x01\t0x65\t0x94\t0x01\t0x06\t0x0f\t0x01\t0x00\n"
~"0xa488:\t0x01\t0x33\t0x9c\t0x01\t0x08\t0x05\t0x01\t0x00\n"
*running,thread-id="all"
=breakpoint-modified,bkpt={number="5",type="breakpoint",disp="keep",enabled="y",addr="0x00000ba9",thread-groups=["i1"],times="423",script={"silent","if *(unsigned char *)0x0061 != 0","printf \"SAMPLE %u FRAME %u\\n\", $samples, *(unsigned char *)0x0000","x/32bx 0xa470","set $samples = $samples + 1","end","if $samples >= 1024","disable 5","else","continue","end"},original-location="*0x0ba9"}
*stopped
~"SAMPLE 422 FRAME 16\n"
~"0xa470:\t0x01\t0x43\t0xfe\t0x02\t0x11\t0x08\t0x01\t0x03\n"
~"0xa478:\t0x01\t0x43\t0xd6\t0x02\t0x07\t0x08\t0x01\t0x03\n"
~"0xa480:\t0x01\t0x64\t0x54\t0x02\t0x06\t0x0f\t0x01\t0x00\n"
~"0xa488:\t0x01\t0x32\t0x5c\t0x02\t0x08\t0x05\t0x01\t0x00\n"
*running,thread-id="all"
=breakpoint-modified,bkpt={number="5",type="breakpoint",disp="keep",enabled="y",addr="0x00000ba9",thread-groups=["i1"],times="424",script={"silent","if *(unsigned char *)0x0061 != 0","printf \"SAMPLE %u FRAME %u\\n\", $samples, *(unsigned char *)0x0000","x/32bx 0xa470","set $samples = $samples + 1","end","if $samples >= 1024","disable 5","else","continue","end"},original-location="*0x0ba9"}
*stopped
~"SAMPLE 423 FRAME 20\n"
~"0xa470:\t0x01\t0x43\t0xfd\t0x03\t0x11\t0x08\t0x01\t0x03\n"
~"0xa478:\t0x01\t0x43\t0xd5\t0x03\t0x07\t0x08\t0x01\t0x03\n"
~"0xa480:\t0x01\t0x63\t0x14\t0x03\t0x06\t0x0f\t0x01\t0x00\n"
~"0xa488:\t0x01\t0x31\t0x1c\t0x03\t0x08\t0x05\t0x01\t0x00\n"
*running,thread-id="all"
=breakpoint-modified,bkpt={number="5",type="breakpoint",disp="keep",enabled="y",addr="0x00000ba9",thread-groups=["i1"],times="425",script={"silent","if *(unsigned char *)0x0061 != 0","printf \"SAMPLE %u FRAME %u\\n\", $samples, *(unsigned char *)0x0000","x/32bx 0xa470","set $samples = $samples + 1","end","if $samples >= 1024","disable 5","else","continue","end"},original-location="*0x0ba9"}
*stopped
~"SAMPLE 424 FRAME 26\n"
~"0xa470:\t0x01\t0x43\t0xfc\t0x00\t0x10\t0x08\t0x01\t0x03\n"
~"0xa478:\t0x01\t0x43\t0xd4\t0x00\t0x06\t0x08\t0x01\t0x02\n"
~"0xa480:\t0x01\t0x61\t0xd4\t0x00\t0x06\t0x0e\t0x01\t0x00\n"
~"0xa488:\t0x01\t0x2f\t0xdc\t0x00\t0x08\t0x04\t0x01\t0x00\n"
*running,thread-id="all"
=breakpoint-modified,bkpt={number="5",type="breakpoint",disp="keep",enabled="y",addr="0x00000ba9",thread-groups=["i1"],times="426",script={"silent","if *(unsigned char *)0x0061 != 0","printf \"SAMPLE %u FRAME %u\\n\", $samples, *(unsigned char *)0x0000","x/32bx 0xa470","set $samples = $samples + 1","end","if $samples >= 1024","disable 5","else","continue","end"},original-location="*0x0ba9"}
*stopped
~"SAMPLE 425 FRAME 30\n"
~"0xa470:\t0x01\t0x43\t0xfb\t0x01\t0x10\t0x08\t0x01\t0x03\n"
~"0xa478:\t0x01\t0x45\t0x14\t0x01\t0x06\t0x08\t0x01\t0x02\n"
~"0xa480:\t0x01\t0x60\t0x94\t0x01\t0x06\t0x0e\t0x01\t0x00\n"
~"0xa488:\t0x01\t0x2e\t0x9c\t0x01\t0x08\t0x04\t0x01\t0x00\n"
*running,thread-id="all"
=breakpoint-modified,bkpt={number="5",type="breakpoint",disp="keep",enabled="y",addr="0x00000ba9",thread-groups=["i1"],times="427",script={"silent","if *(unsigned char *)0x0061 != 0","printf \"SAMPLE %u FRAME %u\\n\", $samples, *(unsigned char *)0x0000","x/32bx 0xa470","set $samples = $samples + 1","end","if $samples >= 1024","disable 5","else","continue","end"},original-location="*0x0ba9"}
*stopped
~"SAMPLE 426 FRAME 34\n"
~"0xa470:\t0x01\t0x43\t0xfa\t0x02\t0x10\t0x08\t0x01\t0x03\n"
~"0xa478:\t0x01\t0x46\t0x54\t0x02\t0x06\t0x08\t0x01\t0x02\n"
~"0xa480:\t0x01\t0x5f\t0x54\t0x02\t0x06\t0x0e\t0x01\t0x00\n"
~"0xa488:\t0x01\t0x2d\t0x5c\t0x02\t0x08\t0x04\t0x01\t0x00\n"
*running,thread-id="all"
=breakpoint-modified,bkpt={number="5",type="breakpoint",disp="keep",enabled="y",addr="0x00000ba9",thread-groups=["i1"],times="428",script={"silent","if *(unsigned char *)0x0061 != 0","printf \"SAMPLE %u FRAME %u\\n\", $samples, *(unsigned char *)0x0000","x/32bx 0xa470","set $samples = $samples + 1","end","if $samples >= 1024","disable 5","else","continue","end"},original-location="*0x0ba9"}
*stopped
~"SAMPLE 427 FRAME 38\n"
~"0xa470:\t0x01\t0x43\t0xf9\t0x03\t0x10\t0x08\t0x01\t0x03\n"
~"0xa478:\t0x01\t0x47\t0x94\t0x03\t0x06\t0x08\t0x01\t0x02\n"
~"0xa480:\t0x01\t0x5e\t0x14\t0x03\t0x06\t0x0e\t0x01\t0x00\n"
~"0xa488:\t0x01\t0x2c\t0x1c\t0x03\t0x08\t0x04\t0x01\t0x00\n"
*running,thread-id="all"
=breakpoint-modified,bkpt={number="5",type="breakpoint",disp="keep",enabled="y",addr="0x00000ba9",thread-groups=["i1"],times="429",script={"silent","if *(unsigned char *)0x0061 != 0","printf \"SAMPLE %u FRAME %u\\n\", $samples, *(unsigned char *)0x0000","x/32bx 0xa470","set $samples = $samples + 1","end","if $samples >= 1024","disable 5","else","continue","end"},original-location="*0x0ba9"}
*stopped
~"SAMPLE 428 FRAME 42\n"
~"0xa470:\t0x01\t0x43\t0xf8\t0x00\t0x0f\t0x08\t0x01\t0x03\n"
~"0xa478:\t0x01\t0x48\t0xd4\t0x00\t0x06\t0x09\t0x01\t0x02\n"
~"0xa480:\t0x01\t0x5c\t0xd4\t0x00\t0x06\t0x0d\t0x01\t0x00\n"
~"0xa488:\t0x01\t0x2a\t0xdc\t0x00\t0x08\t0x03\t0x01\t0x00\n"
*running,thread-id="all"
=breakpoint-modified,bkpt={number="5",type="breakpoint",disp="keep",enabled="y",addr="0x00000ba9",thread-groups=["i1"],times="430",script={"silent","if *(unsigned char *)0x0061 != 0","printf \"SAMPLE %u FRAME %u\\n\", $samples, *(unsigned char *)0x0000","x/32bx 0xa470","set $samples = $samples + 1","end","if $samples >= 1024","disable 5","else","continue","end"},original-location="*0x0ba9"}
*stopped
~"SAMPLE 429 FRAME 46\n"
~"0xa470:\t0x01\t0x43\t0xf7\t0x01\t0x0f\t0x08\t0x01\t0x03\n"
~"0xa478:\t0x01\t0x4a\t0x14\t0x01\t0x06\t0x09\t0x01\t0x02\n"
~"0xa480:\t0x01\t0x5b\t0x94\t0x01\t0x06\t0x0d\t0x01\t0x00\n"
~"0xa488:\t0x01\t0x29\t0x9c\t0x01\t0x08\t0x03\t0x01\t0x00\n"
*running,thread-id="all"
=breakpoint-modified,bkpt={number="5",type="breakpoint",disp="keep",enabled="y",addr="0x00000ba9",thread-groups=["i1"],times="431",script={"silent","if *(unsigned char *)0x0061 != 0","printf \"SAMPLE %u FRAME %u\\n\", $samples, *(unsigned char *)0x0000","x/32bx 0xa470","set $samples = $samples + 1","end","if $samples >= 1024","disable 5","else","continue","end"},original-location="*0x0ba9"}
*stopped
~"SAMPLE 430 FRAME 50\n"
~"0xa470:\t0x01\t0x43\t0xf6\t0x02\t0x0f\t0x08\t0x01\t0x03\n"
~"0xa478:\t0x01\t0x4b\t0x54\t0x02\t0x06\t0x09\t0x01\t0x02\n"
~"0xa480:\t0x01\t0x5a\t0x54\t0x02\t0x06\t0x0d\t0x01\t0x00\n"
~"0xa488:\t0x01\t0x28\t0x5c\t0x02\t0x08\t0x03\t0x01\t0x00\n"
*running,thread-id="all"
=breakpoint-modified,bkpt={number="5",type="breakpoint",disp="keep",enabled="y",addr="0x00000ba9",thread-groups=["i1"],times="432",script={"silent","if *(unsigned char *)0x0061 != 0","printf \"SAMPLE %u FRAME %u\\n\", $samples, *(unsigned char *)0x0000","x/32bx 0xa470","set $samples = $samples + 1","end","if $samples >= 1024","disable 5","else","continue","end"},original-location="*0x0ba9"}
*stopped
~"SAMPLE 431 FRAME 54\n"
~"0xa470:\t0x01\t0x43\t0xf5\t0x03\t0x0f\t0x08\t0x01\t0x03\n"
~"0xa478:\t0x01\t0x4c\t0x94\t0x03\t0x06\t0x09\t0x01\t0x02\n"
~"0xa480:\t0x01\t0x59\t0x14\t0x03\t0x06\t0x0d\t0x01\t0x00\n"
~"0xa488:\t0x01\t0x27\t0x1c\t0x03\t0x08\t0x03\t0x01\t0x00\n"
*running,thread-id="all"
=breakpoint-modified,bkpt={number="5",type="breakpoint",disp="keep",enabled="y",addr="0x00000ba9",thread-groups=["i1"],times="433",script={"silent","if *(unsigned char *)0x0061 != 0","printf \"SAMPLE %u FRAME %u\\n\", $samples, *(unsigned char *)0x0000","x/32bx 0xa470","set $samples = $samples + 1","end","if $samples >= 1024","disable 5","else","continue","end"},original-location="*0x0ba9"}
*stopped
~"SAMPLE 432 FRAME 58\n"
~"0xa470:\t0x01\t0x43\t0xf4\t0x00\t0x0e\t0x08\t0x01\t0x01\n"
~"0xa478:\t0x01\t0x4d\t0xd4\t0x00\t0x06\t0x0a\t0x01\t0x02\n"
~"0xa480:\t0x01\t0x57\t0xd4\t0x00\t0x06\t0x0c\t0x01\t0x00\n"
~"0xa488:\t0x01\t0x25\t0xdc\t0x00\t0x08\t0x02\t0x01\t0x03\n"
*running,thread-id="all"
=breakpoint-modified,bkpt={number="5",type="breakpoint",disp="keep",enabled="y",addr="0x00000ba9",thread-groups=["i1"],times="434",script={"silent","if *(unsigned char *)0x0061 != 0","printf \"SAMPLE %u FRAME %u\\n\", $samples, *(unsigned char *)0x0000","x/32bx 0xa470","set $samples = $samples + 1","end","if $samples >= 1024","disable 5","else","continue","end"},original-location="*0x0ba9"}
*stopped
~"SAMPLE 433 FRAME 62\n"
~"0xa470:\t0x01\t0x43\t0xf5\t0x01\t0x0e\t0x08\t0x01\t0x01\n"
~"0xa478:\t0x01\t0x4f\t0x14\t0x01\t0x06\t0x0a\t0x01\t0x02\n"
~"0xa480:\t0x01\t0x56\t0x94\t0x01\t0x06\t0x0c\t0x01\t0x00\n"
~"0xa488:\t0x01\t0x25\t0xdb\t0x01\t0x08\t0x02\t0x01\t0x03\n"
*running,thread-id="all"
=breakpoint-modified,bkpt={number="5",type="breakpoint",disp="keep",enabled="y",addr="0x00000ba9",thread-groups=["i1"],times="435",script={"silent","if *(unsigned char *)0x0061 != 0","printf \"SAMPLE %u FRAME %u\\n\", $samples, *(unsigned char *)0x0000","x/32bx 0xa470","set $samples = $samples + 1","end","if $samples >= 1024","disable 5","else","continue","end"},original-location="*0x0ba9"}
*stopped
~"SAMPLE 434 FRAME 66\n"
~"0xa470:\t0x01\t0x43\t0xf6\t0x02\t0x0e\t0x08\t0x01\t0x01\n"
~"0xa478:\t0x01\t0x50\t0x54\t0x02\t0x06\t0x0a\t0x01\t0x02\n"
~"0xa480:\t0x01\t0x55\t0x54\t0x02\t0x06\t0x0c\t0x01\t0x00\n"
~"0xa488:\t0x01\t0x25\t0xda\t0x02\t0x08\t0x02\t0x01\t0x03\n"
*running,thread-id="all"
=breakpoint-modified,bkpt={number="5",type="breakpoint",disp="keep",enabled="y",addr="0x00000ba9",thread-groups=["i1"],times="436",script={"silent","if *(unsigned char *)0x0061 != 0","printf \"SAMPLE %u FRAME %u\\n\", $samples, *(unsigned char *)0x0000","x/32bx 0xa470","set $samples = $samples + 1","end","if $samples >= 1024","disable 5","else","continue","end"},original-location="*0x0ba9"}
*stopped
~"SAMPLE 435 FRAME 70\n"
~"0xa470:\t0x01\t0x43\t0xf7\t0x03\t0x0e\t0x08\t0x01\t0x01\n"
~"0xa478:\t0x01\t0x51\t0x94\t0x03\t0x06\t0x0a\t0x01\t0x02\n"
~"0xa480:\t0x01\t0x54\t0x14\t0x03\t0x06\t0x0c\t0x01\t0x00\n"
~"0xa488:\t0x01\t0x25\t0xd9\t0x03\t0x08\t0x02\t0x01\t0x03\n"
*running,thread-id="all"
=breakpoint-modified,bkpt={number="5",type="breakpoint",disp="keep",enabled="y",addr="0x00000ba9",thread-groups=["i1"],times="437",script={"silent","if *(unsigned char *)0x0061 != 0","printf \"SAMPLE %u FRAME %u\\n\", $samples, *(unsigned char *)0x0000","x/32bx 0xa470","set $samples = $samples + 1","end","if $samples >= 1024","disable 5","else","continue","end"},original-location="*0x0ba9"}
*stopped
~"SAMPLE 436 FRAME 76\n"
~"0xa470:\t0x01\t0x43\t0xf8\t0x00\t0x0f\t0x08\t0x01\t0x01\n"
~"0xa478:\t0x01\t0x52\t0xd4\t0x00\t0x06\t0x0b\t0x01\t0x02\n"
~"0xa480:\t0x01\t0x52\t0xd4\t0x00\t0x06\t0x0b\t0x01\t0x00\n"
~"0xa488:\t0x01\t0x25\t0xd8\t0x00\t0x07\t0x02\t0x01\t0x03\n"
*running,thread-id="all"
=breakpoint-modified,bkpt={number="5",type="breakpoint",disp="keep",enabled="y",addr="0x00000ba9",thread-groups=["i1"],times="438",script={"silent","if *(unsigned char *)0x0061 != 0","printf \"SAMPLE %u FRAME %u\\n\", $samples, *(unsigned char *)0x0000","x/32bx 0xa470","set $samples = $samples + 1","end","if $samples >= 1024","disable 5","else","continue","end"},original-location="*0x0ba9"}
*stopped
~"SAMPLE 437 FRAME 80\n"
~"0xa470:\t0x01\t0x43\t0xf9\t0x01\t0x0f\t0x08\t0x01\t0x01\n"
~"0xa478:\t0x01\t0x54\t0x14\t0x01\t0x06\t0x0b\t0x01\t0x02\n"
~"0xa480:\t0x01\t0x51\t0x94\t0x01\t0x06\t0x0b\t0x01\t0x00\n"
~"0xa488:\t0x01\t0x25\t0xd7\t0x01\t0x07\t0x02\t0x01\t0x03\n"
*running,thread-id="all"
=breakpoint-modified,bkpt={number="5",type="breakpoint",disp="keep",enabled="y",addr="0x00000ba9",thread-groups=["i1"],times="439",script={"silent","if *(unsigned char *)0x0061 != 0","printf \"SAMPLE %u FRAME %u\\n\", $samples, *(unsigned char *)0x0000","x/32bx 0xa470","set $samples = $samples + 1","end","if $samples >= 1024","disable 5","else","continue","end"},original-location="*0x0ba9"}
*stopped
~"SAMPLE 438 FRAME 84\n"
~"0xa470:\t0x01\t0x43\t0xfa\t0x02\t0x0f\t0x08\t0x01\t0x01\n"
~"0xa478:\t0x01\t0x55\t0x54\t0x02\t0x06\t0x0b\t0x01\t0x02\n"
~"0xa480:\t0x01\t0x50\t0x54\t0x02\t0x06\t0x0b\t0x01\t0x00\n"
~"0xa488:\t0x01\t0x25\t0xd6\t0x02\t0x07\t0x02\t0x01\t0x03\n"
*running,thread-id="all"
=breakpoint-modified,bkpt={number="5",type="breakpoint",disp="keep",enabled="y",addr="0x00000ba9",thread-groups=["i1"],times="440",script={"silent","if *(unsigned char *)0x0061 != 0","printf \"SAMPLE %u FRAME %u\\n\", $samples, *(unsigned char *)0x0000","x/32bx 0xa470","set $samples = $samples + 1","end","if $samples >= 1024","disable 5","else","continue","end"},original-location="*0x0ba9"}
*stopped
~"SAMPLE 439 FRAME 88\n"
~"0xa470:\t0x01\t0x43\t0xfb\t0x03\t0x0f\t0x08\t0x01\t0x01\n"
~"0xa478:\t0x01\t0x56\t0x94\t0x03\t0x06\t0x0b\t0x01\t0x02\n"
~"0xa480:\t0x01\t0x4f\t0x14\t0x03\t0x06\t0x0b\t0x01\t0x00\n"
~"0xa488:\t0x01\t0x25\t0xd5\t0x03\t0x07\t0x02\t0x01\t0x03\n"
*running,thread-id="all"
=breakpoint-modified,bkpt={number="5",type="breakpoint",disp="keep",enabled="y",addr="0x00000ba9",thread-groups=["i1"],times="441",script={"silent","if *(unsigned char *)0x0061 != 0","printf \"SAMPLE %u FRAME %u\\n\", $samples, *(unsigned char *)0x0000","x/32bx 0xa470","set $samples = $samples + 1","end","if $samples >= 1024","disable 5","else","continue","end"},original-location="*0x0ba9"}
*stopped
~"SAMPLE 440 FRAME 92\n"
~"0xa470:\t0x01\t0x43\t0xfc\t0x00\t0x10\t0x08\t0x01\t0x01\n"
~"0xa478:\t0x01\t0x57\t0xd4\t0x00\t0x06\t0x0c\t0x01\t0x02\n"
~"0xa480:\t0x01\t0x4d\t0xd4\t0x00\t0x06\t0x0a\t0x01\t0x03\n"
~"0xa488:\t0x01\t0x25\t0xd4\t0x00\t0x06\t0x02\t0x01\t0x03\n"
*running,thread-id="all"
=breakpoint-modified,bkpt={number="5",type="breakpoint",disp="keep",enabled="y",addr="0x00000ba9",thread-groups=["i1"],times="442",script={"silent","if *(unsigned char *)0x0061 != 0","printf \"SAMPLE %u FRAME %u\\n\", $samples, *(unsigned char *)0x0000","x/32bx 0xa470","set $samples = $samples + 1","end","if $samples >= 1024","disable 5","else","continue","end"},original-location="*0x0ba9"}
*stopped
~"SAMPLE 441 FRAME 96\n"
~"0xa470:\t0x01\t0x43\t0xfd\t0x01\t0x10\t0x08\t0x01\t0x01\n"
~"0xa478:\t0x01\t0x59\t0x14\t0x01\t0x06\t0x0c\t0x01\t0x02\n"
~"0xa480:\t0x01\t0x4d\t0xd3\t0x01\t0x06\t0x0a\t0x01\t0x03\n"
~"0xa488:\t0x01\t0x25\t0xd3\t0x01\t0x06\t0x02\t0x01\t0x03\n"
*running,thread-id="all"
=breakpoint-modified,bkpt={number="5",type="breakpoint",disp="keep",enabled="y",addr="0x00000ba9",thread-groups=["i1"],times="443",script={"silent","if *(unsigned char *)0x0061 != 0","printf \"SAMPLE %u FRAME %u\\n\", $samples, *(unsigned char *)0x0000","x/32bx 0xa470","set $samples = $samples + 1","end","if $samples >= 1024","disable 5","else","continue","end"},original-location="*0x0ba9"}
*stopped
~"SAMPLE 442 FRAME 100\n"
~"0xa470:\t0x01\t0x43\t0xfe\t0x02\t0x10\t0x08\t0x01\t0x01\n"
~"0xa478:\t0x01\t0x5a\t0x54\t0x02\t0x06\t0x0c\t0x01\t0x02\n"
~"0xa480:\t0x01\t0x4d\t0xd2\t0x02\t0x06\t0x0a\t0x01\t0x03\n"
~"0xa488:\t0x01\t0x25\t0xd2\t0x02\t0x06\t0x02\t0x01\t0x03\n"
*running,thread-id="all"
=breakpoint-modified,bkpt={number="5",type="breakpoint",disp="keep",enabled="y",addr="0x00000ba9",thread-groups=["i1"],times="444",script={"silent","if *(unsigned char *)0x0061 != 0","printf \"SAMPLE %u FRAME %u\\n\", $samples, *(unsigned char *)0x0000","x/32bx 0xa470","set $samples = $samples + 1","end","if $samples >= 1024","disable 5","else","continue","end"},original-location="*0x0ba9"}
*stopped
~"SAMPLE 443 FRAME 104\n"
~"0xa470:\t0x01\t0x43\t0xff\t0x03\t0x10\t0x08\t0x01\t0x01\n"
~"0xa478:\t0x01\t0x5b\t0x94\t0x03\t0x06\t0x0c\t0x01\t0x02\n"
~"0xa480:\t0x01\t0x4d\t0xd1\t0x03\t0x06\t0x0a\t0x01\t0x03\n"
~"0xa488:\t0x01\t0x25\t0xd1\t0x03\t0x06\t0x02\t0x01\t0x03\n"
*running,thread-id="all"
=breakpoint-modified,bkpt={number="5",type="breakpoint",disp="keep",enabled="y",addr="0x00000ba9",thread-groups=["i1"],times="445",script={"silent","if *(unsigned char *)0x0061 != 0","printf \"SAMPLE %u FRAME %u\\n\", $samples, *(unsigned char *)0x0000","x/32bx 0xa470","set $samples = $samples + 1","end","if $samples >= 1024","disable 5","else","continue","end"},original-location="*0x0ba9"}
*stopped
~"SAMPLE 444 FRAME 108\n"
~"0xa470:\t0x01\t0x44\t0x00\t0x00\t0x11\t0x08\t0x01\t0x01\n"
~"0xa478:\t0x01\t0x5c\t0xd4\t0x00\t0x06\t0x0d\t0x01\t0x02\n"
~"0xa480:\t0x01\t0x4d\t0xd0\t0x00\t0x05\t0x0a\t0x01\t0x03\n"
~"0xa488:\t0x01\t0x25\t0xd0\t0x00\t0x05\t0x02\t0x01\t0x03\n"
*running,thread-id="all"
=breakpoint-modified,bkpt={number="5",type="breakpoint",disp="keep",enabled="y",addr="0x00000ba9",thread-groups=["i1"],times="446",script={"silent","if *(unsigned char *)0x0061 != 0","printf \"SAMPLE %u FRAME %u\\n\", $samples, *(unsigned char *)0x0000","x/32bx 0xa470","set $samples = $samples + 1","end","if $samples >= 1024","disable 5","else","continue","end"},original-location="*0x0ba9"}
*stopped
~"SAMPLE 445 FRAME 112\n"
~"0xa470:\t0x01\t0x44\t0x01\t0x01\t0x11\t0x08\t0x01\t0x01\n"
~"0xa478:\t0x01\t0x5e\t0x14\t0x01\t0x06\t0x0d\t0x01\t0x02\n"
~"0xa480:\t0x01\t0x4d\t0xcf\t0x01\t0x05\t0x0a\t0x01\t0x03\n"
~"0xa488:\t0x01\t0x25\t0xcf\t0x01\t0x05\t0x02\t0x01\t0x03\n"
*running,thread-id="all"
=breakpoint-modified,bkpt={number="5",type="breakpoint",disp="keep",enabled="y",addr="0x00000ba9",thread-groups=["i1"],times="447",script={"silent","if *(unsigned char *)0x0061 != 0","printf \"SAMPLE %u FRAME %u\\n\", $samples, *(unsigned char *)0x0000","x/32bx 0xa470","set $samples = $samples + 1","end","if $samples >= 1024","disable 5","else","continue","end"},original-location="*0x0ba9"}
*stopped
~"SAMPLE 446 FRAME 116\n"
~"0xa470:\t0x01\t0x44\t0x02\t0x02\t0x11\t0x08\t0x01\t0x01\n"
~"0xa478:\t0x01\t0x5f\t0x54\t0x02\t0x06\t0x0d\t0x01\t0x02\n"
~"0xa480:\t0x01\t0x4d\t0xce\t0x02\t0x05\t0x0a\t0x01\t0x03\n"
~"0xa488:\t0x01\t0x25\t0xce\t0x02\t0x05\t0x02\t0x01\t0x03\n"
*running,thread-id="all"
=breakpoint-modified,bkpt={number="5",type="breakpoint",disp="keep",enabled="y",addr="0x00000ba9",thread-groups=["i1"],times="448",script={"silent","if *(unsigned char *)0x0061 != 0","printf \"SAMPLE %u FRAME %u\\n\", $samples, *(unsigned char *)0x0000","x/32bx 0xa470","set $samples = $samples + 1","end","if $samples >= 1024","disable 5","else","continue","end"},original-location="*0x0ba9"}
*stopped
~"SAMPLE 447 FRAME 120\n"
~"0xa470:\t0x01\t0x44\t0x03\t0x03\t0x11\t0x08\t0x01\t0x01\n"
~"0xa478:\t0x01\t0x60\t0x94\t0x03\t0x06\t0x0d\t0x01\t0x02\n"
~"0xa480:\t0x01\t0x4d\t0xcd\t0x03\t0x05\t0x0a\t0x01\t0x03\n"
~"0xa488:\t0x01\t0x25\t0xcd\t0x03\t0x05\t0x02\t0x01\t0x03\n"
*running,thread-id="all"
=breakpoint-modified,bkpt={number="5",type="breakpoint",disp="keep",enabled="y",addr="0x00000ba9",thread-groups=["i1"],times="449",script={"silent","if *(unsigned char *)0x0061 != 0","printf \"SAMPLE %u FRAME %u\\n\", $samples, *(unsigned char *)0x0000","x/32bx 0xa470","set $samples = $samples + 1","end","if $samples >= 1024","disable 5","else","continue","end"},original-location="*0x0ba9"}
*stopped
~"SAMPLE 448 FRAME 126\n"
~"0xa470:\t0x01\t0x44\t0x04\t0x00\t0x12\t0x08\t0x01\t0x02\n"
~"0xa478:\t0x01\t0x61\t0xd4\t0x00\t0x06\t0x0e\t0x01\t0x02\n"
~"0xa480:\t0x01\t0x4d\t0xcc\t0x00\t0x04\t0x0a\t0x01\t0x03\n"
~"0xa488:\t0x01\t0x25\t0xcc\t0x00\t0x04\t0x02\t0x01\t0x03\n"
*running,thread-id="all"
=breakpoint-modified,bkpt={number="5",type="breakpoint",disp="keep",enabled="y",addr="0x00000ba9",thread-groups=["i1"],times="450",script={"silent","if *(unsigned char *)0x0061 != 0","printf \"SAMPLE %u FRAME %u\\n\", $samples, *(unsigned char *)0x0000","x/32bx 0xa470","set $samples = $samples + 1","end","if $samples >= 1024","disable 5","else","continue","end"},original-location="*0x0ba9"}
*stopped
~"SAMPLE 449 FRAME 130\n"
~"0xa470:\t0x01\t0x45\t0x44\t0x01\t0x12\t0x08\t0x01\t0x02\n"
~"0xa478:\t0x01\t0x63\t0x14\t0x01\t0x06\t0x0e\t0x01\t0x02\n"
~"0xa480:\t0x01\t0x4d\t0xcb\t0x01\t0x04\t0x0a\t0x01\t0x03\n"
~"0xa488:\t0x01\t0x25\t0xcb\t0x01\t0x04\t0x02\t0x01\t0x03\n"
*running,thread-id="all"
=breakpoint-modified,bkpt={number="5",type="breakpoint",disp="keep",enabled="y",addr="0x00000ba9",thread-groups=["i1"],times="451",script={"silent","if *(unsigned char *)0x0061 != 0","printf \"SAMPLE %u FRAME %u\\n\", $samples, *(unsigned char *)0x0000","x/32bx 0xa470","set $samples = $samples + 1","end","if $samples >= 1024","disable 5","else","continue","end"},original-location="*0x0ba9"}
*stopped
~"SAMPLE 450 FRAME 134\n"
~"0xa470:\t0x01\t0x46\t0x84\t0x02\t0x12\t0x08\t0x01\t0x02\n"
~"0xa478:\t0x01\t0x64\t0x54\t0x02\t0x06\t0x0e\t0x01\t0x02\n"
~"0xa480:\t0x01\t0x4d\t0xca\t0x02\t0x04\t0x0a\t0x01\t0x03\n"
~"0xa488:\t0x01\t0x25\t0xca\t0x02\t0x04\t0x02\t0x01\t0x03\n"
*running,thread-id="all"
=breakpoint-modified,bkpt={number="5",type="breakpoint",disp="keep",enabled="y",addr="0x00000ba9",thread-groups=["i1"],times="452",script={"silent","if *(unsigned char *)0x0061 != 0","printf \"SAMPLE %u FRAME %u\\n\", $samples, *(unsigned char *)0x0000","x/32bx 0xa470","set $samples = $samples + 1","end","if $samples >= 1024","disable 5","else","continue","end"},original-location="*0x0ba9"}
*stopped
~"SAMPLE 451 FRAME 138\n"
~"0xa470:\t0x01\t0x47\t0xc4\t0x03\t0x12\t0x08\t0x01\t0x02\n"
~"0xa478:\t0x01\t0x65\t0x94\t0x03\t0x06\t0x0e\t0x01\t0x02\n"
~"0xa480:\t0x01\t0x4d\t0xc9\t0x03\t0x04\t0x0a\t0x01\t0x03\n"
~"0xa488:\t0x01\t0x25\t0xc9\t0x03\t0x04\t0x02\t0x01\t0x03\n"
*running,thread-id="all"
=breakpoint-modified,bkpt={number="5",type="breakpoint",disp="keep",enabled="y",addr="0x00000ba9",thread-groups=["i1"],times="453",script={"silent","if *(unsigned char *)0x0061 != 0","printf \"SAMPLE %u FRAME %u\\n\", $samples, *(unsigned char *)0x0000","x/32bx 0xa470","set $samples = $samples + 1","end","if $samples >= 1024","disable 5","else","continue","end"},original-location="*0x0ba9"}
*stopped
~"SAMPLE 452 FRAME 142\n"
~"0xa470:\t0x01\t0x49\t0x04\t0x00\t0x12\t0x09\t0x01\t0x02\n"
~"0xa478:\t0x01\t0x66\t0xd4\t0x00\t0x06\t0x0f\t0x01\t0x02\n"
~"0xa480:\t0x01\t0x4d\t0xc8\t0x00\t0x03\t0x0a\t0x01\t0x03\n"
~"0xa488:\t0x01\t0x25\t0xc8\t0x00\t0x03\t0x02\t0x01\t0x03\n"
*running,thread-id="all"
=breakpoint-modified,bkpt={number="5",type="breakpoint",disp="keep",enabled="y",addr="0x00000ba9",thread-groups=["i1"],times="454",script={"silent","if *(unsigned char *)0x0061 != 0","printf \"SAMPLE %u FRAME %u\\n\", $samples, *(unsigned char *)0x0000","x/32bx 0xa470","set $samples = $samples + 1","end","if $samples >= 1024","disable 5","else","continue","end"},original-location="*0x0ba9"}
*stopped
~"SAMPLE 453 FRAME 146\n"
~"0xa470:\t0x01\t0x4a\t0x44\t0x01\t0x12\t0x09\t0x01\t0x02\n"
~"0xa478:\t0x01\t0x68\t0x14\t0x01\t0x06\t0x0f\t0x01\t0x02\n"
~"0xa480:\t0x01\t0x4d\t0xc7\t0x01\t0x03\t0x0a\t0x01\t0x03\n"
~"0xa488:\t0x01\t0x25\t0xc7\t0x01\t0x03\t0x02\t0x01\t0x03\n"
*running,thread-id="all"
=breakpoint-modified,bkpt={number="5",type="breakpoint",disp="keep",enabled="y",addr="0x00000ba9",thread-groups=["i1"],times="455",script={"silent","if *(unsigned char *)0x0061 != 0","printf \"SAMPLE %u FRAME %u\\n\", $samples, *(unsigned char *)0x0000","x/32bx 0xa470","set $samples = $samples + 1","end","if $samples >= 1024","disable 5","else","continue","end"},original-location="*0x0ba9"}
*stopped
~"SAMPLE 454 FRAME 150\n"
~"0xa470:\t0x01\t0x4b\t0x84\t0x02\t0x12\t0x09\t0x01\t0x02\n"
~"0xa478:\t0x01\t0x69\t0x54\t0x02\t0x06\t0x0f\t0x01\t0x02\n"
~"0xa480:\t0x01\t0x4d\t0xc6\t0x02\t0x03\t0x0a\t0x01\t0x03\n"
~"0xa488:\t0x01\t0x25\t0xc6\t0x02\t0x03\t0x02\t0x01\t0x03\n"
*running,thread-id="all"
=breakpoint-modified,bkpt={number="5",type="breakpoint",disp="keep",enabled="y",addr="0x00000ba9",thread-groups=["i1"],times="456",script={"silent","if *(unsigned char *)0x0061 != 0","printf \"SAMPLE %u FRAME %u\\n\", $samples, *(unsigned char *)0x0000","x/32bx 0xa470","set $samples = $samples + 1","end","if $samples >= 1024","disable 5","else","continue","end"},original-location="*0x0ba9"}
*stopped
~"SAMPLE 455 FRAME 154\n"
~"0xa470:\t0x01\t0x4c\t0xc4\t0x03\t0x12\t0x09\t0x01\t0x02\n"
~"0xa478:\t0x01\t0x6a\t0x94\t0x03\t0x06\t0x0f\t0x01\t0x02\n"
~"0xa480:\t0x01\t0x4d\t0xc5\t0x03\t0x03\t0x0a\t0x01\t0x03\n"
~"0xa488:\t0x01\t0x25\t0xc5\t0x03\t0x03\t0x02\t0x01\t0x03\n"
*running,thread-id="all"
=breakpoint-modified,bkpt={number="5",type="breakpoint",disp="keep",enabled="y",addr="0x00000ba9",thread-groups=["i1"],times="457",script={"silent","if *(unsigned char *)0x0061 != 0","printf \"SAMPLE %u FRAME %u\\n\", $samples, *(unsigned char *)0x0000","x/32bx 0xa470","set $samples = $samples + 1","end","if $samples >= 1024","disable 5","else","continue","end"},original-location="*0x0ba9"}
*stopped
~"SAMPLE 456 FRAME 158\n"
~"0xa470:\t0x01\t0x4e\t0x04\t0x00\t0x12\t0x0a\t0x01\t0x02\n"
~"0xa478:\t0x01\t0x6b\t0xd4\t0x00\t0x06\t0x10\t0x01\t0x02\n"
~"0xa480:\t0x01\t0x4d\t0xc4\t0x00\t0x02\t0x0a\t0x01\t0x00\n"
~"0xa488:\t0x01\t0x25\t0xc4\t0x00\t0x02\t0x02\t0x01\t0x02\n"
*running,thread-id="all"
=breakpoint-modified,bkpt={number="5",type="breakpoint",disp="keep",enabled="y",addr="0x00000ba9",thread-groups=["i1"],times="458",script={"silent","if *(unsigned char *)0x0061 != 0","printf \"SAMPLE %u FRAME %u\\n\", $samples, *(unsigned char *)0x0000","x/32bx 0xa470","set $samples = $samples + 1","end","if $samples >= 1024","disable 5","else","continue","end"},original-location="*0x0ba9"}
*stopped
~"SAMPLE 457 FRAME 162\n"
~"0xa470:\t0x01\t0x4f\t0x44\t0x01\t0x12\t0x0a\t0x01\t0x02\n"
~"0xa478:\t0x01\t0x6d\t0x14\t0x01\t0x06\t0x10\t0x01\t0x02\n"
~"0xa480:\t0x01\t0x4c\t0x84\t0x01\t0x02\t0x0a\t0x01\t0x00\n"
~"0xa488:\t0x01\t0x27\t0x04\t0x01\t0x02\t0x02\t0x01\t0x02\n"
*running,thread-id="all"
=breakpoint-modified,bkpt={number="5",type="breakpoint",disp="keep",enabled="y",addr="0x00000ba9",thread-groups=["i1"],times="459",script={"silent","if *(unsigned char *)0x0061 != 0","printf \"SAMPLE %u FRAME %u\\n\", $samples, *(unsigned char *)0x0000","x/32bx 0xa470","set $samples = $samples + 1","end","if $samples >= 1024","disable 5","else","continue","end"},original-location="*0x0ba9"}
*stopped
~"SAMPLE 458 FRAME 166\n"
~"0xa470:\t0x01\t0x50\t0x84\t0x02\t0x12\t0x0a\t0x01\t0x02\n"
~"0xa478:\t0x01\t0x6e\t0x54\t0x02\t0x06\t0x10\t0x01\t0x02\n"
~"0xa480:\t0x01\t0x4b\t0x44\t0x02\t0x02\t0x0a\t0x01\t0x00\n"
~"0xa488:\t0x01\t0x28\t0x44\t0x02\t0x02\t0x02\t0x01\t0x02\n"
*running,thread-id="all"
=breakpoint-modified,bkpt={number="5",type="breakpoint",disp="keep",enabled="y",addr="0x00000ba9",thread-groups=["i1"],times="460",script={"silent","if *(unsigned char *)0x0061 != 0","printf \"SAMPLE %u FRAME %u\\n\", $samples, *(unsigned char *)0x0000","x/32bx 0xa470","set $samples = $samples + 1","end","if $samples >= 1024","disable 5","else","continue","end"},original-location="*0x0ba9"}
*stopped
~"SAMPLE 459 FRAME 170\n"
~"0xa470:\t0x01\t0x51\t0xc4\t0x03\t0x12\t0x0a\t0x01\t0x02\n"
~"0xa478:\t0x01\t0x6f\t0x94\t0x03\t0x06\t0x10\t0x01\t0x02\n"
~"0xa480:\t0x01\t0x4a\t0x04\t0x03\t0x02\t0x0a\t0x01\t0x00\n"
~"0xa488:\t0x01\t0x29\t0x84\t0x03\t0x02\t0x02\t0x01\t0x02\n"
*running,thread-id="all"
=breakpoint-modified,bkpt={number="5",type="breakpoint",disp="keep",enabled="y",addr="0x00000ba9",thread-groups=["i1"],times="461",script={"silent","if *(unsigned char *)0x0061 != 0","printf \"SAMPLE %u FRAME %u\\n\", $samples, *(unsigned char *)0x0000","x/32bx 0xa470","set $samples = $samples + 1","end","if $samples >= 1024","disable 5","else","continue","end"},original-location="*0x0ba9"}
*stopped
~"SAMPLE 460 FRAME 176\n"
~"0xa470:\t0x01\t0x53\t0x04\t0x00\t0x12\t0x0b\t0x01\t0x02\n"
~"0xa478:\t0x01\t0x70\t0xd4\t0x00\t0x06\t0x11\t0x01\t0x02\n"
~"0xa480:\t0x01\t0x48\t0xc4\t0x00\t0x02\t0x09\t0x01\t0x00\n"
~"0xa488:\t0x01\t0x2a\t0xc4\t0x00\t0x02\t0x03\t0x01\t0x02\n"
*running,thread-id="all"
=breakpoint-modified,bkpt={number="5",type="breakpoint",disp="keep",enabled="y",addr="0x00000ba9",thread-groups=["i1"],times="462",script={"silent","if *(unsigned char *)0x0061 != 0","printf \"SAMPLE %u FRAME %u\\n\", $samples, *(unsigned char *)0x0000","x/32bx 0xa470","set $samples = $samples + 1","end","if $samples >= 1024","disable 5","else","continue","end"},original-location="*0x0ba9"}
*stopped
~"SAMPLE 461 FRAME 180\n"
~"0xa470:\t0x01\t0x54\t0x44\t0x01\t0x12\t0x0b\t0x01\t0x02\n"
~"0xa478:\t0x01\t0x72\t0x14\t0x01\t0x06\t0x11\t0x01\t0x02\n"
~"0xa480:\t0x01\t0x47\t0x84\t0x01\t0x02\t0x09\t0x01\t0x00\n"
~"0xa488:\t0x01\t0x2c\t0x04\t0x01\t0x02\t0x03\t0x01\t0x02\n"
*running,thread-id="all"
=breakpoint-modified,bkpt={number="5",type="breakpoint",disp="keep",enabled="y",addr="0x00000ba9",thread-groups=["i1"],times="463",script={"silent","if *(unsigned char *)0x0061 != 0","printf \"SAMPLE %u FRAME %u\\n\", $samples, *(unsigned char *)0x0000","x/32bx 0xa470","set $samples = $samples + 1","end","if $samples >= 1024","disable 5","else","continue","end"},original-location="*0x0ba9"}
*stopped
~"SAMPLE 462 FRAME 184\n"
~"0xa470:\t0x01\t0x55\t0x84\t0x02\t0x12\t0x0b\t0x01\t0x02\n"
~"0xa478:\t0x01\t0x73\t0x54\t0x02\t0x06\t0x11\t0x01\t0x02\n"
~"0xa480:\t0x01\t0x46\t0x44\t0x02\t0x02\t0x09\t0x01\t0x00\n"
~"0xa488:\t0x01\t0x2d\t0x44\t0x02\t0x02\t0x03\t0x01\t0x02\n"
*running,thread-id="all"
=breakpoint-modified,bkpt={number="5",type="breakpoint",disp="keep",enabled="y",addr="0x00000ba9",thread-groups=["i1"],times="464",script={"silent","if *(unsigned char *)0x0061 != 0","printf \"SAMPLE %u FRAME %u\\n\", $samples, *(unsigned char *)0x0000","x/32bx 0xa470","set $samples = $samples + 1","end","if $samples >= 1024","disable 5","else","continue","end"},original-location="*0x0ba9"}
*stopped
~"SAMPLE 463 FRAME 188\n"
~"0xa470:\t0x01\t0x56\t0xc4\t0x03\t0x12\t0x0b\t0x01\t0x02\n"
~"0xa478:\t0x01\t0x74\t0x94\t0x03\t0x06\t0x11\t0x01\t0x02\n"
~"0xa480:\t0x01\t0x45\t0x04\t0x03\t0x02\t0x09\t0x01\t0x00\n"
~"0xa488:\t0x01\t0x2e\t0x84\t0x03\t0x02\t0x03\t0x01\t0x02\n"
*running,thread-id="all"
=breakpoint-modified,bkpt={number="5",type="breakpoint",disp="keep",enabled="y",addr="0x00000ba9",thread-groups=["i1"],times="465",script={"silent","if *(unsigned char *)0x0061 != 0","printf \"SAMPLE %u FRAME %u\\n\", $samples, *(unsigned char *)0x0000","x/32bx 0xa470","set $samples = $samples + 1","end","if $samples >= 1024","disable 5","else","continue","end"},original-location="*0x0ba9"}
*stopped
~"SAMPLE 464 FRAME 192\n"
~"0xa470:\t0x01\t0x58\t0x04\t0x00\t0x12\t0x0c\t0x01\t0x02\n"
~"0xa478:\t0x01\t0x75\t0xd4\t0x00\t0x06\t0x12\t0x01\t0x03\n"
~"0xa480:\t0x01\t0x43\t0xc4\t0x00\t0x02\t0x08\t0x01\t0x00\n"
~"0xa488:\t0x01\t0x2f\t0xc4\t0x00\t0x02\t0x04\t0x01\t0x02\n"
*running,thread-id="all"
=breakpoint-modified,bkpt={number="5",type="breakpoint",disp="keep",enabled="y",addr="0x00000ba9",thread-groups=["i1"],times="466",script={"silent","if *(unsigned char *)0x0061 != 0","printf \"SAMPLE %u FRAME %u\\n\", $samples, *(unsigned char *)0x0000","x/32bx 0xa470","set $samples = $samples + 1","end","if $samples >= 1024","disable 5","else","continue","end"},original-location="*0x0ba9"}
*stopped
~"SAMPLE 465 FRAME 196\n"
~"0xa470:\t0x01\t0x59\t0x44\t0x01\t0x12\t0x0c\t0x01\t0x02\n"
~"0xa478:\t0x01\t0x75\t0xd3\t0x01\t0x06\t0x12\t0x01\t0x03\n"
~"0xa480:\t0x01\t0x42\t0x84\t0x01\t0x02\t0x08\t0x01\t0x00\n"
~"0xa488:\t0x01\t0x31\t0x04\t0x01\t0x02\t0x04\t0x01\t0x02\n"
*running,thread-id="all"
=breakpoint-modified,bkpt={number="5",type="breakpoint",disp="keep",enabled="y",addr="0x00000ba9",thread-groups=["i1"],times="467",script={"silent","if *(unsigned char *)0x0061 != 0","printf \"SAMPLE %u FRAME %u\\n\", $samples, *(unsigned char *)0x0000","x/32bx 0xa470","set $samples = $samples + 1","end","if $samples >= 1024","disable 5","else","continue","end"},original-location="*0x0ba9"}
*stopped
~"SAMPLE 466 FRAME 200\n"
~"0xa470:\t0x01\t0x5a\t0x84\t0x02\t0x12\t0x0c\t0x01\t0x02\n"
~"0xa478:\t0x01\t0x75\t0xd2\t0x02\t0x06\t0x12\t0x01\t0x03\n"
~"0xa480:\t0x01\t0x41\t0x44\t0x02\t0x02\t0x08\t0x01\t0x00\n"
~"0xa488:\t0x01\t0x32\t0x44\t0x02\t0x02\t0x04\t0x01\t0x02\n"
*running,thread-id="all"
=breakpoint-modified,bkpt={number="5",type="breakpoint",disp="keep",enabled="y",addr="0x00000ba9",thread-groups=["i1"],times="468",script={"silent","if *(unsigned char *)0x0061 != 0","printf \"SAMPLE %u FRAME %u\\n\", $samples, *(unsigned char *)0x0000","x/32bx 0xa470","set $samples = $samples + 1","end","if $samples >= 1024","disable 5","else","continue","end"},original-location="*0x0ba9"}
*stopped
~"SAMPLE 467 FRAME 204\n"
~"0xa470:\t0x01\t0x5b\t0xc4\t0x03\t0x12\t0x0c\t0x01\t0x02\n"
~"0xa478:\t0x01\t0x75\t0xd1\t0x03\t0x06\t0x12\t0x01\t0x03\n"
~"0xa480:\t0x01\t0x40\t0x04\t0x03\t0x02\t0x08\t0x01\t0x00\n"
~"0xa488:\t0x01\t0x33\t0x84\t0x03\t0x02\t0x04\t0x01\t0x02\n"
*running,thread-id="all"
=breakpoint-modified,bkpt={number="5",type="breakpoint",disp="keep",enabled="y",addr="0x00000ba9",thread-groups=["i1"],times="469",script={"silent","if *(unsigned char *)0x0061 != 0","printf \"SAMPLE %u FRAME %u\\n\", $samples, *(unsigned char *)0x0000","x/32bx 0xa470","set $samples = $samples + 1","end","if $samples >= 1024","disable 5","else","continue","end"},original-location="*0x0ba9"}
*stopped
~"SAMPLE 468 FRAME 208\n"
~"0xa470:\t0x01\t0x5d\t0x04\t0x00\t0x12\t0x0d\t0x01\t0x02\n"
~"0xa478:\t0x01\t0x75\t0xd0\t0x00\t0x05\t0x12\t0x01\t0x03\n"
~"0xa480:\t0x01\t0x3e\t0xc4\t0x00\t0x02\t0x07\t0x01\t0x00\n"
~"0xa488:\t0x01\t0x34\t0xc4\t0x00\t0x02\t0x05\t0x01\t0x02\n"
*running,thread-id="all"
=breakpoint-modified,bkpt={number="5",type="breakpoint",disp="keep",enabled="y",addr="0x00000ba9",thread-groups=["i1"],times="470",script={"silent","if *(unsigned char *)0x0061 != 0","printf \"SAMPLE %u FRAME %u\\n\", $samples, *(unsigned char *)0x0000","x/32bx 0xa470","set $samples = $samples + 1","end","if $samples >= 1024","disable 5","else","continue","end"},original-location="*0x0ba9"}
*stopped
~"SAMPLE 469 FRAME 212\n"
~"0xa470:\t0x01\t0x5e\t0x44\t0x01\t0x12\t0x0d\t0x01\t0x02\n"
~"0xa478:\t0x01\t0x75\t0xcf\t0x01\t0x05\t0x12\t0x01\t0x03\n"
~"0xa480:\t0x01\t0x3d\t0x84\t0x01\t0x02\t0x07\t0x01\t0x00\n"
~"0xa488:\t0x01\t0x36\t0x04\t0x01\t0x02\t0x05\t0x01\t0x02\n"
*running,thread-id="all"
=breakpoint-modified,bkpt={number="5",type="breakpoint",disp="keep",enabled="y",addr="0x00000ba9",thread-groups=["i1"],times="471",script={"silent","if *(unsigned char *)0x0061 != 0","printf \"SAMPLE %u FRAME %u\\n\", $samples, *(unsigned char *)0x0000","x/32bx 0xa470","set $samples = $samples + 1","end","if $samples >= 1024","disable 5","else","continue","end"},original-location="*0x0ba9"}
*stopped
~"SAMPLE 470 FRAME 216\n"
~"0xa470:\t0x01\t0x5f\t0x84\t0x02\t0x12\t0x0d\t0x01\t0x02\n"
~"0xa478:\t0x01\t0x75\t0xce\t0x02\t0x05\t0x12\t0x01\t0x03\n"
~"0xa480:\t0x01\t0x3c\t0x44\t0x02\t0x02\t0x07\t0x01\t0x00\n"
~"0xa488:\t0x01\t0x37\t0x44\t0x02\t0x02\t0x05\t0x01\t0x02\n"
*running,thread-id="all"
=breakpoint-modified,bkpt={number="5",type="breakpoint",disp="keep",enabled="y",addr="0x00000ba9",thread-groups=["i1"],times="472",script={"silent","if *(unsigned char *)0x0061 != 0","printf \"SAMPLE %u FRAME %u\\n\", $samples, *(unsigned char *)0x0000","x/32bx 0xa470","set $samples = $samples + 1","end","if $samples >= 1024","disable 5","else","continue","end"},original-location="*0x0ba9"}
*stopped
~"SAMPLE 471 FRAME 220\n"
~"0xa470:\t0x01\t0x60\t0xc4\t0x03\t0x12\t0x0d\t0x01\t0x02\n"
~"0xa478:\t0x01\t0x75\t0xcd\t0x03\t0x05\t0x12\t0x01\t0x03\n"
~"0xa480:\t0x01\t0x3b\t0x04\t0x03\t0x02\t0x07\t0x01\t0x00\n"
~"0xa488:\t0x01\t0x38\t0x84\t0x03\t0x02\t0x05\t0x01\t0x02\n"
*running,thread-id="all"
=breakpoint-modified,bkpt={number="5",type="breakpoint",disp="keep",enabled="y",addr="0x00000ba9",thread-groups=["i1"],times="473",script={"silent","if *(unsigned char *)0x0061 != 0","printf \"SAMPLE %u FRAME %u\\n\", $samples, *(unsigned char *)0x0000","x/32bx 0xa470","set $samples = $samples + 1","end","if $samples >= 1024","disable 5","else","continue","end"},original-location="*0x0ba9"}
*stopped
~"SAMPLE 472 FRAME 226\n"
~"0xa470:\t0x01\t0x62\t0x04\t0x00\t0x12\t0x0e\t0x01\t0x02\n"
~"0xa478:\t0x01\t0x75\t0xcc\t0x00\t0x04\t0x12\t0x01\t0x03\n"
~"0xa480:\t0x01\t0x39\t0xc4\t0x00\t0x02\t0x06\t0x01\t0x00\n"
~"0xa488:\t0x01\t0x39\t0xc4\t0x00\t0x02\t0x06\t0x01\t0x02\n"
*running,thread-id="all"
=breakpoint-modified,bkpt={number="5",type="breakpoint",disp="keep",enabled="y",addr="0x00000ba9",thread-groups=["i1"],times="474",script={"silent","if *(unsigned char *)0x0061 != 0","printf \"SAMPLE %u FRAME %u\\n\", $samples, *(unsigned char *)0x0000","x/32bx 0xa470","set $samples = $samples + 1","end","if $samples >= 1024","disable 5","else","continue","end"},original-location="*0x0ba9"}
*stopped
~"SAMPLE 473 FRAME 230\n"
~"0xa470:\t0x01\t0x63\t0x44\t0x01\t0x12\t0x0e\t0x01\t0x02\n"
~"0xa478:\t0x01\t0x75\t0xcb\t0x01\t0x04\t0x12\t0x01\t0x03\n"
~"0xa480:\t0x01\t0x38\t0x84\t0x01\t0x02\t0x06\t0x01\t0x00\n"
~"0xa488:\t0x01\t0x3b\t0x04\t0x01\t0x02\t0x06\t0x01\t0x02\n"
*running,thread-id="all"
=breakpoint-modified,bkpt={number="5",type="breakpoint",disp="keep",enabled="y",addr="0x00000ba9",thread-groups=["i1"],times="475",script={"silent","if *(unsigned char *)0x0061 != 0","printf \"SAMPLE %u FRAME %u\\n\", $samples, *(unsigned char *)0x0000","x/32bx 0xa470","set $samples = $samples + 1","end","if $samples >= 1024","disable 5","else","continue","end"},original-location="*0x0ba9"}
*stopped
~"SAMPLE 474 FRAME 234\n"
~"0xa470:\t0x01\t0x64\t0x84\t0x02\t0x12\t0x0e\t0x01\t0x02\n"
~"0xa478:\t0x01\t0x75\t0xca\t0x02\t0x04\t0x12\t0x01\t0x03\n"
~"0xa480:\t0x01\t0x37\t0x44\t0x02\t0x02\t0x06\t0x01\t0x00\n"
~"0xa488:\t0x01\t0x3c\t0x44\t0x02\t0x02\t0x06\t0x01\t0x02\n"
*running,thread-id="all"
=breakpoint-modified,bkpt={number="5",type="breakpoint",disp="keep",enabled="y",addr="0x00000ba9",thread-groups=["i1"],times="476",script={"silent","if *(unsigned char *)0x0061 != 0","printf \"SAMPLE %u FRAME %u\\n\", $samples, *(unsigned char *)0x0000","x/32bx 0xa470","set $samples = $samples + 1","end","if $samples >= 1024","disable 5","else","continue","end"},original-location="*0x0ba9"}
*stopped
~"SAMPLE 475 FRAME 238\n"
~"0xa470:\t0x01\t0x65\t0xc4\t0x03\t0x12\t0x0e\t0x01\t0x02\n"
~"0xa478:\t0x01\t0x75\t0xc9\t0x03\t0x04\t0x12\t0x01\t0x03\n"
~"0xa480:\t0x01\t0x36\t0x04\t0x03\t0x02\t0x06\t0x01\t0x00\n"
~"0xa488:\t0x01\t0x3d\t0x84\t0x03\t0x02\t0x06\t0x01\t0x02\n"
*running,thread-id="all"
=breakpoint-modified,bkpt={number="5",type="breakpoint",disp="keep",enabled="y",addr="0x00000ba9",thread-groups=["i1"],times="477",script={"silent","if *(unsigned char *)0x0061 != 0","printf \"SAMPLE %u FRAME %u\\n\", $samples, *(unsigned char *)0x0000","x/32bx 0xa470","set $samples = $samples + 1","end","if $samples >= 1024","disable 5","else","continue","end"},original-location="*0x0ba9"}
*stopped
~"SAMPLE 476 FRAME 242\n"
~"0xa470:\t0x01\t0x67\t0x04\t0x00\t0x12\t0x0f\t0x01\t0x02\n"
~"0xa478:\t0x01\t0x75\t0xc8\t0x00\t0x03\t0x12\t0x01\t0x03\n"
~"0xa480:\t0x01\t0x34\t0xc4\t0x00\t0x02\t0x05\t0x01\t0x00\n"
~"0xa488:\t0x01\t0x3e\t0xc4\t0x00\t0x02\t0x07\t0x01\t0x02\n"
*running,thread-id="all"
=breakpoint-modified,bkpt={number="5",type="breakpoint",disp="keep",enabled="y",addr="0x00000ba9",thread-groups=["i1"],times="478",script={"silent","if *(unsigned char *)0x0061 != 0","printf \"SAMPLE %u FRAME %u\\n\", $samples, *(unsigned char *)0x0000","x/32bx 0xa470","set $samples = $samples + 1","end","if $samples >= 1024","disable 5","else","continue","end"},original-location="*0x0ba9"}
*stopped
~"SAMPLE 477 FRAME 246\n"
~"0xa470:\t0x01\t0x68\t0x44\t0x01\t0x12\t0x0f\t0x01\t0x02\n"
~"0xa478:\t0x01\t0x75\t0xc7\t0x01\t0x03\t0x12\t0x01\t0x03\n"
~"0xa480:\t0x01\t0x33\t0x84\t0x01\t0x02\t0x05\t0x01\t0x00\n"
~"0xa488:\t0x01\t0x40\t0x04\t0x01\t0x02\t0x07\t0x01\t0x02\n"
*running,thread-id="all"
=breakpoint-modified,bkpt={number="5",type="breakpoint",disp="keep",enabled="y",addr="0x00000ba9",thread-groups=["i1"],times="479",script={"silent","if *(unsigned char *)0x0061 != 0","printf \"SAMPLE %u FRAME %u\\n\", $samples, *(unsigned char *)0x0000","x/32bx 0xa470","set $samples = $samples + 1","end","if $samples >= 1024","disable 5","else","continue","end"},original-location="*0x0ba9"}
*stopped
~"SAMPLE 478 FRAME 250\n"
~"0xa470:\t0x01\t0x69\t0x84\t0x02\t0x12\t0x0f\t0x01\t0x02\n"
~"0xa478:\t0x01\t0x75\t0xc6\t0x02\t0x03\t0x12\t0x01\t0x03\n"
~"0xa480:\t0x01\t0x32\t0x44\t0x02\t0x02\t0x05\t0x01\t0x00\n"
~"0xa488:\t0x01\t0x41\t0x44\t0x02\t0x02\t0x07\t0x01\t0x02\n"
*running,thread-id="all"
=breakpoint-modified,bkpt={number="5",type="breakpoint",disp="keep",enabled="y",addr="0x00000ba9",thread-groups=["i1"],times="480",script={"silent","if *(unsigned char *)0x0061 != 0","printf \"SAMPLE %u FRAME %u\\n\", $samples, *(unsigned char *)0x0000","x/32bx 0xa470","set $samples = $samples + 1","end","if $samples >= 1024","disable 5","else","continue","end"},original-location="*0x0ba9"}
*stopped
~"SAMPLE 479 FRAME 254\n"
~"0xa470:\t0x01\t0x6a\t0xc4\t0x03\t0x12\t0x0f\t0x01\t0x02\n"
~"0xa478:\t0x01\t0x75\t0xc5\t0x03\t0x03\t0x12\t0x01\t0x03\n"
~"0xa480:\t0x01\t0x31\t0x04\t0x03\t0x02\t0x05\t0x01\t0x00\n"
~"0xa488:\t0x01\t0x42\t0x84\t0x03\t0x02\t0x07\t0x01\t0x02\n"
*running,thread-id="all"
=breakpoint-modified,bkpt={number="5",type="breakpoint",disp="keep",enabled="y",addr="0x00000ba9",thread-groups=["i1"],times="481",script={"silent","if *(unsigned char *)0x0061 != 0","printf \"SAMPLE %u FRAME %u\\n\", $samples, *(unsigned char *)0x0000","x/32bx 0xa470","set $samples = $samples + 1","end","if $samples >= 1024","disable 5","else","continue","end"},original-location="*0x0ba9"}
*stopped
~"SAMPLE 480 FRAME 2\n"
~"0xa470:\t0x01\t0x6c\t0x04\t0x00\t0x12\t0x10\t0x01\t0x02\n"
~"0xa478:\t0x01\t0x75\t0xc4\t0x00\t0x02\t0x12\t0x01\t0x00\n"
~"0xa480:\t0x01\t0x2f\t0xc4\t0x00\t0x02\t0x04\t0x01\t0x00\n"
~"0xa488:\t0x01\t0x43\t0xc4\t0x00\t0x02\t0x08\t0x01\t0x02\n"
*running,thread-id="all"
=breakpoint-modified,bkpt={number="5",type="breakpoint",disp="keep",enabled="y",addr="0x00000ba9",thread-groups=["i1"],times="482",script={"silent","if *(unsigned char *)0x0061 != 0","printf \"SAMPLE %u FRAME %u\\n\", $samples, *(unsigned char *)0x0000","x/32bx 0xa470","set $samples = $samples + 1","end","if $samples >= 1024","disable 5","else","continue","end"},original-location="*0x0ba9"}
*stopped
~"SAMPLE 481 FRAME 6\n"
~"0xa470:\t0x01\t0x6d\t0x44\t0x01\t0x12\t0x10\t0x01\t0x02\n"
~"0xa478:\t0x01\t0x74\t0x84\t0x01\t0x02\t0x12\t0x01\t0x00\n"
~"0xa480:\t0x01\t0x2e\t0x84\t0x01\t0x02\t0x04\t0x01\t0x00\n"
~"0xa488:\t0x01\t0x45\t0x04\t0x01\t0x02\t0x08\t0x01\t0x02\n"
*running,thread-id="all"
=breakpoint-modified,bkpt={number="5",type="breakpoint",disp="keep",enabled="y",addr="0x00000ba9",thread-groups=["i1"],times="483",script={"silent","if *(unsigned char *)0x0061 != 0","printf \"SAMPLE %u FRAME %u\\n\", $samples, *(unsigned char *)0x0000","x/32bx 0xa470","set $samples = $samples + 1","end","if $samples >= 1024","disable 5","else","continue","end"},original-location="*0x0ba9"}
*stopped
~"SAMPLE 482 FRAME 10\n"
~"0xa470:\t0x01\t0x6e\t0x84\t0x02\t0x12\t0x10\t0x01\t0x02\n"
~"0xa478:\t0x01\t0x73\t0x44\t0x02\t0x02\t0x12\t0x01\t0x00\n"
~"0xa480:\t0x01\t0x2d\t0x44\t0x02\t0x02\t0x04\t0x01\t0x00\n"
~"0xa488:\t0x01\t0x46\t0x44\t0x02\t0x02\t0x08\t0x01\t0x02\n"
*running,thread-id="all"
=breakpoint-modified,bkpt={number="5",type="breakpoint",disp="keep",enabled="y",addr="0x00000ba9",thread-groups=["i1"],times="484",script={"silent","if *(unsigned char *)0x0061 != 0","printf \"SAMPLE %u FRAME %u\\n\", $samples, *(unsigned char *)0x0000","x/32bx 0xa470","set $samples = $samples + 1","end","if $samples >= 1024","disable 5","else","continue","end"},original-location="*0x0ba9"}
*stopped
~"SAMPLE 483 FRAME 14\n"
~"0xa470:\t0x01\t0x6f\t0xc4\t0x03\t0x12\t0x10\t0x01\t0x02\n"
~"0xa478:\t0x01\t0x72\t0x04\t0x03\t0x02\t0x12\t0x01\t0x00\n"
~"0xa480:\t0x01\t0x2c\t0x04\t0x03\t0x02\t0x04\t0x01\t0x00\n"
~"0xa488:\t0x01\t0x47\t0x84\t0x03\t0x02\t0x08\t0x01\t0x02\n"
*running,thread-id="all"
=breakpoint-modified,bkpt={number="5",type="breakpoint",disp="keep",enabled="y",addr="0x00000ba9",thread-groups=["i1"],times="485",script={"silent","if *(unsigned char *)0x0061 != 0","printf \"SAMPLE %u FRAME %u\\n\", $samples, *(unsigned char *)0x0000","x/32bx 0xa470","set $samples = $samples + 1","end","if $samples >= 1024","disable 5","else","continue","end"},original-location="*0x0ba9"}
*stopped
~"SAMPLE 484 FRAME 20\n"
~"0xa470:\t0x01\t0x71\t0x04\t0x00\t0x12\t0x11\t0x01\t0x02\n"
~"0xa478:\t0x01\t0x70\t0xc4\t0x00\t0x02\t0x11\t0x01\t0x00\n"
~"0xa480:\t0x01\t0x2a\t0xc4\t0x00\t0x02\t0x03\t0x01\t0x00\n"
~"0xa488:\t0x01\t0x48\t0xc4\t0x00\t0x02\t0x09\t0x01\t0x02\n"
*running,thread-id="all"
=breakpoint-modified,bkpt={number="5",type="breakpoint",disp="keep",enabled="y",addr="0x00000ba9",thread-groups=["i1"],times="486",script={"silent","if *(unsigned char *)0x0061 != 0","printf \"SAMPLE %u FRAME %u\\n\", $samples, *(unsigned char *)0x0000","x/32bx 0xa470","set $samples = $samples + 1","end","if $samples >= 1024","disable 5","else","continue","end"},original-location="*0x0ba9"}
*stopped
~"SAMPLE 485 FRAME 24\n"
~"0xa470:\t0x01\t0x72\t0x44\t0x01\t0x12\t0x11\t0x01\t0x02\n"
~"0xa478:\t0x01\t0x6f\t0x84\t0x01\t0x02\t0x11\t0x01\t0x00\n"
~"0xa480:\t0x01\t0x29\t0x84\t0x01\t0x02\t0x03\t0x01\t0x00\n"
~"0xa488:\t0x01\t0x4a\t0x04\t0x01\t0x02\t0x09\t0x01\t0x02\n"
*running,thread-id="all"
=breakpoint-modified,bkpt={number="5",type="breakpoint",disp="keep",enabled="y",addr="0x00000ba9",thread-groups=["i1"],times="487",script={"silent","if *(unsigned char *)0x0061 != 0","printf \"SAMPLE %u FRAME %u\\n\", $samples, *(unsigned char *)0x0000","x/32bx 0xa470","set $samples = $samples + 1","end","if $samples >= 1024","disable 5","else","continue","end"},original-location="*0x0ba9"}
*stopped
~"SAMPLE 486 FRAME 28\n"
~"0xa470:\t0x01\t0x73\t0x84\t0x02\t0x12\t0x11\t0x01\t0x02\n"
~"0xa478:\t0x01\t0x6e\t0x44\t0x02\t0x02\t0x11\t0x01\t0x00\n"
~"0xa480:\t0x01\t0x28\t0x44\t0x02\t0x02\t0x03\t0x01\t0x00\n"
~"0xa488:\t0x01\t0x4b\t0x44\t0x02\t0x02\t0x09\t0x01\t0x02\n"
*running,thread-id="all"
=breakpoint-modified,bkpt={number="5",type="breakpoint",disp="keep",enabled="y",addr="0x00000ba9",thread-groups=["i1"],times="488",script={"silent","if *(unsigned char *)0x0061 != 0","printf \"SAMPLE %u FRAME %u\\n\", $samples, *(unsigned char *)0x0000","x/32bx 0xa470","set $samples = $samples + 1","end","if $samples >= 1024","disable 5","else","continue","end"},original-location="*0x0ba9"}
*stopped
~"SAMPLE 487 FRAME 32\n"
~"0xa470:\t0x01\t0x74\t0xc4\t0x03\t0x12\t0x11\t0x01\t0x02\n"
~"0xa478:\t0x01\t0x6d\t0x04\t0x03\t0x02\t0x11\t0x01\t0x00\n"
~"0xa480:\t0x01\t0x27\t0x04\t0x03\t0x02\t0x03\t0x01\t0x00\n"
~"0xa488:\t0x01\t0x4c\t0x84\t0x03\t0x02\t0x09\t0x01\t0x02\n"
*running,thread-id="all"
=breakpoint-modified,bkpt={number="5",type="breakpoint",disp="keep",enabled="y",addr="0x00000ba9",thread-groups=["i1"],times="489",script={"silent","if *(unsigned char *)0x0061 != 0","printf \"SAMPLE %u FRAME %u\\n\", $samples, *(unsigned char *)0x0000","x/32bx 0xa470","set $samples = $samples + 1","end","if $samples >= 1024","disable 5","else","continue","end"},original-location="*0x0ba9"}
*stopped
~"SAMPLE 488 FRAME 36\n"
~"0xa470:\t0x01\t0x76\t0x04\t0x00\t0x12\t0x12\t0x01\t0x03\n"
~"0xa478:\t0x01\t0x6b\t0xc4\t0x00\t0x02\t0x10\t0x01\t0x00\n"
~"0xa480:\t0x01\t0x25\t0xc4\t0x00\t0x02\t0x02\t0x01\t0x01\n"
~"0xa488:\t0x01\t0x4d\t0xc4\t0x00\t0x02\t0x0a\t0x01\t0x01\n"
*running,thread-id="all"
=breakpoint-modified,bkpt={number="5",type="breakpoint",disp="keep",enabled="y",addr="0x00000ba9",thread-groups=["i1"],times="490",script={"silent","if *(unsigned char *)0x0061 != 0","printf \"SAMPLE %u FRAME %u\\n\", $samples, *(unsigned char *)0x0000","x/32bx 0xa470","set $samples = $samples + 1","end","if $samples >= 1024","disable 5","else","continue","end"},original-location="*0x0ba9"}
*stopped
~"SAMPLE 489 FRAME 40\n"
~"0xa470:\t0x01\t0x76\t0x03\t0x01\t0x12\t0x12\t0x01\t0x03\n"
~"0xa478:\t0x01\t0x6a\t0x84\t0x01\t0x02\t0x10\t0x01\t0x00\n"
~"0xa480:\t0x01\t0x25\t0xc5\t0x01\t0x02\t0x02\t0x01\t0x01\n"
~"0xa488:\t0x01\t0x4d\t0xc5\t0x01\t0x02\t0x0a\t0x01\t0x01\n"
*running,thread-id="all"
=breakpoint-modified,bkpt={number="5",type="breakpoint",disp="keep",enabled="y",addr="0x00000ba9",thread-groups=["i1"],times="491",script={"silent","if *(unsigned char *)0x0061 != 0","printf \"SAMPLE %u FRAME %u\\n\", $samples, *(unsigned char *)0x0000","x/32bx 0xa470","set $samples = $samples + 1","end","if $samples >= 1024","disable 5","else","continue","end"},original-location="*0x0ba9"}
*stopped
~"SAMPLE 490 FRAME 44\n"
~"0xa470:\t0x01\t0x76\t0x02\t0x02\t0x12\t0x12\t0x01\t0x03\n"
~"0xa478:\t0x01\t0x69\t0x44\t0x02\t0x02\t0x10\t0x01\t0x00\n"
~"0xa480:\t0x01\t0x25\t0xc6\t0x02\t0x02\t0x02\t0x01\t0x01\n"
~"0xa488:\t0x01\t0x4d\t0xc6\t0x02\t0x02\t0x0a\t0x01\t0x01\n"
*running,thread-id="all"
=breakpoint-modified,bkpt={number="5",type="breakpoint",disp="keep",enabled="y",addr="0x00000ba9",thread-groups=["i1"],times="492",script={"silent","if *(unsigned char *)0x0061 != 0","printf \"SAMPLE %u FRAME %u\\n\", $samples, *(unsigned char *)0x0000","x/32bx 0xa470","set $samples = $samples + 1","end","if $samples >= 1024","disable 5","else","continue","end"},original-location="*0x0ba9"}
*stopped
~"SAMPLE 491 FRAME 48\n"
~"0xa470:\t0x01\t0x76\t0x01\t0x03\t0x12\t0x12\t0x01\t0x03\n"
~"0xa478:\t0x01\t0x68\t0x04\t0x03\t0x02\t0x10\t0x01\t0x00\n"
~"0xa480:\t0x01\t0x25\t0xc7\t0x03\t0x02\t0x02\t0x01\t0x01\n"
~"0xa488:\t0x01\t0x4d\t0xc7\t0x03\t0x02\t0x0a\t0x01\t0x01\n"
*running,thread-id="all"
=breakpoint-modified,bkpt={number="5",type="breakpoint",disp="keep",enabled="y",addr="0x00000ba9",thread-groups=["i1"],times="493",script={"silent","if *(unsigned char *)0x0061 != 0","printf \"SAMPLE %u FRAME %u\\n\", $samples, *(unsigned char *)0x0000","x/32bx 0xa470","set $samples = $samples + 1","end","if $samples >= 1024","disable 5","else","continue","end"},original-location="*0x0ba9"}
*stopped
~"SAMPLE 492 FRAME 52\n"
~"0xa470:\t0x01\t0x76\t0x00\t0x00\t0x11\t0x12\t0x01\t0x03\n"
~"0xa478:\t0x01\t0x66\t0xc4\t0x00\t0x02\t0x0f\t0x01\t0x00\n"
~"0xa480:\t0x01\t0x25\t0xc8\t0x00\t0x03\t0x02\t0x01\t0x01\n"
~"0xa488:\t0x01\t0x4d\t0xc8\t0x00\t0x03\t0x0a\t0x01\t0x01\n"
*running,thread-id="all"
=breakpoint-modified,bkpt={number="5",type="breakpoint",disp="keep",enabled="y",addr="0x00000ba9",thread-groups=["i1"],times="494",script={"silent","if *(unsigned char *)0x0061 != 0","printf \"SAMPLE %u FRAME %u\\n\", $samples, *(unsigned char *)0x0000","x/32bx 0xa470","set $samples = $samples + 1","end","if $samples >= 1024","disable 5","else","continue","end"},original-location="*0x0ba9"}
*stopped
~"SAMPLE 493 FRAME 56\n"
~"0xa470:\t0x01\t0x75\t0xff\t0x01\t0x11\t0x12\t0x01\t0x03\n"
~"0xa478:\t0x01\t0x65\t0x84\t0x01\t0x02\t0x0f\t0x01\t0x00\n"
~"0xa480:\t0x01\t0x25\t0xc9\t0x01\t0x03\t0x02\t0x01\t0x01\n"
~"0xa488:\t0x01\t0x4d\t0xc9\t0x01\t0x03\t0x0a\t0x01\t0x01\n"
*running,thread-id="all"
=breakpoint-modified,bkpt={number="5",type="breakpoint",disp="keep",enabled="y",addr="0x00000ba9",thread-groups=["i1"],times="495",script={"silent","if *(unsigned char *)0x0061 != 0","printf \"SAMPLE %u FRAME %u\\n\", $samples, *(unsigned char *)0x0000","x/32bx 0xa470","set $samples = $samples + 1","end","if $samples >= 1024","disable 5","else","continue","end"},original-location="*0x0ba9"}
*stopped
~"SAMPLE 494 FRAME 60\n"
~"0xa470:\t0x01\t0x75\t0xfe\t0x02\t0x11\t0x12\t0x01\t0x03\n"
~"0xa478:\t0x01\t0x64\t0x44\t0x02\t0x02\t0x0f\t0x01\t0x00\n"
~"0xa480:\t0x01\t0x25\t0xca\t0x02\t0x03\t0x02\t0x01\t0x01\n"
~"0xa488:\t0x01\t0x4d\t0xca\t0x02\t0x03\t0x0a\t0x01\t0x01\n"
*running,thread-id="all"
=breakpoint-modified,bkpt={number="5",type="breakpoint",disp="keep",enabled="y",addr="0x00000ba9",thread-groups=["i1"],times="496",script={"silent","if *(unsigned char *)0x0061 != 0","printf \"SAMPLE %u FRAME %u\\n\", $samples, *(unsigned char *)0x0000","x/32bx 0xa470","set $samples = $samples + 1","end","if $samples >= 1024","disable 5","else","continue","end"},original-location="*0x0ba9"}
*stopped
~"SAMPLE 495 FRAME 64\n"
~"0xa470:\t0x01\t0x75\t0xfd\t0x03\t0x11\t0x12\t0x01\t0x03\n"
~"0xa478:\t0x01\t0x63\t0x04\t0x03\t0x02\t0x0f\t0x01\t0x00\n"
~"0xa480:\t0x01\t0x25\t0xcb\t0x03\t0x03\t0x02\t0x01\t0x01\n"
~"0xa488:\t0x01\t0x4d\t0xcb\t0x03\t0x03\t0x0a\t0x01\t0x01\n"
*running,thread-id="all"
=breakpoint-modified,bkpt={number="5",type="breakpoint",disp="keep",enabled="y",addr="0x00000ba9",thread-groups=["i1"],times="497",script={"silent","if *(unsigned char *)0x0061 != 0","printf \"SAMPLE %u FRAME %u\\n\", $samples, *(unsigned char *)0x0000","x/32bx 0xa470","set $samples = $samples + 1","end","if $samples >= 1024","disable 5","else","continue","end"},original-location="*0x0ba9"}
*stopped
~"SAMPLE 496 FRAME 70\n"
~"0xa470:\t0x01\t0x75\t0xfc\t0x00\t0x10\t0x12\t0x01\t0x00\n"
~"0xa478:\t0x01\t0x61\t0xc4\t0x00\t0x02\t0x0e\t0x01\t0x00\n"
~"0xa480:\t0x01\t0x25\t0xcc\t0x00\t0x04\t0x02\t0x01\t0x01\n"
~"0xa488:\t0x01\t0x4d\t0xcc\t0x00\t0x04\t0x0a\t0x01\t0x01\n"
*running,thread-id="all"
=breakpoint-modified,bkpt={number="5",type="breakpoint",disp="keep",enabled="y",addr="0x00000ba9",thread-groups=["i1"],times="498",script={"silent","if *(unsigned char *)0x0061 != 0","printf \"SAMPLE %u FRAME %u\\n\", $samples, *(unsigned char *)0x0000","x/32bx 0xa470","set $samples = $samples + 1","end","if $samples >= 1024","disable 5","else","continue","end"},original-location="*0x0ba9"}
*stopped
~"SAMPLE 497 FRAME 74\n"
~"0xa470:\t0x01\t0x74\t0xbc\t0x01\t0x10\t0x12\t0x01\t0x00\n"
~"0xa478:\t0x01\t0x60\t0x84\t0x01\t0x02\t0x0e\t0x01\t0x00\n"
~"0xa480:\t0x01\t0x25\t0xcd\t0x01\t0x04\t0x02\t0x01\t0x01\n"
~"0xa488:\t0x01\t0x4d\t0xcd\t0x01\t0x04\t0x0a\t0x01\t0x01\n"
*running,thread-id="all"
=breakpoint-modified,bkpt={number="5",type="breakpoint",disp="keep",enabled="y",addr="0x00000ba9",thread-groups=["i1"],times="499",script={"silent","if *(unsigned char *)0x0061 != 0","printf \"SAMPLE %u FRAME %u\\n\", $samples, *(unsigned char *)0x0000","x/32bx 0xa470","set $samples = $samples + 1","end","if $samples >= 1024","disable 5","else","continue","end"},original-location="*0x0ba9"}
*stopped
~"SAMPLE 498 FRAME 78\n"
~"0xa470:\t0x01\t0x73\t0x7c\t0x02\t0x10\t0x12\t0x01\t0x00\n"
~"0xa478:\t0x01\t0x5f\t0x44\t0x02\t0x02\t0x0e\t0x01\t0x00\n"
~"0xa480:\t0x01\t0x25\t0xce\t0x02\t0x04\t0x02\t0x01\t0x01\n"
~"0xa488:\t0x01\t0x4d\t0xce\t0x02\t0x04\t0x0a\t0x01\t0x01\n"
*running,thread-id="all"
=breakpoint-modified,bkpt={number="5",type="breakpoint",disp="keep",enabled="y",addr="0x00000ba9",thread-groups=["i1"],times="500",script={"silent","if *(unsigned char *)0x0061 != 0","printf \"SAMPLE %u FRAME %u\\n\", $samples, *(unsigned char *)0x0000","x/32bx 0xa470","set $samples = $samples + 1","end","if $samples >= 1024","disable 5","else","continue","end"},original-location="*0x0ba9"}
*stopped
~"SAMPLE 499 FRAME 82\n"
~"0xa470:\t0x01\t0x72\t0x3c\t0x03\t0x10\t0x12\t0x01\t0x00\n"
~"0xa478:\t0x01\t0x5e\t0x04\t0x03\t0x02\t0x0e\t0x01\t0x00\n"
~"0xa480:\t0x01\t0x25\t0xcf\t0x03\t0x04\t0x02\t0x01\t0x01\n"
~"0xa488:\t0x01\t0x4d\t0xcf\t0x03\t0x04\t0x0a\t0x01\t0x01\n"
*running,thread-id="all"
=breakpoint-modified,bkpt={number="5",type="breakpoint",disp="keep",enabled="y",addr="0x00000ba9",thread-groups=["i1"],times="501",script={"silent","if *(unsigned char *)0x0061 != 0","printf \"SAMPLE %u FRAME %u\\n\", $samples, *(unsigned char *)0x0000","x/32bx 0xa470","set $samples = $samples + 1","end","if $samples >= 1024","disable 5","else","continue","end"},original-location="*0x0ba9"}
*stopped
~"SAMPLE 500 FRAME 86\n"
~"0xa470:\t0x01\t0x70\t0xfc\t0x00\t0x10\t0x11\t0x01\t0x00\n"
~"0xa478:\t0x01\t0x5c\t0xc4\t0x00\t0x02\t0x0d\t0x01\t0x00\n"
~"0xa480:\t0x01\t0x25\t0xd0\t0x00\t0x05\t0x02\t0x01\t0x01\n"
~"0xa488:\t0x01\t0x4d\t0xd0\t0x00\t0x05\t0x0a\t0x01\t0x01\n"
*running,thread-id="all"
=breakpoint-modified,bkpt={number="5",type="breakpoint",disp="keep",enabled="y",addr="0x00000ba9",thread-groups=["i1"],times="502",script={"silent","if *(unsigned char *)0x0061 != 0","printf \"SAMPLE %u FRAME %u\\n\", $samples, *(unsigned char *)0x0000","x/32bx 0xa470","set $samples = $samples + 1","end","if $samples >= 1024","disable 5","else","continue","end"},original-location="*0x0ba9"}
*stopped
~"SAMPLE 501 FRAME 90\n"
~"0xa470:\t0x01\t0x6f\t0xbc\t0x01\t0x10\t0x11\t0x01\t0x00\n"
~"0xa478:\t0x01\t0x5b\t0x84\t0x01\t0x02\t0x0d\t0x01\t0x00\n"
~"0xa480:\t0x01\t0x25\t0xd1\t0x01\t0x05\t0x02\t0x01\t0x01\n"
~"0xa488:\t0x01\t0x4d\t0xd1\t0x01\t0x05\t0x0a\t0x01\t0x01\n"
*running,thread-id="all"
=breakpoint-modified,bkpt={number="5",type="breakpoint",disp="keep",enabled="y",addr="0x00000ba9",thread-groups=["i1"],times="503",script={"silent","if *(unsigned char *)0x0061 != 0","printf \"SAMPLE %u FRAME %u\\n\", $samples, *(unsigned char *)0x0000","x/32bx 0xa470","set $samples = $samples + 1","end","if $samples >= 1024","disable 5","else","continue","end"},original-location="*0x0ba9"}
*stopped
~"SAMPLE 502 FRAME 94\n"
~"0xa470:\t0x01\t0x6e\t0x7c\t0x02\t0x10\t0x11\t0x01\t0x00\n"
~"0xa478:\t0x01\t0x5a\t0x44\t0x02\t0x02\t0x0d\t0x01\t0x00\n"
~"0xa480:\t0x01\t0x25\t0xd2\t0x02\t0x05\t0x02\t0x01\t0x01\n"
~"0xa488:\t0x01\t0x4d\t0xd2\t0x02\t0x05\t0x0a\t0x01\t0x01\n"
*running,thread-id="all"
=breakpoint-modified,bkpt={number="5",type="breakpoint",disp="keep",enabled="y",addr="0x00000ba9",thread-groups=["i1"],times="504",script={"silent","if *(unsigned char *)0x0061 != 0","printf \"SAMPLE %u FRAME %u\\n\", $samples, *(unsigned char *)0x0000","x/32bx 0xa470","set $samples = $samples + 1","end","if $samples >= 1024","disable 5","else","continue","end"},original-location="*0x0ba9"}
*stopped
~"SAMPLE 503 FRAME 98\n"
~"0xa470:\t0x01\t0x6d\t0x3c\t0x03\t0x10\t0x11\t0x01\t0x00\n"
~"0xa478:\t0x01\t0x59\t0x04\t0x03\t0x02\t0x0d\t0x01\t0x00\n"
~"0xa480:\t0x01\t0x25\t0xd3\t0x03\t0x05\t0x02\t0x01\t0x01\n"
~"0xa488:\t0x01\t0x4d\t0xd3\t0x03\t0x05\t0x0a\t0x01\t0x01\n"
*running,thread-id="all"
=breakpoint-modified,bkpt={number="5",type="breakpoint",disp="keep",enabled="y",addr="0x00000ba9",thread-groups=["i1"],times="505",script={"silent","if *(unsigned char *)0x0061 != 0","printf \"SAMPLE %u FRAME %u\\n\", $samples, *(unsigned char *)0x0000","x/32bx 0xa470","set $samples = $samples + 1","end","if $samples >= 1024","disable 5","else","continue","end"},original-location="*0x0ba9"}
*stopped
~"SAMPLE 504 FRAME 102\n"
~"0xa470:\t0x01\t0x6b\t0xfc\t0x00\t0x10\t0x10\t0x01\t0x00\n"
~"0xa478:\t0x01\t0x57\t0xc4\t0x00\t0x02\t0x0c\t0x01\t0x01\n"
~"0xa480:\t0x01\t0x25\t0xd4\t0x00\t0x06\t0x02\t0x01\t0x01\n"
~"0xa488:\t0x01\t0x4d\t0xd4\t0x00\t0x06\t0x0a\t0x01\t0x00\n"
*running,thread-id="all"
=breakpoint-modified,bkpt={number="5",type="breakpoint",disp="keep",enabled="y",addr="0x00000ba9",thread-groups=["i1"],times="506",script={"silent","if *(unsigned char *)0x0061 != 0","printf \"SAMPLE %u FRAME %u\\n\", $samples, *(unsigned char *)0x0000","x/32bx 0xa470","set $samples = $samples + 1","end","if $samples >= 1024","disable 5","else","continue","end"},original-location="*0x0ba9"}
*stopped
~"SAMPLE 505 FRAME 106\n"
~"0xa470:\t0x01\t0x6a\t0xbc\t0x01\t0x10\t0x10\t0x01\t0x00\n"
~"0xa478:\t0x01\t0x57\t0xc5\t0x01\t0x02\t0x0c\t0x01\t0x01\n"
~"0xa480:\t0x01\t0x25\t0xd5\t0x01\t0x06\t0x02\t0x01\t0x01\n"
~"0xa488:\t0x01\t0x4c\t0x94\t0x01\t0x06\t0x0a\t0x01\t0x00\n"
*running,thread-id="all"
=breakpoint-modified,bkpt={number="5",type="breakpoint",disp="keep",enabled="y",addr="0x00000ba9",thread-groups=["i1"],times="507",script={"silent","if *(unsigned char *)0x0061 != 0","printf \"SAMPLE %u FRAME %u\\n\", $samples, *(unsigned char *)0x0000","x/32bx 0xa470","set $samples = $samples + 1","end","if $samples >= 1024","disable 5","else","continue","end"},original-location="*0x0ba9"}
*stopped
~"SAMPLE 506 FRAME 110\n"
~"0xa470:\t0x01\t0x69\t0x7c\t0x02\t0x10\t0x10\t0x01\t0x00\n"
~"0xa478:\t0x01\t0x57\t0xc6\t0x02\t0x02\t0x0c\t0x01\t0x01\n"
~"0xa480:\t0x01\t0x25\t0xd6\t0x02\t0x06\t0x02\t0x01\t0x01\n"
~"0xa488:\t0x01\t0x4b\t0x54\t0x02\t0x06\t0x0a\t0x01\t0x00\n"
*running,thread-id="all"
=breakpoint-modified,bkpt={number="5",type="breakpoint",disp="keep",enabled="y",addr="0x00000ba9",thread-groups=["i1"],times="508",script={"silent","if *(unsigned char *)0x0061 != 0","printf \"SAMPLE %u FRAME %u\\n\", $samples, *(unsigned char *)0x0000","x/32bx 0xa470","set $samples = $samples + 1","end","if $samples >= 1024","disable 5","else","continue","end"},original-location="*0x0ba9"}
*stopped
~"SAMPLE 507 FRAME 114\n"
~"0xa470:\t0x01\t0x68\t0x3c\t0x03\t0x10\t0x10\t0x01\t0x00\n"
~"0xa478:\t0x01\t0x57\t0xc7\t0x03\t0x02\t0x0c\t0x01\t0x01\n"
~"0xa480:\t0x01\t0x25\t0xd7\t0x03\t0x06\t0x02\t0x01\t0x01\n"
~"0xa488:\t0x01\t0x4a\t0x14\t0x03\t0x06\t0x0a\t0x01\t0x00\n"
*running,thread-id="all"
=breakpoint-modified,bkpt={number="5",type="breakpoint",disp="keep",enabled="y",addr="0x00000ba9",thread-groups=["i1"],times="509",script={"silent","if *(unsigned char *)0x0061 != 0","printf \"SAMPLE %u FRAME %u\\n\", $samples, *(unsigned char *)0x0000","x/32bx 0xa470","set $samples = $samples + 1","end","if $samples >= 1024","disable 5","else","continue","end"},original-location="*0x0ba9"}
*stopped
~"SAMPLE 508 FRAME 120\n"
~"0xa470:\t0x01\t0x66\t0xfc\t0x00\t0x10\t0x0f\t0x01\t0x00\n"
~"0xa478:\t0x01\t0x57\t0xc8\t0x00\t0x03\t0x0c\t0x01\t0x01\n"
~"0xa480:\t0x01\t0x25\t0xd8\t0x00\t0x07\t0x02\t0x01\t0x01\n"
~"0xa488:\t0x01\t0x48\t0xd4\t0x00\t0x06\t0x09\t0x01\t0x00\n"
*running,thread-id="all"
=breakpoint-modified,bkpt={number="5",type="breakpoint",disp="keep",enabled="y",addr="0x00000ba9",thread-groups=["i1"],times="510",script={"silent","if *(unsigned char *)0x0061 != 0","printf \"SAMPLE %u FRAME %u\\n\", $samples, *(unsigned char *)0x0000","x/32bx 0xa470","set $samples = $samples + 1","end","if $samples >= 1024","disable 5","else","continue","end"},original-location="*0x0ba9"}
*stopped
~"SAMPLE 509 FRAME 124\n"
~"0xa470:\t0x01\t0x65\t0xbc\t0x01\t0x10\t0x0f\t0x01\t0x00\n"
~"0xa478:\t0x01\t0x57\t0xc9\t0x01\t0x03\t0x0c\t0x01\t0x01\n"
~"0xa480:\t0x01\t0x25\t0xd9\t0x01\t0x07\t0x02\t0x01\t0x01\n"
~"0xa488:\t0x01\t0x47\t0x94\t0x01\t0x06\t0x09\t0x01\t0x00\n"
*running,thread-id="all"
=breakpoint-modified,bkpt={number="5",type="breakpoint",disp="keep",enabled="y",addr="0x00000ba9",thread-groups=["i1"],times="511",script={"silent","if *(unsigned char *)0x0061 != 0","printf \"SAMPLE %u FRAME %u\\n\", $samples, *(unsigned char *)0x0000","x/32bx 0xa470","set $samples = $samples + 1","end","if $samples >= 1024","disable 5","else","continue","end"},original-location="*0x0ba9"}
*stopped
~"SAMPLE 510 FRAME 128\n"
~"0xa470:\t0x01\t0x64\t0x7c\t0x02\t0x10\t0x0f\t0x01\t0x00\n"
~"0xa478:\t0x01\t0x57\t0xca\t0x02\t0x03\t0x0c\t0x01\t0x01\n"
~"0xa480:\t0x01\t0x25\t0xda\t0x02\t0x07\t0x02\t0x01\t0x01\n"
~"0xa488:\t0x01\t0x46\t0x54\t0x02\t0x06\t0x09\t0x01\t0x00\n"
*running,thread-id="all"
=breakpoint-modified,bkpt={number="5",type="breakpoint",disp="keep",enabled="y",addr="0x00000ba9",thread-groups=["i1"],times="512",script={"silent","if *(unsigned char *)0x0061 != 0","printf \"SAMPLE %u FRAME %u\\n\", $samples, *(unsigned char *)0x0000","x/32bx 0xa470","set $samples = $samples + 1","end","if $samples >= 1024","disable 5","else","continue","end"},original-location="*0x0ba9"}
*stopped
~"SAMPLE 511 FRAME 132\n"
~"0xa470:\t0x01\t0x63\t0x3c\t0x03\t0x10\t0x0f\t0x01\t0x00\n"
~"0xa478:\t0x01\t0x57\t0xcb\t0x03\t0x03\t0x0c\t0x01\t0x01\n"
~"0xa480:\t0x01\t0x25\t0xdb\t0x03\t0x07\t0x02\t0x01\t0x01\n"
~"0xa488:\t0x01\t0x45\t0x14\t0x03\t0x06\t0x09\t0x01\t0x00\n"
*running,thread-id="all"
=breakpoint-modified,bkpt={number="5",type="breakpoint",disp="keep",enabled="y",addr="0x00000ba9",thread-groups=["i1"],times="513",script={"silent","if *(unsigned char *)0x0061 != 0","printf \"SAMPLE %u FRAME %u\\n\", $samples, *(unsigned char *)0x0000","x/32bx 0xa470","set $samples = $samples + 1","end","if $samples >= 1024","disable 5","else","continue","end"},original-location="*0x0ba9"}
*stopped
~"SAMPLE 512 FRAME 136\n"
~"0xa470:\t0x01\t0x61\t0xfc\t0x00\t0x10\t0x0e\t0x01\t0x00\n"
~"0xa478:\t0x01\t0x57\t0xcc\t0x00\t0x04\t0x0c\t0x01\t0x02\n"
~"0xa480:\t0x01\t0x25\t0xdc\t0x00\t0x08\t0x02\t0x01\t0x01\n"
~"0xa488:\t0x01\t0x43\t0xd4\t0x00\t0x06\t0x08\t0x01\t0x01\n"
*running,thread-id="all"
=breakpoint-modified,bkpt={number="5",type="breakpoint",disp="keep",enabled="y",addr="0x00000ba9",thread-groups=["i1"],times="514",script={"silent","if *(unsigned char *)0x0061 != 0","printf \"SAMPLE %u FRAME %u\\n\", $samples, *(unsigned char *)0x0000","x/32bx 0xa470","set $samples = $samples + 1","end","if $samples >= 1024","disable 5","else","continue","end"},original-location="*0x0ba9"}
*stopped
~"SAMPLE 513 FRAME 140\n"
~"0xa470:\t0x01\t0x60\t0xbc\t0x01\t0x10\t0x0e\t0x01\t0x00\n"
~"0xa478:\t0x01\t0x59\t0x0c\t0x01\t0x04\t0x0c\t0x01\t0x02\n"
~"0xa480:\t0x01\t0x25\t0xdd\t0x01\t0x08\t0x02\t0x01\t0x01\n"
~"0xa488:\t0x01\t0x43\t0xd5\t0x01\t0x06\t0x08\t0x01\t0x01\n"
*running,thread-id="all"
=breakpoint-modified,bkpt={number="5",type="breakpoint",disp="keep",enabled="y",addr="0x00000ba9",thread-groups=["i1"],times="515",script={"silent","if *(unsigned char *)0x0061 != 0","printf \"SAMPLE %u FRAME %u\\n\", $samples, *(unsigned char *)0x0000","x/32bx 0xa470","set $samples = $samples + 1","end","if $samples >= 1024","disable 5","else","continue","end"},original-location="*0x0ba9"}
*stopped
~"SAMPLE 514 FRAME 144\n"
~"0xa470:\t0x01\t0x5f\t0x7c\t0x02\t0x10\t0x0e\t0x01\t0x00\n"
~"0xa478:\t0x01\t0x5a\t0x4c\t0x02\t0x04\t0x0c\t0x01\t0x02\n"
~"0xa480:\t0x01\t0x25\t0xde\t0x02\t0x08\t0x02\t0x01\t0x01\n"
~"0xa488:\t0x01\t0x43\t0xd6\t0x02\t0x06\t0x08\t0x01\t0x01\n"
*running,thread-id="all"
=breakpoint-modified,bkpt={number="5",type="breakpoint",disp="keep",enabled="y",addr="0x00000ba9",thread-groups=["i1"],times="516",script={"silent","if *(unsigned char *)0x0061 != 0","printf \"SAMPLE %u FRAME %u\\n\", $samples, *(unsigned char *)0x0000","x/32bx 0xa470","set $samples = $samples + 1","end","if $samples >= 1024","disable 5","else","continue","end"},original-location="*0x0ba9"}
*stopped
~"SAMPLE 515 FRAME 148\n"
~"0xa470:\t0x01\t0x5e\t0x3c\t0x03\t0x10\t0x0e\t0x01\t0x00\n"
~"0xa478:\t0x01\t0x5b\t0x8c\t0x03\t0x04\t0x0c\t0x01\t0x02\n"
~"0xa480:\t0x01\t0x25\t0xdf\t0x03\t0x08\t0x02\t0x01\t0x01\n"
~"0xa488:\t0x01\t0x43\t0xd7\t0x03\t0x06\t0x08\t0x01\t0x01\n"
*running,thread-id="all"
=breakpoint-modified,bkpt={number="5",type="breakpoint",disp="keep",enabled="y",addr="0x00000ba9",thread-groups=["i1"],times="517",script={"silent","if *(unsigned char *)0x0061 != 0","printf \"SAMPLE %u FRAME %u\\n\", $samples, *(unsigned char *)0x0000","x/32bx 0xa470","set $samples = $samples + 1","end","if $samples >= 1024","disable 5","else","continue","end"},original-location="*0x0ba9"}
*stopped
~"SAMPLE 516 FRAME 152\n"
~"0xa470:\t0x01\t0x5c\t0xfc\t0x00\t0x10\t0x0d\t0x01\t0x00\n"
~"0xa478:\t0x01\t0x5c\t0xcc\t0x00\t0x04\t0x0d\t0x01\t0x02\n"
~"0xa480:\t0x01\t0x25\t0xe0\t0x00\t0x09\t0x02\t0x01\t0x01\n"
~"0xa488:\t0x01\t0x43\t0xd8\t0x00\t0x07\t0x08\t0x01\t0x01\n"
*running,thread-id="all"
=breakpoint-modified,bkpt={number="5",type="breakpoint",disp="keep",enabled="y",addr="0x00000ba9",thread-groups=["i1"],times="518",script={"silent","if *(unsigned char *)0x0061 != 0","printf \"SAMPLE %u FRAME %u\\n\", $samples, *(unsigned char *)0x0000","x/32bx 0xa470","set $samples = $samples + 1","end","if $samples >= 1024","disable 5","else","continue","end"},original-location="*0x0ba9"}
*stopped
~"SAMPLE 517 FRAME 156\n"
~"0xa470:\t0x01\t0x5b\t0xbc\t0x01\t0x10\t0x0d\t0x01\t0x00\n"
~"0xa478:\t0x01\t0x5e\t0x0c\t0x01\t0x04\t0x0d\t0x01\t0x02\n"
~"0xa480:\t0x01\t0x25\t0xe1\t0x01\t0x09\t0x02\t0x01\t0x01\n"
~"0xa488:\t0x01\t0x43\t0xd9\t0x01\t0x07\t0x08\t0x01\t0x01\n"
*running,thread-id="all"
=breakpoint-modified,bkpt={number="5",type="breakpoint",disp="keep",enabled="y",addr="0x00000ba9",thread-groups=["i1"],times="519",script={"silent","if *(unsigned char *)0x0061 != 0","printf \"SAMPLE %u FRAME %u\\n\", $samples, *(unsigned char *)0x0000","x/32bx 0xa470","set $samples = $samples + 1","end","if $samples >= 1024","disable 5","else","continue","end"},original-location="*0x0ba9"}
*stopped
~"SAMPLE 518 FRAME 160\n"
~"0xa470:\t0x01\t0x5a\t0x7c\t0x02\t0x10\t0x0d\t0x01\t0x00\n"
~"0xa478:\t0x01\t0x5f\t0x4c\t0x02\t0x04\t0x0d\t0x01\t0x02\n"
~"0xa480:\t0x01\t0x25\t0xe2\t0x02\t0x09\t0x02\t0x01\t0x01\n"
~"0xa488:\t0x01\t0x43\t0xda\t0x02\t0x07\t0x08\t0x01\t0x01\n"
*running,thread-id="all"
=breakpoint-modified,bkpt={number="5",type="breakpoint",disp="keep",enabled="y",addr="0x00000ba9",thread-groups=["i1"],times="520",script={"silent","if *(unsigned char *)0x0061 != 0","printf \"SAMPLE %u FRAME %u\\n\", $samples, *(unsigned char *)0x0000","x/32bx 0xa470","set $samples = $samples + 1","end","if $samples >= 1024","disable 5","else","continue","end"},original-location="*0x0ba9"}
*stopped
~"SAMPLE 519 FRAME 164\n"
~"0xa470:\t0x01\t0x59\t0x3c\t0x03\t0x10\t0x0d\t0x01\t0x00\n"
~"0xa478:\t0x01\t0x60\t0x8c\t0x03\t0x04\t0x0d\t0x01\t0x02\n"
~"0xa480:\t0x01\t0x25\t0xe3\t0x03\t0x09\t0x02\t0x01\t0x01\n"
~"0xa488:\t0x01\t0x43\t0xdb\t0x03\t0x07\t0x08\t0x01\t0x01\n"
*running,thread-id="all"
=breakpoint-modified,bkpt={number="5",type="breakpoint",disp="keep",enabled="y",addr="0x00000ba9",thread-groups=["i1"],times="521",script={"silent","if *(unsigned char *)0x0061 != 0","printf \"SAMPLE %u FRAME %u\\n\", $samples, *(unsigned char *)0x0000","x/32bx 0xa470","set $samples = $samples + 1","end","if $samples >= 1024","disable 5","else","continue","end"},original-location="*0x0ba9"}
*stopped
~"SAMPLE 520 FRAME 170\n"
~"0xa470:\t0x01\t0x57\t0xfc\t0x00\t0x10\t0x0c\t0x01\t0x00\n"
~"0xa478:\t0x01\t0x61\t0xcc\t0x00\t0x04\t0x0e\t0x01\t0x02\n"
~"0xa480:\t0x01\t0x25\t0xe4\t0x00\t0x0a\t0x02\t0x01\t0x01\n"
~"0xa488:\t0x01\t0x43\t0xdc\t0x00\t0x08\t0x08\t0x01\t0x01\n"
*running,thread-id="all"
=breakpoint-modified,bkpt={number="5",type="breakpoint",disp="keep",enabled="y",addr="0x00000ba9",thread-groups=["i1"],times="522",script={"silent","if *(unsigned char *)0x0061 != 0","printf \"SAMPLE %u FRAME %u\\n\", $samples, *(unsigned char *)0x0000","x/32bx 0xa470","set $samples = $samples + 1","end","if $samples >= 1024","disable 5","else","continue","end"},original-location="*0x0ba9"}
*stopped
~"SAMPLE 521 FRAME 174\n"
~"0xa470:\t0x01\t0x56\t0xbc\t0x01\t0x10\t0x0c\t0x01\t0x00\n"
~"0xa478:\t0x01\t0x63\t0x0c\t0x01\t0x04\t0x0e\t0x01\t0x02\n"
~"0xa480:\t0x01\t0x25\t0xe5\t0x01\t0x0a\t0x02\t0x01\t0x01\n"
~"0xa488:\t0x01\t0x43\t0xdd\t0x01\t0x08\t0x08\t0x01\t0x01\n"
*running,thread-id="all"
=breakpoint-modified,bkpt={number="5",type="breakpoint",disp="keep",enabled="y",addr="0x00000ba9",thread-groups=["i1"],times="523",script={"silent","if *(unsigned char *)0x0061 != 0","printf \"SAMPLE %u FRAME %u\\n\", $samples, *(unsigned char *)0x0000","x/32bx 0xa470","set $samples = $samples + 1","end","if $samples >= 1024","disable 5","else","continue","end"},original-location="*0x0ba9"}
*stopped
~"SAMPLE 522 FRAME 178\n"
~"0xa470:\t0x01\t0x55\t0x7c\t0x02\t0x10\t0x0c\t0x01\t0x00\n"
~"0xa478:\t0x01\t0x64\t0x4c\t0x02\t0x04\t0x0e\t0x01\t0x02\n"
~"0xa480:\t0x01\t0x25\t0xe6\t0x02\t0x0a\t0x02\t0x01\t0x01\n"
~"0xa488:\t0x01\t0x43\t0xde\t0x02\t0x08\t0x08\t0x01\t0x01\n"
*running,thread-id="all"
=breakpoint-modified,bkpt={number="5",type="breakpoint",disp="keep",enabled="y",addr="0x00000ba9",thread-groups=["i1"],times="524",script={"silent","if *(unsigned char *)0x0061 != 0","printf \"SAMPLE %u FRAME %u\\n\", $samples, *(unsigned char *)0x0000","x/32bx 0xa470","set $samples = $samples + 1","end","if $samples >= 1024","disable 5","else","continue","end"},original-location="*0x0ba9"}
*stopped
~"SAMPLE 523 FRAME 182\n"
~"0xa470:\t0x01\t0x54\t0x3c\t0x03\t0x10\t0x0c\t0x01\t0x00\n"
~"0xa478:\t0x01\t0x65\t0x8c\t0x03\t0x04\t0x0e\t0x01\t0x02\n"
~"0xa480:\t0x01\t0x25\t0xe7\t0x03\t0x0a\t0x02\t0x01\t0x01\n"
~"0xa488:\t0x01\t0x43\t0xdf\t0x03\t0x08\t0x08\t0x01\t0x01\n"
*running,thread-id="all"
=breakpoint-modified,bkpt={number="5",type="breakpoint",disp="keep",enabled="y",addr="0x00000ba9",thread-groups=["i1"],times="525",script={"silent","if *(unsigned char *)0x0061 != 0","printf \"SAMPLE %u FRAME %u\\n\", $samples, *(unsigned char *)0x0000","x/32bx 0xa470","set $samples = $samples + 1","end","if $samples >= 1024","disable 5","else","continue","end"},original-location="*0x0ba9"}
*stopped
~"SAMPLE 524 FRAME 186\n"
~"0xa470:\t0x01\t0x52\t0xfc\t0x00\t0x10\t0x0b\t0x01\t0x00\n"
~"0xa478:\t0x01\t0x66\t0xcc\t0x00\t0x04\t0x0f\t0x01\t0x02\n"
~"0xa480:\t0x01\t0x25\t0xe8\t0x00\t0x0b\t0x02\t0x01\t0x01\n"
~"0xa488:\t0x01\t0x43\t0xe0\t0x00\t0x09\t0x08\t0x01\t0x01\n"
*running,thread-id="all"
=breakpoint-modified,bkpt={number="5",type="breakpoint",disp="keep",enabled="y",addr="0x00000ba9",thread-groups=["i1"],times="526",script={"silent","if *(unsigned char *)0x0061 != 0","printf \"SAMPLE %u FRAME %u\\n\", $samples, *(unsigned char *)0x0000","x/32bx 0xa470","set $samples = $samples + 1","end","if $samples >= 1024","disable 5","else","continue","end"},original-location="*0x0ba9"}
*stopped
~"SAMPLE 525 FRAME 190\n"
~"0xa470:\t0x01\t0x51\t0xbc\t0x01\t0x10\t0x0b\t0x01\t0x00\n"
~"0xa478:\t0x01\t0x68\t0x0c\t0x01\t0x04\t0x0f\t0x01\t0x02\n"
~"0xa480:\t0x01\t0x25\t0xe9\t0x01\t0x0b\t0x02\t0x01\t0x01\n"
~"0xa488:\t0x01\t0x43\t0xe1\t0x01\t0x09\t0x08\t0x01\t0x01\n"
*running,thread-id="all"
=breakpoint-modified,bkpt={number="5",type="breakpoint",disp="keep",enabled="y",addr="0x00000ba9",thread-groups=["i1"],times="527",script={"silent","if *(unsigned char *)0x0061 != 0","printf \"SAMPLE %u FRAME %u\\n\", $samples, *(unsigned char *)0x0000","x/32bx 0xa470","set $samples = $samples + 1","end","if $samples >= 1024","disable 5","else","continue","end"},original-location="*0x0ba9"}
*stopped
~"SAMPLE 526 FRAME 194\n"
~"0xa470:\t0x01\t0x50\t0x7c\t0x02\t0x10\t0x0b\t0x01\t0x00\n"
~"0xa478:\t0x01\t0x69\t0x4c\t0x02\t0x04\t0x0f\t0x01\t0x02\n"
~"0xa480:\t0x01\t0x25\t0xea\t0x02\t0x0b\t0x02\t0x01\t0x01\n"
~"0xa488:\t0x01\t0x43\t0xe2\t0x02\t0x09\t0x08\t0x01\t0x01\n"
*running,thread-id="all"
=breakpoint-modified,bkpt={number="5",type="breakpoint",disp="keep",enabled="y",addr="0x00000ba9",thread-groups=["i1"],times="528",script={"silent","if *(unsigned char *)0x0061 != 0","printf \"SAMPLE %u FRAME %u\\n\", $samples, *(unsigned char *)0x0000","x/32bx 0xa470","set $samples = $samples + 1","end","if $samples >= 1024","disable 5","else","continue","end"},original-location="*0x0ba9"}
*stopped
~"SAMPLE 527 FRAME 198\n"
~"0xa470:\t0x01\t0x4f\t0x3c\t0x03\t0x10\t0x0b\t0x01\t0x00\n"
~"0xa478:\t0x01\t0x6a\t0x8c\t0x03\t0x04\t0x0f\t0x01\t0x02\n"
~"0xa480:\t0x01\t0x25\t0xeb\t0x03\t0x0b\t0x02\t0x01\t0x01\n"
~"0xa488:\t0x01\t0x43\t0xe3\t0x03\t0x09\t0x08\t0x01\t0x01\n"
*running,thread-id="all"
=breakpoint-modified,bkpt={number="5",type="breakpoint",disp="keep",enabled="y",addr="0x00000ba9",thread-groups=["i1"],times="529",script={"silent","if *(unsigned char *)0x0061 != 0","printf \"SAMPLE %u FRAME %u\\n\", $samples, *(unsigned char *)0x0000","x/32bx 0xa470","set $samples = $samples + 1","end","if $samples >= 1024","disable 5","else","continue","end"},original-location="*0x0ba9"}
*stopped
~"SAMPLE 528 FRAME 202\n"
~"0xa470:\t0x01\t0x4d\t0xfc\t0x00\t0x10\t0x0a\t0x01\t0x03\n"
~"0xa478:\t0x01\t0x6b\t0xcc\t0x00\t0x04\t0x10\t0x01\t0x00\n"
~"0xa480:\t0x01\t0x25\t0xec\t0x00\t0x0c\t0x02\t0x01\t0x01\n"
~"0xa488:\t0x01\t0x43\t0xe4\t0x00\t0x0a\t0x08\t0x01\t0x03\n"
*running,thread-id="all"
=breakpoint-modified,bkpt={number="5",type="breakpoint",disp="keep",enabled="y",addr="0x00000ba9",thread-groups=["i1"],times="530",script={"silent","if *(unsigned char *)0x0061 != 0","printf \"SAMPLE %u FRAME %u\\n\", $samples, *(unsigned char *)0x0000","x/32bx 0xa470","set $samples = $samples + 1","end","if $samples >= 1024","disable 5","else","continue","end"},original-location="*0x0ba9"}
*stopped
~"SAMPLE 529 FRAME 206\n"
~"0xa470:\t0x01\t0x4d\t0xfb\t0x01\t0x10\t0x0a\t0x01\t0x03\n"
~"0xa478:\t0x01\t0x6a\t0x8c\t0x01\t0x04\t0x10\t0x01\t0x00\n"
~"0xa480:\t0x01\t0x25\t0xed\t0x01\t0x0c\t0x02\t0x01\t0x01\n"
~"0xa488:\t0x01\t0x43\t0xe3\t0x01\t0x0a\t0x08\t0x01\t0x03\n"
*running,thread-id="all"
=breakpoint-modified,bkpt={number="5",type="breakpoint",disp="keep",enabled="y",addr="0x00000ba9",thread-groups=["i1"],times="531",script={"silent","if *(unsigned char *)0x0061 != 0","printf \"SAMPLE %u FRAME %u\\n\", $samples, *(unsigned char *)0x0000","x/32bx 0xa470","set $samples = $samples + 1","end","if $samples >= 1024","disable 5","else","continue","end"},original-location="*0x0ba9"}
*stopped
~"SAMPLE 530 FRAME 210\n"
~"0xa470:\t0x01\t0x4d\t0xfa\t0x02\t0x10\t0x0a\t0x01\t0x03\n"
~"0xa478:\t0x01\t0x69\t0x4c\t0x02\t0x04\t0x10\t0x01\t0x00\n"
~"0xa480:\t0x01\t0x25\t0xee\t0x02\t0x0c\t0x02\t0x01\t0x01\n"
~"0xa488:\t0x01\t0x43\t0xe2\t0x02\t0x0a\t0x08\t0x01\t0x03\n"
*running,thread-id="all"
=breakpoint-modified,bkpt={number="5",type="breakpoint",disp="keep",enabled="y",addr="0x00000ba9",thread-groups=["i1"],times="532",script={"silent","if *(unsigned char *)0x0061 != 0","printf \"SAMPLE %u FRAME %u\\n\", $samples, *(unsigned char *)0x0000","x/32bx 0xa470","set $samples = $samples + 1","end","if $samples >= 1024","disable 5","else","continue","end"},original-location="*0x0ba9"}
*stopped
~"SAMPLE 531 FRAME 214\n"
~"0xa470:\t0x01\t0x4d\t0xf9\t0x03\t0x10\t0x0a\t0x01\t0x03\n"
~"0xa478:\t0x01\t0x68\t0x0c\t0x03\t0x04\t0x10\t0x01\t0x00\n"
~"0xa480:\t0x01\t0x25\t0xef\t0x03\t0x0c\t0x02\t0x01\t0x01\n"
~"0xa488:\t0x01\t0x43\t0xe1\t0x03\t0x0a\t0x08\t0x01\t0x03\n"
*running,thread-id="all"
=breakpoint-modified,bkpt={number="5",type="breakpoint",disp="keep",enabled="y",addr="0x00000ba9",thread-groups=["i1"],times="533",script={"silent","if *(unsigned char *)0x0061 != 0","printf \"SAMPLE %u FRAME %u\\n\", $samples, *(unsigned char *)0x0000","x/32bx 0xa470","set $samples = $samples + 1","end","if $samples >= 1024","disable 5","else","continue","end"},original-location="*0x0ba9"}
*stopped
~"SAMPLE 532 FRAME 220\n"
~"0xa470:\t0x01\t0x4d\t0xf8\t0x00\t0x0f\t0x0a\t0x01\t0x03\n"
~"0xa478:\t0x01\t0x66\t0xcc\t0x00\t0x04\t0x0f\t0x01\t0x00\n"
~"0xa480:\t0x01\t0x25\t0xf0\t0x00\t0x0d\t0x02\t0x01\t0x01\n"
~"0xa488:\t0x01\t0x43\t0xe0\t0x00\t0x09\t0x08\t0x01\t0x03\n"
*running,thread-id="all"
=breakpoint-modified,bkpt={number="5",type="breakpoint",disp="keep",enabled="y",addr="0x00000ba9",thread-groups=["i1"],times="534",script={"silent","if *(unsigned char *)0x0061 != 0","printf \"SAMPLE %u FRAME %u\\n\", $samples, *(unsigned char *)0x0000","x/32bx 0xa470","set $samples = $samples + 1","end","if $samples >= 1024","disable 5","else","continue","end"},original-location="*0x0ba9"}
*stopped
~"SAMPLE 533 FRAME 224\n"
~"0xa470:\t0x01\t0x4d\t0xf7\t0x01\t0x0f\t0x0a\t0x01\t0x03\n"
~"0xa478:\t0x01\t0x65\t0x8c\t0x01\t0x04\t0x0f\t0x01\t0x00\n"
~"0xa480:\t0x01\t0x25\t0xf1\t0x01\t0x0d\t0x02\t0x01\t0x01\n"
~"0xa488:\t0x01\t0x43\t0xdf\t0x01\t0x09\t0x08\t0x01\t0x03\n"
*running,thread-id="all"
=breakpoint-modified,bkpt={number="5",type="breakpoint",disp="keep",enabled="y",addr="0x00000ba9",thread-groups=["i1"],times="535",script={"silent","if *(unsigned char *)0x0061 != 0","printf \"SAMPLE %u FRAME %u\\n\", $samples, *(unsigned char *)0x0000","x/32bx 0xa470","set $samples = $samples + 1","end","if $samples >= 1024","disable 5","else","continue","end"},original-location="*0x0ba9"}
*stopped
~"SAMPLE 534 FRAME 228\n"
~"0xa470:\t0x01\t0x4d\t0xf6\t0x02\t0x0f\t0x0a\t0x01\t0x03\n"
~"0xa478:\t0x01\t0x64\t0x4c\t0x02\t0x04\t0x0f\t0x01\t0x00\n"
~"0xa480:\t0x01\t0x25\t0xf2\t0x02\t0x0d\t0x02\t0x01\t0x01\n"
~"0xa488:\t0x01\t0x43\t0xde\t0x02\t0x09\t0x08\t0x01\t0x03\n"
*running,thread-id="all"
=breakpoint-modified,bkpt={number="5",type="breakpoint",disp="keep",enabled="y",addr="0x00000ba9",thread-groups=["i1"],times="536",script={"silent","if *(unsigned char *)0x0061 != 0","printf \"SAMPLE %u FRAME %u\\n\", $samples, *(unsigned char *)0x0000","x/32bx 0xa470","set $samples = $samples + 1","end","if $samples >= 1024","disable 5","else","continue","end"},original-location="*0x0ba9"}
*stopped
~"SAMPLE 535 FRAME 232\n"
~"0xa470:\t0x01\t0x4d\t0xf5\t0x03\t0x0f\t0x0a\t0x01\t0x03\n"
~"0xa478:\t0x01\t0x63\t0x0c\t0x03\t0x04\t0x0f\t0x01\t0x00\n"
~"0xa480:\t0x01\t0x25\t0xf3\t0x03\t0x0d\t0x02\t0x01\t0x01\n"
~"0xa488:\t0x01\t0x43\t0xdd\t0x03\t0x09\t0x08\t0x01\t0x03\n"
*running,thread-id="all"
=breakpoint-modified,bkpt={number="5",type="breakpoint",disp="keep",enabled="y",addr="0x00000ba9",thread-groups=["i1"],times="537",script={"silent","if *(unsigned char *)0x0061 != 0","printf \"SAMPLE %u FRAME %u\\n\", $samples, *(unsigned char *)0x0000","x/32bx 0xa470","set $samples = $samples + 1","end","if $samples >= 1024","disable 5","else","continue","end"},original-location="*0x0ba9"}
*stopped
~"SAMPLE 536 FRAME 236\n"
~"0xa470:\t0x01\t0x4d\t0xf4\t0x00\t0x0e\t0x0a\t0x01\t0x03\n"
~"0xa478:\t0x01\t0x61\t0xcc\t0x00\t0x04\t0x0e\t0x01\t0x00\n"
~"0xa480:\t0x01\t0x25\t0xf4\t0x00\t0x0e\t0x02\t0x01\t0x01\n"
~"0xa488:\t0x01\t0x43\t0xdc\t0x00\t0x08\t0x08\t0x01\t0x03\n"
*running,thread-id="all"
=breakpoint-modified,bkpt={number="5",type="breakpoint",disp="keep",enabled="y",addr="0x00000ba9",thread-groups=["i1"],times="538",script={"silent","if *(unsigned char *)0x0061 != 0","printf \"SAMPLE %u FRAME %u\\n\", $samples, *(unsigned char *)0x0000","x/32bx 0xa470","set $samples = $samples + 1","end","if $samples >= 1024","disable 5","else","continue","end"},original-location="*0x0ba9"}
*stopped
~"SAMPLE 537 FRAME 240\n"
~"0xa470:\t0x01\t0x4d\t0xf3\t0x01\t0x0e\t0x0a\t0x01\t0x03\n"
~"0xa478:\t0x01\t0x60\t0x8c\t0x01\t0x04\t0x0e\t0x01\t0x00\n"
~"0xa480:\t0x01\t0x25\t0xf5\t0x01\t0x0e\t0x02\t0x01\t0x01\n"
~"0xa488:\t0x01\t0x43\t0xdb\t0x01\t0x08\t0x08\t0x01\t0x03\n"
*running,thread-id="all"
=breakpoint-modified,bkpt={number="5",type="breakpoint",disp="keep",enabled="y",addr="0x00000ba9",thread-groups=["i1"],times="539",script={"silent","if *(unsigned char *)0x0061 != 0","printf \"SAMPLE %u FRAME %u\\n\", $samples, *(unsigned char *)0x0000","x/32bx 0xa470","set $samples = $samples + 1","end","if $samples >= 1024","disable 5","else","continue","end"},original-location="*0x0ba9"}
*stopped
~"SAMPLE 538 FRAME 244\n"
~"0xa470:\t0x01\t0x4d\t0xf2\t0x02\t0x0e\t0x0a\t0x01\t0x03\n"
~"0xa478:\t0x01\t0x5f\t0x4c\t0x02\t0x04\t0x0e\t0x01\t0x00\n"
~"0xa480:\t0x01\t0x25\t0xf6\t0x02\t0x0e\t0x02\t0x01\t0x01\n"
~"0xa488:\t0x01\t0x43\t0xda\t0x02\t0x08\t0x08\t0x01\t0x03\n"
*running,thread-id="all"
=breakpoint-modified,bkpt={number="5",type="breakpoint",disp="keep",enabled="y",addr="0x00000ba9",thread-groups=["i1"],times="540",script={"silent","if *(unsigned char *)0x0061 != 0","printf \"SAMPLE %u FRAME %u\\n\", $samples, *(unsigned char *)0x0000","x/32bx 0xa470","set $samples = $samples + 1","end","if $samples >= 1024","disable 5","else","continue","end"},original-location="*0x0ba9"}
*stopped
~"SAMPLE 539 FRAME 248\n"
~"0xa470:\t0x01\t0x4d\t0xf1\t0x03\t0x0e\t0x0a\t0x01\t0x03\n"
~"0xa478:\t0x01\t0x5e\t0x0c\t0x03\t0x04\t0x0e\t0x01\t0x00\n"
~"0xa480:\t0x01\t0x25\t0xf7\t0x03\t0x0e\t0x02\t0x01\t0x01\n"
~"0xa488:\t0x01\t0x43\t0xd9\t0x03\t0x08\t0x08\t0x01\t0x03\n"
*running,thread-id="all"
=breakpoint-modified,bkpt={number="5",type="breakpoint",disp="keep",enabled="y",addr="0x00000ba9",thread-groups=["i1"],times="541",script={"silent","if *(unsigned char *)0x0061 != 0","printf \"SAMPLE %u FRAME %u\\n\", $samples, *(unsigned char *)0x0000","x/32bx 0xa470","set $samples = $samples + 1","end","if $samples >= 1024","disable 5","else","continue","end"},original-location="*0x0ba9"}
*stopped
~"SAMPLE 540 FRAME 252\n"
~"0xa470:\t0x01\t0x4d\t0xf0\t0x00\t0x0d\t0x0a\t0x01\t0x03\n"
~"0xa478:\t0x01\t0x5c\t0xcc\t0x00\t0x04\t0x0d\t0x01\t0x00\n"
~"0xa480:\t0x01\t0x25\t0xf8\t0x00\t0x0f\t0x02\t0x01\t0x01\n"
~"0xa488:\t0x01\t0x43\t0xd8\t0x00\t0x07\t0x08\t0x01\t0x03\n"
*running,thread-id="all"
=breakpoint-modified,bkpt={number="5",type="breakpoint",disp="keep",enabled="y",addr="0x00000ba9",thread-groups=["i1"],times="542",script={"silent","if *(unsigned char *)0x0061 != 0","printf \"SAMPLE %u FRAME %u\\n\", $samples, *(unsigned char *)0x0000","x/32bx 0xa470","set $samples = $samples + 1","end","if $samples >= 1024","disable 5","else","continue","end"},original-location="*0x0ba9"}
*stopped
~"SAMPLE 541 FRAME 0\n"
~"0xa470:\t0x01\t0x4d\t0xef\t0x01\t0x0d\t0x0a\t0x01\t0x03\n"
~"0xa478:\t0x01\t0x5b\t0x8c\t0x01\t0x04\t0x0d\t0x01\t0x00\n"
~"0xa480:\t0x01\t0x25\t0xf9\t0x01\t0x0f\t0x02\t0x01\t0x01\n"
~"0xa488:\t0x01\t0x43\t0xd7\t0x01\t0x07\t0x08\t0x01\t0x03\n"
*running,thread-id="all"
=breakpoint-modified,bkpt={number="5",type="breakpoint",disp="keep",enabled="y",addr="0x00000ba9",thread-groups=["i1"],times="543",script={"silent","if *(unsigned char *)0x0061 != 0","printf \"SAMPLE %u FRAME %u\\n\", $samples, *(unsigned char *)0x0000","x/32bx 0xa470","set $samples = $samples + 1","end","if $samples >= 1024","disable 5","else","continue","end"},original-location="*0x0ba9"}
*stopped
~"SAMPLE 542 FRAME 4\n"
~"0xa470:\t0x01\t0x4d\t0xee\t0x02\t0x0d\t0x0a\t0x01\t0x03\n"
~"0xa478:\t0x01\t0x5a\t0x4c\t0x02\t0x04\t0x0d\t0x01\t0x00\n"
~"0xa480:\t0x01\t0x25\t0xfa\t0x02\t0x0f\t0x02\t0x01\t0x01\n"
~"0xa488:\t0x01\t0x43\t0xd6\t0x02\t0x07\t0x08\t0x01\t0x03\n"
*running,thread-id="all"
=breakpoint-modified,bkpt={number="5",type="breakpoint",disp="keep",enabled="y",addr="0x00000ba9",thread-groups=["i1"],times="544",script={"silent","if *(unsigned char *)0x0061 != 0","printf \"SAMPLE %u FRAME %u\\n\", $samples, *(unsigned char *)0x0000","x/32bx 0xa470","set $samples = $samples + 1","end","if $samples >= 1024","disable 5","else","continue","end"},original-location="*0x0ba9"}
*stopped
~"SAMPLE 543 FRAME 8\n"
~"0xa470:\t0x01\t0x4d\t0xed\t0x03\t0x0d\t0x0a\t0x01\t0x03\n"
~"0xa478:\t0x01\t0x59\t0x0c\t0x03\t0x04\t0x0d\t0x01\t0x00\n"
~"0xa480:\t0x01\t0x25\t0xfb\t0x03\t0x0f\t0x02\t0x01\t0x01\n"
~"0xa488:\t0x01\t0x43\t0xd5\t0x03\t0x07\t0x08\t0x01\t0x03\n"
*running,thread-id="all"
=breakpoint-modified,bkpt={number="5",type="breakpoint",disp="keep",enabled="y",addr="0x00000ba9",thread-groups=["i1"],times="545",script={"silent","if *(unsigned char *)0x0061 != 0","printf \"SAMPLE %u FRAME %u\\n\", $samples, *(unsigned char *)0x0000","x/32bx 0xa470","set $samples = $samples + 1","end","if $samples >= 1024","disable 5","else","continue","end"},original-location="*0x0ba9"}
*stopped
~"SAMPLE 544 FRAME 14\n"
~"0xa470:\t0x01\t0x4d\t0xec\t0x00\t0x0c\t0x0a\t0x01\t0x03\n"
~"0xa478:\t0x01\t0x57\t0xcc\t0x00\t0x04\t0x0c\t0x01\t0x03\n"
~"0xa480:\t0x01\t0x25\t0xfc\t0x00\t0x10\t0x02\t0x01\t0x01\n"
~"0xa488:\t0x01\t0x43\t0xd4\t0x00\t0x06\t0x08\t0x01\t0x02\n"
*running,thread-id="all"
=breakpoint-modified,bkpt={number="5",type="breakpoint",disp="keep",enabled="y",addr="0x00000ba9",thread-groups=["i1"],times="546",script={"silent","if *(unsigned char *)0x0061 != 0","printf \"SAMPLE %u FRAME %u\\n\", $samples, *(unsigned char *)0x0000","x/32bx 0xa470","set $samples = $samples + 1","end","if $samples >= 1024","disable 5","else","continue","end"},original-location="*0x0ba9"}
*stopped
~"SAMPLE 545 FRAME 18\n"
~"0xa470:\t0x01\t0x4d\t0xeb\t0x01\t0x0c\t0x0a\t0x01\t0x03\n"
~"0xa478:\t0x01\t0x57\t0xcb\t0x01\t0x04\t0x0c\t0x01\t0x03\n"
~"0xa480:\t0x01\t0x25\t0xfd\t0x01\t0x10\t0x02\t0x01\t0x01\n"
~"0xa488:\t0x01\t0x45\t0x14\t0x01\t0x06\t0x08\t0x01\t0x02\n"
*running,thread-id="all"
=breakpoint-modified,bkpt={number="5",type="breakpoint",disp="keep",enabled="y",addr="0x00000ba9",thread-groups=["i1"],times="547",script={"silent","if *(unsigned char *)0x0061 != 0","printf \"SAMPLE %u FRAME %u\\n\", $samples, *(unsigned char *)0x0000","x/32bx 0xa470","set $samples = $samples + 1","end","if $samples >= 1024","disable 5","else","continue","end"},original-location="*0x0ba9"}
*stopped
~"SAMPLE 546 FRAME 22\n"
~"0xa470:\t0x01\t0x4d\t0xea\t0x02\t0x0c\t0x0a\t0x01\t0x03\n"
~"0xa478:\t0x01\t0x57\t0xca\t0x02\t0x04\t0x0c\t0x01\t0x03\n"
~"0xa480:\t0x01\t0x25\t0xfe\t0x02\t0x10\t0x02\t0x01\t0x01\n"
~"0xa488:\t0x01\t0x46\t0x54\t0x02\t0x06\t0x08\t0x01\t0x02\n"
*running,thread-id="all"
=breakpoint-modified,bkpt={number="5",type="breakpoint",disp="keep",enabled="y",addr="0x00000ba9",thread-groups=["i1"],times="548",script={"silent","if *(unsigned char *)0x0061 != 0","printf \"SAMPLE %u FRAME %u\\n\", $samples, *(unsigned char *)0x0000","x/32bx 0xa470","set $samples = $samples + 1","end","if $samples >= 1024","disable 5","else","continue","end"},original-location="*0x0ba9"}
*stopped
~"SAMPLE 547 FRAME 26\n"
~"0xa470:\t0x01\t0x4d\t0xe9\t0x03\t0x0c\t0x0a\t0x01\t0x03\n"
~"0xa478:\t0x01\t0x57\t0xc9\t0x03\t0x04\t0x0c\t0x01\t0x03\n"
~"0xa480:\t0x01\t0x25\t0xff\t0x03\t0x10\t0x02\t0x01\t0x01\n"
~"0xa488:\t0x01\t0x47\t0x94\t0x03\t0x06\t0x08\t0x01\t0x02\n"
*running,thread-id="all"
=breakpoint-modified,bkpt={number="5",type="breakpoint",disp="keep",enabled="y",addr="0x00000ba9",thread-groups=["i1"],times="549",script={"silent","if *(unsigned char *)0x0061 != 0","printf \"SAMPLE %u FRAME %u\\n\", $samples, *(unsigned char *)0x0000","x/32bx 0xa470","set $samples = $samples + 1","end","if $samples >= 1024","disable 5","else","continue","end"},original-location="*0x0ba9"}
*stopped
~"SAMPLE 548 FRAME 30\n"
~"0xa470:\t0x01\t0x4d\t0xe8\t0x00\t0x0b\t0x0a\t0x01\t0x03\n"
~"0xa478:\t0x01\t0x57\t0xc8\t0x00\t0x03\t0x0c\t0x01\t0x03\n"
~"0xa480:\t0x01\t0x26\t0x00\t0x00\t0x11\t0x02\t0x01\t0x01\n"
~"0xa488:\t0x01\t0x48\t0xd4\t0x00\t0x06\t0x09\t0x01\t0x02\n"
*running,thread-id="all"
=breakpoint-modified,bkpt={number="5",type="breakpoint",disp="keep",enabled="y",addr="0x00000ba9",thread-groups=["i1"],times="550",script={"silent","if *(unsigned char *)0x0061 != 0","printf \"SAMPLE %u FRAME %u\\n\", $samples, *(unsigned char *)0x0000","x/32bx 0xa470","set $samples = $samples + 1","end","if $samples >= 1024","disable 5","else","continue","end"},original-location="*0x0ba9"}
*stopped
~"SAMPLE 549 FRAME 34\n"
~"0xa470:\t0x01\t0x4d\t0xe7\t0x01\t0x0b\t0x0a\t0x01\t0x03\n"
~"0xa478:\t0x01\t0x57\t0xc7\t0x01\t0x03\t0x0c\t0x01\t0x03\n"
~"0xa480:\t0x01\t0x26\t0x01\t0x01\t0x11\t0x02\t0x01\t0x01\n"
~"0xa488:\t0x01\t0x4a\t0x14\t0x01\t0x06\t0x09\t0x01\t0x02\n"
*running,thread-id="all"
=breakpoint-modified,bkpt={number="5",type="breakpoint",disp="keep",enabled="y",addr="0x00000ba9",thread-groups=["i1"],times="551",script={"silent","if *(unsigned char *)0x0061 != 0","printf \"SAMPLE %u FRAME %u\\n\", $samples, *(unsigned char *)0x0000","x/32bx 0xa470","set $samples = $samples + 1","end","if $samples >= 1024","disable 5","else","continue","end"},original-location="*0x0ba9"}
*stopped
~"SAMPLE 550 FRAME 38\n"
~"0xa470:\t0x01\t0x4d\t0xe6\t0x02\t0x0b\t0x0a\t0x01\t0x03\n"
~"0xa478:\t0x01\t0x57\t0xc6\t0x02\t0x03\t0x0c\t0x01\t0x03\n"
~"0xa480:\t0x01\t0x26\t0x02\t0x02\t0x11\t0x02\t0x01\t0x01\n"
~"0xa488:\t0x01\t0x4b\t0x54\t0x02\t0x06\t0x09\t0x01\t0x02\n"
*running,thread-id="all"
=breakpoint-modified,bkpt={number="5",type="breakpoint",disp="keep",enabled="y",addr="0x00000ba9",thread-groups=["i1"],times="552",script={"silent","if *(unsigned char *)0x0061 != 0","printf \"SAMPLE %u FRAME %u\\n\", $samples, *(unsigned char *)0x0000","x/32bx 0xa470","set $samples = $samples + 1","end","if $samples >= 1024","disable 5","else","continue","end"},original-location="*0x0ba9"}
*stopped
~"SAMPLE 551 FRAME 42\n"
~"0xa470:\t0x01\t0x4d\t0xe5\t0x03\t0x0b\t0x0a\t0x01\t0x03\n"
~"0xa478:\t0x01\t0x57\t0xc5\t0x03\t0x03\t0x0c\t0x01\t0x03\n"
~"0xa480:\t0x01\t0x26\t0x03\t0x03\t0x11\t0x02\t0x01\t0x01\n"
~"0xa488:\t0x01\t0x4c\t0x94\t0x03\t0x06\t0x09\t0x01\t0x02\n"
*running,thread-id="all"
=breakpoint-modified,bkpt={number="5",type="breakpoint",disp="keep",enabled="y",addr="0x00000ba9",thread-groups=["i1"],times="553",script={"silent","if *(unsigned char *)0x0061 != 0","printf \"SAMPLE %u FRAME %u\\n\", $samples, *(unsigned char *)0x0000","x/32bx 0xa470","set $samples = $samples + 1","end","if $samples >= 1024","disable 5","else","continue","end"},original-location="*0x0ba9"}
*stopped
~"SAMPLE 552 FRAME 46\n"
~"0xa470:\t0x01\t0x4d\t0xe4\t0x00\t0x0a\t0x0a\t0x01\t0x02\n"
~"0xa478:\t0x01\t0x57\t0xc4\t0x00\t0x02\t0x0c\t0x01\t0x02\n"
~"0xa480:\t0x01\t0x26\t0x04\t0x00\t0x12\t0x02\t0x01\t0x01\n"
~"0xa488:\t0x01\t0x4d\t0xd4\t0x00\t0x06\t0x0a\t0x01\t0x03\n"
*running,thread-id="all"
=breakpoint-modified,bkpt={number="5",type="breakpoint",disp="keep",enabled="y",addr="0x00000ba9",thread-groups=["i1"],times="554",script={"silent","if *(unsigned char *)0x0061 != 0","printf \"SAMPLE %u FRAME %u\\n\", $samples, *(unsigned char *)0x0000","x/32bx 0xa470","set $samples = $samples + 1","end","if $samples >= 1024","disable 5","else","continue","end"},original-location="*0x0ba9"}
*stopped
~"SAMPLE 553 FRAME 50\n"
~"0xa470:\t0x01\t0x4f\t0x24\t0x01\t0x0a\t0x0a\t0x01\t0x02\n"
~"0xa478:\t0x01\t0x59\t0x04\t0x01\t0x02\t0x0c\t0x01\t0x02\n"
~"0xa480:\t0x01\t0x26\t0x05\t0x01\t0x12\t0x02\t0x01\t0x01\n"
~"0xa488:\t0x01\t0x4d\t0xd3\t0x01\t0x06\t0x0a\t0x01\t0x03\n"
*running,thread-id="all"
=breakpoint-modified,bkpt={number="5",type="breakpoint",disp="keep",enabled="y",addr="0x00000ba9",thread-groups=["i1"],times="555",script={"silent","if *(unsigned char *)0x0061 != 0","printf \"SAMPLE %u FRAME %u\\n\", $samples, *(unsigned char *)0x0000","x/32bx 0xa470","set $samples = $samples + 1","end","if $samples >= 1024","disable 5","else","continue","end"},original-location="*0x0ba9"}
*stopped
~"SAMPLE 554 FRAME 54\n"
~"0xa470:\t0x01\t0x50\t0x64\t0x02\t0x0a\t0x0a\t0x01\t0x02\n"
~"0xa478:\t0x01\t0x5a\t0x44\t0x02\t0x02\t0x0c\t0x01\t0x02\n"
~"0xa480:\t0x01\t0x26\t0x06\t0x02\t0x12\t0x02\t0x01\t0x01\n"
~"0xa488:\t0x01\t0x4d\t0xd2\t0x02\t0x06\t0x0a\t0x01\t0x03\n"
*running,thread-id="all"
=breakpoint-modified,bkpt={number="5",type="breakpoint",disp="keep",enabled="y",addr="0x00000ba9",thread-groups=["i1"],times="556",script={"silent","if *(unsigned char *)0x0061 != 0","printf \"SAMPLE %u FRAME %u\\n\", $samples, *(unsigned char *)0x0000","x/32bx 0xa470","set $samples = $samples + 1","end","if $samples >= 1024","disable 5","else","continue","end"},original-location="*0x0ba9"}
*stopped
~"SAMPLE 555 FRAME 58\n"
~"0xa470:\t0x01\t0x51\t0xa4\t0x03\t0x0a\t0x0a\t0x01\t0x02\n"
~"0xa478:\t0x01\t0x5b\t0x84\t0x03\t0x02\t0x0c\t0x01\t0x02\n"
~"0xa480:\t0x01\t0x26\t0x07\t0x03\t0x12\t0x02\t0x01\t0x01\n"
~"0xa488:\t0x01\t0x4d\t0xd1\t0x03\t0x06\t0x0a\t0x01\t0x03\n"
*running,thread-id="all"
=breakpoint-modified,bkpt={number="5",type="breakpoint",disp="keep",enabled="y",addr="0x00000ba9",thread-groups=["i1"],times="557",script={"silent","if *(unsigned char *)0x0061 != 0","printf \"SAMPLE %u FRAME %u\\n\", $samples, *(unsigned char *)0x0000","x/32bx 0xa470","set $samples = $samples + 1","end","if $samples >= 1024","disable 5","else","continue","end"},original-location="*0x0ba9"}
*stopped
~"SAMPLE 556 FRAME 64\n"
~"0xa470:\t0x01\t0x52\t0xe4\t0x00\t0x0a\t0x0b\t0x01\t0x02\n"
~"0xa478:\t0x01\t0x5c\t0xc4\t0x00\t0x02\t0x0d\t0x01\t0x02\n"
~"0xa480:\t0x01\t0x26\t0x08\t0x00\t0x13\t0x02\t0x01\t0x01\n"
~"0xa488:\t0x01\t0x4d\t0xd0\t0x00\t0x05\t0x0a\t0x01\t0x03\n"
*running,thread-id="all"
=breakpoint-modified,bkpt={number="5",type="breakpoint",disp="keep",enabled="y",addr="0x00000ba9",thread-groups=["i1"],times="558",script={"silent","if *(unsigned char *)0x0061 != 0","printf \"SAMPLE %u FRAME %u\\n\", $samples, *(unsigned char *)0x0000","x/32bx 0xa470","set $samples = $samples + 1","end","if $samples >= 1024","disable 5","else","continue","end"},original-location="*0x0ba9"}
*stopped
~"SAMPLE 557 FRAME 68\n"
~"0xa470:\t0x01\t0x54\t0x24\t0x01\t0x0a\t0x0b\t0x01\t0x02\n"
~"0xa478:\t0x01\t0x5e\t0x04\t0x01\t0x02\t0x0d\t0x01\t0x02\n"
~"0xa480:\t0x01\t0x26\t0x09\t0x01\t0x13\t0x02\t0x01\t0x01\n"
~"0xa488:\t0x01\t0x4d\t0xcf\t0x01\t0x05\t0x0a\t0x01\t0x03\n"
*running,thread-id="all"
=breakpoint-modified,bkpt={number="5",type="breakpoint",disp="keep",enabled="y",addr="0x00000ba9",thread-groups=["i1"],times="559",script={"silent","if *(unsigned char *)0x0061 != 0","printf \"SAMPLE %u FRAME %u\\n\", $samples, *(unsigned char *)0x0000","x/32bx 0xa470","set $samples = $samples + 1","end","if $samples >= 1024","disable 5","else","continue","end"},original-location="*0x0ba9"}
*stopped
~"SAMPLE 558 FRAME 72\n"
~"0xa470:\t0x01\t0x55\t0x64\t0x02\t0x0a\t0x0b\t0x01\t0x02\n"
~"0xa478:\t0x01\t0x5f\t0x44\t0x02\t0x02\t0x0d\t0x01\t0x02\n"
~"0xa480:\t0x01\t0x26\t0x0a\t0x02\t0x13\t0x02\t0x01\t0x01\n"
~"0xa488:\t0x01\t0x4d\t0xce\t0x02\t0x05\t0x0a\t0x01\t0x03\n"
*running,thread-id="all"
=breakpoint-modified,bkpt={number="5",type="breakpoint",disp="keep",enabled="y",addr="0x00000ba9",thread-groups=["i1"],times="560",script={"silent","if *(unsigned char *)0x0061 != 0","printf \"SAMPLE %u FRAME %u\\n\", $samples, *(unsigned char *)0x0000","x/32bx 0xa470","set $samples = $samples + 1","end","if $samples >= 1024","disable 5","else","continue","end"},original-location="*0x0ba9"}
*stopped
~"SAMPLE 559 FRAME 76\n"
~"0xa470:\t0x01\t0x56\t0xa4\t0x03\t0x0a\t0x0b\t0x01\t0x02\n"
~"0xa478:\t0x01\t0x60\t0x84\t0x03\t0x02\t0x0d\t0x01\t0x02\n"
~"0xa480:\t0x01\t0x26\t0x0b\t0x03\t0x13\t0x02\t0x01\t0x01\n"
~"0xa488:\t0x01\t0x4d\t0xcd\t0x03\t0x05\t0x0a\t0x01\t0x03\n"
*running,thread-id="all"
=breakpoint-modified,bkpt={number="5",type="breakpoint",disp="keep",enabled="y",addr="0x00000ba9",thread-groups=["i1"],times="561",script={"silent","if *(unsigned char *)0x0061 != 0","printf \"SAMPLE %u FRAME %u\\n\", $samples, *(unsigned char *)0x0000","x/32bx 0xa470","set $samples = $samples + 1","end","if $samples >= 1024","disable 5","else","continue","end"},original-location="*0x0ba9"}
*stopped
~"SAMPLE 560 FRAME 80\n"
~"0xa470:\t0x01\t0x57\t0xe4\t0x00\t0x0a\t0x0c\t0x01\t0x02\n"
~"0xa478:\t0x01\t0x61\t0xc4\t0x00\t0x02\t0x0e\t0x01\t0x02\n"
~"0xa480:\t0x01\t0x26\t0x0c\t0x00\t0x14\t0x02\t0x01\t0x01\n"
~"0xa488:\t0x01\t0x4d\t0xcc\t0x00\t0x04\t0x0a\t0x01\t0x03\n"
*running,thread-id="all"
=breakpoint-modified,bkpt={number="5",type="breakpoint",disp="keep",enabled="y",addr="0x00000ba9",thread-groups=["i1"],times="562",script={"silent","if *(unsigned char *)0x0061 != 0","printf \"SAMPLE %u FRAME %u\\n\", $samples, *(unsigned char *)0x0000","x/32bx 0xa470","set $samples = $samples + 1","end","if $samples >= 1024","disable 5","else","continue","end"},original-location="*0x0ba9"}
*stopped
~"SAMPLE 561 FRAME 84\n"
~"0xa470:\t0x01\t0x59\t0x24\t0x01\t0x0a\t0x0c\t0x01\t0x02\n"
~"0xa478:\t0x01\t0x63\t0x04\t0x01\t0x02\t0x0e\t0x01\t0x02\n"
~"0xa480:\t0x01\t0x26\t0x0d\t0x01\t0x14\t0x02\t0x01\t0x01\n"
~"0xa488:\t0x01\t0x4d\t0xcb\t0x01\t0x04\t0x0a\t0x01\t0x03\n"
*running,thread-id="all"
=breakpoint-modified,bkpt={number="5",type="breakpoint",disp="keep",enabled="y",addr="0x00000ba9",thread-groups=["i1"],times="563",script={"silent","if *(unsigned char *)0x0061 != 0","printf \"SAMPLE %u FRAME %u\\n\", $samples, *(unsigned char *)0x0000","x/32bx 0xa470","set $samples = $samples + 1","end","if $samples >= 1024","disable 5","else","continue","end"},original-location="*0x0ba9"}
*stopped
~"SAMPLE 562 FRAME 88\n"
~"0xa470:\t0x01\t0x5a\t0x64\t0x02\t0x0a\t0x0c\t0x01\t0x02\n"
~"0xa478:\t0x01\t0x64\t0x44\t0x02\t0x02\t0x0e\t0x01\t0x02\n"
~"0xa480:\t0x01\t0x26\t0x0e\t0x02\t0x14\t0x02\t0x01\t0x01\n"
~"0xa488:\t0x01\t0x4d\t0xca\t0x02\t0x04\t0x0a\t0x01\t0x03\n"
*running,thread-id="all"
=breakpoint-modified,bkpt={number="5",type="breakpoint",disp="keep",enabled="y",addr="0x00000ba9",thread-groups=["i1"],times="564",script={"silent","if *(unsigned char *)0x0061 != 0","printf \"SAMPLE %u FRAME %u\\n\", $samples, *(unsigned char *)0x0000","x/32bx 0xa470","set $samples = $samples + 1","end","if $samples >= 1024","disable 5","else","continue","end"},original-location="*0x0ba9"}
*stopped
~"SAMPLE 563 FRAME 92\n"
~"0xa470:\t0x01\t0x5b\t0xa4\t0x03\t0x0a\t0x0c\t0x01\t0x02\n"
~"0xa478:\t0x01\t0x65\t0x84\t0x03\t0x02\t0x0e\t0x01\t0x02\n"
~"0xa480:\t0x01\t0x26\t0x0f\t0x03\t0x14\t0x02\t0x01\t0x01\n"
~"0xa488:\t0x01\t0x4d\t0xc9\t0x03\t0x04\t0x0a\t0x01\t0x03\n"
*running,thread-id="all"
=breakpoint-modified,bkpt={number="5",type="breakpoint",disp="keep",enabled="y",addr="0x00000ba9",thread-groups=["i1"],times="565",script={"silent","if *(unsigned char *)0x0061 != 0","printf \"SAMPLE %u FRAME %u\\n\", $samples, *(unsigned char *)0x0000","x/32bx 0xa470","set $samples = $samples + 1","end","if $samples >= 1024","disable 5","else","continue","end"},original-location="*0x0ba9"}
*stopped
~"SAMPLE 564 FRAME 96\n"
~"0xa470:\t0x01\t0x5c\t0xe4\t0x00\t0x0a\t0x0d\t0x01\t0x02\n"
~"0xa478:\t0x01\t0x66\t0xc4\t0x00\t0x02\t0x0f\t0x01\t0x02\n"
~"0xa480:\t0x01\t0x26\t0x10\t0x00\t0x15\t0x02\t0x01\t0x01\n"
~"0xa488:\t0x01\t0x4d\t0xc8\t0x00\t0x03\t0x0a\t0x01\t0x03\n"
*running,thread-id="all"
=breakpoint-modified,bkpt={number="5",type="breakpoint",disp="keep",enabled="y",addr="0x00000ba9",thread-groups=["i1"],times="566",script={"silent","if *(unsigned char *)0x0061 != 0","printf \"SAMPLE %u FRAME %u\\n\", $samples, *(unsigned char *)0x0000","x/32bx 0xa470","set $samples = $samples + 1","end","if $samples >= 1024","disable 5","else","continue","end"},original-location="*0x0ba9"}
*stopped
~"SAMPLE 565 FRAME 100\n"
~"0xa470:\t0x01\t0x5e\t0x24\t0x01\t0x0a\t0x0d\t0x01\t0x02\n"
~"0xa478:\t0x01\t0x68\t0x04\t0x01\t0x02\t0x0f\t0x01\t0x02\n"
~"0xa480:\t0x01\t0x26\t0x11\t0x01\t0x15\t0x02\t0x01\t0x01\n"
~"0xa488:\t0x01\t0x4d\t0xc7\t0x01\t0x03\t0x0a\t0x01\t0x03\n"
*running,thread-id="all"
=breakpoint-modified,bkpt={number="5",type="breakpoint",disp="keep",enabled="y",addr="0x00000ba9",thread-groups=["i1"],times="567",script={"silent","if *(unsigned char *)0x0061 != 0","printf \"SAMPLE %u FRAME %u\\n\", $samples, *(unsigned char *)0x0000","x/32bx 0xa470","set $samples = $samples + 1","end","if $samples >= 1024","disable 5","else","continue","end"},original-location="*0x0ba9"}
*stopped
~"SAMPLE 566 FRAME 104\n"
~"0xa470:\t0x01\t0x5f\t0x64\t0x02\t0x0a\t0x0d\t0x01\t0x02\n"
~"0xa478:\t0x01\t0x69\t0x44\t0x02\t0x02\t0x0f\t0x01\t0x02\n"
~"0xa480:\t0x01\t0x26\t0x12\t0x02\t0x15\t0x02\t0x01\t0x01\n"
~"0xa488:\t0x01\t0x4d\t0xc6\t0x02\t0x03\t0x0a\t0x01\t0x03\n"
*running,thread-id="all"
=breakpoint-modified,bkpt={number="5",type="breakpoint",disp="keep",enabled="y",addr="0x00000ba9",thread-groups=["i1"],times="568",script={"silent","if *(unsigned char *)0x0061 != 0","printf \"SAMPLE %u FRAME %u\\n\", $samples, *(unsigned char *)0x0000","x/32bx 0xa470","set $samples = $samples + 1","end","if $samples >= 1024","disable 5","else","continue","end"},original-location="*0x0ba9"}
*stopped
~"SAMPLE 567 FRAME 108\n"
~"0xa470:\t0x01\t0x60\t0xa4\t0x03\t0x0a\t0x0d\t0x01\t0x02\n"
~"0xa478:\t0x01\t0x6a\t0x84\t0x03\t0x02\t0x0f\t0x01\t0x02\n"
~"0xa480:\t0x01\t0x26\t0x13\t0x03\t0x15\t0x02\t0x01\t0x01\n"
~"0xa488:\t0x01\t0x4d\t0xc5\t0x03\t0x03\t0x0a\t0x01\t0x03\n"
*running,thread-id="all"
=breakpoint-modified,bkpt={number="5",type="breakpoint",disp="keep",enabled="y",addr="0x00000ba9",thread-groups=["i1"],times="569",script={"silent","if *(unsigned char *)0x0061 != 0","printf \"SAMPLE %u FRAME %u\\n\", $samples, *(unsigned char *)0x0000","x/32bx 0xa470","set $samples = $samples + 1","end","if $samples >= 1024","disable 5","else","continue","end"},original-location="*0x0ba9"}
*stopped
~"SAMPLE 568 FRAME 114\n"
~"0xa470:\t0x01\t0x61\t0xe4\t0x00\t0x0a\t0x0e\t0x01\t0x02\n"
~"0xa478:\t0x01\t0x6b\t0xc4\t0x00\t0x02\t0x10\t0x01\t0x02\n"
~"0xa480:\t0x01\t0x26\t0x14\t0x00\t0x16\t0x02\t0x01\t0x02\n"
~"0xa488:\t0x01\t0x4d\t0xc4\t0x00\t0x02\t0x0a\t0x01\t0x00\n"
*running,thread-id="all"
=breakpoint-modified,bkpt={number="5",type="breakpoint",disp="keep",enabled="y",addr="0x00000ba9",thread-groups=["i1"],times="570",script={"silent","if *(unsigned char *)0x0061 != 0","printf \"SAMPLE %u FRAME %u\\n\", $samples, *(unsigned char *)0x0000","x/32bx 0xa470","set $samples = $samples + 1","end","if $samples >= 1024","disable 5","else","continue","end"},original-location="*0x0ba9"}
*stopped
~"SAMPLE 569 FRAME 118\n"
~"0xa470:\t0x01\t0x63\t0x24\t0x01\t0x0a\t0x0e\t0x01\t0x02\n"
~"0xa478:\t0x01\t0x6d\t0x04\t0x01\t0x02\t0x10\t0x01\t0x02\n"
~"0xa480:\t0x01\t0x27\t0x54\t0x01\t0x16\t0x02\t0x01\t0x02\n"
~"0xa488:\t0x01\t0x4c\t0x84\t0x01\t0x02\t0x0a\t0x01\t0x00\n"
*running,thread-id="all"
=breakpoint-modified,bkpt={number="5",type="breakpoint",disp="keep",enabled="y",addr="0x00000ba9",thread-groups=["i1"],times="571",script={"silent","if *(unsigned char *)0x0061 != 0","printf \"SAMPLE %u FRAME %u\\n\", $samples, *(unsigned char *)0x0000","x/32bx 0xa470","set $samples = $samples + 1","end","if $samples >= 1024","disable 5","else","continue","end"},original-location="*0x0ba9"}
*stopped
~"SAMPLE 570 FRAME 122\n"
~"0xa470:\t0x01\t0x64\t0x64\t0x02\t0x0a\t0x0e\t0x01\t0x02\n"
~"0xa478:\t0x01\t0x6e\t0x44\t0x02\t0x02\t0x10\t0x01\t0x02\n"
~"0xa480:\t0x01\t0x28\t0x94\t0x02\t0x16\t0x02\t0x01\t0x02\n"
~"0xa488:\t0x01\t0x4b\t0x44\t0x02\t0x02\t0x0a\t0x01\t0x00\n"
*running,thread-id="all"
=breakpoint-modified,bkpt={number="5",type="breakpoint",disp="keep",enabled="y",addr="0x00000ba9",thread-groups=["i1"],times="572",script={"silent","if *(unsigned char *)0x0061 != 0","printf \"SAMPLE %u FRAME %u\\n\", $samples, *(unsigned char *)0x0000","x/32bx 0xa470","set $samples = $samples + 1","end","if $samples >= 1024","disable 5","else","continue","end"},original-location="*0x0ba9"}
*stopped
~"SAMPLE 571 FRAME 126\n"
~"0xa470:\t0x01\t0x65\t0xa4\t0x03\t0x0a\t0x0e\t0x01\t0x02\n"
~"0xa478:\t0x01\t0x6f\t0x84\t0x03\t0x02\t0x10\t0x01\t0x02\n"
~"0xa480:\t0x01\t0x29\t0xd4\t0x03\t0x16\t0x02\t0x01\t0x02\n"
~"0xa488:\t0x01\t0x4a\t0x04\t0x03\t0x02\t0x0a\t0x01\t0x00\n"
*running,thread-id="all"
=breakpoint-modified,bkpt={number="5",type="breakpoint",disp="keep",enabled="y",addr="0x00000ba9",thread-groups=["i1"],times="573",script={"silent","if *(unsigned char *)0x0061 != 0","printf \"SAMPLE %u FRAME %u\\n\", $samples, *(unsigned char *)0x0000","x/32bx 0xa470","set $samples = $samples + 1","end","if $samples >= 1024","disable 5","else","continue","end"},original-location="*0x0ba9"}
*stopped
~"SAMPLE 572 FRAME 130\n"
~"0xa470:\t0x01\t0x66\t0xe4\t0x00\t0x0a\t0x0f\t0x01\t0x02\n"
~"0xa478:\t0x01\t0x70\t0xc4\t0x00\t0x02\t0x11\t0x01\t0x02\n"
~"0xa480:\t0x01\t0x2b\t0x14\t0x00\t0x16\t0x03\t0x01\t0x02\n"
~"0xa488:\t0x01\t0x48\t0xc4\t0x00\t0x02\t0x09\t0x01\t0x00\n"
*running,thread-id="all"
=breakpoint-modified,bkpt={number="5",type="breakpoint",disp="keep",enabled="y",addr="0x00000ba9",thread-groups=["i1"],times="574",script={"silent","if *(unsigned char *)0x0061 != 0","printf \"SAMPLE %u FRAME %u\\n\", $samples, *(unsigned char *)0x0000","x/32bx 0xa470","set $samples = $samples + 1","end","if $samples >= 1024","disable 5","else","continue","end"},original-location="*0x0ba9"}
*stopped
~"SAMPLE 573 FRAME 134\n"
~"0xa470:\t0x01\t0x68\t0x24\t0x01\t0x0a\t0x0f\t0x01\t0x02\n"
~"0xa478:\t0x01\t0x72\t0x04\t0x01\t0x02\t0x11\t0x01\t0x02\n"
~"0xa480:\t0x01\t0x2c\t0x54\t0x01\t0x16\t0x03\t0x01\t0x02\n"
~"0xa488:\t0x01\t0x47\t0x84\t0x01\t0x02\t0x09\t0x01\t0x00\n"
*running,thread-id="all"
=breakpoint-modified,bkpt={number="5",type="breakpoint",disp="keep",enabled="y",addr="0x00000ba9",thread-groups=["i1"],times="575",script={"silent","if *(unsigned char *)0x0061 != 0","printf \"SAMPLE %u FRAME %u\\n\", $samples, *(unsigned char *)0x0000","x/32bx 0xa470","set $samples = $samples + 1","end","if $samples >= 1024","disable 5","else","continue","end"},original-location="*0x0ba9"}
*stopped
~"SAMPLE 574 FRAME 138\n"
~"0xa470:\t0x01\t0x69\t0x64\t0x02\t0x0a\t0x0f\t0x01\t0x02\n"
~"0xa478:\t0x01\t0x73\t0x44\t0x02\t0x02\t0x11\t0x01\t0x02\n"
~"0xa480:\t0x01\t0x2d\t0x94\t0x02\t0x16\t0x03\t0x01\t0x02\n"
~"0xa488:\t0x01\t0x46\t0x44\t0x02\t0x02\t0x09\t0x01\t0x00\n"
*running,thread-id="all"
=breakpoint-modified,bkpt={number="5",type="breakpoint",disp="keep",enabled="y",addr="0x00000ba9",thread-groups=["i1"],times="576",script={"silent","if *(unsigned char *)0x0061 != 0","printf \"SAMPLE %u FRAME %u\\n\", $samples, *(unsigned char *)0x0000","x/32bx 0xa470","set $samples = $samples + 1","end","if $samples >= 1024","disable 5","else","continue","end"},original-location="*0x0ba9"}
*stopped
~"SAMPLE 575 FRAME 142\n"
~"0xa470:\t0x01\t0x6a\t0xa4\t0x03\t0x0a\t0x0f\t0x01\t0x02\n"
~"0xa478:\t0x01\t0x74\t0x84\t0x03\t0x02\t0x11\t0x01\t0x02\n"
~"0xa480:\t0x01\t0x2e\t0xd4\t0x03\t0x16\t0x03\t0x01\t0x02\n"
~"0xa488:\t0x01\t0x45\t0x04\t0x03\t0x02\t0x09\t0x01\t0x00\n"
*running,thread-id="all"
=breakpoint-modified,bkpt={number="5",type="breakpoint",disp="keep",enabled="y",addr="0x00000ba9",thread-groups=["i1"],times="577",script={"silent","if *(unsigned char *)0x0061 != 0","printf \"SAMPLE %u FRAME %u\\n\", $samples, *(unsigned char *)0x0000","x/32bx 0xa470","set $samples = $samples + 1","end","if $samples >= 1024","disable 5","else","continue","end"},original-location="*0x0ba9"}
*stopped
~"SAMPLE 576 FRAME 146\n"
~"0xa470:\t0x01\t0x6b\t0xe4\t0x00\t0x0a\t0x10\t0x01\t0x00\n"
~"0xa478:\t0x01\t0x75\t0xc4\t0x00\t0x02\t0x12\t0x01\t0x01\n"
~"0xa480:\t0x01\t0x30\t0x14\t0x00\t0x16\t0x04\t0x01\t0x02\n"
~"0xa488:\t0x01\t0x43\t0xc4\t0x00\t0x02\t0x08\t0x01\t0x00\n"
*running,thread-id="all"
=breakpoint-modified,bkpt={number="5",type="breakpoint",disp="keep",enabled="y",addr="0x00000ba9",thread-groups=["i1"],times="578",script={"silent","if *(unsigned char *)0x0061 != 0","printf \"SAMPLE %u FRAME %u\\n\", $samples, *(unsigned char *)0x0000","x/32bx 0xa470","set $samples = $samples + 1","end","if $samples >= 1024","disable 5","else","continue","end"},original-location="*0x0ba9"}
*stopped
~"SAMPLE 577 FRAME 150\n"
~"0xa470:\t0x01\t0x6a\t0xa4\t0x01\t0x0a\t0x10\t0x01\t0x00\n"
~"0xa478:\t0x01\t0x75\t0xc5\t0x01\t0x02\t0x12\t0x01\t0x01\n"
~"0xa480:\t0x01\t0x31\t0x54\t0x01\t0x16\t0x04\t0x01\t0x02\n"
~"0xa488:\t0x01\t0x42\t0x84\t0x01\t0x02\t0x08\t0x01\t0x00\n"
*running,thread-id="all"
=breakpoint-modified,bkpt={number="5",type="breakpoint",disp="keep",enabled="y",addr="0x00000ba9",thread-groups=["i1"],times="579",script={"silent","if *(unsigned char *)0x0061 != 0","printf \"SAMPLE %u FRAME %u\\n\", $samples, *(unsigned char *)0x0000","x/32bx 0xa470","set $samples = $samples + 1","end","if $samples >= 1024","disable 5","else","continue","end"},original-location="*0x0ba9"}
*stopped
~"SAMPLE 578 FRAME 154\n"
~"0xa470:\t0x01\t0x69\t0x64\t0x02\t0x0a\t0x10\t0x01\t0x00\n"
~"0xa478:\t0x01\t0x75\t0xc6\t0x02\t0x02\t0x12\t0x01\t0x01\n"
~"0xa480:\t0x01\t0x32\t0x94\t0x02\t0x16\t0x04\t0x01\t0x02\n"
~"0xa488:\t0x01\t0x41\t0x44\t0x02\t0x02\t0x08\t0x01\t0x00\n"
*running,thread-id="all"
=breakpoint-modified,bkpt={number="5",type="breakpoint",disp="keep",enabled="y",addr="0x00000ba9",thread-groups=["i1"],times="580",script={"silent","if *(unsigned char *)0x0061 != 0","printf \"SAMPLE %u FRAME %u\\n\", $samples, *(unsigned char *)0x0000","x/32bx 0xa470","set $samples = $samples + 1","end","if $samples >= 1024","disable 5","else","continue","end"},original-location="*0x0ba9"}
*stopped
~"SAMPLE 579 FRAME 158\n"
~"0xa470:\t0x01\t0x68\t0x24\t0x03\t0x0a\t0x10\t0x01\t0x00\n"
~"0xa478:\t0x01\t0x75\t0xc7\t0x03\t0x02\t0x12\t0x01\t0x01\n"
~"0xa480:\t0x01\t0x33\t0xd4\t0x03\t0x16\t0x04\t0x01\t0x02\n"
~"0xa488:\t0x01\t0x40\t0x04\t0x03\t0x02\t0x08\t0x01\t0x00\n"
*running,thread-id="all"
=breakpoint-modified,bkpt={number="5",type="breakpoint",disp="keep",enabled="y",addr="0x00000ba9",thread-groups=["i1"],times="581",script={"silent","if *(unsigned char *)0x0061 != 0","printf \"SAMPLE %u FRAME %u\\n\", $samples, *(unsigned char *)0x0000","x/32bx 0xa470","set $samples = $samples + 1","end","if $samples >= 1024","disable 5","else","continue","end"},original-location="*0x0ba9"}
*stopped
~"SAMPLE 580 FRAME 164\n"
~"0xa470:\t0x01\t0x66\t0xe4\t0x00\t0x0a\t0x0f\t0x01\t0x00\n"
~"0xa478:\t0x01\t0x75\t0xc8\t0x00\t0x03\t0x12\t0x01\t0x01\n"
~"0xa480:\t0x01\t0x35\t0x14\t0x00\t0x16\t0x05\t0x01\t0x02\n"
~"0xa488:\t0x01\t0x3e\t0xc4\t0x00\t0x02\t0x07\t0x01\t0x00\n"
*running,thread-id="all"
=breakpoint-modified,bkpt={number="5",type="breakpoint",disp="keep",enabled="y",addr="0x00000ba9",thread-groups=["i1"],times="582",script={"silent","if *(unsigned char *)0x0061 != 0","printf \"SAMPLE %u FRAME %u\\n\", $samples, *(unsigned char *)0x0000","x/32bx 0xa470","set $samples = $samples + 1","end","if $samples >= 1024","disable 5","else","continue","end"},original-location="*0x0ba9"}
*stopped
~"SAMPLE 581 FRAME 168\n"
~"0xa470:\t0x01\t0x65\t0xa4\t0x01\t0x0a\t0x0f\t0x01\t0x00\n"
~"0xa478:\t0x01\t0x75\t0xc9\t0x01\t0x03\t0x12\t0x01\t0x01\n"
~"0xa480:\t0x01\t0x36\t0x54\t0x01\t0x16\t0x05\t0x01\t0x02\n"
~"0xa488:\t0x01\t0x3d\t0x84\t0x01\t0x02\t0x07\t0x01\t0x00\n"
*running,thread-id="all"
=breakpoint-modified,bkpt={number="5",type="breakpoint",disp="keep",enabled="y",addr="0x00000ba9",thread-groups=["i1"],times="583",script={"silent","if *(unsigned char *)0x0061 != 0","printf \"SAMPLE %u FRAME %u\\n\", $samples, *(unsigned char *)0x0000","x/32bx 0xa470","set $samples = $samples + 1","end","if $samples >= 1024","disable 5","else","continue","end"},original-location="*0x0ba9"}
*stopped
~"SAMPLE 582 FRAME 172\n"
~"0xa470:\t0x01\t0x64\t0x64\t0x02\t0x0a\t0x0f\t0x01\t0x00\n"
~"0xa478:\t0x01\t0x75\t0xca\t0x02\t0x03\t0x12\t0x01\t0x01\n"
~"0xa480:\t0x01\t0x37\t0x94\t0x02\t0x16\t0x05\t0x01\t0x02\n"
~"0xa488:\t0x01\t0x3c\t0x44\t0x02\t0x02\t0x07\t0x01\t0x00\n"
*running,thread-id="all"
=breakpoint-modified,bkpt={number="5",type="breakpoint",disp="keep",enabled="y",addr="0x00000ba9",thread-groups=["i1"],times="584",script={"silent","if *(unsigned char *)0x0061 != 0","printf \"SAMPLE %u FRAME %u\\n\", $samples, *(unsigned char *)0x0000","x/32bx 0xa470","set $samples = $samples + 1","end","if $samples >= 1024","disable 5","else","continue","end"},original-location="*0x0ba9"}
*stopped
~"SAMPLE 583 FRAME 176\n"
~"0xa470:\t0x01\t0x63\t0x24\t0x03\t0x0a\t0x0f\t0x01\t0x00\n"
~"0xa478:\t0x01\t0x75\t0xcb\t0x03\t0x03\t0x12\t0x01\t0x01\n"
~"0xa480:\t0x01\t0x38\t0xd4\t0x03\t0x16\t0x05\t0x01\t0x02\n"
~"0xa488:\t0x01\t0x3b\t0x04\t0x03\t0x02\t0x07\t0x01\t0x00\n"
*running,thread-id="all"
=breakpoint-modified,bkpt={number="5",type="breakpoint",disp="keep",enabled="y",addr="0x00000ba9",thread-groups=["i1"],times="585",script={"silent","if *(unsigned char *)0x0061 != 0","printf \"SAMPLE %u FRAME %u\\n\", $samples, *(unsigned char *)0x0000","x/32bx 0xa470","set $samples = $samples + 1","end","if $samples >= 1024","disable 5","else","continue","end"},original-location="*0x0ba9"}
*stopped
~"SAMPLE 584 FRAME 180\n"
~"0xa470:\t0x01\t0x61\t0xe4\t0x00\t0x0a\t0x0e\t0x01\t0x01\n"
~"0xa478:\t0x01\t0x75\t0xcc\t0x00\t0x04\t0x12\t0x01\t0x01\n"
~"0xa480:\t0x01\t0x3a\t0x14\t0x00\t0x16\t0x06\t0x01\t0x02\n"
~"0xa488:\t0x01\t0x39\t0xc4\t0x00\t0x02\t0x06\t0x01\t0x00\n"
*running,thread-id="all"
=breakpoint-modified,bkpt={number="5",type="breakpoint",disp="keep",enabled="y",addr="0x00000ba9",thread-groups=["i1"],times="586",script={"silent","if *(unsigned char *)0x0061 != 0","printf \"SAMPLE %u FRAME %u\\n\", $samples, *(unsigned char *)0x0000","x/32bx 0xa470","set $samples = $samples + 1","end","if $samples >= 1024","disable 5","else","continue","end"},original-location="*0x0ba9"}
*stopped
~"SAMPLE 585 FRAME 184\n"
~"0xa470:\t0x01\t0x61\t0xe5\t0x01\t0x0a\t0x0e\t0x01\t0x01\n"
~"0xa478:\t0x01\t0x75\t0xcd\t0x01\t0x04\t0x12\t0x01\t0x01\n"
~"0xa480:\t0x01\t0x3b\t0x54\t0x01\t0x16\t0x06\t0x01\t0x02\n"
~"0xa488:\t0x01\t0x38\t0x84\t0x01\t0x02\t0x06\t0x01\t0x00\n"
*running,thread-id="all"
=breakpoint-modified,bkpt={number="5",type="breakpoint",disp="keep",enabled="y",addr="0x00000ba9",thread-groups=["i1"],times="587",script={"silent","if *(unsigned char *)0x0061 != 0","printf \"SAMPLE %u FRAME %u\\n\", $samples, *(unsigned char *)0x0000","x/32bx 0xa470","set $samples = $samples + 1","end","if $samples >= 1024","disable 5","else","continue","end"},original-location="*0x0ba9"}
*stopped
~"SAMPLE 586 FRAME 188\n"
~"0xa470:\t0x01\t0x61\t0xe6\t0x02\t0x0a\t0x0e\t0x01\t0x01\n"
~"0xa478:\t0x01\t0x75\t0xce\t0x02\t0x04\t0x12\t0x01\t0x01\n"
~"0xa480:\t0x01\t0x3c\t0x94\t0x02\t0x16\t0x06\t0x01\t0x02\n"
~"0xa488:\t0x01\t0x37\t0x44\t0x02\t0x02\t0x06\t0x01\t0x00\n"
*running,thread-id="all"
=breakpoint-modified,bkpt={number="5",type="breakpoint",disp="keep",enabled="y",addr="0x00000ba9",thread-groups=["i1"],times="588",script={"silent","if *(unsigned char *)0x0061 != 0","printf \"SAMPLE %u FRAME %u\\n\", $samples, *(unsigned char *)0x0000","x/32bx 0xa470","set $samples = $samples + 1","end","if $samples >= 1024","disable 5","else","continue","end"},original-location="*0x0ba9"}
*stopped
~"SAMPLE 587 FRAME 192\n"
~"0xa470:\t0x01\t0x61\t0xe7\t0x03\t0x0a\t0x0e\t0x01\t0x01\n"
~"0xa478:\t0x01\t0x75\t0xcf\t0x03\t0x04\t0x12\t0x01\t0x01\n"
~"0xa480:\t0x01\t0x3d\t0xd4\t0x03\t0x16\t0x06\t0x01\t0x02\n"
~"0xa488:\t0x01\t0x36\t0x04\t0x03\t0x02\t0x06\t0x01\t0x00\n"
*running,thread-id="all"
=breakpoint-modified,bkpt={number="5",type="breakpoint",disp="keep",enabled="y",addr="0x00000ba9",thread-groups=["i1"],times="589",script={"silent","if *(unsigned char *)0x0061 != 0","printf \"SAMPLE %u FRAME %u\\n\", $samples, *(unsigned char *)0x0000","x/32bx 0xa470","set $samples = $samples + 1","end","if $samples >= 1024","disable 5","else","continue","end"},original-location="*0x0ba9"}
*stopped
~"SAMPLE 588 FRAME 196\n"
~"0xa470:\t0x01\t0x61\t0xe8\t0x00\t0x0b\t0x0e\t0x01\t0x01\n"
~"0xa478:\t0x01\t0x75\t0xd0\t0x00\t0x05\t0x12\t0x01\t0x01\n"
~"0xa480:\t0x01\t0x3f\t0x14\t0x00\t0x16\t0x07\t0x01\t0x02\n"
~"0xa488:\t0x01\t0x34\t0xc4\t0x00\t0x02\t0x05\t0x01\t0x00\n"
*running,thread-id="all"
=breakpoint-modified,bkpt={number="5",type="breakpoint",disp="keep",enabled="y",addr="0x00000ba9",thread-groups=["i1"],times="590",script={"silent","if *(unsigned char *)0x0061 != 0","printf \"SAMPLE %u FRAME %u\\n\", $samples, *(unsigned char *)0x0000","x/32bx 0xa470","set $samples = $samples + 1","end","if $samples >= 1024","disable 5","else","continue","end"},original-location="*0x0ba9"}
*stopped
~"SAMPLE 589 FRAME 200\n"
~"0xa470:\t0x01\t0x61\t0xe9\t0x01\t0x0b\t0x0e\t0x01\t0x01\n"
~"0xa478:\t0x01\t0x75\t0xd1\t0x01\t0x05\t0x12\t0x01\t0x01\n"
~"0xa480:\t0x01\t0x40\t0x54\t0x01\t0x16\t0x07\t0x01\t0x02\n"
~"0xa488:\t0x01\t0x33\t0x84\t0x01\t0x02\t0x05\t0x01\t0x00\n"
*running,thread-id="all"
=breakpoint-modified,bkpt={number="5",type="breakpoint",disp="keep",enabled="y",addr="0x00000ba9",thread-groups=["i1"],times="591",script={"silent","if *(unsigned char *)0x0061 != 0","printf \"SAMPLE %u FRAME %u\\n\", $samples, *(unsigned char *)0x0000","x/32bx 0xa470","set $samples = $samples + 1","end","if $samples >= 1024","disable 5","else","continue","end"},original-location="*0x0ba9"}
*stopped
~"SAMPLE 590 FRAME 204\n"
~"0xa470:\t0x01\t0x61\t0xea\t0x02\t0x0b\t0x0e\t0x01\t0x01\n"
~"0xa478:\t0x01\t0x75\t0xd2\t0x02\t0x05\t0x12\t0x01\t0x01\n"
~"0xa480:\t0x01\t0x41\t0x94\t0x02\t0x16\t0x07\t0x01\t0x02\n"
~"0xa488:\t0x01\t0x32\t0x44\t0x02\t0x02\t0x05\t0x01\t0x00\n"
*running,thread-id="all"
=breakpoint-modified,bkpt={number="5",type="breakpoint",disp="keep",enabled="y",addr="0x00000ba9",thread-groups=["i1"],times="592",script={"silent","if *(unsigned char *)0x0061 != 0","printf \"SAMPLE %u FRAME %u\\n\", $samples, *(unsigned char *)0x0000","x/32bx 0xa470","set $samples = $samples + 1","end","if $samples >= 1024","disable 5","else","continue","end"},original-location="*0x0ba9"}
*stopped
~"SAMPLE 591 FRAME 208\n"
~"0xa470:\t0x01\t0x61\t0xeb\t0x03\t0x0b\t0x0e\t0x01\t0x01\n"
~"0xa478:\t0x01\t0x75\t0xd3\t0x03\t0x05\t0x12\t0x01\t0x01\n"
~"0xa480:\t0x01\t0x42\t0xd4\t0x03\t0x16\t0x07\t0x01\t0x02\n"
~"0xa488:\t0x01\t0x31\t0x04\t0x03\t0x02\t0x05\t0x01\t0x00\n"
*running,thread-id="all"
=breakpoint-modified,bkpt={number="5",type="breakpoint",disp="keep",enabled="y",addr="0x00000ba9",thread-groups=["i1"],times="593",script={"silent","if *(unsigned char *)0x0061 != 0","printf \"SAMPLE %u FRAME %u\\n\", $samples, *(unsigned char *)0x0000","x/32bx 0xa470","set $samples = $samples + 1","end","if $samples >= 1024","disable 5","else","continue","end"},original-location="*0x0ba9"}
*stopped
~"SAMPLE 592 FRAME 214\n"
~"0xa470:\t0x01\t0x61\t0xec\t0x00\t0x0c\t0x0e\t0x01\t0x01\n"
~"0xa478:\t0x01\t0x75\t0xd4\t0x00\t0x06\t0x12\t0x01\t0x00\n"
~"0xa480:\t0x01\t0x44\t0x14\t0x00\t0x16\t0x08\t0x01\t0x02\n"
~"0xa488:\t0x01\t0x2f\t0xc4\t0x00\t0x02\t0x04\t0x01\t0x00\n"
*running,thread-id="all"
=breakpoint-modified,bkpt={number="5",type="breakpoint",disp="keep",enabled="y",addr="0x00000ba9",thread-groups=["i1"],times="594",script={"silent","if *(unsigned char *)0x0061 != 0","printf \"SAMPLE %u FRAME %u\\n\", $samples, *(unsigned char *)0x0000","x/32bx 0xa470","set $samples = $samples + 1","end","if $samples >= 1024","disable 5","else","continue","end"},original-location="*0x0ba9"}
*stopped
~"SAMPLE 593 FRAME 218\n"
~"0xa470:\t0x01\t0x61\t0xed\t0x01\t0x0c\t0x0e\t0x01\t0x01\n"
~"0xa478:\t0x01\t0x74\t0x94\t0x01\t0x06\t0x12\t0x01\t0x00\n"
~"0xa480:\t0x01\t0x45\t0x54\t0x01\t0x16\t0x08\t0x01\t0x02\n"
~"0xa488:\t0x01\t0x2e\t0x84\t0x01\t0x02\t0x04\t0x01\t0x00\n"
*running,thread-id="all"
=breakpoint-modified,bkpt={number="5",type="breakpoint",disp="keep",enabled="y",addr="0x00000ba9",thread-groups=["i1"],times="595",script={"silent","if *(unsigned char *)0x0061 != 0","printf \"SAMPLE %u FRAME %u\\n\", $samples, *(unsigned char *)0x0000","x/32bx 0xa470","set $samples = $samples + 1","end","if $samples >= 1024","disable 5","else","continue","end"},original-location="*0x0ba9"}
*stopped
~"SAMPLE 594 FRAME 222\n"
~"0xa470:\t0x01\t0x61\t0xee\t0x02\t0x0c\t0x0e\t0x01\t0x01\n"
~"0xa478:\t0x01\t0x73\t0x54\t0x02\t0x06\t0x12\t0x01\t0x00\n"
~"0xa480:\t0x01\t0x46\t0x94\t0x02\t0x16\t0x08\t0x01\t0x02\n"
~"0xa488:\t0x01\t0x2d\t0x44\t0x02\t0x02\t0x04\t0x01\t0x00\n"
*running,thread-id="all"
=breakpoint-modified,bkpt={number="5",type="breakpoint",disp="keep",enabled="y",addr="0x00000ba9",thread-groups=["i1"],times="596",script={"silent","if *(unsigned char *)0x0061 != 0","printf \"SAMPLE %u FRAME %u\\n\", $samples, *(unsigned char *)0x0000","x/32bx 0xa470","set $samples = $samples + 1","end","if $samples >= 1024","disable 5","else","continue","end"},original-location="*0x0ba9"}
*stopped
~"SAMPLE 595 FRAME 226\n"
~"0xa470:\t0x01\t0x61\t0xef\t0x03\t0x0c\t0x0e\t0x01\t0x01\n"
~"0xa478:\t0x01\t0x72\t0x14\t0x03\t0x06\t0x12\t0x01\t0x00\n"
~"0xa480:\t0x01\t0x47\t0xd4\t0x03\t0x16\t0x08\t0x01\t0x02\n"
~"0xa488:\t0x01\t0x2c\t0x04\t0x03\t0x02\t0x04\t0x01\t0x00\n"
*running,thread-id="all"
=breakpoint-modified,bkpt={number="5",type="breakpoint",disp="keep",enabled="y",addr="0x00000ba9",thread-groups=["i1"],times="597",script={"silent","if *(unsigned char *)0x0061 != 0","printf \"SAMPLE %u FRAME %u\\n\", $samples, *(unsigned char *)0x0000","x/32bx 0xa470","set $samples = $samples + 1","end","if $samples >= 1024","disable 5","else","continue","end"},original-location="*0x0ba9"}
*stopped
~"SAMPLE 596 FRAME 230\n"
~"0xa470:\t0x01\t0x61\t0xf0\t0x00\t0x0d\t0x0e\t0x01\t0x01\n"
~"0xa478:\t0x01\t0x70\t0xd4\t0x00\t0x06\t0x11\t0x01\t0x00\n"
~"0xa480:\t0x01\t0x49\t0x14\t0x00\t0x16\t0x09\t0x01\t0x02\n"
~"0xa488:\t0x01\t0x2a\t0xc4\t0x00\t0x02\t0x03\t0x01\t0x00\n"
*running,thread-id="all"
=breakpoint-modified,bkpt={number="5",type="breakpoint",disp="keep",enabled="y",addr="0x00000ba9",thread-groups=["i1"],times="598",script={"silent","if *(unsigned char *)0x0061 != 0","printf \"SAMPLE %u FRAME %u\\n\", $samples, *(unsigned char *)0x0000","x/32bx 0xa470","set $samples = $samples + 1","end","if $samples >= 1024","disable 5","else","continue","end"},original-location="*0x0ba9"}
*stopped
~"SAMPLE 597 FRAME 234\n"
~"0xa470:\t0x01\t0x61\t0xf1\t0x01\t0x0d\t0x0e\t0x01\t0x01\n"
~"0xa478:\t0x01\t0x6f\t0x94\t0x01\t0x06\t0x11\t0x01\t0x00\n"
~"0xa480:\t0x01\t0x4a\t0x54\t0x01\t0x16\t0x09\t0x01\t0x02\n"
~"0xa488:\t0x01\t0x29\t0x84\t0x01\t0x02\t0x03\t0x01\t0x00\n"
*running,thread-id="all"
=breakpoint-modified,bkpt={number="5",type="breakpoint",disp="keep",enabled="y",addr="0x00000ba9",thread-groups=["i1"],times="599",script={"silent","if *(unsigned char *)0x0061 != 0","printf \"SAMPLE %u FRAME %u\\n\", $samples, *(unsigned char *)0x0000","x/32bx 0xa470","set $samples = $samples + 1","end","if $samples >= 1024","disable 5","else","continue","end"},original-location="*0x0ba9"}
*stopped
~"SAMPLE 598 FRAME 238\n"
~"0xa470:\t0x01\t0x61\t0xf2\t0x02\t0x0d\t0x0e\t0x01\t0x01\n"
~"0xa478:\t0x01\t0x6e\t0x54\t0x02\t0x06\t0x11\t0x01\t0x00\n"
~"0xa480:\t0x01\t0x4b\t0x94\t0x02\t0x16\t0x09\t0x01\t0x02\n"
~"0xa488:\t0x01\t0x28\t0x44\t0x02\t0x02\t0x03\t0x01\t0x00\n"
*running,thread-id="all"
=breakpoint-modified,bkpt={number="5",type="breakpoint",disp="keep",enabled="y",addr="0x00000ba9",thread-groups=["i1"],times="600",script={"silent","if *(unsigned char *)0x0061 != 0","printf \"SAMPLE %u FRAME %u\\n\", $samples, *(unsigned char *)0x0000","x/32bx 0xa470","set $samples = $samples + 1","end","if $samples >= 1024","disable 5","else","continue","end"},original-location="*0x0ba9"}
*stopped
~"SAMPLE 599 FRAME 242\n"
~"0xa470:\t0x01\t0x61\t0xf3\t0x03\t0x0d\t0x0e\t0x01\t0x01\n"
~"0xa478:\t0x01\t0x6d\t0x14\t0x03\t0x06\t0x11\t0x01\t0x00\n"
~"0xa480:\t0x01\t0x4c\t0xd4\t0x03\t0x16\t0x09\t0x01\t0x02\n"
~"0xa488:\t0x01\t0x27\t0x04\t0x03\t0x02\t0x03\t0x01\t0x00\n"
*running,thread-id="all"
=breakpoint-modified,bkpt={number="5",type="breakpoint",disp="keep",enabled="y",addr="0x00000ba9",thread-groups=["i1"],times="601",script={"silent","if *(unsigned char *)0x0061 != 0","printf \"SAMPLE %u FRAME %u\\n\", $samples, *(unsigned char *)0x0000","x/32bx 0xa470","set $samples = $samples + 1","end","if $samples >= 1024","disable 5","else","continue","end"},original-location="*0x0ba9"}
*stopped
~"SAMPLE 600 FRAME 246\n"
~"0xa470:\t0x01\t0x61\t0xf4\t0x00\t0x0e\t0x0e\t0x01\t0x00\n"
~"0xa478:\t0x01\t0x6b\t0xd4\t0x00\t0x06\t0x10\t0x01\t0x00\n"
~"0xa480:\t0x01\t0x4e\t0x14\t0x00\t0x16\t0x0a\t0x01\t0x02\n"
~"0xa488:\t0x01\t0x25\t0xc4\t0x00\t0x02\t0x02\t0x01\t0x01\n"
*running,thread-id="all"
=breakpoint-modified,bkpt={number="5",type="breakpoint",disp="keep",enabled="y",addr="0x00000ba9",thread-groups=["i1"],times="602",script={"silent","if *(unsigned char *)0x0061 != 0","printf \"SAMPLE %u FRAME %u\\n\", $samples, *(unsigned char *)0x0000","x/32bx 0xa470","set $samples = $samples + 1","end","if $samples >= 1024","disable 5","else","continue","end"},original-location="*0x0ba9"}
*stopped
~"SAMPLE 601 FRAME 250\n"
~"0xa470:\t0x01\t0x60\t0xb4\t0x01\t0x0e\t0x0e\t0x01\t0x00\n"
~"0xa478:\t0x01\t0x6a\t0x94\t0x01\t0x06\t0x10\t0x01\t0x00\n"
~"0xa480:\t0x01\t0x4f\t0x54\t0x01\t0x16\t0x0a\t0x01\t0x02\n"
~"0xa488:\t0x01\t0x25\t0xc5\t0x01\t0x02\t0x02\t0x01\t0x01\n"
*running,thread-id="all"
=breakpoint-modified,bkpt={number="5",type="breakpoint",disp="keep",enabled="y",addr="0x00000ba9",thread-groups=["i1"],times="603",script={"silent","if *(unsigned char *)0x0061 != 0","printf \"SAMPLE %u FRAME %u\\n\", $samples, *(unsigned char *)0x0000","x/32bx 0xa470","set $samples = $samples + 1","end","if $samples >= 1024","disable 5","else","continue","end"},original-location="*0x0ba9"}
*stopped
~"SAMPLE 602 FRAME 254\n"
~"0xa470:\t0x01\t0x5f\t0x74\t0x02\t0x0e\t0x0e\t0x01\t0x00\n"
~"0xa478:\t0x01\t0x69\t0x54\t0x02\t0x06\t0x10\t0x01\t0x00\n"
~"0xa480:\t0x01\t0x50\t0x94\t0x02\t0x16\t0x0a\t0x01\t0x02\n"
~"0xa488:\t0x01\t0x25\t0xc6\t0x02\t0x02\t0x02\t0x01\t0x01\n"
*running,thread-id="all"
=breakpoint-modified,bkpt={number="5",type="breakpoint",disp="keep",enabled="y",addr="0x00000ba9",thread-groups=["i1"],times="604",script={"silent","if *(unsigned char *)0x0061 != 0","printf \"SAMPLE %u FRAME %u\\n\", $samples, *(unsigned char *)0x0000","x/32bx 0xa470","set $samples = $samples + 1","end","if $samples >= 1024","disable 5","else","continue","end"},original-location="*0x0ba9"}
*stopped
~"SAMPLE 603 FRAME 2\n"
~"0xa470:\t0x01\t0x5e\t0x34\t0x03\t0x0e\t0x0e\t0x01\t0x00\n"
~"0xa478:\t0x01\t0x68\t0x14\t0x03\t0x06\t0x10\t0x01\t0x00\n"
~"0xa480:\t0x01\t0x51\t0xd4\t0x03\t0x16\t0x0a\t0x01\t0x02\n"
~"0xa488:\t0x01\t0x25\t0xc7\t0x03\t0x02\t0x02\t0x01\t0x01\n"
*running,thread-id="all"
=breakpoint-modified,bkpt={number="5",type="breakpoint",disp="keep",enabled="y",addr="0x00000ba9",thread-groups=["i1"],times="605",script={"silent","if *(unsigned char *)0x0061 != 0","printf \"SAMPLE %u FRAME %u\\n\", $samples, *(unsigned char *)0x0000","x/32bx 0xa470","set $samples = $samples + 1","end","if $samples >= 1024","disable 5","else","continue","end"},original-location="*0x0ba9"}
*stopped
~"SAMPLE 604 FRAME 8\n"
~"0xa470:\t0x01\t0x5c\t0xf4\t0x00\t0x0e\t0x0d\t0x01\t0x00\n"
~"0xa478:\t0x01\t0x66\t0xd4\t0x00\t0x06\t0x0f\t0x01\t0x00\n"
~"0xa480:\t0x01\t0x53\t0x14\t0x00\t0x16\t0x0b\t0x01\t0x02\n"
~"0xa488:\t0x01\t0x25\t0xc8\t0x00\t0x03\t0x02\t0x01\t0x01\n"
*running,thread-id="all"
=breakpoint-modified,bkpt={number="5",type="breakpoint",disp="keep",enabled="y",addr="0x00000ba9",thread-groups=["i1"],times="606",script={"silent","if *(unsigned char *)0x0061 != 0","printf \"SAMPLE %u FRAME %u\\n\", $samples, *(unsigned char *)0x0000","x/32bx 0xa470","set $samples = $samples + 1","end","if $samples >= 1024","disable 5","else","continue","end"},original-location="*0x0ba9"}
*stopped
~"SAMPLE 605 FRAME 12\n"
~"0xa470:\t0x01\t0x5b\t0xb4\t0x01\t0x0e\t0x0d\t0x01\t0x00\n"
~"0xa478:\t0x01\t0x65\t0x94\t0x01\t0x06\t0x0f\t0x01\t0x00\n"
~"0xa480:\t0x01\t0x54\t0x54\t0x01\t0x16\t0x0b\t0x01\t0x02\n"
~"0xa488:\t0x01\t0x25\t0xc9\t0x01\t0x03\t0x02\t0x01\t0x01\n"
*running,thread-id="all"
=breakpoint-modified,bkpt={number="5",type="breakpoint",disp="keep",enabled="y",addr="0x00000ba9",thread-groups=["i1"],times="607",script={"silent","if *(unsigned char *)0x0061 != 0","printf \"SAMPLE %u FRAME %u\\n\", $samples, *(unsigned char *)0x0000","x/32bx 0xa470","set $samples = $samples + 1","end","if $samples >= 1024","disable 5","else","continue","end"},original-location="*0x0ba9"}
*stopped
~"SAMPLE 606 FRAME 16\n"
~"0xa470:\t0x01\t0x5a\t0x74\t0x02\t0x0e\t0x0d\t0x01\t0x00\n"
~"0xa478:\t0x01\t0x64\t0x54\t0x02\t0x06\t0x0f\t0x01\t0x00\n"
~"0xa480:\t0x01\t0x55\t0x94\t0x02\t0x16\t0x0b\t0x01\t0x02\n"
~"0xa488:\t0x01\t0x25\t0xca\t0x02\t0x03\t0x02\t0x01\t0x01\n"
*running,thread-id="all"
=breakpoint-modified,bkpt={number="5",type="breakpoint",disp="keep",enabled="y",addr="0x00000ba9",thread-groups=["i1"],times="608",script={"silent","if *(unsigned char *)0x0061 != 0","printf \"SAMPLE %u FRAME %u\\n\", $samples, *(unsigned char *)0x0000","x/32bx 0xa470","set $samples = $samples + 1","end","if $samples >= 1024","disable 5","else","continue","end"},original-location="*0x0ba9"}
*stopped
~"SAMPLE 607 FRAME 20\n"
~"0xa470:\t0x01\t0x59\t0x34\t0x03\t0x0e\t0x0d\t0x01\t0x00\n"
~"0xa478:\t0x01\t0x63\t0x14\t0x03\t0x06\t0x0f\t0x01\t0x00\n"
~"0xa480:\t0x01\t0x56\t0xd4\t0x03\t0x16\t0x0b\t0x01\t0x02\n"
~"0xa488:\t0x01\t0x25\t0xcb\t0x03\t0x03\t0x02\t0x01\t0x01\n"
*running,thread-id="all"
=breakpoint-modified,bkpt={number="5",type="breakpoint",disp="keep",enabled="y",addr="0x00000ba9",thread-groups=["i1"],times="609",script={"silent","if *(unsigned char *)0x0061 != 0","printf \"SAMPLE %u FRAME %u\\n\", $samples, *(unsigned char *)0x0000","x/32bx 0xa470","set $samples = $samples + 1","end","if $samples >= 1024","disable 5","else","continue","end"},original-location="*0x0ba9"}
*stopped
~"SAMPLE 608 FRAME 24\n"
~"0xa470:\t0x01\t0x57\t0xf4\t0x00\t0x0e\t0x0c\t0x01\t0x00\n"
~"0xa478:\t0x01\t0x61\t0xd4\t0x00\t0x06\t0x0e\t0x01\t0x00\n"
~"0xa480:\t0x01\t0x58\t0x14\t0x00\t0x16\t0x0c\t0x01\t0x02\n"
~"0xa488:\t0x01\t0x25\t0xcc\t0x00\t0x04\t0x02\t0x01\t0x01\n"
*running,thread-id="all"
=breakpoint-modified,bkpt={number="5",type="breakpoint",disp="keep",enabled="y",addr="0x00000ba9",thread-groups=["i1"],times="610",script={"silent","if *(unsigned char *)0x0061 != 0","printf \"SAMPLE %u FRAME %u\\n\", $samples, *(unsigned char *)0x0000","x/32bx 0xa470","set $samples = $samples + 1","end","if $samples >= 1024","disable 5","else","continue","end"},original-location="*0x0ba9"}
*stopped
~"SAMPLE 609 FRAME 28\n"
~"0xa470:\t0x01\t0x56\t0xb4\t0x01\t0x0e\t0x0c\t0x01\t0x00\n"
~"0xa478:\t0x01\t0x60\t0x94\t0x01\t0x06\t0x0e\t0x01\t0x00\n"
~"0xa480:\t0x01\t0x59\t0x54\t0x01\t0x16\t0x0c\t0x01\t0x02\n"
~"0xa488:\t0x01\t0x25\t0xcd\t0x01\t0x04\t0x02\t0x01\t0x01\n"
*running,thread-id="all"
=breakpoint-modified,bkpt={number="5",type="breakpoint",disp="keep",enabled="y",addr="0x00000ba9",thread-groups=["i1"],times="611",script={"silent","if *(unsigned char *)0x0061 != 0","printf \"SAMPLE %u FRAME %u\\n\", $samples, *(unsigned char *)0x0000","x/32bx 0xa470","set $samples = $samples + 1","end","if $samples >= 1024","disable 5","else","continue","end"},original-location="*0x0ba9"}
*stopped
~"SAMPLE 610 FRAME 32\n"
~"0xa470:\t0x01\t0x55\t0x74\t0x02\t0x0e\t0x0c\t0x01\t0x00\n"
~"0xa478:\t0x01\t0x5f\t0x54\t0x02\t0x06\t0x0e\t0x01\t0x00\n"
~"0xa480:\t0x01\t0x5a\t0x94\t0x02\t0x16\t0x0c\t0x01\t0x02\n"
~"0xa488:\t0x01\t0x25\t0xce\t0x02\t0x04\t0x02\t0x01\t0x01\n"
*running,thread-id="all"
=breakpoint-modified,bkpt={number="5",type="breakpoint",disp="keep",enabled="y",addr="0x00000ba9",thread-groups=["i1"],times="612",script={"silent","if *(unsigned char *)0x0061 != 0","printf \"SAMPLE %u FRAME %u\\n\", $samples, *(unsigned char *)0x0000","x/32bx 0xa470","set $samples = $samples + 1","end","if $samples >= 1024","disable 5","else","continue","end"},original-location="*0x0ba9"}
*stopped
~"SAMPLE 611 FRAME 36\n"
~"0xa470:\t0x01\t0x54\t0x34\t0x03\t0x0e\t0x0c\t0x01\t0x00\n"
~"0xa478:\t0x01\t0x5e\t0x14\t0x03\t0x06\t0x0e\t0x01\t0x00\n"
~"0xa480:\t0x01\t0x5b\t0xd4\t0x03\t0x16\t0x0c\t0x01\t0x02\n"
~"0xa488:\t0x01\t0x25\t0xcf\t0x03\t0x04\t0x02\t0x01\t0x01\n"
*running,thread-id="all"
=breakpoint-modified,bkpt={number="5",type="breakpoint",disp="keep",enabled="y",addr="0x00000ba9",thread-groups=["i1"],times="613",script={"silent","if *(unsigned char *)0x0061 != 0","printf \"SAMPLE %u FRAME %u\\n\", $samples, *(unsigned char *)0x0000","x/32bx 0xa470","set $samples = $samples + 1","end","if $samples >= 1024","disable 5","else","continue","end"},original-location="*0x0ba9"}
*stopped
~"SAMPLE 612 FRAME 40\n"
~"0xa470:\t0x01\t0x52\t0xf4\t0x00\t0x0e\t0x0b\t0x01\t0x00\n"
~"0xa478:\t0x01\t0x5c\t0xd4\t0x00\t0x06\t0x0d\t0x01\t0x00\n"
~"0xa480:\t0x01\t0x5d\t0x14\t0x00\t0x16\t0x0d\t0x01\t0x02\n"
~"0xa488:\t0x01\t0x25\t0xd0\t0x00\t0x05\t0x02\t0x01\t0x01\n"
*running,thread-id="all"
=breakpoint-modified,bkpt={number="5",type="breakpoint",disp="keep",enabled="y",addr="0x00000ba9",thread-groups=["i1"],times="614",script={"silent","if *(unsigned char *)0x0061 != 0","printf \"SAMPLE %u FRAME %u\\n\", $samples, *(unsigned char *)0x0000","x/32bx 0xa470","set $samples = $samples + 1","end","if $samples >= 1024","disable 5","else","continue","end"},original-location="*0x0ba9"}
*stopped
~"SAMPLE 613 FRAME 44\n"
~"0xa470:\t0x01\t0x51\t0xb4\t0x01\t0x0e\t0x0b\t0x01\t0x00\n"
~"0xa478:\t0x01\t0x5b\t0x94\t0x01\t0x06\t0x0d\t0x01\t0x00\n"
~"0xa480:\t0x01\t0x5e\t0x54\t0x01\t0x16\t0x0d\t0x01\t0x02\n"
~"0xa488:\t0x01\t0x25\t0xd1\t0x01\t0x05\t0x02\t0x01\t0x01\n"
*running,thread-id="all"
=breakpoint-modified,bkpt={number="5",type="breakpoint",disp="keep",enabled="y",addr="0x00000ba9",thread-groups=["i1"],times="615",script={"silent","if *(unsigned char *)0x0061 != 0","printf \"SAMPLE %u FRAME %u\\n\", $samples, *(unsigned char *)0x0000","x/32bx 0xa470","set $samples = $samples + 1","end","if $samples >= 1024","disable 5","else","continue","end"},original-location="*0x0ba9"}
*stopped
~"SAMPLE 614 FRAME 48\n"
~"0xa470:\t0x01\t0x50\t0x74\t0x02\t0x0e\t0x0b\t0x01\t0x00\n"
~"0xa478:\t0x01\t0x5a\t0x54\t0x02\t0x06\t0x0d\t0x01\t0x00\n"
~"0xa480:\t0x01\t0x5f\t0x94\t0x02\t0x16\t0x0d\t0x01\t0x02\n"
~"0xa488:\t0x01\t0x25\t0xd2\t0x02\t0x05\t0x02\t0x01\t0x01\n"
*running,thread-id="all"
=breakpoint-modified,bkpt={number="5",type="breakpoint",disp="keep",enabled="y",addr="0x00000ba9",thread-groups=["i1"],times="616",script={"silent","if *(unsigned char *)0x0061 != 0","printf \"SAMPLE %u FRAME %u\\n\", $samples, *(unsigned char *)0x0000","x/32bx 0xa470","set $samples = $samples + 1","end","if $samples >= 1024","disable 5","else","continue","end"},original-location="*0x0ba9"}
*stopped
~"SAMPLE 615 FRAME 52\n"
~"0xa470:\t0x01\t0x4f\t0x34\t0x03\t0x0e\t0x0b\t0x01\t0x00\n"
~"0xa478:\t0x01\t0x59\t0x14\t0x03\t0x06\t0x0d\t0x01\t0x00\n"
~"0xa480:\t0x01\t0x60\t0xd4\t0x03\t0x16\t0x0d\t0x01\t0x02\n"
~"0xa488:\t0x01\t0x25\t0xd3\t0x03\t0x05\t0x02\t0x01\t0x01\n"
*running,thread-id="all"
=breakpoint-modified,bkpt={number="5",type="breakpoint",disp="keep",enabled="y",addr="0x00000ba9",thread-groups=["i1"],times="617",script={"silent","if *(unsigned char *)0x0061 != 0","printf \"SAMPLE %u FRAME %u\\n\", $samples, *(unsigned char *)0x0000","x/32bx 0xa470","set $samples = $samples + 1","end","if $samples >= 1024","disable 5","else","continue","end"},original-location="*0x0ba9"}
*stopped
~"SAMPLE 616 FRAME 58\n"
~"0xa470:\t0x01\t0x4d\t0xf4\t0x00\t0x0e\t0x0a\t0x01\t0x01\n"
~"0xa478:\t0x01\t0x57\t0xd4\t0x00\t0x06\t0x0c\t0x01\t0x00\n"
~"0xa480:\t0x01\t0x62\t0x14\t0x00\t0x16\t0x0e\t0x01\t0x02\n"
~"0xa488:\t0x01\t0x25\t0xd4\t0x00\t0x06\t0x02\t0x01\t0x01\n"
*running,thread-id="all"
=breakpoint-modified,bkpt={number="5",type="breakpoint",disp="keep",enabled="y",addr="0x00000ba9",thread-groups=["i1"],times="618",script={"silent","if *(unsigned char *)0x0061 != 0","printf \"SAMPLE %u FRAME %u\\n\", $samples, *(unsigned char *)0x0000","x/32bx 0xa470","set $samples = $samples + 1","end","if $samples >= 1024","disable 5","else","continue","end"},original-location="*0x0ba9"}
*stopped
~"SAMPLE 617 FRAME 62\n"
~"0xa470:\t0x01\t0x4d\t0xf5\t0x01\t0x0e\t0x0a\t0x01\t0x01\n"
~"0xa478:\t0x01\t0x56\t0x94\t0x01\t0x06\t0x0c\t0x01\t0x00\n"
~"0xa480:\t0x01\t0x63\t0x54\t0x01\t0x16\t0x0e\t0x01\t0x02\n"
~"0xa488:\t0x01\t0x25\t0xd5\t0x01\t0x06\t0x02\t0x01\t0x01\n"
*running,thread-id="all"
=breakpoint-modified,bkpt={number="5",type="breakpoint",disp="keep",enabled="y",addr="0x00000ba9",thread-groups=["i1"],times="619",script={"silent","if *(unsigned char *)0x0061 != 0","printf \"SAMPLE %u FRAME %u\\n\", $samples, *(unsigned char *)0x0000","x/32bx 0xa470","set $samples = $samples + 1","end","if $samples >= 1024","disable 5","else","continue","end"},original-location="*0x0ba9"}
*stopped
~"SAMPLE 618 FRAME 66\n"
~"0xa470:\t0x01\t0x4d\t0xf6\t0x02\t0x0e\t0x0a\t0x01\t0x01\n"
~"0xa478:\t0x01\t0x55\t0x54\t0x02\t0x06\t0x0c\t0x01\t0x00\n"
~"0xa480:\t0x01\t0x64\t0x94\t0x02\t0x16\t0x0e\t0x01\t0x02\n"
~"0xa488:\t0x01\t0x25\t0xd6\t0x02\t0x06\t0x02\t0x01\t0x01\n"
*running,thread-id="all"
=breakpoint-modified,bkpt={number="5",type="breakpoint",disp="keep",enabled="y",addr="0x00000ba9",thread-groups=["i1"],times="620",script={"silent","if *(unsigned char *)0x0061 != 0","printf \"SAMPLE %u FRAME %u\\n\", $samples, *(unsigned char *)0x0000","x/32bx 0xa470","set $samples = $samples + 1","end","if $samples >= 1024","disable 5","else","continue","end"},original-location="*0x0ba9"}
*stopped
~"SAMPLE 619 FRAME 70\n"
~"0xa470:\t0x01\t0x4d\t0xf7\t0x03\t0x0e\t0x0a\t0x01\t0x01\n"
~"0xa478:\t0x01\t0x54\t0x14\t0x03\t0x06\t0x0c\t0x01\t0x00\n"
~"0xa480:\t0x01\t0x65\t0xd4\t0x03\t0x16\t0x0e\t0x01\t0x02\n"
~"0xa488:\t0x01\t0x25\t0xd7\t0x03\t0x06\t0x02\t0x01\t0x01\n"
*running,thread-id="all"
=breakpoint-modified,bkpt={number="5",type="breakpoint",disp="keep",enabled="y",addr="0x00000ba9",thread-groups=["i1"],times="621",script={"silent","if *(unsigned char *)0x0061 != 0","printf \"SAMPLE %u FRAME %u\\n\", $samples, *(unsigned char *)0x0000","x/32bx 0xa470","set $samples = $samples + 1","end","if $samples >= 1024","disable 5","else","continue","end"},original-location="*0x0ba9"}
*stopped
~"SAMPLE 620 FRAME 74\n"
~"0xa470:\t0x01\t0x4d\t0xf8\t0x00\t0x0f\t0x0a\t0x01\t0x01\n"
~"0xa478:\t0x01\t0x52\t0xd4\t0x00\t0x06\t0x0b\t0x01\t0x00\n"
~"0xa480:\t0x01\t0x67\t0x14\t0x00\t0x16\t0x0f\t0x01\t0x02\n"
~"0xa488:\t0x01\t0x25\t0xd8\t0x00\t0x07\t0x02\t0x01\t0x01\n"
*running,thread-id="all"
=breakpoint-modified,bkpt={number="5",type="breakpoint",disp="keep",enabled="y",addr="0x00000ba9",thread-groups=["i1"],times="622",script={"silent","if *(unsigned char *)0x0061 != 0","printf \"SAMPLE %u FRAME %u\\n\", $samples, *(unsigned char *)0x0000","x/32bx 0xa470","set $samples = $samples + 1","end","if $samples >= 1024","disable 5","else","continue","end"},original-location="*0x0ba9"}
*stopped
~"SAMPLE 621 FRAME 78\n"
~"0xa470:\t0x01\t0x4d\t0xf9\t0x01\t0x0f\t0x0a\t0x01\t0x01\n"
~"0xa478:\t0x01\t0x51\t0x94\t0x01\t0x06\t0x0b\t0x01\t0x00\n"
~"0xa480:\t0x01\t0x68\t0x54\t0x01\t0x16\t0x0f\t0x01\t0x02\n"
~"0xa488:\t0x01\t0x25\t0xd9\t0x01\t0x07\t0x02\t0x01\t0x01\n"
*running,thread-id="all"
=breakpoint-modified,bkpt={number="5",type="breakpoint",disp="keep",enabled="y",addr="0x00000ba9",thread-groups=["i1"],times="623",script={"silent","if *(unsigned char *)0x0061 != 0","printf \"SAMPLE %u FRAME %u\\n\", $samples, *(unsigned char *)0x0000","x/32bx 0xa470","set $samples = $samples + 1","end","if $samples >= 1024","disable 5","else","continue","end"},original-location="*0x0ba9"}
*stopped
~"SAMPLE 622 FRAME 82\n"
~"0xa470:\t0x01\t0x4d\t0xfa\t0x02\t0x0f\t0x0a\t0x01\t0x01\n"
~"0xa478:\t0x01\t0x50\t0x54\t0x02\t0x06\t0x0b\t0x01\t0x00\n"
~"0xa480:\t0x01\t0x69\t0x94\t0x02\t0x16\t0x0f\t0x01\t0x02\n"
~"0xa488:\t0x01\t0x25\t0xda\t0x02\t0x07\t0x02\t0x01\t0x01\n"
*running,thread-id="all"
=breakpoint-modified,bkpt={number="5",type="breakpoint",disp="keep",enabled="y",addr="0x00000ba9",thread-groups=["i1"],times="624",script={"silent","if *(unsigned char *)0x0061 != 0","printf \"SAMPLE %u FRAME %u\\n\", $samples, *(unsigned char *)0x0000","x/32bx 0xa470","set $samples = $samples + 1","end","if $samples >= 1024","disable 5","else","continue","end"},original-location="*0x0ba9"}
*stopped
~"SAMPLE 623 FRAME 86\n"
~"0xa470:\t0x01\t0x4d\t0xfb\t0x03\t0x0f\t0x0a\t0x01\t0x01\n"
~"0xa478:\t0x01\t0x4f\t0x14\t0x03\t0x06\t0x0b\t0x01\t0x00\n"
~"0xa480:\t0x01\t0x6a\t0xd4\t0x03\t0x16\t0x0f\t0x01\t0x02\n"
~"0xa488:\t0x01\t0x25\t0xdb\t0x03\t0x07\t0x02\t0x01\t0x01\n"
*running,thread-id="all"
=breakpoint-modified,bkpt={number="5",type="breakpoint",disp="keep",enabled="y",addr="0x00000ba9",thread-groups=["i1"],times="625",script={"silent","if *(unsigned char *)0x0061 != 0","printf \"SAMPLE %u FRAME %u\\n\", $samples, *(unsigned char *)0x0000","x/32bx 0xa470","set $samples = $samples + 1","end","if $samples >= 1024","disable 5","else","continue","end"},original-location="*0x0ba9"}
*stopped
~"SAMPLE 624 FRAME 90\n"
~"0xa470:\t0x01\t0x4d\t0xfc\t0x00\t0x10\t0x0a\t0x01\t0x02\n"
~"0xa478:\t0x01\t0x4d\t0xd4\t0x00\t0x06\t0x0a\t0x01\t0x03\n"
~"0xa480:\t0x01\t0x6c\t0x14\t0x00\t0x16\t0x10\t0x01\t0x02\n"
~"0xa488:\t0x01\t0x25\t0xdc\t0x00\t0x08\t0x02\t0x01\t0x01\n"
*running,thread-id="all"
=breakpoint-modified,bkpt={number="5",type="breakpoint",disp="keep",enabled="y",addr="0x00000ba9",thread-groups=["i1"],times="626",script={"silent","if *(unsigned char *)0x0061 != 0","printf \"SAMPLE %u FRAME %u\\n\", $samples, *(unsigned char *)0x0000","x/32bx 0xa470","set $samples = $samples + 1","end","if $samples >= 1024","disable 5","else","continue","end"},original-location="*0x0ba9"}
*stopped
~"SAMPLE 625 FRAME 94\n"
~"0xa470:\t0x01\t0x4f\t0x3c\t0x01\t0x10\t0x0a\t0x01\t0x02\n"
~"0xa478:\t0x01\t0x4d\t0xd3\t0x01\t0x06\t0x0a\t0x01\t0x03\n"
~"0xa480:\t0x01\t0x6d\t0x54\t0x01\t0x16\t0x10\t0x01\t0x02\n"
~"0xa488:\t0x01\t0x25\t0xdd\t0x01\t0x08\t0x02\t0x01\t0x01\n"
*running,thread-id="all"
=breakpoint-modified,bkpt={number="5",type="breakpoint",disp="keep",enabled="y",addr="0x00000ba9",thread-groups=["i1"],times="627",script={"silent","if *(unsigned char *)0x0061 != 0","printf \"SAMPLE %u FRAME %u\\n\", $samples, *(unsigned char *)0x0000","x/32bx 0xa470","set $samples = $samples + 1","end","if $samples >= 1024","disable 5","else","continue","end"},original-location="*0x0ba9"}
*stopped
~"SAMPLE 626 FRAME 98\n"
~"0xa470:\t0x01\t0x50\t0x7c\t0x02\t0x10\t0x0a\t0x01\t0x02\n"
~"0xa478:\t0x01\t0x4d\t0xd2\t0x02\t0x06\t0x0a\t0x01\t0x03\n"
~"0xa480:\t0x01\t0x6e\t0x94\t0x02\t0x16\t0x10\t0x01\t0x02\n"
~"0xa488:\t0x01\t0x25\t0xde\t0x02\t0x08\t0x02\t0x01\t0x01\n"
*running,thread-id="all"
=breakpoint-modified,bkpt={number="5",type="breakpoint",disp="keep",enabled="y",addr="0x00000ba9",thread-groups=["i1"],times="628",script={"silent","if *(unsigned char *)0x0061 != 0","printf \"SAMPLE %u FRAME %u\\n\", $samples, *(unsigned char *)0x0000","x/32bx 0xa470","set $samples = $samples + 1","end","if $samples >= 1024","disable 5","else","continue","end"},original-location="*0x0ba9"}
*stopped
~"SAMPLE 627 FRAME 102\n"
~"0xa470:\t0x01\t0x51\t0xbc\t0x03\t0x10\t0x0a\t0x01\t0x02\n"
~"0xa478:\t0x01\t0x4d\t0xd1\t0x03\t0x06\t0x0a\t0x01\t0x03\n"
~"0xa480:\t0x01\t0x6f\t0xd4\t0x03\t0x16\t0x10\t0x01\t0x02\n"
~"0xa488:\t0x01\t0x25\t0xdf\t0x03\t0x08\t0x02\t0x01\t0x01\n"
*running,thread-id="all"
=breakpoint-modified,bkpt={number="5",type="breakpoint",disp="keep",enabled="y",addr="0x00000ba9",thread-groups=["i1"],times="629",script={"silent","if *(unsigned char *)0x0061 != 0","printf \"SAMPLE %u FRAME %u\\n\", $samples, *(unsigned char *)0x0000","x/32bx 0xa470","set $samples = $samples + 1","end","if $samples >= 1024","disable 5","else","continue","end"},original-location="*0x0ba9"}
*stopped
~"SAMPLE 628 FRAME 108\n"
~"0xa470:\t0x01\t0x52\t0xfc\t0x00\t0x10\t0x0b\t0x01\t0x02\n"
~"0xa478:\t0x01\t0x4d\t0xd0\t0x00\t0x05\t0x0a\t0x01\t0x03\n"
~"0xa480:\t0x01\t0x71\t0x14\t0x00\t0x16\t0x11\t0x01\t0x02\n"
~"0xa488:\t0x01\t0x25\t0xe0\t0x00\t0x09\t0x02\t0x01\t0x01\n"
*running,thread-id="all"
=breakpoint-modified,bkpt={number="5",type="breakpoint",disp="keep",enabled="y",addr="0x00000ba9",thread-groups=["i1"],times="630",script={"silent","if *(unsigned char *)0x0061 != 0","printf \"SAMPLE %u FRAME %u\\n\", $samples, *(unsigned char *)0x0000","x/32bx 0xa470","set $samples = $samples + 1","end","if $samples >= 1024","disable 5","else","continue","end"},original-location="*0x0ba9"}
*stopped
~"SAMPLE 629 FRAME 112\n"
~"0xa470:\t0x01\t0x54\t0x3c\t0x01\t0x10\t0x0b\t0x01\t0x02\n"
~"0xa478:\t0x01\t0x4d\t0xcf\t0x01\t0x05\t0x0a\t0x01\t0x03\n"
~"0xa480:\t0x01\t0x72\t0x54\t0x01\t0x16\t0x11\t0x01\t0x02\n"
~"0xa488:\t0x01\t0x25\t0xe1\t0x01\t0x09\t0x02\t0x01\t0x01\n"
*running,thread-id="all"
=breakpoint-modified,bkpt={number="5",type="breakpoint",disp="keep",enabled="y",addr="0x00000ba9",thread-groups=["i1"],times="631",script={"silent","if *(unsigned char *)0x0061 != 0","printf \"SAMPLE %u FRAME %u\\n\", $samples, *(unsigned char *)0x0000","x/32bx 0xa470","set $samples = $samples + 1","end","if $samples >= 1024","disable 5","else","continue","end"},original-location="*0x0ba9"}
*stopped
~"SAMPLE 630 FRAME 116\n"
~"0xa470:\t0x01\t0x55\t0x7c\t0x02\t0x10\t0x0b\t0x01\t0x02\n"
~"0xa478:\t0x01\t0x4d\t0xce\t0x02\t0x05\t0x0a\t0x01\t0x03\n"
~"0xa480:\t0x01\t0x73\t0x94\t0x02\t0x16\t0x11\t0x01\t0x02\n"
~"0xa488:\t0x01\t0x25\t0xe2\t0x02\t0x09\t0x02\t0x01\t0x01\n"
*running,thread-id="all"
=breakpoint-modified,bkpt={number="5",type="breakpoint",disp="keep",enabled="y",addr="0x00000ba9",thread-groups=["i1"],times="632",script={"silent","if *(unsigned char *)0x0061 != 0","printf \"SAMPLE %u FRAME %u\\n\", $samples, *(unsigned char *)0x0000","x/32bx 0xa470","set $samples = $samples + 1","end","if $samples >= 1024","disable 5","else","continue","end"},original-location="*0x0ba9"}
*stopped
~"SAMPLE 631 FRAME 120\n"
~"0xa470:\t0x01\t0x56\t0xbc\t0x03\t0x10\t0x0b\t0x01\t0x02\n"
~"0xa478:\t0x01\t0x4d\t0xcd\t0x03\t0x05\t0x0a\t0x01\t0x03\n"
~"0xa480:\t0x01\t0x74\t0xd4\t0x03\t0x16\t0x11\t0x01\t0x02\n"
~"0xa488:\t0x01\t0x25\t0xe3\t0x03\t0x09\t0x02\t0x01\t0x01\n"
*running,thread-id="all"
=breakpoint-modified,bkpt={number="5",type="breakpoint",disp="keep",enabled="y",addr="0x00000ba9",thread-groups=["i1"],times="633",script={"silent","if *(unsigned char *)0x0061 != 0","printf \"SAMPLE %u FRAME %u\\n\", $samples, *(unsigned char *)0x0000","x/32bx 0xa470","set $samples = $samples + 1","end","if $samples >= 1024","disable 5","else","continue","end"},original-location="*0x0ba9"}
*stopped
~"SAMPLE 632 FRAME 124\n"
~"0xa470:\t0x01\t0x57\t0xfc\t0x00\t0x10\t0x0c\t0x01\t0x02\n"
~"0xa478:\t0x01\t0x4d\t0xcc\t0x00\t0x04\t0x0a\t0x01\t0x03\n"
~"0xa480:\t0x01\t0x76\t0x14\t0x00\t0x16\t0x12\t0x01\t0x02\n"
~"0xa488:\t0x01\t0x25\t0xe4\t0x00\t0x0a\t0x02\t0x01\t0x01\n"
*running,thread-id="all"
=breakpoint-modified,bkpt={number="5",type="breakpoint",disp="keep",enabled="y",addr="0x00000ba9",thread-groups=["i1"],times="634",script={"silent","if *(unsigned char *)0x0061 != 0","printf \"SAMPLE %u FRAME %u\\n\", $samples, *(unsigned char *)0x0000","x/32bx 0xa470","set $samples = $samples + 1","end","if $samples >= 1024","disable 5","else","continue","end"},original-location="*0x0ba9"}
*stopped
~"SAMPLE 633 FRAME 128\n"
~"0xa470:\t0x01\t0x59\t0x3c\t0x01\t0x10\t0x0c\t0x01\t0x02\n"
~"0xa478:\t0x01\t0x4d\t0xcb\t0x01\t0x04\t0x0a\t0x01\t0x03\n"
~"0xa480:\t0x01\t0x77\t0x54\t0x01\t0x16\t0x12\t0x01\t0x02\n"
~"0xa488:\t0x01\t0x25\t0xe5\t0x01\t0x0a\t0x02\t0x01\t0x01\n"
*running,thread-id="all"
=breakpoint-modified,bkpt={number="5",type="breakpoint",disp="keep",enabled="y",addr="0x00000ba9",thread-groups=["i1"],times="635",script={"silent","if *(unsigned char *)0x0061 != 0","printf \"SAMPLE %u FRAME %u\\n\", $samples, *(unsigned char *)0x0000","x/32bx 0xa470","set $samples = $samples + 1","end","if $samples >= 1024","disable 5","else","continue","end"},original-location="*0x0ba9"}
*stopped
~"SAMPLE 634 FRAME 132\n"
~"0xa470:\t0x01\t0x5a\t0x7c\t0x02\t0x10\t0x0c\t0x01\t0x02\n"
~"0xa478:\t0x01\t0x4d\t0xca\t0x02\t0x04\t0x0a\t0x01\t0x03\n"
~"0xa480:\t0x01\t0x78\t0x94\t0x02\t0x16\t0x12\t0x01\t0x02\n"
~"0xa488:\t0x01\t0x25\t0xe6\t0x02\t0x0a\t0x02\t0x01\t0x01\n"
*running,thread-id="all"
=breakpoint-modified,bkpt={number="5",type="breakpoint",disp="keep",enabled="y",addr="0x00000ba9",thread-groups=["i1"],times="636",script={"silent","if *(unsigned char *)0x0061 != 0","printf \"SAMPLE %u FRAME %u\\n\", $samples, *(unsigned char *)0x0000","x/32bx 0xa470","set $samples = $samples + 1","end","if $samples >= 1024","disable 5","else","continue","end"},original-location="*0x0ba9"}
*stopped
~"SAMPLE 635 FRAME 136\n"
~"0xa470:\t0x01\t0x5b\t0xbc\t0x03\t0x10\t0x0c\t0x01\t0x02\n"
~"0xa478:\t0x01\t0x4d\t0xc9\t0x03\t0x04\t0x0a\t0x01\t0x03\n"
~"0xa480:\t0x01\t0x79\t0xd4\t0x03\t0x16\t0x12\t0x01\t0x02\n"
~"0xa488:\t0x01\t0x25\t0xe7\t0x03\t0x0a\t0x02\t0x01\t0x01\n"
*running,thread-id="all"
=breakpoint-modified,bkpt={number="5",type="breakpoint",disp="keep",enabled="y",addr="0x00000ba9",thread-groups=["i1"],times="637",script={"silent","if *(unsigned char *)0x0061 != 0","printf \"SAMPLE %u FRAME %u\\n\", $samples, *(unsigned char *)0x0000","x/32bx 0xa470","set $samples = $samples + 1","end","if $samples >= 1024","disable 5","else","continue","end"},original-location="*0x0ba9"}
*stopped
~"SAMPLE 636 FRAME 140\n"
~"0xa470:\t0x01\t0x5c\t0xfc\t0x00\t0x10\t0x0d\t0x01\t0x02\n"
~"0xa478:\t0x01\t0x4d\t0xc8\t0x00\t0x03\t0x0a\t0x01\t0x03\n"
~"0xa480:\t0x01\t0x7b\t0x14\t0x00\t0x16\t0x13\t0x01\t0x02\n"
~"0xa488:\t0x01\t0x25\t0xe8\t0x00\t0x0b\t0x02\t0x01\t0x01\n"
*running,thread-id="all"
=breakpoint-modified,bkpt={number="5",type="breakpoint",disp="keep",enabled="y",addr="0x00000ba9",thread-groups=["i1"],times="638",script={"silent","if *(unsigned char *)0x0061 != 0","printf \"SAMPLE %u FRAME %u\\n\", $samples, *(unsigned char *)0x0000","x/32bx 0xa470","set $samples = $samples + 1","end","if $samples >= 1024","disable 5","else","continue","end"},original-location="*0x0ba9"}
*stopped
~"SAMPLE 637 FRAME 144\n"
~"0xa470:\t0x01\t0x5e\t0x3c\t0x01\t0x10\t0x0d\t0x01\t0x02\n"
~"0xa478:\t0x01\t0x4d\t0xc7\t0x01\t0x03\t0x0a\t0x01\t0x03\n"
~"0xa480:\t0x01\t0x7c\t0x54\t0x01\t0x16\t0x13\t0x01\t0x02\n"
~"0xa488:\t0x01\t0x25\t0xe9\t0x01\t0x0b\t0x02\t0x01\t0x01\n"
*running,thread-id="all"
=breakpoint-modified,bkpt={number="5",type="breakpoint",disp="keep",enabled="y",addr="0x00000ba9",thread-groups=["i1"],times="639",script={"silent","if *(unsigned char *)0x0061 != 0","printf \"SAMPLE %u FRAME %u\\n\", $samples, *(unsigned char *)0x0000","x/32bx 0xa470","set $samples = $samples + 1","end","if $samples >= 1024","disable 5","else","continue","end"},original-location="*0x0ba9"}
*stopped
~"SAMPLE 638 FRAME 148\n"
~"0xa470:\t0x01\t0x5f\t0x7c\t0x02\t0x10\t0x0d\t0x01\t0x02\n"
~"0xa478:\t0x01\t0x4d\t0xc6\t0x02\t0x03\t0x0a\t0x01\t0x03\n"
~"0xa480:\t0x01\t0x7d\t0x94\t0x02\t0x16\t0x13\t0x01\t0x02\n"
~"0xa488:\t0x01\t0x25\t0xea\t0x02\t0x0b\t0x02\t0x01\t0x01\n"
*running,thread-id="all"
=breakpoint-modified,bkpt={number="5",type="breakpoint",disp="keep",enabled="y",addr="0x00000ba9",thread-groups=["i1"],times="640",script={"silent","if *(unsigned char *)0x0061 != 0","printf \"SAMPLE %u FRAME %u\\n\", $samples, *(unsigned char *)0x0000","x/32bx 0xa470","set $samples = $samples + 1","end","if $samples >= 1024","disable 5","else","continue","end"},original-location="*0x0ba9"}
*stopped
~"SAMPLE 639 FRAME 152\n"
~"0xa470:\t0x01\t0x60\t0xbc\t0x03\t0x10\t0x0d\t0x01\t0x02\n"
~"0xa478:\t0x01\t0x4d\t0xc5\t0x03\t0x03\t0x0a\t0x01\t0x03\n"
~"0xa480:\t0x01\t0x7e\t0xd4\t0x03\t0x16\t0x13\t0x01\t0x02\n"
~"0xa488:\t0x01\t0x25\t0xeb\t0x03\t0x0b\t0x02\t0x01\t0x01\n"
*running,thread-id="all"
=breakpoint-modified,bkpt={number="5",type="breakpoint",disp="keep",enabled="y",addr="0x00000ba9",thread-groups=["i1"],times="641",script={"silent","if *(unsigned char *)0x0061 != 0","printf \"SAMPLE %u FRAME %u\\n\", $samples, *(unsigned char *)0x0000","x/32bx 0xa470","set $samples = $samples + 1","end","if $samples >= 1024","disable 5","else","continue","end"},original-location="*0x0ba9"}
*stopped
~"SAMPLE 640 FRAME 158\n"
~"0xa470:\t0x01\t0x61\t0xfc\t0x00\t0x10\t0x0e\t0x01\t0x02\n"
~"0xa478:\t0x01\t0x4d\t0xc4\t0x00\t0x02\t0x0a\t0x01\t0x00\n"
~"0xa480:\t0x01\t0x80\t0x14\t0x00\t0x16\t0x14\t0x01\t0x02\n"
~"0xa488:\t0x01\t0x25\t0xec\t0x00\t0x0c\t0x02\t0x01\t0x02\n"
*running,thread-id="all"
=breakpoint-modified,bkpt={number="5",type="breakpoint",disp="keep",enabled="y",addr="0x00000ba9",thread-groups=["i1"],times="642",script={"silent","if *(unsigned char *)0x0061 != 0","printf \"SAMPLE %u FRAME %u\\n\", $samples, *(unsigned char *)0x0000","x/32bx 0xa470","set $samples = $samples + 1","end","if $samples >= 1024","disable 5","else","continue","end"},original-location="*0x0ba9"}
*stopped
~"SAMPLE 641 FRAME 162\n"
~"0xa470:\t0x01\t0x63\t0x3c\t0x01\t0x10\t0x0e\t0x01\t0x02\n"
~"0xa478:\t0x01\t0x4c\t0x84\t0x01\t0x02\t0x0a\t0x01\t0x00\n"
~"0xa480:\t0x01\t0x81\t0x54\t0x01\t0x16\t0x14\t0x01\t0x02\n"
~"0xa488:\t0x01\t0x27\t0x2c\t0x01\t0x0c\t0x02\t0x01\t0x02\n"
*running,thread-id="all"
=breakpoint-modified,bkpt={number="5",type="breakpoint",disp="keep",enabled="y",addr="0x00000ba9",thread-groups=["i1"],times="643",script={"silent","if *(unsigned char *)0x0061 != 0","printf \"SAMPLE %u FRAME %u\\n\", $samples, *(unsigned char *)0x0000","x/32bx 0xa470","set $samples = $samples + 1","end","if $samples >= 1024","disable 5","else","continue","end"},original-location="*0x0ba9"}
*stopped
~"SAMPLE 642 FRAME 166\n"
~"0xa470:\t0x01\t0x64\t0x7c\t0x02\t0x10\t0x0e\t0x01\t0x02\n"
~"0xa478:\t0x01\t0x4b\t0x44\t0x02\t0x02\t0x0a\t0x01\t0x00\n"
~"0xa480:\t0x01\t0x82\t0x94\t0x02\t0x16\t0x14\t0x01\t0x02\n"
~"0xa488:\t0x01\t0x28\t0x6c\t0x02\t0x0c\t0x02\t0x01\t0x02\n"
*running,thread-id="all"
=breakpoint-modified,bkpt={number="5",type="breakpoint",disp="keep",enabled="y",addr="0x00000ba9",thread-groups=["i1"],times="644",script={"silent","if *(unsigned char *)0x0061 != 0","printf \"SAMPLE %u FRAME %u\\n\", $samples, *(unsigned char *)0x0000","x/32bx 0xa470","set $samples = $samples + 1","end","if $samples >= 1024","disable 5","else","continue","end"},original-location="*0x0ba9"}
*stopped
~"SAMPLE 643 FRAME 170\n"
~"0xa470:\t0x01\t0x65\t0xbc\t0x03\t0x10\t0x0e\t0x01\t0x02\n"
~"0xa478:\t0x01\t0x4a\t0x04\t0x03\t0x02\t0x0a\t0x01\t0x00\n"
~"0xa480:\t0x01\t0x83\t0xd4\t0x03\t0x16\t0x14\t0x01\t0x02\n"
~"0xa488:\t0x01\t0x29\t0xac\t0x03\t0x0c\t0x02\t0x01\t0x02\n"
*running,thread-id="all"
=breakpoint-modified,bkpt={number="5",type="breakpoint",disp="keep",enabled="y",addr="0x00000ba9",thread-groups=["i1"],times="645",script={"silent","if *(unsigned char *)0x0061 != 0","printf \"SAMPLE %u FRAME %u\\n\", $samples, *(unsigned char *)0x0000","x/32bx 0xa470","set $samples = $samples + 1","end","if $samples >= 1024","disable 5","else","continue","end"},original-location="*0x0ba9"}
*stopped
~"SAMPLE 644 FRAME 174\n"
~"0xa470:\t0x01\t0x66\t0xfc\t0x00\t0x10\t0x0f\t0x01\t0x02\n"
~"0xa478:\t0x01\t0x48\t0xc4\t0x00\t0x02\t0x09\t0x01\t0x00\n"
~"0xa480:\t0x01\t0x85\t0x14\t0x00\t0x16\t0x15\t0x01\t0x02\n"
~"0xa488:\t0x01\t0x2a\t0xec\t0x00\t0x0c\t0x03\t0x01\t0x02\n"
*running,thread-id="all"
=breakpoint-modified,bkpt={number="5",type="breakpoint",disp="keep",enabled="y",addr="0x00000ba9",thread-groups=["i1"],times="646",script={"silent","if *(unsigned char *)0x0061 != 0","printf \"SAMPLE %u FRAME %u\\n\", $samples, *(unsigned char *)0x0000","x/32bx 0xa470","set $samples = $samples + 1","end","if $samples >= 1024","disable 5","else","continue","end"},original-location="*0x0ba9"}
*stopped
~"SAMPLE 645 FRAME 178\n"
~"0xa470:\t0x01\t0x68\t0x3c\t0x01\t0x10\t0x0f\t0x01\t0x02\n"
~"0xa478:\t0x01\t0x47\t0x84\t0x01\t0x02\t0x09\t0x01\t0x00\n"
~"0xa480:\t0x01\t0x86\t0x54\t0x01\t0x16\t0x15\t0x01\t0x02\n"
~"0xa488:\t0x01\t0x2c\t0x2c\t0x01\t0x0c\t0x03\t0x01\t0x02\n"
*running,thread-id="all"
=breakpoint-modified,bkpt={number="5",type="breakpoint",disp="keep",enabled="y",addr="0x00000ba9",thread-groups=["i1"],times="647",script={"silent","if *(unsigned char *)0x0061 != 0","printf \"SAMPLE %u FRAME %u\\n\", $samples, *(unsigned char *)0x0000","x/32bx 0xa470","set $samples = $samples + 1","end","if $samples >= 1024","disable 5","else","continue","end"},original-location="*0x0ba9"}
*stopped
~"SAMPLE 646 FRAME 182\n"
~"0xa470:\t0x01\t0x69\t0x7c\t0x02\t0x10\t0x0f\t0x01\t0x02\n"
~"0xa478:\t0x01\t0x46\t0x44\t0x02\t0x02\t0x09\t0x01\t0x00\n"
~"0xa480:\t0x01\t0x87\t0x94\t0x02\t0x16\t0x15\t0x01\t0x02\n"
~"0xa488:\t0x01\t0x2d\t0x6c\t0x02\t0x0c\t0x03\t0x01\t0x02\n"
*running,thread-id="all"
=breakpoint-modified,bkpt={number="5",type="breakpoint",disp="keep",enabled="y",addr="0x00000ba9",thread-groups=["i1"],times="648",script={"silent","if *(unsigned char *)0x0061 != 0","printf \"SAMPLE %u FRAME %u\\n\", $samples, *(unsigned char *)0x0000","x/32bx 0xa470","set $samples = $samples + 1","end","if $samples >= 1024","disable 5","else","continue","end"},original-location="*0x0ba9"}
*stopped
~"SAMPLE 647 FRAME 186\n"
~"0xa470:\t0x01\t0x6a\t0xbc\t0x03\t0x10\t0x0f\t0x01\t0x02\n"
~"0xa478:\t0x01\t0x45\t0x04\t0x03\t0x02\t0x09\t0x01\t0x00\n"
~"0xa480:\t0x01\t0x88\t0xd4\t0x03\t0x16\t0x15\t0x01\t0x02\n"
~"0xa488:\t0x01\t0x2e\t0xac\t0x03\t0x0c\t0x03\t0x01\t0x02\n"
*running,thread-id="all"
=breakpoint-modified,bkpt={number="5",type="breakpoint",disp="keep",enabled="y",addr="0x00000ba9",thread-groups=["i1"],times="649",script={"silent","if *(unsigned char *)0x0061 != 0","printf \"SAMPLE %u FRAME %u\\n\", $samples, *(unsigned char *)0x0000","x/32bx 0xa470","set $samples = $samples + 1","end","if $samples >= 1024","disable 5","else","continue","end"},original-location="*0x0ba9"}
*stopped
~"SAMPLE 648 FRAME 190\n"
~"0xa470:\t0x01\t0x6b\t0xfc\t0x00\t0x10\t0x10\t0x01\t0x02\n"
~"0xa478:\t0x01\t0x43\t0xc4\t0x00\t0x02\t0x08\t0x01\t0x00\n"
~"0xa480:\t0x01\t0x8a\t0x14\t0x00\t0x16\t0x16\t0x01\t0x03\n"
~"0xa488:\t0x01\t0x2f\t0xec\t0x00\t0x0c\t0x04\t0x01\t0x02\n"
*running,thread-id="all"
=breakpoint-modified,bkpt={number="5",type="breakpoint",disp="keep",enabled="y",addr="0x00000ba9",thread-groups=["i1"],times="650",script={"silent","if *(unsigned char *)0x0061 != 0","printf \"SAMPLE %u FRAME %u\\n\", $samples, *(unsigned char *)0x0000","x/32bx 0xa470","set $samples = $samples + 1","end","if $samples >= 1024","disable 5","else","continue","end"},original-location="*0x0ba9"}
*stopped
~"SAMPLE 649 FRAME 194\n"
~"0xa470:\t0x01\t0x6d\t0x3c\t0x01\t0x10\t0x10\t0x01\t0x02\n"
~"0xa478:\t0x01\t0x42\t0x84\t0x01\t0x02\t0x08\t0x01\t0x00\n"
~"0xa480:\t0x01\t0x8a\t0x13\t0x01\t0x16\t0x16\t0x01\t0x03\n"
~"0xa488:\t0x01\t0x31\t0x2c\t0x01\t0x0c\t0x04\t0x01\t0x02\n"
*running,thread-id="all"
=breakpoint-modified,bkpt={number="5",type="breakpoint",disp="keep",enabled="y",addr="0x00000ba9",thread-groups=["i1"],times="651",script={"silent","if *(unsigned char *)0x0061 != 0","printf \"SAMPLE %u FRAME %u\\n\", $samples, *(unsigned char *)0x0000","x/32bx 0xa470","set $samples = $samples + 1","end","if $samples >= 1024","disable 5","else","continue","end"},original-location="*0x0ba9"}
*stopped
~"SAMPLE 650 FRAME 198\n"
~"0xa470:\t0x01\t0x6e\t0x7c\t0x02\t0x10\t0x10\t0x01\t0x02\n"
~"0xa478:\t0x01\t0x41\t0x44\t0x02\t0x02\t0x08\t0x01\t0x00\n"
~"0xa480:\t0x01\t0x8a\t0x12\t0x02\t0x16\t0x16\t0x01\t0x03\n"
~"0xa488:\t0x01\t0x32\t0x6c\t0x02\t0x0c\t0x04\t0x01\t0x02\n"
*running,thread-id="all"
=breakpoint-modified,bkpt={number="5",type="breakpoint",disp="keep",enabled="y",addr="0x00000ba9",thread-groups=["i1"],times="652",script={"silent","if *(unsigned char *)0x0061 != 0","printf \"SAMPLE %u FRAME %u\\n\", $samples, *(unsigned char *)0x0000","x/32bx 0xa470","set $samples = $samples + 1","end","if $samples >= 1024","disable 5","else","continue","end"},original-location="*0x0ba9"}
*stopped
~"SAMPLE 651 FRAME 202\n"
~"0xa470:\t0x01\t0x6f\t0xbc\t0x03\t0x10\t0x10\t0x01\t0x02\n"
~"0xa478:\t0x01\t0x40\t0x04\t0x03\t0x02\t0x08\t0x01\t0x00\n"
~"0xa480:\t0x01\t0x8a\t0x11\t0x03\t0x16\t0x16\t0x01\t0x03\n"
~"0xa488:\t0x01\t0x33\t0xac\t0x03\t0x0c\t0x04\t0x01\t0x02\n"
*running,thread-id="all"
=breakpoint-modified,bkpt={number="5",type="breakpoint",disp="keep",enabled="y",addr="0x00000ba9",thread-groups=["i1"],times="653",script={"silent","if *(unsigned char *)0x0061 != 0","printf \"SAMPLE %u FRAME %u\\n\", $samples, *(unsigned char *)0x0000","x/32bx 0xa470","set $samples = $samples + 1","end","if $samples >= 1024","disable 5","else","continue","end"},original-location="*0x0ba9"}
*stopped
~"SAMPLE 652 FRAME 208\n"
~"0xa470:\t0x01\t0x70\t0xfc\t0x00\t0x10\t0x11\t0x01\t0x02\n"
~"0xa478:\t0x01\t0x3e\t0xc4\t0x00\t0x02\t0x07\t0x01\t0x00\n"
~"0xa480:\t0x01\t0x8a\t0x10\t0x00\t0x15\t0x16\t0x01\t0x03\n"
~"0xa488:\t0x01\t0x34\t0xec\t0x00\t0x0c\t0x05\t0x01\t0x02\n"
*running,thread-id="all"
=breakpoint-modified,bkpt={number="5",type="breakpoint",disp="keep",enabled="y",addr="0x00000ba9",thread-groups=["i1"],times="654",script={"silent","if *(unsigned char *)0x0061 != 0","printf \"SAMPLE %u FRAME %u\\n\", $samples, *(unsigned char *)0x0000","x/32bx 0xa470","set $samples = $samples + 1","end","if $samples >= 1024","disable 5","else","continue","end"},original-location="*0x0ba9"}
*stopped
~"SAMPLE 653 FRAME 212\n"
~"0xa470:\t0x01\t0x72\t0x3c\t0x01\t0x10\t0x11\t0x01\t0x02\n"
~"0xa478:\t0x01\t0x3d\t0x84\t0x01\t0x02\t0x07\t0x01\t0x00\n"
~"0xa480:\t0x01\t0x8a\t0x0f\t0x01\t0x15\t0x16\t0x01\t0x03\n"
~"0xa488:\t0x01\t0x36\t0x2c\t0x01\t0x0c\t0x05\t0x01\t0x02\n"
*running,thread-id="all"
=breakpoint-modified,bkpt={number="5",type="breakpoint",disp="keep",enabled="y",addr="0x00000ba9",thread-groups=["i1"],times="655",script={"silent","if *(unsigned char *)0x0061 != 0","printf \"SAMPLE %u FRAME %u\\n\", $samples, *(unsigned char *)0x0000","x/32bx 0xa470","set $samples = $samples + 1","end","if $samples >= 1024","disable 5","else","continue","end"},original-location="*0x0ba9"}
*stopped
~"SAMPLE 654 FRAME 216\n"
~"0xa470:\t0x01\t0x73\t0x7c\t0x02\t0x10\t0x11\t0x01\t0x02\n"
~"0xa478:\t0x01\t0x3c\t0x44\t0x02\t0x02\t0x07\t0x01\t0x00\n"
~"0xa480:\t0x01\t0x8a\t0x0e\t0x02\t0x15\t0x16\t0x01\t0x03\n"
~"0xa488:\t0x01\t0x37\t0x6c\t0x02\t0x0c\t0x05\t0x01\t0x02\n"
*running,thread-id="all"
=breakpoint-modified,bkpt={number="5",type="breakpoint",disp="keep",enabled="y",addr="0x00000ba9",thread-groups=["i1"],times="656",script={"silent","if *(unsigned char *)0x0061 != 0","printf \"SAMPLE %u FRAME %u\\n\", $samples, *(unsigned char *)0x0000","x/32bx 0xa470","set $samples = $samples + 1","end","if $samples >= 1024","disable 5","else","continue","end"},original-location="*0x0ba9"}
*stopped
~"SAMPLE 655 FRAME 220\n"
~"0xa470:\t0x01\t0x74\t0xbc\t0x03\t0x10\t0x11\t0x01\t0x02\n"
~"0xa478:\t0x01\t0x3b\t0x04\t0x03\t0x02\t0x07\t0x01\t0x00\n"
~"0xa480:\t0x01\t0x8a\t0x0d\t0x03\t0x15\t0x16\t0x01\t0x03\n"
~"0xa488:\t0x01\t0x38\t0xac\t0x03\t0x0c\t0x05\t0x01\t0x02\n"
*running,thread-id="all"
=breakpoint-modified,bkpt={number="5",type="breakpoint",disp="keep",enabled="y",addr="0x00000ba9",thread-groups=["i1"],times="657",script={"silent","if *(unsigned char *)0x0061 != 0","printf \"SAMPLE %u FRAME %u\\n\", $samples, *(unsigned char *)0x0000","x/32bx 0xa470","set $samples = $samples + 1","end","if $samples >= 1024","disable 5","else","continue","end"},original-location="*0x0ba9"}
*stopped
~"SAMPLE 656 FRAME 224\n"
~"0xa470:\t0x01\t0x75\t0xfc\t0x00\t0x10\t0x12\t0x01\t0x03\n"
~"0xa478:\t0x01\t0x39\t0xc4\t0x00\t0x02\t0x06\t0x01\t0x00\n"
~"0xa480:\t0x01\t0x8a\t0x0c\t0x00\t0x14\t0x16\t0x01\t0x03\n"
~"0xa488:\t0x01\t0x39\t0xec\t0x00\t0x0c\t0x06\t0x01\t0x01\n"
*running,thread-id="all"
=breakpoint-modified,bkpt={number="5",type="breakpoint",disp="keep",enabled="y",addr="0x00000ba9",thread-groups=["i1"],times="658",script={"silent","if *(unsigned char *)0x0061 != 0","printf \"SAMPLE %u FRAME %u\\n\", $samples, *(unsigned char *)0x0000","x/32bx 0xa470","set $samples = $samples + 1","end","if $samples >= 1024","disable 5","else","continue","end"},original-location="*0x0ba9"}
*stopped
~"SAMPLE 657 FRAME 228\n"
~"0xa470:\t0x01\t0x75\t0xfb\t0x01\t0x10\t0x12\t0x01\t0x03\n"
~"0xa478:\t0x01\t0x38\t0x84\t0x01\t0x02\t0x06\t0x01\t0x00\n"
~"0xa480:\t0x01\t0x8a\t0x0b\t0x01\t0x14\t0x16\t0x01\t0x03\n"
~"0xa488:\t0x01\t0x39\t0xed\t0x01\t0x0c\t0x06\t0x01\t0x01\n"
*running,thread-id="all"
=breakpoint-modified,bkpt={number="5",type="breakpoint",disp="keep",enabled="y",addr="0x00000ba9",thread-groups=["i1"],times="659",script={"silent","if *(unsigned char *)0x0061 != 0","printf \"SAMPLE %u FRAME %u\\n\", $samples, *(unsigned char *)0x0000","x/32bx 0xa470","set $samples = $samples + 1","end","if $samples >= 1024","disable 5","else","continue","end"},original-location="*0x0ba9"}
*stopped
~"SAMPLE 658 FRAME 232\n"
~"0xa470:\t0x01\t0x75\t0xfa\t0x02\t0x10\t0x12\t0x01\t0x03\n"
~"0xa478:\t0x01\t0x37\t0x44\t0x02\t0x02\t0x06\t0x01\t0x00\n"
~"0xa480:\t0x01\t0x8a\t0x0a\t0x02\t0x14\t0x16\t0x01\t0x03\n"
~"0xa488:\t0x01\t0x39\t0xee\t0x02\t0x0c\t0x06\t0x01\t0x01\n"
*running,thread-id="all"
=breakpoint-modified,bkpt={number="5",type="breakpoint",disp="keep",enabled="y",addr="0x00000ba9",thread-groups=["i1"],times="660",script={"silent","if *(unsigned char *)0x0061 != 0","printf \"SAMPLE %u FRAME %u\\n\", $samples, *(unsigned char *)0x0000","x/32bx 0xa470","set $samples = $samples + 1","end","if $samples >= 1024","disable 5","else","continue","end"},original-location="*0x0ba9"}
*stopped
~"SAMPLE 659 FRAME 236\n"
~"0xa470:\t0x01\t0x75\t0xf9\t0x03\t0x10\t0x12\t0x01\t0x03\n"
~"0xa478:\t0x01\t0x36\t0x04\t0x03\t0x02\t0x06\t0x01\t0x00\n"
~"0xa480:\t0x01\t0x8a\t0x09\t0x03\t0x14\t0x16\t0x01\t0x03\n"
~"0xa488:\t0x01\t0x39\t0xef\t0x03\t0x0c\t0x06\t0x01\t0x01\n"
*running,thread-id="all"
=breakpoint-modified,bkpt={number="5",type="breakpoint",disp="keep",enabled="y",addr="0x00000ba9",thread-groups=["i1"],times="661",script={"silent","if *(unsigned char *)0x0061 != 0","printf \"SAMPLE %u FRAME %u\\n\", $samples, *(unsigned char *)0x0000","x/32bx 0xa470","set $samples = $samples + 1","end","if $samples >= 1024","disable 5","else","continue","end"},original-location="*0x0ba9"}
*stopped
~"SAMPLE 660 FRAME 240\n"
~"0xa470:\t0x01\t0x75\t0xf8\t0x00\t0x0f\t0x12\t0x01\t0x03\n"
~"0xa478:\t0x01\t0x34\t0xc4\t0x00\t0x02\t0x05\t0x01\t0x00\n"
~"0xa480:\t0x01\t0x8a\t0x08\t0x00\t0x13\t0x16\t0x01\t0x03\n"
~"0xa488:\t0x01\t0x39\t0xf0\t0x00\t0x0d\t0x06\t0x01\t0x01\n"
*running,thread-id="all"
=breakpoint-modified,bkpt={number="5",type="breakpoint",disp="keep",enabled="y",addr="0x00000ba9",thread-groups=["i1"],times="662",script={"silent","if *(unsigned char *)0x0061 != 0","printf \"SAMPLE %u FRAME %u\\n\", $samples, *(unsigned char *)0x0000","x/32bx 0xa470","set $samples = $samples + 1","end","if $samples >= 1024","disable 5","else","continue","end"},original-location="*0x0ba9"}
*stopped
~"SAMPLE 661 FRAME 244\n"
~"0xa470:\t0x01\t0x75\t0xf7\t0x01\t0x0f\t0x12\t0x01\t0x03\n"
~"0xa478:\t0x01\t0x33\t0x84\t0x01\t0x02\t0x05\t0x01\t0x00\n"
~"0xa480:\t0x01\t0x8a\t0x07\t0x01\t0x13\t0x16\t0x01\t0x03\n"
~"0xa488:\t0x01\t0x39\t0xf1\t0x01\t0x0d\t0x06\t0x01\t0x01\n"
*running,thread-id="all"
=breakpoint-modified,bkpt={number="5",type="breakpoint",disp="keep",enabled="y",addr="0x00000ba9",thread-groups=["i1"],times="663",script={"silent","if *(unsigned char *)0x0061 != 0","printf \"SAMPLE %u FRAME %u\\n\", $samples, *(unsigned char *)0x0000","x/32bx 0xa470","set $samples = $samples + 1","end","if $samples >= 1024","disable 5","else","continue","end"},original-location="*0x0ba9"}
*stopped
~"SAMPLE 662 FRAME 248\n"
~"0xa470:\t0x01\t0x75\t0xf6\t0x02\t0x0f\t0x12\t0x01\t0x03\n"
~"0xa478:\t0x01\t0x32\t0x44\t0x02\t0x02\t0x05\t0x01\t0x00\n"
~"0xa480:\t0x01\t0x8a\t0x06\t0x02\t0x13\t0x16\t0x01\t0x03\n"
~"0xa488:\t0x01\t0x39\t0xf2\t0x02\t0x0d\t0x06\t0x01\t0x01\n"
*running,thread-id="all"
=breakpoint-modified,bkpt={number="5",type="breakpoint",disp="keep",enabled="y",addr="0x00000ba9",thread-groups=["i1"],times="664",script={"silent","if *(unsigned char *)0x0061 != 0","printf \"SAMPLE %u FRAME %u\\n\", $samples, *(unsigned char *)0x0000","x/32bx 0xa470","set $samples = $samples + 1","end","if $samples >= 1024","disable 5","else","continue","end"},original-location="*0x0ba9"}
*stopped
~"SAMPLE 663 FRAME 252\n"
~"0xa470:\t0x01\t0x75\t0xf5\t0x03\t0x0f\t0x12\t0x01\t0x03\n"
~"0xa478:\t0x01\t0x31\t0x04\t0x03\t0x02\t0x05\t0x01\t0x00\n"
~"0xa480:\t0x01\t0x8a\t0x05\t0x03\t0x13\t0x16\t0x01\t0x03\n"
~"0xa488:\t0x01\t0x39\t0xf3\t0x03\t0x0d\t0x06\t0x01\t0x01\n"
*running,thread-id="all"
=breakpoint-modified,bkpt={number="5",type="breakpoint",disp="keep",enabled="y",addr="0x00000ba9",thread-groups=["i1"],times="665",script={"silent","if *(unsigned char *)0x0061 != 0","printf \"SAMPLE %u FRAME %u\\n\", $samples, *(unsigned char *)0x0000","x/32bx 0xa470","set $samples = $samples + 1","end","if $samples >= 1024","disable 5","else","continue","end"},original-location="*0x0ba9"}
*stopped
~"SAMPLE 664 FRAME 2\n"
~"0xa470:\t0x01\t0x75\t0xf4\t0x00\t0x0e\t0x12\t0x01\t0x03\n"
~"0xa478:\t0x01\t0x2f\t0xc4\t0x00\t0x02\t0x04\t0x01\t0x00\n"
~"0xa480:\t0x01\t0x8a\t0x04\t0x00\t0x12\t0x16\t0x01\t0x03\n"
~"0xa488:\t0x01\t0x39\t0xf4\t0x00\t0x0e\t0x06\t0x01\t0x00\n"
*running,thread-id="all"
=breakpoint-modified,bkpt={number="5",type="breakpoint",disp="keep",enabled="y",addr="0x00000ba9",thread-groups=["i1"],times="666",script={"silent","if *(unsigned char *)0x0061 != 0","printf \"SAMPLE %u FRAME %u\\n\", $samples, *(unsigned char *)0x0000","x/32bx 0xa470","set $samples = $samples + 1","end","if $samples >= 1024","disable 5","else","continue","end"},original-location="*0x0ba9"}
*stopped
~"SAMPLE 665 FRAME 6\n"
~"0xa470:\t0x01\t0x75\t0xf3\t0x01\t0x0e\t0x12\t0x01\t0x03\n"
~"0xa478:\t0x01\t0x2e\t0x84\t0x01\t0x02\t0x04\t0x01\t0x00\n"
~"0xa480:\t0x01\t0x8a\t0x03\t0x01\t0x12\t0x16\t0x01\t0x03\n"
~"0xa488:\t0x01\t0x38\t0xb4\t0x01\t0x0e\t0x06\t0x01\t0x00\n"
*running,thread-id="all"
=breakpoint-modified,bkpt={number="5",type="breakpoint",disp="keep",enabled="y",addr="0x00000ba9",thread-groups=["i1"],times="667",script={"silent","if *(unsigned char *)0x0061 != 0","printf \"SAMPLE %u FRAME %u\\n\", $samples, *(unsigned char *)0x0000","x/32bx 0xa470","set $samples = $samples + 1","end","if $samples >= 1024","disable 5","else","continue","end"},original-location="*0x0ba9"}
*stopped
~"SAMPLE 666 FRAME 10\n"
~"0xa470:\t0x01\t0x75\t0xf2\t0x02\t0x0e\t0x12\t0x01\t0x03\n"
~"0xa478:\t0x01\t0x2d\t0x44\t0x02\t0x02\t0x04\t0x01\t0x00\n"
~"0xa480:\t0x01\t0x8a\t0x02\t0x02\t0x12\t0x16\t0x01\t0x03\n"
~"0xa488:\t0x01\t0x37\t0x74\t0x02\t0x0e\t0x06\t0x01\t0x00\n"
*running,thread-id="all"
=breakpoint-modified,bkpt={number="5",type="breakpoint",disp="keep",enabled="y",addr="0x00000ba9",thread-groups=["i1"],times="668",script={"silent","if *(unsigned char *)0x0061 != 0","printf \"SAMPLE %u FRAME %u\\n\", $samples, *(unsigned char *)0x0000","x/32bx 0xa470","set $samples = $samples + 1","end","if $samples >= 1024","disable 5","else","continue","end"},original-location="*0x0ba9"}
*stopped
~"SAMPLE 667 FRAME 14\n"
~"0xa470:\t0x01\t0x75\t0xf1\t0x03\t0x0e\t0x12\t0x01\t0x03\n"
~"0xa478:\t0x01\t0x2c\t0x04\t0x03\t0x02\t0x04\t0x01\t0x00\n"
~"0xa480:\t0x01\t0x8a\t0x01\t0x03\t0x12\t0x16\t0x01\t0x03\n"
~"0xa488:\t0x01\t0x36\t0x34\t0x03\t0x0e\t0x06\t0x01\t0x00\n"
*running,thread-id="all"
=breakpoint-modified,bkpt={number="5",type="breakpoint",disp="keep",enabled="y",addr="0x00000ba9",thread-groups=["i1"],times="669",script={"silent","if *(unsigned char *)0x0061 != 0","printf \"SAMPLE %u FRAME %u\\n\", $samples, *(unsigned char *)0x0000","x/32bx 0xa470","set $samples = $samples + 1","end","if $samples >= 1024","disable 5","else","continue","end"},original-location="*0x0ba9"}
*stopped
~"SAMPLE 668 FRAME 18\n"
~"0xa470:\t0x01\t0x75\t0xf0\t0x00\t0x0d\t0x12\t0x01\t0x03\n"
~"0xa478:\t0x01\t0x2a\t0xc4\t0x00\t0x02\t0x03\t0x01\t0x00\n"
~"0xa480:\t0x01\t0x8a\t0x00\t0x00\t0x11\t0x16\t0x01\t0x03\n"
~"0xa488:\t0x01\t0x34\t0xf4\t0x00\t0x0e\t0x05\t0x01\t0x00\n"
*running,thread-id="all"
=breakpoint-modified,bkpt={number="5",type="breakpoint",disp="keep",enabled="y",addr="0x00000ba9",thread-groups=["i1"],times="670",script={"silent","if *(unsigned char *)0x0061 != 0","printf \"SAMPLE %u FRAME %u\\n\", $samples, *(unsigned char *)0x0000","x/32bx 0xa470","set $samples = $samples + 1","end","if $samples >= 1024","disable 5","else","continue","end"},original-location="*0x0ba9"}
*stopped
~"SAMPLE 669 FRAME 22\n"
~"0xa470:\t0x01\t0x75\t0xef\t0x01\t0x0d\t0x12\t0x01\t0x03\n"
~"0xa478:\t0x01\t0x29\t0x84\t0x01\t0x02\t0x03\t0x01\t0x00\n"
~"0xa480:\t0x01\t0x89\t0xff\t0x01\t0x11\t0x16\t0x01\t0x03\n"
~"0xa488:\t0x01\t0x33\t0xb4\t0x01\t0x0e\t0x05\t0x01\t0x00\n"
*running,thread-id="all"
=breakpoint-modified,bkpt={number="5",type="breakpoint",disp="keep",enabled="y",addr="0x00000ba9",thread-groups=["i1"],times="671",script={"silent","if *(unsigned char *)0x0061 != 0","printf \"SAMPLE %u FRAME %u\\n\", $samples, *(unsigned char *)0x0000","x/32bx 0xa470","set $samples = $samples + 1","end","if $samples >= 1024","disable 5","else","continue","end"},original-location="*0x0ba9"}
*stopped
~"SAMPLE 670 FRAME 26\n"
~"0xa470:\t0x01\t0x75\t0xee\t0x02\t0x0d\t0x12\t0x01\t0x03\n"
~"0xa478:\t0x01\t0x28\t0x44\t0x02\t0x02\t0x03\t0x01\t0x00\n"
~"0xa480:\t0x01\t0x89\t0xfe\t0x02\t0x11\t0x16\t0x01\t0x03\n"
~"0xa488:\t0x01\t0x32\t0x74\t0x02\t0x0e\t0x05\t0x01\t0x00\n"
*running,thread-id="all"
=breakpoint-modified,bkpt={number="5",type="breakpoint",disp="keep",enabled="y",addr="0x00000ba9",thread-groups=["i1"],times="672",script={"silent","if *(unsigned char *)0x0061 != 0","printf \"SAMPLE %u FRAME %u\\n\", $samples, *(unsigned char *)0x0000","x/32bx 0xa470","set $samples = $samples + 1","end","if $samples >= 1024","disable 5","else","continue","end"},original-location="*0x0ba9"}
*stopped
~"SAMPLE 671 FRAME 30\n"
~"0xa470:\t0x01\t0x75\t0xed\t0x03\t0x0d\t0x12\t0x01\t0x03\n"
~"0xa478:\t0x01\t0x27\t0x04\t0x03\t0x02\t0x03\t0x01\t0x00\n"
~"0xa480:\t0x01\t0x89\t0xfd\t0x03\t0x11\t0x16\t0x01\t0x03\n"
~"0xa488:\t0x01\t0x31\t0x34\t0x03\t0x0e\t0x05\t0x01\t0x00\n"
*running,thread-id="all"
=breakpoint-modified,bkpt={number="5",type="breakpoint",disp="keep",enabled="y",addr="0x00000ba9",thread-groups=["i1"],times="673",script={"silent","if *(unsigned char *)0x0061 != 0","printf \"SAMPLE %u FRAME %u\\n\", $samples, *(unsigned char *)0x0000","x/32bx 0xa470","set $samples = $samples + 1","end","if $samples >= 1024","disable 5","else","continue","end"},original-location="*0x0ba9"}
*stopped
~"SAMPLE 672 FRAME 34\n"
~"0xa470:\t0x01\t0x75\t0xec\t0x00\t0x0c\t0x12\t0x01\t0x00\n"
~"0xa478:\t0x01\t0x25\t0xc4\t0x00\t0x02\t0x02\t0x01\t0x01\n"
~"0xa480:\t0x01\t0x89\t0xfc\t0x00\t0x10\t0x16\t0x01\t0x03\n"
~"0xa488:\t0x01\t0x2f\t0xf4\t0x00\t0x0e\t0x04\t0x01\t0x02\n"
*running,thread-id="all"
=breakpoint-modified,bkpt={number="5",type="breakpoint",disp="keep",enabled="y",addr="0x00000ba9",thread-groups=["i1"],times="674",script={"silent","if *(unsigned char *)0x0061 != 0","printf \"SAMPLE %u FRAME %u\\n\", $samples, *(unsigned char *)0x0000","x/32bx 0xa470","set $samples = $samples + 1","end","if $samples >= 1024","disable 5","else","continue","end"},original-location="*0x0ba9"}
*stopped
~"SAMPLE 673 FRAME 38\n"
~"0xa470:\t0x01\t0x74\t0xac\t0x01\t0x0c\t0x12\t0x01\t0x00\n"
~"0xa478:\t0x01\t0x25\t0xc5\t0x01\t0x02\t0x02\t0x01\t0x01\n"
~"0xa480:\t0x01\t0x89\t0xfb\t0x01\t0x10\t0x16\t0x01\t0x03\n"
~"0xa488:\t0x01\t0x31\t0x34\t0x01\t0x0e\t0x04\t0x01\t0x02\n"
*running,thread-id="all"
=breakpoint-modified,bkpt={number="5",type="breakpoint",disp="keep",enabled="y",addr="0x00000ba9",thread-groups=["i1"],times="675",script={"silent","if *(unsigned char *)0x0061 != 0","printf \"SAMPLE %u FRAME %u\\n\", $samples, *(unsigned char *)0x0000","x/32bx 0xa470","set $samples = $samples + 1","end","if $samples >= 1024","disable 5","else","continue","end"},original-location="*0x0ba9"}
*stopped
~"SAMPLE 674 FRAME 42\n"
~"0xa470:\t0x01\t0x73\t0x6c\t0x02\t0x0c\t0x12\t0x01\t0x00\n"
~"0xa478:\t0x01\t0x25\t0xc6\t0x02\t0x02\t0x02\t0x01\t0x01\n"
~"0xa480:\t0x01\t0x89\t0xfa\t0x02\t0x10\t0x16\t0x01\t0x03\n"
~"0xa488:\t0x01\t0x32\t0x74\t0x02\t0x0e\t0x04\t0x01\t0x02\n"
*running,thread-id="all"
=breakpoint-modified,bkpt={number="5",type="breakpoint",disp="keep",enabled="y",addr="0x00000ba9",thread-groups=["i1"],times="676",script={"silent","if *(unsigned char *)0x0061 != 0","printf \"SAMPLE %u FRAME %u\\n\", $samples, *(unsigned char *)0x0000","x/32bx 0xa470","set $samples = $samples + 1","end","if $samples >= 1024","disable 5","else","continue","end"},original-location="*0x0ba9"}
*stopped
~"SAMPLE 675 FRAME 46\n"
~"0xa470:\t0x01\t0x72\t0x2c\t0x03\t0x0c\t0x12\t0x01\t0x00\n"
~"0xa478:\t0x01\t0x25\t0xc7\t0x03\t0x02\t0x02\t0x01\t0x01\n"
~"0xa480:\t0x01\t0x89\t0xf9\t0x03\t0x10\t0x16\t0x01\t0x03\n"
~"0xa488:\t0x01\t0x33\t0xb4\t0x03\t0x0e\t0x04\t0x01\t0x02\n"
*running,thread-id="all"
=breakpoint-modified,bkpt={number="5",type="breakpoint",disp="keep",enabled="y",addr="0x00000ba9",thread-groups=["i1"],times="677",script={"silent","if *(unsigned char *)0x0061 != 0","printf \"SAMPLE %u FRAME %u\\n\", $samples, *(unsigned char *)0x0000","x/32bx 0xa470","set $samples = $samples + 1","end","if $samples >= 1024","disable 5","else","continue","end"},original-location="*0x0ba9"}
*stopped
~"SAMPLE 676 FRAME 52\n"
~"0xa470:\t0x01\t0x70\t0xec\t0x00\t0x0c\t0x11\t0x01\t0x00\n"
~"0xa478:\t0x01\t0x25\t0xc8\t0x00\t0x03\t0x02\t0x01\t0x01\n"
~"0xa480:\t0x01\t0x89\t0xf8\t0x00\t0x0f\t0x16\t0x01\t0x03\n"
~"0xa488:\t0x01\t0x34\t0xf4\t0x00\t0x0e\t0x05\t0x01\t0x02\n"
*running,thread-id="all"
=breakpoint-modified,bkpt={number="5",type="breakpoint",disp="keep",enabled="y",addr="0x00000ba9",thread-groups=["i1"],times="678",script={"silent","if *(unsigned char *)0x0061 != 0","printf \"SAMPLE %u FRAME %u\\n\", $samples, *(unsigned char *)0x0000","x/32bx 0xa470","set $samples = $samples + 1","end","if $samples >= 1024","disable 5","else","continue","end"},original-location="*0x0ba9"}
*stopped
~"SAMPLE 677 FRAME 56\n"
~"0xa470:\t0x01\t0x6f\t0xac\t0x01\t0x0c\t0x11\t0x01\t0x00\n"
~"0xa478:\t0x01\t0x25\t0xc9\t0x01\t0x03\t0x02\t0x01\t0x01\n"
~"0xa480:\t0x01\t0x89\t0xf7\t0x01\t0x0f\t0x16\t0x01\t0x03\n"
~"0xa488:\t0x01\t0x36\t0x34\t0x01\t0x0e\t0x05\t0x01\t0x02\n"
*running,thread-id="all"
=breakpoint-modified,bkpt={number="5",type="breakpoint",disp="keep",enabled="y",addr="0x00000ba9",thread-groups=["i1"],times="679",script={"silent","if *(unsigned char *)0x0061 != 0","printf \"SAMPLE %u FRAME %u\\n\", $samples, *(unsigned char *)0x0000","x/32bx 0xa470","set $samples = $samples + 1","end","if $samples >= 1024","disable 5","else","continue","end"},original-location="*0x0ba9"}
*stopped
~"SAMPLE 678 FRAME 60\n"
~"0xa470:\t0x01\t0x6e\t0x6c\t0x02\t0x0c\t0x11\t0x01\t0x00\n"
~"0xa478:\t0x01\t0x25\t0xca\t0x02\t0x03\t0x02\t0x01\t0x01\n"
~"0xa480:\t0x01\t0x89\t0xf6\t0x02\t0x0f\t0x16\t0x01\t0x03\n"
~"0xa488:\t0x01\t0x37\t0x74\t0x02\t0x0e\t0x05\t0x01\t0x02\n"
*running,thread-id="all"
=breakpoint-modified,bkpt={number="5",type="breakpoint",disp="keep",enabled="y",addr="0x00000ba9",thread-groups=["i1"],times="680",script={"silent","if *(unsigned char *)0x0061 != 0","printf \"SAMPLE %u FRAME %u\\n\", $samples, *(unsigned char *)0x0000","x/32bx 0xa470","set $samples = $samples + 1","end","if $samples >= 1024","disable 5","else","continue","end"},original-location="*0x0ba9"}
*stopped
~"SAMPLE 679 FRAME 64\n"
~"0xa470:\t0x01\t0x6d\t0x2c\t0x03\t0x0c\t0x11\t0x01\t0x00\n"
~"0xa478:\t0x01\t0x25\t0xcb\t0x03\t0x03\t0x02\t0x01\t0x01\n"
~"0xa480:\t0x01\t0x89\t0xf5\t0x03\t0x0f\t0x16\t0x01\t0x03\n"
~"0xa488:\t0x01\t0x38\t0xb4\t0x03\t0x0e\t0x05\t0x01\t0x02\n"
*running,thread-id="all"
=breakpoint-modified,bkpt={number="5",type="breakpoint",disp="keep",enabled="y",addr="0x00000ba9",thread-groups=["i1"],times="681",script={"silent","if *(unsigned char *)0x0061 != 0","printf \"SAMPLE %u FRAME %u\\n\", $samples, *(unsigned char *)0x0000","x/32bx 0xa470","set $samples = $samples + 1","end","if $samples >= 1024","disable 5","else","continue","end"},original-location="*0x0ba9"}
*stopped
~"SAMPLE 680 FRAME 68\n"
~"0xa470:\t0x01\t0x6b\t0xec\t0x00\t0x0c\t0x10\t0x01\t0x00\n"
~"0xa478:\t0x01\t0x25\t0xcc\t0x00\t0x04\t0x02\t0x01\t0x01\n"
~"0xa480:\t0x01\t0x89\t0xf4\t0x00\t0x0e\t0x16\t0x01\t0x00\n"
~"0xa488:\t0x01\t0x39\t0xf4\t0x00\t0x0e\t0x06\t0x01\t0x03\n"
*running,thread-id="all"
=breakpoint-modified,bkpt={number="5",type="breakpoint",disp="keep",enabled="y",addr="0x00000ba9",thread-groups=["i1"],times="682",script={"silent","if *(unsigned char *)0x0061 != 0","printf \"SAMPLE %u FRAME %u\\n\", $samples, *(unsigned char *)0x0000","x/32bx 0xa470","set $samples = $samples + 1","end","if $samples >= 1024","disable 5","else","continue","end"},original-location="*0x0ba9"}
*stopped
~"SAMPLE 681 FRAME 72\n"
~"0xa470:\t0x01\t0x6a\t0xac\t0x01\t0x0c\t0x10\t0x01\t0x00\n"
~"0xa478:\t0x01\t0x25\t0xcd\t0x01\t0x04\t0x02\t0x01\t0x01\n"
~"0xa480:\t0x01\t0x88\t0xb4\t0x01\t0x0e\t0x16\t0x01\t0x00\n"
~"0xa488:\t0x01\t0x39\t0xf3\t0x01\t0x0e\t0x06\t0x01\t0x03\n"
*running,thread-id="all"
=breakpoint-modified,bkpt={number="5",type="breakpoint",disp="keep",enabled="y",addr="0x00000ba9",thread-groups=["i1"],times="683",script={"silent","if *(unsigned char *)0x0061 != 0","printf \"SAMPLE %u FRAME %u\\n\", $samples, *(unsigned char *)0x0000","x/32bx 0xa470","set $samples = $samples + 1","end","if $samples >= 1024","disable 5","else","continue","end"},original-location="*0x0ba9"}
*stopped
~"SAMPLE 682 FRAME 76\n"
~"0xa470:\t0x01\t0x69\t0x6c\t0x02\t0x0c\t0x10\t0x01\t0x00\n"
~"0xa478:\t0x01\t0x25\t0xce\t0x02\t0x04\t0x02\t0x01\t0x01\n"
~"0xa480:\t0x01\t0x87\t0x74\t0x02\t0x0e\t0x16\t0x01\t0x00\n"
~"0xa488:\t0x01\t0x39\t0xf2\t0x02\t0x0e\t0x06\t0x01\t0x03\n"
*running,thread-id="all"
=breakpoint-modified,bkpt={number="5",type="breakpoint",disp="keep",enabled="y",addr="0x00000ba9",thread-groups=["i1"],times="684",script={"silent","if *(unsigned char *)0x0061 != 0","printf \"SAMPLE %u FRAME %u\\n\", $samples, *(unsigned char *)0x0000","x/32bx 0xa470","set $samples = $samples + 1","end","if $samples >= 1024","disable 5","else","continue","end"},original-location="*0x0ba9"}
*stopped
~"SAMPLE 683 FRAME 80\n"
~"0xa470:\t0x01\t0x68\t0x2c\t0x03\t0x0c\t0x10\t0x01\t0x00\n"
~"0xa478:\t0x01\t0x25\t0xcf\t0x03\t0x04\t0x02\t0x01\t0x01\n"
~"0xa480:\t0x01\t0x86\t0x34\t0x03\t0x0e\t0x16\t0x01\t0x00\n"
~"0xa488:\t0x01\t0x39\t0xf1\t0x03\t0x0e\t0x06\t0x01\t0x03\n"
*running,thread-id="all"
=breakpoint-modified,bkpt={number="5",type="breakpoint",disp="keep",enabled="y",addr="0x00000ba9",thread-groups=["i1"],times="685",script={"silent","if *(unsigned char *)0x0061 != 0","printf \"SAMPLE %u FRAME %u\\n\", $samples, *(unsigned char *)0x0000","x/32bx 0xa470","set $samples = $samples + 1","end","if $samples >= 1024","disable 5","else","continue","end"},original-location="*0x0ba9"}
*stopped
~"SAMPLE 684 FRAME 84\n"
~"0xa470:\t0x01\t0x66\t0xec\t0x00\t0x0c\t0x0f\t0x01\t0x00\n"
~"0xa478:\t0x01\t0x25\t0xd0\t0x00\t0x05\t0x02\t0x01\t0x01\n"
~"0xa480:\t0x01\t0x84\t0xf4\t0x00\t0x0e\t0x15\t0x01\t0x00\n"
~"0xa488:\t0x01\t0x39\t0xf0\t0x00\t0x0d\t0x06\t0x01\t0x03\n"
*running,thread-id="all"
=breakpoint-modified,bkpt={number="5",type="breakpoint",disp="keep",enabled="y",addr="0x00000ba9",thread-groups=["i1"],times="686",script={"silent","if *(unsigned char *)0x0061 != 0","printf \"SAMPLE %u FRAME %u\\n\", $samples, *(unsigned char *)0x0000","x/32bx 0xa470","set $samples = $samples + 1","end","if $samples >= 1024","disable 5","else","continue","end"},original-location="*0x0ba9"}
*stopped
~"SAMPLE 685 FRAME 88\n"
~"0xa470:\t0x01\t0x65\t0xac\t0x01\t0x0c\t0x0f\t0x01\t0x00\n"
~"0xa478:\t0x01\t0x25\t0xd1\t0x01\t0x05\t0x02\t0x01\t0x01\n"
~"0xa480:\t0x01\t0x83\t0xb4\t0x01\t0x0e\t0x15\t0x01\t0x00\n"
~"0xa488:\t0x01\t0x39\t0xef\t0x01\t0x0d\t0x06\t0x01\t0x03\n"
*running,thread-id="all"
=breakpoint-modified,bkpt={number="5",type="breakpoint",disp="keep",enabled="y",addr="0x00000ba9",thread-groups=["i1"],times="687",script={"silent","if *(unsigned char *)0x0061 != 0","printf \"SAMPLE %u FRAME %u\\n\", $samples, *(unsigned char *)0x0000","x/32bx 0xa470","set $samples = $samples + 1","end","if $samples >= 1024","disable 5","else","continue","end"},original-location="*0x0ba9"}
*stopped
~"SAMPLE 686 FRAME 92\n"
~"0xa470:\t0x01\t0x64\t0x6c\t0x02\t0x0c\t0x0f\t0x01\t0x00\n"
~"0xa478:\t0x01\t0x25\t0xd2\t0x02\t0x05\t0x02\t0x01\t0x01\n"
~"0xa480:\t0x01\t0x82\t0x74\t0x02\t0x0e\t0x15\t0x01\t0x00\n"
~"0xa488:\t0x01\t0x39\t0xee\t0x02\t0x0d\t0x06\t0x01\t0x03\n"
*running,thread-id="all"
=breakpoint-modified,bkpt={number="5",type="breakpoint",disp="keep",enabled="y",addr="0x00000ba9",thread-groups=["i1"],times="688",script={"silent","if *(unsigned char *)0x0061 != 0","printf \"SAMPLE %u FRAME %u\\n\", $samples, *(unsigned char *)0x0000","x/32bx 0xa470","set $samples = $samples + 1","end","if $samples >= 1024","disable 5","else","continue","end"},original-location="*0x0ba9"}
*stopped
~"SAMPLE 687 FRAME 96\n"
~"0xa470:\t0x01\t0x63\t0x2c\t0x03\t0x0c\t0x0f\t0x01\t0x00\n"
~"0xa478:\t0x01\t0x25\t0xd3\t0x03\t0x05\t0x02\t0x01\t0x01\n"
~"0xa480:\t0x01\t0x81\t0x34\t0x03\t0x0e\t0x15\t0x01\t0x00\n"
~"0xa488:\t0x01\t0x39\t0xed\t0x03\t0x0d\t0x06\t0x01\t0x03\n"
*running,thread-id="all"
=breakpoint-modified,bkpt={number="5",type="breakpoint",disp="keep",enabled="y",addr="0x00000ba9",thread-groups=["i1"],times="689",script={"silent","if *(unsigned char *)0x0061 != 0","printf \"SAMPLE %u FRAME %u\\n\", $samples, *(unsigned char *)0x0000","x/32bx 0xa470","set $samples = $samples + 1","end","if $samples >= 1024","disable 5","else","continue","end"},original-location="*0x0ba9"}
*stopped
~"SAMPLE 688 FRAME 102\n"
~"0xa470:\t0x01\t0x61\t0xec\t0x00\t0x0c\t0x0e\t0x01\t0x03\n"
~"0xa478:\t0x01\t0x25\t0xd4\t0x00\t0x06\t0x02\t0x01\t0x01\n"
~"0xa480:\t0x01\t0x7f\t0xf4\t0x00\t0x0e\t0x14\t0x01\t0x01\n"
~"0xa488:\t0x01\t0x39\t0xec\t0x00\t0x0c\t0x06\t0x01\t0x00\n"
*running,thread-id="all"
=breakpoint-modified,bkpt={number="5",type="breakpoint",disp="keep",enabled="y",addr="0x00000ba9",thread-groups=["i1"],times="690",script={"silent","if *(unsigned char *)0x0061 != 0","printf \"SAMPLE %u FRAME %u\\n\", $samples, *(unsigned char *)0x0000","x/32bx 0xa470","set $samples = $samples + 1","end","if $samples >= 1024","disable 5","else","continue","end"},original-location="*0x0ba9"}
*stopped
~"SAMPLE 689 FRAME 106\n"
~"0xa470:\t0x01\t0x61\t0xeb\t0x01\t0x0c\t0x0e\t0x01\t0x03\n"
~"0xa478:\t0x01\t0x25\t0xd5\t0x01\t0x06\t0x02\t0x01\t0x01\n"
~"0xa480:\t0x01\t0x7f\t0xf5\t0x01\t0x0e\t0x14\t0x01\t0x01\n"
~"0xa488:\t0x01\t0x38\t0xac\t0x01\t0x0c\t0x06\t0x01\t0x00\n"
*running,thread-id="all"
=breakpoint-modified,bkpt={number="5",type="breakpoint",disp="keep",enabled="y",addr="0x00000ba9",thread-groups=["i1"],times="691",script={"silent","if *(unsigned char *)0x0061 != 0","printf \"SAMPLE %u FRAME %u\\n\", $samples, *(unsigned char *)0x0000","x/32bx 0xa470","set $samples = $samples + 1","end","if $samples >= 1024","disable 5","else","continue","end"},original-location="*0x0ba9"}
*stopped
~"SAMPLE 690 FRAME 110\n"
~"0xa470:\t0x01\t0x61\t0xea\t0x02\t0x0c\t0x0e\t0x01\t0x03\n"
~"0xa478:\t0x01\t0x25\t0xd6\t0x02\t0x06\t0x02\t0x01\t0x01\n"
~"0xa480:\t0x01\t0x7f\t0xf6\t0x02\t0x0e\t0x14\t0x01\t0x01\n"
~"0xa488:\t0x01\t0x37\t0x6c\t0x02\t0x0c\t0x06\t0x01\t0x00\n"
*running,thread-id="all"
=breakpoint-modified,bkpt={number="5",type="breakpoint",disp="keep",enabled="y",addr="0x00000ba9",thread-groups=["i1"],times="692",script={"silent","if *(unsigned char *)0x0061 != 0","printf \"SAMPLE %u FRAME %u\\n\", $samples, *(unsigned char *)0x0000","x/32bx 0xa470","set $samples = $samples + 1","end","if $samples >= 1024","disable 5","else","continue","end"},original-location="*0x0ba9"}
*stopped
~"SAMPLE 691 FRAME 114\n"
~"0xa470:\t0x01\t0x61\t0xe9\t0x03\t0x0c\t0x0e\t0x01\t0x03\n"
~"0xa478:\t0x01\t0x25\t0xd7\t0x03\t0x06\t0x02\t0x01\t0x01\n"
~"0xa480:\t0x01\t0x7f\t0xf7\t0x03\t0x0e\t0x14\t0x01\t0x01\n"
~"0xa488:\t0x01\t0x36\t0x2c\t0x03\t0x0c\t0x06\t0x01\t0x00\n"
*running,thread-id="all"
=breakpoint-modified,bkpt={number="5",type="breakpoint",disp="keep",enabled="y",addr="0x00000ba9",thread-groups=["i1"],times="693",script={"silent","if *(unsigned char *)0x0061 != 0","printf \"SAMPLE %u FRAME %u\\n\", $samples, *(unsigned char *)0x0000","x/32bx 0xa470","set $samples = $samples + 1","end","if $samples >= 1024","disable 5","else","continue","end"},original-location="*0x0ba9"}
*stopped
~"SAMPLE 692 FRAME 118\n"
~"0xa470:\t0x01\t0x61\t0xe8\t0x00\t0x0b\t0x0e\t0x01\t0x03\n"
~"0xa478:\t0x01\t0x25\t0xd8\t0x00\t0x07\t0x02\t0x01\t0x01\n"
~"0xa480:\t0x01\t0x7f\t0xf8\t0x00\t0x0f\t0x14\t0x01\t0x01\n"
~"0xa488:\t0x01\t0x34\t0xec\t0x00\t0x0c\t0x05\t0x01\t0x00\n"
*running,thread-id="all"
=breakpoint-modified,bkpt={number="5",type="breakpoint",disp="keep",enabled="y",addr="0x00000ba9",thread-groups=["i1"],times="694",script={"silent","if *(unsigned char *)0x0061 != 0","printf \"SAMPLE %u FRAME %u\\n\", $samples, *(unsigned char *)0x0000","x/32bx 0xa470","set $samples = $samples + 1","end","if $samples >= 1024","disable 5","else","continue","end"},original-location="*0x0ba9"}
*stopped
~"SAMPLE 693 FRAME 122\n"
~"0xa470:\t0x01\t0x61\t0xe7\t0x01\t0x0b\t0x0e\t0x01\t0x03\n"
~"0xa478:\t0x01\t0x25\t0xd9\t0x01\t0x07\t0x02\t0x01\t0x01\n"
~"0xa480:\t0x01\t0x7f\t0xf9\t0x01\t0x0f\t0x14\t0x01\t0x01\n"
~"0xa488:\t0x01\t0x33\t0xac\t0x01\t0x0c\t0x05\t0x01\t0x00\n"
*running,thread-id="all"
=breakpoint-modified,bkpt={number="5",type="breakpoint",disp="keep",enabled="y",addr="0x00000ba9",thread-groups=["i1"],times="695",script={"silent","if *(unsigned char *)0x0061 != 0","printf \"SAMPLE %u FRAME %u\\n\", $samples, *(unsigned char *)0x0000","x/32bx 0xa470","set $samples = $samples + 1","end","if $samples >= 1024","disable 5","else","continue","end"},original-location="*0x0ba9"}
*stopped
~"SAMPLE 694 FRAME 126\n"
~"0xa470:\t0x01\t0x61\t0xe6\t0x02\t0x0b\t0x0e\t0x01\t0x03\n"
~"0xa478:\t0x01\t0x25\t0xda\t0x02\t0x07\t0x02\t0x01\t0x01\n"
~"0xa480:\t0x01\t0x7f\t0xfa\t0x02\t0x0f\t0x14\t0x01\t0x01\n"
~"0xa488:\t0x01\t0x32\t0x6c\t0x02\t0x0c\t0x05\t0x01\t0x00\n"
*running,thread-id="all"
=breakpoint-modified,bkpt={number="5",type="breakpoint",disp="keep",enabled="y",addr="0x00000ba9",thread-groups=["i1"],times="696",script={"silent","if *(unsigned char *)0x0061 != 0","printf \"SAMPLE %u FRAME %u\\n\", $samples, *(unsigned char *)0x0000","x/32bx 0xa470","set $samples = $samples + 1","end","if $samples >= 1024","disable 5","else","continue","end"},original-location="*0x0ba9"}
*stopped
~"SAMPLE 695 FRAME 130\n"
~"0xa470:\t0x01\t0x61\t0xe5\t0x03\t0x0b\t0x0e\t0x01\t0x03\n"
~"0xa478:\t0x01\t0x25\t0xdb\t0x03\t0x07\t0x02\t0x01\t0x01\n"
~"0xa480:\t0x01\t0x7f\t0xfb\t0x03\t0x0f\t0x14\t0x01\t0x01\n"
~"0xa488:\t0x01\t0x31\t0x2c\t0x03\t0x0c\t0x05\t0x01\t0x00\n"
*running,thread-id="all"
=breakpoint-modified,bkpt={number="5",type="breakpoint",disp="keep",enabled="y",addr="0x00000ba9",thread-groups=["i1"],times="697",script={"silent","if *(unsigned char *)0x0061 != 0","printf \"SAMPLE %u FRAME %u\\n\", $samples, *(unsigned char *)0x0000","x/32bx 0xa470","set $samples = $samples + 1","end","if $samples >= 1024","disable 5","else","continue","end"},original-location="*0x0ba9"}
*stopped
~"SAMPLE 696 FRAME 134\n"
~"0xa470:\t0x01\t0x61\t0xe4\t0x00\t0x0a\t0x0e\t0x01\t0x02\n"
~"0xa478:\t0x01\t0x25\t0xdc\t0x00\t0x08\t0x02\t0x01\t0x01\n"
~"0xa480:\t0x01\t0x7f\t0xfc\t0x00\t0x10\t0x14\t0x01\t0x01\n"
~"0xa488:\t0x01\t0x2f\t0xec\t0x00\t0x0c\t0x04\t0x01\t0x00\n"
*running,thread-id="all"
=breakpoint-modified,bkpt={number="5",type="breakpoint",disp="keep",enabled="y",addr="0x00000ba9",thread-groups=["i1"],times="698",script={"silent","if *(unsigned char *)0x0061 != 0","printf \"SAMPLE %u FRAME %u\\n\", $samples, *(unsigned char *)0x0000","x/32bx 0xa470","set $samples = $samples + 1","end","if $samples >= 1024","disable 5","else","continue","end"},original-location="*0x0ba9"}
*stopped
~"SAMPLE 697 FRAME 138\n"
~"0xa470:\t0x01\t0x63\t0x24\t0x01\t0x0a\t0x0e\t0x01\t0x02\n"
~"0xa478:\t0x01\t0x25\t0xdd\t0x01\t0x08\t0x02\t0x01\t0x01\n"
~"0xa480:\t0x01\t0x7f\t0xfd\t0x01\t0x10\t0x14\t0x01\t0x01\n"
~"0xa488:\t0x01\t0x2e\t0xac\t0x01\t0x0c\t0x04\t0x01\t0x00\n"
*running,thread-id="all"
=breakpoint-modified,bkpt={number="5",type="breakpoint",disp="keep",enabled="y",addr="0x00000ba9",thread-groups=["i1"],times="699",script={"silent","if *(unsigned char *)0x0061 != 0","printf \"SAMPLE %u FRAME %u\\n\", $samples, *(unsigned char *)0x0000","x/32bx 0xa470","set $samples = $samples + 1","end","if $samples >= 1024","disable 5","else","continue","end"},original-location="*0x0ba9"}
*stopped
~"SAMPLE 698 FRAME 142\n"
~"0xa470:\t0x01\t0x64\t0x64\t0x02\t0x0a\t0x0e\t0x01\t0x02\n"
~"0xa478:\t0x01\t0x25\t0xde\t0x02\t0x08\t0x02\t0x01\t0x01\n"
~"0xa480:\t0x01\t0x7f\t0xfe\t0x02\t0x10\t0x14\t0x01\t0x01\n"
~"0xa488:\t0x01\t0x2d\t0x6c\t0x02\t0x0c\t0x04\t0x01\t0x00\n"
*running,thread-id="all"
=breakpoint-modified,bkpt={number="5",type="breakpoint",disp="keep",enabled="y",addr="0x00000ba9",thread-groups=["i1"],times="700",script={"silent","if *(unsigned char *)0x0061 != 0","printf \"SAMPLE %u FRAME %u\\n\", $samples, *(unsigned char *)0x0000","x/32bx 0xa470","set $samples = $samples + 1","end","if $samples >= 1024","disable 5","else","continue","end"},original-location="*0x0ba9"}
*stopped
~"SAMPLE 699 FRAME 146\n"
~"0xa470:\t0x01\t0x65\t0xa4\t0x03\t0x0a\t0x0e\t0x01\t0x02\n"
~"0xa478:\t0x01\t0x25\t0xdf\t0x03\t0x08\t0x02\t0x01\t0x01\n"
~"0xa480:\t0x01\t0x7f\t0xff\t0x03\t0x10\t0x14\t0x01\t0x01\n"
~"0xa488:\t0x01\t0x2c\t0x2c\t0x03\t0x0c\t0x04\t0x01\t0x00\n"
*running,thread-id="all"
=breakpoint-modified,bkpt={number="5",type="breakpoint",disp="keep",enabled="y",addr="0x00000ba9",thread-groups=["i1"],times="701",script={"silent","if *(unsigned char *)0x0061 != 0","printf \"SAMPLE %u FRAME %u\\n\", $samples, *(unsigned char *)0x0000","x/32bx 0xa470","set $samples = $samples + 1","end","if $samples >= 1024","disable 5","else","continue","end"},original-location="*0x0ba9"}
*stopped
~"SAMPLE 700 FRAME 152\n"
~"0xa470:\t0x01\t0x66\t0xe4\t0x00\t0x0a\t0x0f\t0x01\t0x02\n"
~"0xa478:\t0x01\t0x25\t0xe0\t0x00\t0x09\t0x02\t0x01\t0x01\n"
~"0xa480:\t0x01\t0x80\t0x00\t0x00\t0x11\t0x14\t0x01\t0x01\n"
~"0xa488:\t0x01\t0x2a\t0xec\t0x00\t0x0c\t0x03\t0x01\t0x00\n"
*running,thread-id="all"
=breakpoint-modified,bkpt={number="5",type="breakpoint",disp="keep",enabled="y",addr="0x00000ba9",thread-groups=["i1"],times="702",script={"silent","if *(unsigned char *)0x0061 != 0","printf \"SAMPLE %u FRAME %u\\n\", $samples, *(unsigned char *)0x0000","x/32bx 0xa470","set $samples = $samples + 1","end","if $samples >= 1024","disable 5","else","continue","end"},original-location="*0x0ba9"}
*stopped
~"SAMPLE 701 FRAME 156\n"
~"0xa470:\t0x01\t0x68\t0x24\t0x01\t0x0a\t0x0f\t0x01\t0x02\n"
~"0xa478:\t0x01\t0x25\t0xe1\t0x01\t0x09\t0x02\t0x01\t0x01\n"
~"0xa480:\t0x01\t0x80\t0x01\t0x01\t0x11\t0x14\t0x01\t0x01\n"
~"0xa488:\t0x01\t0x29\t0xac\t0x01\t0x0c\t0x03\t0x01\t0x00\n"
*running,thread-id="all"
=breakpoint-modified,bkpt={number="5",type="breakpoint",disp="keep",enabled="y",addr="0x00000ba9",thread-groups=["i1"],times="703",script={"silent","if *(unsigned char *)0x0061 != 0","printf \"SAMPLE %u FRAME %u\\n\", $samples, *(unsigned char *)0x0000","x/32bx 0xa470","set $samples = $samples + 1","end","if $samples >= 1024","disable 5","else","continue","end"},original-location="*0x0ba9"}
*stopped
~"SAMPLE 702 FRAME 160\n"
~"0xa470:\t0x01\t0x69\t0x64\t0x02\t0x0a\t0x0f\t0x01\t0x02\n"
~"0xa478:\t0x01\t0x25\t0xe2\t0x02\t0x09\t0x02\t0x01\t0x01\n"
~"0xa480:\t0x01\t0x80\t0x02\t0x02\t0x11\t0x14\t0x01\t0x01\n"
~"0xa488:\t0x01\t0x28\t0x6c\t0x02\t0x0c\t0x03\t0x01\t0x00\n"
*running,thread-id="all"
=breakpoint-modified,bkpt={number="5",type="breakpoint",disp="keep",enabled="y",addr="0x00000ba9",thread-groups=["i1"],times="704",script={"silent","if *(unsigned char *)0x0061 != 0","printf \"SAMPLE %u FRAME %u\\n\", $samples, *(unsigned char *)0x0000","x/32bx 0xa470","set $samples = $samples + 1","end","if $samples >= 1024","disable 5","else","continue","end"},original-location="*0x0ba9"}
*stopped
~"SAMPLE 703 FRAME 164\n"
~"0xa470:\t0x01\t0x6a\t0xa4\t0x03\t0x0a\t0x0f\t0x01\t0x02\n"
~"0xa478:\t0x01\t0x25\t0xe3\t0x03\t0x09\t0x02\t0x01\t0x01\n"
~"0xa480:\t0x01\t0x80\t0x03\t0x03\t0x11\t0x14\t0x01\t0x01\n"
~"0xa488:\t0x01\t0x27\t0x2c\t0x03\t0x0c\t0x03\t0x01\t0x00\n"
*running,thread-id="all"
=breakpoint-modified,bkpt={number="5",type="breakpoint",disp="keep",enabled="y",addr="0x00000ba9",thread-groups=["i1"],times="705",script={"silent","if *(unsigned char *)0x0061 != 0","printf \"SAMPLE %u FRAME %u\\n\", $samples, *(unsigned char *)0x0000","x/32bx 0xa470","set $samples = $samples + 1","end","if $samples >= 1024","disable 5","else","continue","end"},original-location="*0x0ba9"}
*stopped
~"SAMPLE 704 FRAME 168\n"
~"0xa470:\t0x01\t0x6b\t0xe4\t0x00\t0x0a\t0x10\t0x01\t0x00\n"
~"0xa478:\t0x01\t0x25\t0xe4\t0x00\t0x0a\t0x02\t0x01\t0x01\n"
~"0xa480:\t0x01\t0x80\t0x04\t0x00\t0x12\t0x14\t0x01\t0x01\n"
~"0xa488:\t0x01\t0x25\t0xec\t0x00\t0x0c\t0x02\t0x01\t0x03\n"
*running,thread-id="all"
=breakpoint-modified,bkpt={number="5",type="breakpoint",disp="keep",enabled="y",addr="0x00000ba9",thread-groups=["i1"],times="706",script={"silent","if *(unsigned char *)0x0061 != 0","printf \"SAMPLE %u FRAME %u\\n\", $samples, *(unsigned char *)0x0000","x/32bx 0xa470","set $samples = $samples + 1","end","if $samples >= 1024","disable 5","else","continue","end"},original-location="*0x0ba9"}
*stopped
~"SAMPLE 705 FRAME 172\n"
~"0xa470:\t0x01\t0x6a\t0xa4\t0x01\t0x0a\t0x10\t0x01\t0x00\n"
~"0xa478:\t0x01\t0x25\t0xe5\t0x01\t0x0a\t0x02\t0x01\t0x01\n"
~"0xa480:\t0x01\t0x80\t0x05\t0x01\t0x12\t0x14\t0x01\t0x01\n"
~"0xa488:\t0x01\t0x25\t0xeb\t0x01\t0x0c\t0x02\t0x01\t0x03\n"
*running,thread-id="all"
=breakpoint-modified,bkpt={number="5",type="breakpoint",disp="keep",enabled="y",addr="0x00000ba9",thread-groups=["i1"],times="707",script={"silent","if *(unsigned char *)0x0061 != 0","printf \"SAMPLE %u FRAME %u\\n\", $samples, *(unsigned char *)0x0000","x/32bx 0xa470","set $samples = $samples + 1","end","if $samples >= 1024","disable 5","else","continue","end"},original-location="*0x0ba9"}
*stopped
~"SAMPLE 706 FRAME 176\n"
~"0xa470:\t0x01\t0x69\t0x64\t0x02\t0x0a\t0x10\t0x01\t0x00\n"
~"0xa478:\t0x01\t0x25\t0xe6\t0x02\t0x0a\t0x02\t0x01\t0x01\n"
~"0xa480:\t0x01\t0x80\t0x06\t0x02\t0x12\t0x14\t0x01\t0x01\n"
~"0xa488:\t0x01\t0x25\t0xea\t0x02\t0x0c\t0x02\t0x01\t0x03\n"
*running,thread-id="all"
=breakpoint-modified,bkpt={number="5",type="breakpoint",disp="keep",enabled="y",addr="0x00000ba9",thread-groups=["i1"],times="708",script={"silent","if *(unsigned char *)0x0061 != 0","printf \"SAMPLE %u FRAME %u\\n\", $samples, *(unsigned char *)0x0000","x/32bx 0xa470","set $samples = $samples + 1","end","if $samples >= 1024","disable 5","else","continue","end"},original-location="*0x0ba9"}
*stopped
~"SAMPLE 707 FRAME 180\n"
~"0xa470:\t0x01\t0x68\t0x24\t0x03\t0x0a\t0x10\t0x01\t0x00\n"
~"0xa478:\t0x01\t0x25\t0xe7\t0x03\t0x0a\t0x02\t0x01\t0x01\n"
~"0xa480:\t0x01\t0x80\t0x07\t0x03\t0x12\t0x14\t0x01\t0x01\n"
~"0xa488:\t0x01\t0x25\t0xe9\t0x03\t0x0c\t0x02\t0x01\t0x03\n"
*running,thread-id="all"
=breakpoint-modified,bkpt={number="5",type="breakpoint",disp="keep",enabled="y",addr="0x00000ba9",thread-groups=["i1"],times="709",script={"silent","if *(unsigned char *)0x0061 != 0","printf \"SAMPLE %u FRAME %u\\n\", $samples, *(unsigned char *)0x0000","x/32bx 0xa470","set $samples = $samples + 1","end","if $samples >= 1024","disable 5","else","continue","end"},original-location="*0x0ba9"}
*stopped
~"SAMPLE 708 FRAME 184\n"
~"0xa470:\t0x01\t0x66\t0xe4\t0x00\t0x0a\t0x0f\t0x01\t0x00\n"
~"0xa478:\t0x01\t0x25\t0xe8\t0x00\t0x0b\t0x02\t0x01\t0x01\n"
~"0xa480:\t0x01\t0x80\t0x08\t0x00\t0x13\t0x14\t0x01\t0x01\n"
~"0xa488:\t0x01\t0x25\t0xe8\t0x00\t0x0b\t0x02\t0x01\t0x03\n"
*running,thread-id="all"
=breakpoint-modified,bkpt={number="5",type="breakpoint",disp="keep",enabled="y",addr="0x00000ba9",thread-groups=["i1"],times="710",script={"silent","if *(unsigned char *)0x0061 != 0","printf \"SAMPLE %u FRAME %u\\n\", $samples, *(unsigned char *)0x0000","x/32bx 0xa470","set $samples = $samples + 1","end","if $samples >= 1024","disable 5","else","continue","end"},original-location="*0x0ba9"}
*stopped
~"SAMPLE 709 FRAME 188\n"
~"0xa470:\t0x01\t0x65\t0xa4\t0x01\t0x0a\t0x0f\t0x01\t0x00\n"
~"0xa478:\t0x01\t0x25\t0xe9\t0x01\t0x0b\t0x02\t0x01\t0x01\n"
~"0xa480:\t0x01\t0x80\t0x09\t0x01\t0x13\t0x14\t0x01\t0x01\n"
~"0xa488:\t0x01\t0x25\t0xe7\t0x01\t0x0b\t0x02\t0x01\t0x03\n"
*running,thread-id="all"
=breakpoint-modified,bkpt={number="5",type="breakpoint",disp="keep",enabled="y",addr="0x00000ba9",thread-groups=["i1"],times="711",script={"silent","if *(unsigned char *)0x0061 != 0","printf \"SAMPLE %u FRAME %u\\n\", $samples, *(unsigned char *)0x0000","x/32bx 0xa470","set $samples = $samples + 1","end","if $samples >= 1024","disable 5","else","continue","end"},original-location="*0x0ba9"}
*stopped
~"SAMPLE 710 FRAME 192\n"
~"0xa470:\t0x01\t0x64\t0x64\t0x02\t0x0a\t0x0f\t0x01\t0x00\n"
~"0xa478:\t0x01\t0x25\t0xea\t0x02\t0x0b\t0x02\t0x01\t0x01\n"
~"0xa480:\t0x01\t0x80\t0x0a\t0x02\t0x13\t0x14\t0x01\t0x01\n"
~"0xa488:\t0x01\t0x25\t0xe6\t0x02\t0x0b\t0x02\t0x01\t0x03\n"
*running,thread-id="all"
=breakpoint-modified,bkpt={number="5",type="breakpoint",disp="keep",enabled="y",addr="0x00000ba9",thread-groups=["i1"],times="712",script={"silent","if *(unsigned char *)0x0061 != 0","printf \"SAMPLE %u FRAME %u\\n\", $samples, *(unsigned char *)0x0000","x/32bx 0xa470","set $samples = $samples + 1","end","if $samples >= 1024","disable 5","else","continue","end"},original-location="*0x0ba9"}
*stopped
~"SAMPLE 711 FRAME 196\n"
~"0xa470:\t0x01\t0x63\t0x24\t0x03\t0x0a\t0x0f\t0x01\t0x00\n"
~"0xa478:\t0x01\t0x25\t0xeb\t0x03\t0x0b\t0x02\t0x01\t0x01\n"
~"0xa480:\t0x01\t0x80\t0x0b\t0x03\t0x13\t0x14\t0x01\t0x01\n"
~"0xa488:\t0x01\t0x25\t0xe5\t0x03\t0x0b\t0x02\t0x01\t0x03\n"
*running,thread-id="all"
=breakpoint-modified,bkpt={number="5",type="breakpoint",disp="keep",enabled="y",addr="0x00000ba9",thread-groups=["i1"],times="713",script={"silent","if *(unsigned char *)0x0061 != 0","printf \"SAMPLE %u FRAME %u\\n\", $samples, *(unsigned char *)0x0000","x/32bx 0xa470","set $samples = $samples + 1","end","if $samples >= 1024","disable 5","else","continue","end"},original-location="*0x0ba9"}
*stopped
~"SAMPLE 712 FRAME 202\n"
~"0xa470:\t0x01\t0x61\t0xe4\t0x00\t0x0a\t0x0e\t0x01\t0x00\n"
~"0xa478:\t0x01\t0x25\t0xec\t0x00\t0x0c\t0x02\t0x01\t0x01\n"
~"0xa480:\t0x01\t0x80\t0x0c\t0x00\t0x14\t0x14\t0x01\t0x03\n"
~"0xa488:\t0x01\t0x25\t0xe4\t0x00\t0x0a\t0x02\t0x01\t0x03\n"
*running,thread-id="all"
=breakpoint-modified,bkpt={number="5",type="breakpoint",disp="keep",enabled="y",addr="0x00000ba9",thread-groups=["i1"],times="714",script={"silent","if *(unsigned char *)0x0061 != 0","printf \"SAMPLE %u FRAME %u\\n\", $samples, *(unsigned char *)0x0000","x/32bx 0xa470","set $samples = $samples + 1","end","if $samples >= 1024","disable 5","else","continue","end"},original-location="*0x0ba9"}
*stopped
~"SAMPLE 713 FRAME 206\n"
~"0xa470:\t0x01\t0x60\t0xa4\t0x01\t0x0a\t0x0e\t0x01\t0x00\n"
~"0xa478:\t0x01\t0x25\t0xed\t0x01\t0x0c\t0x02\t0x01\t0x01\n"
~"0xa480:\t0x01\t0x80\t0x0b\t0x01\t0x14\t0x14\t0x01\t0x03\n"
~"0xa488:\t0x01\t0x25\t0xe3\t0x01\t0x0a\t0x02\t0x01\t0x03\n"
*running,thread-id="all"
=breakpoint-modified,bkpt={number="5",type="breakpoint",disp="keep",enabled="y",addr="0x00000ba9",thread-groups=["i1"],times="715",script={"silent","if *(unsigned char *)0x0061 != 0","printf \"SAMPLE %u FRAME %u\\n\", $samples, *(unsigned char *)0x0000","x/32bx 0xa470","set $samples = $samples + 1","end","if $samples >= 1024","disable 5","else","continue","end"},original-location="*0x0ba9"}
*stopped
~"SAMPLE 714 FRAME 210\n"
~"0xa470:\t0x01\t0x5f\t0x64\t0x02\t0x0a\t0x0e\t0x01\t0x00\n"
~"0xa478:\t0x01\t0x25\t0xee\t0x02\t0x0c\t0x02\t0x01\t0x01\n"
~"0xa480:\t0x01\t0x80\t0x0a\t0x02\t0x14\t0x14\t0x01\t0x03\n"
~"0xa488:\t0x01\t0x25\t0xe2\t0x02\t0x0a\t0x02\t0x01\t0x03\n"
*running,thread-id="all"
=breakpoint-modified,bkpt={number="5",type="breakpoint",disp="keep",enabled="y",addr="0x00000ba9",thread-groups=["i1"],times="716",script={"silent","if *(unsigned char *)0x0061 != 0","printf \"SAMPLE %u FRAME %u\\n\", $samples, *(unsigned char *)0x0000","x/32bx 0xa470","set $samples = $samples + 1","end","if $samples >= 1024","disable 5","else","continue","end"},original-location="*0x0ba9"}
*stopped
~"SAMPLE 715 FRAME 214\n"
~"0xa470:\t0x01\t0x5e\t0x24\t0x03\t0x0a\t0x0e\t0x01\t0x00\n"
~"0xa478:\t0x01\t0x25\t0xef\t0x03\t0x0c\t0x02\t0x01\t0x01\n"
~"0xa480:\t0x01\t0x80\t0x09\t0x03\t0x14\t0x14\t0x01\t0x03\n"
~"0xa488:\t0x01\t0x25\t0xe1\t0x03\t0x0a\t0x02\t0x01\t0x03\n"
*running,thread-id="all"
=breakpoint-modified,bkpt={number="5",type="breakpoint",disp="keep",enabled="y",addr="0x00000ba9",thread-groups=["i1"],times="717",script={"silent","if *(unsigned char *)0x0061 != 0","printf \"SAMPLE %u FRAME %u\\n\", $samples, *(unsigned char *)0x0000","x/32bx 0xa470","set $samples = $samples + 1","end","if $samples >= 1024","disable 5","else","continue","end"},original-location="*0x0ba9"}
*stopped
~"SAMPLE 716 FRAME 218\n"
~"0xa470:\t0x01\t0x5c\t0xe4\t0x00\t0x0a\t0x0d\t0x01\t0x00\n"
~"0xa478:\t0x01\t0x25\t0xf0\t0x00\t0x0d\t0x02\t0x01\t0x01\n"
~"0xa480:\t0x01\t0x80\t0x08\t0x00\t0x13\t0x14\t0x01\t0x03\n"
~"0xa488:\t0x01\t0x25\t0xe0\t0x00\t0x09\t0x02\t0x01\t0x03\n"
*running,thread-id="all"
=breakpoint-modified,bkpt={number="5",type="breakpoint",disp="keep",enabled="y",addr="0x00000ba9",thread-groups=["i1"],times="718",script={"silent","if *(unsigned char *)0x0061 != 0","printf \"SAMPLE %u FRAME %u\\n\", $samples, *(unsigned char *)0x0000","x/32bx 0xa470","set $samples = $samples + 1","end","if $samples >= 1024","disable 5","else","continue","end"},original-location="*0x0ba9"}
*stopped
~"SAMPLE 717 FRAME 222\n"
~"0xa470:\t0x01\t0x5b\t0xa4\t0x01\t0x0a\t0x0d\t0x01\t0x00\n"
~"0xa478:\t0x01\t0x25\t0xf1\t0x01\t0x0d\t0x02\t0x01\t0x01\n"
~"0xa480:\t0x01\t0x80\t0x07\t0x01\t0x13\t0x14\t0x01\t0x03\n"
~"0xa488:\t0x01\t0x25\t0xdf\t0x01\t0x09\t0x02\t0x01\t0x03\n"
*running,thread-id="all"
=breakpoint-modified,bkpt={number="5",type="breakpoint",disp="keep",enabled="y",addr="0x00000ba9",thread-groups=["i1"],times="719",script={"silent","if *(unsigned char *)0x0061 != 0","printf \"SAMPLE %u FRAME %u\\n\", $samples, *(unsigned char *)0x0000","x/32bx 0xa470","set $samples = $samples + 1","end","if $samples >= 1024","disable 5","else","continue","end"},original-location="*0x0ba9"}
*stopped
~"SAMPLE 718 FRAME 226\n"
~"0xa470:\t0x01\t0x5a\t0x64\t0x02\t0x0a\t0x0d\t0x01\t0x00\n"
~"0xa478:\t0x01\t0x25\t0xf2\t0x02\t0x0d\t0x02\t0x01\t0x01\n"
~"0xa480:\t0x01\t0x80\t0x06\t0x02\t0x13\t0x14\t0x01\t0x03\n"
~"0xa488:\t0x01\t0x25\t0xde\t0x02\t0x09\t0x02\t0x01\t0x03\n"
*running,thread-id="all"
=breakpoint-modified,bkpt={number="5",type="breakpoint",disp="keep",enabled="y",addr="0x00000ba9",thread-groups=["i1"],times="720",script={"silent","if *(unsigned char *)0x0061 != 0","printf \"SAMPLE %u FRAME %u\\n\", $samples, *(unsigned char *)0x0000","x/32bx 0xa470","set $samples = $samples + 1","end","if $samples >= 1024","disable 5","else","continue","end"},original-location="*0x0ba9"}
*stopped
~"SAMPLE 719 FRAME 230\n"
~"0xa470:\t0x01\t0x59\t0x24\t0x03\t0x0a\t0x0d\t0x01\t0x00\n"
~"0xa478:\t0x01\t0x25\t0xf3\t0x03\t0x0d\t0x02\t0x01\t0x01\n"
~"0xa480:\t0x01\t0x80\t0x05\t0x03\t0x13\t0x14\t0x01\t0x03\n"
~"0xa488:\t0x01\t0x25\t0xdd\t0x03\t0x09\t0x02\t0x01\t0x03\n"
*running,thread-id="all"
=breakpoint-modified,bkpt={number="5",type="breakpoint",disp="keep",enabled="y",addr="0x00000ba9",thread-groups=["i1"],times="721",script={"silent","if *(unsigned char *)0x0061 != 0","printf \"SAMPLE %u FRAME %u\\n\", $samples, *(unsigned char *)0x0000","x/32bx 0xa470","set $samples = $samples + 1","end","if $samples >= 1024","disable 5","else","continue","end"},original-location="*0x0ba9"}
*stopped
~"SAMPLE 720 FRAME 234\n"
~"0xa470:\t0x01\t0x57\t0xe4\t0x00\t0x0a\t0x0c\t0x01\t0x00\n"
~"0xa478:\t0x01\t0x25\t0xf4\t0x00\t0x0e\t0x02\t0x01\t0x01\n"
~"0xa480:\t0x01\t0x80\t0x04\t0x00\t0x12\t0x14\t0x01\t0x03\n"
~"0xa488:\t0x01\t0x25\t0xdc\t0x00\t0x08\t0x02\t0x01\t0x03\n"
*running,thread-id="all"
=breakpoint-modified,bkpt={number="5",type="breakpoint",disp="keep",enabled="y",addr="0x00000ba9",thread-groups=["i1"],times="722",script={"silent","if *(unsigned char *)0x0061 != 0","printf \"SAMPLE %u FRAME %u\\n\", $samples, *(unsigned char *)0x0000","x/32bx 0xa470","set $samples = $samples + 1","end","if $samples >= 1024","disable 5","else","continue","end"},original-location="*0x0ba9"}
*stopped
~"SAMPLE 721 FRAME 238\n"
~"0xa470:\t0x01\t0x56\t0xa4\t0x01\t0x0a\t0x0c\t0x01\t0x00\n"
~"0xa478:\t0x01\t0x25\t0xf5\t0x01\t0x0e\t0x02\t0x01\t0x01\n"
~"0xa480:\t0x01\t0x80\t0x03\t0x01\t0x12\t0x14\t0x01\t0x03\n"
~"0xa488:\t0x01\t0x25\t0xdb\t0x01\t0x08\t0x02\t0x01\t0x03\n"
*running,thread-id="all"
=breakpoint-modified,bkpt={number="5",type="breakpoint",disp="keep",enabled="y",addr="0x00000ba9",thread-groups=["i1"],times="723",script={"silent","if *(unsigned char *)0x0061 != 0","printf \"SAMPLE %u FRAME %u\\n\", $samples, *(unsigned char *)0x0000","x/32bx 0xa470","set $samples = $samples + 1","end","if $samples >= 1024","disable 5","else","continue","end"},original-location="*0x0ba9"}
*stopped
~"SAMPLE 722 FRAME 242\n"
~"0xa470:\t0x01\t0x55\t0x64\t0x02\t0x0a\t0x0c\t0x01\t0x00\n"
~"0xa478:\t0x01\t0x25\t0xf6\t0x02\t0x0e\t0x02\t0x01\t0x01\n"
~"0xa480:\t0x01\t0x80\t0x02\t0x02\t0x12\t0x14\t0x01\t0x03\n"
~"0xa488:\t0x01\t0x25\t0xda\t0x02\t0x08\t0x02\t0x01\t0x03\n"
*running,thread-id="all"
=breakpoint-modified,bkpt={number="5",type="breakpoint",disp="keep",enabled="y",addr="0x00000ba9",thread-groups=["i1"],times="724",script={"silent","if *(unsigned char *)0x0061 != 0","printf \"SAMPLE %u FRAME %u\\n\", $samples, *(unsigned char *)0x0000","x/32bx 0xa470","set $samples = $samples + 1","end","if $samples >= 1024","disable 5","else","continue","end"},original-location="*0x0ba9"}
*stopped
~"SAMPLE 723 FRAME 246\n"
~"0xa470:\t0x01\t0x54\t0x24\t0x03\t0x0a\t0x0c\t0x01\t0x00\n"
~"0xa478:\t0x01\t0x25\t0xf7\t0x03\t0x0e\t0x02\t0x01\t0x01\n"
~"0xa480:\t0x01\t0x80\t0x01\t0x03\t0x12\t0x14\t0x01\t0x03\n"
~"0xa488:\t0x01\t0x25\t0xd9\t0x03\t0x08\t0x02\t0x01\t0x03\n"
*running,thread-id="all"
=breakpoint-modified,bkpt={number="5",type="breakpoint",disp="keep",enabled="y",addr="0x00000ba9",thread-groups=["i1"],times="725",script={"silent","if *(unsigned char *)0x0061 != 0","printf \"SAMPLE %u FRAME %u\\n\", $samples, *(unsigned char *)0x0000","x/32bx 0xa470","set $samples = $samples + 1","end","if $samples >= 1024","disable 5","else","continue","end"},original-location="*0x0ba9"}
*stopped
~"SAMPLE 724 FRAME 252\n"
~"0xa470:\t0x01\t0x52\t0xe4\t0x00\t0x0a\t0x0b\t0x01\t0x00\n"
~"0xa478:\t0x01\t0x25\t0xf8\t0x00\t0x0f\t0x02\t0x01\t0x01\n"
~"0xa480:\t0x01\t0x80\t0x00\t0x00\t0x11\t0x14\t0x01\t0x03\n"
~"0xa488:\t0x01\t0x25\t0xd8\t0x00\t0x07\t0x02\t0x01\t0x03\n"
*running,thread-id="all"
=breakpoint-modified,bkpt={number="5",type="breakpoint",disp="keep",enabled="y",addr="0x00000ba9",thread-groups=["i1"],times="726",script={"silent","if *(unsigned char *)0x0061 != 0","printf \"SAMPLE %u FRAME %u\\n\", $samples, *(unsigned char *)0x0000","x/32bx 0xa470","set $samples = $samples + 1","end","if $samples >= 1024","disable 5","else","continue","end"},original-location="*0x0ba9"}
*stopped
~"SAMPLE 725 FRAME 0\n"
~"0xa470:\t0x01\t0x51\t0xa4\t0x01\t0x0a\t0x0b\t0x01\t0x00\n"
~"0xa478:\t0x01\t0x25\t0xf9\t0x01\t0x0f\t0x02\t0x01\t0x01\n"
~"0xa480:\t0x01\t0x7f\t0xff\t0x01\t0x11\t0x14\t0x01\t0x03\n"
~"0xa488:\t0x01\t0x25\t0xd7\t0x01\t0x07\t0x02\t0x01\t0x03\n"
*running,thread-id="all"
=breakpoint-modified,bkpt={number="5",type="breakpoint",disp="keep",enabled="y",addr="0x00000ba9",thread-groups=["i1"],times="727",script={"silent","if *(unsigned char *)0x0061 != 0","printf \"SAMPLE %u FRAME %u\\n\", $samples, *(unsigned char *)0x0000","x/32bx 0xa470","set $samples = $samples + 1","end","if $samples >= 1024","disable 5","else","continue","end"},original-location="*0x0ba9"}
*stopped
~"SAMPLE 726 FRAME 4\n"
~"0xa470:\t0x01\t0x50\t0x64\t0x02\t0x0a\t0x0b\t0x01\t0x00\n"
~"0xa478:\t0x01\t0x25\t0xfa\t0x02\t0x0f\t0x02\t0x01\t0x01\n"
~"0xa480:\t0x01\t0x7f\t0xfe\t0x02\t0x11\t0x14\t0x01\t0x03\n"
~"0xa488:\t0x01\t0x25\t0xd6\t0x02\t0x07\t0x02\t0x01\t0x03\n"
*running,thread-id="all"
=breakpoint-modified,bkpt={number="5",type="breakpoint",disp="keep",enabled="y",addr="0x00000ba9",thread-groups=["i1"],times="728",script={"silent","if *(unsigned char *)0x0061 != 0","printf \"SAMPLE %u FRAME %u\\n\", $samples, *(unsigned char *)0x0000","x/32bx 0xa470","set $samples = $samples + 1","end","if $samples >= 1024","disable 5","else","continue","end"},original-location="*0x0ba9"}
*stopped
~"SAMPLE 727 FRAME 8\n"
~"0xa470:\t0x01\t0x4f\t0x24\t0x03\t0x0a\t0x0b\t0x01\t0x00\n"
~"0xa478:\t0x01\t0x25\t0xfb\t0x03\t0x0f\t0x02\t0x01\t0x01\n"
~"0xa480:\t0x01\t0x7f\t0xfd\t0x03\t0x11\t0x14\t0x01\t0x03\n"
~"0xa488:\t0x01\t0x25\t0xd5\t0x03\t0x07\t0x02\t0x01\t0x03\n"
*running,thread-id="all"
=breakpoint-modified,bkpt={number="5",type="breakpoint",disp="keep",enabled="y",addr="0x00000ba9",thread-groups=["i1"],times="729",script={"silent","if *(unsigned char *)0x0061 != 0","printf \"SAMPLE %u FRAME %u\\n\", $samples, *(unsigned char *)0x0000","x/32bx 0xa470","set $samples = $samples + 1","end","if $samples >= 1024","disable 5","else","continue","end"},original-location="*0x0ba9"}
*stopped
~"SAMPLE 728 FRAME 12\n"
~"0xa470:\t0x01\t0x4d\t0xe4\t0x00\t0x0a\t0x0a\t0x01\t0x03\n"
~"0xa478:\t0x01\t0x25\t0xfc\t0x00\t0x10\t0x02\t0x01\t0x01\n"
~"0xa480:\t0x01\t0x7f\t0xfc\t0x00\t0x10\t0x14\t0x01\t0x03\n"
~"0xa488:\t0x01\t0x25\t0xd4\t0x00\t0x06\t0x02\t0x01\t0x03\n"
*running,thread-id="all"
=breakpoint-modified,bkpt={number="5",type="breakpoint",disp="keep",enabled="y",addr="0x00000ba9",thread-groups=["i1"],times="730",script={"silent","if *(unsigned char *)0x0061 != 0","printf \"SAMPLE %u FRAME %u\\n\", $samples, *(unsigned char *)0x0000","x/32bx 0xa470","set $samples = $samples + 1","end","if $samples >= 1024","disable 5","else","continue","end"},original-location="*0x0ba9"}
*stopped
~"SAMPLE 729 FRAME 16\n"
~"0xa470:\t0x01\t0x4d\t0xe3\t0x01\t0x0a\t0x0a\t0x01\t0x03\n"
~"0xa478:\t0x01\t0x25\t0xfd\t0x01\t0x10\t0x02\t0x01\t0x01\n"
~"0xa480:\t0x01\t0x7f\t0xfb\t0x01\t0x10\t0x14\t0x01\t0x03\n"
~"0xa488:\t0x01\t0x25\t0xd3\t0x01\t0x06\t0x02\t0x01\t0x03\n"
*running,thread-id="all"
=breakpoint-modified,bkpt={number="5",type="breakpoint",disp="keep",enabled="y",addr="0x00000ba9",thread-groups=["i1"],times="731",script={"silent","if *(unsigned char *)0x0061 != 0","printf \"SAMPLE %u FRAME %u\\n\", $samples, *(unsigned char *)0x0000","x/32bx 0xa470","set $samples = $samples + 1","end","if $samples >= 1024","disable 5","else","continue","end"},original-location="*0x0ba9"}
*stopped
~"SAMPLE 730 FRAME 20\n"
~"0xa470:\t0x01\t0x4d\t0xe2\t0x02\t0x0a\t0x0a\t0x01\t0x03\n"
~"0xa478:\t0x01\t0x25\t0xfe\t0x02\t0x10\t0x02\t0x01\t0x01\n"
~"0xa480:\t0x01\t0x7f\t0xfa\t0x02\t0x10\t0x14\t0x01\t0x03\n"
~"0xa488:\t0x01\t0x25\t0xd2\t0x02\t0x06\t0x02\t0x01\t0x03\n"
*running,thread-id="all"
=breakpoint-modified,bkpt={number="5",type="breakpoint",disp="keep",enabled="y",addr="0x00000ba9",thread-groups=["i1"],times="732",script={"silent","if *(unsigned char *)0x0061 != 0","printf \"SAMPLE %u FRAME %u\\n\", $samples, *(unsigned char *)0x0000","x/32bx 0xa470","set $samples = $samples + 1","end","if $samples >= 1024","disable 5","else","continue","end"},original-location="*0x0ba9"}
*stopped
~"SAMPLE 731 FRAME 24\n"
~"0xa470:\t0x01\t0x4d\t0xe1\t0x03\t0x0a\t0x0a\t0x01\t0x03\n"
~"0xa478:\t0x01\t0x25\t0xff\t0x03\t0x10\t0x02\t0x01\t0x01\n"
~"0xa480:\t0x01\t0x7f\t0xf9\t0x03\t0x10\t0x14\t0x01\t0x03\n"
~"0xa488:\t0x01\t0x25\t0xd1\t0x03\t0x06\t0x02\t0x01\t0x03\n"
*running,thread-id="all"
=breakpoint-modified,bkpt={number="5",type="breakpoint",disp="keep",enabled="y",addr="0x00000ba9",thread-groups=["i1"],times="733",script={"silent","if *(unsigned char *)0x0061 != 0","printf \"SAMPLE %u FRAME %u\\n\", $samples, *(unsigned char *)0x0000","x/32bx 0xa470","set $samples = $samples + 1","end","if $samples >= 1024","disable 5","else","continue","end"},original-location="*0x0ba9"}
*stopped
~"SAMPLE 732 FRAME 28\n"
~"0xa470:\t0x01\t0x4d\t0xe0\t0x00\t0x09\t0x0a\t0x01\t0x03\n"
~"0xa478:\t0x01\t0x26\t0x00\t0x00\t0x11\t0x02\t0x01\t0x01\n"
~"0xa480:\t0x01\t0x7f\t0xf8\t0x00\t0x0f\t0x14\t0x01\t0x03\n"
~"0xa488:\t0x01\t0x25\t0xd0\t0x00\t0x05\t0x02\t0x01\t0x03\n"
*running,thread-id="all"
=breakpoint-modified,bkpt={number="5",type="breakpoint",disp="keep",enabled="y",addr="0x00000ba9",thread-groups=["i1"],times="734",script={"silent","if *(unsigned char *)0x0061 != 0","printf \"SAMPLE %u FRAME %u\\n\", $samples, *(unsigned char *)0x0000","x/32bx 0xa470","set $samples = $samples + 1","end","if $samples >= 1024","disable 5","else","continue","end"},original-location="*0x0ba9"}
*stopped
~"SAMPLE 733 FRAME 32\n"
~"0xa470:\t0x01\t0x4d\t0xdf\t0x01\t0x09\t0x0a\t0x01\t0x03\n"
~"0xa478:\t0x01\t0x26\t0x01\t0x01\t0x11\t0x02\t0x01\t0x01\n"
~"0xa480:\t0x01\t0x7f\t0xf7\t0x01\t0x0f\t0x14\t0x01\t0x03\n"
~"0xa488:\t0x01\t0x25\t0xcf\t0x01\t0x05\t0x02\t0x01\t0x03\n"
*running,thread-id="all"
=breakpoint-modified,bkpt={number="5",type="breakpoint",disp="keep",enabled="y",addr="0x00000ba9",thread-groups=["i1"],times="735",script={"silent","if *(unsigned char *)0x0061 != 0","printf \"SAMPLE %u FRAME %u\\n\", $samples, *(unsigned char *)0x0000","x/32bx 0xa470","set $samples = $samples + 1","end","if $samples >= 1024","disable 5","else","continue","end"},original-location="*0x0ba9"}
*stopped
~"SAMPLE 734 FRAME 36\n"
~"0xa470:\t0x01\t0x4d\t0xde\t0x02\t0x09\t0x0a\t0x01\t0x03\n"
~"0xa478:\t0x01\t0x26\t0x02\t0x02\t0x11\t0x02\t0x01\t0x01\n"
~"0xa480:\t0x01\t0x7f\t0xf6\t0x02\t0x0f\t0x14\t0x01\t0x03\n"
~"0xa488:\t0x01\t0x25\t0xce\t0x02\t0x05\t0x02\t0x01\t0x03\n"
*running,thread-id="all"
=breakpoint-modified,bkpt={number="5",type="breakpoint",disp="keep",enabled="y",addr="0x00000ba9",thread-groups=["i1"],times="736",script={"silent","if *(unsigned char *)0x0061 != 0","printf \"SAMPLE %u FRAME %u\\n\", $samples, *(unsigned char *)0x0000","x/32bx 0xa470","set $samples = $samples + 1","end","if $samples >= 1024","disable 5","else","continue","end"},original-location="*0x0ba9"}
*stopped
~"SAMPLE 735 FRAME 40\n"
~"0xa470:\t0x01\t0x4d\t0xdd\t0x03\t0x09\t0x0a\t0x01\t0x03\n"
~"0xa478:\t0x01\t0x26\t0x03\t0x03\t0x11\t0x02\t0x01\t0x01\n"
~"0xa480:\t0x01\t0x7f\t0xf5\t0x03\t0x0f\t0x14\t0x01\t0x03\n"
~"0xa488:\t0x01\t0x25\t0xcd\t0x03\t0x05\t0x02\t0x01\t0x03\n"
*running,thread-id="all"
=breakpoint-modified,bkpt={number="5",type="breakpoint",disp="keep",enabled="y",addr="0x00000ba9",thread-groups=["i1"],times="737",script={"silent","if *(unsigned char *)0x0061 != 0","printf \"SAMPLE %u FRAME %u\\n\", $samples, *(unsigned char *)0x0000","x/32bx 0xa470","set $samples = $samples + 1","end","if $samples >= 1024","disable 5","else","continue","end"},original-location="*0x0ba9"}
*stopped
~"SAMPLE 736 FRAME 46\n"
~"0xa470:\t0x01\t0x4d\t0xdc\t0x00\t0x08\t0x0a\t0x01\t0x02\n"
~"0xa478:\t0x01\t0x26\t0x04\t0x00\t0x12\t0x02\t0x01\t0x01\n"
~"0xa480:\t0x01\t0x7f\t0xf4\t0x00\t0x0e\t0x14\t0x01\t0x02\n"
~"0xa488:\t0x01\t0x25\t0xcc\t0x00\t0x04\t0x02\t0x01\t0x03\n"
*running,thread-id="all"
=breakpoint-modified,bkpt={number="5",type="breakpoint",disp="keep",enabled="y",addr="0x00000ba9",thread-groups=["i1"],times="738",script={"silent","if *(unsigned char *)0x0061 != 0","printf \"SAMPLE %u FRAME %u\\n\", $samples, *(unsigned char *)0x0000","x/32bx 0xa470","set $samples = $samples + 1","end","if $samples >= 1024","disable 5","else","continue","end"},original-location="*0x0ba9"}
*stopped
~"SAMPLE 737 FRAME 50\n"
~"0xa470:\t0x01\t0x4f\t0x1c\t0x01\t0x08\t0x0a\t0x01\t0x02\n"
~"0xa478:\t0x01\t0x26\t0x05\t0x01\t0x12\t0x02\t0x01\t0x01\n"
~"0xa480:\t0x01\t0x81\t0x34\t0x01\t0x0e\t0x14\t0x01\t0x02\n"
~"0xa488:\t0x01\t0x25\t0xcb\t0x01\t0x04\t0x02\t0x01\t0x03\n"
*running,thread-id="all"
=breakpoint-modified,bkpt={number="5",type="breakpoint",disp="keep",enabled="y",addr="0x00000ba9",thread-groups=["i1"],times="739",script={"silent","if *(unsigned char *)0x0061 != 0","printf \"SAMPLE %u FRAME %u\\n\", $samples, *(unsigned char *)0x0000","x/32bx 0xa470","set $samples = $samples + 1","end","if $samples >= 1024","disable 5","else","continue","end"},original-location="*0x0ba9"}
*stopped
~"SAMPLE 738 FRAME 54\n"
~"0xa470:\t0x01\t0x50\t0x5c\t0x02\t0x08\t0x0a\t0x01\t0x02\n"
~"0xa478:\t0x01\t0x26\t0x06\t0x02\t0x12\t0x02\t0x01\t0x01\n"
~"0xa480:\t0x01\t0x82\t0x74\t0x02\t0x0e\t0x14\t0x01\t0x02\n"
~"0xa488:\t0x01\t0x25\t0xca\t0x02\t0x04\t0x02\t0x01\t0x03\n"
*running,thread-id="all"
=breakpoint-modified,bkpt={number="5",type="breakpoint",disp="keep",enabled="y",addr="0x00000ba9",thread-groups=["i1"],times="740",script={"silent","if *(unsigned char *)0x0061 != 0","printf \"SAMPLE %u FRAME %u\\n\", $samples, *(unsigned char *)0x0000","x/32bx 0xa470","set $samples = $samples + 1","end","if $samples >= 1024","disable 5","else","continue","end"},original-location="*0x0ba9"}
*stopped
~"SAMPLE 739 FRAME 58\n"
~"0xa470:\t0x01\t0x51\t0x9c\t0x03\t0x08\t0x0a\t0x01\t0x02\n"
~"0xa478:\t0x01\t0x26\t0x07\t0x03\t0x12\t0x02\t0x01\t0x01\n"
~"0xa480:\t0x01\t0x83\t0xb4\t0x03\t0x0e\t0x14\t0x01\t0x02\n"
~"0xa488:\t0x01\t0x25\t0xc9\t0x03\t0x04\t0x02\t0x01\t0x03\n"
*running,thread-id="all"
=breakpoint-modified,bkpt={number="5",type="breakpoint",disp="keep",enabled="y",addr="0x00000ba9",thread-groups=["i1"],times="741",script={"silent","if *(unsigned char *)0x0061 != 0","printf \"SAMPLE %u FRAME %u\\n\", $samples, *(unsigned char *)0x0000","x/32bx 0xa470","set $samples = $samples + 1","end","if $samples >= 1024","disable 5","else","continue","end"},original-location="*0x0ba9"}
*stopped
~"SAMPLE 740 FRAME 62\n"
~"0xa470:\t0x01\t0x52\t0xdc\t0x00\t0x08\t0x0b\t0x01\t0x02\n"
~"0xa478:\t0x01\t0x26\t0x08\t0x00\t0x13\t0x02\t0x01\t0x01\n"
~"0xa480:\t0x01\t0x84\t0xf4\t0x00\t0x0e\t0x15\t0x01\t0x02\n"
~"0xa488:\t0x01\t0x25\t0xc8\t0x00\t0x03\t0x02\t0x01\t0x03\n"
*running,thread-id="all"
=breakpoint-modified,bkpt={number="5",type="breakpoint",disp="keep",enabled="y",addr="0x00000ba9",thread-groups=["i1"],times="742",script={"silent","if *(unsigned char *)0x0061 != 0","printf \"SAMPLE %u FRAME %u\\n\", $samples, *(unsigned char *)0x0000","x/32bx 0xa470","set $samples = $samples + 1","end","if $samples >= 1024","disable 5","else","continue","end"},original-location="*0x0ba9"}
*stopped
~"SAMPLE 741 FRAME 66\n"
~"0xa470:\t0x01\t0x54\t0x1c\t0x01\t0x08\t0x0b\t0x01\t0x02\n"
~"0xa478:\t0x01\t0x26\t0x09\t0x01\t0x13\t0x02\t0x01\t0x01\n"
~"0xa480:\t0x01\t0x86\t0x34\t0x01\t0x0e\t0x15\t0x01\t0x02\n"
~"0xa488:\t0x01\t0x25\t0xc7\t0x01\t0x03\t0x02\t0x01\t0x03\n"
*running,thread-id="all"
=breakpoint-modified,bkpt={number="5",type="breakpoint",disp="keep",enabled="y",addr="0x00000ba9",thread-groups=["i1"],times="743",script={"silent","if *(unsigned char *)0x0061 != 0","printf \"SAMPLE %u FRAME %u\\n\", $samples, *(unsigned char *)0x0000","x/32bx 0xa470","set $samples = $samples + 1","end","if $samples >= 1024","disable 5","else","continue","end"},original-location="*0x0ba9"}
*stopped
~"SAMPLE 742 FRAME 70\n"
~"0xa470:\t0x01\t0x55\t0x5c\t0x02\t0x08\t0x0b\t0x01\t0x02\n"
~"0xa478:\t0x01\t0x26\t0x0a\t0x02\t0x13\t0x02\t0x01\t0x01\n"
~"0xa480:\t0x01\t0x87\t0x74\t0x02\t0x0e\t0x15\t0x01\t0x02\n"
~"0xa488:\t0x01\t0x25\t0xc6\t0x02\t0x03\t0x02\t0x01\t0x03\n"
*running,thread-id="all"
=breakpoint-modified,bkpt={number="5",type="breakpoint",disp="keep",enabled="y",addr="0x00000ba9",thread-groups=["i1"],times="744",script={"silent","if *(unsigned char *)0x0061 != 0","printf \"SAMPLE %u FRAME %u\\n\", $samples, *(unsigned char *)0x0000","x/32bx 0xa470","set $samples = $samples + 1","end","if $samples >= 1024","disable 5","else","continue","end"},original-location="*0x0ba9"}
*stopped
~"SAMPLE 743 FRAME 74\n"
~"0xa470:\t0x01\t0x56\t0x9c\t0x03\t0x08\t0x0b\t0x01\t0x02\n"
~"0xa478:\t0x01\t0x26\t0x0b\t0x03\t0x13\t0x02\t0x01\t0x01\n"
~"0xa480:\t0x01\t0x88\t0xb4\t0x03\t0x0e\t0x15\t0x01\t0x02\n"
~"0xa488:\t0x01\t0x25\t0xc5\t0x03\t0x03\t0x02\t0x01\t0x03\n"
*running,thread-id="all"
=breakpoint-modified,bkpt={number="5",type="breakpoint",disp="keep",enabled="y",addr="0x00000ba9",thread-groups=["i1"],times="745",script={"silent","if *(unsigned char *)0x0061 != 0","printf \"SAMPLE %u FRAME %u\\n\", $samples, *(unsigned char *)0x0000","x/32bx 0xa470","set $samples = $samples + 1","end","if $samples >= 1024","disable 5","else","continue","end"},original-location="*0x0ba9"}
*stopped
~"SAMPLE 744 FRAME 78\n"
~"0xa470:\t0x01\t0x57\t0xdc\t0x00\t0x08\t0x0c\t0x01\t0x02\n"
~"0xa478:\t0x01\t0x26\t0x0c\t0x00\t0x14\t0x02\t0x01\t0x01\n"
~"0xa480:\t0x01\t0x89\t0xf4\t0x00\t0x0e\t0x16\t0x01\t0x03\n"
~"0xa488:\t0x01\t0x25\t0xc4\t0x00\t0x02\t0x02\t0x01\t0x02\n"
*running,thread-id="all"
=breakpoint-modified,bkpt={number="5",type="breakpoint",disp="keep",enabled="y",addr="0x00000ba9",thread-groups=["i1"],times="746",script={"silent","if *(unsigned char *)0x0061 != 0","printf \"SAMPLE %u FRAME %u\\n\", $samples, *(unsigned char *)0x0000","x/32bx 0xa470","set $samples = $samples + 1","end","if $samples >= 1024","disable 5","else","continue","end"},original-location="*0x0ba9"}
*stopped
~"SAMPLE 745 FRAME 82\n"
~"0xa470:\t0x01\t0x59\t0x1c\t0x01\t0x08\t0x0c\t0x01\t0x02\n"
~"0xa478:\t0x01\t0x26\t0x0d\t0x01\t0x14\t0x02\t0x01\t0x01\n"
~"0xa480:\t0x01\t0x89\t0xf3\t0x01\t0x0e\t0x16\t0x01\t0x03\n"
~"0xa488:\t0x01\t0x27\t0x04\t0x01\t0x02\t0x02\t0x01\t0x02\n"
*running,thread-id="all"
=breakpoint-modified,bkpt={number="5",type="breakpoint",disp="keep",enabled="y",addr="0x00000ba9",thread-groups=["i1"],times="747",script={"silent","if *(unsigned char *)0x0061 != 0","printf \"SAMPLE %u FRAME %u\\n\", $samples, *(unsigned char *)0x0000","x/32bx 0xa470","set $samples = $samples + 1","end","if $samples >= 1024","disable 5","else","continue","end"},original-location="*0x0ba9"}
*stopped
~"SAMPLE 746 FRAME 86\n"
~"0xa470:\t0x01\t0x5a\t0x5c\t0x02\t0x08\t0x0c\t0x01\t0x02\n"
~"0xa478:\t0x01\t0x26\t0x0e\t0x02\t0x14\t0x02\t0x01\t0x01\n"
~"0xa480:\t0x01\t0x89\t0xf2\t0x02\t0x0e\t0x16\t0x01\t0x03\n"
~"0xa488:\t0x01\t0x28\t0x44\t0x02\t0x02\t0x02\t0x01\t0x02\n"
*running,thread-id="all"
=breakpoint-modified,bkpt={number="5",type="breakpoint",disp="keep",enabled="y",addr="0x00000ba9",thread-groups=["i1"],times="748",script={"silent","if *(unsigned char *)0x0061 != 0","printf \"SAMPLE %u FRAME %u\\n\", $samples, *(unsigned char *)0x0000","x/32bx 0xa470","set $samples = $samples + 1","end","if $samples >= 1024","disable 5","else","continue","end"},original-location="*0x0ba9"}
*stopped
~"SAMPLE 747 FRAME 90\n"
~"0xa470:\t0x01\t0x5b\t0x9c\t0x03\t0x08\t0x0c\t0x01\t0x02\n"
~"0xa478:\t0x01\t0x26\t0x0f\t0x03\t0x14\t0x02\t0x01\t0x01\n"
~"0xa480:\t0x01\t0x89\t0xf1\t0x03\t0x0e\t0x16\t0x01\t0x03\n"
~"0xa488:\t0x01\t0x29\t0x84\t0x03\t0x02\t0x02\t0x01\t0x02\n"
*running,thread-id="all"
=breakpoint-modified,bkpt={number="5",type="breakpoint",disp="keep",enabled="y",addr="0x00000ba9",thread-groups=["i1"],times="749",script={"silent","if *(unsigned char *)0x0061 != 0","printf \"SAMPLE %u FRAME %u\\n\", $samples, *(unsigned char *)0x0000","x/32bx 0xa470","set $samples = $samples + 1","end","if $samples >= 1024","disable 5","else","continue","end"},original-location="*0x0ba9"}
*stopped
~"SAMPLE 748 FRAME 96\n"
~"0xa470:\t0x01\t0x5c\t0xdc\t0x00\t0x08\t0x0d\t0x01\t0x02\n"
~"0xa478:\t0x01\t0x26\t0x10\t0x00\t0x15\t0x02\t0x01\t0x01\n"
~"0xa480:\t0x01\t0x89\t0xf0\t0x00\t0x0d\t0x16\t0x01\t0x03\n"
~"0xa488:\t0x01\t0x2a\t0xc4\t0x00\t0x02\t0x03\t0x01\t0x02\n"
*running,thread-id="all"
=breakpoint-modified,bkpt={number="5",type="breakpoint",disp="keep",enabled="y",addr="0x00000ba9",thread-groups=["i1"],times="750",script={"silent","if *(unsigned char *)0x0061 != 0","printf \"SAMPLE %u FRAME %u\\n\", $samples, *(unsigned char *)0x0000","x/32bx 0xa470","set $samples = $samples + 1","end","if $samples >= 1024","disable 5","else","continue","end"},original-location="*0x0ba9"}
*stopped
~"SAMPLE 749 FRAME 100\n"
~"0xa470:\t0x01\t0x5e\t0x1c\t0x01\t0x08\t0x0d\t0x01\t0x02\n"
~"0xa478:\t0x01\t0x26\t0x11\t0x01\t0x15\t0x02\t0x01\t0x01\n"
~"0xa480:\t0x01\t0x89\t0xef\t0x01\t0x0d\t0x16\t0x01\t0x03\n"
~"0xa488:\t0x01\t0x2c\t0x04\t0x01\t0x02\t0x03\t0x01\t0x02\n"
*running,thread-id="all"
=breakpoint-modified,bkpt={number="5",type="breakpoint",disp="keep",enabled="y",addr="0x00000ba9",thread-groups=["i1"],times="751",script={"silent","if *(unsigned char *)0x0061 != 0","printf \"SAMPLE %u FRAME %u\\n\", $samples, *(unsigned char *)0x0000","x/32bx 0xa470","set $samples = $samples + 1","end","if $samples >= 1024","disable 5","else","continue","end"},original-location="*0x0ba9"}
*stopped
~"SAMPLE 750 FRAME 104\n"
~"0xa470:\t0x01\t0x5f\t0x5c\t0x02\t0x08\t0x0d\t0x01\t0x02\n"
~"0xa478:\t0x01\t0x26\t0x12\t0x02\t0x15\t0x02\t0x01\t0x01\n"
~"0xa480:\t0x01\t0x89\t0xee\t0x02\t0x0d\t0x16\t0x01\t0x03\n"
~"0xa488:\t0x01\t0x2d\t0x44\t0x02\t0x02\t0x03\t0x01\t0x02\n"
*running,thread-id="all"
=breakpoint-modified,bkpt={number="5",type="breakpoint",disp="keep",enabled="y",addr="0x00000ba9",thread-groups=["i1"],times="752",script={"silent","if *(unsigned char *)0x0061 != 0","printf \"SAMPLE %u FRAME %u\\n\", $samples, *(unsigned char *)0x0000","x/32bx 0xa470","set $samples = $samples + 1","end","if $samples >= 1024","disable 5","else","continue","end"},original-location="*0x0ba9"}
*stopped
~"SAMPLE 751 FRAME 108\n"
~"0xa470:\t0x01\t0x60\t0x9c\t0x03\t0x08\t0x0d\t0x01\t0x02\n"
~"0xa478:\t0x01\t0x26\t0x13\t0x03\t0x15\t0x02\t0x01\t0x01\n"
~"0xa480:\t0x01\t0x89\t0xed\t0x03\t0x0d\t0x16\t0x01\t0x03\n"
~"0xa488:\t0x01\t0x2e\t0x84\t0x03\t0x02\t0x03\t0x01\t0x02\n"
*running,thread-id="all"
=breakpoint-modified,bkpt={number="5",type="breakpoint",disp="keep",enabled="y",addr="0x00000ba9",thread-groups=["i1"],times="753",script={"silent","if *(unsigned char *)0x0061 != 0","printf \"SAMPLE %u FRAME %u\\n\", $samples, *(unsigned char *)0x0000","x/32bx 0xa470","set $samples = $samples + 1","end","if $samples >= 1024","disable 5","else","continue","end"},original-location="*0x0ba9"}
*stopped
~"SAMPLE 752 FRAME 112\n"
~"0xa470:\t0x01\t0x61\t0xdc\t0x00\t0x08\t0x0e\t0x01\t0x02\n"
~"0xa478:\t0x01\t0x26\t0x14\t0x00\t0x16\t0x02\t0x01\t0x02\n"
~"0xa480:\t0x01\t0x89\t0xec\t0x00\t0x0c\t0x16\t0x01\t0x03\n"
~"0xa488:\t0x01\t0x2f\t0xc4\t0x00\t0x02\t0x04\t0x01\t0x02\n"
*running,thread-id="all"
=breakpoint-modified,bkpt={number="5",type="breakpoint",disp="keep",enabled="y",addr="0x00000ba9",thread-groups=["i1"],times="754",script={"silent","if *(unsigned char *)0x0061 != 0","printf \"SAMPLE %u FRAME %u\\n\", $samples, *(unsigned char *)0x0000","x/32bx 0xa470","set $samples = $samples + 1","end","if $samples >= 1024","disable 5","else","continue","end"},original-location="*0x0ba9"}
*stopped
~"SAMPLE 753 FRAME 116\n"
~"0xa470:\t0x01\t0x63\t0x1c\t0x01\t0x08\t0x0e\t0x01\t0x02\n"
~"0xa478:\t0x01\t0x27\t0x54\t0x01\t0x16\t0x02\t0x01\t0x02\n"
~"0xa480:\t0x01\t0x89\t0xeb\t0x01\t0x0c\t0x16\t0x01\t0x03\n"
~"0xa488:\t0x01\t0x31\t0x04\t0x01\t0x02\t0x04\t0x01\t0x02\n"
*running,thread-id="all"
=breakpoint-modified,bkpt={number="5",type="breakpoint",disp="keep",enabled="y",addr="0x00000ba9",thread-groups=["i1"],times="755",script={"silent","if *(unsigned char *)0x0061 != 0","printf \"SAMPLE %u FRAME %u\\n\", $samples, *(unsigned char *)0x0000","x/32bx 0xa470","set $samples = $samples + 1","end","if $samples >= 1024","disable 5","else","continue","end"},original-location="*0x0ba9"}
*stopped
~"SAMPLE 754 FRAME 120\n"
~"0xa470:\t0x01\t0x64\t0x5c\t0x02\t0x08\t0x0e\t0x01\t0x02\n"
~"0xa478:\t0x01\t0x28\t0x94\t0x02\t0x16\t0x02\t0x01\t0x02\n"
~"0xa480:\t0x01\t0x89\t0xea\t0x02\t0x0c\t0x16\t0x01\t0x03\n"
~"0xa488:\t0x01\t0x32\t0x44\t0x02\t0x02\t0x04\t0x01\t0x02\n"
*running,thread-id="all"
=breakpoint-modified,bkpt={number="5",type="breakpoint",disp="keep",enabled="y",addr="0x00000ba9",thread-groups=["i1"],times="756",script={"silent","if *(unsigned char *)0x0061 != 0","printf \"SAMPLE %u FRAME %u\\n\", $samples, *(unsigned char *)0x0000","x/32bx 0xa470","set $samples = $samples + 1","end","if $samples >= 1024","disable 5","else","continue","end"},original-location="*0x0ba9"}
*stopped
~"SAMPLE 755 FRAME 124\n"
~"0xa470:\t0x01\t0x65\t0x9c\t0x03\t0x08\t0x0e\t0x01\t0x02\n"
~"0xa478:\t0x01\t0x29\t0xd4\t0x03\t0x16\t0x02\t0x01\t0x02\n"
~"0xa480:\t0x01\t0x89\t0xe9\t0x03\t0x0c\t0x16\t0x01\t0x03\n"
~"0xa488:\t0x01\t0x33\t0x84\t0x03\t0x02\t0x04\t0x01\t0x02\n"
*running,thread-id="all"
=breakpoint-modified,bkpt={number="5",type="breakpoint",disp="keep",enabled="y",addr="0x00000ba9",thread-groups=["i1"],times="757",script={"silent","if *(unsigned char *)0x0061 != 0","printf \"SAMPLE %u FRAME %u\\n\", $samples, *(unsigned char *)0x0000","x/32bx 0xa470","set $samples = $samples + 1","end","if $samples >= 1024","disable 5","else","continue","end"},original-location="*0x0ba9"}
*stopped
~"SAMPLE 756 FRAME 128\n"
~"0xa470:\t0x01\t0x66\t0xdc\t0x00\t0x08\t0x0f\t0x01\t0x02\n"
~"0xa478:\t0x01\t0x2b\t0x14\t0x00\t0x16\t0x03\t0x01\t0x02\n"
~"0xa480:\t0x01\t0x89\t0xe8\t0x00\t0x0b\t0x16\t0x01\t0x03\n"
~"0xa488:\t0x01\t0x34\t0xc4\t0x00\t0x02\t0x05\t0x01\t0x02\n"
*running,thread-id="all"
=breakpoint-modified,bkpt={number="5",type="breakpoint",disp="keep",enabled="y",addr="0x00000ba9",thread-groups=["i1"],times="758",script={"silent","if *(unsigned char *)0x0061 != 0","printf \"SAMPLE %u FRAME %u\\n\", $samples, *(unsigned char *)0x0000","x/32bx 0xa470","set $samples = $samples + 1","end","if $samples >= 1024","disable 5","else","continue","end"},original-location="*0x0ba9"}
*stopped
~"SAMPLE 757 FRAME 132\n"
~"0xa470:\t0x01\t0x68\t0x1c\t0x01\t0x08\t0x0f\t0x01\t0x02\n"
~"0xa478:\t0x01\t0x2c\t0x54\t0x01\t0x16\t0x03\t0x01\t0x02\n"
~"0xa480:\t0x01\t0x89\t0xe7\t0x01\t0x0b\t0x16\t0x01\t0x03\n"
~"0xa488:\t0x01\t0x36\t0x04\t0x01\t0x02\t0x05\t0x01\t0x02\n"
*running,thread-id="all"
=breakpoint-modified,bkpt={number="5",type="breakpoint",disp="keep",enabled="y",addr="0x00000ba9",thread-groups=["i1"],times="759",script={"silent","if *(unsigned char *)0x0061 != 0","printf \"SAMPLE %u FRAME %u\\n\", $samples, *(unsigned char *)0x0000","x/32bx 0xa470","set $samples = $samples + 1","end","if $samples >= 1024","disable 5","else","continue","end"},original-location="*0x0ba9"}
*stopped
~"SAMPLE 758 FRAME 136\n"
~"0xa470:\t0x01\t0x69\t0x5c\t0x02\t0x08\t0x0f\t0x01\t0x02\n"
~"0xa478:\t0x01\t0x2d\t0x94\t0x02\t0x16\t0x03\t0x01\t0x02\n"
~"0xa480:\t0x01\t0x89\t0xe6\t0x02\t0x0b\t0x16\t0x01\t0x03\n"
~"0xa488:\t0x01\t0x37\t0x44\t0x02\t0x02\t0x05\t0x01\t0x02\n"
*running,thread-id="all"
=breakpoint-modified,bkpt={number="5",type="breakpoint",disp="keep",enabled="y",addr="0x00000ba9",thread-groups=["i1"],times="760",script={"silent","if *(unsigned char *)0x0061 != 0","printf \"SAMPLE %u FRAME %u\\n\", $samples, *(unsigned char *)0x0000","x/32bx 0xa470","set $samples = $samples + 1","end","if $samples >= 1024","disable 5","else","continue","end"},original-location="*0x0ba9"}
*stopped
~"SAMPLE 759 FRAME 140\n"
~"0xa470:\t0x01\t0x6a\t0x9c\t0x03\t0x08\t0x0f\t0x01\t0x02\n"
~"0xa478:\t0x01\t0x2e\t0xd4\t0x03\t0x16\t0x03\t0x01\t0x02\n"
~"0xa480:\t0x01\t0x89\t0xe5\t0x03\t0x0b\t0x16\t0x01\t0x03\n"
~"0xa488:\t0x01\t0x38\t0x84\t0x03\t0x02\t0x05\t0x01\t0x02\n"
*running,thread-id="all"
=breakpoint-modified,bkpt={number="5",type="breakpoint",disp="keep",enabled="y",addr="0x00000ba9",thread-groups=["i1"],times="761",script={"silent","if *(unsigned char *)0x0061 != 0","printf \"SAMPLE %u FRAME %u\\n\", $samples, *(unsigned char *)0x0000","x/32bx 0xa470","set $samples = $samples + 1","end","if $samples >= 1024","disable 5","else","continue","end"},original-location="*0x0ba9"}
*stopped
~"SAMPLE 760 FRAME 146\n"
~"0xa470:\t0x01\t0x6b\t0xdc\t0x00\t0x08\t0x10\t0x01\t0x02\n"
~"0xa478:\t0x01\t0x30\t0x14\t0x00\t0x16\t0x04\t0x01\t0x02\n"
~"0xa480:\t0x01\t0x89\t0xe4\t0x00\t0x0a\t0x16\t0x01\t0x00\n"
~"0xa488:\t0x01\t0x39\t0xc4\t0x00\t0x02\t0x06\t0x01\t0x02\n"
*running,thread-id="all"
=breakpoint-modified,bkpt={number="5",type="breakpoint",disp="keep",enabled="y",addr="0x00000ba9",thread-groups=["i1"],times="762",script={"silent","if *(unsigned char *)0x0061 != 0","printf \"SAMPLE %u FRAME %u\\n\", $samples, *(unsigned char *)0x0000","x/32bx 0xa470","set $samples = $samples + 1","end","if $samples >= 1024","disable 5","else","continue","end"},original-location="*0x0ba9"}
*stopped
~"SAMPLE 761 FRAME 150\n"
~"0xa470:\t0x01\t0x6d\t0x1c\t0x01\t0x08\t0x10\t0x01\t0x02\n"
~"0xa478:\t0x01\t0x31\t0x54\t0x01\t0x16\t0x04\t0x01\t0x02\n"
~"0xa480:\t0x01\t0x88\t0xa4\t0x01\t0x0a\t0x16\t0x01\t0x00\n"
~"0xa488:\t0x01\t0x3b\t0x04\t0x01\t0x02\t0x06\t0x01\t0x02\n"
*running,thread-id="all"
=breakpoint-modified,bkpt={number="5",type="breakpoint",disp="keep",enabled="y",addr="0x00000ba9",thread-groups=["i1"],times="763",script={"silent","if *(unsigned char *)0x0061 != 0","printf \"SAMPLE %u FRAME %u\\n\", $samples, *(unsigned char *)0x0000","x/32bx 0xa470","set $samples = $samples + 1","end","if $samples >= 1024","disable 5","else","continue","end"},original-location="*0x0ba9"}
*stopped
~"SAMPLE 762 FRAME 154\n"
~"0xa470:\t0x01\t0x6e\t0x5c\t0x02\t0x08\t0x10\t0x01\t0x02\n"
~"0xa478:\t0x01\t0x32\t0x94\t0x02\t0x16\t0x04\t0x01\t0x02\n"
~"0xa480:\t0x01\t0x87\t0x64\t0x02\t0x0a\t0x16\t0x01\t0x00\n"
~"0xa488:\t0x01\t0x3c\t0x44\t0x02\t0x02\t0x06\t0x01\t0x02\n"
*running,thread-id="all"
=breakpoint-modified,bkpt={number="5",type="breakpoint",disp="keep",enabled="y",addr="0x00000ba9",thread-groups=["i1"],times="764",script={"silent","if *(unsigned char *)0x0061 != 0","printf \"SAMPLE %u FRAME %u\\n\", $samples, *(unsigned char *)0x0000","x/32bx 0xa470","set $samples = $samples + 1","end","if $samples >= 1024","disable 5","else","continue","end"},original-location="*0x0ba9"}
*stopped
~"SAMPLE 763 FRAME 158\n"
~"0xa470:\t0x01\t0x6f\t0x9c\t0x03\t0x08\t0x10\t0x01\t0x02\n"
~"0xa478:\t0x01\t0x33\t0xd4\t0x03\t0x16\t0x04\t0x01\t0x02\n"
~"0xa480:\t0x01\t0x86\t0x24\t0x03\t0x0a\t0x16\t0x01\t0x00\n"
~"0xa488:\t0x01\t0x3d\t0x84\t0x03\t0x02\t0x06\t0x01\t0x02\n"
*running,thread-id="all"
=breakpoint-modified,bkpt={number="5",type="breakpoint",disp="keep",enabled="y",addr="0x00000ba9",thread-groups=["i1"],times="765",script={"silent","if *(unsigned char *)0x0061 != 0","printf \"SAMPLE %u FRAME %u\\n\", $samples, *(unsigned char *)0x0000","x/32bx 0xa470","set $samples = $samples + 1","end","if $samples >= 1024","disable 5","else","continue","end"},original-location="*0x0ba9"}
*stopped
~"SAMPLE 764 FRAME 162\n"
~"0xa470:\t0x01\t0x70\t0xdc\t0x00\t0x08\t0x11\t0x01\t0x02\n"
~"0xa478:\t0x01\t0x35\t0x14\t0x00\t0x16\t0x05\t0x01\t0x02\n"
~"0xa480:\t0x01\t0x84\t0xe4\t0x00\t0x0a\t0x15\t0x01\t0x00\n"
~"0xa488:\t0x01\t0x3e\t0xc4\t0x00\t0x02\t0x07\t0x01\t0x02\n"
*running,thread-id="all"
=breakpoint-modified,bkpt={number="5",type="breakpoint",disp="keep",enabled="y",addr="0x00000ba9",thread-groups=["i1"],times="766",script={"silent","if *(unsigned char *)0x0061 != 0","printf \"SAMPLE %u FRAME %u\\n\", $samples, *(unsigned char *)0x0000","x/32bx 0xa470","set $samples = $samples + 1","end","if $samples >= 1024","disable 5","else","continue","end"},original-location="*0x0ba9"}
*stopped
~"SAMPLE 765 FRAME 166\n"
~"0xa470:\t0x01\t0x72\t0x1c\t0x01\t0x08\t0x11\t0x01\t0x02\n"
~"0xa478:\t0x01\t0x36\t0x54\t0x01\t0x16\t0x05\t0x01\t0x02\n"
~"0xa480:\t0x01\t0x83\t0xa4\t0x01\t0x0a\t0x15\t0x01\t0x00\n"
~"0xa488:\t0x01\t0x40\t0x04\t0x01\t0x02\t0x07\t0x01\t0x02\n"
*running,thread-id="all"
=breakpoint-modified,bkpt={number="5",type="breakpoint",disp="keep",enabled="y",addr="0x00000ba9",thread-groups=["i1"],times="767",script={"silent","if *(unsigned char *)0x0061 != 0","printf \"SAMPLE %u FRAME %u\\n\", $samples, *(unsigned char *)0x0000","x/32bx 0xa470","set $samples = $samples + 1","end","if $samples >= 1024","disable 5","else","continue","end"},original-location="*0x0ba9"}
*stopped
~"SAMPLE 766 FRAME 170\n"
~"0xa470:\t0x01\t0x73\t0x5c\t0x02\t0x08\t0x11\t0x01\t0x02\n"
~"0xa478:\t0x01\t0x37\t0x94\t0x02\t0x16\t0x05\t0x01\t0x02\n"
~"0xa480:\t0x01\t0x82\t0x64\t0x02\t0x0a\t0x15\t0x01\t0x00\n"
~"0xa488:\t0x01\t0x41\t0x44\t0x02\t0x02\t0x07\t0x01\t0x02\n"
*running,thread-id="all"
=breakpoint-modified,bkpt={number="5",type="breakpoint",disp="keep",enabled="y",addr="0x00000ba9",thread-groups=["i1"],times="768",script={"silent","if *(unsigned char *)0x0061 != 0","printf \"SAMPLE %u FRAME %u\\n\", $samples, *(unsigned char *)0x0000","x/32bx 0xa470","set $samples = $samples + 1","end","if $samples >= 1024","disable 5","else","continue","end"},original-location="*0x0ba9"}
*stopped
~"SAMPLE 767 FRAME 174\n"
~"0xa470:\t0x01\t0x74\t0x9c\t0x03\t0x08\t0x11\t0x01\t0x02\n"
~"0xa478:\t0x01\t0x38\t0xd4\t0x03\t0x16\t0x05\t0x01\t0x02\n"
~"0xa480:\t0x01\t0x81\t0x24\t0x03\t0x0a\t0x15\t0x01\t0x00\n"
~"0xa488:\t0x01\t0x42\t0x84\t0x03\t0x02\t0x07\t0x01\t0x02\n"
*running,thread-id="all"
=breakpoint-modified,bkpt={number="5",type="breakpoint",disp="keep",enabled="y",addr="0x00000ba9",thread-groups=["i1"],times="769",script={"silent","if *(unsigned char *)0x0061 != 0","printf \"SAMPLE %u FRAME %u\\n\", $samples, *(unsigned char *)0x0000","x/32bx 0xa470","set $samples = $samples + 1","end","if $samples >= 1024","disable 5","else","continue","end"},original-location="*0x0ba9"}
*stopped
~"SAMPLE 768 FRAME 178\n"
~"0xa470:\t0x01\t0x75\t0xdc\t0x00\t0x08\t0x12\t0x01\t0x01\n"
~"0xa478:\t0x01\t0x3a\t0x14\t0x00\t0x16\t0x06\t0x01\t0x02\n"
~"0xa480:\t0x01\t0x7f\t0xe4\t0x00\t0x0a\t0x14\t0x01\t0x03\n"
~"0xa488:\t0x01\t0x43\t0xc4\t0x00\t0x02\t0x08\t0x01\t0x02\n"
*running,thread-id="all"
=breakpoint-modified,bkpt={number="5",type="breakpoint",disp="keep",enabled="y",addr="0x00000ba9",thread-groups=["i1"],times="770",script={"silent","if *(unsigned char *)0x0061 != 0","printf \"SAMPLE %u FRAME %u\\n\", $samples, *(unsigned char *)0x0000","x/32bx 0xa470","set $samples = $samples + 1","end","if $samples >= 1024","disable 5","else","continue","end"},original-location="*0x0ba9"}
*stopped
~"SAMPLE 769 FRAME 182\n"
~"0xa470:\t0x01\t0x75\t0xdd\t0x01\t0x08\t0x12\t0x01\t0x01\n"
~"0xa478:\t0x01\t0x3b\t0x54\t0x01\t0x16\t0x06\t0x01\t0x02\n"
~"0xa480:\t0x01\t0x7f\t0xe3\t0x01\t0x0a\t0x14\t0x01\t0x03\n"
~"0xa488:\t0x01\t0x45\t0x04\t0x01\t0x02\t0x08\t0x01\t0x02\n"
*running,thread-id="all"
=breakpoint-modified,bkpt={number="5",type="breakpoint",disp="keep",enabled="y",addr="0x00000ba9",thread-groups=["i1"],times="771",script={"silent","if *(unsigned char *)0x0061 != 0","printf \"SAMPLE %u FRAME %u\\n\", $samples, *(unsigned char *)0x0000","x/32bx 0xa470","set $samples = $samples + 1","end","if $samples >= 1024","disable 5","else","continue","end"},original-location="*0x0ba9"}
*stopped
~"SAMPLE 770 FRAME 186\n"
~"0xa470:\t0x01\t0x75\t0xde\t0x02\t0x08\t0x12\t0x01\t0x01\n"
~"0xa478:\t0x01\t0x3c\t0x94\t0x02\t0x16\t0x06\t0x01\t0x02\n"
~"0xa480:\t0x01\t0x7f\t0xe2\t0x02\t0x0a\t0x14\t0x01\t0x03\n"
~"0xa488:\t0x01\t0x46\t0x44\t0x02\t0x02\t0x08\t0x01\t0x02\n"
*running,thread-id="all"
=breakpoint-modified,bkpt={number="5",type="breakpoint",disp="keep",enabled="y",addr="0x00000ba9",thread-groups=["i1"],times="772",script={"silent","if *(unsigned char *)0x0061 != 0","printf \"SAMPLE %u FRAME %u\\n\", $samples, *(unsigned char *)0x0000","x/32bx 0xa470","set $samples = $samples + 1","end","if $samples >= 1024","disable 5","else","continue","end"},original-location="*0x0ba9"}
*stopped
~"SAMPLE 771 FRAME 190\n"
~"0xa470:\t0x01\t0x75\t0xdf\t0x03\t0x08\t0x12\t0x01\t0x01\n"
~"0xa478:\t0x01\t0x3d\t0xd4\t0x03\t0x16\t0x06\t0x01\t0x02\n"
~"0xa480:\t0x01\t0x7f\t0xe1\t0x03\t0x0a\t0x14\t0x01\t0x03\n"
~"0xa488:\t0x01\t0x47\t0x84\t0x03\t0x02\t0x08\t0x01\t0x02\n"
*running,thread-id="all"
=breakpoint-modified,bkpt={number="5",type="breakpoint",disp="keep",enabled="y",addr="0x00000ba9",thread-groups=["i1"],times="773",script={"silent","if *(unsigned char *)0x0061 != 0","printf \"SAMPLE %u FRAME %u\\n\", $samples, *(unsigned char *)0x0000","x/32bx 0xa470","set $samples = $samples + 1","end","if $samples >= 1024","disable 5","else","continue","end"},original-location="*0x0ba9"}
*stopped
~"SAMPLE 772 FRAME 196\n"
~"0xa470:\t0x01\t0x75\t0xe0\t0x00\t0x09\t0x12\t0x01\t0x01\n"
~"0xa478:\t0x01\t0x3f\t0x14\t0x00\t0x16\t0x07\t0x01\t0x02\n"
~"0xa480:\t0x01\t0x7f\t0xe0\t0x00\t0x09\t0x14\t0x01\t0x03\n"
~"0xa488:\t0x01\t0x48\t0xc4\t0x00\t0x02\t0x09\t0x01\t0x02\n"
*running,thread-id="all"
=breakpoint-modified,bkpt={number="5",type="breakpoint",disp="keep",enabled="y",addr="0x00000ba9",thread-groups=["i1"],times="774",script={"silent","if *(unsigned char *)0x0061 != 0","printf \"SAMPLE %u FRAME %u\\n\", $samples, *(unsigned char *)0x0000","x/32bx 0xa470","set $samples = $samples + 1","end","if $samples >= 1024","disable 5","else","continue","end"},original-location="*0x0ba9"}
*stopped
~"SAMPLE 773 FRAME 200\n"
~"0xa470:\t0x01\t0x75\t0xe1\t0x01\t0x09\t0x12\t0x01\t0x01\n"
~"0xa478:\t0x01\t0x40\t0x54\t0x01\t0x16\t0x07\t0x01\t0x02\n"
~"0xa480:\t0x01\t0x7f\t0xdf\t0x01\t0x09\t0x14\t0x01\t0x03\n"
~"0xa488:\t0x01\t0x4a\t0x04\t0x01\t0x02\t0x09\t0x01\t0x02\n"
*running,thread-id="all"
=breakpoint-modified,bkpt={number="5",type="breakpoint",disp="keep",enabled="y",addr="0x00000ba9",thread-groups=["i1"],times="775",script={"silent","if *(unsigned char *)0x0061 != 0","printf \"SAMPLE %u FRAME %u\\n\", $samples, *(unsigned char *)0x0000","x/32bx 0xa470","set $samples = $samples + 1","end","if $samples >= 1024","disable 5","else","continue","end"},original-location="*0x0ba9"}
*stopped
~"SAMPLE 774 FRAME 204\n"
~"0xa470:\t0x01\t0x75\t0xe2\t0x02\t0x09\t0x12\t0x01\t0x01\n"
~"0xa478:\t0x01\t0x41\t0x94\t0x02\t0x16\t0x07\t0x01\t0x02\n"
~"0xa480:\t0x01\t0x7f\t0xde\t0x02\t0x09\t0x14\t0x01\t0x03\n"
~"0xa488:\t0x01\t0x4b\t0x44\t0x02\t0x02\t0x09\t0x01\t0x02\n"
*running,thread-id="all"
=breakpoint-modified,bkpt={number="5",type="breakpoint",disp="keep",enabled="y",addr="0x00000ba9",thread-groups=["i1"],times="776",script={"silent","if *(unsigned char *)0x0061 != 0","printf \"SAMPLE %u FRAME %u\\n\", $samples, *(unsigned char *)0x0000","x/32bx 0xa470","set $samples = $samples + 1","end","if $samples >= 1024","disable 5","else","continue","end"},original-location="*0x0ba9"}
*stopped
~"SAMPLE 775 FRAME 208\n"
~"0xa470:\t0x01\t0x75\t0xe3\t0x03\t0x09\t0x12\t0x01\t0x01\n"
~"0xa478:\t0x01\t0x42\t0xd4\t0x03\t0x16\t0x07\t0x01\t0x02\n"
~"0xa480:\t0x01\t0x7f\t0xdd\t0x03\t0x09\t0x14\t0x01\t0x03\n"
~"0xa488:\t0x01\t0x4c\t0x84\t0x03\t0x02\t0x09\t0x01\t0x02\n"
*running,thread-id="all"
=breakpoint-modified,bkpt={number="5",type="breakpoint",disp="keep",enabled="y",addr="0x00000ba9",thread-groups=["i1"],times="777",script={"silent","if *(unsigned char *)0x0061 != 0","printf \"SAMPLE %u FRAME %u\\n\", $samples, *(unsigned char *)0x0000","x/32bx 0xa470","set $samples = $samples + 1","end","if $samples >= 1024","disable 5","else","continue","end"},original-location="*0x0ba9"}
*stopped
~"SAMPLE 776 FRAME 212\n"
~"0xa470:\t0x01\t0x75\t0xe4\t0x00\t0x0a\t0x12\t0x01\t0x01\n"
~"0xa478:\t0x01\t0x44\t0x14\t0x00\t0x16\t0x08\t0x01\t0x02\n"
~"0xa480:\t0x01\t0x7f\t0xdc\t0x00\t0x08\t0x14\t0x01\t0x03\n"
~"0xa488:\t0x01\t0x4d\t0xc4\t0x00\t0x02\t0x0a\t0x01\t0x02\n"
*running,thread-id="all"
=breakpoint-modified,bkpt={number="5",type="breakpoint",disp="keep",enabled="y",addr="0x00000ba9",thread-groups=["i1"],times="778",script={"silent","if *(unsigned char *)0x0061 != 0","printf \"SAMPLE %u FRAME %u\\n\", $samples, *(unsigned char *)0x0000","x/32bx 0xa470","set $samples = $samples + 1","end","if $samples >= 1024","disable 5","else","continue","end"},original-location="*0x0ba9"}
*stopped
~"SAMPLE 777 FRAME 216\n"
~"0xa470:\t0x01\t0x75\t0xe5\t0x01\t0x0a\t0x12\t0x01\t0x01\n"
~"0xa478:\t0x01\t0x45\t0x54\t0x01\t0x16\t0x08\t0x01\t0x02\n"
~"0xa480:\t0x01\t0x7f\t0xdb\t0x01\t0x08\t0x14\t0x01\t0x03\n"
~"0xa488:\t0x01\t0x4f\t0x04\t0x01\t0x02\t0x0a\t0x01\t0x02\n"
*running,thread-id="all"
=breakpoint-modified,bkpt={number="5",type="breakpoint",disp="keep",enabled="y",addr="0x00000ba9",thread-groups=["i1"],times="779",script={"silent","if *(unsigned char *)0x0061 != 0","printf \"SAMPLE %u FRAME %u\\n\", $samples, *(unsigned char *)0x0000","x/32bx 0xa470","set $samples = $samples + 1","end","if $samples >= 1024","disable 5","else","continue","end"},original-location="*0x0ba9"}
*stopped
~"SAMPLE 778 FRAME 220\n"
~"0xa470:\t0x01\t0x75\t0xe6\t0x02\t0x0a\t0x12\t0x01\t0x01\n"
~"0xa478:\t0x01\t0x46\t0x94\t0x02\t0x16\t0x08\t0x01\t0x02\n"
~"0xa480:\t0x01\t0x7f\t0xda\t0x02\t0x08\t0x14\t0x01\t0x03\n"
~"0xa488:\t0x01\t0x50\t0x44\t0x02\t0x02\t0x0a\t0x01\t0x02\n"
*running,thread-id="all"
=breakpoint-modified,bkpt={number="5",type="breakpoint",disp="keep",enabled="y",addr="0x00000ba9",thread-groups=["i1"],times="780",script={"silent","if *(unsigned char *)0x0061 != 0","printf \"SAMPLE %u FRAME %u\\n\", $samples, *(unsigned char *)0x0000","x/32bx 0xa470","set $samples = $samples + 1","end","if $samples >= 1024","disable 5","else","continue","end"},original-location="*0x0ba9"}
*stopped
~"SAMPLE 779 FRAME 224\n"
~"0xa470:\t0x01\t0x75\t0xe7\t0x03\t0x0a\t0x12\t0x01\t0x01\n"
~"0xa478:\t0x01\t0x47\t0xd4\t0x03\t0x16\t0x08\t0x01\t0x02\n"
~"0xa480:\t0x01\t0x7f\t0xd9\t0x03\t0x08\t0x14\t0x01\t0x03\n"
~"0xa488:\t0x01\t0x51\t0x84\t0x03\t0x02\t0x0a\t0x01\t0x02\n"
*running,thread-id="all"
=breakpoint-modified,bkpt={number="5",type="breakpoint",disp="keep",enabled="y",addr="0x00000ba9",thread-groups=["i1"],times="781",script={"silent","if *(unsigned char *)0x0061 != 0","printf \"SAMPLE %u FRAME %u\\n\", $samples, *(unsigned char *)0x0000","x/32bx 0xa470","set $samples = $samples + 1","end","if $samples >= 1024","disable 5","else","continue","end"},original-location="*0x0ba9"}
*stopped
~"SAMPLE 780 FRAME 228\n"
~"0xa470:\t0x01\t0x75\t0xe8\t0x00\t0x0b\t0x12\t0x01\t0x01\n"
~"0xa478:\t0x01\t0x49\t0x14\t0x00\t0x16\t0x09\t0x01\t0x02\n"
~"0xa480:\t0x01\t0x7f\t0xd8\t0x00\t0x07\t0x14\t0x01\t0x03\n"
~"0xa488:\t0x01\t0x52\t0xc4\t0x00\t0x02\t0x0b\t0x01\t0x02\n"
*running,thread-id="all"
=breakpoint-modified,bkpt={number="5",type="breakpoint",disp="keep",enabled="y",addr="0x00000ba9",thread-groups=["i1"],times="782",script={"silent","if *(unsigned char *)0x0061 != 0","printf \"SAMPLE %u FRAME %u\\n\", $samples, *(unsigned char *)0x0000","x/32bx 0xa470","set $samples = $samples + 1","end","if $samples >= 1024","disable 5","else","continue","end"},original-location="*0x0ba9"}
*stopped
~"SAMPLE 781 FRAME 232\n"
~"0xa470:\t0x01\t0x75\t0xe9\t0x01\t0x0b\t0x12\t0x01\t0x01\n"
~"0xa478:\t0x01\t0x4a\t0x54\t0x01\t0x16\t0x09\t0x01\t0x02\n"
~"0xa480:\t0x01\t0x7f\t0xd7\t0x01\t0x07\t0x14\t0x01\t0x03\n"
~"0xa488:\t0x01\t0x54\t0x04\t0x01\t0x02\t0x0b\t0x01\t0x02\n"
*running,thread-id="all"
=breakpoint-modified,bkpt={number="5",type="breakpoint",disp="keep",enabled="y",addr="0x00000ba9",thread-groups=["i1"],times="783",script={"silent","if *(unsigned char *)0x0061 != 0","printf \"SAMPLE %u FRAME %u\\n\", $samples, *(unsigned char *)0x0000","x/32bx 0xa470","set $samples = $samples + 1","end","if $samples >= 1024","disable 5","else","continue","end"},original-location="*0x0ba9"}
*stopped
~"SAMPLE 782 FRAME 236\n"
~"0xa470:\t0x01\t0x75\t0xea\t0x02\t0x0b\t0x12\t0x01\t0x01\n"
~"0xa478:\t0x01\t0x4b\t0x94\t0x02\t0x16\t0x09\t0x01\t0x02\n"
~"0xa480:\t0x01\t0x7f\t0xd6\t0x02\t0x07\t0x14\t0x01\t0x03\n"
~"0xa488:\t0x01\t0x55\t0x44\t0x02\t0x02\t0x0b\t0x01\t0x02\n"
*running,thread-id="all"
=breakpoint-modified,bkpt={number="5",type="breakpoint",disp="keep",enabled="y",addr="0x00000ba9",thread-groups=["i1"],times="784",script={"silent","if *(unsigned char *)0x0061 != 0","printf \"SAMPLE %u FRAME %u\\n\", $samples, *(unsigned char *)0x0000","x/32bx 0xa470","set $samples = $samples + 1","end","if $samples >= 1024","disable 5","else","continue","end"},original-location="*0x0ba9"}
*stopped
~"SAMPLE 783 FRAME 240\n"
~"0xa470:\t0x01\t0x75\t0xeb\t0x03\t0x0b\t0x12\t0x01\t0x01\n"
~"0xa478:\t0x01\t0x4c\t0xd4\t0x03\t0x16\t0x09\t0x01\t0x02\n"
~"0xa480:\t0x01\t0x7f\t0xd5\t0x03\t0x07\t0x14\t0x01\t0x03\n"
~"0xa488:\t0x01\t0x56\t0x84\t0x03\t0x02\t0x0b\t0x01\t0x02\n"
*running,thread-id="all"
=breakpoint-modified,bkpt={number="5",type="breakpoint",disp="keep",enabled="y",addr="0x00000ba9",thread-groups=["i1"],times="785",script={"silent","if *(unsigned char *)0x0061 != 0","printf \"SAMPLE %u FRAME %u\\n\", $samples, *(unsigned char *)0x0000","x/32bx 0xa470","set $samples = $samples + 1","end","if $samples >= 1024","disable 5","else","continue","end"},original-location="*0x0ba9"}
*stopped
~"SAMPLE 784 FRAME 246\n"
~"0xa470:\t0x01\t0x75\t0xec\t0x00\t0x0c\t0x12\t0x01\t0x01\n"
~"0xa478:\t0x01\t0x4e\t0x14\t0x00\t0x16\t0x0a\t0x01\t0x02\n"
~"0xa480:\t0x01\t0x7f\t0xd4\t0x00\t0x06\t0x14\t0x01\t0x03\n"
~"0xa488:\t0x01\t0x57\t0xc4\t0x00\t0x02\t0x0c\t0x01\t0x02\n"
*running,thread-id="all"
=breakpoint-modified,bkpt={number="5",type="breakpoint",disp="keep",enabled="y",addr="0x00000ba9",thread-groups=["i1"],times="786",script={"silent","if *(unsigned char *)0x0061 != 0","printf \"SAMPLE %u FRAME %u\\n\", $samples, *(unsigned char *)0x0000","x/32bx 0xa470","set $samples = $samples + 1","end","if $samples >= 1024","disable 5","else","continue","end"},original-location="*0x0ba9"}
*stopped
~"SAMPLE 785 FRAME 250\n"
~"0xa470:\t0x01\t0x75\t0xed\t0x01\t0x0c\t0x12\t0x01\t0x01\n"
~"0xa478:\t0x01\t0x4f\t0x54\t0x01\t0x16\t0x0a\t0x01\t0x02\n"
~"0xa480:\t0x01\t0x7f\t0xd3\t0x01\t0x06\t0x14\t0x01\t0x03\n"
~"0xa488:\t0x01\t0x59\t0x04\t0x01\t0x02\t0x0c\t0x01\t0x02\n"
*running,thread-id="all"
=breakpoint-modified,bkpt={number="5",type="breakpoint",disp="keep",enabled="y",addr="0x00000ba9",thread-groups=["i1"],times="787",script={"silent","if *(unsigned char *)0x0061 != 0","printf \"SAMPLE %u FRAME %u\\n\", $samples, *(unsigned char *)0x0000","x/32bx 0xa470","set $samples = $samples + 1","end","if $samples >= 1024","disable 5","else","continue","end"},original-location="*0x0ba9"}
*stopped
~"SAMPLE 786 FRAME 254\n"
~"0xa470:\t0x01\t0x75\t0xee\t0x02\t0x0c\t0x12\t0x01\t0x01\n"
~"0xa478:\t0x01\t0x50\t0x94\t0x02\t0x16\t0x0a\t0x01\t0x02\n"
~"0xa480:\t0x01\t0x7f\t0xd2\t0x02\t0x06\t0x14\t0x01\t0x03\n"
~"0xa488:\t0x01\t0x5a\t0x44\t0x02\t0x02\t0x0c\t0x01\t0x02\n"
*running,thread-id="all"
=breakpoint-modified,bkpt={number="5",type="breakpoint",disp="keep",enabled="y",addr="0x00000ba9",thread-groups=["i1"],times="788",script={"silent","if *(unsigned char *)0x0061 != 0","printf \"SAMPLE %u FRAME %u\\n\", $samples, *(unsigned char *)0x0000","x/32bx 0xa470","set $samples = $samples + 1","end","if $samples >= 1024","disable 5","else","continue","end"},original-location="*0x0ba9"}
*stopped
~"SAMPLE 787 FRAME 2\n"
~"0xa470:\t0x01\t0x75\t0xef\t0x03\t0x0c\t0x12\t0x01\t0x01\n"
~"0xa478:\t0x01\t0x51\t0xd4\t0x03\t0x16\t0x0a\t0x01\t0x02\n"
~"0xa480:\t0x01\t0x7f\t0xd1\t0x03\t0x06\t0x14\t0x01\t0x03\n"
~"0xa488:\t0x01\t0x5b\t0x84\t0x03\t0x02\t0x0c\t0x01\t0x02\n"
*running,thread-id="all"
=breakpoint-modified,bkpt={number="5",type="breakpoint",disp="keep",enabled="y",addr="0x00000ba9",thread-groups=["i1"],times="789",script={"silent","if *(unsigned char *)0x0061 != 0","printf \"SAMPLE %u FRAME %u\\n\", $samples, *(unsigned char *)0x0000","x/32bx 0xa470","set $samples = $samples + 1","end","if $samples >= 1024","disable 5","else","continue","end"},original-location="*0x0ba9"}
*stopped
~"SAMPLE 788 FRAME 6\n"
~"0xa470:\t0x01\t0x75\t0xf0\t0x00\t0x0d\t0x12\t0x01\t0x01\n"
~"0xa478:\t0x01\t0x53\t0x14\t0x00\t0x16\t0x0b\t0x01\t0x02\n"
~"0xa480:\t0x01\t0x7f\t0xd0\t0x00\t0x05\t0x14\t0x01\t0x03\n"
~"0xa488:\t0x01\t0x5c\t0xc4\t0x00\t0x02\t0x0d\t0x01\t0x02\n"
*running,thread-id="all"
=breakpoint-modified,bkpt={number="5",type="breakpoint",disp="keep",enabled="y",addr="0x00000ba9",thread-groups=["i1"],times="790",script={"silent","if *(unsigned char *)0x0061 != 0","printf \"SAMPLE %u FRAME %u\\n\", $samples, *(unsigned char *)0x0000","x/32bx 0xa470","set $samples = $samples + 1","end","if $samples >= 1024","disable 5","else","continue","end"},original-location="*0x0ba9"}
*stopped
~"SAMPLE 789 FRAME 10\n"
~"0xa470:\t0x01\t0x75\t0xf1\t0x01\t0x0d\t0x12\t0x01\t0x01\n"
~"0xa478:\t0x01\t0x54\t0x54\t0x01\t0x16\t0x0b\t0x01\t0x02\n"
~"0xa480:\t0x01\t0x7f\t0xcf\t0x01\t0x05\t0x14\t0x01\t0x03\n"
~"0xa488:\t0x01\t0x5e\t0x04\t0x01\t0x02\t0x0d\t0x01\t0x02\n"
*running,thread-id="all"
=breakpoint-modified,bkpt={number="5",type="breakpoint",disp="keep",enabled="y",addr="0x00000ba9",thread-groups=["i1"],times="791",script={"silent","if *(unsigned char *)0x0061 != 0","printf \"SAMPLE %u FRAME %u\\n\", $samples, *(unsigned char *)0x0000","x/32bx 0xa470","set $samples = $samples + 1","end","if $samples >= 1024","disable 5","else","continue","end"},original-location="*0x0ba9"}
*stopped
~"SAMPLE 790 FRAME 14\n"
~"0xa470:\t0x01\t0x75\t0xf2\t0x02\t0x0d\t0x12\t0x01\t0x01\n"
~"0xa478:\t0x01\t0x55\t0x94\t0x02\t0x16\t0x0b\t0x01\t0x02\n"
~"0xa480:\t0x01\t0x7f\t0xce\t0x02\t0x05\t0x14\t0x01\t0x03\n"
~"0xa488:\t0x01\t0x5f\t0x44\t0x02\t0x02\t0x0d\t0x01\t0x02\n"
*running,thread-id="all"
=breakpoint-modified,bkpt={number="5",type="breakpoint",disp="keep",enabled="y",addr="0x00000ba9",thread-groups=["i1"],times="792",script={"silent","if *(unsigned char *)0x0061 != 0","printf \"SAMPLE %u FRAME %u\\n\", $samples, *(unsigned char *)0x0000","x/32bx 0xa470","set $samples = $samples + 1","end","if $samples >= 1024","disable 5","else","continue","end"},original-location="*0x0ba9"}
*stopped
~"SAMPLE 791 FRAME 18\n"
~"0xa470:\t0x01\t0x75\t0xf3\t0x03\t0x0d\t0x12\t0x01\t0x01\n"
~"0xa478:\t0x01\t0x56\t0xd4\t0x03\t0x16\t0x0b\t0x01\t0x02\n"
~"0xa480:\t0x01\t0x7f\t0xcd\t0x03\t0x05\t0x14\t0x01\t0x03\n"
~"0xa488:\t0x01\t0x60\t0x84\t0x03\t0x02\t0x0d\t0x01\t0x02\n"
*running,thread-id="all"
=breakpoint-modified,bkpt={number="5",type="breakpoint",disp="keep",enabled="y",addr="0x00000ba9",thread-groups=["i1"],times="793",script={"silent","if *(unsigned char *)0x0061 != 0","printf \"SAMPLE %u FRAME %u\\n\", $samples, *(unsigned char *)0x0000","x/32bx 0xa470","set $samples = $samples + 1","end","if $samples >= 1024","disable 5","else","continue","end"},original-location="*0x0ba9"}
*stopped
~"SAMPLE 792 FRAME 22\n"
~"0xa470:\t0x01\t0x75\t0xf4\t0x00\t0x0e\t0x12\t0x01\t0x01\n"
~"0xa478:\t0x01\t0x58\t0x14\t0x00\t0x16\t0x0c\t0x01\t0x03\n"
~"0xa480:\t0x01\t0x7f\t0xcc\t0x00\t0x04\t0x14\t0x01\t0x01\n"
~"0xa488:\t0x01\t0x61\t0xc4\t0x00\t0x02\t0x0e\t0x01\t0x02\n"
*running,thread-id="all"
=breakpoint-modified,bkpt={number="5",type="breakpoint",disp="keep",enabled="y",addr="0x00000ba9",thread-groups=["i1"],times="794",script={"silent","if *(unsigned char *)0x0061 != 0","printf \"SAMPLE %u FRAME %u\\n\", $samples, *(unsigned char *)0x0000","x/32bx 0xa470","set $samples = $samples + 1","end","if $samples >= 1024","disable 5","else","continue","end"},original-location="*0x0ba9"}
*stopped
~"SAMPLE 793 FRAME 26\n"
~"0xa470:\t0x01\t0x75\t0xf5\t0x01\t0x0e\t0x12\t0x01\t0x01\n"
~"0xa478:\t0x01\t0x58\t0x13\t0x01\t0x16\t0x0c\t0x01\t0x03\n"
~"0xa480:\t0x01\t0x7f\t0xcd\t0x01\t0x04\t0x14\t0x01\t0x01\n"
~"0xa488:\t0x01\t0x63\t0x04\t0x01\t0x02\t0x0e\t0x01\t0x02\n"
*running,thread-id="all"
=breakpoint-modified,bkpt={number="5",type="breakpoint",disp="keep",enabled="y",addr="0x00000ba9",thread-groups=["i1"],times="795",script={"silent","if *(unsigned char *)0x0061 != 0","printf \"SAMPLE %u FRAME %u\\n\", $samples, *(unsigned char *)0x0000","x/32bx 0xa470","set $samples = $samples + 1","end","if $samples >= 1024","disable 5","else","continue","end"},original-location="*0x0ba9"}
*stopped
~"SAMPLE 794 FRAME 30\n"
~"0xa470:\t0x01\t0x75\t0xf6\t0x02\t0x0e\t0x12\t0x01\t0x01\n"
~"0xa478:\t0x01\t0x58\t0x12\t0x02\t0x16\t0x0c\t0x01\t0x03\n"
~"0xa480:\t0x01\t0x7f\t0xce\t0x02\t0x04\t0x14\t0x01\t0x01\n"
~"0xa488:\t0x01\t0x64\t0x44\t0x02\t0x02\t0x0e\t0x01\t0x02\n"
*running,thread-id="all"
=breakpoint-modified,bkpt={number="5",type="breakpoint",disp="keep",enabled="y",addr="0x00000ba9",thread-groups=["i1"],times="796",script={"silent","if *(unsigned char *)0x0061 != 0","printf \"SAMPLE %u FRAME %u\\n\", $samples, *(unsigned char *)0x0000","x/32bx 0xa470","set $samples = $samples + 1","end","if $samples >= 1024","disable 5","else","continue","end"},original-location="*0x0ba9"}
*stopped
~"SAMPLE 795 FRAME 34\n"
~"0xa470:\t0x01\t0x75\t0xf7\t0x03\t0x0e\t0x12\t0x01\t0x01\n"
~"0xa478:\t0x01\t0x58\t0x11\t0x03\t0x16\t0x0c\t0x01\t0x03\n"
~"0xa480:\t0x01\t0x7f\t0xcf\t0x03\t0x04\t0x14\t0x01\t0x01\n"
~"0xa488:\t0x01\t0x65\t0x84\t0x03\t0x02\t0x0e\t0x01\t0x02\n"
*running,thread-id="all"
=breakpoint-modified,bkpt={number="5",type="breakpoint",disp="keep",enabled="y",addr="0x00000ba9",thread-groups=["i1"],times="797",script={"silent","if *(unsigned char *)0x0061 != 0","printf \"SAMPLE %u FRAME %u\\n\", $samples, *(unsigned char *)0x0000","x/32bx 0xa470","set $samples = $samples + 1","end","if $samples >= 1024","disable 5","else","continue","end"},original-location="*0x0ba9"}
*stopped
~"SAMPLE 796 FRAME 40\n"
~"0xa470:\t0x01\t0x75\t0xf8\t0x00\t0x0f\t0x12\t0x01\t0x01\n"
~"0xa478:\t0x01\t0x58\t0x10\t0x00\t0x15\t0x0c\t0x01\t0x03\n"
~"0xa480:\t0x01\t0x7f\t0xd0\t0x00\t0x05\t0x14\t0x01\t0x01\n"
~"0xa488:\t0x01\t0x66\t0xc4\t0x00\t0x02\t0x0f\t0x01\t0x02\n"
*running,thread-id="all"
=breakpoint-modified,bkpt={number="5",type="breakpoint",disp="keep",enabled="y",addr="0x00000ba9",thread-groups=["i1"],times="798",script={"silent","if *(unsigned char *)0x0061 != 0","printf \"SAMPLE %u FRAME %u\\n\", $samples, *(unsigned char *)0x0000","x/32bx 0xa470","set $samples = $samples + 1","end","if $samples >= 1024","disable 5","else","continue","end"},original-location="*0x0ba9"}
*stopped
~"SAMPLE 797 FRAME 44\n"
~"0xa470:\t0x01\t0x75\t0xf9\t0x01\t0x0f\t0x12\t0x01\t0x01\n"
~"0xa478:\t0x01\t0x58\t0x0f\t0x01\t0x15\t0x0c\t0x01\t0x03\n"
~"0xa480:\t0x01\t0x7f\t0xd1\t0x01\t0x05\t0x14\t0x01\t0x01\n"
~"0xa488:\t0x01\t0x68\t0x04\t0x01\t0x02\t0x0f\t0x01\t0x02\n"
*running,thread-id="all"
=breakpoint-modified,bkpt={number="5",type="breakpoint",disp="keep",enabled="y",addr="0x00000ba9",thread-groups=["i1"],times="799",script={"silent","if *(unsigned char *)0x0061 != 0","printf \"SAMPLE %u FRAME %u\\n\", $samples, *(unsigned char *)0x0000","x/32bx 0xa470","set $samples = $samples + 1","end","if $samples >= 1024","disable 5","else","continue","end"},original-location="*0x0ba9"}
*stopped
~"SAMPLE 798 FRAME 48\n"
~"0xa470:\t0x01\t0x75\t0xfa\t0x02\t0x0f\t0x12\t0x01\t0x01\n"
~"0xa478:\t0x01\t0x58\t0x0e\t0x02\t0x15\t0x0c\t0x01\t0x03\n"
~"0xa480:\t0x01\t0x7f\t0xd2\t0x02\t0x05\t0x14\t0x01\t0x01\n"
~"0xa488:\t0x01\t0x69\t0x44\t0x02\t0x02\t0x0f\t0x01\t0x02\n"
*running,thread-id="all"
=breakpoint-modified,bkpt={number="5",type="breakpoint",disp="keep",enabled="y",addr="0x00000ba9",thread-groups=["i1"],times="800",script={"silent","if *(unsigned char *)0x0061 != 0","printf \"SAMPLE %u FRAME %u\\n\", $samples, *(unsigned char *)0x0000","x/32bx 0xa470","set $samples = $samples + 1","end","if $samples >= 1024","disable 5","else","continue","end"},original-location="*0x0ba9"}
*stopped
~"SAMPLE 799 FRAME 52\n"
~"0xa470:\t0x01\t0x75\t0xfb\t0x03\t0x0f\t0x12\t0x01\t0x01\n"
~"0xa478:\t0x01\t0x58\t0x0d\t0x03\t0x15\t0x0c\t0x01\t0x03\n"
~"0xa480:\t0x01\t0x7f\t0xd3\t0x03\t0x05\t0x14\t0x01\t0x01\n"
~"0xa488:\t0x01\t0x6a\t0x84\t0x03\t0x02\t0x0f\t0x01\t0x02\n"
*running,thread-id="all"
=breakpoint-modified,bkpt={number="5",type="breakpoint",disp="keep",enabled="y",addr="0x00000ba9",thread-groups=["i1"],times="801",script={"silent","if *(unsigned char *)0x0061 != 0","printf \"SAMPLE %u FRAME %u\\n\", $samples, *(unsigned char *)0x0000","x/32bx 0xa470","set $samples = $samples + 1","end","if $samples >= 1024","disable 5","else","continue","end"},original-location="*0x0ba9"}
*stopped
~"SAMPLE 800 FRAME 56\n"
~"0xa470:\t0x01\t0x75\t0xfc\t0x00\t0x10\t0x12\t0x01\t0x01\n"
~"0xa478:\t0x01\t0x58\t0x0c\t0x00\t0x14\t0x0c\t0x01\t0x02\n"
~"0xa480:\t0x01\t0x7f\t0xd4\t0x00\t0x06\t0x14\t0x01\t0x01\n"
~"0xa488:\t0x01\t0x6b\t0xc4\t0x00\t0x02\t0x10\t0x01\t0x02\n"
*running,thread-id="all"
=breakpoint-modified,bkpt={number="5",type="breakpoint",disp="keep",enabled="y",addr="0x00000ba9",thread-groups=["i1"],times="802",script={"silent","if *(unsigned char *)0x0061 != 0","printf \"SAMPLE %u FRAME %u\\n\", $samples, *(unsigned char *)0x0000","x/32bx 0xa470","set $samples = $samples + 1","end","if $samples >= 1024","disable 5","else","continue","end"},original-location="*0x0ba9"}
*stopped
~"SAMPLE 801 FRAME 60\n"
~"0xa470:\t0x01\t0x75\t0xfd\t0x01\t0x10\t0x12\t0x01\t0x01\n"
~"0xa478:\t0x01\t0x59\t0x4c\t0x01\t0x14\t0x0c\t0x01\t0x02\n"
~"0xa480:\t0x01\t0x7f\t0xd5\t0x01\t0x06\t0x14\t0x01\t0x01\n"
~"0xa488:\t0x01\t0x6d\t0x04\t0x01\t0x02\t0x10\t0x01\t0x02\n"
*running,thread-id="all"
=breakpoint-modified,bkpt={number="5",type="breakpoint",disp="keep",enabled="y",addr="0x00000ba9",thread-groups=["i1"],times="803",script={"silent","if *(unsigned char *)0x0061 != 0","printf \"SAMPLE %u FRAME %u\\n\", $samples, *(unsigned char *)0x0000","x/32bx 0xa470","set $samples = $samples + 1","end","if $samples >= 1024","disable 5","else","continue","end"},original-location="*0x0ba9"}
*stopped
~"SAMPLE 802 FRAME 64\n"
~"0xa470:\t0x01\t0x75\t0xfe\t0x02\t0x10\t0x12\t0x01\t0x01\n"
~"0xa478:\t0x01\t0x5a\t0x8c\t0x02\t0x14\t0x0c\t0x01\t0x02\n"
~"0xa480:\t0x01\t0x7f\t0xd6\t0x02\t0x06\t0x14\t0x01\t0x01\n"
~"0xa488:\t0x01\t0x6e\t0x44\t0x02\t0x02\t0x10\t0x01\t0x02\n"
*running,thread-id="all"
=breakpoint-modified,bkpt={number="5",type="breakpoint",disp="keep",enabled="y",addr="0x00000ba9",thread-groups=["i1"],times="804",script={"silent","if *(unsigned char *)0x0061 != 0","printf \"SAMPLE %u FRAME %u\\n\", $samples, *(unsigned char *)0x0000","x/32bx 0xa470","set $samples = $samples + 1","end","if $samples >= 1024","disable 5","else","continue","end"},original-location="*0x0ba9"}
*stopped
~"SAMPLE 803 FRAME 68\n"
~"0xa470:\t0x01\t0x75\t0xff\t0x03\t0x10\t0x12\t0x01\t0x01\n"
~"0xa478:\t0x01\t0x5b\t0xcc\t0x03\t0x14\t0x0c\t0x01\t0x02\n"
~"0xa480:\t0x01\t0x7f\t0xd7\t0x03\t0x06\t0x14\t0x01\t0x01\n"
~"0xa488:\t0x01\t0x6f\t0x84\t0x03\t0x02\t0x10\t0x01\t0x02\n"
*running,thread-id="all"
=breakpoint-modified,bkpt={number="5",type="breakpoint",disp="keep",enabled="y",addr="0x00000ba9",thread-groups=["i1"],times="805",script={"silent","if *(unsigned char *)0x0061 != 0","printf \"SAMPLE %u FRAME %u\\n\", $samples, *(unsigned char *)0x0000","x/32bx 0xa470","set $samples = $samples + 1","end","if $samples >= 1024","disable 5","else","continue","end"},original-location="*0x0ba9"}
*stopped
~"SAMPLE 804 FRAME 72\n"
~"0xa470:\t0x01\t0x76\t0x00\t0x00\t0x11\t0x12\t0x01\t0x01\n"
~"0xa478:\t0x01\t0x5d\t0x0c\t0x00\t0x14\t0x0d\t0x01\t0x02\n"
~"0xa480:\t0x01\t0x7f\t0xd8\t0x00\t0x07\t0x14\t0x01\t0x01\n"
~"0xa488:\t0x01\t0x70\t0xc4\t0x00\t0x02\t0x11\t0x01\t0x02\n"
*running,thread-id="all"
=breakpoint-modified,bkpt={number="5",type="breakpoint",disp="keep",enabled="y",addr="0x00000ba9",thread-groups=["i1"],times="806",script={"silent","if *(unsigned char *)0x0061 != 0","printf \"SAMPLE %u FRAME %u\\n\", $samples, *(unsigned char *)0x0000","x/32bx 0xa470","set $samples = $samples + 1","end","if $samples >= 1024","disable 5","else","continue","end"},original-location="*0x0ba9"}
*stopped
~"SAMPLE 805 FRAME 76\n"
~"0xa470:\t0x01\t0x76\t0x01\t0x01\t0x11\t0x12\t0x01\t0x01\n"
~"0xa478:\t0x01\t0x5e\t0x4c\t0x01\t0x14\t0x0d\t0x01\t0x02\n"
~"0xa480:\t0x01\t0x7f\t0xd9\t0x01\t0x07\t0x14\t0x01\t0x01\n"
~"0xa488:\t0x01\t0x72\t0x04\t0x01\t0x02\t0x11\t0x01\t0x02\n"
*running,thread-id="all"
=breakpoint-modified,bkpt={number="5",type="breakpoint",disp="keep",enabled="y",addr="0x00000ba9",thread-groups=["i1"],times="807",script={"silent","if *(unsigned char *)0x0061 != 0","printf \"SAMPLE %u FRAME %u\\n\", $samples, *(unsigned char *)0x0000","x/32bx 0xa470","set $samples = $samples + 1","end","if $samples >= 1024","disable 5","else","continue","end"},original-location="*0x0ba9"}
*stopped
~"SAMPLE 806 FRAME 80\n"
~"0xa470:\t0x01\t0x76\t0x02\t0x02\t0x11\t0x12\t0x01\t0x01\n"
~"0xa478:\t0x01\t0x5f\t0x8c\t0x02\t0x14\t0x0d\t0x01\t0x02\n"
~"0xa480:\t0x01\t0x7f\t0xda\t0x02\t0x07\t0x14\t0x01\t0x01\n"
~"0xa488:\t0x01\t0x73\t0x44\t0x02\t0x02\t0x11\t0x01\t0x02\n"
*running,thread-id="all"
=breakpoint-modified,bkpt={number="5",type="breakpoint",disp="keep",enabled="y",addr="0x00000ba9",thread-groups=["i1"],times="808",script={"silent","if *(unsigned char *)0x0061 != 0","printf \"SAMPLE %u FRAME %u\\n\", $samples, *(unsigned char *)0x0000","x/32bx 0xa470","set $samples = $samples + 1","end","if $samples >= 1024","disable 5","else","continue","end"},original-location="*0x0ba9"}
*stopped
~"SAMPLE 807 FRAME 84\n"
~"0xa470:\t0x01\t0x76\t0x03\t0x03\t0x11\t0x12\t0x01\t0x01\n"
~"0xa478:\t0x01\t0x60\t0xcc\t0x03\t0x14\t0x0d\t0x01\t0x02\n"
~"0xa480:\t0x01\t0x7f\t0xdb\t0x03\t0x07\t0x14\t0x01\t0x01\n"
~"0xa488:\t0x01\t0x74\t0x84\t0x03\t0x02\t0x11\t0x01\t0x02\n"
*running,thread-id="all"
=breakpoint-modified,bkpt={number="5",type="breakpoint",disp="keep",enabled="y",addr="0x00000ba9",thread-groups=["i1"],times="809",script={"silent","if *(unsigned char *)0x0061 != 0","printf \"SAMPLE %u FRAME %u\\n\", $samples, *(unsigned char *)0x0000","x/32bx 0xa470","set $samples = $samples + 1","end","if $samples >= 1024","disable 5","else","continue","end"},original-location="*0x0ba9"}
*stopped
~"SAMPLE 808 FRAME 90\n"
~"0xa470:\t0x01\t0x76\t0x04\t0x00\t0x12\t0x12\t0x01\t0x00\n"
~"0xa478:\t0x01\t0x62\t0x0c\t0x00\t0x14\t0x0e\t0x01\t0x02\n"
~"0xa480:\t0x01\t0x7f\t0xdc\t0x00\t0x08\t0x14\t0x01\t0x01\n"
~"0xa488:\t0x01\t0x75\t0xc4\t0x00\t0x02\t0x12\t0x01\t0x01\n"
*running,thread-id="all"
=breakpoint-modified,bkpt={number="5",type="breakpoint",disp="keep",enabled="y",addr="0x00000ba9",thread-groups=["i1"],times="810",script={"silent","if *(unsigned char *)0x0061 != 0","printf \"SAMPLE %u FRAME %u\\n\", $samples, *(unsigned char *)0x0000","x/32bx 0xa470","set $samples = $samples + 1","end","if $samples >= 1024","disable 5","else","continue","end"},original-location="*0x0ba9"}
*stopped
~"SAMPLE 809 FRAME 94\n"
~"0xa470:\t0x01\t0x74\t0xc4\t0x01\t0x12\t0x12\t0x01\t0x00\n"
~"0xa478:\t0x01\t0x63\t0x4c\t0x01\t0x14\t0x0e\t0x01\t0x02\n"
~"0xa480:\t0x01\t0x7f\t0xdd\t0x01\t0x08\t0x14\t0x01\t0x01\n"
~"0xa488:\t0x01\t0x75\t0xc5\t0x01\t0x02\t0x12\t0x01\t0x01\n"
*running,thread-id="all"
=breakpoint-modified,bkpt={number="5",type="breakpoint",disp="keep",enabled="y",addr="0x00000ba9",thread-groups=["i1"],times="811",script={"silent","if *(unsigned char *)0x0061 != 0","printf \"SAMPLE %u FRAME %u\\n\", $samples, *(unsigned char *)0x0000","x/32bx 0xa470","set $samples = $samples + 1","end","if $samples >= 1024","disable 5","else","continue","end"},original-location="*0x0ba9"}
*stopped
~"SAMPLE 810 FRAME 98\n"
~"0xa470:\t0x01\t0x73\t0x84\t0x02\t0x12\t0x12\t0x01\t0x00\n"
~"0xa478:\t0x01\t0x64\t0x8c\t0x02\t0x14\t0x0e\t0x01\t0x02\n"
~"0xa480:\t0x01\t0x7f\t0xde\t0x02\t0x08\t0x14\t0x01\t0x01\n"
~"0xa488:\t0x01\t0x75\t0xc6\t0x02\t0x02\t0x12\t0x01\t0x01\n"
*running,thread-id="all"
=breakpoint-modified,bkpt={number="5",type="breakpoint",disp="keep",enabled="y",addr="0x00000ba9",thread-groups=["i1"],times="812",script={"silent","if *(unsigned char *)0x0061 != 0","printf \"SAMPLE %u FRAME %u\\n\", $samples, *(unsigned char *)0x0000","x/32bx 0xa470","set $samples = $samples + 1","end","if $samples >= 1024","disable 5","else","continue","end"},original-location="*0x0ba9"}
*stopped
~"SAMPLE 811 FRAME 102\n"
~"0xa470:\t0x01\t0x72\t0x44\t0x03\t0x12\t0x12\t0x01\t0x00\n"
~"0xa478:\t0x01\t0x65\t0xcc\t0x03\t0x14\t0x0e\t0x01\t0x02\n"
~"0xa480:\t0x01\t0x7f\t0xdf\t0x03\t0x08\t0x14\t0x01\t0x01\n"
~"0xa488:\t0x01\t0x75\t0xc7\t0x03\t0x02\t0x12\t0x01\t0x01\n"
*running,thread-id="all"
=breakpoint-modified,bkpt={number="5",type="breakpoint",disp="keep",enabled="y",addr="0x00000ba9",thread-groups=["i1"],times="813",script={"silent","if *(unsigned char *)0x0061 != 0","printf \"SAMPLE %u FRAME %u\\n\", $samples, *(unsigned char *)0x0000","x/32bx 0xa470","set $samples = $samples + 1","end","if $samples >= 1024","disable 5","else","continue","end"},original-location="*0x0ba9"}
*stopped
~"SAMPLE 812 FRAME 106\n"
~"0xa470:\t0x01\t0x71\t0x04\t0x00\t0x12\t0x11\t0x01\t0x00\n"
~"0xa478:\t0x01\t0x67\t0x0c\t0x00\t0x14\t0x0f\t0x01\t0x02\n"
~"0xa480:\t0x01\t0x7f\t0xe0\t0x00\t0x09\t0x14\t0x01\t0x01\n"
~"0xa488:\t0x01\t0x75\t0xc8\t0x00\t0x03\t0x12\t0x01\t0x01\n"
*running,thread-id="all"
=breakpoint-modified,bkpt={number="5",type="breakpoint",disp="keep",enabled="y",addr="0x00000ba9",thread-groups=["i1"],times="814",script={"silent","if *(unsigned char *)0x0061 != 0","printf \"SAMPLE %u FRAME %u\\n\", $samples, *(unsigned char *)0x0000","x/32bx 0xa470","set $samples = $samples + 1","end","if $samples >= 1024","disable 5","else","continue","end"},original-location="*0x0ba9"}
*stopped
~"SAMPLE 813 FRAME 110\n"
~"0xa470:\t0x01\t0x6f\t0xc4\t0x01\t0x12\t0x11\t0x01\t0x00\n"
~"0xa478:\t0x01\t0x68\t0x4c\t0x01\t0x14\t0x0f\t0x01\t0x02\n"
~"0xa480:\t0x01\t0x7f\t0xe1\t0x01\t0x09\t0x14\t0x01\t0x01\n"
~"0xa488:\t0x01\t0x75\t0xc9\t0x01\t0x03\t0x12\t0x01\t0x01\n"
*running,thread-id="all"
=breakpoint-modified,bkpt={number="5",type="breakpoint",disp="keep",enabled="y",addr="0x00000ba9",thread-groups=["i1"],times="815",script={"silent","if *(unsigned char *)0x0061 != 0","printf \"SAMPLE %u FRAME %u\\n\", $samples, *(unsigned char *)0x0000","x/32bx 0xa470","set $samples = $samples + 1","end","if $samples >= 1024","disable 5","else","continue","end"},original-location="*0x0ba9"}
*stopped
~"SAMPLE 814 FRAME 114\n"
~"0xa470:\t0x01\t0x6e\t0x84\t0x02\t0x12\t0x11\t0x01\t0x00\n"
~"0xa478:\t0x01\t0x69\t0x8c\t0x02\t0x14\t0x0f\t0x01\t0x02\n"
~"0xa480:\t0x01\t0x7f\t0xe2\t0x02\t0x09\t0x14\t0x01\t0x01\n"
~"0xa488:\t0x01\t0x75\t0xca\t0x02\t0x03\t0x12\t0x01\t0x01\n"
*running,thread-id="all"
=breakpoint-modified,bkpt={number="5",type="breakpoint",disp="keep",enabled="y",addr="0x00000ba9",thread-groups=["i1"],times="816",script={"silent","if *(unsigned char *)0x0061 != 0","printf \"SAMPLE %u FRAME %u\\n\", $samples, *(unsigned char *)0x0000","x/32bx 0xa470","set $samples = $samples + 1","end","if $samples >= 1024","disable 5","else","continue","end"},original-location="*0x0ba9"}
*stopped
~"SAMPLE 815 FRAME 118\n"
~"0xa470:\t0x01\t0x6d\t0x44\t0x03\t0x12\t0x11\t0x01\t0x00\n"
~"0xa478:\t0x01\t0x6a\t0xcc\t0x03\t0x14\t0x0f\t0x01\t0x02\n"
~"0xa480:\t0x01\t0x7f\t0xe3\t0x03\t0x09\t0x14\t0x01\t0x01\n"
~"0xa488:\t0x01\t0x75\t0xcb\t0x03\t0x03\t0x12\t0x01\t0x01\n"
*running,thread-id="all"
=breakpoint-modified,bkpt={number="5",type="breakpoint",disp="keep",enabled="y",addr="0x00000ba9",thread-groups=["i1"],times="817",script={"silent","if *(unsigned char *)0x0061 != 0","printf \"SAMPLE %u FRAME %u\\n\", $samples, *(unsigned char *)0x0000","x/32bx 0xa470","set $samples = $samples + 1","end","if $samples >= 1024","disable 5","else","continue","end"},original-location="*0x0ba9"}
*stopped
~"SAMPLE 816 FRAME 122\n"
~"0xa470:\t0x01\t0x6c\t0x04\t0x00\t0x12\t0x10\t0x01\t0x00\n"
~"0xa478:\t0x01\t0x6c\t0x0c\t0x00\t0x14\t0x10\t0x01\t0x00\n"
~"0xa480:\t0x01\t0x7f\t0xe4\t0x00\t0x0a\t0x14\t0x01\t0x02\n"
~"0xa488:\t0x01\t0x75\t0xcc\t0x00\t0x04\t0x12\t0x01\t0x01\n"
*running,thread-id="all"
=breakpoint-modified,bkpt={number="5",type="breakpoint",disp="keep",enabled="y",addr="0x00000ba9",thread-groups=["i1"],times="818",script={"silent","if *(unsigned char *)0x0061 != 0","printf \"SAMPLE %u FRAME %u\\n\", $samples, *(unsigned char *)0x0000","x/32bx 0xa470","set $samples = $samples + 1","end","if $samples >= 1024","disable 5","else","continue","end"},original-location="*0x0ba9"}
*stopped
~"SAMPLE 817 FRAME 126\n"
~"0xa470:\t0x01\t0x6a\t0xc4\t0x01\t0x12\t0x10\t0x01\t0x00\n"
~"0xa478:\t0x01\t0x6a\t0xcc\t0x01\t0x14\t0x10\t0x01\t0x00\n"
~"0xa480:\t0x01\t0x81\t0x24\t0x01\t0x0a\t0x14\t0x01\t0x02\n"
~"0xa488:\t0x01\t0x75\t0xcd\t0x01\t0x04\t0x12\t0x01\t0x01\n"
*running,thread-id="all"
=breakpoint-modified,bkpt={number="5",type="breakpoint",disp="keep",enabled="y",addr="0x00000ba9",thread-groups=["i1"],times="819",script={"silent","if *(unsigned char *)0x0061 != 0","printf \"SAMPLE %u FRAME %u\\n\", $samples, *(unsigned char *)0x0000","x/32bx 0xa470","set $samples = $samples + 1","end","if $samples >= 1024","disable 5","else","continue","end"},original-location="*0x0ba9"}
*stopped
~"SAMPLE 818 FRAME 130\n"
~"0xa470:\t0x01\t0x69\t0x84\t0x02\t0x12\t0x10\t0x01\t0x00\n"
~"0xa478:\t0x01\t0x69\t0x8c\t0x02\t0x14\t0x10\t0x01\t0x00\n"
~"0xa480:\t0x01\t0x82\t0x64\t0x02\t0x0a\t0x14\t0x01\t0x02\n"
~"0xa488:\t0x01\t0x75\t0xce\t0x02\t0x04\t0x12\t0x01\t0x01\n"
*running,thread-id="all"
=breakpoint-modified,bkpt={number="5",type="breakpoint",disp="keep",enabled="y",addr="0x00000ba9",thread-groups=["i1"],times="820",script={"silent","if *(unsigned char *)0x0061 != 0","printf \"SAMPLE %u FRAME %u\\n\", $samples, *(unsigned char *)0x0000","x/32bx 0xa470","set $samples = $samples + 1","end","if $samples >= 1024","disable 5","else","continue","end"},original-location="*0x0ba9"}
*stopped
~"SAMPLE 819 FRAME 134\n"
~"0xa470:\t0x01\t0x68\t0x44\t0x03\t0x12\t0x10\t0x01\t0x00\n"
~"0xa478:\t0x01\t0x68\t0x4c\t0x03\t0x14\t0x10\t0x01\t0x00\n"
~"0xa480:\t0x01\t0x83\t0xa4\t0x03\t0x0a\t0x14\t0x01\t0x02\n"
~"0xa488:\t0x01\t0x75\t0xcf\t0x03\t0x04\t0x12\t0x01\t0x01\n"
*running,thread-id="all"
=breakpoint-modified,bkpt={number="5",type="breakpoint",disp="keep",enabled="y",addr="0x00000ba9",thread-groups=["i1"],times="821",script={"silent","if *(unsigned char *)0x0061 != 0","printf \"SAMPLE %u FRAME %u\\n\", $samples, *(unsigned char *)0x0000","x/32bx 0xa470","set $samples = $samples + 1","end","if $samples >= 1024","disable 5","else","continue","end"},original-location="*0x0ba9"}
*stopped
~"SAMPLE 820 FRAME 140\n"
~"0xa470:\t0x01\t0x67\t0x04\t0x00\t0x12\t0x0f\t0x01\t0x00\n"
~"0xa478:\t0x01\t0x67\t0x0c\t0x00\t0x14\t0x0f\t0x01\t0x00\n"
~"0xa480:\t0x01\t0x84\t0xe4\t0x00\t0x0a\t0x15\t0x01\t0x02\n"
~"0xa488:\t0x01\t0x75\t0xd0\t0x00\t0x05\t0x12\t0x01\t0x01\n"
*running,thread-id="all"
=breakpoint-modified,bkpt={number="5",type="breakpoint",disp="keep",enabled="y",addr="0x00000ba9",thread-groups=["i1"],times="822",script={"silent","if *(unsigned char *)0x0061 != 0","printf \"SAMPLE %u FRAME %u\\n\", $samples, *(unsigned char *)0x0000","x/32bx 0xa470","set $samples = $samples + 1","end","if $samples >= 1024","disable 5","else","continue","end"},original-location="*0x0ba9"}
*stopped
~"SAMPLE 821 FRAME 144\n"
~"0xa470:\t0x01\t0x65\t0xc4\t0x01\t0x12\t0x0f\t0x01\t0x00\n"
~"0xa478:\t0x01\t0x65\t0xcc\t0x01\t0x14\t0x0f\t0x01\t0x00\n"
~"0xa480:\t0x01\t0x86\t0x24\t0x01\t0x0a\t0x15\t0x01\t0x02\n"
~"0xa488:\t0x01\t0x75\t0xd1\t0x01\t0x05\t0x12\t0x01\t0x01\n"
*running,thread-id="all"
=breakpoint-modified,bkpt={number="5",type="breakpoint",disp="keep",enabled="y",addr="0x00000ba9",thread-groups=["i1"],times="823",script={"silent","if *(unsigned char *)0x0061 != 0","printf \"SAMPLE %u FRAME %u\\n\", $samples, *(unsigned char *)0x0000","x/32bx 0xa470","set $samples = $samples + 1","end","if $samples >= 1024","disable 5","else","continue","end"},original-location="*0x0ba9"}
*stopped
~"SAMPLE 822 FRAME 148\n"
~"0xa470:\t0x01\t0x64\t0x84\t0x02\t0x12\t0x0f\t0x01\t0x00\n"
~"0xa478:\t0x01\t0x64\t0x8c\t0x02\t0x14\t0x0f\t0x01\t0x00\n"
~"0xa480:\t0x01\t0x87\t0x64\t0x02\t0x0a\t0x15\t0x01\t0x02\n"
~"0xa488:\t0x01\t0x75\t0xd2\t0x02\t0x05\t0x12\t0x01\t0x01\n"
*running,thread-id="all"
=breakpoint-modified,bkpt={number="5",type="breakpoint",disp="keep",enabled="y",addr="0x00000ba9",thread-groups=["i1"],times="824",script={"silent","if *(unsigned char *)0x0061 != 0","printf \"SAMPLE %u FRAME %u\\n\", $samples, *(unsigned char *)0x0000","x/32bx 0xa470","set $samples = $samples + 1","end","if $samples >= 1024","disable 5","else","continue","end"},original-location="*0x0ba9"}
*stopped
~"SAMPLE 823 FRAME 152\n"
~"0xa470:\t0x01\t0x63\t0x44\t0x03\t0x12\t0x0f\t0x01\t0x00\n"
~"0xa478:\t0x01\t0x63\t0x4c\t0x03\t0x14\t0x0f\t0x01\t0x00\n"
~"0xa480:\t0x01\t0x88\t0xa4\t0x03\t0x0a\t0x15\t0x01\t0x02\n"
~"0xa488:\t0x01\t0x75\t0xd3\t0x03\t0x05\t0x12\t0x01\t0x01\n"
*running,thread-id="all"
=breakpoint-modified,bkpt={number="5",type="breakpoint",disp="keep",enabled="y",addr="0x00000ba9",thread-groups=["i1"],times="825",script={"silent","if *(unsigned char *)0x0061 != 0","printf \"SAMPLE %u FRAME %u\\n\", $samples, *(unsigned char *)0x0000","x/32bx 0xa470","set $samples = $samples + 1","end","if $samples >= 1024","disable 5","else","continue","end"},original-location="*0x0ba9"}
*stopped
~"SAMPLE 824 FRAME 156\n"
~"0xa470:\t0x01\t0x62\t0x04\t0x00\t0x12\t0x0e\t0x01\t0x00\n"
~"0xa478:\t0x01\t0x62\t0x0c\t0x00\t0x14\t0x0e\t0x01\t0x00\n"
~"0xa480:\t0x01\t0x89\t0xe4\t0x00\t0x0a\t0x16\t0x01\t0x03\n"
~"0xa488:\t0x01\t0x75\t0xd4\t0x00\t0x06\t0x12\t0x01\t0x01\n"
*running,thread-id="all"
=breakpoint-modified,bkpt={number="5",type="breakpoint",disp="keep",enabled="y",addr="0x00000ba9",thread-groups=["i1"],times="826",script={"silent","if *(unsigned char *)0x0061 != 0","printf \"SAMPLE %u FRAME %u\\n\", $samples, *(unsigned char *)0x0000","x/32bx 0xa470","set $samples = $samples + 1","end","if $samples >= 1024","disable 5","else","continue","end"},original-location="*0x0ba9"}
*stopped
~"SAMPLE 825 FRAME 160\n"
~"0xa470:\t0x01\t0x60\t0xc4\t0x01\t0x12\t0x0e\t0x01\t0x00\n"
~"0xa478:\t0x01\t0x60\t0xcc\t0x01\t0x14\t0x0e\t0x01\t0x00\n"
~"0xa480:\t0x01\t0x89\t0xe3\t0x01\t0x0a\t0x16\t0x01\t0x03\n"
~"0xa488:\t0x01\t0x75\t0xd5\t0x01\t0x06\t0x12\t0x01\t0x01\n"
*running,thread-id="all"
=breakpoint-modified,bkpt={number="5",type="breakpoint",disp="keep",enabled="y",addr="0x00000ba9",thread-groups=["i1"],times="827",script={"silent","if *(unsigned char *)0x0061 != 0","printf \"SAMPLE %u FRAME %u\\n\", $samples, *(unsigned char *)0x0000","x/32bx 0xa470","set $samples = $samples + 1","end","if $samples >= 1024","disable 5","else","continue","end"},original-location="*0x0ba9"}
*stopped
~"SAMPLE 826 FRAME 164\n"
~"0xa470:\t0x01\t0x5f\t0x84\t0x02\t0x12\t0x0e\t0x01\t0x00\n"
~"0xa478:\t0x01\t0x5f\t0x8c\t0x02\t0x14\t0x0e\t0x01\t0x00\n"
~"0xa480:\t0x01\t0x89\t0xe2\t0x02\t0x0a\t0x16\t0x01\t0x03\n"
~"0xa488:\t0x01\t0x75\t0xd6\t0x02\t0x06\t0x12\t0x01\t0x01\n"
*running,thread-id="all"
=breakpoint-modified,bkpt={number="5",type="breakpoint",disp="keep",enabled="y",addr="0x00000ba9",thread-groups=["i1"],times="828",script={"silent","if *(unsigned char *)0x0061 != 0","printf \"SAMPLE %u FRAME %u\\n\", $samples, *(unsigned char *)0x0000","x/32bx 0xa470","set $samples = $samples + 1","end","if $samples >= 1024","disable 5","else","continue","end"},original-location="*0x0ba9"}
*stopped
~"SAMPLE 827 FRAME 168\n"
~"0xa470:\t0x01\t0x5e\t0x44\t0x03\t0x12\t0x0e\t0x01\t0x00\n"
~"0xa478:\t0x01\t0x5e\t0x4c\t0x03\t0x14\t0x0e\t0x01\t0x00\n"
~"0xa480:\t0x01\t0x89\t0xe1\t0x03\t0x0a\t0x16\t0x01\t0x03\n"
~"0xa488:\t0x01\t0x75\t0xd7\t0x03\t0x06\t0x12\t0x01\t0x01\n"
*running,thread-id="all"
=breakpoint-modified,bkpt={number="5",type="breakpoint",disp="keep",enabled="y",addr="0x00000ba9",thread-groups=["i1"],times="829",script={"silent","if *(unsigned char *)0x0061 != 0","printf \"SAMPLE %u FRAME %u\\n\", $samples, *(unsigned char *)0x0000","x/32bx 0xa470","set $samples = $samples + 1","end","if $samples >= 1024","disable 5","else","continue","end"},original-location="*0x0ba9"}
*stopped
~"SAMPLE 828 FRAME 172\n"
~"0xa470:\t0x01\t0x5d\t0x04\t0x00\t0x12\t0x0d\t0x01\t0x00\n"
~"0xa478:\t0x01\t0x5d\t0x0c\t0x00\t0x14\t0x0d\t0x01\t0x00\n"
~"0xa480:\t0x01\t0x89\t0xe0\t0x00\t0x09\t0x16\t0x01\t0x03\n"
~"0xa488:\t0x01\t0x75\t0xd8\t0x00\t0x07\t0x12\t0x01\t0x01\n"
*running,thread-id="all"
=breakpoint-modified,bkpt={number="5",type="breakpoint",disp="keep",enabled="y",addr="0x00000ba9",thread-groups=["i1"],times="830",script={"silent","if *(unsigned char *)0x0061 != 0","printf \"SAMPLE %u FRAME %u\\n\", $samples, *(unsigned char *)0x0000","x/32bx 0xa470","set $samples = $samples + 1","end","if $samples >= 1024","disable 5","else","continue","end"},original-location="*0x0ba9"}
*stopped
~"SAMPLE 829 FRAME 176\n"
~"0xa470:\t0x01\t0x5b\t0xc4\t0x01\t0x12\t0x0d\t0x01\t0x00\n"
~"0xa478:\t0x01\t0x5b\t0xcc\t0x01\t0x14\t0x0d\t0x01\t0x00\n"
~"0xa480:\t0x01\t0x89\t0xdf\t0x01\t0x09\t0x16\t0x01\t0x03\n"
~"0xa488:\t0x01\t0x75\t0xd9\t0x01\t0x07\t0x12\t0x01\t0x01\n"
*running,thread-id="all"
=breakpoint-modified,bkpt={number="5",type="breakpoint",disp="keep",enabled="y",addr="0x00000ba9",thread-groups=["i1"],times="831",script={"silent","if *(unsigned char *)0x0061 != 0","printf \"SAMPLE %u FRAME %u\\n\", $samples, *(unsigned char *)0x0000","x/32bx 0xa470","set $samples = $samples + 1","end","if $samples >= 1024","disable 5","else","continue","end"},original-location="*0x0ba9"}
*stopped
~"SAMPLE 830 FRAME 180\n"
~"0xa470:\t0x01\t0x5a\t0x84\t0x02\t0x12\t0x0d\t0x01\t0x00\n"
~"0xa478:\t0x01\t0x5a\t0x8c\t0x02\t0x14\t0x0d\t0x01\t0x00\n"
~"0xa480:\t0x01\t0x89\t0xde\t0x02\t0x09\t0x16\t0x01\t0x03\n"
~"0xa488:\t0x01\t0x75\t0xda\t0x02\t0x07\t0x12\t0x01\t0x01\n"
*running,thread-id="all"
=breakpoint-modified,bkpt={number="5",type="breakpoint",disp="keep",enabled="y",addr="0x00000ba9",thread-groups=["i1"],times="832",script={"silent","if *(unsigned char *)0x0061 != 0","printf \"SAMPLE %u FRAME %u\\n\", $samples, *(unsigned char *)0x0000","x/32bx 0xa470","set $samples = $samples + 1","end","if $samples >= 1024","disable 5","else","continue","end"},original-location="*0x0ba9"}
*stopped
~"SAMPLE 831 FRAME 184\n"
~"0xa470:\t0x01\t0x59\t0x44\t0x03\t0x12\t0x0d\t0x01\t0x00\n"
~"0xa478:\t0x01\t0x59\t0x4c\t0x03\t0x14\t0x0d\t0x01\t0x00\n"
~"0xa480:\t0x01\t0x89\t0xdd\t0x03\t0x09\t0x16\t0x01\t0x03\n"
~"0xa488:\t0x01\t0x75\t0xdb\t0x03\t0x07\t0x12\t0x01\t0x01\n"
*running,thread-id="all"
=breakpoint-modified,bkpt={number="5",type="breakpoint",disp="keep",enabled="y",addr="0x00000ba9",thread-groups=["i1"],times="833",script={"silent","if *(unsigned char *)0x0061 != 0","printf \"SAMPLE %u FRAME %u\\n\", $samples, *(unsigned char *)0x0000","x/32bx 0xa470","set $samples = $samples + 1","end","if $samples >= 1024","disable 5","else","continue","end"},original-location="*0x0ba9"}
*stopped
~"SAMPLE 832 FRAME 190\n"
~"0xa470:\t0x01\t0x58\t0x04\t0x00\t0x12\t0x0c\t0x01\t0x00\n"
~"0xa478:\t0x01\t0x58\t0x0c\t0x00\t0x14\t0x0c\t0x01\t0x01\n"
~"0xa480:\t0x01\t0x89\t0xdc\t0x00\t0x08\t0x16\t0x01\t0x03\n"
~"0xa488:\t0x01\t0x75\t0xdc\t0x00\t0x08\t0x12\t0x01\t0x01\n"
*running,thread-id="all"
=breakpoint-modified,bkpt={number="5",type="breakpoint",disp="keep",enabled="y",addr="0x00000ba9",thread-groups=["i1"],times="834",script={"silent","if *(unsigned char *)0x0061 != 0","printf \"SAMPLE %u FRAME %u\\n\", $samples, *(unsigned char *)0x0000","x/32bx 0xa470","set $samples = $samples + 1","end","if $samples >= 1024","disable 5","else","continue","end"},original-location="*0x0ba9"}
*stopped
~"SAMPLE 833 FRAME 194\n"
~"0xa470:\t0x01\t0x56\t0xc4\t0x01\t0x12\t0x0c\t0x01\t0x00\n"
~"0xa478:\t0x01\t0x58\t0x0d\t0x01\t0x14\t0x0c\t0x01\t0x01\n"
~"0xa480:\t0x01\t0x89\t0xdb\t0x01\t0x08\t0x16\t0x01\t0x03\n"
~"0xa488:\t0x01\t0x75\t0xdd\t0x01\t0x08\t0x12\t0x01\t0x01\n"
*running,thread-id="all"
=breakpoint-modified,bkpt={number="5",type="breakpoint",disp="keep",enabled="y",addr="0x00000ba9",thread-groups=["i1"],times="835",script={"silent","if *(unsigned char *)0x0061 != 0","printf \"SAMPLE %u FRAME %u\\n\", $samples, *(unsigned char *)0x0000","x/32bx 0xa470","set $samples = $samples + 1","end","if $samples >= 1024","disable 5","else","continue","end"},original-location="*0x0ba9"}
*stopped
~"SAMPLE 834 FRAME 198\n"
~"0xa470:\t0x01\t0x55\t0x84\t0x02\t0x12\t0x0c\t0x01\t0x00\n"
~"0xa478:\t0x01\t0x58\t0x0e\t0x02\t0x14\t0x0c\t0x01\t0x01\n"
~"0xa480:\t0x01\t0x89\t0xda\t0x02\t0x08\t0x16\t0x01\t0x03\n"
~"0xa488:\t0x01\t0x75\t0xde\t0x02\t0x08\t0x12\t0x01\t0x01\n"
*running,thread-id="all"
=breakpoint-modified,bkpt={number="5",type="breakpoint",disp="keep",enabled="y",addr="0x00000ba9",thread-groups=["i1"],times="836",script={"silent","if *(unsigned char *)0x0061 != 0","printf \"SAMPLE %u FRAME %u\\n\", $samples, *(unsigned char *)0x0000","x/32bx 0xa470","set $samples = $samples + 1","end","if $samples >= 1024","disable 5","else","continue","end"},original-location="*0x0ba9"}
*stopped
~"SAMPLE 835 FRAME 202\n"
~"0xa470:\t0x01\t0x54\t0x44\t0x03\t0x12\t0x0c\t0x01\t0x00\n"
~"0xa478:\t0x01\t0x58\t0x0f\t0x03\t0x14\t0x0c\t0x01\t0x01\n"
~"0xa480:\t0x01\t0x89\t0xd9\t0x03\t0x08\t0x16\t0x01\t0x03\n"
~"0xa488:\t0x01\t0x75\t0xdf\t0x03\t0x08\t0x12\t0x01\t0x01\n"
*running,thread-id="all"
=breakpoint-modified,bkpt={number="5",type="breakpoint",disp="keep",enabled="y",addr="0x00000ba9",thread-groups=["i1"],times="837",script={"silent","if *(unsigned char *)0x0061 != 0","printf \"SAMPLE %u FRAME %u\\n\", $samples, *(unsigned char *)0x0000","x/32bx 0xa470","set $samples = $samples + 1","end","if $samples >= 1024","disable 5","else","continue","end"},original-location="*0x0ba9"}
*stopped
~"SAMPLE 836 FRAME 206\n"
~"0xa470:\t0x01\t0x53\t0x04\t0x00\t0x12\t0x0b\t0x01\t0x00\n"
~"0xa478:\t0x01\t0x58\t0x10\t0x00\t0x15\t0x0c\t0x01\t0x01\n"
~"0xa480:\t0x01\t0x89\t0xd8\t0x00\t0x07\t0x16\t0x01\t0x03\n"
~"0xa488:\t0x01\t0x75\t0xe0\t0x00\t0x09\t0x12\t0x01\t0x01\n"
*running,thread-id="all"
=breakpoint-modified,bkpt={number="5",type="breakpoint",disp="keep",enabled="y",addr="0x00000ba9",thread-groups=["i1"],times="838",script={"silent","if *(unsigned char *)0x0061 != 0","printf \"SAMPLE %u FRAME %u\\n\", $samples, *(unsigned char *)0x0000","x/32bx 0xa470","set $samples = $samples + 1","end","if $samples >= 1024","disable 5","else","continue","end"},original-location="*0x0ba9"}
*stopped
~"SAMPLE 837 FRAME 210\n"
~"0xa470:\t0x01\t0x51\t0xc4\t0x01\t0x12\t0x0b\t0x01\t0x00\n"
~"0xa478:\t0x01\t0x58\t0x11\t0x01\t0x15\t0x0c\t0x01\t0x01\n"
~"0xa480:\t0x01\t0x89\t0xd7\t0x01\t0x07\t0x16\t0x01\t0x03\n"
~"0xa488:\t0x01\t0x75\t0xe1\t0x01\t0x09\t0x12\t0x01\t0x01\n"
*running,thread-id="all"
=breakpoint-modified,bkpt={number="5",type="breakpoint",disp="keep",enabled="y",addr="0x00000ba9",thread-groups=["i1"],times="839",script={"silent","if *(unsigned char *)0x0061 != 0","printf \"SAMPLE %u FRAME %u\\n\", $samples, *(unsigned char *)0x0000","x/32bx 0xa470","set $samples = $samples + 1","end","if $samples >= 1024","disable 5","else","continue","end"},original-location="*0x0ba9"}
*stopped
~"SAMPLE 838 FRAME 214\n"
~"0xa470:\t0x01\t0x50\t0x84\t0x02\t0x12\t0x0b\t0x01\t0x00\n"
~"0xa478:\t0x01\t0x58\t0x12\t0x02\t0x15\t0x0c\t0x01\t0x01\n"
~"0xa480:\t0x01\t0x89\t0xd6\t0x02\t0x07\t0x16\t0x01\t0x03\n"
~"0xa488:\t0x01\t0x75\t0xe2\t0x02\t0x09\t0x12\t0x01\t0x01\n"
*running,thread-id="all"
=breakpoint-modified,bkpt={number="5",type="breakpoint",disp="keep",enabled="y",addr="0x00000ba9",thread-groups=["i1"],times="840",script={"silent","if *(unsigned char *)0x0061 != 0","printf \"SAMPLE %u FRAME %u\\n\", $samples, *(unsigned char *)0x0000","x/32bx 0xa470","set $samples = $samples + 1","end","if $samples >= 1024","disable 5","else","continue","end"},original-location="*0x0ba9"}
*stopped
~"SAMPLE 839 FRAME 218\n"
~"0xa470:\t0x01\t0x4f\t0x44\t0x03\t0x12\t0x0b\t0x01\t0x00\n"
~"0xa478:\t0x01\t0x58\t0x13\t0x03\t0x15\t0x0c\t0x01\t0x01\n"
~"0xa480:\t0x01\t0x89\t0xd5\t0x03\t0x07\t0x16\t0x01\t0x03\n"
~"0xa488:\t0x01\t0x75\t0xe3\t0x03\t0x09\t0x12\t0x01\t0x01\n"
*running,thread-id="all"
=breakpoint-modified,bkpt={number="5",type="breakpoint",disp="keep",enabled="y",addr="0x00000ba9",thread-groups=["i1"],times="841",script={"silent","if *(unsigned char *)0x0061 != 0","printf \"SAMPLE %u FRAME %u\\n\", $samples, *(unsigned char *)0x0000","x/32bx 0xa470","set $samples = $samples + 1","end","if $samples >= 1024","disable 5","else","continue","end"},original-location="*0x0ba9"}
*stopped
~"SAMPLE 840 FRAME 222\n"
~"0xa470:\t0x01\t0x4e\t0x04\t0x00\t0x12\t0x0a\t0x01\t0x00\n"
~"0xa478:\t0x01\t0x58\t0x14\t0x00\t0x16\t0x0c\t0x01\t0x02\n"
~"0xa480:\t0x01\t0x89\t0xd4\t0x00\t0x06\t0x16\t0x01\t0x03\n"
~"0xa488:\t0x01\t0x75\t0xe4\t0x00\t0x0a\t0x12\t0x01\t0x01\n"
*running,thread-id="all"
=breakpoint-modified,bkpt={number="5",type="breakpoint",disp="keep",enabled="y",addr="0x00000ba9",thread-groups=["i1"],times="842",script={"silent","if *(unsigned char *)0x0061 != 0","printf \"SAMPLE %u FRAME %u\\n\", $samples, *(unsigned char *)0x0000","x/32bx 0xa470","set $samples = $samples + 1","end","if $samples >= 1024","disable 5","else","continue","end"},original-location="*0x0ba9"}
*stopped
~"SAMPLE 841 FRAME 226\n"
~"0xa470:\t0x01\t0x4c\t0xc4\t0x01\t0x12\t0x0a\t0x01\t0x00\n"
~"0xa478:\t0x01\t0x59\t0x54\t0x01\t0x16\t0x0c\t0x01\t0x02\n"
~"0xa480:\t0x01\t0x89\t0xd3\t0x01\t0x06\t0x16\t0x01\t0x03\n"
~"0xa488:\t0x01\t0x75\t0xe5\t0x01\t0x0a\t0x12\t0x01\t0x01\n"
*running,thread-id="all"
=breakpoint-modified,bkpt={number="5",type="breakpoint",disp="keep",enabled="y",addr="0x00000ba9",thread-groups=["i1"],times="843",script={"silent","if *(unsigned char *)0x0061 != 0","printf \"SAMPLE %u FRAME %u\\n\", $samples, *(unsigned char *)0x0000","x/32bx 0xa470","set $samples = $samples + 1","end","if $samples >= 1024","disable 5","else","continue","end"},original-location="*0x0ba9"}
*stopped
~"SAMPLE 842 FRAME 230\n"
~"0xa470:\t0x01\t0x4b\t0x84\t0x02\t0x12\t0x0a\t0x01\t0x00\n"
~"0xa478:\t0x01\t0x5a\t0x94\t0x02\t0x16\t0x0c\t0x01\t0x02\n"
~"0xa480:\t0x01\t0x89\t0xd2\t0x02\t0x06\t0x16\t0x01\t0x03\n"
~"0xa488:\t0x01\t0x75\t0xe6\t0x02\t0x0a\t0x12\t0x01\t0x01\n"
*running,thread-id="all"
=breakpoint-modified,bkpt={number="5",type="breakpoint",disp="keep",enabled="y",addr="0x00000ba9",thread-groups=["i1"],times="844",script={"silent","if *(unsigned char *)0x0061 != 0","printf \"SAMPLE %u FRAME %u\\n\", $samples, *(unsigned char *)0x0000","x/32bx 0xa470","set $samples = $samples + 1","end","if $samples >= 1024","disable 5","else","continue","end"},original-location="*0x0ba9"}
*stopped
~"SAMPLE 843 FRAME 234\n"
~"0xa470:\t0x01\t0x4a\t0x44\t0x03\t0x12\t0x0a\t0x01\t0x00\n"
~"0xa478:\t0x01\t0x5b\t0xd4\t0x03\t0x16\t0x0c\t0x01\t0x02\n"
~"0xa480:\t0x01\t0x89\t0xd1\t0x03\t0x06\t0x16\t0x01\t0x03\n"
~"0xa488:\t0x01\t0x75\t0xe7\t0x03\t0x0a\t0x12\t0x01\t0x01\n"
*running,thread-id="all"
=breakpoint-modified,bkpt={number="5",type="breakpoint",disp="keep",enabled="y",addr="0x00000ba9",thread-groups=["i1"],times="845",script={"silent","if *(unsigned char *)0x0061 != 0","printf \"SAMPLE %u FRAME %u\\n\", $samples, *(unsigned char *)0x0000","x/32bx 0xa470","set $samples = $samples + 1","end","if $samples >= 1024","disable 5","else","continue","end"},original-location="*0x0ba9"}
*stopped
~"SAMPLE 844 FRAME 240\n"
~"0xa470:\t0x01\t0x49\t0x04\t0x00\t0x12\t0x09\t0x01\t0x00\n"
~"0xa478:\t0x01\t0x5d\t0x14\t0x00\t0x16\t0x0d\t0x01\t0x02\n"
~"0xa480:\t0x01\t0x89\t0xd0\t0x00\t0x05\t0x16\t0x01\t0x03\n"
~"0xa488:\t0x01\t0x75\t0xe8\t0x00\t0x0b\t0x12\t0x01\t0x01\n"
*running,thread-id="all"
=breakpoint-modified,bkpt={number="5",type="breakpoint",disp="keep",enabled="y",addr="0x00000ba9",thread-groups=["i1"],times="846",script={"silent","if *(unsigned char *)0x0061 != 0","printf \"SAMPLE %u FRAME %u\\n\", $samples, *(unsigned char *)0x0000","x/32bx 0xa470","set $samples = $samples + 1","end","if $samples >= 1024","disable 5","else","continue","end"},original-location="*0x0ba9"}
*stopped
~"SAMPLE 845 FRAME 244\n"
~"0xa470:\t0x01\t0x47\t0xc4\t0x01\t0x12\t0x09\t0x01\t0x00\n"
~"0xa478:\t0x01\t0x5e\t0x54\t0x01\t0x16\t0x0d\t0x01\t0x02\n"
~"0xa480:\t0x01\t0x89\t0xcf\t0x01\t0x05\t0x16\t0x01\t0x03\n"
~"0xa488:\t0x01\t0x75\t0xe9\t0x01\t0x0b\t0x12\t0x01\t0x01\n"
*running,thread-id="all"
=breakpoint-modified,bkpt={number="5",type="breakpoint",disp="keep",enabled="y",addr="0x00000ba9",thread-groups=["i1"],times="847",script={"silent","if *(unsigned char *)0x0061 != 0","printf \"SAMPLE %u FRAME %u\\n\", $samples, *(unsigned char *)0x0000","x/32bx 0xa470","set $samples = $samples + 1","end","if $samples >= 1024","disable 5","else","continue","end"},original-location="*0x0ba9"}
*stopped
~"SAMPLE 846 FRAME 248\n"
~"0xa470:\t0x01\t0x46\t0x84\t0x02\t0x12\t0x09\t0x01\t0x00\n"
~"0xa478:\t0x01\t0x5f\t0x94\t0x02\t0x16\t0x0d\t0x01\t0x02\n"
~"0xa480:\t0x01\t0x89\t0xce\t0x02\t0x05\t0x16\t0x01\t0x03\n"
~"0xa488:\t0x01\t0x75\t0xea\t0x02\t0x0b\t0x12\t0x01\t0x01\n"
*running,thread-id="all"
=breakpoint-modified,bkpt={number="5",type="breakpoint",disp="keep",enabled="y",addr="0x00000ba9",thread-groups=["i1"],times="848",script={"silent","if *(unsigned char *)0x0061 != 0","printf \"SAMPLE %u FRAME %u\\n\", $samples, *(unsigned char *)0x0000","x/32bx 0xa470","set $samples = $samples + 1","end","if $samples >= 1024","disable 5","else","continue","end"},original-location="*0x0ba9"}
*stopped
~"SAMPLE 847 FRAME 252\n"
~"0xa470:\t0x01\t0x45\t0x44\t0x03\t0x12\t0x09\t0x01\t0x00\n"
~"0xa478:\t0x01\t0x60\t0xd4\t0x03\t0x16\t0x0d\t0x01\t0x02\n"
~"0xa480:\t0x01\t0x89\t0xcd\t0x03\t0x05\t0x16\t0x01\t0x03\n"
~"0xa488:\t0x01\t0x75\t0xeb\t0x03\t0x0b\t0x12\t0x01\t0x01\n"
*running,thread-id="all"
=breakpoint-modified,bkpt={number="5",type="breakpoint",disp="keep",enabled="y",addr="0x00000ba9",thread-groups=["i1"],times="849",script={"silent","if *(unsigned char *)0x0061 != 0","printf \"SAMPLE %u FRAME %u\\n\", $samples, *(unsigned char *)0x0000","x/32bx 0xa470","set $samples = $samples + 1","end","if $samples >= 1024","disable 5","else","continue","end"},original-location="*0x0ba9"}
*stopped
~"SAMPLE 848 FRAME 0\n"
~"0xa470:\t0x01\t0x44\t0x04\t0x00\t0x12\t0x08\t0x01\t0x03\n"
~"0xa478:\t0x01\t0x62\t0x14\t0x00\t0x16\t0x0e\t0x01\t0x02\n"
~"0xa480:\t0x01\t0x89\t0xcc\t0x00\t0x04\t0x16\t0x01\t0x03\n"
~"0xa488:\t0x01\t0x75\t0xec\t0x00\t0x0c\t0x12\t0x01\t0x01\n"
*running,thread-id="all"
=breakpoint-modified,bkpt={number="5",type="breakpoint",disp="keep",enabled="y",addr="0x00000ba9",thread-groups=["i1"],times="850",script={"silent","if *(unsigned char *)0x0061 != 0","printf \"SAMPLE %u FRAME %u\\n\", $samples, *(unsigned char *)0x0000","x/32bx 0xa470","set $samples = $samples + 1","end","if $samples >= 1024","disable 5","else","continue","end"},original-location="*0x0ba9"}
*stopped
~"SAMPLE 849 FRAME 4\n"
~"0xa470:\t0x01\t0x44\t0x03\t0x01\t0x12\t0x08\t0x01\t0x03\n"
~"0xa478:\t0x01\t0x63\t0x54\t0x01\t0x16\t0x0e\t0x01\t0x02\n"
~"0xa480:\t0x01\t0x89\t0xcb\t0x01\t0x04\t0x16\t0x01\t0x03\n"
~"0xa488:\t0x01\t0x75\t0xed\t0x01\t0x0c\t0x12\t0x01\t0x01\n"
*running,thread-id="all"
=breakpoint-modified,bkpt={number="5",type="breakpoint",disp="keep",enabled="y",addr="0x00000ba9",thread-groups=["i1"],times="851",script={"silent","if *(unsigned char *)0x0061 != 0","printf \"SAMPLE %u FRAME %u\\n\", $samples, *(unsigned char *)0x0000","x/32bx 0xa470","set $samples = $samples + 1","end","if $samples >= 1024","disable 5","else","continue","end"},original-location="*0x0ba9"}
*stopped
~"SAMPLE 850 FRAME 8\n"
~"0xa470:\t0x01\t0x44\t0x02\t0x02\t0x12\t0x08\t0x01\t0x03\n"
~"0xa478:\t0x01\t0x64\t0x94\t0x02\t0x16\t0x0e\t0x01\t0x02\n"
~"0xa480:\t0x01\t0x89\t0xca\t0x02\t0x04\t0x16\t0x01\t0x03\n"
~"0xa488:\t0x01\t0x75\t0xee\t0x02\t0x0c\t0x12\t0x01\t0x01\n"
*running,thread-id="all"
=breakpoint-modified,bkpt={number="5",type="breakpoint",disp="keep",enabled="y",addr="0x00000ba9",thread-groups=["i1"],times="852",script={"silent","if *(unsigned char *)0x0061 != 0","printf \"SAMPLE %u FRAME %u\\n\", $samples, *(unsigned char *)0x0000","x/32bx 0xa470","set $samples = $samples + 1","end","if $samples >= 1024","disable 5","else","continue","end"},original-location="*0x0ba9"}
*stopped
~"SAMPLE 851 FRAME 12\n"
~"0xa470:\t0x01\t0x44\t0x01\t0x03\t0x12\t0x08\t0x01\t0x03\n"
~"0xa478:\t0x01\t0x65\t0xd4\t0x03\t0x16\t0x0e\t0x01\t0x02\n"
~"0xa480:\t0x01\t0x89\t0xc9\t0x03\t0x04\t0x16\t0x01\t0x03\n"
~"0xa488:\t0x01\t0x75\t0xef\t0x03\t0x0c\t0x12\t0x01\t0x01\n"
*running,thread-id="all"
=breakpoint-modified,bkpt={number="5",type="breakpoint",disp="keep",enabled="y",addr="0x00000ba9",thread-groups=["i1"],times="853",script={"silent","if *(unsigned char *)0x0061 != 0","printf \"SAMPLE %u FRAME %u\\n\", $samples, *(unsigned char *)0x0000","x/32bx 0xa470","set $samples = $samples + 1","end","if $samples >= 1024","disable 5","else","continue","end"},original-location="*0x0ba9"}
*stopped
~"SAMPLE 852 FRAME 16\n"
~"0xa470:\t0x01\t0x44\t0x00\t0x00\t0x11\t0x08\t0x01\t0x03\n"
~"0xa478:\t0x01\t0x67\t0x14\t0x00\t0x16\t0x0f\t0x01\t0x02\n"
~"0xa480:\t0x01\t0x89\t0xc8\t0x00\t0x03\t0x16\t0x01\t0x03\n"
~"0xa488:\t0x01\t0x75\t0xf0\t0x00\t0x0d\t0x12\t0x01\t0x01\n"
*running,thread-id="all"
=breakpoint-modified,bkpt={number="5",type="breakpoint",disp="keep",enabled="y",addr="0x00000ba9",thread-groups=["i1"],times="854",script={"silent","if *(unsigned char *)0x0061 != 0","printf \"SAMPLE %u FRAME %u\\n\", $samples, *(unsigned char *)0x0000","x/32bx 0xa470","set $samples = $samples + 1","end","if $samples >= 1024","disable 5","else","continue","end"},original-location="*0x0ba9"}
*stopped
~"SAMPLE 853 FRAME 20\n"
~"0xa470:\t0x01\t0x43\t0xff\t0x01\t0x11\t0x08\t0x01\t0x03\n"
~"0xa478:\t0x01\t0x68\t0x54\t0x01\t0x16\t0x0f\t0x01\t0x02\n"
~"0xa480:\t0x01\t0x89\t0xc7\t0x01\t0x03\t0x16\t0x01\t0x03\n"
~"0xa488:\t0x01\t0x75\t0xf1\t0x01\t0x0d\t0x12\t0x01\t0x01\n"
*running,thread-id="all"
=breakpoint-modified,bkpt={number="5",type="breakpoint",disp="keep",enabled="y",addr="0x00000ba9",thread-groups=["i1"],times="855",script={"silent","if *(unsigned char *)0x0061 != 0","printf \"SAMPLE %u FRAME %u\\n\", $samples, *(unsigned char *)0x0000","x/32bx 0xa470","set $samples = $samples + 1","end","if $samples >= 1024","disable 5","else","continue","end"},original-location="*0x0ba9"}
*stopped
~"SAMPLE 854 FRAME 24\n"
~"0xa470:\t0x01\t0x43\t0xfe\t0x02\t0x11\t0x08\t0x01\t0x03\n"
~"0xa478:\t0x01\t0x69\t0x94\t0x02\t0x16\t0x0f\t0x01\t0x02\n"
~"0xa480:\t0x01\t0x89\t0xc6\t0x02\t0x03\t0x16\t0x01\t0x03\n"
~"0xa488:\t0x01\t0x75\t0xf2\t0x02\t0x0d\t0x12\t0x01\t0x01\n"
*running,thread-id="all"
=breakpoint-modified,bkpt={number="5",type="breakpoint",disp="keep",enabled="y",addr="0x00000ba9",thread-groups=["i1"],times="856",script={"silent","if *(unsigned char *)0x0061 != 0","printf \"SAMPLE %u FRAME %u\\n\", $samples, *(unsigned char *)0x0000","x/32bx 0xa470","set $samples = $samples + 1","end","if $samples >= 1024","disable 5","else","continue","end"},original-location="*0x0ba9"}
*stopped
~"SAMPLE 855 FRAME 28\n"
~"0xa470:\t0x01\t0x43\t0xfd\t0x03\t0x11\t0x08\t0x01\t0x03\n"
~"0xa478:\t0x01\t0x6a\t0xd4\t0x03\t0x16\t0x0f\t0x01\t0x02\n"
~"0xa480:\t0x01\t0x89\t0xc5\t0x03\t0x03\t0x16\t0x01\t0x03\n"
~"0xa488:\t0x01\t0x75\t0xf3\t0x03\t0x0d\t0x12\t0x01\t0x01\n"
*running,thread-id="all"
=breakpoint-modified,bkpt={number="5",type="breakpoint",disp="keep",enabled="y",addr="0x00000ba9",thread-groups=["i1"],times="857",script={"silent","if *(unsigned char *)0x0061 != 0","printf \"SAMPLE %u FRAME %u\\n\", $samples, *(unsigned char *)0x0000","x/32bx 0xa470","set $samples = $samples + 1","end","if $samples >= 1024","disable 5","else","continue","end"},original-location="*0x0ba9"}
*stopped
~"SAMPLE 856 FRAME 34\n"
~"0xa470:\t0x01\t0x43\t0xfc\t0x00\t0x10\t0x08\t0x01\t0x03\n"
~"0xa478:\t0x01\t0x6c\t0x14\t0x00\t0x16\t0x10\t0x01\t0x02\n"
~"0xa480:\t0x01\t0x89\t0xc4\t0x00\t0x02\t0x16\t0x01\t0x00\n"
~"0xa488:\t0x01\t0x75\t0xf4\t0x00\t0x0e\t0x12\t0x01\t0x01\n"
*running,thread-id="all"
=breakpoint-modified,bkpt={number="5",type="breakpoint",disp="keep",enabled="y",addr="0x00000ba9",thread-groups=["i1"],times="858",script={"silent","if *(unsigned char *)0x0061 != 0","printf \"SAMPLE %u FRAME %u\\n\", $samples, *(unsigned char *)0x0000","x/32bx 0xa470","set $samples = $samples + 1","end","if $samples >= 1024","disable 5","else","continue","end"},original-location="*0x0ba9"}
*stopped
~"SAMPLE 857 FRAME 38\n"
~"0xa470:\t0x01\t0x43\t0xfb\t0x01\t0x10\t0x08\t0x01\t0x03\n"
~"0xa478:\t0x01\t0x6d\t0x54\t0x01\t0x16\t0x10\t0x01\t0x02\n"
~"0xa480:\t0x01\t0x88\t0x84\t0x01\t0x02\t0x16\t0x01\t0x00\n"
~"0xa488:\t0x01\t0x75\t0xf5\t0x01\t0x0e\t0x12\t0x01\t0x01\n"
*running,thread-id="all"
=breakpoint-modified,bkpt={number="5",type="breakpoint",disp="keep",enabled="y",addr="0x00000ba9",thread-groups=["i1"],times="859",script={"silent","if *(unsigned char *)0x0061 != 0","printf \"SAMPLE %u FRAME %u\\n\", $samples, *(unsigned char *)0x0000","x/32bx 0xa470","set $samples = $samples + 1","end","if $samples >= 1024","disable 5","else","continue","end"},original-location="*0x0ba9"}
*stopped
~"SAMPLE 858 FRAME 42\n"
~"0xa470:\t0x01\t0x43\t0xfa\t0x02\t0x10\t0x08\t0x01\t0x03\n"
~"0xa478:\t0x01\t0x6e\t0x94\t0x02\t0x16\t0x10\t0x01\t0x02\n"
~"0xa480:\t0x01\t0x87\t0x44\t0x02\t0x02\t0x16\t0x01\t0x00\n"
~"0xa488:\t0x01\t0x75\t0xf6\t0x02\t0x0e\t0x12\t0x01\t0x01\n"
*running,thread-id="all"
=breakpoint-modified,bkpt={number="5",type="breakpoint",disp="keep",enabled="y",addr="0x00000ba9",thread-groups=["i1"],times="860",script={"silent","if *(unsigned char *)0x0061 != 0","printf \"SAMPLE %u FRAME %u\\n\", $samples, *(unsigned char *)0x0000","x/32bx 0xa470","set $samples = $samples + 1","end","if $samples >= 1024","disable 5","else","continue","end"},original-location="*0x0ba9"}
*stopped
~"SAMPLE 859 FRAME 46\n"
~"0xa470:\t0x01\t0x43\t0xf9\t0x03\t0x10\t0x08\t0x01\t0x03\n"
~"0xa478:\t0x01\t0x6f\t0xd4\t0x03\t0x16\t0x10\t0x01\t0x02\n"
~"0xa480:\t0x01\t0x86\t0x04\t0x03\t0x02\t0x16\t0x01\t0x00\n"
~"0xa488:\t0x01\t0x75\t0xf7\t0x03\t0x0e\t0x12\t0x01\t0x01\n"
*running,thread-id="all"
=breakpoint-modified,bkpt={number="5",type="breakpoint",disp="keep",enabled="y",addr="0x00000ba9",thread-groups=["i1"],times="861",script={"silent","if *(unsigned char *)0x0061 != 0","printf \"SAMPLE %u FRAME %u\\n\", $samples, *(unsigned char *)0x0000","x/32bx 0xa470","set $samples = $samples + 1","end","if $samples >= 1024","disable 5","else","continue","end"},original-location="*0x0ba9"}
*stopped
~"SAMPLE 860 FRAME 50\n"
~"0xa470:\t0x01\t0x43\t0xf8\t0x00\t0x0f\t0x08\t0x01\t0x03\n"
~"0xa478:\t0x01\t0x71\t0x14\t0x00\t0x16\t0x11\t0x01\t0x02\n"
~"0xa480:\t0x01\t0x84\t0xc4\t0x00\t0x02\t0x15\t0x01\t0x00\n"
~"0xa488:\t0x01\t0x75\t0xf8\t0x00\t0x0f\t0x12\t0x01\t0x01\n"
*running,thread-id="all"
=breakpoint-modified,bkpt={number="5",type="breakpoint",disp="keep",enabled="y",addr="0x00000ba9",thread-groups=["i1"],times="862",script={"silent","if *(unsigned char *)0x0061 != 0","printf \"SAMPLE %u FRAME %u\\n\", $samples, *(unsigned char *)0x0000","x/32bx 0xa470","set $samples = $samples + 1","end","if $samples >= 1024","disable 5","else","continue","end"},original-location="*0x0ba9"}
*stopped
~"SAMPLE 861 FRAME 54\n"
~"0xa470:\t0x01\t0x43\t0xf7\t0x01\t0x0f\t0x08\t0x01\t0x03\n"
~"0xa478:\t0x01\t0x72\t0x54\t0x01\t0x16\t0x11\t0x01\t0x02\n"
~"0xa480:\t0x01\t0x83\t0x84\t0x01\t0x02\t0x15\t0x01\t0x00\n"
~"0xa488:\t0x01\t0x75\t0xf9\t0x01\t0x0f\t0x12\t0x01\t0x01\n"
*running,thread-id="all"
=breakpoint-modified,bkpt={number="5",type="breakpoint",disp="keep",enabled="y",addr="0x00000ba9",thread-groups=["i1"],times="863",script={"silent","if *(unsigned char *)0x0061 != 0","printf \"SAMPLE %u FRAME %u\\n\", $samples, *(unsigned char *)0x0000","x/32bx 0xa470","set $samples = $samples + 1","end","if $samples >= 1024","disable 5","else","continue","end"},original-location="*0x0ba9"}
*stopped
~"SAMPLE 862 FRAME 58\n"
~"0xa470:\t0x01\t0x43\t0xf6\t0x02\t0x0f\t0x08\t0x01\t0x03\n"
~"0xa478:\t0x01\t0x73\t0x94\t0x02\t0x16\t0x11\t0x01\t0x02\n"
~"0xa480:\t0x01\t0x82\t0x44\t0x02\t0x02\t0x15\t0x01\t0x00\n"
~"0xa488:\t0x01\t0x75\t0xfa\t0x02\t0x0f\t0x12\t0x01\t0x01\n"
*running,thread-id="all"
=breakpoint-modified,bkpt={number="5",type="breakpoint",disp="keep",enabled="y",addr="0x00000ba9",thread-groups=["i1"],times="864",script={"silent","if *(unsigned char *)0x0061 != 0","printf \"SAMPLE %u FRAME %u\\n\", $samples, *(unsigned char *)0x0000","x/32bx 0xa470","set $samples = $samples + 1","end","if $samples >= 1024","disable 5","else","continue","end"},original-location="*0x0ba9"}
*stopped
~"SAMPLE 863 FRAME 62\n"
~"0xa470:\t0x01\t0x43\t0xf5\t0x03\t0x0f\t0x08\t0x01\t0x03\n"
~"0xa478:\t0x01\t0x74\t0xd4\t0x03\t0x16\t0x11\t0x01\t0x02\n"
~"0xa480:\t0x01\t0x81\t0x04\t0x03\t0x02\t0x15\t0x01\t0x00\n"
~"0xa488:\t0x01\t0x75\t0xfb\t0x03\t0x0f\t0x12\t0x01\t0x01\n"
*running,thread-id="all"
=breakpoint-modified,bkpt={number="5",type="breakpoint",disp="keep",enabled="y",addr="0x00000ba9",thread-groups=["i1"],times="865",script={"silent","if *(unsigned char *)0x0061 != 0","printf \"SAMPLE %u FRAME %u\\n\", $samples, *(unsigned char *)0x0000","x/32bx 0xa470","set $samples = $samples + 1","end","if $samples >= 1024","disable 5","else","continue","end"},original-location="*0x0ba9"}
*stopped
~"SAMPLE 864 FRAME 66\n"
~"0xa470:\t0x01\t0x43\t0xf4\t0x00\t0x0e\t0x08\t0x01\t0x01\n"
~"0xa478:\t0x01\t0x76\t0x14\t0x00\t0x16\t0x12\t0x01\t0x03\n"
~"0xa480:\t0x01\t0x7f\t0xc4\t0x00\t0x02\t0x14\t0x01\t0x00\n"
~"0xa488:\t0x01\t0x75\t0xfc\t0x00\t0x10\t0x12\t0x01\t0x01\n"
*running,thread-id="all"
=breakpoint-modified,bkpt={number="5",type="breakpoint",disp="keep",enabled="y",addr="0x00000ba9",thread-groups=["i1"],times="866",script={"silent","if *(unsigned char *)0x0061 != 0","printf \"SAMPLE %u FRAME %u\\n\", $samples, *(unsigned char *)0x0000","x/32bx 0xa470","set $samples = $samples + 1","end","if $samples >= 1024","disable 5","else","continue","end"},original-location="*0x0ba9"}
*stopped
~"SAMPLE 865 FRAME 70\n"
~"0xa470:\t0x01\t0x43\t0xf5\t0x01\t0x0e\t0x08\t0x01\t0x01\n"
~"0xa478:\t0x01\t0x76\t0x13\t0x01\t0x16\t0x12\t0x01\t0x03\n"
~"0xa480:\t0x01\t0x7e\t0x84\t0x01\t0x02\t0x14\t0x01\t0x00\n"
~"0xa488:\t0x01\t0x75\t0xfd\t0x01\t0x10\t0x12\t0x01\t0x01\n"
*running,thread-id="all"
=breakpoint-modified,bkpt={number="5",type="breakpoint",disp="keep",enabled="y",addr="0x00000ba9",thread-groups=["i1"],times="867",script={"silent","if *(unsigned char *)0x0061 != 0","printf \"SAMPLE %u FRAME %u\\n\", $samples, *(unsigned char *)0x0000","x/32bx 0xa470","set $samples = $samples + 1","end","if $samples >= 1024","disable 5","else","continue","end"},original-location="*0x0ba9"}
*stopped
~"SAMPLE 866 FRAME 74\n"
~"0xa470:\t0x01\t0x43\t0xf6\t0x02\t0x0e\t0x08\t0x01\t0x01\n"
~"0xa478:\t0x01\t0x76\t0x12\t0x02\t0x16\t0x12\t0x01\t0x03\n"
~"0xa480:\t0x01\t0x7d\t0x44\t0x02\t0x02\t0x14\t0x01\t0x00\n"
~"0xa488:\t0x01\t0x75\t0xfe\t0x02\t0x10\t0x12\t0x01\t0x01\n"
*running,thread-id="all"
=breakpoint-modified,bkpt={number="5",type="breakpoint",disp="keep",enabled="y",addr="0x00000ba9",thread-groups=["i1"],times="868",script={"silent","if *(unsigned char *)0x0061 != 0","printf \"SAMPLE %u FRAME %u\\n\", $samples, *(unsigned char *)0x0000","x/32bx 0xa470","set $samples = $samples + 1","end","if $samples >= 1024","disable 5","else","continue","end"},original-location="*0x0ba9"}
*stopped
~"SAMPLE 867 FRAME 78\n"
~"0xa470:\t0x01\t0x43\t0xf7\t0x03\t0x0e\t0x08\t0x01\t0x01\n"
~"0xa478:\t0x01\t0x76\t0x11\t0x03\t0x16\t0x12\t0x01\t0x03\n"
~"0xa480:\t0x01\t0x7c\t0x04\t0x03\t0x02\t0x14\t0x01\t0x00\n"
~"0xa488:\t0x01\t0x75\t0xff\t0x03\t0x10\t0x12\t0x01\t0x01\n"
*running,thread-id="all"
=breakpoint-modified,bkpt={number="5",type="breakpoint",disp="keep",enabled="y",addr="0x00000ba9",thread-groups=["i1"],times="869",script={"silent","if *(unsigned char *)0x0061 != 0","printf \"SAMPLE %u FRAME %u\\n\", $samples, *(unsigned char *)0x0000","x/32bx 0xa470","set $samples = $samples + 1","end","if $samples >= 1024","disable 5","else","continue","end"},original-location="*0x0ba9"}
*stopped
~"SAMPLE 868 FRAME 84\n"
~"0xa470:\t0x01\t0x43\t0xf8\t0x00\t0x0f\t0x08\t0x01\t0x01\n"
~"0xa478:\t0x01\t0x76\t0x10\t0x00\t0x15\t0x12\t0x01\t0x03\n"
~"0xa480:\t0x01\t0x7a\t0xc4\t0x00\t0x02\t0x13\t0x01\t0x00\n"
~"0xa488:\t0x01\t0x76\t0x00\t0x00\t0x11\t0x12\t0x01\t0x01\n"
*running,thread-id="all"
=breakpoint-modified,bkpt={number="5",type="breakpoint",disp="keep",enabled="y",addr="0x00000ba9",thread-groups=["i1"],times="870",script={"silent","if *(unsigned char *)0x0061 != 0","printf \"SAMPLE %u FRAME %u\\n\", $samples, *(unsigned char *)0x0000","x/32bx 0xa470","set $samples = $samples + 1","end","if $samples >= 1024","disable 5","else","continue","end"},original-location="*0x0ba9"}
*stopped
~"SAMPLE 869 FRAME 88\n"
~"0xa470:\t0x01\t0x43\t0xf9\t0x01\t0x0f\t0x08\t0x01\t0x01\n"
~"0xa478:\t0x01\t0x76\t0x0f\t0x01\t0x15\t0x12\t0x01\t0x03\n"
~"0xa480:\t0x01\t0x79\t0x84\t0x01\t0x02\t0x13\t0x01\t0x00\n"
~"0xa488:\t0x01\t0x76\t0x01\t0x01\t0x11\t0x12\t0x01\t0x01\n"
*running,thread-id="all"
=breakpoint-modified,bkpt={number="5",type="breakpoint",disp="keep",enabled="y",addr="0x00000ba9",thread-groups=["i1"],times="871",script={"silent","if *(unsigned char *)0x0061 != 0","printf \"SAMPLE %u FRAME %u\\n\", $samples, *(unsigned char *)0x0000","x/32bx 0xa470","set $samples = $samples + 1","end","if $samples >= 1024","disable 5","else","continue","end"},original-location="*0x0ba9"}
*stopped
~"SAMPLE 870 FRAME 92\n"
~"0xa470:\t0x01\t0x43\t0xfa\t0x02\t0x0f\t0x08\t0x01\t0x01\n"
~"0xa478:\t0x01\t0x76\t0x0e\t0x02\t0x15\t0x12\t0x01\t0x03\n"
~"0xa480:\t0x01\t0x78\t0x44\t0x02\t0x02\t0x13\t0x01\t0x00\n"
~"0xa488:\t0x01\t0x76\t0x02\t0x02\t0x11\t0x12\t0x01\t0x01\n"
*running,thread-id="all"
=breakpoint-modified,bkpt={number="5",type="breakpoint",disp="keep",enabled="y",addr="0x00000ba9",thread-groups=["i1"],times="872",script={"silent","if *(unsigned char *)0x0061 != 0","printf \"SAMPLE %u FRAME %u\\n\", $samples, *(unsigned char *)0x0000","x/32bx 0xa470","set $samples = $samples + 1","end","if $samples >= 1024","disable 5","else","continue","end"},original-location="*0x0ba9"}
*stopped
~"SAMPLE 871 FRAME 96\n"
~"0xa470:\t0x01\t0x43\t0xfb\t0x03\t0x0f\t0x08\t0x01\t0x01\n"
~"0xa478:\t0x01\t0x76\t0x0d\t0x03\t0x15\t0x12\t0x01\t0x03\n"
~"0xa480:\t0x01\t0x77\t0x04\t0x03\t0x02\t0x13\t0x01\t0x00\n"
~"0xa488:\t0x01\t0x76\t0x03\t0x03\t0x11\t0x12\t0x01\t0x01\n"
*running,thread-id="all"
=breakpoint-modified,bkpt={number="5",type="breakpoint",disp="keep",enabled="y",addr="0x00000ba9",thread-groups=["i1"],times="873",script={"silent","if *(unsigned char *)0x0061 != 0","printf \"SAMPLE %u FRAME %u\\n\", $samples, *(unsigned char *)0x0000","x/32bx 0xa470","set $samples = $samples + 1","end","if $samples >= 1024","disable 5","else","continue","end"},original-location="*0x0ba9"}
*stopped
~"SAMPLE 872 FRAME 100\n"
~"0xa470:\t0x01\t0x43\t0xfc\t0x00\t0x10\t0x08\t0x01\t0x01\n"
~"0xa478:\t0x01\t0x76\t0x0c\t0x00\t0x14\t0x12\t0x01\t0x03\n"
~"0xa480:\t0x01\t0x75\t0xc4\t0x00\t0x02\t0x12\t0x01\t0x00\n"
~"0xa488:\t0x01\t0x76\t0x04\t0x00\t0x12\t0x12\t0x01\t0x00\n"
*running,thread-id="all"
=breakpoint-modified,bkpt={number="5",type="breakpoint",disp="keep",enabled="y",addr="0x00000ba9",thread-groups=["i1"],times="874",script={"silent","if *(unsigned char *)0x0061 != 0","printf \"SAMPLE %u FRAME %u\\n\", $samples, *(unsigned char *)0x0000","x/32bx 0xa470","set $samples = $samples + 1","end","if $samples >= 1024","disable 5","else","continue","end"},original-location="*0x0ba9"}
*stopped
~"SAMPLE 873 FRAME 104\n"
~"0xa470:\t0x01\t0x43\t0xfd\t0x01\t0x10\t0x08\t0x01\t0x01\n"
~"0xa478:\t0x01\t0x76\t0x0b\t0x01\t0x14\t0x12\t0x01\t0x03\n"
~"0xa480:\t0x01\t0x74\t0x84\t0x01\t0x02\t0x12\t0x01\t0x00\n"
~"0xa488:\t0x01\t0x74\t0xc4\t0x01\t0x12\t0x12\t0x01\t0x00\n"
*running,thread-id="all"
=breakpoint-modified,bkpt={number="5",type="breakpoint",disp="keep",enabled="y",addr="0x00000ba9",thread-groups=["i1"],times="875",script={"silent","if *(unsigned char *)0x0061 != 0","printf \"SAMPLE %u FRAME %u\\n\", $samples, *(unsigned char *)0x0000","x/32bx 0xa470","set $samples = $samples + 1","end","if $samples >= 1024","disable 5","else","continue","end"},original-location="*0x0ba9"}
*stopped
~"SAMPLE 874 FRAME 108\n"
~"0xa470:\t0x01\t0x43\t0xfe\t0x02\t0x10\t0x08\t0x01\t0x01\n"
~"0xa478:\t0x01\t0x76\t0x0a\t0x02\t0x14\t0x12\t0x01\t0x03\n"
~"0xa480:\t0x01\t0x73\t0x44\t0x02\t0x02\t0x12\t0x01\t0x00\n"
~"0xa488:\t0x01\t0x73\t0x84\t0x02\t0x12\t0x12\t0x01\t0x00\n"
*running,thread-id="all"
=breakpoint-modified,bkpt={number="5",type="breakpoint",disp="keep",enabled="y",addr="0x00000ba9",thread-groups=["i1"],times="876",script={"silent","if *(unsigned char *)0x0061 != 0","printf \"SAMPLE %u FRAME %u\\n\", $samples, *(unsigned char *)0x0000","x/32bx 0xa470","set $samples = $samples + 1","end","if $samples >= 1024","disable 5","else","continue","end"},original-location="*0x0ba9"}
*stopped
~"SAMPLE 875 FRAME 112\n"
~"0xa470:\t0x01\t0x43\t0xff\t0x03\t0x10\t0x08\t0x01\t0x01\n"
~"0xa478:\t0x01\t0x76\t0x09\t0x03\t0x14\t0x12\t0x01\t0x03\n"
~"0xa480:\t0x01\t0x72\t0x04\t0x03\t0x02\t0x12\t0x01\t0x00\n"
~"0xa488:\t0x01\t0x72\t0x44\t0x03\t0x12\t0x12\t0x01\t0x00\n"
*running,thread-id="all"
=breakpoint-modified,bkpt={number="5",type="breakpoint",disp="keep",enabled="y",addr="0x00000ba9",thread-groups=["i1"],times="877",script={"silent","if *(unsigned char *)0x0061 != 0","printf \"SAMPLE %u FRAME %u\\n\", $samples, *(unsigned char *)0x0000","x/32bx 0xa470","set $samples = $samples + 1","end","if $samples >= 1024","disable 5","else","continue","end"},original-location="*0x0ba9"}
*stopped
~"SAMPLE 876 FRAME 116\n"
~"0xa470:\t0x01\t0x44\t0x00\t0x00\t0x11\t0x08\t0x01\t0x01\n"
~"0xa478:\t0x01\t0x76\t0x08\t0x00\t0x13\t0x12\t0x01\t0x03\n"
~"0xa480:\t0x01\t0x70\t0xc4\t0x00\t0x02\t0x11\t0x01\t0x00\n"
~"0xa488:\t0x01\t0x71\t0x04\t0x00\t0x12\t0x11\t0x01\t0x00\n"
*running,thread-id="all"
=breakpoint-modified,bkpt={number="5",type="breakpoint",disp="keep",enabled="y",addr="0x00000ba9",thread-groups=["i1"],times="878",script={"silent","if *(unsigned char *)0x0061 != 0","printf \"SAMPLE %u FRAME %u\\n\", $samples, *(unsigned char *)0x0000","x/32bx 0xa470","set $samples = $samples + 1","end","if $samples >= 1024","disable 5","else","continue","end"},original-location="*0x0ba9"}
*stopped
~"SAMPLE 877 FRAME 120\n"
~"0xa470:\t0x01\t0x44\t0x01\t0x01\t0x11\t0x08\t0x01\t0x01\n"
~"0xa478:\t0x01\t0x76\t0x07\t0x01\t0x13\t0x12\t0x01\t0x03\n"
~"0xa480:\t0x01\t0x6f\t0x84\t0x01\t0x02\t0x11\t0x01\t0x00\n"
~"0xa488:\t0x01\t0x6f\t0xc4\t0x01\t0x12\t0x11\t0x01\t0x00\n"
*running,thread-id="all"
=breakpoint-modified,bkpt={number="5",type="breakpoint",disp="keep",enabled="y",addr="0x00000ba9",thread-groups=["i1"],times="879",script={"silent","if *(unsigned char *)0x0061 != 0","printf \"SAMPLE %u FRAME %u\\n\", $samples, *(unsigned char *)0x0000","x/32bx 0xa470","set $samples = $samples + 1","end","if $samples >= 1024","disable 5","else","continue","end"},original-location="*0x0ba9"}
*stopped
~"SAMPLE 878 FRAME 124\n"
~"0xa470:\t0x01\t0x44\t0x02\t0x02\t0x11\t0x08\t0x01\t0x01\n"
~"0xa478:\t0x01\t0x76\t0x06\t0x02\t0x13\t0x12\t0x01\t0x03\n"
~"0xa480:\t0x01\t0x6e\t0x44\t0x02\t0x02\t0x11\t0x01\t0x00\n"
~"0xa488:\t0x01\t0x6e\t0x84\t0x02\t0x12\t0x11\t0x01\t0x00\n"
*running,thread-id="all"
=breakpoint-modified,bkpt={number="5",type="breakpoint",disp="keep",enabled="y",addr="0x00000ba9",thread-groups=["i1"],times="880",script={"silent","if *(unsigned char *)0x0061 != 0","printf \"SAMPLE %u FRAME %u\\n\", $samples, *(unsigned char *)0x0000","x/32bx 0xa470","set $samples = $samples + 1","end","if $samples >= 1024","disable 5","else","continue","end"},original-location="*0x0ba9"}
*stopped
~"SAMPLE 879 FRAME 128\n"
~"0xa470:\t0x01\t0x44\t0x03\t0x03\t0x11\t0x08\t0x01\t0x01\n"
~"0xa478:\t0x01\t0x76\t0x05\t0x03\t0x13\t0x12\t0x01\t0x03\n"
~"0xa480:\t0x01\t0x6d\t0x04\t0x03\t0x02\t0x11\t0x01\t0x00\n"
~"0xa488:\t0x01\t0x6d\t0x44\t0x03\t0x12\t0x11\t0x01\t0x00\n"
*running,thread-id="all"
=breakpoint-modified,bkpt={number="5",type="breakpoint",disp="keep",enabled="y",addr="0x00000ba9",thread-groups=["i1"],times="881",script={"silent","if *(unsigned char *)0x0061 != 0","printf \"SAMPLE %u FRAME %u\\n\", $samples, *(unsigned char *)0x0000","x/32bx 0xa470","set $samples = $samples + 1","end","if $samples >= 1024","disable 5","else","continue","end"},original-location="*0x0ba9"}
*stopped
~"SAMPLE 880 FRAME 134\n"
~"0xa470:\t0x01\t0x44\t0x04\t0x00\t0x12\t0x08\t0x01\t0x02\n"
~"0xa478:\t0x01\t0x76\t0x04\t0x00\t0x12\t0x12\t0x01\t0x00\n"
~"0xa480:\t0x01\t0x6b\t0xc4\t0x00\t0x02\t0x10\t0x01\t0x00\n"
~"0xa488:\t0x01\t0x6c\t0x04\t0x00\t0x12\t0x10\t0x01\t0x00\n"
*running,thread-id="all"
=breakpoint-modified,bkpt={number="5",type="breakpoint",disp="keep",enabled="y",addr="0x00000ba9",thread-groups=["i1"],times="882",script={"silent","if *(unsigned char *)0x0061 != 0","printf \"SAMPLE %u FRAME %u\\n\", $samples, *(unsigned char *)0x0000","x/32bx 0xa470","set $samples = $samples + 1","end","if $samples >= 1024","disable 5","else","continue","end"},original-location="*0x0ba9"}
*stopped
~"SAMPLE 881 FRAME 138\n"
~"0xa470:\t0x01\t0x45\t0x44\t0x01\t0x12\t0x08\t0x01\t0x02\n"
~"0xa478:\t0x01\t0x74\t0xc4\t0x01\t0x12\t0x12\t0x01\t0x00\n"
~"0xa480:\t0x01\t0x6a\t0x84\t0x01\t0x02\t0x10\t0x01\t0x00\n"
~"0xa488:\t0x01\t0x6a\t0xc4\t0x01\t0x12\t0x10\t0x01\t0x00\n"
*running,thread-id="all"
=breakpoint-modified,bkpt={number="5",type="breakpoint",disp="keep",enabled="y",addr="0x00000ba9",thread-groups=["i1"],times="883",script={"silent","if *(unsigned char *)0x0061 != 0","printf \"SAMPLE %u FRAME %u\\n\", $samples, *(unsigned char *)0x0000","x/32bx 0xa470","set $samples = $samples + 1","end","if $samples >= 1024","disable 5","else","continue","end"},original-location="*0x0ba9"}
*stopped
~"SAMPLE 882 FRAME 142\n"
~"0xa470:\t0x01\t0x46\t0x84\t0x02\t0x12\t0x08\t0x01\t0x02\n"
~"0xa478:\t0x01\t0x73\t0x84\t0x02\t0x12\t0x12\t0x01\t0x00\n"
~"0xa480:\t0x01\t0x69\t0x44\t0x02\t0x02\t0x10\t0x01\t0x00\n"
~"0xa488:\t0x01\t0x69\t0x84\t0x02\t0x12\t0x10\t0x01\t0x00\n"
*running,thread-id="all"
=breakpoint-modified,bkpt={number="5",type="breakpoint",disp="keep",enabled="y",addr="0x00000ba9",thread-groups=["i1"],times="884",script={"silent","if *(unsigned char *)0x0061 != 0","printf \"SAMPLE %u FRAME %u\\n\", $samples, *(unsigned char *)0x0000","x/32bx 0xa470","set $samples = $samples + 1","end","if $samples >= 1024","disable 5","else","continue","end"},original-location="*0x0ba9"}
*stopped
~"SAMPLE 883 FRAME 146\n"
~"0xa470:\t0x01\t0x47\t0xc4\t0x03\t0x12\t0x08\t0x01\t0x02\n"
~"0xa478:\t0x01\t0x72\t0x44\t0x03\t0x12\t0x12\t0x01\t0x00\n"
~"0xa480:\t0x01\t0x68\t0x04\t0x03\t0x02\t0x10\t0x01\t0x00\n"
~"0xa488:\t0x01\t0x68\t0x44\t0x03\t0x12\t0x10\t0x01\t0x00\n"
*running,thread-id="all"
=breakpoint-modified,bkpt={number="5",type="breakpoint",disp="keep",enabled="y",addr="0x00000ba9",thread-groups=["i1"],times="885",script={"silent","if *(unsigned char *)0x0061 != 0","printf \"SAMPLE %u FRAME %u\\n\", $samples, *(unsigned char *)0x0000","x/32bx 0xa470","set $samples = $samples + 1","end","if $samples >= 1024","disable 5","else","continue","end"},original-location="*0x0ba9"}
*stopped
~"SAMPLE 884 FRAME 150\n"
~"0xa470:\t0x01\t0x49\t0x04\t0x00\t0x12\t0x09\t0x01\t0x02\n"
~"0xa478:\t0x01\t0x71\t0x04\t0x00\t0x12\t0x11\t0x01\t0x00\n"
~"0xa480:\t0x01\t0x66\t0xc4\t0x00\t0x02\t0x0f\t0x01\t0x00\n"
~"0xa488:\t0x01\t0x67\t0x04\t0x00\t0x12\t0x0f\t0x01\t0x00\n"
*running,thread-id="all"
=breakpoint-modified,bkpt={number="5",type="breakpoint",disp="keep",enabled="y",addr="0x00000ba9",thread-groups=["i1"],times="886",script={"silent","if *(unsigned char *)0x0061 != 0","printf \"SAMPLE %u FRAME %u\\n\", $samples, *(unsigned char *)0x0000","x/32bx 0xa470","set $samples = $samples + 1","end","if $samples >= 1024","disable 5","else","continue","end"},original-location="*0x0ba9"}
*stopped
~"SAMPLE 885 FRAME 154\n"
~"0xa470:\t0x01\t0x4a\t0x44\t0x01\t0x12\t0x09\t0x01\t0x02\n"
~"0xa478:\t0x01\t0x6f\t0xc4\t0x01\t0x12\t0x11\t0x01\t0x00\n"
~"0xa480:\t0x01\t0x65\t0x84\t0x01\t0x02\t0x0f\t0x01\t0x00\n"
~"0xa488:\t0x01\t0x65\t0xc4\t0x01\t0x12\t0x0f\t0x01\t0x00\n"
*running,thread-id="all"
=breakpoint-modified,bkpt={number="5",type="breakpoint",disp="keep",enabled="y",addr="0x00000ba9",thread-groups=["i1"],times="887",script={"silent","if *(unsigned char *)0x0061 != 0","printf \"SAMPLE %u FRAME %u\\n\", $samples, *(unsigned char *)0x0000","x/32bx 0xa470","set $samples = $samples + 1","end","if $samples >= 1024","disable 5","else","continue","end"},original-location="*0x0ba9"}
*stopped
~"SAMPLE 886 FRAME 158\n"
~"0xa470:\t0x01\t0x4b\t0x84\t0x02\t0x12\t0x09\t0x01\t0x02\n"
~"0xa478:\t0x01\t0x6e\t0x84\t0x02\t0x12\t0x11\t0x01\t0x00\n"
~"0xa480:\t0x01\t0x64\t0x44\t0x02\t0x02\t0x0f\t0x01\t0x00\n"
~"0xa488:\t0x01\t0x64\t0x84\t0x02\t0x12\t0x0f\t0x01\t0x00\n"
*running,thread-id="all"
=breakpoint-modified,bkpt={number="5",type="breakpoint",disp="keep",enabled="y",addr="0x00000ba9",thread-groups=["i1"],times="888",script={"silent","if *(unsigned char *)0x0061 != 0","printf \"SAMPLE %u FRAME %u\\n\", $samples, *(unsigned char *)0x0000","x/32bx 0xa470","set $samples = $samples + 1","end","if $samples >= 1024","disable 5","else","continue","end"},original-location="*0x0ba9"}
*stopped
~"SAMPLE 887 FRAME 162\n"
~"0xa470:\t0x01\t0x4c\t0xc4\t0x03\t0x12\t0x09\t0x01\t0x02\n"
~"0xa478:\t0x01\t0x6d\t0x44\t0x03\t0x12\t0x11\t0x01\t0x00\n"
~"0xa480:\t0x01\t0x63\t0x04\t0x03\t0x02\t0x0f\t0x01\t0x00\n"
~"0xa488:\t0x01\t0x63\t0x44\t0x03\t0x12\t0x0f\t0x01\t0x00\n"
*running,thread-id="all"
=breakpoint-modified,bkpt={number="5",type="breakpoint",disp="keep",enabled="y",addr="0x00000ba9",thread-groups=["i1"],times="889",script={"silent","if *(unsigned char *)0x0061 != 0","printf \"SAMPLE %u FRAME %u\\n\", $samples, *(unsigned char *)0x0000","x/32bx 0xa470","set $samples = $samples + 1","end","if $samples >= 1024","disable 5","else","continue","end"},original-location="*0x0ba9"}
*stopped
~"SAMPLE 888 FRAME 166\n"
~"0xa470:\t0x01\t0x4e\t0x04\t0x00\t0x12\t0x0a\t0x01\t0x01\n"
~"0xa478:\t0x01\t0x6c\t0x04\t0x00\t0x12\t0x10\t0x01\t0x00\n"
~"0xa480:\t0x01\t0x61\t0xc4\t0x00\t0x02\t0x0e\t0x01\t0x00\n"
~"0xa488:\t0x01\t0x62\t0x04\t0x00\t0x12\t0x0e\t0x01\t0x00\n"
*running,thread-id="all"
=breakpoint-modified,bkpt={number="5",type="breakpoint",disp="keep",enabled="y",addr="0x00000ba9",thread-groups=["i1"],times="890",script={"silent","if *(unsigned char *)0x0061 != 0","printf \"SAMPLE %u FRAME %u\\n\", $samples, *(unsigned char *)0x0000","x/32bx 0xa470","set $samples = $samples + 1","end","if $samples >= 1024","disable 5","else","continue","end"},original-location="*0x0ba9"}
*stopped
~"SAMPLE 889 FRAME 170\n"
~"0xa470:\t0x01\t0x4e\t0x05\t0x01\t0x12\t0x0a\t0x01\t0x01\n"
~"0xa478:\t0x01\t0x6a\t0xc4\t0x01\t0x12\t0x10\t0x01\t0x00\n"
~"0xa480:\t0x01\t0x60\t0x84\t0x01\t0x02\t0x0e\t0x01\t0x00\n"
~"0xa488:\t0x01\t0x60\t0xc4\t0x01\t0x12\t0x0e\t0x01\t0x00\n"
*running,thread-id="all"
=breakpoint-modified,bkpt={number="5",type="breakpoint",disp="keep",enabled="y",addr="0x00000ba9",thread-groups=["i1"],times="891",script={"silent","if *(unsigned char *)0x0061 != 0","printf \"SAMPLE %u FRAME %u\\n\", $samples, *(unsigned char *)0x0000","x/32bx 0xa470","set $samples = $samples + 1","end","if $samples >= 1024","disable 5","else","continue","end"},original-location="*0x0ba9"}
*stopped
~"SAMPLE 890 FRAME 174\n"
~"0xa470:\t0x01\t0x4e\t0x06\t0x02\t0x12\t0x0a\t0x01\t0x01\n"
~"0xa478:\t0x01\t0x69\t0x84\t0x02\t0x12\t0x10\t0x01\t0x00\n"
~"0xa480:\t0x01\t0x5f\t0x44\t0x02\t0x02\t0x0e\t0x01\t0x00\n"
~"0xa488:\t0x01\t0x5f\t0x84\t0x02\t0x12\t0x0e\t0x01\t0x00\n"
*running,thread-id="all"
=breakpoint-modified,bkpt={number="5",type="breakpoint",disp="keep",enabled="y",addr="0x00000ba9",thread-groups=["i1"],times="892",script={"silent","if *(unsigned char *)0x0061 != 0","printf \"SAMPLE %u FRAME %u\\n\", $samples, *(unsigned char *)0x0000","x/32bx 0xa470","set $samples = $samples + 1","end","if $samples >= 1024","disable 5","else","continue","end"},original-location="*0x0ba9"}
*stopped
~"SAMPLE 891 FRAME 178\n"
~"0xa470:\t0x01\t0x4e\t0x07\t0x03\t0x12\t0x0a\t0x01\t0x01\n"
~"0xa478:\t0x01\t0x68\t0x44\t0x03\t0x12\t0x10\t0x01\t0x00\n"
~"0xa480:\t0x01\t0x5e\t0x04\t0x03\t0x02\t0x0e\t0x01\t0x00\n"
~"0xa488:\t0x01\t0x5e\t0x44\t0x03\t0x12\t0x0e\t0x01\t0x00\n"
*running,thread-id="all"
=breakpoint-modified,bkpt={number="5",type="breakpoint",disp="keep",enabled="y",addr="0x00000ba9",thread-groups=["i1"],times="893",script={"silent","if *(unsigned char *)0x0061 != 0","printf \"SAMPLE %u FRAME %u\\n\", $samples, *(unsigned char *)0x0000","x/32bx 0xa470","set $samples = $samples + 1","end","if $samples >= 1024","disable 5","else","continue","end"},original-location="*0x0ba9"}
*stopped
~"SAMPLE 892 FRAME 184\n"
~"0xa470:\t0x01\t0x4e\t0x08\t0x00\t0x13\t0x0a\t0x01\t0x01\n"
~"0xa478:\t0x01\t0x67\t0x04\t0x00\t0x12\t0x0f\t0x01\t0x00\n"
~"0xa480:\t0x01\t0x5c\t0xc4\t0x00\t0x02\t0x0d\t0x01\t0x00\n"
~"0xa488:\t0x01\t0x5d\t0x04\t0x00\t0x12\t0x0d\t0x01\t0x00\n"
*running,thread-id="all"
=breakpoint-modified,bkpt={number="5",type="breakpoint",disp="keep",enabled="y",addr="0x00000ba9",thread-groups=["i1"],times="894",script={"silent","if *(unsigned char *)0x0061 != 0","printf \"SAMPLE %u FRAME %u\\n\", $samples, *(unsigned char *)0x0000","x/32bx 0xa470","set $samples = $samples + 1","end","if $samples >= 1024","disable 5","else","continue","end"},original-location="*0x0ba9"}
*stopped
~"SAMPLE 893 FRAME 188\n"
~"0xa470:\t0x01\t0x4e\t0x09\t0x01\t0x13\t0x0a\t0x01\t0x01\n"
~"0xa478:\t0x01\t0x65\t0xc4\t0x01\t0x12\t0x0f\t0x01\t0x00\n"
~"0xa480:\t0x01\t0x5b\t0x84\t0x01\t0x02\t0x0d\t0x01\t0x00\n"
~"0xa488:\t0x01\t0x5b\t0xc4\t0x01\t0x12\t0x0d\t0x01\t0x00\n"
*running,thread-id="all"
=breakpoint-modified,bkpt={number="5",type="breakpoint",disp="keep",enabled="y",addr="0x00000ba9",thread-groups=["i1"],times="895",script={"silent","if *(unsigned char *)0x0061 != 0","printf \"SAMPLE %u FRAME %u\\n\", $samples, *(unsigned char *)0x0000","x/32bx 0xa470","set $samples = $samples + 1","end","if $samples >= 1024","disable 5","else","continue","end"},original-location="*0x0ba9"}
*stopped
~"SAMPLE 894 FRAME 192\n"
~"0xa470:\t0x01\t0x4e\t0x0a\t0x02\t0x13\t0x0a\t0x01\t0x01\n"
~"0xa478:\t0x01\t0x64\t0x84\t0x02\t0x12\t0x0f\t0x01\t0x00\n"
~"0xa480:\t0x01\t0x5a\t0x44\t0x02\t0x02\t0x0d\t0x01\t0x00\n"
~"0xa488:\t0x01\t0x5a\t0x84\t0x02\t0x12\t0x0d\t0x01\t0x00\n"
*running,thread-id="all"
=breakpoint-modified,bkpt={number="5",type="breakpoint",disp="keep",enabled="y",addr="0x00000ba9",thread-groups=["i1"],times="896",script={"silent","if *(unsigned char *)0x0061 != 0","printf \"SAMPLE %u FRAME %u\\n\", $samples, *(unsigned char *)0x0000","x/32bx 0xa470","set $samples = $samples + 1","end","if $samples >= 1024","disable 5","else","continue","end"},original-location="*0x0ba9"}
*stopped
~"SAMPLE 895 FRAME 196\n"
~"0xa470:\t0x01\t0x4e\t0x0b\t0x03\t0x13\t0x0a\t0x01\t0x01\n"
~"0xa478:\t0x01\t0x63\t0x44\t0x03\t0x12\t0x0f\t0x01\t0x00\n"
~"0xa480:\t0x01\t0x59\t0x04\t0x03\t0x02\t0x0d\t0x01\t0x00\n"
~"0xa488:\t0x01\t0x59\t0x44\t0x03\t0x12\t0x0d\t0x01\t0x00\n"
*running,thread-id="all"
=breakpoint-modified,bkpt={number="5",type="breakpoint",disp="keep",enabled="y",addr="0x00000ba9",thread-groups=["i1"],times="897",script={"silent","if *(unsigned char *)0x0061 != 0","printf \"SAMPLE %u FRAME %u\\n\", $samples, *(unsigned char *)0x0000","x/32bx 0xa470","set $samples = $samples + 1","end","if $samples >= 1024","disable 5","else","continue","end"},original-location="*0x0ba9"}
*stopped
~"SAMPLE 896 FRAME 200\n"
~"0xa470:\t0x01\t0x4e\t0x0c\t0x00\t0x14\t0x0a\t0x01\t0x01\n"
~"0xa478:\t0x01\t0x62\t0x04\t0x00\t0x12\t0x0e\t0x01\t0x00\n"
~"0xa480:\t0x01\t0x57\t0xc4\t0x00\t0x02\t0x0c\t0x01\t0x00\n"
~"0xa488:\t0x01\t0x58\t0x04\t0x00\t0x12\t0x0c\t0x01\t0x00\n"
*running,thread-id="all"
=breakpoint-modified,bkpt={number="5",type="breakpoint",disp="keep",enabled="y",addr="0x00000ba9",thread-groups=["i1"],times="898",script={"silent","if *(unsigned char *)0x0061 != 0","printf \"SAMPLE %u FRAME %u\\n\", $samples, *(unsigned char *)0x0000","x/32bx 0xa470","set $samples = $samples + 1","end","if $samples >= 1024","disable 5","else","continue","end"},original-location="*0x0ba9"}
*stopped
~"SAMPLE 897 FRAME 204\n"
~"0xa470:\t0x01\t0x4e\t0x0d\t0x01\t0x14\t0x0a\t0x01\t0x01\n"
~"0xa478:\t0x01\t0x60\t0xc4\t0x01\t0x12\t0x0e\t0x01\t0x00\n"
~"0xa480:\t0x01\t0x56\t0x84\t0x01\t0x02\t0x0c\t0x01\t0x00\n"
~"0xa488:\t0x01\t0x56\t0xc4\t0x01\t0x12\t0x0c\t0x01\t0x00\n"
*running,thread-id="all"
=breakpoint-modified,bkpt={number="5",type="breakpoint",disp="keep",enabled="y",addr="0x00000ba9",thread-groups=["i1"],times="899",script={"silent","if *(unsigned char *)0x0061 != 0","printf \"SAMPLE %u FRAME %u\\n\", $samples, *(unsigned char *)0x0000","x/32bx 0xa470","set $samples = $samples + 1","end","if $samples >= 1024","disable 5","else","continue","end"},original-location="*0x0ba9"}
*stopped
~"SAMPLE 898 FRAME 208\n"
~"0xa470:\t0x01\t0x4e\t0x0e\t0x02\t0x14\t0x0a\t0x01\t0x01\n"
~"0xa478:\t0x01\t0x5f\t0x84\t0x02\t0x12\t0x0e\t0x01\t0x00\n"
~"0xa480:\t0x01\t0x55\t0x44\t0x02\t0x02\t0x0c\t0x01\t0x00\n"
~"0xa488:\t0x01\t0x55\t0x84\t0x02\t0x12\t0x0c\t0x01\t0x00\n"
*running,thread-id="all"
=breakpoint-modified,bkpt={number="5",type="breakpoint",disp="keep",enabled="y",addr="0x00000ba9",thread-groups=["i1"],times="900",script={"silent","if *(unsigned char *)0x0061 != 0","printf \"SAMPLE %u FRAME %u\\n\", $samples, *(unsigned char *)0x0000","x/32bx 0xa470","set $samples = $samples + 1","end","if $samples >= 1024","disable 5","else","continue","end"},original-location="*0x0ba9"}
*stopped
~"SAMPLE 899 FRAME 212\n"
~"0xa470:\t0x01\t0x4e\t0x0f\t0x03\t0x14\t0x0a\t0x01\t0x01\n"
~"0xa478:\t0x01\t0x5e\t0x44\t0x03\t0x12\t0x0e\t0x01\t0x00\n"
~"0xa480:\t0x01\t0x54\t0x04\t0x03\t0x02\t0x0c\t0x01\t0x00\n"
~"0xa488:\t0x01\t0x54\t0x44\t0x03\t0x12\t0x0c\t0x01\t0x00\n"
*running,thread-id="all"
=breakpoint-modified,bkpt={number="5",type="breakpoint",disp="keep",enabled="y",addr="0x00000ba9",thread-groups=["i1"],times="901",script={"silent","if *(unsigned char *)0x0061 != 0","printf \"SAMPLE %u FRAME %u\\n\", $samples, *(unsigned char *)0x0000","x/32bx 0xa470","set $samples = $samples + 1","end","if $samples >= 1024","disable 5","else","continue","end"},original-location="*0x0ba9"}
*stopped
~"SAMPLE 900 FRAME 216\n"
~"0xa470:\t0x01\t0x4e\t0x10\t0x00\t0x15\t0x0a\t0x01\t0x01\n"
~"0xa478:\t0x01\t0x5d\t0x04\t0x00\t0x12\t0x0d\t0x01\t0x00\n"
~"0xa480:\t0x01\t0x52\t0xc4\t0x00\t0x02\t0x0b\t0x01\t0x00\n"
~"0xa488:\t0x01\t0x53\t0x04\t0x00\t0x12\t0x0b\t0x01\t0x00\n"
*running,thread-id="all"
=breakpoint-modified,bkpt={number="5",type="breakpoint",disp="keep",enabled="y",addr="0x00000ba9",thread-groups=["i1"],times="902",script={"silent","if *(unsigned char *)0x0061 != 0","printf \"SAMPLE %u FRAME %u\\n\", $samples, *(unsigned char *)0x0000","x/32bx 0xa470","set $samples = $samples + 1","end","if $samples >= 1024","disable 5","else","continue","end"},original-location="*0x0ba9"}
*stopped
~"SAMPLE 901 FRAME 220\n"
~"0xa470:\t0x01\t0x4e\t0x11\t0x01\t0x15\t0x0a\t0x01\t0x01\n"
~"0xa478:\t0x01\t0x5b\t0xc4\t0x01\t0x12\t0x0d\t0x01\t0x00\n"
~"0xa480:\t0x01\t0x51\t0x84\t0x01\t0x02\t0x0b\t0x01\t0x00\n"
~"0xa488:\t0x01\t0x51\t0xc4\t0x01\t0x12\t0x0b\t0x01\t0x00\n"
*running,thread-id="all"
=breakpoint-modified,bkpt={number="5",type="breakpoint",disp="keep",enabled="y",addr="0x00000ba9",thread-groups=["i1"],times="903",script={"silent","if *(unsigned char *)0x0061 != 0","printf \"SAMPLE %u FRAME %u\\n\", $samples, *(unsigned char *)0x0000","x/32bx 0xa470","set $samples = $samples + 1","end","if $samples >= 1024","disable 5","else","continue","end"},original-location="*0x0ba9"}
*stopped
~"SAMPLE 902 FRAME 224\n"
~"0xa470:\t0x01\t0x4e\t0x12\t0x02\t0x15\t0x0a\t0x01\t0x01\n"
~"0xa478:\t0x01\t0x5a\t0x84\t0x02\t0x12\t0x0d\t0x01\t0x00\n"
~"0xa480:\t0x01\t0x50\t0x44\t0x02\t0x02\t0x0b\t0x01\t0x00\n"
~"0xa488:\t0x01\t0x50\t0x84\t0x02\t0x12\t0x0b\t0x01\t0x00\n"
*running,thread-id="all"
=breakpoint-modified,bkpt={number="5",type="breakpoint",disp="keep",enabled="y",addr="0x00000ba9",thread-groups=["i1"],times="904",script={"silent","if *(unsigned char *)0x0061 != 0","printf \"SAMPLE %u FRAME %u\\n\", $samples, *(unsigned char *)0x0000","x/32bx 0xa470","set $samples = $samples + 1","end","if $samples >= 1024","disable 5","else","continue","end"},original-location="*0x0ba9"}
*stopped
~"SAMPLE 903 FRAME 228\n"
~"0xa470:\t0x01\t0x4e\t0x13\t0x03\t0x15\t0x0a\t0x01\t0x01\n"
~"0xa478:\t0x01\t0x59\t0x44\t0x03\t0x12\t0x0d\t0x01\t0x00\n"
~"0xa480:\t0x01\t0x4f\t0x04\t0x03\t0x02\t0x0b\t0x01\t0x00\n"
~"0xa488:\t0x01\t0x4f\t0x44\t0x03\t0x12\t0x0b\t0x01\t0x00\n"
*running,thread-id="all"
=breakpoint-modified,bkpt={number="5",type="breakpoint",disp="keep",enabled="y",addr="0x00000ba9",thread-groups=["i1"],times="905",script={"silent","if *(unsigned char *)0x0061 != 0","printf \"SAMPLE %u FRAME %u\\n\", $samples, *(unsigned char *)0x0000","x/32bx 0xa470","set $samples = $samples + 1","end","if $samples >= 1024","disable 5","else","continue","end"},original-location="*0x0ba9"}
*stopped
~"SAMPLE 904 FRAME 234\n"
~"0xa470:\t0x01\t0x4e\t0x14\t0x00\t0x16\t0x0a\t0x01\t0x00\n"
~"0xa478:\t0x01\t0x58\t0x04\t0x00\t0x12\t0x0c\t0x01\t0x00\n"
~"0xa480:\t0x01\t0x4d\t0xc4\t0x00\t0x02\t0x0a\t0x01\t0x01\n"
~"0xa488:\t0x01\t0x4e\t0x04\t0x00\t0x12\t0x0a\t0x01\t0x00\n"
*running,thread-id="all"
=breakpoint-modified,bkpt={number="5",type="breakpoint",disp="keep",enabled="y",addr="0x00000ba9",thread-groups=["i1"],times="906",script={"silent","if *(unsigned char *)0x0061 != 0","printf \"SAMPLE %u FRAME %u\\n\", $samples, *(unsigned char *)0x0000","x/32bx 0xa470","set $samples = $samples + 1","end","if $samples >= 1024","disable 5","else","continue","end"},original-location="*0x0ba9"}
*stopped
~"SAMPLE 905 FRAME 238\n"
~"0xa470:\t0x01\t0x4c\t0xd4\t0x01\t0x16\t0x0a\t0x01\t0x00\n"
~"0xa478:\t0x01\t0x56\t0xc4\t0x01\t0x12\t0x0c\t0x01\t0x00\n"
~"0xa480:\t0x01\t0x4d\t0xc5\t0x01\t0x02\t0x0a\t0x01\t0x01\n"
~"0xa488:\t0x01\t0x4c\t0xc4\t0x01\t0x12\t0x0a\t0x01\t0x00\n"
*running,thread-id="all"
=breakpoint-modified,bkpt={number="5",type="breakpoint",disp="keep",enabled="y",addr="0x00000ba9",thread-groups=["i1"],times="907",script={"silent","if *(unsigned char *)0x0061 != 0","printf \"SAMPLE %u FRAME %u\\n\", $samples, *(unsigned char *)0x0000","x/32bx 0xa470","set $samples = $samples + 1","end","if $samples >= 1024","disable 5","else","continue","end"},original-location="*0x0ba9"}
*stopped
~"SAMPLE 906 FRAME 242\n"
~"0xa470:\t0x01\t0x4b\t0x94\t0x02\t0x16\t0x0a\t0x01\t0x00\n"
~"0xa478:\t0x01\t0x55\t0x84\t0x02\t0x12\t0x0c\t0x01\t0x00\n"
~"0xa480:\t0x01\t0x4d\t0xc6\t0x02\t0x02\t0x0a\t0x01\t0x01\n"
~"0xa488:\t0x01\t0x4b\t0x84\t0x02\t0x12\t0x0a\t0x01\t0x00\n"
*running,thread-id="all"
=breakpoint-modified,bkpt={number="5",type="breakpoint",disp="keep",enabled="y",addr="0x00000ba9",thread-groups=["i1"],times="908",script={"silent","if *(unsigned char *)0x0061 != 0","printf \"SAMPLE %u FRAME %u\\n\", $samples, *(unsigned char *)0x0000","x/32bx 0xa470","set $samples = $samples + 1","end","if $samples >= 1024","disable 5","else","continue","end"},original-location="*0x0ba9"}
*stopped
~"SAMPLE 907 FRAME 246\n"
~"0xa470:\t0x01\t0x4a\t0x54\t0x03\t0x16\t0x0a\t0x01\t0x00\n"
~"0xa478:\t0x01\t0x54\t0x44\t0x03\t0x12\t0x0c\t0x01\t0x00\n"
~"0xa480:\t0x01\t0x4d\t0xc7\t0x03\t0x02\t0x0a\t0x01\t0x01\n"
~"0xa488:\t0x01\t0x4a\t0x44\t0x03\t0x12\t0x0a\t0x01\t0x00\n"
*running,thread-id="all"
=breakpoint-modified,bkpt={number="5",type="breakpoint",disp="keep",enabled="y",addr="0x00000ba9",thread-groups=["i1"],times="909",script={"silent","if *(unsigned char *)0x0061 != 0","printf \"SAMPLE %u FRAME %u\\n\", $samples, *(unsigned char *)0x0000","x/32bx 0xa470","set $samples = $samples + 1","end","if $samples >= 1024","disable 5","else","continue","end"},original-location="*0x0ba9"}
*stopped
~"SAMPLE 908 FRAME 250\n"
~"0xa470:\t0x01\t0x49\t0x14\t0x00\t0x16\t0x09\t0x01\t0x00\n"
~"0xa478:\t0x01\t0x53\t0x04\t0x00\t0x12\t0x0b\t0x01\t0x00\n"
~"0xa480:\t0x01\t0x4d\t0xc8\t0x00\t0x03\t0x0a\t0x01\t0x01\n"
~"0xa488:\t0x01\t0x49\t0x04\t0x00\t0x12\t0x09\t0x01\t0x00\n"
*running,thread-id="all"
=breakpoint-modified,bkpt={number="5",type="breakpoint",disp="keep",enabled="y",addr="0x00000ba9",thread-groups=["i1"],times="910",script={"silent","if *(unsigned char *)0x0061 != 0","printf \"SAMPLE %u FRAME %u\\n\", $samples, *(unsigned char *)0x0000","x/32bx 0xa470","set $samples = $samples + 1","end","if $samples >= 1024","disable 5","else","continue","end"},original-location="*0x0ba9"}
*stopped
~"SAMPLE 909 FRAME 254\n"
~"0xa470:\t0x01\t0x47\t0xd4\t0x01\t0x16\t0x09\t0x01\t0x00\n"
~"0xa478:\t0x01\t0x51\t0xc4\t0x01\t0x12\t0x0b\t0x01\t0x00\n"
~"0xa480:\t0x01\t0x4d\t0xc9\t0x01\t0x03\t0x0a\t0x01\t0x01\n"
~"0xa488:\t0x01\t0x47\t0xc4\t0x01\t0x12\t0x09\t0x01\t0x00\n"
*running,thread-id="all"
=breakpoint-modified,bkpt={number="5",type="breakpoint",disp="keep",enabled="y",addr="0x00000ba9",thread-groups=["i1"],times="911",script={"silent","if *(unsigned char *)0x0061 != 0","printf \"SAMPLE %u FRAME %u\\n\", $samples, *(unsigned char *)0x0000","x/32bx 0xa470","set $samples = $samples + 1","end","if $samples >= 1024","disable 5","else","continue","end"},original-location="*0x0ba9"}
*stopped
~"SAMPLE 910 FRAME 2\n"
~"0xa470:\t0x01\t0x46\t0x94\t0x02\t0x16\t0x09\t0x01\t0x00\n"
~"0xa478:\t0x01\t0x50\t0x84\t0x02\t0x12\t0x0b\t0x01\t0x00\n"
~"0xa480:\t0x01\t0x4d\t0xca\t0x02\t0x03\t0x0a\t0x01\t0x01\n"
~"0xa488:\t0x01\t0x46\t0x84\t0x02\t0x12\t0x09\t0x01\t0x00\n"
*running,thread-id="all"
=breakpoint-modified,bkpt={number="5",type="breakpoint",disp="keep",enabled="y",addr="0x00000ba9",thread-groups=["i1"],times="912",script={"silent","if *(unsigned char *)0x0061 != 0","printf \"SAMPLE %u FRAME %u\\n\", $samples, *(unsigned char *)0x0000","x/32bx 0xa470","set $samples = $samples + 1","end","if $samples >= 1024","disable 5","else","continue","end"},original-location="*0x0ba9"}
*stopped
~"SAMPLE 911 FRAME 6\n"
~"0xa470:\t0x01\t0x45\t0x54\t0x03\t0x16\t0x09\t0x01\t0x00\n"
~"0xa478:\t0x01\t0x4f\t0x44\t0x03\t0x12\t0x0b\t0x01\t0x00\n"
~"0xa480:\t0x01\t0x4d\t0xcb\t0x03\t0x03\t0x0a\t0x01\t0x01\n"
~"0xa488:\t0x01\t0x45\t0x44\t0x03\t0x12\t0x09\t0x01\t0x00\n"
*running,thread-id="all"
=breakpoint-modified,bkpt={number="5",type="breakpoint",disp="keep",enabled="y",addr="0x00000ba9",thread-groups=["i1"],times="913",script={"silent","if *(unsigned char *)0x0061 != 0","printf \"SAMPLE %u FRAME %u\\n\", $samples, *(unsigned char *)0x0000","x/32bx 0xa470","set $samples = $samples + 1","end","if $samples >= 1024","disable 5","else","continue","end"},original-location="*0x0ba9"}
*stopped
~"SAMPLE 912 FRAME 10\n"
~"0xa470:\t0x01\t0x44\t0x14\t0x00\t0x16\t0x08\t0x01\t0x00\n"
~"0xa478:\t0x01\t0x4e\t0x04\t0x00\t0x12\t0x0a\t0x01\t0x01\n"
~"0xa480:\t0x01\t0x4d\t0xcc\t0x00\t0x04\t0x0a\t0x01\t0x01\n"
~"0xa488:\t0x01\t0x44\t0x04\t0x00\t0x12\t0x08\t0x01\t0x03\n"
*running,thread-id="all"
=breakpoint-modified,bkpt={number="5",type="breakpoint",disp="keep",enabled="y",addr="0x00000ba9",thread-groups=["i1"],times="914",script={"silent","if *(unsigned char *)0x0061 != 0","printf \"SAMPLE %u FRAME %u\\n\", $samples, *(unsigned char *)0x0000","x/32bx 0xa470","set $samples = $samples + 1","end","if $samples >= 1024","disable 5","else","continue","end"},original-location="*0x0ba9"}
*stopped
~"SAMPLE 913 FRAME 14\n"
~"0xa470:\t0x01\t0x42\t0xd4\t0x01\t0x16\t0x08\t0x01\t0x00\n"
~"0xa478:\t0x01\t0x4e\t0x05\t0x01\t0x12\t0x0a\t0x01\t0x01\n"
~"0xa480:\t0x01\t0x4d\t0xcd\t0x01\t0x04\t0x0a\t0x01\t0x01\n"
~"0xa488:\t0x01\t0x44\t0x03\t0x01\t0x12\t0x08\t0x01\t0x03\n"
*running,thread-id="all"
=breakpoint-modified,bkpt={number="5",type="breakpoint",disp="keep",enabled="y",addr="0x00000ba9",thread-groups=["i1"],times="915",script={"silent","if *(unsigned char *)0x0061 != 0","printf \"SAMPLE %u FRAME %u\\n\", $samples, *(unsigned char *)0x0000","x/32bx 0xa470","set $samples = $samples + 1","end","if $samples >= 1024","disable 5","else","continue","end"},original-location="*0x0ba9"}
*stopped
~"SAMPLE 914 FRAME 18\n"
~"0xa470:\t0x01\t0x41\t0x94\t0x02\t0x16\t0x08\t0x01\t0x00\n"
~"0xa478:\t0x01\t0x4e\t0x06\t0x02\t0x12\t0x0a\t0x01\t0x01\n"
~"0xa480:\t0x01\t0x4d\t0xce\t0x02\t0x04\t0x0a\t0x01\t0x01\n"
~"0xa488:\t0x01\t0x44\t0x02\t0x02\t0x12\t0x08\t0x01\t0x03\n"
*running,thread-id="all"
=breakpoint-modified,bkpt={number="5",type="breakpoint",disp="keep",enabled="y",addr="0x00000ba9",thread-groups=["i1"],times="916",script={"silent","if *(unsigned char *)0x0061 != 0","printf \"SAMPLE %u FRAME %u\\n\", $samples, *(unsigned char *)0x0000","x/32bx 0xa470","set $samples = $samples + 1","end","if $samples >= 1024","disable 5","else","continue","end"},original-location="*0x0ba9"}
*stopped
~"SAMPLE 915 FRAME 22\n"
~"0xa470:\t0x01\t0x40\t0x54\t0x03\t0x16\t0x08\t0x01\t0x00\n"
~"0xa478:\t0x01\t0x4e\t0x07\t0x03\t0x12\t0x0a\t0x01\t0x01\n"
~"0xa480:\t0x01\t0x4d\t0xcf\t0x03\t0x04\t0x0a\t0x01\t0x01\n"
~"0xa488:\t0x01\t0x44\t0x01\t0x03\t0x12\t0x08\t0x01\t0x03\n"
*running,thread-id="all"
=breakpoint-modified,bkpt={number="5",type="breakpoint",disp="keep",enabled="y",addr="0x00000ba9",thread-groups=["i1"],times="917",script={"silent","if *(unsigned char *)0x0061 != 0","printf \"SAMPLE %u FRAME %u\\n\", $samples, *(unsigned char *)0x0000","x/32bx 0xa470","set $samples = $samples + 1","end","if $samples >= 1024","disable 5","else","continue","end"},original-location="*0x0ba9"}
*stopped
~"SAMPLE 916 FRAME 28\n"
~"0xa470:\t0x01\t0x3f\t0x14\t0x00\t0x16\t0x07\t0x01\t0x00\n"
~"0xa478:\t0x01\t0x4e\t0x08\t0x00\t0x13\t0x0a\t0x01\t0x01\n"
~"0xa480:\t0x01\t0x4d\t0xd0\t0x00\t0x05\t0x0a\t0x01\t0x01\n"
~"0xa488:\t0x01\t0x44\t0x00\t0x00\t0x11\t0x08\t0x01\t0x03\n"
*running,thread-id="all"
=breakpoint-modified,bkpt={number="5",type="breakpoint",disp="keep",enabled="y",addr="0x00000ba9",thread-groups=["i1"],times="918",script={"silent","if *(unsigned char *)0x0061 != 0","printf \"SAMPLE %u FRAME %u\\n\", $samples, *(unsigned char *)0x0000","x/32bx 0xa470","set $samples = $samples + 1","end","if $samples >= 1024","disable 5","else","continue","end"},original-location="*0x0ba9"}
*stopped
~"SAMPLE 917 FRAME 32\n"
~"0xa470:\t0x01\t0x3d\t0xd4\t0x01\t0x16\t0x07\t0x01\t0x00\n"
~"0xa478:\t0x01\t0x4e\t0x09\t0x01\t0x13\t0x0a\t0x01\t0x01\n"
~"0xa480:\t0x01\t0x4d\t0xd1\t0x01\t0x05\t0x0a\t0x01\t0x01\n"
~"0xa488:\t0x01\t0x43\t0xff\t0x01\t0x11\t0x08\t0x01\t0x03\n"
*running,thread-id="all"
=breakpoint-modified,bkpt={number="5",type="breakpoint",disp="keep",enabled="y",addr="0x00000ba9",thread-groups=["i1"],times="919",script={"silent","if *(unsigned char *)0x0061 != 0","printf \"SAMPLE %u FRAME %u\\n\", $samples, *(unsigned char *)0x0000","x/32bx 0xa470","set $samples = $samples + 1","end","if $samples >= 1024","disable 5","else","continue","end"},original-location="*0x0ba9"}
*stopped
~"SAMPLE 918 FRAME 36\n"
~"0xa470:\t0x01\t0x3c\t0x94\t0x02\t0x16\t0x07\t0x01\t0x00\n"
~"0xa478:\t0x01\t0x4e\t0x0a\t0x02\t0x13\t0x0a\t0x01\t0x01\n"
~"0xa480:\t0x01\t0x4d\t0xd2\t0x02\t0x05\t0x0a\t0x01\t0x01\n"
~"0xa488:\t0x01\t0x43\t0xfe\t0x02\t0x11\t0x08\t0x01\t0x03\n"
*running,thread-id="all"
=breakpoint-modified,bkpt={number="5",type="breakpoint",disp="keep",enabled="y",addr="0x00000ba9",thread-groups=["i1"],times="920",script={"silent","if *(unsigned char *)0x0061 != 0","printf \"SAMPLE %u FRAME %u\\n\", $samples, *(unsigned char *)0x0000","x/32bx 0xa470","set $samples = $samples + 1","end","if $samples >= 1024","disable 5","else","continue","end"},original-location="*0x0ba9"}
*stopped
~"SAMPLE 919 FRAME 40\n"
~"0xa470:\t0x01\t0x3b\t0x54\t0x03\t0x16\t0x07\t0x01\t0x00\n"
~"0xa478:\t0x01\t0x4e\t0x0b\t0x03\t0x13\t0x0a\t0x01\t0x01\n"
~"0xa480:\t0x01\t0x4d\t0xd3\t0x03\t0x05\t0x0a\t0x01\t0x01\n"
~"0xa488:\t0x01\t0x43\t0xfd\t0x03\t0x11\t0x08\t0x01\t0x03\n"
*running,thread-id="all"
=breakpoint-modified,bkpt={number="5",type="breakpoint",disp="keep",enabled="y",addr="0x00000ba9",thread-groups=["i1"],times="921",script={"silent","if *(unsigned char *)0x0061 != 0","printf \"SAMPLE %u FRAME %u\\n\", $samples, *(unsigned char *)0x0000","x/32bx 0xa470","set $samples = $samples + 1","end","if $samples >= 1024","disable 5","else","continue","end"},original-location="*0x0ba9"}
*stopped
~"SAMPLE 920 FRAME 44\n"
~"0xa470:\t0x01\t0x3a\t0x14\t0x00\t0x16\t0x06\t0x01\t0x00\n"
~"0xa478:\t0x01\t0x4e\t0x0c\t0x00\t0x14\t0x0a\t0x01\t0x01\n"
~"0xa480:\t0x01\t0x4d\t0xd4\t0x00\t0x06\t0x0a\t0x01\t0x00\n"
~"0xa488:\t0x01\t0x43\t0xfc\t0x00\t0x10\t0x08\t0x01\t0x03\n"
*running,thread-id="all"
=breakpoint-modified,bkpt={number="5",type="breakpoint",disp="keep",enabled="y",addr="0x00000ba9",thread-groups=["i1"],times="922",script={"silent","if *(unsigned char *)0x0061 != 0","printf \"SAMPLE %u FRAME %u\\n\", $samples, *(unsigned char *)0x0000","x/32bx 0xa470","set $samples = $samples + 1","end","if $samples >= 1024","disable 5","else","continue","end"},original-location="*0x0ba9"}
*stopped
~"SAMPLE 921 FRAME 48\n"
~"0xa470:\t0x01\t0x38\t0xd4\t0x01\t0x16\t0x06\t0x01\t0x00\n"
~"0xa478:\t0x01\t0x4e\t0x0d\t0x01\t0x14\t0x0a\t0x01\t0x01\n"
~"0xa480:\t0x01\t0x4c\t0x94\t0x01\t0x06\t0x0a\t0x01\t0x00\n"
~"0xa488:\t0x01\t0x43\t0xfb\t0x01\t0x10\t0x08\t0x01\t0x03\n"
*running,thread-id="all"
=breakpoint-modified,bkpt={number="5",type="breakpoint",disp="keep",enabled="y",addr="0x00000ba9",thread-groups=["i1"],times="923",script={"silent","if *(unsigned char *)0x0061 != 0","printf \"SAMPLE %u FRAME %u\\n\", $samples, *(unsigned char *)0x0000","x/32bx 0xa470","set $samples = $samples + 1","end","if $samples >= 1024","disable 5","else","continue","end"},original-location="*0x0ba9"}
*stopped
~"SAMPLE 922 FRAME 52\n"
~"0xa470:\t0x01\t0x37\t0x94\t0x02\t0x16\t0x06\t0x01\t0x00\n"
~"0xa478:\t0x01\t0x4e\t0x0e\t0x02\t0x14\t0x0a\t0x01\t0x01\n"
~"0xa480:\t0x01\t0x4b\t0x54\t0x02\t0x06\t0x0a\t0x01\t0x00\n"
~"0xa488:\t0x01\t0x43\t0xfa\t0x02\t0x10\t0x08\t0x01\t0x03\n"
*running,thread-id="all"
=breakpoint-modified,bkpt={number="5",type="breakpoint",disp="keep",enabled="y",addr="0x00000ba9",thread-groups=["i1"],times="924",script={"silent","if *(unsigned char *)0x0061 != 0","printf \"SAMPLE %u FRAME %u\\n\", $samples, *(unsigned char *)0x0000","x/32bx 0xa470","set $samples = $samples + 1","end","if $samples >= 1024","disable 5","else","continue","end"},original-location="*0x0ba9"}
*stopped
~"SAMPLE 923 FRAME 56\n"
~"0xa470:\t0x01\t0x36\t0x54\t0x03\t0x16\t0x06\t0x01\t0x00\n"
~"0xa478:\t0x01\t0x4e\t0x0f\t0x03\t0x14\t0x0a\t0x01\t0x01\n"
~"0xa480:\t0x01\t0x4a\t0x14\t0x03\t0x06\t0x0a\t0x01\t0x00\n"
~"0xa488:\t0x01\t0x43\t0xf9\t0x03\t0x10\t0x08\t0x01\t0x03\n"
*running,thread-id="all"
=breakpoint-modified,bkpt={number="5",type="breakpoint",disp="keep",enabled="y",addr="0x00000ba9",thread-groups=["i1"],times="925",script={"silent","if *(unsigned char *)0x0061 != 0","printf \"SAMPLE %u FRAME %u\\n\", $samples, *(unsigned char *)0x0000","x/32bx 0xa470","set $samples = $samples + 1","end","if $samples >= 1024","disable 5","else","continue","end"},original-location="*0x0ba9"}
*stopped
~"SAMPLE 924 FRAME 60\n"
~"0xa470:\t0x01\t0x35\t0x14\t0x00\t0x16\t0x05\t0x01\t0x00\n"
~"0xa478:\t0x01\t0x4e\t0x10\t0x00\t0x15\t0x0a\t0x01\t0x01\n"
~"0xa480:\t0x01\t0x48\t0xd4\t0x00\t0x06\t0x09\t0x01\t0x00\n"
~"0xa488:\t0x01\t0x43\t0xf8\t0x00\t0x0f\t0x08\t0x01\t0x03\n"
*running,thread-id="all"
=breakpoint-modified,bkpt={number="5",type="breakpoint",disp="keep",enabled="y",addr="0x00000ba9",thread-groups=["i1"],times="926",script={"silent","if *(unsigned char *)0x0061 != 0","printf \"SAMPLE %u FRAME %u\\n\", $samples, *(unsigned char *)0x0000","x/32bx 0xa470","set $samples = $samples + 1","end","if $samples >= 1024","disable 5","else","continue","end"},original-location="*0x0ba9"}
*stopped
~"SAMPLE 925 FRAME 64\n"
~"0xa470:\t0x01\t0x33\t0xd4\t0x01\t0x16\t0x05\t0x01\t0x00\n"
~"0xa478:\t0x01\t0x4e\t0x11\t0x01\t0x15\t0x0a\t0x01\t0x01\n"
~"0xa480:\t0x01\t0x47\t0x94\t0x01\t0x06\t0x09\t0x01\t0x00\n"
~"0xa488:\t0x01\t0x43\t0xf7\t0x01\t0x0f\t0x08\t0x01\t0x03\n"
*running,thread-id="all"
=breakpoint-modified,bkpt={number="5",type="breakpoint",disp="keep",enabled="y",addr="0x00000ba9",thread-groups=["i1"],times="927",script={"silent","if *(unsigned char *)0x0061 != 0","printf \"SAMPLE %u FRAME %u\\n\", $samples, *(unsigned char *)0x0000","x/32bx 0xa470","set $samples = $samples + 1","end","if $samples >= 1024","disable 5","else","continue","end"},original-location="*0x0ba9"}
*stopped
~"SAMPLE 926 FRAME 68\n"
~"0xa470:\t0x01\t0x32\t0x94\t0x02\t0x16\t0x05\t0x01\t0x00\n"
~"0xa478:\t0x01\t0x4e\t0x12\t0x02\t0x15\t0x0a\t0x01\t0x01\n"
~"0xa480:\t0x01\t0x46\t0x54\t0x02\t0x06\t0x09\t0x01\t0x00\n"
~"0xa488:\t0x01\t0x43\t0xf6\t0x02\t0x0f\t0x08\t0x01\t0x03\n"
*running,thread-id="all"
=breakpoint-modified,bkpt={number="5",type="breakpoint",disp="keep",enabled="y",addr="0x00000ba9",thread-groups=["i1"],times="928",script={"silent","if *(unsigned char *)0x0061 != 0","printf \"SAMPLE %u FRAME %u\\n\", $samples, *(unsigned char *)0x0000","x/32bx 0xa470","set $samples = $samples + 1","end","if $samples >= 1024","disable 5","else","continue","end"},original-location="*0x0ba9"}
*stopped
~"SAMPLE 927 FRAME 72\n"
~"0xa470:\t0x01\t0x31\t0x54\t0x03\t0x16\t0x05\t0x01\t0x00\n"
~"0xa478:\t0x01\t0x4e\t0x13\t0x03\t0x15\t0x0a\t0x01\t0x01\n"
~"0xa480:\t0x01\t0x45\t0x14\t0x03\t0x06\t0x09\t0x01\t0x00\n"
~"0xa488:\t0x01\t0x43\t0xf5\t0x03\t0x0f\t0x08\t0x01\t0x03\n"
*running,thread-id="all"
=breakpoint-modified,bkpt={number="5",type="breakpoint",disp="keep",enabled="y",addr="0x00000ba9",thread-groups=["i1"],times="929",script={"silent","if *(unsigned char *)0x0061 != 0","printf \"SAMPLE %u FRAME %u\\n\", $samples, *(unsigned char *)0x0000","x/32bx 0xa470","set $samples = $samples + 1","end","if $samples >= 1024","disable 5","else","continue","end"},original-location="*0x0ba9"}
*stopped
~"SAMPLE 928 FRAME 78\n"
~"0xa470:\t0x01\t0x30\t0x14\t0x00\t0x16\t0x04\t0x01\t0x00\n"
~"0xa478:\t0x01\t0x4e\t0x14\t0x00\t0x16\t0x0a\t0x01\t0x02\n"
~"0xa480:\t0x01\t0x43\t0xd4\t0x00\t0x06\t0x08\t0x01\t0x01\n"
~"0xa488:\t0x01\t0x43\t0xf4\t0x00\t0x0e\t0x08\t0x01\t0x01\n"
*running,thread-id="all"
=breakpoint-modified,bkpt={number="5",type="breakpoint",disp="keep",enabled="y",addr="0x00000ba9",thread-groups=["i1"],times="930",script={"silent","if *(unsigned char *)0x0061 != 0","printf \"SAMPLE %u FRAME %u\\n\", $samples, *(unsigned char *)0x0000","x/32bx 0xa470","set $samples = $samples + 1","end","if $samples >= 1024","disable 5","else","continue","end"},original-location="*0x0ba9"}
*stopped
~"SAMPLE 929 FRAME 82\n"
~"0xa470:\t0x01\t0x2e\t0xd4\t0x01\t0x16\t0x04\t0x01\t0x00\n"
~"0xa478:\t0x01\t0x4f\t0x54\t0x01\t0x16\t0x0a\t0x01\t0x02\n"
~"0xa480:\t0x01\t0x43\t0xd5\t0x01\t0x06\t0x08\t0x01\t0x01\n"
~"0xa488:\t0x01\t0x43\t0xf5\t0x01\t0x0e\t0x08\t0x01\t0x01\n"
*running,thread-id="all"
=breakpoint-modified,bkpt={number="5",type="breakpoint",disp="keep",enabled="y",addr="0x00000ba9",thread-groups=["i1"],times="931",script={"silent","if *(unsigned char *)0x0061 != 0","printf \"SAMPLE %u FRAME %u\\n\", $samples, *(unsigned char *)0x0000","x/32bx 0xa470","set $samples = $samples + 1","end","if $samples >= 1024","disable 5","else","continue","end"},original-location="*0x0ba9"}
*stopped
~"SAMPLE 930 FRAME 86\n"
~"0xa470:\t0x01\t0x2d\t0x94\t0x02\t0x16\t0x04\t0x01\t0x00\n"
~"0xa478:\t0x01\t0x50\t0x94\t0x02\t0x16\t0x0a\t0x01\t0x02\n"
~"0xa480:\t0x01\t0x43\t0xd6\t0x02\t0x06\t0x08\t0x01\t0x01\n"
~"0xa488:\t0x01\t0x43\t0xf6\t0x02\t0x0e\t0x08\t0x01\t0x01\n"
*running,thread-id="all"
=breakpoint-modified,bkpt={number="5",type="breakpoint",disp="keep",enabled="y",addr="0x00000ba9",thread-groups=["i1"],times="932",script={"silent","if *(unsigned char *)0x0061 != 0","printf \"SAMPLE %u FRAME %u\\n\", $samples, *(unsigned char *)0x0000","x/32bx 0xa470","set $samples = $samples + 1","end","if $samples >= 1024","disable 5","else","continue","end"},original-location="*0x0ba9"}
*stopped
~"SAMPLE 931 FRAME 90\n"
~"0xa470:\t0x01\t0x2c\t0x54\t0x03\t0x16\t0x04\t0x01\t0x00\n"
~"0xa478:\t0x01\t0x51\t0xd4\t0x03\t0x16\t0x0a\t0x01\t0x02\n"
~"0xa480:\t0x01\t0x43\t0xd7\t0x03\t0x06\t0x08\t0x01\t0x01\n"
~"0xa488:\t0x01\t0x43\t0xf7\t0x03\t0x0e\t0x08\t0x01\t0x01\n"
*running,thread-id="all"
=breakpoint-modified,bkpt={number="5",type="breakpoint",disp="keep",enabled="y",addr="0x00000ba9",thread-groups=["i1"],times="933",script={"silent","if *(unsigned char *)0x0061 != 0","printf \"SAMPLE %u FRAME %u\\n\", $samples, *(unsigned char *)0x0000","x/32bx 0xa470","set $samples = $samples + 1","end","if $samples >= 1024","disable 5","else","continue","end"},original-location="*0x0ba9"}
*stopped
~"SAMPLE 932 FRAME 94\n"
~"0xa470:\t0x01\t0x2b\t0x14\t0x00\t0x16\t0x03\t0x01\t0x00\n"
~"0xa478:\t0x01\t0x53\t0x14\t0x00\t0x16\t0x0b\t0x01\t0x02\n"
~"0xa480:\t0x01\t0x43\t0xd8\t0x00\t0x07\t0x08\t0x01\t0x01\n"
~"0xa488:\t0x01\t0x43\t0xf8\t0x00\t0x0f\t0x08\t0x01\t0x01\n"
*running,thread-id="all"
=breakpoint-modified,bkpt={number="5",type="breakpoint",disp="keep",enabled="y",addr="0x00000ba9",thread-groups=["i1"],times="934",script={"silent","if *(unsigned char *)0x0061 != 0","printf \"SAMPLE %u FRAME %u\\n\", $samples, *(unsigned char *)0x0000","x/32bx 0xa470","set $samples = $samples + 1","end","if $samples >= 1024","disable 5","else","continue","end"},original-location="*0x0ba9"}
*stopped
~"SAMPLE 933 FRAME 98\n"
~"0xa470:\t0x01\t0x29\t0xd4\t0x01\t0x16\t0x03\t0x01\t0x00\n"
~"0xa478:\t0x01\t0x54\t0x54\t0x01\t0x16\t0x0b\t0x01\t0x02\n"
~"0xa480:\t0x01\t0x43\t0xd9\t0x01\t0x07\t0x08\t0x01\t0x01\n"
~"0xa488:\t0x01\t0x43\t0xf9\t0x01\t0x0f\t0x08\t0x01\t0x01\n"
*running,thread-id="all"
=breakpoint-modified,bkpt={number="5",type="breakpoint",disp="keep",enabled="y",addr="0x00000ba9",thread-groups=["i1"],times="935",script={"silent","if *(unsigned char *)0x0061 != 0","printf \"SAMPLE %u FRAME %u\\n\", $samples, *(unsigned char *)0x0000","x/32bx 0xa470","set $samples = $samples + 1","end","if $samples >= 1024","disable 5","else","continue","end"},original-location="*0x0ba9"}
*stopped
~"SAMPLE 934 FRAME 102\n"
~"0xa470:\t0x01\t0x28\t0x94\t0x02\t0x16\t0x03\t0x01\t0x00\n"
~"0xa478:\t0x01\t0x55\t0x94\t0x02\t0x16\t0x0b\t0x01\t0x02\n"
~"0xa480:\t0x01\t0x43\t0xda\t0x02\t0x07\t0x08\t0x01\t0x01\n"
~"0xa488:\t0x01\t0x43\t0xfa\t0x02\t0x0f\t0x08\t0x01\t0x01\n"
*running,thread-id="all"
=breakpoint-modified,bkpt={number="5",type="breakpoint",disp="keep",enabled="y",addr="0x00000ba9",thread-groups=["i1"],times="936",script={"silent","if *(unsigned char *)0x0061 != 0","printf \"SAMPLE %u FRAME %u\\n\", $samples, *(unsigned char *)0x0000","x/32bx 0xa470","set $samples = $samples + 1","end","if $samples >= 1024","disable 5","else","continue","end"},original-location="*0x0ba9"}
*stopped
~"SAMPLE 935 FRAME 106\n"
~"0xa470:\t0x01\t0x27\t0x54\t0x03\t0x16\t0x03\t0x01\t0x00\n"
~"0xa478:\t0x01\t0x56\t0xd4\t0x03\t0x16\t0x0b\t0x01\t0x02\n"
~"0xa480:\t0x01\t0x43\t0xdb\t0x03\t0x07\t0x08\t0x01\t0x01\n"
~"0xa488:\t0x01\t0x43\t0xfb\t0x03\t0x0f\t0x08\t0x01\t0x01\n"
*running,thread-id="all"
=breakpoint-modified,bkpt={number="5",type="breakpoint",disp="keep",enabled="y",addr="0x00000ba9",thread-groups=["i1"],times="937",script={"silent","if *(unsigned char *)0x0061 != 0","printf \"SAMPLE %u FRAME %u\\n\", $samples, *(unsigned char *)0x0000","x/32bx 0xa470","set $samples = $samples + 1","end","if $samples >= 1024","disable 5","else","continue","end"},original-location="*0x0ba9"}
*stopped
~"SAMPLE 936 FRAME 110\n"
~"0xa470:\t0x01\t0x26\t0x14\t0x00\t0x16\t0x02\t0x01\t0x03\n"
~"0xa478:\t0x01\t0x58\t0x14\t0x00\t0x16\t0x0c\t0x01\t0x02\n"
~"0xa480:\t0x01\t0x43\t0xdc\t0x00\t0x08\t0x08\t0x01\t0x01\n"
~"0xa488:\t0x01\t0x43\t0xfc\t0x00\t0x10\t0x08\t0x01\t0x01\n"
*running,thread-id="all"
=breakpoint-modified,bkpt={number="5",type="breakpoint",disp="keep",enabled="y",addr="0x00000ba9",thread-groups=["i1"],times="938",script={"silent","if *(unsigned char *)0x0061 != 0","printf \"SAMPLE %u FRAME %u\\n\", $samples, *(unsigned char *)0x0000","x/32bx 0xa470","set $samples = $samples + 1","end","if $samples >= 1024","disable 5","else","continue","end"},original-location="*0x0ba9"}
*stopped
~"SAMPLE 937 FRAME 114\n"
~"0xa470:\t0x01\t0x26\t0x13\t0x01\t0x16\t0x02\t0x01\t0x03\n"
~"0xa478:\t0x01\t0x59\t0x54\t0x01\t0x16\t0x0c\t0x01\t0x02\n"
~"0xa480:\t0x01\t0x43\t0xdd\t0x01\t0x08\t0x08\t0x01\t0x01\n"
~"0xa488:\t0x01\t0x43\t0xfd\t0x01\t0x10\t0x08\t0x01\t0x01\n"
*running,thread-id="all"
=breakpoint-modified,bkpt={number="5",type="breakpoint",disp="keep",enabled="y",addr="0x00000ba9",thread-groups=["i1"],times="939",script={"silent","if *(unsigned char *)0x0061 != 0","printf \"SAMPLE %u FRAME %u\\n\", $samples, *(unsigned char *)0x0000","x/32bx 0xa470","set $samples = $samples + 1","end","if $samples >= 1024","disable 5","else","continue","end"},original-location="*0x0ba9"}
*stopped
~"SAMPLE 938 FRAME 118\n"
~"0xa470:\t0x01\t0x26\t0x12\t0x02\t0x16\t0x02\t0x01\t0x03\n"
~"0xa478:\t0x01\t0x5a\t0x94\t0x02\t0x16\t0x0c\t0x01\t0x02\n"
~"0xa480:\t0x01\t0x43\t0xde\t0x02\t0x08\t0x08\t0x01\t0x01\n"
~"0xa488:\t0x01\t0x43\t0xfe\t0x02\t0x10\t0x08\t0x01\t0x01\n"
*running,thread-id="all"
=breakpoint-modified,bkpt={number="5",type="breakpoint",disp="keep",enabled="y",addr="0x00000ba9",thread-groups=["i1"],times="940",script={"silent","if *(unsigned char *)0x0061 != 0","printf \"SAMPLE %u FRAME %u\\n\", $samples, *(unsigned char *)0x0000","x/32bx 0xa470","set $samples = $samples + 1","end","if $samples >= 1024","disable 5","else","continue","end"},original-location="*0x0ba9"}
*stopped
~"SAMPLE 939 FRAME 122\n"
~"0xa470:\t0x01\t0x26\t0x11\t0x03\t0x16\t0x02\t0x01\t0x03\n"
~"0xa478:\t0x01\t0x5b\t0xd4\t0x03\t0x16\t0x0c\t0x01\t0x02\n"
~"0xa480:\t0x01\t0x43\t0xdf\t0x03\t0x08\t0x08\t0x01\t0x01\n"
~"0xa488:\t0x01\t0x43\t0xff\t0x03\t0x10\t0x08\t0x01\t0x01\n"
*running,thread-id="all"
=breakpoint-modified,bkpt={number="5",type="breakpoint",disp="keep",enabled="y",addr="0x00000ba9",thread-groups=["i1"],times="941",script={"silent","if *(unsigned char *)0x0061 != 0","printf \"SAMPLE %u FRAME %u\\n\", $samples, *(unsigned char *)0x0000","x/32bx 0xa470","set $samples = $samples + 1","end","if $samples >= 1024","disable 5","else","continue","end"},original-location="*0x0ba9"}
*stopped
~"SAMPLE 940 FRAME 128\n"
~"0xa470:\t0x01\t0x26\t0x10\t0x00\t0x15\t0x02\t0x01\t0x03\n"
~"0xa478:\t0x01\t0x5d\t0x14\t0x00\t0x16\t0x0d\t0x01\t0x02\n"
~"0xa480:\t0x01\t0x43\t0xe0\t0x00\t0x09\t0x08\t0x01\t0x01\n"
~"0xa488:\t0x01\t0x44\t0x00\t0x00\t0x11\t0x08\t0x01\t0x01\n"
*running,thread-id="all"
=breakpoint-modified,bkpt={number="5",type="breakpoint",disp="keep",enabled="y",addr="0x00000ba9",thread-groups=["i1"],times="942",script={"silent","if *(unsigned char *)0x0061 != 0","printf \"SAMPLE %u FRAME %u\\n\", $samples, *(unsigned char *)0x0000","x/32bx 0xa470","set $samples = $samples + 1","end","if $samples >= 1024","disable 5","else","continue","end"},original-location="*0x0ba9"}
*stopped
~"SAMPLE 941 FRAME 132\n"
~"0xa470:\t0x01\t0x26\t0x0f\t0x01\t0x15\t0x02\t0x01\t0x03\n"
~"0xa478:\t0x01\t0x5e\t0x54\t0x01\t0x16\t0x0d\t0x01\t0x02\n"
~"0xa480:\t0x01\t0x43\t0xe1\t0x01\t0x09\t0x08\t0x01\t0x01\n"
~"0xa488:\t0x01\t0x44\t0x01\t0x01\t0x11\t0x08\t0x01\t0x01\n"
*running,thread-id="all"
=breakpoint-modified,bkpt={number="5",type="breakpoint",disp="keep",enabled="y",addr="0x00000ba9",thread-groups=["i1"],times="943",script={"silent","if *(unsigned char *)0x0061 != 0","printf \"SAMPLE %u FRAME %u\\n\", $samples, *(unsigned char *)0x0000","x/32bx 0xa470","set $samples = $samples + 1","end","if $samples >= 1024","disable 5","else","continue","end"},original-location="*0x0ba9"}
*stopped
~"SAMPLE 942 FRAME 136\n"
~"0xa470:\t0x01\t0x26\t0x0e\t0x02\t0x15\t0x02\t0x01\t0x03\n"
~"0xa478:\t0x01\t0x5f\t0x94\t0x02\t0x16\t0x0d\t0x01\t0x02\n"
~"0xa480:\t0x01\t0x43\t0xe2\t0x02\t0x09\t0x08\t0x01\t0x01\n"
~"0xa488:\t0x01\t0x44\t0x02\t0x02\t0x11\t0x08\t0x01\t0x01\n"
*running,thread-id="all"
=breakpoint-modified,bkpt={number="5",type="breakpoint",disp="keep",enabled="y",addr="0x00000ba9",thread-groups=["i1"],times="944",script={"silent","if *(unsigned char *)0x0061 != 0","printf \"SAMPLE %u FRAME %u\\n\", $samples, *(unsigned char *)0x0000","x/32bx 0xa470","set $samples = $samples + 1","end","if $samples >= 1024","disable 5","else","continue","end"},original-location="*0x0ba9"}
*stopped
~"SAMPLE 943 FRAME 140\n"
~"0xa470:\t0x01\t0x26\t0x0d\t0x03\t0x15\t0x02\t0x01\t0x03\n"
~"0xa478:\t0x01\t0x60\t0xd4\t0x03\t0x16\t0x0d\t0x01\t0x02\n"
~"0xa480:\t0x01\t0x43\t0xe3\t0x03\t0x09\t0x08\t0x01\t0x01\n"
~"0xa488:\t0x01\t0x44\t0x03\t0x03\t0x11\t0x08\t0x01\t0x01\n"
*running,thread-id="all"
=breakpoint-modified,bkpt={number="5",type="breakpoint",disp="keep",enabled="y",addr="0x00000ba9",thread-groups=["i1"],times="945",script={"silent","if *(unsigned char *)0x0061 != 0","printf \"SAMPLE %u FRAME %u\\n\", $samples, *(unsigned char *)0x0000","x/32bx 0xa470","set $samples = $samples + 1","end","if $samples >= 1024","disable 5","else","continue","end"},original-location="*0x0ba9"}
*stopped
~"SAMPLE 944 FRAME 144\n"
~"0xa470:\t0x01\t0x26\t0x0c\t0x00\t0x14\t0x02\t0x01\t0x03\n"
~"0xa478:\t0x01\t0x62\t0x14\t0x00\t0x16\t0x0e\t0x01\t0x02\n"
~"0xa480:\t0x01\t0x43\t0xe4\t0x00\t0x0a\t0x08\t0x01\t0x03\n"
~"0xa488:\t0x01\t0x44\t0x04\t0x00\t0x12\t0x08\t0x01\t0x02\n"
*running,thread-id="all"
=breakpoint-modified,bkpt={number="5",type="breakpoint",disp="keep",enabled="y",addr="0x00000ba9",thread-groups=["i1"],times="946",script={"silent","if *(unsigned char *)0x0061 != 0","printf \"SAMPLE %u FRAME %u\\n\", $samples, *(unsigned char *)0x0000","x/32bx 0xa470","set $samples = $samples + 1","end","if $samples >= 1024","disable 5","else","continue","end"},original-location="*0x0ba9"}
*stopped
~"SAMPLE 945 FRAME 148\n"
~"0xa470:\t0x01\t0x26\t0x0b\t0x01\t0x14\t0x02\t0x01\t0x03\n"
~"0xa478:\t0x01\t0x63\t0x54\t0x01\t0x16\t0x0e\t0x01\t0x02\n"
~"0xa480:\t0x01\t0x43\t0xe3\t0x01\t0x0a\t0x08\t0x01\t0x03\n"
~"0xa488:\t0x01\t0x45\t0x44\t0x01\t0x12\t0x08\t0x01\t0x02\n"
*running,thread-id="all"
=breakpoint-modified,bkpt={number="5",type="breakpoint",disp="keep",enabled="y",addr="0x00000ba9",thread-groups=["i1"],times="947",script={"silent","if *(unsigned char *)0x0061 != 0","printf \"SAMPLE %u FRAME %u\\n\", $samples, *(unsigned char *)0x0000","x/32bx 0xa470","set $samples = $samples + 1","end","if $samples >= 1024","disable 5","else","continue","end"},original-location="*0x0ba9"}
*stopped
~"SAMPLE 946 FRAME 152\n"
~"0xa470:\t0x01\t0x26\t0x0a\t0x02\t0x14\t0x02\t0x01\t0x03\n"
~"0xa478:\t0x01\t0x64\t0x94\t0x02\t0x16\t0x0e\t0x01\t0x02\n"
~"0xa480:\t0x01\t0x43\t0xe2\t0x02\t0x0a\t0x08\t0x01\t0x03\n"
~"0xa488:\t0x01\t0x46\t0x84\t0x02\t0x12\t0x08\t0x01\t0x02\n"
*running,thread-id="all"
=breakpoint-modified,bkpt={number="5",type="breakpoint",disp="keep",enabled="y",addr="0x00000ba9",thread-groups=["i1"],times="948",script={"silent","if *(unsigned char *)0x0061 != 0","printf \"SAMPLE %u FRAME %u\\n\", $samples, *(unsigned char *)0x0000","x/32bx 0xa470","set $samples = $samples + 1","end","if $samples >= 1024","disable 5","else","continue","end"},original-location="*0x0ba9"}
*stopped
~"SAMPLE 947 FRAME 156\n"
~"0xa470:\t0x01\t0x26\t0x09\t0x03\t0x14\t0x02\t0x01\t0x03\n"
~"0xa478:\t0x01\t0x65\t0xd4\t0x03\t0x16\t0x0e\t0x01\t0x02\n"
~"0xa480:\t0x01\t0x43\t0xe1\t0x03\t0x0a\t0x08\t0x01\t0x03\n"
~"0xa488:\t0x01\t0x47\t0xc4\t0x03\t0x12\t0x08\t0x01\t0x02\n"
*running,thread-id="all"
=breakpoint-modified,bkpt={number="5",type="breakpoint",disp="keep",enabled="y",addr="0x00000ba9",thread-groups=["i1"],times="949",script={"silent","if *(unsigned char *)0x0061 != 0","printf \"SAMPLE %u FRAME %u\\n\", $samples, *(unsigned char *)0x0000","x/32bx 0xa470","set $samples = $samples + 1","end","if $samples >= 1024","disable 5","else","continue","end"},original-location="*0x0ba9"}
*stopped
~"SAMPLE 948 FRAME 160\n"
~"0xa470:\t0x01\t0x26\t0x08\t0x00\t0x13\t0x02\t0x01\t0x03\n"
~"0xa478:\t0x01\t0x67\t0x14\t0x00\t0x16\t0x0f\t0x01\t0x02\n"
~"0xa480:\t0x01\t0x43\t0xe0\t0x00\t0x09\t0x08\t0x01\t0x03\n"
~"0xa488:\t0x01\t0x49\t0x04\t0x00\t0x12\t0x09\t0x01\t0x02\n"
*running,thread-id="all"
=breakpoint-modified,bkpt={number="5",type="breakpoint",disp="keep",enabled="y",addr="0x00000ba9",thread-groups=["i1"],times="950",script={"silent","if *(unsigned char *)0x0061 != 0","printf \"SAMPLE %u FRAME %u\\n\", $samples, *(unsigned char *)0x0000","x/32bx 0xa470","set $samples = $samples + 1","end","if $samples >= 1024","disable 5","else","continue","end"},original-location="*0x0ba9"}
*stopped
~"SAMPLE 949 FRAME 164\n"
~"0xa470:\t0x01\t0x26\t0x07\t0x01\t0x13\t0x02\t0x01\t0x03\n"
~"0xa478:\t0x01\t0x68\t0x54\t0x01\t0x16\t0x0f\t0x01\t0x02\n"
~"0xa480:\t0x01\t0x43\t0xdf\t0x01\t0x09\t0x08\t0x01\t0x03\n"
~"0xa488:\t0x01\t0x4a\t0x44\t0x01\t0x12\t0x09\t0x01\t0x02\n"
*running,thread-id="all"
=breakpoint-modified,bkpt={number="5",type="breakpoint",disp="keep",enabled="y",addr="0x00000ba9",thread-groups=["i1"],times="951",script={"silent","if *(unsigned char *)0x0061 != 0","printf \"SAMPLE %u FRAME %u\\n\", $samples, *(unsigned char *)0x0000","x/32bx 0xa470","set $samples = $samples + 1","end","if $samples >= 1024","disable 5","else","continue","end"},original-location="*0x0ba9"}
*stopped
~"SAMPLE 950 FRAME 168\n"
~"0xa470:\t0x01\t0x26\t0x06\t0x02\t0x13\t0x02\t0x01\t0x03\n"
~"0xa478:\t0x01\t0x69\t0x94\t0x02\t0x16\t0x0f\t0x01\t0x02\n"
~"0xa480:\t0x01\t0x43\t0xde\t0x02\t0x09\t0x08\t0x01\t0x03\n"
~"0xa488:\t0x01\t0x4b\t0x84\t0x02\t0x12\t0x09\t0x01\t0x02\n"
*running,thread-id="all"
=breakpoint-modified,bkpt={number="5",type="breakpoint",disp="keep",enabled="y",addr="0x00000ba9",thread-groups=["i1"],times="952",script={"silent","if *(unsigned char *)0x0061 != 0","printf \"SAMPLE %u FRAME %u\\n\", $samples, *(unsigned char *)0x0000","x/32bx 0xa470","set $samples = $samples + 1","end","if $samples >= 1024","disable 5","else","continue","end"},original-location="*0x0ba9"}
*stopped
~"SAMPLE 951 FRAME 172\n"
~"0xa470:\t0x01\t0x26\t0x05\t0x03\t0x13\t0x02\t0x01\t0x03\n"
~"0xa478:\t0x01\t0x6a\t0xd4\t0x03\t0x16\t0x0f\t0x01\t0x02\n"
~"0xa480:\t0x01\t0x43\t0xdd\t0x03\t0x09\t0x08\t0x01\t0x03\n"
~"0xa488:\t0x01\t0x4c\t0xc4\t0x03\t0x12\t0x09\t0x01\t0x02\n"
*running,thread-id="all"
=breakpoint-modified,bkpt={number="5",type="breakpoint",disp="keep",enabled="y",addr="0x00000ba9",thread-groups=["i1"],times="953",script={"silent","if *(unsigned char *)0x0061 != 0","printf \"SAMPLE %u FRAME %u\\n\", $samples, *(unsigned char *)0x0000","x/32bx 0xa470","set $samples = $samples + 1","end","if $samples >= 1024","disable 5","else","continue","end"},original-location="*0x0ba9"}
*stopped
~"SAMPLE 952 FRAME 178\n"
~"0xa470:\t0x01\t0x26\t0x04\t0x00\t0x12\t0x02\t0x01\t0x03\n"
~"0xa478:\t0x01\t0x6c\t0x14\t0x00\t0x16\t0x10\t0x01\t0x02\n"
~"0xa480:\t0x01\t0x43\t0xdc\t0x00\t0x08\t0x08\t0x01\t0x03\n"
~"0xa488:\t0x01\t0x4e\t0x04\t0x00\t0x12\t0x0a\t0x01\t0x02\n"
*running,thread-id="all"
=breakpoint-modified,bkpt={number="5",type="breakpoint",disp="keep",enabled="y",addr="0x00000ba9",thread-groups=["i1"],times="954",script={"silent","if *(unsigned char *)0x0061 != 0","printf \"SAMPLE %u FRAME %u\\n\", $samples, *(unsigned char *)0x0000","x/32bx 0xa470","set $samples = $samples + 1","end","if $samples >= 1024","disable 5","else","continue","end"},original-location="*0x0ba9"}
*stopped
~"SAMPLE 953 FRAME 182\n"
~"0xa470:\t0x01\t0x26\t0x03\t0x01\t0x12\t0x02\t0x01\t0x03\n"
~"0xa478:\t0x01\t0x6d\t0x54\t0x01\t0x16\t0x10\t0x01\t0x02\n"
~"0xa480:\t0x01\t0x43\t0xdb\t0x01\t0x08\t0x08\t0x01\t0x03\n"
~"0xa488:\t0x01\t0x4f\t0x44\t0x01\t0x12\t0x0a\t0x01\t0x02\n"
*running,thread-id="all"
=breakpoint-modified,bkpt={number="5",type="breakpoint",disp="keep",enabled="y",addr="0x00000ba9",thread-groups=["i1"],times="955",script={"silent","if *(unsigned char *)0x0061 != 0","printf \"SAMPLE %u FRAME %u\\n\", $samples, *(unsigned char *)0x0000","x/32bx 0xa470","set $samples = $samples + 1","end","if $samples >= 1024","disable 5","else","continue","end"},original-location="*0x0ba9"}
*stopped
~"SAMPLE 954 FRAME 186\n"
~"0xa470:\t0x01\t0x26\t0x02\t0x02\t0x12\t0x02\t0x01\t0x03\n"
~"0xa478:\t0x01\t0x6e\t0x94\t0x02\t0x16\t0x10\t0x01\t0x02\n"
~"0xa480:\t0x01\t0x43\t0xda\t0x02\t0x08\t0x08\t0x01\t0x03\n"
~"0xa488:\t0x01\t0x50\t0x84\t0x02\t0x12\t0x0a\t0x01\t0x02\n"
*running,thread-id="all"
=breakpoint-modified,bkpt={number="5",type="breakpoint",disp="keep",enabled="y",addr="0x00000ba9",thread-groups=["i1"],times="956",script={"silent","if *(unsigned char *)0x0061 != 0","printf \"SAMPLE %u FRAME %u\\n\", $samples, *(unsigned char *)0x0000","x/32bx 0xa470","set $samples = $samples + 1","end","if $samples >= 1024","disable 5","else","continue","end"},original-location="*0x0ba9"}
*stopped
~"SAMPLE 955 FRAME 190\n"
~"0xa470:\t0x01\t0x26\t0x01\t0x03\t0x12\t0x02\t0x01\t0x03\n"
~"0xa478:\t0x01\t0x6f\t0xd4\t0x03\t0x16\t0x10\t0x01\t0x02\n"
~"0xa480:\t0x01\t0x43\t0xd9\t0x03\t0x08\t0x08\t0x01\t0x03\n"
~"0xa488:\t0x01\t0x51\t0xc4\t0x03\t0x12\t0x0a\t0x01\t0x02\n"
*running,thread-id="all"
=breakpoint-modified,bkpt={number="5",type="breakpoint",disp="keep",enabled="y",addr="0x00000ba9",thread-groups=["i1"],times="957",script={"silent","if *(unsigned char *)0x0061 != 0","printf \"SAMPLE %u FRAME %u\\n\", $samples, *(unsigned char *)0x0000","x/32bx 0xa470","set $samples = $samples + 1","end","if $samples >= 1024","disable 5","else","continue","end"},original-location="*0x0ba9"}
*stopped
~"SAMPLE 956 FRAME 194\n"
~"0xa470:\t0x01\t0x26\t0x00\t0x00\t0x11\t0x02\t0x01\t0x03\n"
~"0xa478:\t0x01\t0x71\t0x14\t0x00\t0x16\t0x11\t0x01\t0x02\n"
~"0xa480:\t0x01\t0x43\t0xd8\t0x00\t0x07\t0x08\t0x01\t0x03\n"
~"0xa488:\t0x01\t0x53\t0x04\t0x00\t0x12\t0x0b\t0x01\t0x02\n"
*running,thread-id="all"
=breakpoint-modified,bkpt={number="5",type="breakpoint",disp="keep",enabled="y",addr="0x00000ba9",thread-groups=["i1"],times="958",script={"silent","if *(unsigned char *)0x0061 != 0","printf \"SAMPLE %u FRAME %u\\n\", $samples, *(unsigned char *)0x0000","x/32bx 0xa470","set $samples = $samples + 1","end","if $samples >= 1024","disable 5","else","continue","end"},original-location="*0x0ba9"}
*stopped
~"SAMPLE 957 FRAME 198\n"
~"0xa470:\t0x01\t0x25\t0xff\t0x01\t0x11\t0x02\t0x01\t0x03\n"
~"0xa478:\t0x01\t0x72\t0x54\t0x01\t0x16\t0x11\t0x01\t0x02\n"
~"0xa480:\t0x01\t0x43\t0xd7\t0x01\t0x07\t0x08\t0x01\t0x03\n"
~"0xa488:\t0x01\t0x54\t0x44\t0x01\t0x12\t0x0b\t0x01\t0x02\n"
*running,thread-id="all"
=breakpoint-modified,bkpt={number="5",type="breakpoint",disp="keep",enabled="y",addr="0x00000ba9",thread-groups=["i1"],times="959",script={"silent","if *(unsigned char *)0x0061 != 0","printf \"SAMPLE %u FRAME %u\\n\", $samples, *(unsigned char *)0x0000","x/32bx 0xa470","set $samples = $samples + 1","end","if $samples >= 1024","disable 5","else","continue","end"},original-location="*0x0ba9"}
*stopped
~"SAMPLE 958 FRAME 202\n"
~"0xa470:\t0x01\t0x25\t0xfe\t0x02\t0x11\t0x02\t0x01\t0x03\n"
~"0xa478:\t0x01\t0x73\t0x94\t0x02\t0x16\t0x11\t0x01\t0x02\n"
~"0xa480:\t0x01\t0x43\t0xd6\t0x02\t0x07\t0x08\t0x01\t0x03\n"
~"0xa488:\t0x01\t0x55\t0x84\t0x02\t0x12\t0x0b\t0x01\t0x02\n"
*running,thread-id="all"
=breakpoint-modified,bkpt={number="5",type="breakpoint",disp="keep",enabled="y",addr="0x00000ba9",thread-groups=["i1"],times="960",script={"silent","if *(unsigned char *)0x0061 != 0","printf \"SAMPLE %u FRAME %u\\n\", $samples, *(unsigned char *)0x0000","x/32bx 0xa470","set $samples = $samples + 1","end","if $samples >= 1024","disable 5","else","continue","end"},original-location="*0x0ba9"}
*stopped
~"SAMPLE 959 FRAME 206\n"
~"0xa470:\t0x01\t0x25\t0xfd\t0x03\t0x11\t0x02\t0x01\t0x03\n"
~"0xa478:\t0x01\t0x74\t0xd4\t0x03\t0x16\t0x11\t0x01\t0x02\n"
~"0xa480:\t0x01\t0x43\t0xd5\t0x03\t0x07\t0x08\t0x01\t0x03\n"
~"0xa488:\t0x01\t0x56\t0xc4\t0x03\t0x12\t0x0b\t0x01\t0x02\n"
*running,thread-id="all"
=breakpoint-modified,bkpt={number="5",type="breakpoint",disp="keep",enabled="y",addr="0x00000ba9",thread-groups=["i1"],times="961",script={"silent","if *(unsigned char *)0x0061 != 0","printf \"SAMPLE %u FRAME %u\\n\", $samples, *(unsigned char *)0x0000","x/32bx 0xa470","set $samples = $samples + 1","end","if $samples >= 1024","disable 5","else","continue","end"},original-location="*0x0ba9"}
*stopped
~"SAMPLE 960 FRAME 210\n"
~"0xa470:\t0x01\t0x25\t0xfc\t0x00\t0x10\t0x02\t0x01\t0x02\n"
~"0xa478:\t0x01\t0x76\t0x14\t0x00\t0x16\t0x12\t0x01\t0x02\n"
~"0xa480:\t0x01\t0x43\t0xd4\t0x00\t0x06\t0x08\t0x01\t0x02\n"
~"0xa488:\t0x01\t0x58\t0x04\t0x00\t0x12\t0x0c\t0x01\t0x02\n"
*running,thread-id="all"
=breakpoint-modified,bkpt={number="5",type="breakpoint",disp="keep",enabled="y",addr="0x00000ba9",thread-groups=["i1"],times="962",script={"silent","if *(unsigned char *)0x0061 != 0","printf \"SAMPLE %u FRAME %u\\n\", $samples, *(unsigned char *)0x0000","x/32bx 0xa470","set $samples = $samples + 1","end","if $samples >= 1024","disable 5","else","continue","end"},original-location="*0x0ba9"}
*stopped
~"SAMPLE 961 FRAME 214\n"
~"0xa470:\t0x01\t0x27\t0x3c\t0x01\t0x10\t0x02\t0x01\t0x02\n"
~"0xa478:\t0x01\t0x77\t0x54\t0x01\t0x16\t0x12\t0x01\t0x02\n"
~"0xa480:\t0x01\t0x45\t0x14\t0x01\t0x06\t0x08\t0x01\t0x02\n"
~"0xa488:\t0x01\t0x59\t0x44\t0x01\t0x12\t0x0c\t0x01\t0x02\n"
*running,thread-id="all"
=breakpoint-modified,bkpt={number="5",type="breakpoint",disp="keep",enabled="y",addr="0x00000ba9",thread-groups=["i1"],times="963",script={"silent","if *(unsigned char *)0x0061 != 0","printf \"SAMPLE %u FRAME %u\\n\", $samples, *(unsigned char *)0x0000","x/32bx 0xa470","set $samples = $samples + 1","end","if $samples >= 1024","disable 5","else","continue","end"},original-location="*0x0ba9"}
*stopped
~"SAMPLE 962 FRAME 218\n"
~"0xa470:\t0x01\t0x28\t0x7c\t0x02\t0x10\t0x02\t0x01\t0x02\n"
~"0xa478:\t0x01\t0x78\t0x94\t0x02\t0x16\t0x12\t0x01\t0x02\n"
~"0xa480:\t0x01\t0x46\t0x54\t0x02\t0x06\t0x08\t0x01\t0x02\n"
~"0xa488:\t0x01\t0x5a\t0x84\t0x02\t0x12\t0x0c\t0x01\t0x02\n"
*running,thread-id="all"
=breakpoint-modified,bkpt={number="5",type="breakpoint",disp="keep",enabled="y",addr="0x00000ba9",thread-groups=["i1"],times="964",script={"silent","if *(unsigned char *)0x0061 != 0","printf \"SAMPLE %u FRAME %u\\n\", $samples, *(unsigned char *)0x0000","x/32bx 0xa470","set $samples = $samples + 1","end","if $samples >= 1024","disable 5","else","continue","end"},original-location="*0x0ba9"}
*stopped
~"SAMPLE 963 FRAME 222\n"
~"0xa470:\t0x01\t0x29\t0xbc\t0x03\t0x10\t0x02\t0x01\t0x02\n"
~"0xa478:\t0x01\t0x79\t0xd4\t0x03\t0x16\t0x12\t0x01\t0x02\n"
~"0xa480:\t0x01\t0x47\t0x94\t0x03\t0x06\t0x08\t0x01\t0x02\n"
~"0xa488:\t0x01\t0x5b\t0xc4\t0x03\t0x12\t0x0c\t0x01\t0x02\n"
*running,thread-id="all"
=breakpoint-modified,bkpt={number="5",type="breakpoint",disp="keep",enabled="y",addr="0x00000ba9",thread-groups=["i1"],times="965",script={"silent","if *(unsigned char *)0x0061 != 0","printf \"SAMPLE %u FRAME %u\\n\", $samples, *(unsigned char *)0x0000","x/32bx 0xa470","set $samples = $samples + 1","end","if $samples >= 1024","disable 5","else","continue","end"},original-location="*0x0ba9"}
*stopped
~"SAMPLE 964 FRAME 228\n"
~"0xa470:\t0x01\t0x2a\t0xfc\t0x00\t0x10\t0x03\t0x01\t0x02\n"
~"0xa478:\t0x01\t0x7b\t0x14\t0x00\t0x16\t0x13\t0x01\t0x02\n"
~"0xa480:\t0x01\t0x48\t0xd4\t0x00\t0x06\t0x09\t0x01\t0x02\n"
~"0xa488:\t0x01\t0x5d\t0x04\t0x00\t0x12\t0x0d\t0x01\t0x02\n"
*running,thread-id="all"
=breakpoint-modified,bkpt={number="5",type="breakpoint",disp="keep",enabled="y",addr="0x00000ba9",thread-groups=["i1"],times="966",script={"silent","if *(unsigned char *)0x0061 != 0","printf \"SAMPLE %u FRAME %u\\n\", $samples, *(unsigned char *)0x0000","x/32bx 0xa470","set $samples = $samples + 1","end","if $samples >= 1024","disable 5","else","continue","end"},original-location="*0x0ba9"}
*stopped
~"SAMPLE 965 FRAME 232\n"
~"0xa470:\t0x01\t0x2c\t0x3c\t0x01\t0x10\t0x03\t0x01\t0x02\n"
~"0xa478:\t0x01\t0x7c\t0x54\t0x01\t0x16\t0x13\t0x01\t0x02\n"
~"0xa480:\t0x01\t0x4a\t0x14\t0x01\t0x06\t0x09\t0x01\t0x02\n"
~"0xa488:\t0x01\t0x5e\t0x44\t0x01\t0x12\t0x0d\t0x01\t0x02\n"
*running,thread-id="all"
=breakpoint-modified,bkpt={number="5",type="breakpoint",disp="keep",enabled="y",addr="0x00000ba9",thread-groups=["i1"],times="967",script={"silent","if *(unsigned char *)0x0061 != 0","printf \"SAMPLE %u FRAME %u\\n\", $samples, *(unsigned char *)0x0000","x/32bx 0xa470","set $samples = $samples + 1","end","if $samples >= 1024","disable 5","else","continue","end"},original-location="*0x0ba9"}
*stopped
~"SAMPLE 966 FRAME 236\n"
~"0xa470:\t0x01\t0x2d\t0x7c\t0x02\t0x10\t0x03\t0x01\t0x02\n"
~"0xa478:\t0x01\t0x7d\t0x94\t0x02\t0x16\t0x13\t0x01\t0x02\n"
~"0xa480:\t0x01\t0x4b\t0x54\t0x02\t0x06\t0x09\t0x01\t0x02\n"
~"0xa488:\t0x01\t0x5f\t0x84\t0x02\t0x12\t0x0d\t0x01\t0x02\n"
*running,thread-id="all"
=breakpoint-modified,bkpt={number="5",type="breakpoint",disp="keep",enabled="y",addr="0x00000ba9",thread-groups=["i1"],times="968",script={"silent","if *(unsigned char *)0x0061 != 0","printf \"SAMPLE %u FRAME %u\\n\", $samples, *(unsigned char *)0x0000","x/32bx 0xa470","set $samples = $samples + 1","end","if $samples >= 1024","disable 5","else","continue","end"},original-location="*0x0ba9"}
*stopped
~"SAMPLE 967 FRAME 240\n"
~"0xa470:\t0x01\t0x2e\t0xbc\t0x03\t0x10\t0x03\t0x01\t0x02\n"
~"0xa478:\t0x01\t0x7e\t0xd4\t0x03\t0x16\t0x13\t0x01\t0x02\n"
~"0xa480:\t0x01\t0x4c\t0x94\t0x03\t0x06\t0x09\t0x01\t0x02\n"
~"0xa488:\t0x01\t0x60\t0xc4\t0x03\t0x12\t0x0d\t0x01\t0x02\n"
*running,thread-id="all"
=breakpoint-modified,bkpt={number="5",type="breakpoint",disp="keep",enabled="y",addr="0x00000ba9",thread-groups=["i1"],times="969",script={"silent","if *(unsigned char *)0x0061 != 0","printf \"SAMPLE %u FRAME %u\\n\", $samples, *(unsigned char *)0x0000","x/32bx 0xa470","set $samples = $samples + 1","end","if $samples >= 1024","disable 5","else","continue","end"},original-location="*0x0ba9"}
*stopped
~"SAMPLE 968 FRAME 244\n"
~"0xa470:\t0x01\t0x2f\t0xfc\t0x00\t0x10\t0x04\t0x01\t0x02\n"
~"0xa478:\t0x01\t0x80\t0x14\t0x00\t0x16\t0x14\t0x01\t0x02\n"
~"0xa480:\t0x01\t0x4d\t0xd4\t0x00\t0x06\t0x0a\t0x01\t0x02\n"
~"0xa488:\t0x01\t0x62\t0x04\t0x00\t0x12\t0x0e\t0x01\t0x02\n"
*running,thread-id="all"
=breakpoint-modified,bkpt={number="5",type="breakpoint",disp="keep",enabled="y",addr="0x00000ba9",thread-groups=["i1"],times="970",script={"silent","if *(unsigned char *)0x0061 != 0","printf \"SAMPLE %u FRAME %u\\n\", $samples, *(unsigned char *)0x0000","x/32bx 0xa470","set $samples = $samples + 1","end","if $samples >= 1024","disable 5","else","continue","end"},original-location="*0x0ba9"}
*stopped
~"SAMPLE 969 FRAME 248\n"
~"0xa470:\t0x01\t0x31\t0x3c\t0x01\t0x10\t0x04\t0x01\t0x02\n"
~"0xa478:\t0x01\t0x81\t0x54\t0x01\t0x16\t0x14\t0x01\t0x02\n"
~"0xa480:\t0x01\t0x4f\t0x14\t0x01\t0x06\t0x0a\t0x01\t0x02\n"
~"0xa488:\t0x01\t0x63\t0x44\t0x01\t0x12\t0x0e\t0x01\t0x02\n"
*running,thread-id="all"
=breakpoint-modified,bkpt={number="5",type="breakpoint",disp="keep",enabled="y",addr="0x00000ba9",thread-groups=["i1"],times="971",script={"silent","if *(unsigned char *)0x0061 != 0","printf \"SAMPLE %u FRAME %u\\n\", $samples, *(unsigned char *)0x0000","x/32bx 0xa470","set $samples = $samples + 1","end","if $samples >= 1024","disable 5","else","continue","end"},original-location="*0x0ba9"}
*stopped
~"SAMPLE 970 FRAME 252\n"
~"0xa470:\t0x01\t0x32\t0x7c\t0x02\t0x10\t0x04\t0x01\t0x02\n"
~"0xa478:\t0x01\t0x82\t0x94\t0x02\t0x16\t0x14\t0x01\t0x02\n"
~"0xa480:\t0x01\t0x50\t0x54\t0x02\t0x06\t0x0a\t0x01\t0x02\n"
~"0xa488:\t0x01\t0x64\t0x84\t0x02\t0x12\t0x0e\t0x01\t0x02\n"
*running,thread-id="all"
=breakpoint-modified,bkpt={number="5",type="breakpoint",disp="keep",enabled="y",addr="0x00000ba9",thread-groups=["i1"],times="972",script={"silent","if *(unsigned char *)0x0061 != 0","printf \"SAMPLE %u FRAME %u\\n\", $samples, *(unsigned char *)0x0000","x/32bx 0xa470","set $samples = $samples + 1","end","if $samples >= 1024","disable 5","else","continue","end"},original-location="*0x0ba9"}
*stopped
~"SAMPLE 971 FRAME 0\n"
~"0xa470:\t0x01\t0x33\t0xbc\t0x03\t0x10\t0x04\t0x01\t0x02\n"
~"0xa478:\t0x01\t0x83\t0xd4\t0x03\t0x16\t0x14\t0x01\t0x02\n"
~"0xa480:\t0x01\t0x51\t0x94\t0x03\t0x06\t0x0a\t0x01\t0x02\n"
~"0xa488:\t0x01\t0x65\t0xc4\t0x03\t0x12\t0x0e\t0x01\t0x02\n"
*running,thread-id="all"
=breakpoint-modified,bkpt={number="5",type="breakpoint",disp="keep",enabled="y",addr="0x00000ba9",thread-groups=["i1"],times="973",script={"silent","if *(unsigned char *)0x0061 != 0","printf \"SAMPLE %u FRAME %u\\n\", $samples, *(unsigned char *)0x0000","x/32bx 0xa470","set $samples = $samples + 1","end","if $samples >= 1024","disable 5","else","continue","end"},original-location="*0x0ba9"}
*stopped
~"SAMPLE 972 FRAME 4\n"
~"0xa470:\t0x01\t0x34\t0xfc\t0x00\t0x10\t0x05\t0x01\t0x02\n"
~"0xa478:\t0x01\t0x85\t0x14\t0x00\t0x16\t0x15\t0x01\t0x02\n"
~"0xa480:\t0x01\t0x52\t0xd4\t0x00\t0x06\t0x0b\t0x01\t0x02\n"
~"0xa488:\t0x01\t0x67\t0x04\t0x00\t0x12\t0x0f\t0x01\t0x02\n"
*running,thread-id="all"
=breakpoint-modified,bkpt={number="5",type="breakpoint",disp="keep",enabled="y",addr="0x00000ba9",thread-groups=["i1"],times="974",script={"silent","if *(unsigned char *)0x0061 != 0","printf \"SAMPLE %u FRAME %u\\n\", $samples, *(unsigned char *)0x0000","x/32bx 0xa470","set $samples = $samples + 1","end","if $samples >= 1024","disable 5","else","continue","end"},original-location="*0x0ba9"}
*stopped
~"SAMPLE 973 FRAME 8\n"
~"0xa470:\t0x01\t0x36\t0x3c\t0x01\t0x10\t0x05\t0x01\t0x02\n"
~"0xa478:\t0x01\t0x86\t0x54\t0x01\t0x16\t0x15\t0x01\t0x02\n"
~"0xa480:\t0x01\t0x54\t0x14\t0x01\t0x06\t0x0b\t0x01\t0x02\n"
~"0xa488:\t0x01\t0x68\t0x44\t0x01\t0x12\t0x0f\t0x01\t0x02\n"
*running,thread-id="all"
=breakpoint-modified,bkpt={number="5",type="breakpoint",disp="keep",enabled="y",addr="0x00000ba9",thread-groups=["i1"],times="975",script={"silent","if *(unsigned char *)0x0061 != 0","printf \"SAMPLE %u FRAME %u\\n\", $samples, *(unsigned char *)0x0000","x/32bx 0xa470","set $samples = $samples + 1","end","if $samples >= 1024","disable 5","else","continue","end"},original-location="*0x0ba9"}
*stopped
~"SAMPLE 974 FRAME 12\n"
~"0xa470:\t0x01\t0x37\t0x7c\t0x02\t0x10\t0x05\t0x01\t0x02\n"
~"0xa478:\t0x01\t0x87\t0x94\t0x02\t0x16\t0x15\t0x01\t0x02\n"
~"0xa480:\t0x01\t0x55\t0x54\t0x02\t0x06\t0x0b\t0x01\t0x02\n"
~"0xa488:\t0x01\t0x69\t0x84\t0x02\t0x12\t0x0f\t0x01\t0x02\n"
*running,thread-id="all"
=breakpoint-modified,bkpt={number="5",type="breakpoint",disp="keep",enabled="y",addr="0x00000ba9",thread-groups=["i1"],times="976",script={"silent","if *(unsigned char *)0x0061 != 0","printf \"SAMPLE %u FRAME %u\\n\", $samples, *(unsigned char *)0x0000","x/32bx 0xa470","set $samples = $samples + 1","end","if $samples >= 1024","disable 5","else","continue","end"},original-location="*0x0ba9"}
*stopped
~"SAMPLE 975 FRAME 16\n"
~"0xa470:\t0x01\t0x38\t0xbc\t0x03\t0x10\t0x05\t0x01\t0x02\n"
~"0xa478:\t0x01\t0x88\t0xd4\t0x03\t0x16\t0x15\t0x01\t0x02\n"
~"0xa480:\t0x01\t0x56\t0x94\t0x03\t0x06\t0x0b\t0x01\t0x02\n"
~"0xa488:\t0x01\t0x6a\t0xc4\t0x03\t0x12\t0x0f\t0x01\t0x02\n"
*running,thread-id="all"
=breakpoint-modified,bkpt={number="5",type="breakpoint",disp="keep",enabled="y",addr="0x00000ba9",thread-groups=["i1"],times="977",script={"silent","if *(unsigned char *)0x0061 != 0","printf \"SAMPLE %u FRAME %u\\n\", $samples, *(unsigned char *)0x0000","x/32bx 0xa470","set $samples = $samples + 1","end","if $samples >= 1024","disable 5","else","continue","end"},original-location="*0x0ba9"}
*stopped
~"SAMPLE 976 FRAME 22\n"
~"0xa470:\t0x01\t0x39\t0xfc\t0x00\t0x10\t0x06\t0x01\t0x01\n"
~"0xa478:\t0x01\t0x8a\t0x14\t0x00\t0x16\t0x16\t0x01\t0x03\n"
~"0xa480:\t0x01\t0x57\t0xd4\t0x00\t0x06\t0x0c\t0x01\t0x02\n"
~"0xa488:\t0x01\t0x6c\t0x04\t0x00\t0x12\t0x10\t0x01\t0x02\n"
*running,thread-id="all"
=breakpoint-modified,bkpt={number="5",type="breakpoint",disp="keep",enabled="y",addr="0x00000ba9",thread-groups=["i1"],times="978",script={"silent","if *(unsigned char *)0x0061 != 0","printf \"SAMPLE %u FRAME %u\\n\", $samples, *(unsigned char *)0x0000","x/32bx 0xa470","set $samples = $samples + 1","end","if $samples >= 1024","disable 5","else","continue","end"},original-location="*0x0ba9"}
*stopped
~"SAMPLE 977 FRAME 26\n"
~"0xa470:\t0x01\t0x39\t0xfd\t0x01\t0x10\t0x06\t0x01\t0x01\n"
~"0xa478:\t0x01\t0x8a\t0x13\t0x01\t0x16\t0x16\t0x01\t0x03\n"
~"0xa480:\t0x01\t0x59\t0x14\t0x01\t0x06\t0x0c\t0x01\t0x02\n"
~"0xa488:\t0x01\t0x6d\t0x44\t0x01\t0x12\t0x10\t0x01\t0x02\n"
*running,thread-id="all"
=breakpoint-modified,bkpt={number="5",type="breakpoint",disp="keep",enabled="y",addr="0x00000ba9",thread-groups=["i1"],times="979",script={"silent","if *(unsigned char *)0x0061 != 0","printf \"SAMPLE %u FRAME %u\\n\", $samples, *(unsigned char *)0x0000","x/32bx 0xa470","set $samples = $samples + 1","end","if $samples >= 1024","disable 5","else","continue","end"},original-location="*0x0ba9"}
*stopped
~"SAMPLE 978 FRAME 30\n"
~"0xa470:\t0x01\t0x39\t0xfe\t0x02\t0x10\t0x06\t0x01\t0x01\n"
~"0xa478:\t0x01\t0x8a\t0x12\t0x02\t0x16\t0x16\t0x01\t0x03\n"
~"0xa480:\t0x01\t0x5a\t0x54\t0x02\t0x06\t0x0c\t0x01\t0x02\n"
~"0xa488:\t0x01\t0x6e\t0x84\t0x02\t0x12\t0x10\t0x01\t0x02\n"
*running,thread-id="all"
=breakpoint-modified,bkpt={number="5",type="breakpoint",disp="keep",enabled="y",addr="0x00000ba9",thread-groups=["i1"],times="980",script={"silent","if *(unsigned char *)0x0061 != 0","printf \"SAMPLE %u FRAME %u\\n\", $samples, *(unsigned char *)0x0000","x/32bx 0xa470","set $samples = $samples + 1","end","if $samples >= 1024","disable 5","else","continue","end"},original-location="*0x0ba9"}
*stopped
~"SAMPLE 979 FRAME 34\n"
~"0xa470:\t0x01\t0x39\t0xff\t0x03\t0x10\t0x06\t0x01\t0x01\n"
~"0xa478:\t0x01\t0x8a\t0x11\t0x03\t0x16\t0x16\t0x01\t0x03\n"
~"0xa480:\t0x01\t0x5b\t0x94\t0x03\t0x06\t0x0c\t0x01\t0x02\n"
~"0xa488:\t0x01\t0x6f\t0xc4\t0x03\t0x12\t0x10\t0x01\t0x02\n"
*running,thread-id="all"
=breakpoint-modified,bkpt={number="5",type="breakpoint",disp="keep",enabled="y",addr="0x00000ba9",thread-groups=["i1"],times="981",script={"silent","if *(unsigned char *)0x0061 != 0","printf \"SAMPLE %u FRAME %u\\n\", $samples, *(unsigned char *)0x0000","x/32bx 0xa470","set $samples = $samples + 1","end","if $samples >= 1024","disable 5","else","continue","end"},original-location="*0x0ba9"}
*stopped
~"SAMPLE 980 FRAME 38\n"
~"0xa470:\t0x01\t0x3a\t0x00\t0x00\t0x11\t0x06\t0x01\t0x01\n"
~"0xa478:\t0x01\t0x8a\t0x10\t0x00\t0x15\t0x16\t0x01\t0x03\n"
~"0xa480:\t0x01\t0x5c\t0xd4\t0x00\t0x06\t0x0d\t0x01\t0x02\n"
~"0xa488:\t0x01\t0x71\t0x04\t0x00\t0x12\t0x11\t0x01\t0x02\n"
*running,thread-id="all"
=breakpoint-modified,bkpt={number="5",type="breakpoint",disp="keep",enabled="y",addr="0x00000ba9",thread-groups=["i1"],times="982",script={"silent","if *(unsigned char *)0x0061 != 0","printf \"SAMPLE %u FRAME %u\\n\", $samples, *(unsigned char *)0x0000","x/32bx 0xa470","set $samples = $samples + 1","end","if $samples >= 1024","disable 5","else","continue","end"},original-location="*0x0ba9"}
*stopped
~"SAMPLE 981 FRAME 42\n"
~"0xa470:\t0x01\t0x3a\t0x01\t0x01\t0x11\t0x06\t0x01\t0x01\n"
~"0xa478:\t0x01\t0x8a\t0x0f\t0x01\t0x15\t0x16\t0x01\t0x03\n"
~"0xa480:\t0x01\t0x5e\t0x14\t0x01\t0x06\t0x0d\t0x01\t0x02\n"
~"0xa488:\t0x01\t0x72\t0x44\t0x01\t0x12\t0x11\t0x01\t0x02\n"
*running,thread-id="all"
=breakpoint-modified,bkpt={number="5",type="breakpoint",disp="keep",enabled="y",addr="0x00000ba9",thread-groups=["i1"],times="983",script={"silent","if *(unsigned char *)0x0061 != 0","printf \"SAMPLE %u FRAME %u\\n\", $samples, *(unsigned char *)0x0000","x/32bx 0xa470","set $samples = $samples + 1","end","if $samples >= 1024","disable 5","else","continue","end"},original-location="*0x0ba9"}
*stopped
~"SAMPLE 982 FRAME 46\n"
~"0xa470:\t0x01\t0x3a\t0x02\t0x02\t0x11\t0x06\t0x01\t0x01\n"
~"0xa478:\t0x01\t0x8a\t0x0e\t0x02\t0x15\t0x16\t0x01\t0x03\n"
~"0xa480:\t0x01\t0x5f\t0x54\t0x02\t0x06\t0x0d\t0x01\t0x02\n"
~"0xa488:\t0x01\t0x73\t0x84\t0x02\t0x12\t0x11\t0x01\t0x02\n"
*running,thread-id="all"
=breakpoint-modified,bkpt={number="5",type="breakpoint",disp="keep",enabled="y",addr="0x00000ba9",thread-groups=["i1"],times="984",script={"silent","if *(unsigned char *)0x0061 != 0","printf \"SAMPLE %u FRAME %u\\n\", $samples, *(unsigned char *)0x0000","x/32bx 0xa470","set $samples = $samples + 1","end","if $samples >= 1024","disable 5","else","continue","end"},original-location="*0x0ba9"}
*stopped
~"SAMPLE 983 FRAME 50\n"
~"0xa470:\t0x01\t0x3a\t0x03\t0x03\t0x11\t0x06\t0x01\t0x01\n"
~"0xa478:\t0x01\t0x8a\t0x0d\t0x03\t0x15\t0x16\t0x01\t0x03\n"
~"0xa480:\t0x01\t0x60\t0x94\t0x03\t0x06\t0x0d\t0x01\t0x02\n"
~"0xa488:\t0x01\t0x74\t0xc4\t0x03\t0x12\t0x11\t0x01\t0x02\n"
*running,thread-id="all"
=breakpoint-modified,bkpt={number="5",type="breakpoint",disp="keep",enabled="y",addr="0x00000ba9",thread-groups=["i1"],times="985",script={"silent","if *(unsigned char *)0x0061 != 0","printf \"SAMPLE %u FRAME %u\\n\", $samples, *(unsigned char *)0x0000","x/32bx 0xa470","set $samples = $samples + 1","end","if $samples >= 1024","disable 5","else","continue","end"},original-location="*0x0ba9"}
*stopped
~"SAMPLE 984 FRAME 54\n"
~"0xa470:\t0x01\t0x3a\t0x04\t0x00\t0x12\t0x06\t0x01\t0x00\n"
~"0xa478:\t0x01\t0x8a\t0x0c\t0x00\t0x14\t0x16\t0x01\t0x03\n"
~"0xa480:\t0x01\t0x61\t0xd4\t0x00\t0x06\t0x0e\t0x01\t0x02\n"
~"0xa488:\t0x01\t0x76\t0x04\t0x00\t0x12\t0x12\t0x01\t0x01\n"
*running,thread-id="all"
=breakpoint-modified,bkpt={number="5",type="breakpoint",disp="keep",enabled="y",addr="0x00000ba9",thread-groups=["i1"],times="986",script={"silent","if *(unsigned char *)0x0061 != 0","printf \"SAMPLE %u FRAME %u\\n\", $samples, *(unsigned char *)0x0000","x/32bx 0xa470","set $samples = $samples + 1","end","if $samples >= 1024","disable 5","else","continue","end"},original-location="*0x0ba9"}
*stopped
~"SAMPLE 985 FRAME 58\n"
~"0xa470:\t0x01\t0x38\t0xc4\t0x01\t0x12\t0x06\t0x01\t0x00\n"
~"0xa478:\t0x01\t0x8a\t0x0b\t0x01\t0x14\t0x16\t0x01\t0x03\n"
~"0xa480:\t0x01\t0x63\t0x14\t0x01\t0x06\t0x0e\t0x01\t0x02\n"
~"0xa488:\t0x01\t0x76\t0x05\t0x01\t0x12\t0x12\t0x01\t0x01\n"
*running,thread-id="all"
=breakpoint-modified,bkpt={number="5",type="breakpoint",disp="keep",enabled="y",addr="0x00000ba9",thread-groups=["i1"],times="987",script={"silent","if *(unsigned char *)0x0061 != 0","printf \"SAMPLE %u FRAME %u\\n\", $samples, *(unsigned char *)0x0000","x/32bx 0xa470","set $samples = $samples + 1","end","if $samples >= 1024","disable 5","else","continue","end"},original-location="*0x0ba9"}
*stopped
~"SAMPLE 986 FRAME 62\n"
~"0xa470:\t0x01\t0x37\t0x84\t0x02\t0x12\t0x06\t0x01\t0x00\n"
~"0xa478:\t0x01\t0x8a\t0x0a\t0x02\t0x14\t0x16\t0x01\t0x03\n"
~"0xa480:\t0x01\t0x64\t0x54\t0x02\t0x06\t0x0e\t0x01\t0x02\n"
~"0xa488:\t0x01\t0x76\t0x06\t0x02\t0x12\t0x12\t0x01\t0x01\n"
*running,thread-id="all"
=breakpoint-modified,bkpt={number="5",type="breakpoint",disp="keep",enabled="y",addr="0x00000ba9",thread-groups=["i1"],times="988",script={"silent","if *(unsigned char *)0x0061 != 0","printf \"SAMPLE %u FRAME %u\\n\", $samples, *(unsigned char *)0x0000","x/32bx 0xa470","set $samples = $samples + 1","end","if $samples >= 1024","disable 5","else","continue","end"},original-location="*0x0ba9"}
*stopped
~"SAMPLE 987 FRAME 66\n"
~"0xa470:\t0x01\t0x36\t0x44\t0x03\t0x12\t0x06\t0x01\t0x00\n"
~"0xa478:\t0x01\t0x8a\t0x09\t0x03\t0x14\t0x16\t0x01\t0x03\n"
~"0xa480:\t0x01\t0x65\t0x94\t0x03\t0x06\t0x0e\t0x01\t0x02\n"
~"0xa488:\t0x01\t0x76\t0x07\t0x03\t0x12\t0x12\t0x01\t0x01\n"
*running,thread-id="all"
=breakpoint-modified,bkpt={number="5",type="breakpoint",disp="keep",enabled="y",addr="0x00000ba9",thread-groups=["i1"],times="989",script={"silent","if *(unsigned char *)0x0061 != 0","printf \"SAMPLE %u FRAME %u\\n\", $samples, *(unsigned char *)0x0000","x/32bx 0xa470","set $samples = $samples + 1","end","if $samples >= 1024","disable 5","else","continue","end"},original-location="*0x0ba9"}
*stopped
~"SAMPLE 988 FRAME 72\n"
~"0xa470:\t0x01\t0x35\t0x04\t0x00\t0x12\t0x05\t0x01\t0x00\n"
~"0xa478:\t0x01\t0x8a\t0x08\t0x00\t0x13\t0x16\t0x01\t0x03\n"
~"0xa480:\t0x01\t0x66\t0xd4\t0x00\t0x06\t0x0f\t0x01\t0x02\n"
~"0xa488:\t0x01\t0x76\t0x08\t0x00\t0x13\t0x12\t0x01\t0x01\n"
*running,thread-id="all"
=breakpoint-modified,bkpt={number="5",type="breakpoint",disp="keep",enabled="y",addr="0x00000ba9",thread-groups=["i1"],times="990",script={"silent","if *(unsigned char *)0x0061 != 0","printf \"SAMPLE %u FRAME %u\\n\", $samples, *(unsigned char *)0x0000","x/32bx 0xa470","set $samples = $samples + 1","end","if $samples >= 1024","disable 5","else","continue","end"},original-location="*0x0ba9"}
*stopped
~"SAMPLE 989 FRAME 76\n"
~"0xa470:\t0x01\t0x33\t0xc4\t0x01\t0x12\t0x05\t0x01\t0x00\n"
~"0xa478:\t0x01\t0x8a\t0x07\t0x01\t0x13\t0x16\t0x01\t0x03\n"
~"0xa480:\t0x01\t0x68\t0x14\t0x01\t0x06\t0x0f\t0x01\t0x02\n"
~"0xa488:\t0x01\t0x76\t0x09\t0x01\t0x13\t0x12\t0x01\t0x01\n"
*running,thread-id="all"
=breakpoint-modified,bkpt={number="5",type="breakpoint",disp="keep",enabled="y",addr="0x00000ba9",thread-groups=["i1"],times="991",script={"silent","if *(unsigned char *)0x0061 != 0","printf \"SAMPLE %u FRAME %u\\n\", $samples, *(unsigned char *)0x0000","x/32bx 0xa470","set $samples = $samples + 1","end","if $samples >= 1024","disable 5","else","continue","end"},original-location="*0x0ba9"}
*stopped
~"SAMPLE 990 FRAME 80\n"
~"0xa470:\t0x01\t0x32\t0x84\t0x02\t0x12\t0x05\t0x01\t0x00\n"
~"0xa478:\t0x01\t0x8a\t0x06\t0x02\t0x13\t0x16\t0x01\t0x03\n"
~"0xa480:\t0x01\t0x69\t0x54\t0x02\t0x06\t0x0f\t0x01\t0x02\n"
~"0xa488:\t0x01\t0x76\t0x0a\t0x02\t0x13\t0x12\t0x01\t0x01\n"
*running,thread-id="all"
=breakpoint-modified,bkpt={number="5",type="breakpoint",disp="keep",enabled="y",addr="0x00000ba9",thread-groups=["i1"],times="992",script={"silent","if *(unsigned char *)0x0061 != 0","printf \"SAMPLE %u FRAME %u\\n\", $samples, *(unsigned char *)0x0000","x/32bx 0xa470","set $samples = $samples + 1","end","if $samples >= 1024","disable 5","else","continue","end"},original-location="*0x0ba9"}
*stopped
~"SAMPLE 991 FRAME 84\n"
~"0xa470:\t0x01\t0x31\t0x44\t0x03\t0x12\t0x05\t0x01\t0x00\n"
~"0xa478:\t0x01\t0x8a\t0x05\t0x03\t0x13\t0x16\t0x01\t0x03\n"
~"0xa480:\t0x01\t0x6a\t0x94\t0x03\t0x06\t0x0f\t0x01\t0x02\n"
~"0xa488:\t0x01\t0x76\t0x0b\t0x03\t0x13\t0x12\t0x01\t0x01\n"
*running,thread-id="all"
=breakpoint-modified,bkpt={number="5",type="breakpoint",disp="keep",enabled="y",addr="0x00000ba9",thread-groups=["i1"],times="993",script={"silent","if *(unsigned char *)0x0061 != 0","printf \"SAMPLE %u FRAME %u\\n\", $samples, *(unsigned char *)0x0000","x/32bx 0xa470","set $samples = $samples + 1","end","if $samples >= 1024","disable 5","else","continue","end"},original-location="*0x0ba9"}
*stopped
~"SAMPLE 992 FRAME 88\n"
~"0xa470:\t0x01\t0x30\t0x04\t0x00\t0x12\t0x04\t0x01\t0x01\n"
~"0xa478:\t0x01\t0x8a\t0x04\t0x00\t0x12\t0x16\t0x01\t0x03\n"
~"0xa480:\t0x01\t0x6b\t0xd4\t0x00\t0x06\t0x10\t0x01\t0x02\n"
~"0xa488:\t0x01\t0x76\t0x0c\t0x00\t0x14\t0x12\t0x01\t0x01\n"
*running,thread-id="all"
=breakpoint-modified,bkpt={number="5",type="breakpoint",disp="keep",enabled="y",addr="0x00000ba9",thread-groups=["i1"],times="994",script={"silent","if *(unsigned char *)0x0061 != 0","printf \"SAMPLE %u FRAME %u\\n\", $samples, *(unsigned char *)0x0000","x/32bx 0xa470","set $samples = $samples + 1","end","if $samples >= 1024","disable 5","else","continue","end"},original-location="*0x0ba9"}
*stopped
~"SAMPLE 993 FRAME 92\n"
~"0xa470:\t0x01\t0x30\t0x05\t0x01\t0x12\t0x04\t0x01\t0x01\n"
~"0xa478:\t0x01\t0x8a\t0x03\t0x01\t0x12\t0x16\t0x01\t0x03\n"
~"0xa480:\t0x01\t0x6d\t0x14\t0x01\t0x06\t0x10\t0x01\t0x02\n"
~"0xa488:\t0x01\t0x76\t0x0d\t0x01\t0x14\t0x12\t0x01\t0x01\n"
*running,thread-id="all"
=breakpoint-modified,bkpt={number="5",type="breakpoint",disp="keep",enabled="y",addr="0x00000ba9",thread-groups=["i1"],times="995",script={"silent","if *(unsigned char *)0x0061 != 0","printf \"SAMPLE %u FRAME %u\\n\", $samples, *(unsigned char *)0x0000","x/32bx 0xa470","set $samples = $samples + 1","end","if $samples >= 1024","disable 5","else","continue","end"},original-location="*0x0ba9"}
*stopped
~"SAMPLE 994 FRAME 96\n"
~"0xa470:\t0x01\t0x30\t0x06\t0x02\t0x12\t0x04\t0x01\t0x01\n"
~"0xa478:\t0x01\t0x8a\t0x02\t0x02\t0x12\t0x16\t0x01\t0x03\n"
~"0xa480:\t0x01\t0x6e\t0x54\t0x02\t0x06\t0x10\t0x01\t0x02\n"
~"0xa488:\t0x01\t0x76\t0x0e\t0x02\t0x14\t0x12\t0x01\t0x01\n"
*running,thread-id="all"
=breakpoint-modified,bkpt={number="5",type="breakpoint",disp="keep",enabled="y",addr="0x00000ba9",thread-groups=["i1"],times="996",script={"silent","if *(unsigned char *)0x0061 != 0","printf \"SAMPLE %u FRAME %u\\n\", $samples, *(unsigned char *)0x0000","x/32bx 0xa470","set $samples = $samples + 1","end","if $samples >= 1024","disable 5","else","continue","end"},original-location="*0x0ba9"}
*stopped
~"SAMPLE 995 FRAME 100\n"
~"0xa470:\t0x01\t0x30\t0x07\t0x03\t0x12\t0x04\t0x01\t0x01\n"
~"0xa478:\t0x01\t0x8a\t0x01\t0x03\t0x12\t0x16\t0x01\t0x03\n"
~"0xa480:\t0x01\t0x6f\t0x94\t0x03\t0x06\t0x10\t0x01\t0x02\n"
~"0xa488:\t0x01\t0x76\t0x0f\t0x03\t0x14\t0x12\t0x01\t0x01\n"
*running,thread-id="all"
=breakpoint-modified,bkpt={number="5",type="breakpoint",disp="keep",enabled="y",addr="0x00000ba9",thread-groups=["i1"],times="997",script={"silent","if *(unsigned char *)0x0061 != 0","printf \"SAMPLE %u FRAME %u\\n\", $samples, *(unsigned char *)0x0000","x/32bx 0xa470","set $samples = $samples + 1","end","if $samples >= 1024","disable 5","else","continue","end"},original-location="*0x0ba9"}
*stopped
~"SAMPLE 996 FRAME 104\n"
~"0xa470:\t0x01\t0x30\t0x08\t0x00\t0x13\t0x04\t0x01\t0x01\n"
~"0xa478:\t0x01\t0x8a\t0x00\t0x00\t0x11\t0x16\t0x01\t0x03\n"
~"0xa480:\t0x01\t0x70\t0xd4\t0x00\t0x06\t0x11\t0x01\t0x02\n"
~"0xa488:\t0x01\t0x76\t0x10\t0x00\t0x15\t0x12\t0x01\t0x01\n"
*running,thread-id="all"
=breakpoint-modified,bkpt={number="5",type="breakpoint",disp="keep",enabled="y",addr="0x00000ba9",thread-groups=["i1"],times="998",script={"silent","if *(unsigned char *)0x0061 != 0","printf \"SAMPLE %u FRAME %u\\n\", $samples, *(unsigned char *)0x0000","x/32bx 0xa470","set $samples = $samples + 1","end","if $samples >= 1024","disable 5","else","continue","end"},original-location="*0x0ba9"}
*stopped
~"SAMPLE 997 FRAME 108\n"
~"0xa470:\t0x01\t0x30\t0x09\t0x01\t0x13\t0x04\t0x01\t0x01\n"
~"0xa478:\t0x01\t0x89\t0xff\t0x01\t0x11\t0x16\t0x01\t0x03\n"
~"0xa480:\t0x01\t0x72\t0x14\t0x01\t0x06\t0x11\t0x01\t0x02\n"
~"0xa488:\t0x01\t0x76\t0x11\t0x01\t0x15\t0x12\t0x01\t0x01\n"
*running,thread-id="all"
=breakpoint-modified,bkpt={number="5",type="breakpoint",disp="keep",enabled="y",addr="0x00000ba9",thread-groups=["i1"],times="999",script={"silent","if *(unsigned char *)0x0061 != 0","printf \"SAMPLE %u FRAME %u\\n\", $samples, *(unsigned char *)0x0000","x/32bx 0xa470","set $samples = $samples + 1","end","if $samples >= 1024","disable 5","else","continue","end"},original-location="*0x0ba9"}
*stopped
~"SAMPLE 998 FRAME 112\n"
~"0xa470:\t0x01\t0x30\t0x0a\t0x02\t0x13\t0x04\t0x01\t0x01\n"
~"0xa478:\t0x01\t0x89\t0xfe\t0x02\t0x11\t0x16\t0x01\t0x03\n"
~"0xa480:\t0x01\t0x73\t0x54\t0x02\t0x06\t0x11\t0x01\t0x02\n"
~"0xa488:\t0x01\t0x76\t0x12\t0x02\t0x15\t0x12\t0x01\t0x01\n"
*running,thread-id="all"
=breakpoint-modified,bkpt={number="5",type="breakpoint",disp="keep",enabled="y",addr="0x00000ba9",thread-groups=["i1"],times="1000",script={"silent","if *(unsigned char *)0x0061 != 0","printf \"SAMPLE %u FRAME %u\\n\", $samples, *(unsigned char *)0x0000","x/32bx 0xa470","set $samples = $samples + 1","end","if $samples >= 1024","disable 5","else","continue","end"},original-location="*0x0ba9"}
*stopped
~"SAMPLE 999 FRAME 116\n"
~"0xa470:\t0x01\t0x30\t0x0b\t0x03\t0x13\t0x04\t0x01\t0x01\n"
~"0xa478:\t0x01\t0x89\t0xfd\t0x03\t0x11\t0x16\t0x01\t0x03\n"
~"0xa480:\t0x01\t0x74\t0x94\t0x03\t0x06\t0x11\t0x01\t0x02\n"
~"0xa488:\t0x01\t0x76\t0x13\t0x03\t0x15\t0x12\t0x01\t0x01\n"
*running,thread-id="all"
=breakpoint-modified,bkpt={number="5",type="breakpoint",disp="keep",enabled="y",addr="0x00000ba9",thread-groups=["i1"],times="1001",script={"silent","if *(unsigned char *)0x0061 != 0","printf \"SAMPLE %u FRAME %u\\n\", $samples, *(unsigned char *)0x0000","x/32bx 0xa470","set $samples = $samples + 1","end","if $samples >= 1024","disable 5","else","continue","end"},original-location="*0x0ba9"}
*stopped
~"SAMPLE 1000 FRAME 122\n"
~"0xa470:\t0x01\t0x30\t0x0c\t0x00\t0x14\t0x04\t0x01\t0x03\n"
~"0xa478:\t0x01\t0x89\t0xfc\t0x00\t0x10\t0x16\t0x01\t0x03\n"
~"0xa480:\t0x01\t0x75\t0xd4\t0x00\t0x06\t0x12\t0x01\t0x01\n"
~"0xa488:\t0x01\t0x76\t0x14\t0x00\t0x16\t0x12\t0x01\t0x00\n"
*running,thread-id="all"
=breakpoint-modified,bkpt={number="5",type="breakpoint",disp="keep",enabled="y",addr="0x00000ba9",thread-groups=["i1"],times="1002",script={"silent","if *(unsigned char *)0x0061 != 0","printf \"SAMPLE %u FRAME %u\\n\", $samples, *(unsigned char *)0x0000","x/32bx 0xa470","set $samples = $samples + 1","end","if $samples >= 1024","disable 5","else","continue","end"},original-location="*0x0ba9"}
*stopped
~"SAMPLE 1001 FRAME 126\n"
~"0xa470:\t0x01\t0x30\t0x0b\t0x01\t0x14\t0x04\t0x01\t0x03\n"
~"0xa478:\t0x01\t0x89\t0xfb\t0x01\t0x10\t0x16\t0x01\t0x03\n"
~"0xa480:\t0x01\t0x75\t0xd5\t0x01\t0x06\t0x12\t0x01\t0x01\n"
~"0xa488:\t0x01\t0x74\t0xd4\t0x01\t0x16\t0x12\t0x01\t0x00\n"
*running,thread-id="all"
=breakpoint-modified,bkpt={number="5",type="breakpoint",disp="keep",enabled="y",addr="0x00000ba9",thread-groups=["i1"],times="1003",script={"silent","if *(unsigned char *)0x0061 != 0","printf \"SAMPLE %u FRAME %u\\n\", $samples, *(unsigned char *)0x0000","x/32bx 0xa470","set $samples = $samples + 1","end","if $samples >= 1024","disable 5","else","continue","end"},original-location="*0x0ba9"}
*stopped
~"SAMPLE 1002 FRAME 130\n"
~"0xa470:\t0x01\t0x30\t0x0a\t0x02\t0x14\t0x04\t0x01\t0x03\n"
~"0xa478:\t0x01\t0x89\t0xfa\t0x02\t0x10\t0x16\t0x01\t0x03\n"
~"0xa480:\t0x01\t0x75\t0xd6\t0x02\t0x06\t0x12\t0x01\t0x01\n"
~"0xa488:\t0x01\t0x73\t0x94\t0x02\t0x16\t0x12\t0x01\t0x00\n"
*running,thread-id="all"
=breakpoint-modified,bkpt={number="5",type="breakpoint",disp="keep",enabled="y",addr="0x00000ba9",thread-groups=["i1"],times="1004",script={"silent","if *(unsigned char *)0x0061 != 0","printf \"SAMPLE %u FRAME %u\\n\", $samples, *(unsigned char *)0x0000","x/32bx 0xa470","set $samples = $samples + 1","end","if $samples >= 1024","disable 5","else","continue","end"},original-location="*0x0ba9"}
*stopped
~"SAMPLE 1003 FRAME 134\n"
~"0xa470:\t0x01\t0x30\t0x09\t0x03\t0x14\t0x04\t0x01\t0x03\n"
~"0xa478:\t0x01\t0x89\t0xf9\t0x03\t0x10\t0x16\t0x01\t0x03\n"
~"0xa480:\t0x01\t0x75\t0xd7\t0x03\t0x06\t0x12\t0x01\t0x01\n"
~"0xa488:\t0x01\t0x72\t0x54\t0x03\t0x16\t0x12\t0x01\t0x00\n"
*running,thread-id="all"
=breakpoint-modified,bkpt={number="5",type="breakpoint",disp="keep",enabled="y",addr="0x00000ba9",thread-groups=["i1"],times="1005",script={"silent","if *(unsigned char *)0x0061 != 0","printf \"SAMPLE %u FRAME %u\\n\", $samples, *(unsigned char *)0x0000","x/32bx 0xa470","set $samples = $samples + 1","end","if $samples >= 1024","disable 5","else","continue","end"},original-location="*0x0ba9"}
*stopped
~"SAMPLE 1004 FRAME 138\n"
~"0xa470:\t0x01\t0x30\t0x08\t0x00\t0x13\t0x04\t0x01\t0x03\n"
~"0xa478:\t0x01\t0x89\t0xf8\t0x00\t0x0f\t0x16\t0x01\t0x03\n"
~"0xa480:\t0x01\t0x75\t0xd8\t0x00\t0x07\t0x12\t0x01\t0x01\n"
~"0xa488:\t0x01\t0x71\t0x14\t0x00\t0x16\t0x11\t0x01\t0x00\n"
*running,thread-id="all"
=breakpoint-modified,bkpt={number="5",type="breakpoint",disp="keep",enabled="y",addr="0x00000ba9",thread-groups=["i1"],times="1006",script={"silent","if *(unsigned char *)0x0061 != 0","printf \"SAMPLE %u FRAME %u\\n\", $samples, *(unsigned char *)0x0000","x/32bx 0xa470","set $samples = $samples + 1","end","if $samples >= 1024","disable 5","else","continue","end"},original-location="*0x0ba9"}
*stopped
~"SAMPLE 1005 FRAME 142\n"
~"0xa470:\t0x01\t0x30\t0x07\t0x01\t0x13\t0x04\t0x01\t0x03\n"
~"0xa478:\t0x01\t0x89\t0xf7\t0x01\t0x0f\t0x16\t0x01\t0x03\n"
~"0xa480:\t0x01\t0x75\t0xd9\t0x01\t0x07\t0x12\t0x01\t0x01\n"
~"0xa488:\t0x01\t0x6f\t0xd4\t0x01\t0x16\t0x11\t0x01\t0x00\n"
*running,thread-id="all"
=breakpoint-modified,bkpt={number="5",type="breakpoint",disp="keep",enabled="y",addr="0x00000ba9",thread-groups=["i1"],times="1007",script={"silent","if *(unsigned char *)0x0061 != 0","printf \"SAMPLE %u FRAME %u\\n\", $samples, *(unsigned char *)0x0000","x/32bx 0xa470","set $samples = $samples + 1","end","if $samples >= 1024","disable 5","else","continue","end"},original-location="*0x0ba9"}
*stopped
~"SAMPLE 1006 FRAME 146\n"
~"0xa470:\t0x01\t0x30\t0x06\t0x02\t0x13\t0x04\t0x01\t0x03\n"
~"0xa478:\t0x01\t0x89\t0xf6\t0x02\t0x0f\t0x16\t0x01\t0x03\n"
~"0xa480:\t0x01\t0x75\t0xda\t0x02\t0x07\t0x12\t0x01\t0x01\n"
~"0xa488:\t0x01\t0x6e\t0x94\t0x02\t0x16\t0x11\t0x01\t0x00\n"
*running,thread-id="all"
=breakpoint-modified,bkpt={number="5",type="breakpoint",disp="keep",enabled="y",addr="0x00000ba9",thread-groups=["i1"],times="1008",script={"silent","if *(unsigned char *)0x0061 != 0","printf \"SAMPLE %u FRAME %u\\n\", $samples, *(unsigned char *)0x0000","x/32bx 0xa470","set $samples = $samples + 1","end","if $samples >= 1024","disable 5","else","continue","end"},original-location="*0x0ba9"}
*stopped
~"SAMPLE 1007 FRAME 150\n"
~"0xa470:\t0x01\t0x30\t0x05\t0x03\t0x13\t0x04\t0x01\t0x03\n"
~"0xa478:\t0x01\t0x89\t0xf5\t0x03\t0x0f\t0x16\t0x01\t0x03\n"
~"0xa480:\t0x01\t0x75\t0xdb\t0x03\t0x07\t0x12\t0x01\t0x01\n"
~"0xa488:\t0x01\t0x6d\t0x54\t0x03\t0x16\t0x11\t0x01\t0x00\n"
*running,thread-id="all"
=breakpoint-modified,bkpt={number="5",type="breakpoint",disp="keep",enabled="y",addr="0x00000ba9",thread-groups=["i1"],times="1009",script={"silent","if *(unsigned char *)0x0061 != 0","printf \"SAMPLE %u FRAME %u\\n\", $samples, *(unsigned char *)0x0000","x/32bx 0xa470","set $samples = $samples + 1","end","if $samples >= 1024","disable 5","else","continue","end"},original-location="*0x0ba9"}
*stopped
~"SAMPLE 1008 FRAME 154\n"
~"0xa470:\t0x01\t0x30\t0x04\t0x00\t0x12\t0x04\t0x01\t0x02\n"
~"0xa478:\t0x01\t0x89\t0xf4\t0x00\t0x0e\t0x16\t0x01\t0x00\n"
~"0xa480:\t0x01\t0x75\t0xdc\t0x00\t0x08\t0x12\t0x01\t0x00\n"
~"0xa488:\t0x01\t0x6c\t0x14\t0x00\t0x16\t0x10\t0x01\t0x00\n"
*running,thread-id="all"
=breakpoint-modified,bkpt={number="5",type="breakpoint",disp="keep",enabled="y",addr="0x00000ba9",thread-groups=["i1"],times="1010",script={"silent","if *(unsigned char *)0x0061 != 0","printf \"SAMPLE %u FRAME %u\\n\", $samples, *(unsigned char *)0x0000","x/32bx 0xa470","set $samples = $samples + 1","end","if $samples >= 1024","disable 5","else","continue","end"},original-location="*0x0ba9"}
*stopped
~"SAMPLE 1009 FRAME 158\n"
~"0xa470:\t0x01\t0x31\t0x44\t0x01\t0x12\t0x04\t0x01\t0x02\n"
~"0xa478:\t0x01\t0x88\t0xb4\t0x01\t0x0e\t0x16\t0x01\t0x00\n"
~"0xa480:\t0x01\t0x74\t0x9c\t0x01\t0x08\t0x12\t0x01\t0x00\n"
~"0xa488:\t0x01\t0x6a\t0xd4\t0x01\t0x16\t0x10\t0x01\t0x00\n"
*running,thread-id="all"
=breakpoint-modified,bkpt={number="5",type="breakpoint",disp="keep",enabled="y",addr="0x00000ba9",thread-groups=["i1"],times="1011",script={"silent","if *(unsigned char *)0x0061 != 0","printf \"SAMPLE %u FRAME %u\\n\", $samples, *(unsigned char *)0x0000","x/32bx 0xa470","set $samples = $samples + 1","end","if $samples >= 1024","disable 5","else","continue","end"},original-location="*0x0ba9"}
*stopped
~"SAMPLE 1010 FRAME 162\n"
~"0xa470:\t0x01\t0x32\t0x84\t0x02\t0x12\t0x04\t0x01\t0x02\n"
~"0xa478:\t0x01\t0x87\t0x74\t0x02\t0x0e\t0x16\t0x01\t0x00\n"
~"0xa480:\t0x01\t0x73\t0x5c\t0x02\t0x08\t0x12\t0x01\t0x00\n"
~"0xa488:\t0x01\t0x69\t0x94\t0x02\t0x16\t0x10\t0x01\t0x00\n"
*running,thread-id="all"
=breakpoint-modified,bkpt={number="5",type="breakpoint",disp="keep",enabled="y",addr="0x00000ba9",thread-groups=["i1"],times="1012",script={"silent","if *(unsigned char *)0x0061 != 0","printf \"SAMPLE %u FRAME %u\\n\", $samples, *(unsigned char *)0x0000","x/32bx 0xa470","set $samples = $samples + 1","end","if $samples >= 1024","disable 5","else","continue","end"},original-location="*0x0ba9"}
*stopped
~"SAMPLE 1011 FRAME 166\n"
~"0xa470:\t0x01\t0x33\t0xc4\t0x03\t0x12\t0x04\t0x01\t0x02\n"
~"0xa478:\t0x01\t0x86\t0x34\t0x03\t0x0e\t0x16\t0x01\t0x00\n"
~"0xa480:\t0x01\t0x72\t0x1c\t0x03\t0x08\t0x12\t0x01\t0x00\n"
~"0xa488:\t0x01\t0x68\t0x54\t0x03\t0x16\t0x10\t0x01\t0x00\n"
*running,thread-id="all"
=breakpoint-modified,bkpt={number="5",type="breakpoint",disp="keep",enabled="y",addr="0x00000ba9",thread-groups=["i1"],times="1013",script={"silent","if *(unsigned char *)0x0061 != 0","printf \"SAMPLE %u FRAME %u\\n\", $samples, *(unsigned char *)0x0000","x/32bx 0xa470","set $samples = $samples + 1","end","if $samples >= 1024","disable 5","else","continue","end"},original-location="*0x0ba9"}
*stopped
~"SAMPLE 1012 FRAME 172\n"
~"0xa470:\t0x01\t0x35\t0x04\t0x00\t0x12\t0x05\t0x01\t0x02\n"
~"0xa478:\t0x01\t0x84\t0xf4\t0x00\t0x0e\t0x15\t0x01\t0x00\n"
~"0xa480:\t0x01\t0x70\t0xdc\t0x00\t0x08\t0x11\t0x01\t0x00\n"
~"0xa488:\t0x01\t0x67\t0x14\t0x00\t0x16\t0x0f\t0x01\t0x00\n"
*running,thread-id="all"
=breakpoint-modified,bkpt={number="5",type="breakpoint",disp="keep",enabled="y",addr="0x00000ba9",thread-groups=["i1"],times="1014",script={"silent","if *(unsigned char *)0x0061 != 0","printf \"SAMPLE %u FRAME %u\\n\", $samples, *(unsigned char *)0x0000","x/32bx 0xa470","set $samples = $samples + 1","end","if $samples >= 1024","disable 5","else","continue","end"},original-location="*0x0ba9"}
*stopped
~"SAMPLE 1013 FRAME 176\n"
~"0xa470:\t0x01\t0x36\t0x44\t0x01\t0x12\t0x05\t0x01\t0x02\n"
~"0xa478:\t0x01\t0x83\t0xb4\t0x01\t0x0e\t0x15\t0x01\t0x00\n"
~"0xa480:\t0x01\t0x6f\t0x9c\t0x01\t0x08\t0x11\t0x01\t0x00\n"
~"0xa488:\t0x01\t0x65\t0xd4\t0x01\t0x16\t0x0f\t0x01\t0x00\n"
*running,thread-id="all"
=breakpoint-modified,bkpt={number="5",type="breakpoint",disp="keep",enabled="y",addr="0x00000ba9",thread-groups=["i1"],times="1015",script={"silent","if *(unsigned char *)0x0061 != 0","printf \"SAMPLE %u FRAME %u\\n\", $samples, *(unsigned char *)0x0000","x/32bx 0xa470","set $samples = $samples + 1","end","if $samples >= 1024","disable 5","else","continue","end"},original-location="*0x0ba9"}
*stopped
~"SAMPLE 1014 FRAME 180\n"
~"0xa470:\t0x01\t0x37\t0x84\t0x02\t0x12\t0x05\t0x01\t0x02\n"
~"0xa478:\t0x01\t0x82\t0x74\t0x02\t0x0e\t0x15\t0x01\t0x00\n"
~"0xa480:\t0x01\t0x6e\t0x5c\t0x02\t0x08\t0x11\t0x01\t0x00\n"
~"0xa488:\t0x01\t0x64\t0x94\t0x02\t0x16\t0x0f\t0x01\t0x00\n"
*running,thread-id="all"
=breakpoint-modified,bkpt={number="5",type="breakpoint",disp="keep",enabled="y",addr="0x00000ba9",thread-groups=["i1"],times="1016",script={"silent","if *(unsigned char *)0x0061 != 0","printf \"SAMPLE %u FRAME %u\\n\", $samples, *(unsigned char *)0x0000","x/32bx 0xa470","set $samples = $samples + 1","end","if $samples >= 1024","disable 5","else","continue","end"},original-location="*0x0ba9"}
*stopped
~"SAMPLE 1015 FRAME 184\n"
~"0xa470:\t0x01\t0x38\t0xc4\t0x03\t0x12\t0x05\t0x01\t0x02\n"
~"0xa478:\t0x01\t0x81\t0x34\t0x03\t0x0e\t0x15\t0x01\t0x00\n"
~"0xa480:\t0x01\t0x6d\t0x1c\t0x03\t0x08\t0x11\t0x01\t0x00\n"
~"0xa488:\t0x01\t0x63\t0x54\t0x03\t0x16\t0x0f\t0x01\t0x00\n"
*running,thread-id="all"
=breakpoint-modified,bkpt={number="5",type="breakpoint",disp="keep",enabled="y",addr="0x00000ba9",thread-groups=["i1"],times="1017",script={"silent","if *(unsigned char *)0x0061 != 0","printf \"SAMPLE %u FRAME %u\\n\", $samples, *(unsigned char *)0x0000","x/32bx 0xa470","set $samples = $samples + 1","end","if $samples >= 1024","disable 5","else","continue","end"},original-location="*0x0ba9"}
*stopped
~"SAMPLE 1016 FRAME 188\n"
~"0xa470:\t0x01\t0x3a\t0x04\t0x00\t0x12\t0x06\t0x01\t0x03\n"
~"0xa478:\t0x01\t0x7f\t0xf4\t0x00\t0x0e\t0x14\t0x01\t0x01\n"
~"0xa480:\t0x01\t0x6b\t0xdc\t0x00\t0x08\t0x10\t0x01\t0x00\n"
~"0xa488:\t0x01\t0x62\t0x14\t0x00\t0x16\t0x0e\t0x01\t0x00\n"
*running,thread-id="all"
=breakpoint-modified,bkpt={number="5",type="breakpoint",disp="keep",enabled="y",addr="0x00000ba9",thread-groups=["i1"],times="1018",script={"silent","if *(unsigned char *)0x0061 != 0","printf \"SAMPLE %u FRAME %u\\n\", $samples, *(unsigned char *)0x0000","x/32bx 0xa470","set $samples = $samples + 1","end","if $samples >= 1024","disable 5","else","continue","end"},original-location="*0x0ba9"}
*stopped
~"SAMPLE 1017 FRAME 192\n"
~"0xa470:\t0x01\t0x3a\t0x03\t0x01\t0x12\t0x06\t0x01\t0x03\n"
~"0xa478:\t0x01\t0x7f\t0xf5\t0x01\t0x0e\t0x14\t0x01\t0x01\n"
~"0xa480:\t0x01\t0x6a\t0x9c\t0x01\t0x08\t0x10\t0x01\t0x00\n"
~"0xa488:\t0x01\t0x60\t0xd4\t0x01\t0x16\t0x0e\t0x01\t0x00\n"
*running,thread-id="all"
=breakpoint-modified,bkpt={number="5",type="breakpoint",disp="keep",enabled="y",addr="0x00000ba9",thread-groups=["i1"],times="1019",script={"silent","if *(unsigned char *)0x0061 != 0","printf \"SAMPLE %u FRAME %u\\n\", $samples, *(unsigned char *)0x0000","x/32bx 0xa470","set $samples = $samples + 1","end","if $samples >= 1024","disable 5","else","continue","end"},original-location="*0x0ba9"}
*stopped
~"SAMPLE 1018 FRAME 196\n"
~"0xa470:\t0x01\t0x3a\t0x02\t0x02\t0x12\t0x06\t0x01\t0x03\n"
~"0xa478:\t0x01\t0x7f\t0xf6\t0x02\t0x0e\t0x14\t0x01\t0x01\n"
~"0xa480:\t0x01\t0x69\t0x5c\t0x02\t0x08\t0x10\t0x01\t0x00\n"
~"0xa488:\t0x01\t0x5f\t0x94\t0x02\t0x16\t0x0e\t0x01\t0x00\n"
*running,thread-id="all"
=breakpoint-modified,bkpt={number="5",type="breakpoint",disp="keep",enabled="y",addr="0x00000ba9",thread-groups=["i1"],times="1020",script={"silent","if *(unsigned char *)0x0061 != 0","printf \"SAMPLE %u FRAME %u\\n\", $samples, *(unsigned char *)0x0000","x/32bx 0xa470","set $samples = $samples + 1","end","if $samples >= 1024","disable 5","else","continue","end"},original-location="*0x0ba9"}
*stopped
~"SAMPLE 1019 FRAME 200\n"
~"0xa470:\t0x01\t0x3a\t0x01\t0x03\t0x12\t0x06\t0x01\t0x03\n"
~"0xa478:\t0x01\t0x7f\t0xf7\t0x03\t0x0e\t0x14\t0x01\t0x01\n"
~"0xa480:\t0x01\t0x68\t0x1c\t0x03\t0x08\t0x10\t0x01\t0x00\n"
~"0xa488:\t0x01\t0x5e\t0x54\t0x03\t0x16\t0x0e\t0x01\t0x00\n"
*running,thread-id="all"
=breakpoint-modified,bkpt={number="5",type="breakpoint",disp="keep",enabled="y",addr="0x00000ba9",thread-groups=["i1"],times="1021",script={"silent","if *(unsigned char *)0x0061 != 0","printf \"SAMPLE %u FRAME %u\\n\", $samples, *(unsigned char *)0x0000","x/32bx 0xa470","set $samples = $samples + 1","end","if $samples >= 1024","disable 5","else","continue","end"},original-location="*0x0ba9"}
*stopped
~"SAMPLE 1020 FRAME 204\n"
~"0xa470:\t0x01\t0x3a\t0x00\t0x00\t0x11\t0x06\t0x01\t0x03\n"
~"0xa478:\t0x01\t0x7f\t0xf8\t0x00\t0x0f\t0x14\t0x01\t0x01\n"
~"0xa480:\t0x01\t0x66\t0xdc\t0x00\t0x08\t0x0f\t0x01\t0x00\n"
~"0xa488:\t0x01\t0x5d\t0x14\t0x00\t0x16\t0x0d\t0x01\t0x00\n"
*running,thread-id="all"
=breakpoint-modified,bkpt={number="5",type="breakpoint",disp="keep",enabled="y",addr="0x00000ba9",thread-groups=["i1"],times="1022",script={"silent","if *(unsigned char *)0x0061 != 0","printf \"SAMPLE %u FRAME %u\\n\", $samples, *(unsigned char *)0x0000","x/32bx 0xa470","set $samples = $samples + 1","end","if $samples >= 1024","disable 5","else","continue","end"},original-location="*0x0ba9"}
*stopped
~"SAMPLE 1021 FRAME 208\n"
~"0xa470:\t0x01\t0x39\t0xff\t0x01\t0x11\t0x06\t0x01\t0x03\n"
~"0xa478:\t0x01\t0x7f\t0xf9\t0x01\t0x0f\t0x14\t0x01\t0x01\n"
~"0xa480:\t0x01\t0x65\t0x9c\t0x01\t0x08\t0x0f\t0x01\t0x00\n"
~"0xa488:\t0x01\t0x5b\t0xd4\t0x01\t0x16\t0x0d\t0x01\t0x00\n"
*running,thread-id="all"
=breakpoint-modified,bkpt={number="5",type="breakpoint",disp="keep",enabled="y",addr="0x00000ba9",thread-groups=["i1"],times="1023",script={"silent","if *(unsigned char *)0x0061 != 0","printf \"SAMPLE %u FRAME %u\\n\", $samples, *(unsigned char *)0x0000","x/32bx 0xa470","set $samples = $samples + 1","end","if $samples >= 1024","disable 5","else","continue","end"},original-location="*0x0ba9"}
*stopped
~"SAMPLE 1022 FRAME 212\n"
~"0xa470:\t0x01\t0x39\t0xfe\t0x02\t0x11\t0x06\t0x01\t0x03\n"
~"0xa478:\t0x01\t0x7f\t0xfa\t0x02\t0x0f\t0x14\t0x01\t0x01\n"
~"0xa480:\t0x01\t0x64\t0x5c\t0x02\t0x08\t0x0f\t0x01\t0x00\n"
~"0xa488:\t0x01\t0x5a\t0x94\t0x02\t0x16\t0x0d\t0x01\t0x00\n"
*running,thread-id="all"
=breakpoint-modified,bkpt={number="5",type="breakpoint",disp="keep",enabled="y",addr="0x00000ba9",thread-groups=["i1"],times="1024",script={"silent","if *(unsigned char *)0x0061 != 0","printf \"SAMPLE %u FRAME %u\\n\", $samples, *(unsigned char *)0x0000","x/32bx 0xa470","set $samples = $samples + 1","end","if $samples >= 1024","disable 5","else","continue","end"},original-location="*0x0ba9"}
*stopped
~"SAMPLE 1023 FRAME 216\n"
~"0xa470:\t0x01\t0x39\t0xfd\t0x03\t0x11\t0x06\t0x01\t0x03\n"
~"0xa478:\t0x01\t0x7f\t0xfb\t0x03\t0x0f\t0x14\t0x01\t0x01\n"
~"0xa480:\t0x01\t0x63\t0x1c\t0x03\t0x08\t0x0f\t0x01\t0x00\n"
~"0xa488:\t0x01\t0x59\t0x54\t0x03\t0x16\t0x0d\t0x01\t0x00\n"
=breakpoint-modified,bkpt={number="5",type="breakpoint",disp="keep",enabled="n",addr="0x00000ba9",thread-groups=["i1"],times="1024",script={"silent","if *(unsigned char *)0x0061 != 0","printf \"SAMPLE %u FRAME %u\\n\", $samples, *(unsigned char *)0x0000","x/32bx 0xa470","set $samples = $samples + 1","end","if $samples >= 1024","disable 5","else","continue","end"},original-location="*0x0ba9"}
(gdb) 
&"set logging off\n"
~"Warning: 'set logging off', an alias for the command 'set logging enabled', is deprecated.\n"
~"Use 'set logging enabled off'.\n\n"
