                      (c/enemy_runtime.s):00001         ; GMC bank-3 enemy runtime, copied to low RAM $0800 during boot.
                      (c/enemy_runtime.s):00002         ; Entry table offsets are part of the resident/runtime contract.
                      (c/enemy_runtime.s):00003         
                      (c/enemy_runtime.s):00004                 pragma  nodollarlocal,6809
                      (c/enemy_runtime.s):00005                 include "ladybug_runtime_symbols.inc"
     D584             (ntime_symbols.inc):00001         blit_packed_sprite equ $D584
     CE39             (ntime_symbols.inc):00002         draw_all_gates equ $CE39
     D425             (ntime_symbols.inc):00003         draw_death_frame equ $D425
     C6B0             (ntime_symbols.inc):00004         draw_entities equ $C6B0
     CE22             (ntime_symbols.inc):00005         draw_gate equ $CE22
     CED3             (ntime_symbols.inc):00006         draw_gate_diagonal equ $CED3
     D147             (ntime_symbols.inc):00007         draw_gate_entities equ $D147
     CF1D             (ntime_symbols.inc):00008         draw_gate_transition equ $CF1D
     C373             (ntime_symbols.inc):00009         draw_hud equ $C373
     C502             (ntime_symbols.inc):00010         draw_lives equ $C502
     D463             (ntime_symbols.inc):00011         draw_maze_state_cell equ $D463
     C2D2             (ntime_symbols.inc):00012         draw_multiplier_hud equ $C2D2
     C944             (ntime_symbols.inc):00013         draw_perimeter_box equ $C944
     D542             (ntime_symbols.inc):00014         draw_player equ $D542
     C49E             (ntime_symbols.inc):00015         draw_recolored_map_tile equ $C49E
     D2E4             (ntime_symbols.inc):00016         draw_score_popup equ $D2E4
     D68B             (ntime_symbols.inc):00017         draw_screen equ $D68B
     C334             (ntime_symbols.inc):00018         draw_word_progress_hud equ $C334
     C6E8             (ntime_symbols.inc):00019         erase_entity_footprints equ $C6E8
     CF91             (ntime_symbols.inc):00020         framebuffer_project_gate_only equ $CF91
     F086             (ntime_symbols.inc):00021         gate_redraw_neighbors equ $F086
     CFF9             (ntime_symbols.inc):00022         gate_render_hidden equ $CFF9
     D1A4             (ntime_symbols.inc):00023         mark_gate_enemy_overlap equ $D1A4
     F95A             (ntime_symbols.inc):00024         maze_gate_owner equ $F95A
     FB9A             (ntime_symbols.inc):00025         maze_gates equ $FB9A
     F71A             (ntime_symbols.inc):00026         maze_nav equ $F71A
     C903             (ntime_symbols.inc):00027         perimeter_box_coordinates equ $C903
     D75B             (ntime_symbols.inc):00028         reload_enemy_box_timer equ $D75B
     D71B             (ntime_symbols.inc):00029         reset_enemy_state equ $D71B
     D444             (ntime_symbols.inc):00030         restore_entity_footprint equ $D444
     D01C             (ntime_symbols.inc):00031         restore_gate_diagonal_dots equ $D01C
     D66A             (ntime_symbols.inc):00032         restore_player equ $D66A
     D645             (ntime_symbols.inc):00033         save_player equ $D645
     D5C5             (ntime_symbols.inc):00034         sprite_attr0_pairs equ $D5C5
     DB80             (ntime_symbols.inc):00035         vegetable_sprites equ $DB80
                      (c/enemy_runtime.s):00006                 org     $0800
                      (c/enemy_runtime.s):00007         
     0001             (c/enemy_runtime.s):00008         PERSISTENT_FB  equ 1
                      (c/enemy_runtime.s):00009         
0800 7E0824           (c/enemy_runtime.s):00010                 jmp     enemy_init_impl
0803 7E0876           (c/enemy_runtime.s):00011                 jmp     enemy_tick_impl
0806 7E082E           (c/enemy_runtime.s):00012                 jmp     enemy_release_impl
0809 7E0E4E           (c/enemy_runtime.s):00013                 jmp     enemy_collect_impl
080C 7E1443           (c/enemy_runtime.s):00014                 jmp     player_compose_impl
080F 7E15A1           (c/enemy_runtime.s):00015                 jmp     gate_compose_impl
0812 7E161D           (c/enemy_runtime.s):00016                 jmp     player_draw_impl
0815 7E099B           (c/enemy_runtime.s):00017                 jmp     enemy_render_impl
0818 7E09D3           (c/enemy_runtime.s):00018                 jmp     frame_render_impl
081B 7E0C97           (c/enemy_runtime.s):00019                 jmp     framebuffer_init_impl
081E 7E0DD8           (c/enemy_runtime.s):00020                 jmp     framebuffer_irq_impl
0821 7E164A           (c/enemy_runtime.s):00021                 jmp     sparse_blit_fb
                      (c/enemy_runtime.s):00022         
     0054             (c/enemy_runtime.s):00023         ENEMY_ANIM     equ $0054
     0055             (c/enemy_runtime.s):00024         ENEMY_TIMER    equ $0055
     0058             (c/enemy_runtime.s):00025         ENEMY_ACTIVE   equ $0058
     0059             (c/enemy_runtime.s):00026         ENEMY_RELEASED equ $0059
     005A             (c/enemy_runtime.s):00027         VEG_STATE      equ $005A
     005B             (c/enemy_runtime.s):00028         FREEZE_TIMER   equ $005B
     005D             (c/enemy_runtime.s):00029         ENEMY_WORK     equ $005D
     005E             (c/enemy_runtime.s):00030         ENEMY_PTR      equ $005E
     0060             (c/enemy_runtime.s):00031         ENEMY_NEST_DIRTY equ $0060
     0061             (c/enemy_runtime.s):00032         ENEMY_MOVE     equ $0061
     0062             (c/enemy_runtime.s):00033         ENEMY_DEATH_LATCH equ $0062
     0063             (c/enemy_runtime.s):00034         ENEMY_ROW      equ $0063
     004A             (c/enemy_runtime.s):00035         BOX_TIMER      equ $004A
     004B             (c/enemy_runtime.s):00036         BOX_INDEX      equ $004B
     004C             (c/enemy_runtime.s):00037         BOX_PHASE      equ $004C
     0064             (c/enemy_runtime.s):00038         STAGE_COUNT    equ $0064
     0065             (c/enemy_runtime.s):00039         STAGE_PIXEL    equ $0065
     0066             (c/enemy_runtime.s):00040         STAGE_SOURCE   equ $0066
     006A             (c/enemy_runtime.s):00041         PLAYER_BG_VALID equ $006A       ; PLAYER_BG_PTR contains restorable pixels
     006B             (c/enemy_runtime.s):00042         PLAYER_TICK_PENDING equ $006B
     0067             (c/enemy_runtime.s):00043         PLAYER_OLD_FB   equ $0067
     006C             (c/enemy_runtime.s):00044         PLAYER_DX       equ $006C
     006D             (c/enemy_runtime.s):00045         PLAYER_DY       equ $006D
     006E             (c/enemy_runtime.s):00046         PLAYER_ROW      equ $006E
     006F             (c/enemy_runtime.s):00047         GATE_COMPOSE_MODE equ $006F
     0070             (c/enemy_runtime.s):00048         GATE_RECT_FB    equ $0070
     0072             (c/enemy_runtime.s):00049         GATE_RECT_WIDTH equ $0072
     0073             (c/enemy_runtime.s):00050         GATE_RECT_ROWS  equ $0073
     0074             (c/enemy_runtime.s):00051         GATE_START_X    equ $0074
     0075             (c/enemy_runtime.s):00052         GATE_START_Y    equ $0075
     0076             (c/enemy_runtime.s):00053         GATE_END_X      equ $0076
     0077             (c/enemy_runtime.s):00054         GATE_END_Y      equ $0077
     0078             (c/enemy_runtime.s):00055         GATE_SHADOW_PAGE equ $0078
     0079             (c/enemy_runtime.s):00056         GATE_COPY_COUNT equ $0079
     007A             (c/enemy_runtime.s):00057         GATE_COPY_ROWS  equ $007A
     007B             (c/enemy_runtime.s):00058         GATE_WORK_ID    equ $007B
     007C             (c/enemy_runtime.s):00059         ENEMY_CANDIDATE equ $007C
     007D             (c/enemy_runtime.s):00060         ENEMY_REVERSE   equ $007D
     007E             (c/enemy_runtime.s):00061         ENEMY_ROAMING   equ $007E
     007F             (c/enemy_runtime.s):00062         RENDER_FLAGS    equ $007F
     0080             (c/enemy_runtime.s):00063         RENDER_FLAGS2   equ $0080
     0081             (c/enemy_runtime.s):00064         RENDER_BOX_INDEX equ $0081
     0082             (c/enemy_runtime.s):00065         RENDER_BOX_COLOR equ $0082
     0083             (c/enemy_runtime.s):00066         RENDER_LETTER_X equ $0083
     0084             (c/enemy_runtime.s):00067         RENDER_LETTER_Y equ $0084
     0085             (c/enemy_runtime.s):00068         RENDER_LETTER_COLOR equ $0085
     0086             (c/enemy_runtime.s):00069         ENEMY_OLD_VALID equ $0086
     0087             (c/enemy_runtime.s):00070         ENEMY_RENDER_FLAGS equ $0087
     0088             (c/enemy_runtime.s):00071         RENDER_GATE_ID  equ $0088
     0089             (c/enemy_runtime.s):00072         RENDER_GATE_MODE equ $0089
     008A             (c/enemy_runtime.s):00073         RENDER_GATE2_ID equ $008A
     008B             (c/enemy_runtime.s):00074         RENDER_GATE2_MODE equ $008B
     008C             (c/enemy_runtime.s):00075         RENDER_ZONE_Y   equ $008C
     008D             (c/enemy_runtime.s):00076         RENDER_GATE_STYLE equ $008D
     008E             (c/enemy_runtime.s):00077         RENDER_GATE2_STYLE equ $008E
     008F             (c/enemy_runtime.s):00078         FB_FRONT_ID    equ $008F
     0090             (c/enemy_runtime.s):00079         FB_BACK_ID     equ $0090
     0091             (c/enemy_runtime.s):00080         FB_RENDER_PENDING equ $0091
     0092             (c/enemy_runtime.s):00081         FB_COMMIT_SEQ  equ $0092
     0094             (c/enemy_runtime.s):00082         FB_SIM_SEQ     equ $0094
     0096             (c/enemy_runtime.s):00083         FB_MISSED_COMMIT equ $0096
     0098             (c/enemy_runtime.s):00084         FB_RENDER_ACTIVE equ $0098
     0099             (c/enemy_runtime.s):00085         FB_WRITE_FRONT_FAULT equ $0099
     009A             (c/enemy_runtime.s):00086         FB_INIT_STATE  equ $009A
     009B             (c/enemy_runtime.s):00087         ENEMY_CAPTURE_DIRTY equ $009B
     009C             (c/enemy_runtime.s):00088         RING_PHASE     equ $009C
     009D             (c/enemy_runtime.s):00089         RING_ROW       equ $009D
     009E             (c/enemy_runtime.s):00090         RING_BASE      equ $009E
     00A2             (c/enemy_runtime.s):00091         PLAYER_BG_PTR  equ $00A2        ; selected A/B player save-under buffer
     0013             (c/enemy_runtime.s):00092         GATE_ID         equ $0013
     0014             (c/enemy_runtime.s):00093         GATE_X          equ $0014
     0015             (c/enemy_runtime.s):00094         GATE_Y          equ $0015
     0019             (c/enemy_runtime.s):00095         GATE_ANIM_ID    equ $0019
     0010             (c/enemy_runtime.s):00096         TEST_X          equ $0010
     0011             (c/enemy_runtime.s):00097         TEST_Y          equ $0011
     0027             (c/enemy_runtime.s):00098         HUD_X           equ $0027
     0028             (c/enemy_runtime.s):00099         HUD_Y           equ $0028
     0029             (c/enemy_runtime.s):00100         HUD_COLOR       equ $0029
     0009             (c/enemy_runtime.s):00101         PLAYER_CELL_X  equ $0009
     000A             (c/enemy_runtime.s):00102         PLAYER_CELL_Y  equ $000A
     000B             (c/enemy_runtime.s):00103         PLAYER_FB      equ $000B
     0006             (c/enemy_runtime.s):00104         PLAYER_DIR     equ $0006
     0007             (c/enemy_runtime.s):00105         PLAYER_FACE    equ $0007
     000F             (c/enemy_runtime.s):00106         PLAYER_WANT    equ $000F
     004F             (c/enemy_runtime.s):00107         PLAYER_ANIM    equ $004F
     004D             (c/enemy_runtime.s):00108         DEATH_STATE    equ $004D
     004E             (c/enemy_runtime.s):00109         DEATH_FRAME    equ $004E
     0051             (c/enemy_runtime.s):00110         PICKUP_TIMER   equ $0051
     0069             (c/enemy_runtime.s):00111         PLAYER_ERASED equ $0069
     001D             (c/enemy_runtime.s):00112         SCORE_BCD      equ $001D
     0020             (c/enemy_runtime.s):00113         HIGH_BCD       equ $0020
     0024             (c/enemy_runtime.s):00114         STAGE          equ $0024
     0032             (c/enemy_runtime.s):00115         ENTITY_COUNT   equ $0032
     0036             (c/enemy_runtime.s):00116         ENTITY_X       equ $0036
     0037             (c/enemy_runtime.s):00117         ENTITY_Y       equ $0037
     0034             (c/enemy_runtime.s):00118         RNG_STATE      equ $0034
     0000             (c/enemy_runtime.s):00119         LAST_FRAME     equ $0000
     0002             (c/enemy_runtime.s):00120         FRAMES         equ $0002
                      (c/enemy_runtime.s):00121         
     0008             (c/enemy_runtime.s):00122         RF_ENTITIES    equ $08
     0001             (c/enemy_runtime.s):00123         RF_PLAYER      equ $01
     0002             (c/enemy_runtime.s):00124         RF_HUD         equ $02
     0004             (c/enemy_runtime.s):00125         RF_LIVES       equ $04
     0010             (c/enemy_runtime.s):00126         RF_BOX         equ $10
     0020             (c/enemy_runtime.s):00127         RF_DOT         equ $20
     0040             (c/enemy_runtime.s):00128         RF_STAGE       equ $40
     0080             (c/enemy_runtime.s):00129         RF_DEATH       equ $80
     0001             (c/enemy_runtime.s):00130         RF2_POPUP      equ $01
     0002             (c/enemy_runtime.s):00131         RF2_MULTIPLIER equ $02
     0004             (c/enemy_runtime.s):00132         RF2_LETTER     equ $04
     0008             (c/enemy_runtime.s):00133         RF2_PERIM_RESET equ $08
     0001             (c/enemy_runtime.s):00134         ERF_INIT       equ $01
     0002             (c/enemy_runtime.s):00135         ERF_DIRTY      equ $02
     0004             (c/enemy_runtime.s):00136         ERF_ZONE_REFRESH equ $04
     0008             (c/enemy_runtime.s):00137         ERF_NEST       equ $08
     0010             (c/enemy_runtime.s):00138         ERF_NEST_ANIM  equ $10
     0006             (c/enemy_runtime.s):00139         COLOR_WHITE    equ 6
                      (c/enemy_runtime.s):00140         
     A380             (c/enemy_runtime.s):00141         ENTITY_TABLE   equ $A380
     A300             (c/enemy_runtime.s):00142         PLAYER_BG      equ $A300
     1800             (c/enemy_runtime.s):00143         ACTOR_STAGE    equ $1800        ; always-mapped low-RAM sparse decode surface
     1800             (c/enemy_runtime.s):00144         PLAYER_STAGE   equ ACTOR_STAGE
     1880             (c/enemy_runtime.s):00145         PLAYER_OLD_STAGE equ ACTOR_STAGE+128
     0001             (c/enemy_runtime.s):00146         ENTITY_SKULL   equ 1
     A470             (c/enemy_runtime.s):00147         ENEMY_TABLE    equ $A470
     A240             (c/enemy_runtime.s):00148         GATE_STATE     equ $A240
     A490             (c/enemy_runtime.s):00149         ENEMY_ZONE_BG  equ $A490
     AD80             (c/enemy_runtime.s):00150         ENEMY_NEST_CACHE equ $AD80      ; four native dormant frames, 4 * 128 bytes
     1800             (c/enemy_runtime.s):00151         ENEMY_ZONE_STAGE equ ACTOR_STAGE
     A690             (c/enemy_runtime.s):00152         ENEMY_BG_BASE  equ $A690
     A890             (c/enemy_runtime.s):00153         ENEMY_OLD_FB   equ $A890
     A898             (c/enemy_runtime.s):00154         ENEMY_BG_RING  equ $A898        ; packed row/column phase for current BACK
     A900             (c/enemy_runtime.s):00155         FB_META_A      equ $A900        ; 256-byte A ownership/damage ledger
     AA00             (c/enemy_runtime.s):00156         FB_META_B      equ $AA00        ; 256-byte B ownership/damage ledger
     AB00             (c/enemy_runtime.s):00157         PLAYER_BG_B    equ $AB00        ; B-side player restoration bytes
     AB80             (c/enemy_runtime.s):00158         ENEMY_BG_B     equ $AB80        ; four B-side enemy restoration buffers
     0000             (c/enemy_runtime.s):00159         FBM_STATE      equ 0
     0001             (c/enemy_runtime.s):00160         FBM_DAMAGE     equ 1
     0002             (c/enemy_runtime.s):00161         FBM_PLAYER_VALID equ 2
     0003             (c/enemy_runtime.s):00162         FBM_PLAYER_RESERVED equ 3
     0004             (c/enemy_runtime.s):00163         FBM_PLAYER_FB  equ 4
     0008             (c/enemy_runtime.s):00164         FBM_ENEMIES   equ 8
     0028             (c/enemy_runtime.s):00165         FBM_ENEMY_RESERVED equ 40
     002C             (c/enemy_runtime.s):00166         FBM_ENEMY_RINGS equ 44
     0030             (c/enemy_runtime.s):00167         FBM_MAZE_DAMAGE equ 48          ; 72-byte, 576-cell reserved ledger
     0078             (c/enemy_runtime.s):00168         FBM_GATE_DAMAGE equ 120         ; three-byte, 20-gate reserved ledger
     007B             (c/enemy_runtime.s):00169         FBM_ENTITY_DAMAGE equ 123       ; twelve-byte record ledger
     0087             (c/enemy_runtime.s):00170         FBM_PERIM_DAMAGE equ 135        ; twelve-byte, 92-box reserved ledger
     0093             (c/enemy_runtime.s):00171         FBM_HUD_DAMAGE equ 147
     0095             (c/enemy_runtime.s):00172         FBM_NEST_DAMAGE equ 149
     0096             (c/enemy_runtime.s):00173         FBM_PRESENT_DAMAGE equ 150
     00A0             (c/enemy_runtime.s):00174         FBM_PENDING_INTENTS equ 160       ; 18-byte intent block plus dot cell coverage
     0001             (c/enemy_runtime.s):00175         FBM_VALID      equ $01
     0002             (c/enemy_runtime.s):00176         FBM_FULL_REBUILD equ $02
     4DEC             (c/enemy_runtime.s):00177         ENEMY_ZONE_FB  equ $4DEC
     57EC             (c/enemy_runtime.s):00178         ENEMY_FB       equ $57EC
     0040             (c/enemy_runtime.s):00179         SPRITE_SOURCE_SIZE equ 64
     0020             (c/enemy_runtime.s):00180         ENEMY_ZONE_ROWS equ 32
     0008             (c/enemy_runtime.s):00181         RECORD_SIZE    equ 8
     00FF             (c/enemy_runtime.s):00182         DIR_NONE       equ $FF
     FFA1             (c/enemy_runtime.s):00183         GIME_PAR1      equ $FFA1
     FFA5             (c/enemy_runtime.s):00184         GIME_PAR5      equ $FFA5
     FF92             (c/enemy_runtime.s):00185         GIME_IRQEN     equ $FF92
     FF9D             (c/enemy_runtime.s):00186         GIME_VOFF1     equ $FF9D
                      (c/enemy_runtime.s):00187                 ifne    PERSISTENT_FB
     0028             (c/enemy_runtime.s):00188         FB_SCRATCH_PAGE0 equ $28
                      (c/enemy_runtime.s):00189                 else
0824                  (c/enemy_runtime.s):00190         FB_SCRATCH_PAGE0 equ $2C
                      (c/enemy_runtime.s):00191                 endc
     002C             (c/enemy_runtime.s):00192         FB_B_PAGE0     equ $2C
     0030             (c/enemy_runtime.s):00193         LIVE_PAGE0     equ $30
     0500             (c/enemy_runtime.s):00194         SPARSE_ENEMY_INDEX_ADDR equ $0500
     0680             (c/enemy_runtime.s):00195         SPARSE_PLAYER_INDEX_ADDR equ $0680
                      (c/enemy_runtime.s):00196         
                      (c/enemy_runtime.s):00197         ; Record: active, framebuffer pointer, pixel phase, cell x, cell y,
                      (c/enemy_runtime.s):00198         ; saved-background valid, selected direction.
0824                  (c/enemy_runtime.s):00199         enemy_init_impl
0824 17CEF4           (c/enemy_runtime.s):00200                 lbsr    reset_enemy_state
0827 9687             (c/enemy_runtime.s):00201                 lda     ENEMY_RENDER_FLAGS
0829 8A03             (c/enemy_runtime.s):00202                 ora     #ERF_INIT|ERF_DIRTY
082B 9787             (c/enemy_runtime.s):00203                 sta     ENEMY_RENDER_FLAGS
082D 39               (c/enemy_runtime.s):00204                 rts
                      (c/enemy_runtime.s):00205         
082E                  (c/enemy_runtime.s):00206         enemy_release_impl
082E 0D4D             (c/enemy_runtime.s):00207                 tst     DEATH_STATE
0830 2643             (c/enemy_runtime.s):00208                 bne     er_done
0832 9658             (c/enemy_runtime.s):00209                 lda     ENEMY_ACTIVE
0834 8104             (c/enemy_runtime.s):00210                 cmpa    #4
0836 243D             (c/enemy_runtime.s):00211                 bhs     er_done
0838 8EA470           (c/enemy_runtime.s):00212                 ldx     #ENEMY_TABLE
083B 8604             (c/enemy_runtime.s):00213                 lda     #4
083D 975D             (c/enemy_runtime.s):00214                 sta     ENEMY_WORK
083F                  (c/enemy_runtime.s):00215         er_find
083F 6D84             (c/enemy_runtime.s):00216                 tst     ,x
0841 2707             (c/enemy_runtime.s):00217                 beq     er_use
0843 3008             (c/enemy_runtime.s):00218                 leax    RECORD_SIZE,x
0845 0A5D             (c/enemy_runtime.s):00219                 dec     ENEMY_WORK
0847 26F6             (c/enemy_runtime.s):00220                 bne     er_find
0849 39               (c/enemy_runtime.s):00221                 rts
084A                  (c/enemy_runtime.s):00222         er_use
084A 8601             (c/enemy_runtime.s):00223                 lda     #1
084C A784             (c/enemy_runtime.s):00224                 sta     ,x
084E CC57EC           (c/enemy_runtime.s):00225                 ldd     #ENEMY_FB
0851 ED01             (c/enemy_runtime.s):00226                 std     1,x
0853 6F03             (c/enemy_runtime.s):00227                 clr     3,x
0855 860C             (c/enemy_runtime.s):00228                 lda     #12
0857 A704             (c/enemy_runtime.s):00229                 sta     4,x
0859 A705             (c/enemy_runtime.s):00230                 sta     5,x
085B 6F06             (c/enemy_runtime.s):00231                 clr     6,x
085D 6F07             (c/enemy_runtime.s):00232                 clr     7,x              ; verified den exit begins North
085F 0C58             (c/enemy_runtime.s):00233                 inc     ENEMY_ACTIVE
0861 0C59             (c/enemy_runtime.s):00234                 inc     ENEMY_RELEASED
0863 0C60             (c/enemy_runtime.s):00235                 inc     ENEMY_NEST_DIRTY
0865 9687             (c/enemy_runtime.s):00236                 lda     ENEMY_RENDER_FLAGS
0867 8A0A             (c/enemy_runtime.s):00237                 ora     #ERF_DIRTY|ERF_NEST
0869 9787             (c/enemy_runtime.s):00238                 sta     ENEMY_RENDER_FLAGS
086B 9658             (c/enemy_runtime.s):00239                 lda     ENEMY_ACTIVE
086D 8104             (c/enemy_runtime.s):00240                 cmpa    #4
086F 2604             (c/enemy_runtime.s):00241                 bne     er_done
0871 8601             (c/enemy_runtime.s):00242                 lda     #1
0873 975A             (c/enemy_runtime.s):00243                 sta     VEG_STATE
0875                  (c/enemy_runtime.s):00244         er_done
0875 39               (c/enemy_runtime.s):00245                 rts
                      (c/enemy_runtime.s):00246         
0876                  (c/enemy_runtime.s):00247         enemy_tick_impl
0876 9687             (c/enemy_runtime.s):00248                 lda     ENEMY_RENDER_FLAGS
0878 8502             (c/enemy_runtime.s):00249                 bita    #ERF_DIRTY
087A 2603             (c/enemy_runtime.s):00250                 bne     et_snapshot_ready
087C 1707D8           (c/enemy_runtime.s):00251                 lbsr    roam_snapshot_old
087F                  (c/enemy_runtime.s):00252         et_snapshot_ready
087F 964D             (c/enemy_runtime.s):00253                 lda     DEATH_STATE
0881 271A             (c/enemy_runtime.s):00254                 beq     et_alive
0883 0D62             (c/enemy_runtime.s):00255                 tst     ENEMY_DEATH_LATCH
0885 2612             (c/enemy_runtime.s):00256                 bne     et_death_animate
0887                  (c/enemy_runtime.s):00257         et_begin_death
0887 0F61             (c/enemy_runtime.s):00258                 clr     ENEMY_MOVE
0889 17CE8F           (c/enemy_runtime.s):00259                 lbsr    reset_enemy_state
088C 8601             (c/enemy_runtime.s):00260                 lda     #1
088E 9762             (c/enemy_runtime.s):00261                 sta     ENEMY_DEATH_LATCH
0890 0C60             (c/enemy_runtime.s):00262                 inc     ENEMY_NEST_DIRTY
0892 9687             (c/enemy_runtime.s):00263                 lda     ENEMY_RENDER_FLAGS
0894 8A0A             (c/enemy_runtime.s):00264                 ora     #ERF_DIRTY|ERF_NEST
0896 9787             (c/enemy_runtime.s):00265                 sta     ENEMY_RENDER_FLAGS
0898 39               (c/enemy_runtime.s):00266                 rts
0899                  (c/enemy_runtime.s):00267         et_death_animate
                      (c/enemy_runtime.s):00268                 ; Death suppresses releases and active movement, but the newly reset
                      (c/enemy_runtime.s):00269                 ; dormant pattern continues its normal four-frame animation.
0899 0F61             (c/enemy_runtime.s):00270                 clr     ENEMY_MOVE
089B 201C             (c/enemy_runtime.s):00271                 bra     et_animation_timer
089D                  (c/enemy_runtime.s):00272         et_alive
089D 0F62             (c/enemy_runtime.s):00273                 clr     ENEMY_DEATH_LATCH
                      (c/enemy_runtime.s):00274                 ; Collision is independent of movement and animation dirtiness. This
                      (c/enemy_runtime.s):00275                 ; keeps enemies stopped at the first decision point collidable.
089F 8EA470           (c/enemy_runtime.s):00276                 ldx     #ENEMY_TABLE
08A2 8604             (c/enemy_runtime.s):00277                 lda     #4
08A4 975D             (c/enemy_runtime.s):00278                 sta     ENEMY_WORK
08A6                  (c/enemy_runtime.s):00279         et_contact_scan
08A6 6D84             (c/enemy_runtime.s):00280                 tst     ,x
08A8 2707             (c/enemy_runtime.s):00281                 beq     et_contact_scan_next
08AA 17073F           (c/enemy_runtime.s):00282                 lbsr    enemy_player_contact
08AD 102500D0         (c/enemy_runtime.s):00283                 lbcs    et_player_death
08B1                  (c/enemy_runtime.s):00284         et_contact_scan_next
08B1 3008             (c/enemy_runtime.s):00285                 leax    RECORD_SIZE,x
08B3 0A5D             (c/enemy_runtime.s):00286                 dec     ENEMY_WORK
08B5 26EF             (c/enemy_runtime.s):00287                 bne     et_contact_scan
                      (c/enemy_runtime.s):00288                 ; Advance cheap timers first. Full compositing is required only when
                      (c/enemy_runtime.s):00289                 ; an actor moves, the shared animation changes, or external state
                      (c/enemy_runtime.s):00290                 ; marks the den/vegetable layer dirty.
08B7 0F61             (c/enemy_runtime.s):00291                 clr     ENEMY_MOVE
08B9                  (c/enemy_runtime.s):00292         et_animation_timer
08B9 0A55             (c/enemy_runtime.s):00293                 dec     ENEMY_TIMER
08BB 2618             (c/enemy_runtime.s):00294                 bne     et_freeze_timer
08BD 8608             (c/enemy_runtime.s):00295                 lda     #8
08BF 9755             (c/enemy_runtime.s):00296                 sta     ENEMY_TIMER
08C1 0C54             (c/enemy_runtime.s):00297                 inc     ENEMY_ANIM
08C3 9654             (c/enemy_runtime.s):00298                 lda     ENEMY_ANIM
08C5 8403             (c/enemy_runtime.s):00299                 anda    #3
08C7 9754             (c/enemy_runtime.s):00300                 sta     ENEMY_ANIM
08C9 0D60             (c/enemy_runtime.s):00301                 tst     ENEMY_NEST_DIRTY
08CB 2608             (c/enemy_runtime.s):00302                 bne     et_freeze_timer
08CD 0C60             (c/enemy_runtime.s):00303                 inc     ENEMY_NEST_DIRTY
08CF 9687             (c/enemy_runtime.s):00304                 lda     ENEMY_RENDER_FLAGS
08D1 8A10             (c/enemy_runtime.s):00305                 ora     #ERF_NEST_ANIM
08D3 9787             (c/enemy_runtime.s):00306                 sta     ENEMY_RENDER_FLAGS
08D5                  (c/enemy_runtime.s):00307         et_freeze_timer
08D5 0D4D             (c/enemy_runtime.s):00308                 tst     DEATH_STATE
08D7 262E             (c/enemy_runtime.s):00309                 bne     et_render_test
08D9 DC5B             (c/enemy_runtime.s):00310                 ldd     FREEZE_TIMER
08DB 2707             (c/enemy_runtime.s):00311                 beq     et_find_movement
08DD 830001           (c/enemy_runtime.s):00312                 subd    #1
08E0 DD5B             (c/enemy_runtime.s):00313                 std     FREEZE_TIMER
08E2 2023             (c/enemy_runtime.s):00314                 bra     et_render_test
08E4                  (c/enemy_runtime.s):00315         et_find_movement
08E4 9600             (c/enemy_runtime.s):00316                 lda     LAST_FRAME
08E6 8401             (c/enemy_runtime.s):00317                 anda    #1
08E8 261D             (c/enemy_runtime.s):00318                 bne     et_render_test
08EA 8EA470           (c/enemy_runtime.s):00319                 ldx     #ENEMY_TABLE
08ED 8604             (c/enemy_runtime.s):00320                 lda     #4
08EF 975D             (c/enemy_runtime.s):00321                 sta     ENEMY_WORK
08F1                  (c/enemy_runtime.s):00322         et_move_scan
08F1 6D84             (c/enemy_runtime.s):00323                 tst     ,x
08F3 270C             (c/enemy_runtime.s):00324                 beq     et_move_next
08F5 A607             (c/enemy_runtime.s):00325                 lda     7,x
08F7 81FF             (c/enemy_runtime.s):00326                 cmpa    #DIR_NONE
08F9 2706             (c/enemy_runtime.s):00327                 beq     et_move_next
08FB 8601             (c/enemy_runtime.s):00328                 lda     #1
08FD 9761             (c/enemy_runtime.s):00329                 sta     ENEMY_MOVE
08FF 2006             (c/enemy_runtime.s):00330                 bra     et_render_test
0901                  (c/enemy_runtime.s):00331         et_move_next
0901 3008             (c/enemy_runtime.s):00332                 leax    RECORD_SIZE,x
0903 0A5D             (c/enemy_runtime.s):00333                 dec     ENEMY_WORK
0905 26EA             (c/enemy_runtime.s):00334                 bne     et_move_scan
0907                  (c/enemy_runtime.s):00335         et_render_test
0907 0D60             (c/enemy_runtime.s):00336                 tst     ENEMY_NEST_DIRTY
0909 2605             (c/enemy_runtime.s):00337                 bne     et_update
090B 0D61             (c/enemy_runtime.s):00338                 tst     ENEMY_MOVE
090D 2601             (c/enemy_runtime.s):00339                 bne     et_update
090F 39               (c/enemy_runtime.s):00340                 rts
                      (c/enemy_runtime.s):00341         
0910                  (c/enemy_runtime.s):00342         et_update
0910 0D61             (c/enemy_runtime.s):00343                 tst     ENEMY_MOVE
0912 1027007E         (c/enemy_runtime.s):00344                 lbeq    et_compose
0916 8EA470           (c/enemy_runtime.s):00345                 ldx     #ENEMY_TABLE
0919 8604             (c/enemy_runtime.s):00346                 lda     #4
091B 975D             (c/enemy_runtime.s):00347                 sta     ENEMY_WORK
091D                  (c/enemy_runtime.s):00348         et_update_loop
091D 6D84             (c/enemy_runtime.s):00349                 tst     ,x
091F 276D             (c/enemy_runtime.s):00350                 beq     et_update_next
0921 A607             (c/enemy_runtime.s):00351                 lda     7,x
0923 270F             (c/enemy_runtime.s):00352                 beq     et_step_north
0925 8101             (c/enemy_runtime.s):00353                 cmpa    #1
0927 2712             (c/enemy_runtime.s):00354                 beq     et_step_east
0929 8102             (c/enemy_runtime.s):00355                 cmpa    #2
092B 2715             (c/enemy_runtime.s):00356                 beq     et_step_south
092D EC01             (c/enemy_runtime.s):00357                 ldd     1,x
092F 830001           (c/enemy_runtime.s):00358                 subd    #1
0932 2013             (c/enemy_runtime.s):00359                 bra     et_store_step
0934                  (c/enemy_runtime.s):00360         et_step_north
0934 EC01             (c/enemy_runtime.s):00361                 ldd     1,x
0936 830140           (c/enemy_runtime.s):00362                 subd    #320
0939 200C             (c/enemy_runtime.s):00363                 bra     et_store_step
093B                  (c/enemy_runtime.s):00364         et_step_east
093B EC01             (c/enemy_runtime.s):00365                 ldd     1,x
093D C30001           (c/enemy_runtime.s):00366                 addd    #1
0940 2005             (c/enemy_runtime.s):00367                 bra     et_store_step
0942                  (c/enemy_runtime.s):00368         et_step_south
0942 EC01             (c/enemy_runtime.s):00369                 ldd     1,x
0944 C30140           (c/enemy_runtime.s):00370                 addd    #320
0947                  (c/enemy_runtime.s):00371         et_store_step
0947 ED01             (c/enemy_runtime.s):00372                 std     1,x
0949 6C03             (c/enemy_runtime.s):00373                 inc     3,x
094B A603             (c/enemy_runtime.s):00374                 lda     3,x
094D 8104             (c/enemy_runtime.s):00375                 cmpa    #4
094F 252E             (c/enemy_runtime.s):00376                 blo     et_contact
0951 6F03             (c/enemy_runtime.s):00377                 clr     3,x
0953 A607             (c/enemy_runtime.s):00378                 lda     7,x
0955 270C             (c/enemy_runtime.s):00379                 beq     et_arrive_north
0957 8101             (c/enemy_runtime.s):00380                 cmpa    #1
0959 270C             (c/enemy_runtime.s):00381                 beq     et_arrive_east
095B 8102             (c/enemy_runtime.s):00382                 cmpa    #2
095D 270C             (c/enemy_runtime.s):00383                 beq     et_arrive_south
095F 6A04             (c/enemy_runtime.s):00384                 dec     4,x
0961 200A             (c/enemy_runtime.s):00385                 bra     et_choose_arrival
0963                  (c/enemy_runtime.s):00386         et_arrive_north
0963 6A05             (c/enemy_runtime.s):00387                 dec     5,x
0965 2006             (c/enemy_runtime.s):00388                 bra     et_choose_arrival
0967                  (c/enemy_runtime.s):00389         et_arrive_east
0967 6C04             (c/enemy_runtime.s):00390                 inc     4,x
0969 2002             (c/enemy_runtime.s):00391                 bra     et_choose_arrival
096B                  (c/enemy_runtime.s):00392         et_arrive_south
096B 6C05             (c/enemy_runtime.s):00393                 inc     5,x
096D                  (c/enemy_runtime.s):00394         et_choose_arrival
096D 170528           (c/enemy_runtime.s):00395                 lbsr    enemy_choose_direction
0970 965D             (c/enemy_runtime.s):00396                 lda     ENEMY_WORK
0972 3412             (c/enemy_runtime.s):00397                 pshs    a,x
0974 170691           (c/enemy_runtime.s):00398                 lbsr    enemy_skull_test
0977 3512             (c/enemy_runtime.s):00399                 puls    a,x
0979 975D             (c/enemy_runtime.s):00400                 sta     ENEMY_WORK
097B 6D84             (c/enemy_runtime.s):00401                 tst     ,x
097D 270F             (c/enemy_runtime.s):00402                 beq     et_update_next
097F                  (c/enemy_runtime.s):00403         et_contact
097F 200D             (c/enemy_runtime.s):00404                 bra     et_update_next
0981                  (c/enemy_runtime.s):00405         et_player_death
0981 8601             (c/enemy_runtime.s):00406                 lda     #1
0983 974D             (c/enemy_runtime.s):00407                 sta     DEATH_STATE
0985 86FF             (c/enemy_runtime.s):00408                 lda     #DIR_NONE
0987 9706             (c/enemy_runtime.s):00409                 sta     PLAYER_DIR
0989 970F             (c/enemy_runtime.s):00410                 sta     PLAYER_WANT
098B 16FEF9           (c/enemy_runtime.s):00411                 lbra    et_begin_death
098E                  (c/enemy_runtime.s):00412         et_update_next
098E 3008             (c/enemy_runtime.s):00413                 leax    RECORD_SIZE,x
0990 0A5D             (c/enemy_runtime.s):00414                 dec     ENEMY_WORK
0992 2689             (c/enemy_runtime.s):00415                 bne     et_update_loop
0994                  (c/enemy_runtime.s):00416         et_compose
0994                  (c/enemy_runtime.s):00417         et_finish
0994 9687             (c/enemy_runtime.s):00418                 lda     ENEMY_RENDER_FLAGS
0996 8A02             (c/enemy_runtime.s):00419                 ora     #ERF_DIRTY
0998 9787             (c/enemy_runtime.s):00420                 sta     ENEMY_RENDER_FLAGS
099A 39               (c/enemy_runtime.s):00421                 rts
                      (c/enemy_runtime.s):00422         
                      (c/enemy_runtime.s):00423         ; Consume gameplay-owned enemy intents after all state mutation for this Vbord.
099B                  (c/enemy_runtime.s):00424         enemy_render_impl
099B 9687             (c/enemy_runtime.s):00425                 lda     ENEMY_RENDER_FLAGS
099D 8501             (c/enemy_runtime.s):00426                 bita    #ERF_INIT
099F 2703             (c/enemy_runtime.s):00427                 beq     eri_refresh
09A1 170DAA           (c/enemy_runtime.s):00428                 lbsr    capture_zone_bg
09A4                  (c/enemy_runtime.s):00429         eri_refresh
09A4 9687             (c/enemy_runtime.s):00430                 lda     ENEMY_RENDER_FLAGS
09A6 8504             (c/enemy_runtime.s):00431                 bita    #ERF_ZONE_REFRESH
09A8 270E             (c/enemy_runtime.s):00432                 beq     eri_dirty
09AA 860C             (c/enemy_runtime.s):00433                 lda     #12
09AC 9736             (c/enemy_runtime.s):00434                 sta     ENTITY_X
09AE 968C             (c/enemy_runtime.s):00435                 lda     RENDER_ZONE_Y
09B0 9737             (c/enemy_runtime.s):00436                 sta     ENTITY_Y
09B2 BDD444           (c/enemy_runtime.s):00437                 jsr     restore_entity_footprint
09B5 170DFC           (c/enemy_runtime.s):00438                 lbsr    refresh_zone_bg_footprint
09B8                  (c/enemy_runtime.s):00439         eri_dirty
09B8 9687             (c/enemy_runtime.s):00440                 lda     ENEMY_RENDER_FLAGS
09BA 851A             (c/enemy_runtime.s):00441                 bita    #ERF_DIRTY|ERF_NEST|ERF_NEST_ANIM
09BC 2712             (c/enemy_runtime.s):00442                 beq     eri_done
                      (c/enemy_runtime.s):00443                 ifne    PERSISTENT_FB
09BE 8510             (c/enemy_runtime.s):00444                 bita    #ERF_NEST_ANIM
09C0 2609             (c/enemy_runtime.s):00445                 bne     eri_nest_anim
09C2 8508             (c/enemy_runtime.s):00446                 bita    #ERF_NEST
09C4 2708             (c/enemy_runtime.s):00447                 beq     eri_finish
09C6 1709D8           (c/enemy_runtime.s):00448                 lbsr    compose_enemy_zone
09C9 2003             (c/enemy_runtime.s):00449                 bra     eri_finish
09CB                  (c/enemy_runtime.s):00450         eri_nest_anim
09CB 170A5C           (c/enemy_runtime.s):00451                 lbsr    compose_enemy_animation
09CE                  (c/enemy_runtime.s):00452         eri_finish
                      (c/enemy_runtime.s):00453                 else
                      (c/enemy_runtime.s):00454                 lbsr    roam_prepare_shadow
                      (c/enemy_runtime.s):00455                 tst     ENEMY_NEST_DIRTY
                      (c/enemy_runtime.s):00456                 beq     eri_finish
                      (c/enemy_runtime.s):00457                 lbsr    compose_enemy_zone
09CE                  (c/enemy_runtime.s):00458         eri_finish
                      (c/enemy_runtime.s):00459                 lbsr    roam_finish_shadow
                      (c/enemy_runtime.s):00460                 endc
09CE 0F60             (c/enemy_runtime.s):00461                 clr     ENEMY_NEST_DIRTY
09D0                  (c/enemy_runtime.s):00462         eri_done
09D0 0F87             (c/enemy_runtime.s):00463                 clr     ENEMY_RENDER_FLAGS
09D2 39               (c/enemy_runtime.s):00464                 rts
                      (c/enemy_runtime.s):00465         
                      (c/enemy_runtime.s):00466         ; Single framebuffer owner for the completed Vbord state.
09D3                  (c/enemy_runtime.s):00467         frame_render_impl
                      (c/enemy_runtime.s):00468                 ifne    PERSISTENT_FB
09D3 17034F           (c/enemy_runtime.s):00469                 lbsr    framebuffer_prepare_back
09D6 10250028         (c/enemy_runtime.s):00470                 lbcs    fri_abort
09DA 0D9A             (c/enemy_runtime.s):00471                 tst     FB_INIT_STATE
09DC 2710             (c/enemy_runtime.s):00472                 beq     fri_render
09DE 0F9B             (c/enemy_runtime.s):00473                 clr     ENEMY_CAPTURE_DIRTY
09E0 1701F1           (c/enemy_runtime.s):00474                 lbsr    actor_closure_restore
09E3 1700A9           (c/enemy_runtime.s):00475                 lbsr    framebuffer_queue_damage
09E6 17001C           (c/enemy_runtime.s):00476                 lbsr    framebuffer_project_damage
09E9 1700EA           (c/enemy_runtime.s):00477                 lbsr    roam_mark_underlay
09EC 2503             (c/enemy_runtime.s):00478                 bcs     fri_actor_closure
                      (c/enemy_runtime.s):00479                 else
                      (c/enemy_runtime.s):00480                 lbsr    framebuffer_begin_fallback
                      (c/enemy_runtime.s):00481                 endc
09EE                  (c/enemy_runtime.s):00482         fri_render
09EE 1700FA           (c/enemy_runtime.s):00483                 lbsr    frame_render_background
                      (c/enemy_runtime.s):00484                 ifne    PERSISTENT_FB
09F1                  (c/enemy_runtime.s):00485         fri_actor_closure
09F1 170224           (c/enemy_runtime.s):00486                 lbsr    actor_closure_draw
                      (c/enemy_runtime.s):00487                 endc
                      (c/enemy_runtime.s):00488                 ifne    PERSISTENT_FB
09F4 170390           (c/enemy_runtime.s):00489                 lbsr    framebuffer_finish_back
                      (c/enemy_runtime.s):00490                 else
                      (c/enemy_runtime.s):00491                 lbsr    framebuffer_finish_fallback
                      (c/enemy_runtime.s):00492                 endc
09F7 0F7F             (c/enemy_runtime.s):00493                 clr     RENDER_FLAGS
09F9 0F80             (c/enemy_runtime.s):00494                 clr     RENDER_FLAGS2
09FB 0F88             (c/enemy_runtime.s):00495                 clr     RENDER_GATE_ID
09FD 0F8A             (c/enemy_runtime.s):00496                 clr     RENDER_GATE2_ID
09FF 0F69             (c/enemy_runtime.s):00497                 clr     PLAYER_ERASED
0A01 39               (c/enemy_runtime.s):00498                 rts
0A02                  (c/enemy_runtime.s):00499         fri_abort
0A02 0F98             (c/enemy_runtime.s):00500                 clr     FB_RENDER_ACTIVE
0A04 39               (c/enemy_runtime.s):00501                 rts
                      (c/enemy_runtime.s):00502         
                      (c/enemy_runtime.s):00503         ; Project one persistent-damage record without consuming the current epoch's
                      (c/enemy_runtime.s):00504         ; intents. The record contains exact affected coverage, while each drawing
                      (c/enemy_runtime.s):00505         ; routine reads the latest frozen logical state.
0A05                  (c/enemy_runtime.s):00506         framebuffer_project_damage
0A05 170391           (c/enemy_runtime.s):00507                 lbsr    framebuffer_back_meta
0A08 6D41             (c/enemy_runtime.s):00508                 tst     FBM_DAMAGE,u
0A0A 1027007E         (c/enemy_runtime.s):00509                 lbeq    fbpd_generic
                      (c/enemy_runtime.s):00510                 ; Coalesce an obsolete matching final before replaying any other
                      (c/enemy_runtime.s):00511                 ; pending coverage; a historical diagonal must never replace it.
0A0E 0D89             (c/enemy_runtime.s):00512                 tst     RENDER_GATE_MODE
0A10 272A             (c/enemy_runtime.s):00513                 beq     fbpd_project_gate
0A12 9688             (c/enemy_runtime.s):00514                 lda     RENDER_GATE_ID
0A14 2726             (c/enemy_runtime.s):00515                 beq     fbpd_project_gate
0A16 A1C900A9         (c/enemy_runtime.s):00516                 cmpa    FBM_PENDING_INTENTS+9,u
0A1A 260E             (c/enemy_runtime.s):00517                 bne     fbpd_second_gate
0A1C 6FC900A9         (c/enemy_runtime.s):00518                 clr     FBM_PENDING_INTENTS+9,u
0A20 6FC900AA         (c/enemy_runtime.s):00519                 clr     FBM_PENDING_INTENTS+10,u
                      (c/enemy_runtime.s):00520                 ; Byte 13 is RENDER_ZONE_Y; primary style is byte 14.
0A24 6FC900AE         (c/enemy_runtime.s):00521                 clr     FBM_PENDING_INTENTS+14,u
0A28 2018             (c/enemy_runtime.s):00522                 bra     fbpd_save_current
0A2A                  (c/enemy_runtime.s):00523         fbpd_second_gate
0A2A A1C900AB         (c/enemy_runtime.s):00524                 cmpa    FBM_PENDING_INTENTS+11,u
0A2E 260C             (c/enemy_runtime.s):00525                 bne     fbpd_project_gate
0A30 6FC900AB         (c/enemy_runtime.s):00526                 clr     FBM_PENDING_INTENTS+11,u
0A34 6FC900AC         (c/enemy_runtime.s):00527                 clr     FBM_PENDING_INTENTS+12,u
                      (c/enemy_runtime.s):00528                 ; Secondary style follows the secondary mode at byte 15.
0A38 6FC900AF         (c/enemy_runtime.s):00529                 clr     FBM_PENDING_INTENTS+15,u
0A3C                  (c/enemy_runtime.s):00530         fbpd_project_gate
0A3C BDCF91           (c/enemy_runtime.s):00531                 jsr     framebuffer_project_gate_only
0A3F 2501             (c/enemy_runtime.s):00532                 bcs     fbpd_save_current
0A41 39               (c/enemy_runtime.s):00533                 rts
0A42                  (c/enemy_runtime.s):00534         fbpd_save_current
0A42 9669             (c/enemy_runtime.s):00535                 lda     PLAYER_ERASED
0A44 3402             (c/enemy_runtime.s):00536                 pshs    a
0A46 0F69             (c/enemy_runtime.s):00537                 clr     PLAYER_ERASED
0A48 DC09             (c/enemy_runtime.s):00538                 ldd     PLAYER_CELL_X
0A4A 3406             (c/enemy_runtime.s):00539                 pshs    d
0A4C 8E007F           (c/enemy_runtime.s):00540                 ldx     #RENDER_FLAGS
0A4F C610             (c/enemy_runtime.s):00541                 ldb     #16
0A51                  (c/enemy_runtime.s):00542         fbpd_save
0A51 A680             (c/enemy_runtime.s):00543                 lda     ,x+
0A53 3402             (c/enemy_runtime.s):00544                 pshs    a
0A55 5A               (c/enemy_runtime.s):00545                 decb
0A56 26F9             (c/enemy_runtime.s):00546                 bne     fbpd_save
0A58 33C900A0         (c/enemy_runtime.s):00547                 leau    FBM_PENDING_INTENTS,u
0A5C 8E007F           (c/enemy_runtime.s):00548                 ldx     #RENDER_FLAGS
0A5F C610             (c/enemy_runtime.s):00549                 ldb     #16
0A61                  (c/enemy_runtime.s):00550         fbpd_load
0A61 A6C0             (c/enemy_runtime.s):00551                 lda     ,u+
0A63 A780             (c/enemy_runtime.s):00552                 sta     ,x+
0A65 5A               (c/enemy_runtime.s):00553                 decb
0A66 26F9             (c/enemy_runtime.s):00554                 bne     fbpd_load
0A68 ECC4             (c/enemy_runtime.s):00555                 ldd     ,u
0A6A DD09             (c/enemy_runtime.s):00556                 std     PLAYER_CELL_X
0A6C 8D68             (c/enemy_runtime.s):00557                 bsr     roam_mark_underlay
0A6E 170328           (c/enemy_runtime.s):00558                 lbsr    framebuffer_back_meta
0A71 6F41             (c/enemy_runtime.s):00559                 clr     FBM_DAMAGE,u
0A73 170075           (c/enemy_runtime.s):00560                 lbsr    frame_render_background
0A76 8E008E           (c/enemy_runtime.s):00561                 ldx     #RENDER_GATE2_STYLE
0A79 C610             (c/enemy_runtime.s):00562                 ldb     #16
0A7B                  (c/enemy_runtime.s):00563         fbpd_restore
0A7B 3502             (c/enemy_runtime.s):00564                 puls    a
0A7D A784             (c/enemy_runtime.s):00565                 sta     ,x
0A7F 301F             (c/enemy_runtime.s):00566                 leax    -1,x
0A81 5A               (c/enemy_runtime.s):00567                 decb
0A82 26F7             (c/enemy_runtime.s):00568                 bne     fbpd_restore
0A84 3506             (c/enemy_runtime.s):00569                 puls    d
0A86 DD09             (c/enemy_runtime.s):00570                 std     PLAYER_CELL_X
0A88 3502             (c/enemy_runtime.s):00571                 puls    a
0A8A 9769             (c/enemy_runtime.s):00572                 sta     PLAYER_ERASED
0A8C                  (c/enemy_runtime.s):00573         fbpd_generic
0A8C 1CFE             (c/enemy_runtime.s):00574                 andcc   #$FE
0A8E                  (c/enemy_runtime.s):00575         fbpd_done
0A8E 39               (c/enemy_runtime.s):00576                 rts
                      (c/enemy_runtime.s):00577         
                      (c/enemy_runtime.s):00578         ; Queue this epoch's persistent coverage for the buffer not currently being
                      (c/enemy_runtime.s):00579         ; rendered. Actor/popup/death state is buffer-local and is excluded here.
0A8F                  (c/enemy_runtime.s):00580         framebuffer_queue_damage
0A8F CEAA00           (c/enemy_runtime.s):00581                 ldu     #FB_META_B
0A92 0D90             (c/enemy_runtime.s):00582                 tst     FB_BACK_ID
0A94 2703             (c/enemy_runtime.s):00583                 beq     fbqd_meta
0A96 CEA900           (c/enemy_runtime.s):00584                 ldu     #FB_META_A
0A99                  (c/enemy_runtime.s):00585         fbqd_meta
0A99 33C900A0         (c/enemy_runtime.s):00586                 leau    FBM_PENDING_INTENTS,u
0A9D 8E007F           (c/enemy_runtime.s):00587                 ldx     #RENDER_FLAGS
0AA0 C610             (c/enemy_runtime.s):00588                 ldb     #16
0AA2                  (c/enemy_runtime.s):00589         fbqd_copy
0AA2 A680             (c/enemy_runtime.s):00590                 lda     ,x+
0AA4 A7C0             (c/enemy_runtime.s):00591                 sta     ,u+
0AA6 5A               (c/enemy_runtime.s):00592                 decb
0AA7 26F9             (c/enemy_runtime.s):00593                 bne     fbqd_copy
0AA9 DC09             (c/enemy_runtime.s):00594                 ldd     PLAYER_CELL_X
0AAB EDC4             (c/enemy_runtime.s):00595                 std     ,u
0AAD 3350             (c/enemy_runtime.s):00596                 leau    -16,u
0AAF A6C4             (c/enemy_runtime.s):00597                 lda     ,u
0AB1 847E             (c/enemy_runtime.s):00598                 anda    #RF_HUD|RF_LIVES|RF_ENTITIES|RF_BOX|RF_DOT|RF_STAGE
0AB3 A7C4             (c/enemy_runtime.s):00599                 sta     ,u
0AB5 A641             (c/enemy_runtime.s):00600                 lda     1,u
0AB7 840E             (c/enemy_runtime.s):00601                 anda    #RF2_MULTIPLIER|RF2_LETTER|RF2_PERIM_RESET
0AB9 A741             (c/enemy_runtime.s):00602                 sta     1,u
0ABB 9687             (c/enemy_runtime.s):00603                 lda     ENEMY_RENDER_FLAGS
0ABD 8418             (c/enemy_runtime.s):00604                 anda    #ERF_NEST|ERF_NEST_ANIM
0ABF A748             (c/enemy_runtime.s):00605                 sta     8,u
0AC1 6FC9FF61         (c/enemy_runtime.s):00606                 clr     FBM_DAMAGE-FBM_PENDING_INTENTS,u
0AC5 A6C4             (c/enemy_runtime.s):00607                 lda     ,u
0AC7 AA41             (c/enemy_runtime.s):00608                 ora     1,u
0AC9 AA48             (c/enemy_runtime.s):00609                 ora     8,u
0ACB AA49             (c/enemy_runtime.s):00610                 ora     9,u              ; RENDER_GATE_ID
0ACD AA4B             (c/enemy_runtime.s):00611                 ora     11,u             ; RENDER_GATE2_ID
0ACF 2704             (c/enemy_runtime.s):00612                 beq     fbqd_done
0AD1 6CC9FF61         (c/enemy_runtime.s):00613                 inc     FBM_DAMAGE-FBM_PENDING_INTENTS,u
0AD5                  (c/enemy_runtime.s):00614         fbqd_done
0AD5 39               (c/enemy_runtime.s):00615                 rts
                      (c/enemy_runtime.s):00616         
                      (c/enemy_runtime.s):00617         ; Any projected layer that can intersect a roaming footprint invalidates strip
                      (c/enemy_runtime.s):00618         ; reuse for this BACK transaction. HUD, lives, and perimeter never intersect.
0AD6                  (c/enemy_runtime.s):00619         roam_mark_underlay
0AD6 3401             (c/enemy_runtime.s):00620                 pshs    cc
0AD8 967F             (c/enemy_runtime.s):00621                 lda     RENDER_FLAGS
0ADA 8468             (c/enemy_runtime.s):00622                 anda    #RF_ENTITIES|RF_DOT|RF_STAGE
0ADC 2606             (c/enemy_runtime.s):00623                 bne     rmu_dirty
0ADE 9687             (c/enemy_runtime.s):00624                 lda     ENEMY_RENDER_FLAGS
0AE0 840D             (c/enemy_runtime.s):00625                 anda    #ERF_INIT|ERF_ZONE_REFRESH|ERF_NEST
0AE2 2704             (c/enemy_runtime.s):00626                 beq     rmu_done
0AE4                  (c/enemy_runtime.s):00627         rmu_dirty
0AE4 86FF             (c/enemy_runtime.s):00628                 lda     #$FF
0AE6 979B             (c/enemy_runtime.s):00629                 sta     ENEMY_CAPTURE_DIRTY
0AE8                  (c/enemy_runtime.s):00630         rmu_done
0AE8 3501             (c/enemy_runtime.s):00631                 puls    cc
0AEA 39               (c/enemy_runtime.s):00632                 rts
                      (c/enemy_runtime.s):00633         
                      (c/enemy_runtime.s):00634         ; Draw only persistent background state. Damage replay uses this entry so an
                      (c/enemy_runtime.s):00635         ; older ledger cannot save or publish actor pixels before closure completes.
0AEB                  (c/enemy_runtime.s):00636         frame_render_background
0AEB 967F             (c/enemy_runtime.s):00637                 lda     RENDER_FLAGS
0AED 8540             (c/enemy_runtime.s):00638                 bita    #RF_STAGE
0AEF 102600C8         (c/enemy_runtime.s):00639                 lbne    fri_stage_background
                      (c/enemy_runtime.s):00640                 ifeq    PERSISTENT_FB
                      (c/enemy_runtime.s):00641                 lbsr    render_exposed_player
                      (c/enemy_runtime.s):00642                 endc
                      (c/enemy_runtime.s):00643         
0AF3 967F             (c/enemy_runtime.s):00644                 lda     RENDER_FLAGS
0AF5 8508             (c/enemy_runtime.s):00645                 bita    #RF_ENTITIES
0AF7 2706             (c/enemy_runtime.s):00646                 beq     fri_dot
0AF9 BDC6E8           (c/enemy_runtime.s):00647                 jsr     erase_entity_footprints
0AFC BDC6B0           (c/enemy_runtime.s):00648                 jsr     draw_entities
0AFF                  (c/enemy_runtime.s):00649         fri_dot
0AFF 967F             (c/enemy_runtime.s):00650                 lda     RENDER_FLAGS
0B01 8520             (c/enemy_runtime.s):00651                 bita    #RF_DOT
0B03 270B             (c/enemy_runtime.s):00652                 beq     fri_hud
0B05 9609             (c/enemy_runtime.s):00653                 lda     PLAYER_CELL_X
0B07 9710             (c/enemy_runtime.s):00654                 sta     TEST_X
0B09 960A             (c/enemy_runtime.s):00655                 lda     PLAYER_CELL_Y
0B0B 9711             (c/enemy_runtime.s):00656                 sta     TEST_Y
0B0D BDD463           (c/enemy_runtime.s):00657                 jsr     draw_maze_state_cell
0B10                  (c/enemy_runtime.s):00658         fri_hud
0B10 17FE88           (c/enemy_runtime.s):00659                 lbsr    enemy_render_impl
0B13 967F             (c/enemy_runtime.s):00660                 lda     RENDER_FLAGS
0B15 8502             (c/enemy_runtime.s):00661                 bita    #RF_HUD
0B17 2703             (c/enemy_runtime.s):00662                 beq     fri_lives
0B19 BDC373           (c/enemy_runtime.s):00663                 jsr     draw_hud
0B1C                  (c/enemy_runtime.s):00664         fri_lives
0B1C 967F             (c/enemy_runtime.s):00665                 lda     RENDER_FLAGS
0B1E 8504             (c/enemy_runtime.s):00666                 bita    #RF_LIVES
0B20 2703             (c/enemy_runtime.s):00667                 beq     fri_box
0B22 BDC502           (c/enemy_runtime.s):00668                 jsr     draw_lives
0B25                  (c/enemy_runtime.s):00669         fri_box
0B25 967F             (c/enemy_runtime.s):00670                 lda     RENDER_FLAGS
0B27 8510             (c/enemy_runtime.s):00671                 bita    #RF_BOX
0B29 2716             (c/enemy_runtime.s):00672                 beq     fri_secondary
0B2B 964B             (c/enemy_runtime.s):00673                 lda     BOX_INDEX
0B2D 3402             (c/enemy_runtime.s):00674                 pshs    a
0B2F 9681             (c/enemy_runtime.s):00675                 lda     RENDER_BOX_INDEX
0B31 974B             (c/enemy_runtime.s):00676                 sta     BOX_INDEX
0B33 9682             (c/enemy_runtime.s):00677                 lda     RENDER_BOX_COLOR
0B35 9729             (c/enemy_runtime.s):00678                 sta     HUD_COLOR
0B37 BDC903           (c/enemy_runtime.s):00679                 jsr     perimeter_box_coordinates
0B3A BDC944           (c/enemy_runtime.s):00680                 jsr     draw_perimeter_box
0B3D 3502             (c/enemy_runtime.s):00681                 puls    a
0B3F 974B             (c/enemy_runtime.s):00682                 sta     BOX_INDEX
0B41                  (c/enemy_runtime.s):00683         fri_secondary
0B41 9680             (c/enemy_runtime.s):00684                 lda     RENDER_FLAGS2
0B43 8508             (c/enemy_runtime.s):00685                 bita    #RF2_PERIM_RESET
0B45 2702             (c/enemy_runtime.s):00686                 beq     fri_multiplier
0B47 8D55             (c/enemy_runtime.s):00687                 bsr     render_perimeter_reset
0B49                  (c/enemy_runtime.s):00688         fri_multiplier
0B49 9680             (c/enemy_runtime.s):00689                 lda     RENDER_FLAGS2
0B4B 8502             (c/enemy_runtime.s):00690                 bita    #RF2_MULTIPLIER
0B4D 2703             (c/enemy_runtime.s):00691                 beq     fri_letter
0B4F BDC2D2           (c/enemy_runtime.s):00692                 jsr     draw_multiplier_hud
0B52                  (c/enemy_runtime.s):00693         fri_letter
0B52 9680             (c/enemy_runtime.s):00694                 lda     RENDER_FLAGS2
0B54 8504             (c/enemy_runtime.s):00695                 bita    #RF2_LETTER
0B56 270F             (c/enemy_runtime.s):00696                 beq     fri_gate
0B58 9683             (c/enemy_runtime.s):00697                 lda     RENDER_LETTER_X
0B5A 9727             (c/enemy_runtime.s):00698                 sta     HUD_X
0B5C 9684             (c/enemy_runtime.s):00699                 lda     RENDER_LETTER_Y
0B5E 9728             (c/enemy_runtime.s):00700                 sta     HUD_Y
0B60 9685             (c/enemy_runtime.s):00701                 lda     RENDER_LETTER_COLOR
0B62 9729             (c/enemy_runtime.s):00702                 sta     HUD_COLOR
0B64 BDC49E           (c/enemy_runtime.s):00703                 jsr     draw_recolored_map_tile
0B67                  (c/enemy_runtime.s):00704         fri_gate
0B67 9688             (c/enemy_runtime.s):00705                 lda     RENDER_GATE_ID
0B69 271A             (c/enemy_runtime.s):00706                 beq     fri_background_done
0B6B 9689             (c/enemy_runtime.s):00707                 lda     RENDER_GATE_MODE
0B6D 976F             (c/enemy_runtime.s):00708                 sta     GATE_COMPOSE_MODE
0B6F 170A2F           (c/enemy_runtime.s):00709                 lbsr    gate_compose_impl
0B72 968A             (c/enemy_runtime.s):00710                 lda     RENDER_GATE2_ID
0B74 270F             (c/enemy_runtime.s):00711                 beq     fri_background_done
0B76 9788             (c/enemy_runtime.s):00712                 sta     RENDER_GATE_ID
0B78 968B             (c/enemy_runtime.s):00713                 lda     RENDER_GATE2_MODE
0B7A 9789             (c/enemy_runtime.s):00714                 sta     RENDER_GATE_MODE
0B7C 976F             (c/enemy_runtime.s):00715                 sta     GATE_COMPOSE_MODE
0B7E 968E             (c/enemy_runtime.s):00716                 lda     RENDER_GATE2_STYLE
0B80 978D             (c/enemy_runtime.s):00717                 sta     RENDER_GATE_STYLE
0B82 170A1C           (c/enemy_runtime.s):00718                 lbsr    gate_compose_impl
0B85                  (c/enemy_runtime.s):00719         fri_background_done
                      (c/enemy_runtime.s):00720                 ifeq    PERSISTENT_FB
                      (c/enemy_runtime.s):00721                 bra     fri_presentation
                      (c/enemy_runtime.s):00722                 else
0B85 39               (c/enemy_runtime.s):00723                 rts
                      (c/enemy_runtime.s):00724                 endc
                      (c/enemy_runtime.s):00725         
                      (c/enemy_runtime.s):00726                 ifeq    PERSISTENT_FB
0B86                  (c/enemy_runtime.s):00727         fri_presentation
                      (c/enemy_runtime.s):00728                 lda     RENDER_FLAGS2
                      (c/enemy_runtime.s):00729                 bita    #RF2_POPUP
                      (c/enemy_runtime.s):00730                 beq     fri_death
                      (c/enemy_runtime.s):00731                 jsr     save_player
                      (c/enemy_runtime.s):00732                 jsr     draw_score_popup
                      (c/enemy_runtime.s):00733                 bra     fri_done
0B86                  (c/enemy_runtime.s):00734         fri_death
                      (c/enemy_runtime.s):00735                 lda     RENDER_FLAGS
                      (c/enemy_runtime.s):00736                 bita    #RF_DEATH
                      (c/enemy_runtime.s):00737                 beq     fri_player
                      (c/enemy_runtime.s):00738                 lda     DEATH_STATE
                      (c/enemy_runtime.s):00739                 beq     fri_player
                      (c/enemy_runtime.s):00740                 cmpa    #3
                      (c/enemy_runtime.s):00741                 bhs     fri_done
                      (c/enemy_runtime.s):00742                 lda     DEATH_FRAME
                      (c/enemy_runtime.s):00743                 cmpa    #$FF
                      (c/enemy_runtime.s):00744                 beq     fri_done
                      (c/enemy_runtime.s):00745                 jsr     draw_death_frame
                      (c/enemy_runtime.s):00746                 bra     fri_done
0B86                  (c/enemy_runtime.s):00747         fri_player
                      (c/enemy_runtime.s):00748                 lda     RENDER_FLAGS
                      (c/enemy_runtime.s):00749                 bita    #RF_PLAYER
                      (c/enemy_runtime.s):00750                 beq     fri_done
                      (c/enemy_runtime.s):00751                 lda     PICKUP_TIMER
                      (c/enemy_runtime.s):00752                 bne     fri_done
                      (c/enemy_runtime.s):00753                 lda     DEATH_STATE
                      (c/enemy_runtime.s):00754                 bne     fri_done
                      (c/enemy_runtime.s):00755                 tst     PLAYER_ERASED
                      (c/enemy_runtime.s):00756                 bne     fri_player_direct
                      (c/enemy_runtime.s):00757                 lbsr    player_compose_impl
                      (c/enemy_runtime.s):00758                 bra     fri_done
0B86                  (c/enemy_runtime.s):00759         fri_player_direct
                      (c/enemy_runtime.s):00760                 jsr     draw_player
0B86                  (c/enemy_runtime.s):00761         fri_done
                      (c/enemy_runtime.s):00762                 rts
                      (c/enemy_runtime.s):00763                 endc
                      (c/enemy_runtime.s):00764         
0B86                  (c/enemy_runtime.s):00765         render_exposed_player
0B86 0D69             (c/enemy_runtime.s):00766                 tst     PLAYER_ERASED
0B88 2713             (c/enemy_runtime.s):00767                 beq     rep_done
0B8A 0D6A             (c/enemy_runtime.s):00768                 tst     PLAYER_BG_VALID
0B8C 270F             (c/enemy_runtime.s):00769                 beq     rep_done
0B8E DC0B             (c/enemy_runtime.s):00770                 ldd     PLAYER_FB
0B90 3406             (c/enemy_runtime.s):00771                 pshs    d
0B92 DC67             (c/enemy_runtime.s):00772                 ldd     PLAYER_OLD_FB
0B94 DD0B             (c/enemy_runtime.s):00773                 std     PLAYER_FB
0B96 BDD66A           (c/enemy_runtime.s):00774                 jsr     restore_player
0B99 3506             (c/enemy_runtime.s):00775                 puls    d
0B9B DD0B             (c/enemy_runtime.s):00776                 std     PLAYER_FB
0B9D                  (c/enemy_runtime.s):00777         rep_done
0B9D 39               (c/enemy_runtime.s):00778                 rts
                      (c/enemy_runtime.s):00779         
0B9E                  (c/enemy_runtime.s):00780         render_perimeter_reset
0B9E 964B             (c/enemy_runtime.s):00781                 lda     BOX_INDEX
0BA0 3402             (c/enemy_runtime.s):00782                 pshs    a
0BA2 0F4B             (c/enemy_runtime.s):00783                 clr     BOX_INDEX
0BA4 8606             (c/enemy_runtime.s):00784                 lda     #COLOR_WHITE
0BA6 9729             (c/enemy_runtime.s):00785                 sta     HUD_COLOR
0BA8                  (c/enemy_runtime.s):00786         rpr_box
0BA8 BDC903           (c/enemy_runtime.s):00787                 jsr     perimeter_box_coordinates
0BAB BDC944           (c/enemy_runtime.s):00788                 jsr     draw_perimeter_box
0BAE 0C4B             (c/enemy_runtime.s):00789                 inc     BOX_INDEX
0BB0 964B             (c/enemy_runtime.s):00790                 lda     BOX_INDEX
0BB2 815C             (c/enemy_runtime.s):00791                 cmpa    #92
0BB4 25F2             (c/enemy_runtime.s):00792                 blo     rpr_box
0BB6 3502             (c/enemy_runtime.s):00793                 puls    a
0BB8 974B             (c/enemy_runtime.s):00794                 sta     BOX_INDEX
0BBA 39               (c/enemy_runtime.s):00795                 rts
                      (c/enemy_runtime.s):00796         
0BBB                  (c/enemy_runtime.s):00797         fri_stage_background
0BBB BDD68B           (c/enemy_runtime.s):00798                 jsr     draw_screen
                      (c/enemy_runtime.s):00799                 ; Clear authored dot/flower pixels beneath randomized collectibles
                      (c/enemy_runtime.s):00800                 ; before gate art and entity sprites are published on stage load.
0BBE BDC6E8           (c/enemy_runtime.s):00801                 jsr     erase_entity_footprints
0BC1 BDCE39           (c/enemy_runtime.s):00802                 jsr     draw_all_gates
0BC4 BDC6B0           (c/enemy_runtime.s):00803                 jsr     draw_entities
0BC7 BDC373           (c/enemy_runtime.s):00804                 jsr     draw_hud
0BCA BDC334           (c/enemy_runtime.s):00805                 jsr     draw_word_progress_hud
0BCD BDC502           (c/enemy_runtime.s):00806                 jsr     draw_lives
0BD0 17FDC8           (c/enemy_runtime.s):00807                 lbsr    enemy_render_impl
                      (c/enemy_runtime.s):00808                 ifeq    PERSISTENT_FB
                      (c/enemy_runtime.s):00809                 jsr     draw_player
                      (c/enemy_runtime.s):00810                 endc
0BD3 39               (c/enemy_runtime.s):00811                 rts
                      (c/enemy_runtime.s):00812         
                      (c/enemy_runtime.s):00813                 ifne    PERSISTENT_FB
                      (c/enemy_runtime.s):00814         ; Conservative transitive overlap closure for the five moving actors.
                      (c/enemy_runtime.s):00815         ; Restoring every owned old footprint avoids geometry bookkeeping and ensures
                      (c/enemy_runtime.s):00816         ; no destination background is captured until every prior actor is absent.
0BD4                  (c/enemy_runtime.s):00817         actor_closure_restore
0BD4 0D6A             (c/enemy_runtime.s):00818                 tst     PLAYER_BG_VALID
0BD6 2713             (c/enemy_runtime.s):00819                 beq     acr_enemies
0BD8 DC0B             (c/enemy_runtime.s):00820                 ldd     PLAYER_FB
0BDA 3406             (c/enemy_runtime.s):00821                 pshs    d
0BDC DC67             (c/enemy_runtime.s):00822                 ldd     PLAYER_OLD_FB
0BDE DD0B             (c/enemy_runtime.s):00823                 std     PLAYER_FB
0BE0 BDD66A           (c/enemy_runtime.s):00824                 jsr     restore_player
0BE3 3506             (c/enemy_runtime.s):00825                 puls    d
0BE5 DD0B             (c/enemy_runtime.s):00826                 std     PLAYER_FB
0BE7 8601             (c/enemy_runtime.s):00827                 lda     #1
0BE9 9769             (c/enemy_runtime.s):00828                 sta     PLAYER_ERASED
0BEB                  (c/enemy_runtime.s):00829         acr_enemies
0BEB 8EA470           (c/enemy_runtime.s):00830                 ldx     #ENEMY_TABLE
0BEE 8604             (c/enemy_runtime.s):00831                 lda     #4
0BF0 975D             (c/enemy_runtime.s):00832                 sta     ENEMY_WORK
0BF2                  (c/enemy_runtime.s):00833         acr_enemy_loop
0BF2 8604             (c/enemy_runtime.s):00834                 lda     #4
0BF4 905D             (c/enemy_runtime.s):00835                 suba    ENEMY_WORK
0BF6 108E109B         (c/enemy_runtime.s):00836                 ldy     #roam_slot_masks
0BFA E6A6             (c/enemy_runtime.s):00837                 ldb     a,y
0BFC D486             (c/enemy_runtime.s):00838                 andb    ENEMY_OLD_VALID
0BFE 2711             (c/enemy_runtime.s):00839                 beq     acr_enemy_next
0C00 17049C           (c/enemy_runtime.s):00840                 lbsr    roam_old_slot
0C03 ECC4             (c/enemy_runtime.s):00841                 ldd     ,u
0C05 3410             (c/enemy_runtime.s):00842                 pshs    x
0C07 1F01             (c/enemy_runtime.s):00843                 tfr     d,x
0C09 17049E           (c/enemy_runtime.s):00844                 lbsr    roam_bg_address
0C0C 170621           (c/enemy_runtime.s):00845                 lbsr    roam_copy_bg_to_fb
0C0F 3510             (c/enemy_runtime.s):00846                 puls    x
0C11                  (c/enemy_runtime.s):00847         acr_enemy_next
0C11 3008             (c/enemy_runtime.s):00848                 leax    RECORD_SIZE,x
0C13 0A5D             (c/enemy_runtime.s):00849                 dec     ENEMY_WORK
0C15 26DB             (c/enemy_runtime.s):00850                 bne     acr_enemy_loop
0C17 39               (c/enemy_runtime.s):00851                 rts
                      (c/enemy_runtime.s):00852         
                      (c/enemy_runtime.s):00853         ; Capture every current roaming destination from actor-free BACK, then draw
                      (c/enemy_runtime.s):00854         ; enemies and the player presentation in stable painter order.
0C18                  (c/enemy_runtime.s):00855         actor_closure_draw
0C18 8EA470           (c/enemy_runtime.s):00856                 ldx     #ENEMY_TABLE
0C1B 8604             (c/enemy_runtime.s):00857                 lda     #4
0C1D 975D             (c/enemy_runtime.s):00858                 sta     ENEMY_WORK
0C1F                  (c/enemy_runtime.s):00859         acd_save_loop
0C1F 6D84             (c/enemy_runtime.s):00860                 tst     ,x
0C21 2715             (c/enemy_runtime.s):00861                 beq     acd_save_next
0C23 6D06             (c/enemy_runtime.s):00862                 tst     6,x
0C25 2606             (c/enemy_runtime.s):00863                 bne     acd_save_actor
0C27 A605             (c/enemy_runtime.s):00864                 lda     5,x
0C29 810A             (c/enemy_runtime.s):00865                 cmpa    #10
0C2B 220B             (c/enemy_runtime.s):00866                 bhi     acd_save_next
0C2D                  (c/enemy_runtime.s):00867         acd_save_actor
0C2D 3410             (c/enemy_runtime.s):00868                 pshs    x
0C2F 170498           (c/enemy_runtime.s):00869                 lbsr    roam_update_background
0C32 3510             (c/enemy_runtime.s):00870                 puls    x
0C34 8601             (c/enemy_runtime.s):00871                 lda     #1
0C36 A706             (c/enemy_runtime.s):00872                 sta     6,x
0C38                  (c/enemy_runtime.s):00873         acd_save_next
0C38 3008             (c/enemy_runtime.s):00874                 leax    RECORD_SIZE,x
0C3A 0A5D             (c/enemy_runtime.s):00875                 dec     ENEMY_WORK
0C3C 26E1             (c/enemy_runtime.s):00876                 bne     acd_save_loop
                      (c/enemy_runtime.s):00877         
0C3E 8EA470           (c/enemy_runtime.s):00878                 ldx     #ENEMY_TABLE
0C41 8604             (c/enemy_runtime.s):00879                 lda     #4
0C43 975D             (c/enemy_runtime.s):00880                 sta     ENEMY_WORK
0C45                  (c/enemy_runtime.s):00881         acd_draw_loop
0C45 6D84             (c/enemy_runtime.s):00882                 tst     ,x
0C47 270F             (c/enemy_runtime.s):00883                 beq     acd_draw_next
0C49 6D06             (c/enemy_runtime.s):00884                 tst     6,x
0C4B 270B             (c/enemy_runtime.s):00885                 beq     acd_draw_next
0C4D E607             (c/enemy_runtime.s):00886                 ldb     7,x
0C4F 3410             (c/enemy_runtime.s):00887                 pshs    x
0C51 AE01             (c/enemy_runtime.s):00888                 ldx     1,x
0C53 170741           (c/enemy_runtime.s):00889                 lbsr    draw_enemy_fb
0C56 3510             (c/enemy_runtime.s):00890                 puls    x
0C58                  (c/enemy_runtime.s):00891         acd_draw_next
0C58 3008             (c/enemy_runtime.s):00892                 leax    RECORD_SIZE,x
0C5A 0A5D             (c/enemy_runtime.s):00893                 dec     ENEMY_WORK
0C5C 26E7             (c/enemy_runtime.s):00894                 bne     acd_draw_loop
                      (c/enemy_runtime.s):00895         
0C5E 0D51             (c/enemy_runtime.s):00896                 tst     PICKUP_TIMER
0C60 2707             (c/enemy_runtime.s):00897                 beq     acd_death
0C62                  (c/enemy_runtime.s):00898         acd_popup
0C62 BDD645           (c/enemy_runtime.s):00899                 jsr     save_player
0C65 BDD2E4           (c/enemy_runtime.s):00900                 jsr     draw_score_popup
0C68 39               (c/enemy_runtime.s):00901                 rts
0C69                  (c/enemy_runtime.s):00902         acd_death
0C69 967F             (c/enemy_runtime.s):00903                 lda     RENDER_FLAGS
0C6B 8580             (c/enemy_runtime.s):00904                 bita    #RF_DEATH
0C6D 2712             (c/enemy_runtime.s):00905                 beq     acd_player
0C6F 964D             (c/enemy_runtime.s):00906                 lda     DEATH_STATE
0C71 270E             (c/enemy_runtime.s):00907                 beq     acd_player
0C73 8103             (c/enemy_runtime.s):00908                 cmpa    #3
0C75 241F             (c/enemy_runtime.s):00909                 bhs     acd_done
0C77 964E             (c/enemy_runtime.s):00910                 lda     DEATH_FRAME
0C79 81FF             (c/enemy_runtime.s):00911                 cmpa    #$FF
0C7B 2719             (c/enemy_runtime.s):00912                 beq     acd_done
0C7D BDD425           (c/enemy_runtime.s):00913                 jsr     draw_death_frame
0C80 39               (c/enemy_runtime.s):00914                 rts
0C81                  (c/enemy_runtime.s):00915         acd_player
0C81 964D             (c/enemy_runtime.s):00916                 lda     DEATH_STATE
0C83 2611             (c/enemy_runtime.s):00917                 bne     acd_done
0C85 967F             (c/enemy_runtime.s):00918                 lda     RENDER_FLAGS
0C87 8541             (c/enemy_runtime.s):00919                 bita    #RF_PLAYER|RF_STAGE
0C89 2608             (c/enemy_runtime.s):00920                 bne     acd_draw_player
0C8B 0D69             (c/enemy_runtime.s):00921                 tst     PLAYER_ERASED
0C8D 2604             (c/enemy_runtime.s):00922                 bne     acd_draw_player
0C8F 0D6A             (c/enemy_runtime.s):00923                 tst     PLAYER_BG_VALID
0C91 2603             (c/enemy_runtime.s):00924                 bne     acd_done
0C93                  (c/enemy_runtime.s):00925         acd_draw_player
0C93 BDD542           (c/enemy_runtime.s):00926                 jsr     draw_player
0C96                  (c/enemy_runtime.s):00927         acd_done
0C96 39               (c/enemy_runtime.s):00928                 rts
                      (c/enemy_runtime.s):00929                 endc
                      (c/enemy_runtime.s):00930         
                      (c/enemy_runtime.s):00931         ; Phase-3 ownership bootstrap. While display output is still blanked, duplicate
                      (c/enemy_runtime.s):00932         ; the complete A image into physical pages $2C-$2F, then clone the current
                      (c/enemy_runtime.s):00933         ; restoration state and actor metadata. Display commits remain disabled.
0C97                  (c/enemy_runtime.s):00934         framebuffer_init_impl
0C97 0F8F             (c/enemy_runtime.s):00935                 clr     FB_FRONT_ID
0C99 8601             (c/enemy_runtime.s):00936                 lda     #1
0C9B 9790             (c/enemy_runtime.s):00937                 sta     FB_BACK_ID
0C9D 0F91             (c/enemy_runtime.s):00938                 clr     FB_RENDER_PENDING
0C9F 0F92             (c/enemy_runtime.s):00939                 clr     FB_COMMIT_SEQ
0CA1 0F93             (c/enemy_runtime.s):00940                 clr     FB_COMMIT_SEQ+1
0CA3 0F94             (c/enemy_runtime.s):00941                 clr     FB_SIM_SEQ
0CA5 0F95             (c/enemy_runtime.s):00942                 clr     FB_SIM_SEQ+1
0CA7 0F96             (c/enemy_runtime.s):00943                 clr     FB_MISSED_COMMIT
0CA9 0F97             (c/enemy_runtime.s):00944                 clr     FB_MISSED_COMMIT+1
0CAB 0F98             (c/enemy_runtime.s):00945                 clr     FB_RENDER_ACTIVE
0CAD 0F99             (c/enemy_runtime.s):00946                 clr     FB_WRITE_FRONT_FAULT
                      (c/enemy_runtime.s):00947         
0CAF 862C             (c/enemy_runtime.s):00948                 lda     #FB_B_PAGE0
0CB1 3402             (c/enemy_runtime.s):00949                 pshs    a
0CB3 8E2000           (c/enemy_runtime.s):00950                 ldx     #$2000
0CB6                  (c/enemy_runtime.s):00951         fbi_page
0CB6 A6E4             (c/enemy_runtime.s):00952                 lda     ,s
0CB8 B7FFA5           (c/enemy_runtime.s):00953                 sta     GIME_PAR5
0CBB CEA000           (c/enemy_runtime.s):00954                 ldu     #$A000
0CBE 108E1000         (c/enemy_runtime.s):00955                 ldy     #4096
0CC2                  (c/enemy_runtime.s):00956         fbi_page_word
0CC2 EC81             (c/enemy_runtime.s):00957                 ldd     ,x++
0CC4 EDC1             (c/enemy_runtime.s):00958                 std     ,u++
0CC6 313F             (c/enemy_runtime.s):00959                 leay    -1,y
0CC8 26F8             (c/enemy_runtime.s):00960                 bne     fbi_page_word
0CCA 6CE4             (c/enemy_runtime.s):00961                 inc     ,s
0CCC 8CA000           (c/enemy_runtime.s):00962                 cmpx    #$A000
0CCF 25E5             (c/enemy_runtime.s):00963                 blo     fbi_page
0CD1 3261             (c/enemy_runtime.s):00964                 leas    1,s
0CD3 8634             (c/enemy_runtime.s):00965                 lda     #$34
0CD5 B7FFA5           (c/enemy_runtime.s):00966                 sta     GIME_PAR5
                      (c/enemy_runtime.s):00967         
0CD8 8EA300           (c/enemy_runtime.s):00968                 ldx     #PLAYER_BG
0CDB CEAB00           (c/enemy_runtime.s):00969                 ldu     #PLAYER_BG_B
0CDE 108E0040         (c/enemy_runtime.s):00970                 ldy     #64
0CE2                  (c/enemy_runtime.s):00971         fbi_player_bg
0CE2 EC81             (c/enemy_runtime.s):00972                 ldd     ,x++
0CE4 EDC1             (c/enemy_runtime.s):00973                 std     ,u++
0CE6 313F             (c/enemy_runtime.s):00974                 leay    -1,y
0CE8 26F8             (c/enemy_runtime.s):00975                 bne     fbi_player_bg
0CEA 8EA690           (c/enemy_runtime.s):00976                 ldx     #ENEMY_BG_BASE
0CED CEAB80           (c/enemy_runtime.s):00977                 ldu     #ENEMY_BG_B
0CF0 108E0100         (c/enemy_runtime.s):00978                 ldy     #256
0CF4                  (c/enemy_runtime.s):00979         fbi_enemy_bg
0CF4 EC81             (c/enemy_runtime.s):00980                 ldd     ,x++
0CF6 EDC1             (c/enemy_runtime.s):00981                 std     ,u++
0CF8 313F             (c/enemy_runtime.s):00982                 leay    -1,y
0CFA 26F8             (c/enemy_runtime.s):00983                 bne     fbi_enemy_bg
                      (c/enemy_runtime.s):00984         
0CFC 8EA900           (c/enemy_runtime.s):00985                 ldx     #FB_META_A
0CFF 108E0100         (c/enemy_runtime.s):00986                 ldy     #256
0D03 4F               (c/enemy_runtime.s):00987                 clra
0D04 5F               (c/enemy_runtime.s):00988                 clrb
0D05                  (c/enemy_runtime.s):00989         fbi_clear_meta
0D05 ED81             (c/enemy_runtime.s):00990                 std     ,x++
0D07 313F             (c/enemy_runtime.s):00991                 leay    -1,y
0D09 26FA             (c/enemy_runtime.s):00992                 bne     fbi_clear_meta
0D0B 170104           (c/enemy_runtime.s):00993                 lbsr    framebuffer_capture_a
0D0E 8EA900           (c/enemy_runtime.s):00994                 ldx     #FB_META_A
0D11 CEAA00           (c/enemy_runtime.s):00995                 ldu     #FB_META_B
0D14 108E0080         (c/enemy_runtime.s):00996                 ldy     #128
0D18                  (c/enemy_runtime.s):00997         fbi_copy_meta
0D18 EC81             (c/enemy_runtime.s):00998                 ldd     ,x++
0D1A EDC1             (c/enemy_runtime.s):00999                 std     ,u++
0D1C 313F             (c/enemy_runtime.s):01000                 leay    -1,y
0D1E 26F8             (c/enemy_runtime.s):01001                 bne     fbi_copy_meta
0D20 8601             (c/enemy_runtime.s):01002                 lda     #1
0D22 979A             (c/enemy_runtime.s):01003                 sta     FB_INIT_STATE
0D24 39               (c/enemy_runtime.s):01004                 rts
                      (c/enemy_runtime.s):01005         
                      (c/enemy_runtime.s):01006         ; Map and hydrate the non-scanned owner before any framebuffer write. Actor
                      (c/enemy_runtime.s):01007         ; save-under ownership is buffer-local; the logical records remain untouched.
0D25                  (c/enemy_runtime.s):01008         framebuffer_prepare_back
0D25 0D9A             (c/enemy_runtime.s):01009                 tst     FB_INIT_STATE
0D27 275B             (c/enemy_runtime.s):01010                 beq     fbp_ok
0D29 9690             (c/enemy_runtime.s):01011                 lda     FB_BACK_ID
0D2B 918F             (c/enemy_runtime.s):01012                 cmpa    FB_FRONT_ID
0D2D 2605             (c/enemy_runtime.s):01013                 bne     fbp_owned
0D2F                  (c/enemy_runtime.s):01014         fbp_write_front_fault
0D2F 0C99             (c/enemy_runtime.s):01015                 inc     FB_WRITE_FRONT_FAULT
0D31 1A01             (c/enemy_runtime.s):01016                 orcc    #$01
0D33 39               (c/enemy_runtime.s):01017                 rts
0D34                  (c/enemy_runtime.s):01018         fbp_owned
0D34 8601             (c/enemy_runtime.s):01019                 lda     #1
0D36 9798             (c/enemy_runtime.s):01020                 sta     FB_RENDER_ACTIVE
0D38 170882           (c/enemy_runtime.s):01021                 lbsr    gate_map_live
0D3B 8D5C             (c/enemy_runtime.s):01022                 bsr     framebuffer_back_meta
0D3D A642             (c/enemy_runtime.s):01023                 lda     FBM_PLAYER_VALID,u
0D3F 976A             (c/enemy_runtime.s):01024                 sta     PLAYER_BG_VALID
0D41 EC44             (c/enemy_runtime.s):01025                 ldd     FBM_PLAYER_FB,u
0D43 DD67             (c/enemy_runtime.s):01026                 std     PLAYER_OLD_FB
0D45 8EA300           (c/enemy_runtime.s):01027                 ldx     #PLAYER_BG
0D48 0D90             (c/enemy_runtime.s):01028                 tst     FB_BACK_ID
0D4A 2703             (c/enemy_runtime.s):01029                 beq     fbp_enemies
0D4C 8EAB00           (c/enemy_runtime.s):01030                 ldx     #PLAYER_BG_B
0D4F                  (c/enemy_runtime.s):01031         fbp_enemies
0D4F 9FA2             (c/enemy_runtime.s):01032                 stx     PLAYER_BG_PTR
0D51 3348             (c/enemy_runtime.s):01033                 leau    FBM_ENEMIES,u
0D53 108EA890         (c/enemy_runtime.s):01034                 ldy     #ENEMY_OLD_FB
0D57 0F86             (c/enemy_runtime.s):01035                 clr     ENEMY_OLD_VALID
0D59 8E109B           (c/enemy_runtime.s):01036                 ldx     #roam_slot_masks
0D5C 0F5D             (c/enemy_runtime.s):01037                 clr     ENEMY_WORK
0D5E                  (c/enemy_runtime.s):01038         fbp_enemy
0D5E EC41             (c/enemy_runtime.s):01039                 ldd     1,u
0D60 EDA1             (c/enemy_runtime.s):01040                 std     ,y++
0D62 6D46             (c/enemy_runtime.s):01041                 tst     6,u
0D64 2708             (c/enemy_runtime.s):01042                 beq     fbp_enemy_next
0D66 D65D             (c/enemy_runtime.s):01043                 ldb     ENEMY_WORK
0D68 A685             (c/enemy_runtime.s):01044                 lda     b,x
0D6A 9A86             (c/enemy_runtime.s):01045                 ora     ENEMY_OLD_VALID
0D6C 9786             (c/enemy_runtime.s):01046                 sta     ENEMY_OLD_VALID
0D6E                  (c/enemy_runtime.s):01047         fbp_enemy_next
0D6E 3348             (c/enemy_runtime.s):01048                 leau    RECORD_SIZE,u
0D70 0C5D             (c/enemy_runtime.s):01049                 inc     ENEMY_WORK
0D72 965D             (c/enemy_runtime.s):01050                 lda     ENEMY_WORK
0D74 8104             (c/enemy_runtime.s):01051                 cmpa    #4
0D76 25E6             (c/enemy_runtime.s):01052                 blo     fbp_enemy
0D78 3344             (c/enemy_runtime.s):01053                 leau    4,u
0D7A ECC4             (c/enemy_runtime.s):01054                 ldd     ,u
0D7C FDA898           (c/enemy_runtime.s):01055                 std     ENEMY_BG_RING
0D7F EC42             (c/enemy_runtime.s):01056                 ldd     2,u
0D81 FDA89A           (c/enemy_runtime.s):01057                 std     ENEMY_BG_RING+2
0D84                  (c/enemy_runtime.s):01058         fbp_ok
0D84 1CFE             (c/enemy_runtime.s):01059                 andcc   #$FE
0D86 39               (c/enemy_runtime.s):01060                 rts
                      (c/enemy_runtime.s):01061         
                      (c/enemy_runtime.s):01062         ; Capture buffer-local ownership, then publish readiness as one IRQ-masked
                      (c/enemy_runtime.s):01063         ; transaction. PLAYER_BG_PTR continues to identify the rendered owner.
0D87                  (c/enemy_runtime.s):01064         framebuffer_finish_back
0D87 0D9A             (c/enemy_runtime.s):01065                 tst     FB_INIT_STATE
0D89 270D             (c/enemy_runtime.s):01066                 beq     fbf_done
0D8B 170016           (c/enemy_runtime.s):01067                 lbsr    framebuffer_capture_back
0D8E                  (c/enemy_runtime.s):01068         fbf_ready
0D8E 1A10             (c/enemy_runtime.s):01069                 orcc    #$10
0D90 0F98             (c/enemy_runtime.s):01070                 clr     FB_RENDER_ACTIVE
0D92 8601             (c/enemy_runtime.s):01071                 lda     #1
0D94 9791             (c/enemy_runtime.s):01072                 sta     FB_RENDER_PENDING
0D96 1CEF             (c/enemy_runtime.s):01073                 andcc   #$EF
0D98                  (c/enemy_runtime.s):01074         fbf_done
0D98 39               (c/enemy_runtime.s):01075                 rts
                      (c/enemy_runtime.s):01076         
0D99                  (c/enemy_runtime.s):01077         framebuffer_back_meta
0D99 CEA900           (c/enemy_runtime.s):01078                 ldu     #FB_META_A
0D9C 0D90             (c/enemy_runtime.s):01079                 tst     FB_BACK_ID
0D9E 2703             (c/enemy_runtime.s):01080                 beq     fbm_done
0DA0 CEAA00           (c/enemy_runtime.s):01081                 ldu     #FB_META_B
0DA3                  (c/enemy_runtime.s):01082         fbm_done
0DA3 39               (c/enemy_runtime.s):01083                 rts
                      (c/enemy_runtime.s):01084         
0DA4                  (c/enemy_runtime.s):01085         framebuffer_capture_back
0DA4 8DF3             (c/enemy_runtime.s):01086                 bsr     framebuffer_back_meta
0DA6 8601             (c/enemy_runtime.s):01087                 lda     #FBM_VALID
0DA8 A7C4             (c/enemy_runtime.s):01088                 sta     FBM_STATE,u
0DAA 6F41             (c/enemy_runtime.s):01089                 clr     FBM_DAMAGE,u
0DAC 966A             (c/enemy_runtime.s):01090                 lda     PLAYER_BG_VALID
0DAE A742             (c/enemy_runtime.s):01091                 sta     FBM_PLAYER_VALID,u
0DB0 6F43             (c/enemy_runtime.s):01092                 clr     FBM_PLAYER_RESERVED,u
0DB2 DC0B             (c/enemy_runtime.s):01093                 ldd     PLAYER_FB
0DB4 ED44             (c/enemy_runtime.s):01094                 std     FBM_PLAYER_FB,u
0DB6 3348             (c/enemy_runtime.s):01095                 leau    FBM_ENEMIES,u
0DB8 8EA470           (c/enemy_runtime.s):01096                 ldx     #ENEMY_TABLE
0DBB 108E0010         (c/enemy_runtime.s):01097                 ldy     #16
0DBF                  (c/enemy_runtime.s):01098         fbcb_enemy
0DBF EC81             (c/enemy_runtime.s):01099                 ldd     ,x++
0DC1 EDC1             (c/enemy_runtime.s):01100                 std     ,u++
0DC3 313F             (c/enemy_runtime.s):01101                 leay    -1,y
0DC5 26F8             (c/enemy_runtime.s):01102                 bne     fbcb_enemy
0DC7 4F               (c/enemy_runtime.s):01103                 clra
0DC8 5F               (c/enemy_runtime.s):01104                 clrb
0DC9 EDC4             (c/enemy_runtime.s):01105                 std     ,u
0DCB ED42             (c/enemy_runtime.s):01106                 std     2,u
0DCD FCA898           (c/enemy_runtime.s):01107                 ldd     ENEMY_BG_RING
0DD0 ED44             (c/enemy_runtime.s):01108                 std     4,u
0DD2 FCA89A           (c/enemy_runtime.s):01109                 ldd     ENEMY_BG_RING+2
0DD5 ED46             (c/enemy_runtime.s):01110                 std     6,u
0DD7 39               (c/enemy_runtime.s):01111                 rts
                      (c/enemy_runtime.s):01112         
                      (c/enemy_runtime.s):01113         ; Vbord is the only display-owner commit point. The handler touches only
                      (c/enemy_runtime.s):01114         ; always-mapped direct-page state and the display offset register; PAR5 state
                      (c/enemy_runtime.s):01115         ; is therefore irrelevant even when sparse decoding is interrupted.
0DD8                  (c/enemy_runtime.s):01116         framebuffer_irq_impl
0DD8 B6FF92           (c/enemy_runtime.s):01117                 lda     GIME_IRQEN
0DDB 0C03             (c/enemy_runtime.s):01118                 inc     FRAMES+1
0DDD 2602             (c/enemy_runtime.s):01119                 bne     fbiq_ready
0DDF 0C02             (c/enemy_runtime.s):01120                 inc     FRAMES
0DE1                  (c/enemy_runtime.s):01121         fbiq_ready
0DE1 0D91             (c/enemy_runtime.s):01122                 tst     FB_RENDER_PENDING
0DE3 2722             (c/enemy_runtime.s):01123                 beq     fbiq_missed
0DE5 86C0             (c/enemy_runtime.s):01124                 lda     #$C0
0DE7 0D90             (c/enemy_runtime.s):01125                 tst     FB_BACK_ID
0DE9 2702             (c/enemy_runtime.s):01126                 beq     fbiq_publish
0DEB 86B0             (c/enemy_runtime.s):01127                 lda     #$B0
0DED                  (c/enemy_runtime.s):01128         fbiq_publish
0DED B7FF9D           (c/enemy_runtime.s):01129                 sta     GIME_VOFF1
0DF0 968F             (c/enemy_runtime.s):01130                 lda     FB_FRONT_ID
0DF2 D690             (c/enemy_runtime.s):01131                 ldb     FB_BACK_ID
0DF4 D78F             (c/enemy_runtime.s):01132                 stb     FB_FRONT_ID
0DF6 9790             (c/enemy_runtime.s):01133                 sta     FB_BACK_ID
0DF8 0F91             (c/enemy_runtime.s):01134                 clr     FB_RENDER_PENDING
0DFA 0C93             (c/enemy_runtime.s):01135                 inc     FB_COMMIT_SEQ+1
0DFC 2602             (c/enemy_runtime.s):01136                 bne     fbiq_sim
0DFE 0C92             (c/enemy_runtime.s):01137                 inc     FB_COMMIT_SEQ
0E00                  (c/enemy_runtime.s):01138         fbiq_sim
0E00 0C95             (c/enemy_runtime.s):01139                 inc     FB_SIM_SEQ+1
0E02 2602             (c/enemy_runtime.s):01140                 bne     fbiq_done
0E04 0C94             (c/enemy_runtime.s):01141                 inc     FB_SIM_SEQ
0E06                  (c/enemy_runtime.s):01142         fbiq_done
0E06 39               (c/enemy_runtime.s):01143                 rts
0E07                  (c/enemy_runtime.s):01144         fbiq_missed
0E07 0D98             (c/enemy_runtime.s):01145                 tst     FB_RENDER_ACTIVE
0E09 27FB             (c/enemy_runtime.s):01146                 beq     fbiq_done
0E0B 0C97             (c/enemy_runtime.s):01147                 inc     FB_MISSED_COMMIT+1
0E0D 26F7             (c/enemy_runtime.s):01148                 bne     fbiq_done
0E0F 0C96             (c/enemy_runtime.s):01149                 inc     FB_MISSED_COMMIT
0E11 39               (c/enemy_runtime.s):01150                 rts
                      (c/enemy_runtime.s):01151         
0E12                  (c/enemy_runtime.s):01152         framebuffer_capture_a
0E12 8601             (c/enemy_runtime.s):01153                 lda     #FBM_VALID
0E14 B7A900           (c/enemy_runtime.s):01154                 sta     FB_META_A+FBM_STATE
0E17 7FA901           (c/enemy_runtime.s):01155                 clr     FB_META_A+FBM_DAMAGE
0E1A 966A             (c/enemy_runtime.s):01156                 lda     PLAYER_BG_VALID
0E1C B7A902           (c/enemy_runtime.s):01157                 sta     FB_META_A+FBM_PLAYER_VALID
0E1F 7FA903           (c/enemy_runtime.s):01158                 clr     FB_META_A+FBM_PLAYER_RESERVED
0E22 DC0B             (c/enemy_runtime.s):01159                 ldd     PLAYER_FB
0E24 FDA904           (c/enemy_runtime.s):01160                 std     FB_META_A+FBM_PLAYER_FB
0E27 8EA470           (c/enemy_runtime.s):01161                 ldx     #ENEMY_TABLE
0E2A CEA908           (c/enemy_runtime.s):01162                 ldu     #FB_META_A+FBM_ENEMIES
0E2D 108E0010         (c/enemy_runtime.s):01163                 ldy     #16
0E31                  (c/enemy_runtime.s):01164         fbca_enemy
0E31 EC81             (c/enemy_runtime.s):01165                 ldd     ,x++
0E33 EDC1             (c/enemy_runtime.s):01166                 std     ,u++
0E35 313F             (c/enemy_runtime.s):01167                 leay    -1,y
0E37 26F8             (c/enemy_runtime.s):01168                 bne     fbca_enemy
0E39 4F               (c/enemy_runtime.s):01169                 clra
0E3A 5F               (c/enemy_runtime.s):01170                 clrb
0E3B FDA928           (c/enemy_runtime.s):01171                 std     FB_META_A+FBM_ENEMY_RESERVED
0E3E FDA92A           (c/enemy_runtime.s):01172                 std     FB_META_A+FBM_ENEMY_RESERVED+2
0E41 FCA898           (c/enemy_runtime.s):01173                 ldd     ENEMY_BG_RING
0E44 FDA92C           (c/enemy_runtime.s):01174                 std     FB_META_A+FBM_ENEMY_RINGS
0E47 FCA89A           (c/enemy_runtime.s):01175                 ldd     ENEMY_BG_RING+2
0E4A FDA92E           (c/enemy_runtime.s):01176                 std     FB_META_A+FBM_ENEMY_RINGS+2
0E4D 39               (c/enemy_runtime.s):01177                 rts
                      (c/enemy_runtime.s):01178         
                      (c/enemy_runtime.s):01179                 ifeq    PERSISTENT_FB
0E4E                  (c/enemy_runtime.s):01180         framebuffer_begin_fallback
                      (c/enemy_runtime.s):01181                 tst     FB_INIT_STATE
                      (c/enemy_runtime.s):01182                 beq     fbb_done
                      (c/enemy_runtime.s):01183                 lda     #FBM_FULL_REBUILD
                      (c/enemy_runtime.s):01184                 sta     FB_META_B+FBM_STATE
0E4E                  (c/enemy_runtime.s):01185         fbb_done
                      (c/enemy_runtime.s):01186                 rts
                      (c/enemy_runtime.s):01187         
0E4E                  (c/enemy_runtime.s):01188         framebuffer_finish_fallback
                      (c/enemy_runtime.s):01189                 tst     FB_INIT_STATE
                      (c/enemy_runtime.s):01190                 beq     fbff_done
                      (c/enemy_runtime.s):01191                 lbsr    framebuffer_capture_a
0E4E                  (c/enemy_runtime.s):01192         fbff_done
                      (c/enemy_runtime.s):01193                 rts
                      (c/enemy_runtime.s):01194                 endc
                      (c/enemy_runtime.s):01195         
0E4E                  (c/enemy_runtime.s):01196         enemy_collect_impl
0E4E 965A             (c/enemy_runtime.s):01197                 lda     VEG_STATE
0E50 8101             (c/enemy_runtime.s):01198                 cmpa    #1
0E52 2643             (c/enemy_runtime.s):01199                 bne     ec_done
0E54 9609             (c/enemy_runtime.s):01200                 lda     PLAYER_CELL_X
0E56 810B             (c/enemy_runtime.s):01201                 cmpa    #11
0E58 253D             (c/enemy_runtime.s):01202                 blo     ec_done
0E5A 810D             (c/enemy_runtime.s):01203                 cmpa    #13
0E5C 2239             (c/enemy_runtime.s):01204                 bhi     ec_done
0E5E 960A             (c/enemy_runtime.s):01205                 lda     PLAYER_CELL_Y
0E60 810B             (c/enemy_runtime.s):01206                 cmpa    #11
0E62 2533             (c/enemy_runtime.s):01207                 blo     ec_done
0E64 810D             (c/enemy_runtime.s):01208                 cmpa    #13
0E66 222F             (c/enemy_runtime.s):01209                 bhi     ec_done
0E68 8602             (c/enemy_runtime.s):01210                 lda     #2
0E6A 975A             (c/enemy_runtime.s):01211                 sta     VEG_STATE
0E6C 0C60             (c/enemy_runtime.s):01212                 inc     ENEMY_NEST_DIRTY
0E6E 9687             (c/enemy_runtime.s):01213                 lda     ENEMY_RENDER_FLAGS
0E70 8A0A             (c/enemy_runtime.s):01214                 ora     #ERF_DIRTY|ERF_NEST
0E72 9787             (c/enemy_runtime.s):01215                 sta     ENEMY_RENDER_FLAGS
0E74 CC012C           (c/enemy_runtime.s):01216                 ldd     #300
0E77 DD5B             (c/enemy_runtime.s):01217                 std     FREEZE_TIMER
                      (c/enemy_runtime.s):01218                 ; Level-1 cucumber placeholder score: 1,000 points.
0E79 961E             (c/enemy_runtime.s):01219                 lda     SCORE_BCD+1
0E7B 8B10             (c/enemy_runtime.s):01220                 adda    #$10
0E7D 19               (c/enemy_runtime.s):01221                 daa
0E7E 971E             (c/enemy_runtime.s):01222                 sta     SCORE_BCD+1
0E80 2407             (c/enemy_runtime.s):01223                 bcc     ec_score_done
0E82 961D             (c/enemy_runtime.s):01224                 lda     SCORE_BCD
0E84 8900             (c/enemy_runtime.s):01225                 adca    #0
0E86 19               (c/enemy_runtime.s):01226                 daa
0E87 971D             (c/enemy_runtime.s):01227                 sta     SCORE_BCD
0E89                  (c/enemy_runtime.s):01228         ec_score_done
0E89 DC1D             (c/enemy_runtime.s):01229                 ldd     SCORE_BCD
0E8B DD20             (c/enemy_runtime.s):01230                 std     HIGH_BCD
0E8D 961F             (c/enemy_runtime.s):01231                 lda     SCORE_BCD+2
0E8F 9722             (c/enemy_runtime.s):01232                 sta     HIGH_BCD+2
0E91 967F             (c/enemy_runtime.s):01233                 lda     RENDER_FLAGS
0E93 8A02             (c/enemy_runtime.s):01234                 ora     #$02
0E95 977F             (c/enemy_runtime.s):01235                 sta     RENDER_FLAGS
0E97                  (c/enemy_runtime.s):01236         ec_done
0E97 39               (c/enemy_runtime.s):01237                 rts
                      (c/enemy_runtime.s):01238         
                      (c/enemy_runtime.s):01239         ; Choose a pseudo-random legal direction at every aligned maze decision.
                      (c/enemy_runtime.s):01240         ; Avoid immediate reversal whenever another corridor exists. Gate-owned cells
                      (c/enemy_runtime.s):01241         ; are legal only when the current bar orientation exposes a parallel passage.
0E98                  (c/enemy_runtime.s):01242         enemy_choose_direction
0E98 9F5E             (c/enemy_runtime.s):01243                 stx     ENEMY_PTR
0E9A A607             (c/enemy_runtime.s):01244                 lda     7,x
0E9C 8802             (c/enemy_runtime.s):01245                 eora    #2
0E9E 977D             (c/enemy_runtime.s):01246                 sta     ENEMY_REVERSE
0EA0 9635             (c/enemy_runtime.s):01247                 lda     RNG_STATE+1
0EA2 9B5D             (c/enemy_runtime.s):01248                 adda    ENEMY_WORK
0EA4 8403             (c/enemy_runtime.s):01249                 anda    #3
0EA6 977C             (c/enemy_runtime.s):01250                 sta     ENEMY_CANDIDATE
0EA8 8604             (c/enemy_runtime.s):01251                 lda     #4
0EAA 9779             (c/enemy_runtime.s):01252                 sta     GATE_COPY_COUNT
0EAC                  (c/enemy_runtime.s):01253         ecd_scan
0EAC 967C             (c/enemy_runtime.s):01254                 lda     ENEMY_CANDIDATE
0EAE 917D             (c/enemy_runtime.s):01255                 cmpa    ENEMY_REVERSE
0EB0 2704             (c/enemy_runtime.s):01256                 beq     ecd_next
0EB2 8D25             (c/enemy_runtime.s):01257                 bsr     enemy_direction_legal
0EB4 2515             (c/enemy_runtime.s):01258                 bcs     ecd_choose
0EB6                  (c/enemy_runtime.s):01259         ecd_next
0EB6 0C7C             (c/enemy_runtime.s):01260                 inc     ENEMY_CANDIDATE
0EB8 967C             (c/enemy_runtime.s):01261                 lda     ENEMY_CANDIDATE
0EBA 8403             (c/enemy_runtime.s):01262                 anda    #3
0EBC 977C             (c/enemy_runtime.s):01263                 sta     ENEMY_CANDIDATE
0EBE 0A79             (c/enemy_runtime.s):01264                 dec     GATE_COPY_COUNT
0EC0 26EA             (c/enemy_runtime.s):01265                 bne     ecd_scan
0EC2 967D             (c/enemy_runtime.s):01266                 lda     ENEMY_REVERSE
0EC4 977C             (c/enemy_runtime.s):01267                 sta     ENEMY_CANDIDATE
0EC6 170010           (c/enemy_runtime.s):01268                 lbsr    enemy_direction_legal
0EC9 2407             (c/enemy_runtime.s):01269                 bcc     ecd_blocked
0ECB                  (c/enemy_runtime.s):01270         ecd_choose
0ECB 9E5E             (c/enemy_runtime.s):01271                 ldx     ENEMY_PTR
0ECD 967C             (c/enemy_runtime.s):01272                 lda     ENEMY_CANDIDATE
0ECF A707             (c/enemy_runtime.s):01273                 sta     7,x
0ED1 39               (c/enemy_runtime.s):01274                 rts
0ED2                  (c/enemy_runtime.s):01275         ecd_blocked
0ED2 9E5E             (c/enemy_runtime.s):01276                 ldx     ENEMY_PTR
0ED4 86FF             (c/enemy_runtime.s):01277                 lda     #DIR_NONE
0ED6 A707             (c/enemy_runtime.s):01278                 sta     7,x
0ED8 39               (c/enemy_runtime.s):01279                 rts
                      (c/enemy_runtime.s):01280         
0ED9                  (c/enemy_runtime.s):01281         enemy_direction_legal
0ED9 9E5E             (c/enemy_runtime.s):01282                 ldx     ENEMY_PTR
0EDB A605             (c/enemy_runtime.s):01283                 lda     5,x
0EDD 810B             (c/enemy_runtime.s):01284                 cmpa    #11
0EDF 2530             (c/enemy_runtime.s):01285                 blo     edl_slow         ; retain the den-entrance exception
0EE1 C618             (c/enemy_runtime.s):01286                 ldb     #24
0EE3 3D               (c/enemy_runtime.s):01287                 mul
0EE4 EB04             (c/enemy_runtime.s):01288                 addb    4,x
0EE6 8900             (c/enemy_runtime.s):01289                 adca    #0
0EE8 108EF71A         (c/enemy_runtime.s):01290                 ldy     #maze_nav
0EEC 31AB             (c/enemy_runtime.s):01291                 leay    d,y
0EEE A6A4             (c/enemy_runtime.s):01292                 lda     ,y
0EF0 108E0FE4         (c/enemy_runtime.s):01293                 ldy     #enemy_exit_masks
0EF4 D67C             (c/enemy_runtime.s):01294                 ldb     ENEMY_CANDIDATE
0EF6 A4A5             (c/enemy_runtime.s):01295                 anda    b,y
0EF8 102700E1         (c/enemy_runtime.s):01296                 lbeq    edl_clear
                      (c/enemy_runtime.s):01297                 ; A non-gate current cell can still enter a gate-owned target. Recheck
                      (c/enemy_runtime.s):01298                 ; that target before accepting the static fast path.
0EFC 338D00E8         (c/enemy_runtime.s):01299                 leau    enemy_target_offsets,pcr
0F00 D67C             (c/enemy_runtime.s):01300                 ldb     ENEMY_CANDIDATE
0F02 E6C5             (c/enemy_runtime.s):01301                 ldb     b,u
0F04 31A5             (c/enemy_runtime.s):01302                 leay    b,y
0F06 31A90240         (c/enemy_runtime.s):01303                 leay    maze_gate_owner-maze_nav,y
0F0A A6A4             (c/enemy_runtime.s):01304                 lda     ,y
0F0C 2603             (c/enemy_runtime.s):01305                 bne     edl_slow         ; target gate state must be authoritative
0F0E 1A01             (c/enemy_runtime.s):01306                 orcc    #$01
0F10 39               (c/enemy_runtime.s):01307                 rts
0F11                  (c/enemy_runtime.s):01308         edl_slow
0F11 A604             (c/enemy_runtime.s):01309                 lda     4,x
0F13 9736             (c/enemy_runtime.s):01310                 sta     ENTITY_X
0F15 A605             (c/enemy_runtime.s):01311                 lda     5,x
0F17 9737             (c/enemy_runtime.s):01312                 sta     ENTITY_Y
0F19 D67C             (c/enemy_runtime.s):01313                 ldb     ENEMY_CANDIDATE
0F1B 270C             (c/enemy_runtime.s):01314                 beq     edl_north
0F1D C101             (c/enemy_runtime.s):01315                 cmpb    #1
0F1F 270C             (c/enemy_runtime.s):01316                 beq     edl_east
0F21 C102             (c/enemy_runtime.s):01317                 cmpb    #2
0F23 270C             (c/enemy_runtime.s):01318                 beq     edl_south
0F25 0A36             (c/enemy_runtime.s):01319                 dec     ENTITY_X
0F27 200A             (c/enemy_runtime.s):01320                 bra     edl_bounds
0F29                  (c/enemy_runtime.s):01321         edl_north
0F29 0A37             (c/enemy_runtime.s):01322                 dec     ENTITY_Y
0F2B 2006             (c/enemy_runtime.s):01323                 bra     edl_bounds
0F2D                  (c/enemy_runtime.s):01324         edl_east
0F2D 0C36             (c/enemy_runtime.s):01325                 inc     ENTITY_X
0F2F 2002             (c/enemy_runtime.s):01326                 bra     edl_bounds
0F31                  (c/enemy_runtime.s):01327         edl_south
0F31 0C37             (c/enemy_runtime.s):01328                 inc     ENTITY_Y
0F33                  (c/enemy_runtime.s):01329         edl_bounds
0F33 9636             (c/enemy_runtime.s):01330                 lda     ENTITY_X
0F35 8118             (c/enemy_runtime.s):01331                 cmpa    #24
0F37 102400A2         (c/enemy_runtime.s):01332                 lbhs    edl_clear
0F3B 9637             (c/enemy_runtime.s):01333                 lda     ENTITY_Y
0F3D 8118             (c/enemy_runtime.s):01334                 cmpa    #24
0F3F 1024009A         (c/enemy_runtime.s):01335                 lbhs    edl_clear
0F43 9E5E             (c/enemy_runtime.s):01336                 ldx     ENEMY_PTR
0F45 A605             (c/enemy_runtime.s):01337                 lda     5,x
0F47 810A             (c/enemy_runtime.s):01338                 cmpa    #10
0F49 220E             (c/enemy_runtime.s):01339                 bhi     edl_offset
0F4B 9636             (c/enemy_runtime.s):01340                 lda     ENTITY_X
0F4D 810C             (c/enemy_runtime.s):01341                 cmpa    #12
0F4F 2608             (c/enemy_runtime.s):01342                 bne     edl_offset
0F51 9637             (c/enemy_runtime.s):01343                 lda     ENTITY_Y
0F53 810B             (c/enemy_runtime.s):01344                 cmpa    #11
0F55 10270084         (c/enemy_runtime.s):01345                 lbeq    edl_clear       ; do not re-enter the den from cell (12,10)
0F59                  (c/enemy_runtime.s):01346         edl_offset
0F59 9637             (c/enemy_runtime.s):01347                 lda     ENTITY_Y
0F5B C618             (c/enemy_runtime.s):01348                 ldb     #24
0F5D 3D               (c/enemy_runtime.s):01349                 mul
0F5E DB36             (c/enemy_runtime.s):01350                 addb    ENTITY_X
0F60 8900             (c/enemy_runtime.s):01351                 adca    #0
0F62 108EF95A         (c/enemy_runtime.s):01352                 ldy     #maze_gate_owner
0F66 31AB             (c/enemy_runtime.s):01353                 leay    d,y
0F68 A6A4             (c/enemy_runtime.s):01354                 lda     ,y
0F6A 2612             (c/enemy_runtime.s):01355                 bne     edl_gate
0F6C 31A9FDC0         (c/enemy_runtime.s):01356                 leay    maze_nav-maze_gate_owner,y
0F70 E6A4             (c/enemy_runtime.s):01357                 ldb     ,y
0F72 8E0FE0           (c/enemy_runtime.s):01358                 ldx     #enemy_entry_masks
0F75 967C             (c/enemy_runtime.s):01359                 lda     ENEMY_CANDIDATE
0F77 E486             (c/enemy_runtime.s):01360                 andb    a,x
0F79 2762             (c/enemy_runtime.s):01361                 beq     edl_clear
0F7B 1A01             (c/enemy_runtime.s):01362                 orcc    #$01
0F7D 39               (c/enemy_runtime.s):01363                 rts
0F7E                  (c/enemy_runtime.s):01364         edl_gate
0F7E 4A               (c/enemy_runtime.s):01365                 deca
0F7F 977B             (c/enemy_runtime.s):01366                 sta     GATE_WORK_ID
0F81 C603             (c/enemy_runtime.s):01367                 ldb     #3
0F83 3D               (c/enemy_runtime.s):01368                 mul
0F84 108EFB9A         (c/enemy_runtime.s):01369                 ldy     #maze_gates
0F88 31AB             (c/enemy_runtime.s):01370                 leay    d,y
0F8A A6A4             (c/enemy_runtime.s):01371                 lda     ,y
0F8C 9714             (c/enemy_runtime.s):01372                 sta     GATE_X
0F8E A621             (c/enemy_runtime.s):01373                 lda     1,y
0F90 9715             (c/enemy_runtime.s):01374                 sta     GATE_Y
0F92 108EA240         (c/enemy_runtime.s):01375                 ldy     #GATE_STATE
0F96 D67B             (c/enemy_runtime.s):01376                 ldb     GATE_WORK_ID
0F98 A6A5             (c/enemy_runtime.s):01377                 lda     b,y
0F9A 8501             (c/enemy_runtime.s):01378                 bita    #1
0F9C 2620             (c/enemy_runtime.s):01379                 bne     edl_vertical_gate
0F9E 9636             (c/enemy_runtime.s):01380                 lda     ENTITY_X
0FA0 9114             (c/enemy_runtime.s):01381                 cmpa    GATE_X
0FA2 2639             (c/enemy_runtime.s):01382                 bne     edl_clear
0FA4 9637             (c/enemy_runtime.s):01383                 lda     ENTITY_Y
0FA6 9015             (c/enemy_runtime.s):01384                 suba    GATE_Y
0FA8 2733             (c/enemy_runtime.s):01385                 beq     edl_clear
0FAA 8101             (c/enemy_runtime.s):01386                 cmpa    #1
0FAC 2704             (c/enemy_runtime.s):01387                 beq     edl_horizontal_dir
0FAE 81FF             (c/enemy_runtime.s):01388                 cmpa    #-1
0FB0 262B             (c/enemy_runtime.s):01389                 bne     edl_clear
0FB2                  (c/enemy_runtime.s):01390         edl_horizontal_dir
0FB2 967C             (c/enemy_runtime.s):01391                 lda     ENEMY_CANDIDATE
0FB4 8101             (c/enemy_runtime.s):01392                 cmpa    #1
0FB6 2722             (c/enemy_runtime.s):01393                 beq     edl_set
0FB8 8103             (c/enemy_runtime.s):01394                 cmpa    #3
0FBA 271E             (c/enemy_runtime.s):01395                 beq     edl_set
0FBC 201F             (c/enemy_runtime.s):01396                 bra     edl_clear
0FBE                  (c/enemy_runtime.s):01397         edl_vertical_gate
0FBE 9637             (c/enemy_runtime.s):01398                 lda     ENTITY_Y
0FC0 9115             (c/enemy_runtime.s):01399                 cmpa    GATE_Y
0FC2 2619             (c/enemy_runtime.s):01400                 bne     edl_clear
0FC4 9636             (c/enemy_runtime.s):01401                 lda     ENTITY_X
0FC6 9014             (c/enemy_runtime.s):01402                 suba    GATE_X
0FC8 2713             (c/enemy_runtime.s):01403                 beq     edl_clear
0FCA 8101             (c/enemy_runtime.s):01404                 cmpa    #1
0FCC 2704             (c/enemy_runtime.s):01405                 beq     edl_vertical_dir
0FCE 81FF             (c/enemy_runtime.s):01406                 cmpa    #-1
0FD0 260B             (c/enemy_runtime.s):01407                 bne     edl_clear
0FD2                  (c/enemy_runtime.s):01408         edl_vertical_dir
0FD2 967C             (c/enemy_runtime.s):01409                 lda     ENEMY_CANDIDATE
0FD4 2704             (c/enemy_runtime.s):01410                 beq     edl_set
0FD6 8102             (c/enemy_runtime.s):01411                 cmpa    #2
0FD8 2603             (c/enemy_runtime.s):01412                 bne     edl_clear
0FDA                  (c/enemy_runtime.s):01413         edl_set
0FDA 1A01             (c/enemy_runtime.s):01414                 orcc    #$01
0FDC 39               (c/enemy_runtime.s):01415                 rts
0FDD                  (c/enemy_runtime.s):01416         edl_clear
0FDD 1CFE             (c/enemy_runtime.s):01417                 andcc   #$FE
0FDF 39               (c/enemy_runtime.s):01418                 rts
                      (c/enemy_runtime.s):01419         
0FE0                  (c/enemy_runtime.s):01420         enemy_entry_masks
0FE0 04080102         (c/enemy_runtime.s):01421                 fcb     $04,$08,$01,$02
0FE4                  (c/enemy_runtime.s):01422         enemy_exit_masks
0FE4 01020408         (c/enemy_runtime.s):01423                 fcb     $01,$02,$04,$08
0FE8                  (c/enemy_runtime.s):01424         enemy_target_offsets
0FE8 E80118FF         (c/enemy_runtime.s):01425                 fcb     -24,1,24,-1
                      (c/enemy_runtime.s):01426         
                      (c/enemy_runtime.s):01427         ; Compare semantic centres. Adjacent eight-pixel cells still overlap because
                      (c/enemy_runtime.s):01428         ; both actors have 16-by-16 footprints.
0FEC                  (c/enemy_runtime.s):01429         enemy_player_contact
0FEC 9609             (c/enemy_runtime.s):01430                 lda     PLAYER_CELL_X
0FEE A004             (c/enemy_runtime.s):01431                 suba    4,x
0FF0 2A01             (c/enemy_runtime.s):01432                 bpl     epc_x_positive
0FF2 40               (c/enemy_runtime.s):01433                 nega
0FF3                  (c/enemy_runtime.s):01434         epc_x_positive
0FF3 8101             (c/enemy_runtime.s):01435                 cmpa    #1
0FF5 220E             (c/enemy_runtime.s):01436                 bhi     epc_clear
0FF7 960A             (c/enemy_runtime.s):01437                 lda     PLAYER_CELL_Y
0FF9 A005             (c/enemy_runtime.s):01438                 suba    5,x
0FFB 2A01             (c/enemy_runtime.s):01439                 bpl     epc_y_positive
0FFD 40               (c/enemy_runtime.s):01440                 nega
0FFE                  (c/enemy_runtime.s):01441         epc_y_positive
0FFE 8101             (c/enemy_runtime.s):01442                 cmpa    #1
1000 2203             (c/enemy_runtime.s):01443                 bhi     epc_clear
1002 1A01             (c/enemy_runtime.s):01444                 orcc    #$01
1004 39               (c/enemy_runtime.s):01445                 rts
1005                  (c/enemy_runtime.s):01446         epc_clear
1005 1CFE             (c/enemy_runtime.s):01447                 andcc   #$FE
1007 39               (c/enemy_runtime.s):01448                 rts
                      (c/enemy_runtime.s):01449         
                      (c/enemy_runtime.s):01450         ; X points at the active record. Only the matching skull record is removed.
1008                  (c/enemy_runtime.s):01451         enemy_skull_test
1008 9F5E             (c/enemy_runtime.s):01452                 stx     ENEMY_PTR
100A CEA380           (c/enemy_runtime.s):01453                 ldu     #ENTITY_TABLE
100D 9632             (c/enemy_runtime.s):01454                 lda     ENTITY_COUNT
100F 2745             (c/enemy_runtime.s):01455                 beq     est_done
1011 975D             (c/enemy_runtime.s):01456                 sta     ENEMY_WORK
1013                  (c/enemy_runtime.s):01457         est_loop
1013 A642             (c/enemy_runtime.s):01458                 lda     2,u
1015 8101             (c/enemy_runtime.s):01459                 cmpa    #ENTITY_SKULL
1017 2704             (c/enemy_runtime.s):01460                 beq     est_skull
1019 4D               (c/enemy_runtime.s):01461                 tsta
101A 2734             (c/enemy_runtime.s):01462                 beq     est_next         ; cleared skulls remain inside the prefix
101C 39               (c/enemy_runtime.s):01463                 rts                      ; randomized skull records are always first
101D                  (c/enemy_runtime.s):01464         est_skull
101D A6C4             (c/enemy_runtime.s):01465                 lda     ,u
101F 9E5E             (c/enemy_runtime.s):01466                 ldx     ENEMY_PTR
1021 A104             (c/enemy_runtime.s):01467                 cmpa    4,x
1023 262B             (c/enemy_runtime.s):01468                 bne     est_next
1025 A641             (c/enemy_runtime.s):01469                 lda     1,u
1027 A105             (c/enemy_runtime.s):01470                 cmpa    5,x
1029 2625             (c/enemy_runtime.s):01471                 bne     est_next
102B 6F42             (c/enemy_runtime.s):01472                 clr     2,u
102D A6C4             (c/enemy_runtime.s):01473                 lda     ,u
102F 9736             (c/enemy_runtime.s):01474                 sta     ENTITY_X
1031 A641             (c/enemy_runtime.s):01475                 lda     1,u
1033 9737             (c/enemy_runtime.s):01476                 sta     ENTITY_Y
1035 978C             (c/enemy_runtime.s):01477                 sta     RENDER_ZONE_Y
1037 9E5E             (c/enemy_runtime.s):01478                 ldx     ENEMY_PTR
1039 6F84             (c/enemy_runtime.s):01479                 clr     ,x
103B 6F06             (c/enemy_runtime.s):01480                 clr     6,x
103D 0A58             (c/enemy_runtime.s):01481                 dec     ENEMY_ACTIVE
103F 0F5A             (c/enemy_runtime.s):01482                 clr     VEG_STATE
1041 0C60             (c/enemy_runtime.s):01483                 inc     ENEMY_NEST_DIRTY
1043 967F             (c/enemy_runtime.s):01484                 lda     RENDER_FLAGS
1045 8A08             (c/enemy_runtime.s):01485                 ora     #RF_ENTITIES
1047 977F             (c/enemy_runtime.s):01486                 sta     RENDER_FLAGS
1049 9687             (c/enemy_runtime.s):01487                 lda     ENEMY_RENDER_FLAGS
104B 8A0E             (c/enemy_runtime.s):01488                 ora     #ERF_DIRTY|ERF_ZONE_REFRESH|ERF_NEST
104D 9787             (c/enemy_runtime.s):01489                 sta     ENEMY_RENDER_FLAGS
104F 39               (c/enemy_runtime.s):01490                 rts
1050                  (c/enemy_runtime.s):01491         est_next
1050 3344             (c/enemy_runtime.s):01492                 leau    4,u
1052 0A5D             (c/enemy_runtime.s):01493                 dec     ENEMY_WORK
1054 26BD             (c/enemy_runtime.s):01494                 bne     est_loop
1056                  (c/enemy_runtime.s):01495         est_done
1056 39               (c/enemy_runtime.s):01496                 rts
                      (c/enemy_runtime.s):01497         
                      (c/enemy_runtime.s):01498         ; Snapshot framebuffer ownership before gameplay mutates any enemy record.
                      (c/enemy_runtime.s):01499         ; This routine writes state only; the renderer consumes the snapshot later.
1057                  (c/enemy_runtime.s):01500         roam_snapshot_old
1057 CEA890           (c/enemy_runtime.s):01501                 ldu     #ENEMY_OLD_FB
105A 4F               (c/enemy_runtime.s):01502                 clra
105B 5F               (c/enemy_runtime.s):01503                 clrb
105C EDC4             (c/enemy_runtime.s):01504                 std     ,u
105E ED42             (c/enemy_runtime.s):01505                 std     2,u
1060 ED44             (c/enemy_runtime.s):01506                 std     4,u
1062 ED46             (c/enemy_runtime.s):01507                 std     6,u
1064 0F86             (c/enemy_runtime.s):01508                 clr     ENEMY_OLD_VALID
1066 8EA470           (c/enemy_runtime.s):01509                 ldx     #ENEMY_TABLE
1069 8604             (c/enemy_runtime.s):01510                 lda     #4
106B 975D             (c/enemy_runtime.s):01511                 sta     ENEMY_WORK
106D                  (c/enemy_runtime.s):01512         rsn_loop
106D 6D84             (c/enemy_runtime.s):01513                 tst     ,x
106F 2723             (c/enemy_runtime.s):01514                 beq     rsn_next
1071 6D06             (c/enemy_runtime.s):01515                 tst     6,x
1073 2606             (c/enemy_runtime.s):01516                 bne     rsn_actor
1075 A605             (c/enemy_runtime.s):01517                 lda     5,x
1077 810B             (c/enemy_runtime.s):01518                 cmpa    #11
1079 2219             (c/enemy_runtime.s):01519                 bhi     rsn_next
107B                  (c/enemy_runtime.s):01520         rsn_actor
107B 170021           (c/enemy_runtime.s):01521                 lbsr    roam_old_slot
107E EC01             (c/enemy_runtime.s):01522                 ldd     1,x
1080 EDC4             (c/enemy_runtime.s):01523                 std     ,u
1082 6D06             (c/enemy_runtime.s):01524                 tst     6,x
1084 270E             (c/enemy_runtime.s):01525                 beq     rsn_next
1086 8604             (c/enemy_runtime.s):01526                 lda     #4
1088 905D             (c/enemy_runtime.s):01527                 suba    ENEMY_WORK
108A 108E109B         (c/enemy_runtime.s):01528                 ldy     #roam_slot_masks
108E E6A6             (c/enemy_runtime.s):01529                 ldb     a,y
1090 DA86             (c/enemy_runtime.s):01530                 orb     ENEMY_OLD_VALID
1092 D786             (c/enemy_runtime.s):01531                 stb     ENEMY_OLD_VALID
1094                  (c/enemy_runtime.s):01532         rsn_next
1094 3008             (c/enemy_runtime.s):01533                 leax    RECORD_SIZE,x
1096 0A5D             (c/enemy_runtime.s):01534                 dec     ENEMY_WORK
1098 26D3             (c/enemy_runtime.s):01535                 bne     rsn_loop
109A 39               (c/enemy_runtime.s):01536                 rts
                      (c/enemy_runtime.s):01537         
109B                  (c/enemy_runtime.s):01538         roam_slot_masks
109B 01020408         (c/enemy_runtime.s):01539                 fcb     1,2,4,8
                      (c/enemy_runtime.s):01540         
                      (c/enemy_runtime.s):01541         ; Import the final old/new unions after gameplay mutation, then remove every
                      (c/enemy_runtime.s):01542         ; owned old actor in shadow before capturing any destination background.
                      (c/enemy_runtime.s):01543                 ifeq    PERSISTENT_FB
109F                  (c/enemy_runtime.s):01544         roam_prepare_shadow
                      (c/enemy_runtime.s):01545                 clr     ENEMY_ROAMING
                      (c/enemy_runtime.s):01546                 ldx     #ENEMY_TABLE
                      (c/enemy_runtime.s):01547                 lda     #4
                      (c/enemy_runtime.s):01548                 sta     ENEMY_WORK
109F                  (c/enemy_runtime.s):01549         rps_copy_loop
                      (c/enemy_runtime.s):01550                 lbsr    roam_old_slot
                      (c/enemy_runtime.s):01551                 ldd     ,u
                      (c/enemy_runtime.s):01552                 beq     rps_copy_next
                      (c/enemy_runtime.s):01553                 inc     ENEMY_ROAMING
                      (c/enemy_runtime.s):01554                 tst     ,x
                      (c/enemy_runtime.s):01555                 beq     rps_old_only
                      (c/enemy_runtime.s):01556                 lbsr    roam_set_final_union
                      (c/enemy_runtime.s):01557                 bra     rps_copy_region
109F                  (c/enemy_runtime.s):01558         rps_old_only
                      (c/enemy_runtime.s):01559                 std     GATE_RECT_FB
                      (c/enemy_runtime.s):01560                 lda     #8
                      (c/enemy_runtime.s):01561                 sta     GATE_RECT_WIDTH
                      (c/enemy_runtime.s):01562                 lda     #16
                      (c/enemy_runtime.s):01563                 sta     GATE_RECT_ROWS
109F                  (c/enemy_runtime.s):01564         rps_copy_region
                      (c/enemy_runtime.s):01565                 pshs    x
                      (c/enemy_runtime.s):01566                 lbsr    gate_region_to_shadow
                      (c/enemy_runtime.s):01567                 puls    x
109F                  (c/enemy_runtime.s):01568         rps_copy_next
                      (c/enemy_runtime.s):01569                 leax    RECORD_SIZE,x
                      (c/enemy_runtime.s):01570                 dec     ENEMY_WORK
                      (c/enemy_runtime.s):01571                 bne     rps_copy_loop
                      (c/enemy_runtime.s):01572                 tst     ENEMY_ROAMING
                      (c/enemy_runtime.s):01573                 beq     rps_done
                      (c/enemy_runtime.s):01574                 lbsr    gate_map_shadow
                      (c/enemy_runtime.s):01575                 ; A transition seeded from the freshly rebuilt nest can overlap an
                      (c/enemy_runtime.s):01576                 ; established roaming actor. Restore every valid old actor once so
                      (c/enemy_runtime.s):01577                 ; all destination saves observe actor-free pixels.
                      (c/enemy_runtime.s):01578                 ldx     #ENEMY_TABLE
                      (c/enemy_runtime.s):01579                 lda     #4
                      (c/enemy_runtime.s):01580                 sta     ENEMY_WORK
109F                  (c/enemy_runtime.s):01581         rps_restore_loop
                      (c/enemy_runtime.s):01582                 lda     #4
                      (c/enemy_runtime.s):01583                 suba    ENEMY_WORK
                      (c/enemy_runtime.s):01584                 ldy     #roam_slot_masks
                      (c/enemy_runtime.s):01585                 ldb     a,y
                      (c/enemy_runtime.s):01586                 andb    ENEMY_OLD_VALID
                      (c/enemy_runtime.s):01587                 beq     rps_restore_next
                      (c/enemy_runtime.s):01588                 lbsr    roam_old_slot
                      (c/enemy_runtime.s):01589                 ldd     ,u
                      (c/enemy_runtime.s):01590                 pshs    x
                      (c/enemy_runtime.s):01591                 tfr     d,x
                      (c/enemy_runtime.s):01592                 lbsr    roam_bg_address
                      (c/enemy_runtime.s):01593                 lbsr    roam_copy_bg_to_fb
                      (c/enemy_runtime.s):01594                 puls    x
109F                  (c/enemy_runtime.s):01595         rps_restore_next
                      (c/enemy_runtime.s):01596                 leax    RECORD_SIZE,x
                      (c/enemy_runtime.s):01597                 dec     ENEMY_WORK
                      (c/enemy_runtime.s):01598                 bne     rps_restore_loop
                      (c/enemy_runtime.s):01599                 lbsr    gate_map_live
109F                  (c/enemy_runtime.s):01600         rps_done
                      (c/enemy_runtime.s):01601                 rts
                      (c/enemy_runtime.s):01602         
                      (c/enemy_runtime.s):01603         ; After the nest has been republished, stage any newly transitioned enemy,
                      (c/enemy_runtime.s):01604         ; save every clean destination, draw every actor, then publish final unions.
109F                  (c/enemy_runtime.s):01605         roam_finish_shadow
                      (c/enemy_runtime.s):01606                 tst     ENEMY_ROAMING
                      (c/enemy_runtime.s):01607                 lbeq    rfs_done
                      (c/enemy_runtime.s):01608                 ldx     #ENEMY_TABLE
                      (c/enemy_runtime.s):01609                 lda     #4
                      (c/enemy_runtime.s):01610                 sta     ENEMY_WORK
109F                  (c/enemy_runtime.s):01611         rfs_seed_loop
                      (c/enemy_runtime.s):01612                 tst     ,x
                      (c/enemy_runtime.s):01613                 beq     rfs_seed_next
                      (c/enemy_runtime.s):01614                 lda     5,x
                      (c/enemy_runtime.s):01615                 cmpa    #10
                      (c/enemy_runtime.s):01616                 bhi     rfs_seed_next
                      (c/enemy_runtime.s):01617                 tst     6,x
                      (c/enemy_runtime.s):01618                 bne     rfs_seed_next
                      (c/enemy_runtime.s):01619                 lbsr    roam_set_final_union
                      (c/enemy_runtime.s):01620                 pshs    x
                      (c/enemy_runtime.s):01621                 lbsr    gate_region_to_shadow
                      (c/enemy_runtime.s):01622                 puls    x
109F                  (c/enemy_runtime.s):01623         rfs_seed_next
                      (c/enemy_runtime.s):01624                 leax    RECORD_SIZE,x
                      (c/enemy_runtime.s):01625                 dec     ENEMY_WORK
                      (c/enemy_runtime.s):01626                 bne     rfs_seed_loop
                      (c/enemy_runtime.s):01627         
                      (c/enemy_runtime.s):01628                 lbsr    gate_map_shadow
                      (c/enemy_runtime.s):01629                 ldx     #ENEMY_TABLE
                      (c/enemy_runtime.s):01630                 lda     #4
                      (c/enemy_runtime.s):01631                 sta     ENEMY_WORK
109F                  (c/enemy_runtime.s):01632         rfs_save_loop
                      (c/enemy_runtime.s):01633                 tst     ,x
                      (c/enemy_runtime.s):01634                 beq     rfs_save_next
                      (c/enemy_runtime.s):01635                 tst     6,x
                      (c/enemy_runtime.s):01636                 bne     rfs_save_actor
                      (c/enemy_runtime.s):01637                 lda     5,x
                      (c/enemy_runtime.s):01638                 cmpa    #10
                      (c/enemy_runtime.s):01639                 bhi     rfs_save_next
109F                  (c/enemy_runtime.s):01640         rfs_save_actor
                      (c/enemy_runtime.s):01641                 pshs    x
                      (c/enemy_runtime.s):01642                 ldx     1,x
                      (c/enemy_runtime.s):01643                 lbsr    roam_bg_address
                      (c/enemy_runtime.s):01644                 lbsr    roam_copy_fb_to_bg
                      (c/enemy_runtime.s):01645                 puls    x
                      (c/enemy_runtime.s):01646                 lda     #1
                      (c/enemy_runtime.s):01647                 sta     6,x
109F                  (c/enemy_runtime.s):01648         rfs_save_next
                      (c/enemy_runtime.s):01649                 leax    RECORD_SIZE,x
                      (c/enemy_runtime.s):01650                 dec     ENEMY_WORK
                      (c/enemy_runtime.s):01651                 bne     rfs_save_loop
                      (c/enemy_runtime.s):01652         
                      (c/enemy_runtime.s):01653                 ldx     #ENEMY_TABLE
                      (c/enemy_runtime.s):01654                 lda     #4
                      (c/enemy_runtime.s):01655                 sta     ENEMY_WORK
109F                  (c/enemy_runtime.s):01656         rfs_draw_loop
                      (c/enemy_runtime.s):01657                 tst     ,x
                      (c/enemy_runtime.s):01658                 beq     rfs_draw_next
                      (c/enemy_runtime.s):01659                 tst     6,x
                      (c/enemy_runtime.s):01660                 beq     rfs_draw_next
                      (c/enemy_runtime.s):01661                 ldb     7,x
                      (c/enemy_runtime.s):01662                 pshs    x
                      (c/enemy_runtime.s):01663                 ldx     1,x
                      (c/enemy_runtime.s):01664                 lbsr    draw_enemy_fb
                      (c/enemy_runtime.s):01665                 puls    x
109F                  (c/enemy_runtime.s):01666         rfs_draw_next
                      (c/enemy_runtime.s):01667                 leax    RECORD_SIZE,x
                      (c/enemy_runtime.s):01668                 dec     ENEMY_WORK
                      (c/enemy_runtime.s):01669                 bne     rfs_draw_loop
                      (c/enemy_runtime.s):01670                 lbsr    gate_map_live
                      (c/enemy_runtime.s):01671         
                      (c/enemy_runtime.s):01672                 ldx     #ENEMY_TABLE
                      (c/enemy_runtime.s):01673                 lda     #4
                      (c/enemy_runtime.s):01674                 sta     ENEMY_WORK
109F                  (c/enemy_runtime.s):01675         rfs_publish_loop
                      (c/enemy_runtime.s):01676                 lbsr    roam_old_slot
                      (c/enemy_runtime.s):01677                 ldd     ,u
                      (c/enemy_runtime.s):01678                 beq     rfs_publish_next
                      (c/enemy_runtime.s):01679                 lbsr    roam_set_final_union
                      (c/enemy_runtime.s):01680                 pshs    x
                      (c/enemy_runtime.s):01681                 lbsr    gate_region_from_shadow
                      (c/enemy_runtime.s):01682                 puls    x
109F                  (c/enemy_runtime.s):01683         rfs_publish_next
                      (c/enemy_runtime.s):01684                 leax    RECORD_SIZE,x
                      (c/enemy_runtime.s):01685                 dec     ENEMY_WORK
                      (c/enemy_runtime.s):01686                 bne     rfs_publish_loop
109F                  (c/enemy_runtime.s):01687         rfs_done
                      (c/enemy_runtime.s):01688                 rts
                      (c/enemy_runtime.s):01689         
                      (c/enemy_runtime.s):01690         ; Restore and publish every roaming footprint before lifecycle reset clears
                      (c/enemy_runtime.s):01691         ; the records. Nest occupants are removed by the normal nest composition.
109F                  (c/enemy_runtime.s):01692         roam_despawn_all
                      (c/enemy_runtime.s):01693                 lbsr    roam_prepare_shadow
                      (c/enemy_runtime.s):01694                 tst     ENEMY_ROAMING
                      (c/enemy_runtime.s):01695                 beq     rda_done
                      (c/enemy_runtime.s):01696                 ldx     #ENEMY_TABLE
                      (c/enemy_runtime.s):01697                 lda     #4
                      (c/enemy_runtime.s):01698                 sta     ENEMY_WORK
109F                  (c/enemy_runtime.s):01699         rda_loop
                      (c/enemy_runtime.s):01700                 lbsr    roam_old_slot
                      (c/enemy_runtime.s):01701                 ldd     ,u
                      (c/enemy_runtime.s):01702                 beq     rda_next
                      (c/enemy_runtime.s):01703                 std     GATE_RECT_FB
                      (c/enemy_runtime.s):01704                 lda     #8
                      (c/enemy_runtime.s):01705                 sta     GATE_RECT_WIDTH
                      (c/enemy_runtime.s):01706                 lda     #16
                      (c/enemy_runtime.s):01707                 sta     GATE_RECT_ROWS
                      (c/enemy_runtime.s):01708                 pshs    x
                      (c/enemy_runtime.s):01709                 lbsr    gate_region_from_shadow
                      (c/enemy_runtime.s):01710                 puls    x
109F                  (c/enemy_runtime.s):01711         rda_next
                      (c/enemy_runtime.s):01712                 leax    RECORD_SIZE,x
                      (c/enemy_runtime.s):01713                 dec     ENEMY_WORK
                      (c/enemy_runtime.s):01714                 bne     rda_loop
109F                  (c/enemy_runtime.s):01715         rda_done
                      (c/enemy_runtime.s):01716                 rts
                      (c/enemy_runtime.s):01717                 endc
                      (c/enemy_runtime.s):01718         
                      (c/enemy_runtime.s):01719         ; U returns the old-pointer slot or this record's 128-byte background buffer.
109F                  (c/enemy_runtime.s):01720         roam_old_slot
109F 8604             (c/enemy_runtime.s):01721                 lda     #4
10A1 905D             (c/enemy_runtime.s):01722                 suba    ENEMY_WORK
10A3 48               (c/enemy_runtime.s):01723                 lsla
10A4 CEA890           (c/enemy_runtime.s):01724                 ldu     #ENEMY_OLD_FB
10A7 33C6             (c/enemy_runtime.s):01725                 leau    a,u
10A9 39               (c/enemy_runtime.s):01726                 rts
                      (c/enemy_runtime.s):01727         
10AA                  (c/enemy_runtime.s):01728         roam_bg_address
10AA 8604             (c/enemy_runtime.s):01729                 lda     #4
10AC 905D             (c/enemy_runtime.s):01730                 suba    ENEMY_WORK
10AE C680             (c/enemy_runtime.s):01731                 ldb     #128
10B0 3D               (c/enemy_runtime.s):01732                 mul
10B1 0D90             (c/enemy_runtime.s):01733                 tst     FB_BACK_ID
10B3 2605             (c/enemy_runtime.s):01734                 bne     rba_buffer_b
10B5 C3A690           (c/enemy_runtime.s):01735                 addd    #ENEMY_BG_BASE
10B8 2003             (c/enemy_runtime.s):01736                 bra     rba_done
10BA                  (c/enemy_runtime.s):01737         rba_buffer_b
10BA C3AB80           (c/enemy_runtime.s):01738                 addd    #ENEMY_BG_B
10BD                  (c/enemy_runtime.s):01739         rba_done
10BD 1F03             (c/enemy_runtime.s):01740                 tfr     d,u
10BF 39               (c/enemy_runtime.s):01741                 rts
                      (c/enemy_runtime.s):01742         
                      (c/enemy_runtime.s):01743                 ifne    PERSISTENT_FB
                      (c/enemy_runtime.s):01744         ; U returns this actor's packed row/column ring phase.
10C0                  (c/enemy_runtime.s):01745         roam_ring_slot
10C0 8604             (c/enemy_runtime.s):01746                 lda     #4
10C2 905D             (c/enemy_runtime.s):01747                 suba    ENEMY_WORK
10C4 CEA898           (c/enemy_runtime.s):01748                 ldu     #ENEMY_BG_RING
10C7 33C6             (c/enemy_runtime.s):01749                 leau    a,u
10C9 39               (c/enemy_runtime.s):01750                 rts
                      (c/enemy_runtime.s):01751         
                      (c/enemy_runtime.s):01752         ; Retain an unchanged clean destination, rotate/capture a recognized exposed
                      (c/enemy_runtime.s):01753         ; strip, or normalize with a full capture for every conservative fallback.
                      (c/enemy_runtime.s):01754         ; Input: X = current enemy record.
10CA                  (c/enemy_runtime.s):01755         roam_update_background
10CA 8604             (c/enemy_runtime.s):01756                 lda     #4
10CC 905D             (c/enemy_runtime.s):01757                 suba    ENEMY_WORK
10CE 108E109B         (c/enemy_runtime.s):01758                 ldy     #roam_slot_masks
10D2 E6A6             (c/enemy_runtime.s):01759                 ldb     a,y
10D4 D59B             (c/enemy_runtime.s):01760                 bitb    ENEMY_CAPTURE_DIRTY
10D6 2629             (c/enemy_runtime.s):01761                 bne     rub_full
10D8 D486             (c/enemy_runtime.s):01762                 andb    ENEMY_OLD_VALID
10DA 2725             (c/enemy_runtime.s):01763                 beq     rub_full
10DC 17FFC0           (c/enemy_runtime.s):01764                 lbsr    roam_old_slot
10DF EC01             (c/enemy_runtime.s):01765                 ldd     1,x
10E1 A3C4             (c/enemy_runtime.s):01766                 subd    ,u
10E3 2731             (c/enemy_runtime.s):01767                 beq     rub_done
10E5 10830001         (c/enemy_runtime.s):01768                 cmpd    #1
10E9 272C             (c/enemy_runtime.s):01769                 beq     rub_right
10EB 1083FFFF         (c/enemy_runtime.s):01770                 cmpd    #-1
10EF 272A             (c/enemy_runtime.s):01771                 beq     rub_left
10F1 10830140         (c/enemy_runtime.s):01772                 cmpd    #320
10F5 10270098         (c/enemy_runtime.s):01773                 lbeq    rub_down
10F9 1083FEC0         (c/enemy_runtime.s):01774                 cmpd    #-320
10FD 10270094         (c/enemy_runtime.s):01775                 lbeq    rub_up
1101                  (c/enemy_runtime.s):01776         rub_full
1101 3410             (c/enemy_runtime.s):01777                 pshs    x
1103 17FFBA           (c/enemy_runtime.s):01778                 lbsr    roam_ring_slot
1106 6FC4             (c/enemy_runtime.s):01779                 clr     ,u
1108 3510             (c/enemy_runtime.s):01780                 puls    x
110A 3410             (c/enemy_runtime.s):01781                 pshs    x
110C AE01             (c/enemy_runtime.s):01782                 ldx     1,x
110E 17FF99           (c/enemy_runtime.s):01783                 lbsr    roam_bg_address
1111 170266           (c/enemy_runtime.s):01784                 lbsr    roam_copy_fb_to_bg
1114 3510             (c/enemy_runtime.s):01785                 puls    x
1116                  (c/enemy_runtime.s):01786         rub_done
1116 39               (c/enemy_runtime.s):01787                 rts
1117                  (c/enemy_runtime.s):01788         rub_right
1117 8607             (c/enemy_runtime.s):01789                 lda     #7
1119 2001             (c/enemy_runtime.s):01790                 bra     rub_horizontal
111B                  (c/enemy_runtime.s):01791         rub_left
111B 4F               (c/enemy_runtime.s):01792                 clra
111C                  (c/enemy_runtime.s):01793         rub_horizontal
111C 979D             (c/enemy_runtime.s):01794                 sta     RING_ROW        ; exposed framebuffer column
111E 3410             (c/enemy_runtime.s):01795                 pshs    x
1120 17FF9D           (c/enemy_runtime.s):01796                 lbsr    roam_ring_slot
1123 A6C4             (c/enemy_runtime.s):01797                 lda     ,u
1125 979C             (c/enemy_runtime.s):01798                 sta     RING_PHASE
1127 8407             (c/enemy_runtime.s):01799                 anda    #7
1129 9779             (c/enemy_runtime.s):01800                 sta     GATE_COPY_COUNT ; old column phase
112B 969C             (c/enemy_runtime.s):01801                 lda     RING_PHASE
112D 84F0             (c/enemy_runtime.s):01802                 anda    #$F0
112F 979C             (c/enemy_runtime.s):01803                 sta     RING_PHASE
1131 D679             (c/enemy_runtime.s):01804                 ldb     GATE_COPY_COUNT
1133 0D9D             (c/enemy_runtime.s):01805                 tst     RING_ROW
1135 2703             (c/enemy_runtime.s):01806                 beq     rub_shift_left
1137 5C               (c/enemy_runtime.s):01807                 incb
1138 2001             (c/enemy_runtime.s):01808                 bra     rub_store_column
113A                  (c/enemy_runtime.s):01809         rub_shift_left
113A 5A               (c/enemy_runtime.s):01810                 decb
113B                  (c/enemy_runtime.s):01811         rub_store_column
113B C407             (c/enemy_runtime.s):01812                 andb    #7
113D DA9C             (c/enemy_runtime.s):01813                 orb     RING_PHASE
113F E7C4             (c/enemy_runtime.s):01814                 stb     ,u
1141 0D9D             (c/enemy_runtime.s):01815                 tst     RING_ROW
1143 2604             (c/enemy_runtime.s):01816                 bne     rub_right_slot
1145 C407             (c/enemy_runtime.s):01817                 andb    #7
1147 D779             (c/enemy_runtime.s):01818                 stb     GATE_COPY_COUNT ; new phase owns the exposed left column
1149                  (c/enemy_runtime.s):01819         rub_right_slot
1149 3510             (c/enemy_runtime.s):01820                 puls    x
114B 3410             (c/enemy_runtime.s):01821                 pshs    x
114D AE01             (c/enemy_runtime.s):01822                 ldx     1,x
114F 0D9D             (c/enemy_runtime.s):01823                 tst     RING_ROW
1151 2702             (c/enemy_runtime.s):01824                 beq     rub_horizontal_fb
1153 3007             (c/enemy_runtime.s):01825                 leax    7,x
1155                  (c/enemy_runtime.s):01826         rub_horizontal_fb
1155 17FF52           (c/enemy_runtime.s):01827                 lbsr    roam_bg_address
1158 D679             (c/enemy_runtime.s):01828                 ldb     GATE_COPY_COUNT
115A 33C5             (c/enemy_runtime.s):01829                 leau    b,u
115C 969C             (c/enemy_runtime.s):01830                 lda     RING_PHASE
115E 44               (c/enemy_runtime.s):01831                 lsra
115F 44               (c/enemy_runtime.s):01832                 lsra
1160 44               (c/enemy_runtime.s):01833                 lsra
1161 44               (c/enemy_runtime.s):01834                 lsra
1162 979D             (c/enemy_runtime.s):01835                 sta     RING_ROW
1164 48               (c/enemy_runtime.s):01836                 lsla
1165 48               (c/enemy_runtime.s):01837                 lsla
1166 48               (c/enemy_runtime.s):01838                 lsla
1167 33C6             (c/enemy_runtime.s):01839                 leau    a,u
1169 C610             (c/enemy_runtime.s):01840                 ldb     #16
116B D09D             (c/enemy_runtime.s):01841                 subb    RING_ROW
116D                  (c/enemy_runtime.s):01842         rub_column_first
116D A684             (c/enemy_runtime.s):01843                 lda     ,x
116F A7C4             (c/enemy_runtime.s):01844                 sta     ,u
1171 308900A0         (c/enemy_runtime.s):01845                 leax    160,x
1175 3348             (c/enemy_runtime.s):01846                 leau    8,u
1177 5A               (c/enemy_runtime.s):01847                 decb
1178 26F3             (c/enemy_runtime.s):01848                 bne     rub_column_first
117A D69D             (c/enemy_runtime.s):01849                 ldb     RING_ROW
117C 2710             (c/enemy_runtime.s):01850                 beq     rub_column_done
117E 33C880           (c/enemy_runtime.s):01851                 leau    -128,u
1181                  (c/enemy_runtime.s):01852         rub_column_second
1181 A684             (c/enemy_runtime.s):01853                 lda     ,x
1183 A7C4             (c/enemy_runtime.s):01854                 sta     ,u
1185 308900A0         (c/enemy_runtime.s):01855                 leax    160,x
1189 3348             (c/enemy_runtime.s):01856                 leau    8,u
118B 5A               (c/enemy_runtime.s):01857                 decb
118C 26F3             (c/enemy_runtime.s):01858                 bne     rub_column_second
118E                  (c/enemy_runtime.s):01859         rub_column_done
118E 3510             (c/enemy_runtime.s):01860                 puls    x
1190 39               (c/enemy_runtime.s):01861                 rts
                      (c/enemy_runtime.s):01862         
1191                  (c/enemy_runtime.s):01863         rub_down
1191 860E             (c/enemy_runtime.s):01864                 lda     #14
1193 2001             (c/enemy_runtime.s):01865                 bra     rub_vertical
1195                  (c/enemy_runtime.s):01866         rub_up
1195 4F               (c/enemy_runtime.s):01867                 clra
1196                  (c/enemy_runtime.s):01868         rub_vertical
1196 977A             (c/enemy_runtime.s):01869                 sta     GATE_COPY_ROWS  ; first exposed framebuffer row
1198 3410             (c/enemy_runtime.s):01870                 pshs    x
119A 17FF23           (c/enemy_runtime.s):01871                 lbsr    roam_ring_slot
119D A6C4             (c/enemy_runtime.s):01872                 lda     ,u
119F 979C             (c/enemy_runtime.s):01873                 sta     RING_PHASE
11A1 84F0             (c/enemy_runtime.s):01874                 anda    #$F0
11A3 44               (c/enemy_runtime.s):01875                 lsra
11A4 44               (c/enemy_runtime.s):01876                 lsra
11A5 44               (c/enemy_runtime.s):01877                 lsra
11A6 44               (c/enemy_runtime.s):01878                 lsra
11A7 979D             (c/enemy_runtime.s):01879                 sta     RING_ROW
11A9 969C             (c/enemy_runtime.s):01880                 lda     RING_PHASE
11AB 8407             (c/enemy_runtime.s):01881                 anda    #7
11AD 979C             (c/enemy_runtime.s):01882                 sta     RING_PHASE
11AF 0D7A             (c/enemy_runtime.s):01883                 tst     GATE_COPY_ROWS
11B1 2708             (c/enemy_runtime.s):01884                 beq     rub_shift_up
11B3 969D             (c/enemy_runtime.s):01885                 lda     RING_ROW        ; down overwrites the old top rows
11B5 9779             (c/enemy_runtime.s):01886                 sta     GATE_COPY_COUNT
11B7 8B02             (c/enemy_runtime.s):01887                 adda    #2              ; new logical row zero maps old logical row two
11B9 2008             (c/enemy_runtime.s):01888                 bra     rub_store_row
11BB                  (c/enemy_runtime.s):01889         rub_shift_up
11BB 969D             (c/enemy_runtime.s):01890                 lda     RING_ROW
11BD 8002             (c/enemy_runtime.s):01891                 suba    #2
11BF 840F             (c/enemy_runtime.s):01892                 anda    #15
11C1 9779             (c/enemy_runtime.s):01893                 sta     GATE_COPY_COUNT ; up overwrites the old bottom rows
11C3                  (c/enemy_runtime.s):01894         rub_store_row
11C3 840F             (c/enemy_runtime.s):01895                 anda    #15
11C5 979D             (c/enemy_runtime.s):01896                 sta     RING_ROW        ; new row phase and first physical target
11C7 48               (c/enemy_runtime.s):01897                 lsla
11C8 48               (c/enemy_runtime.s):01898                 lsla
11C9 48               (c/enemy_runtime.s):01899                 lsla
11CA 48               (c/enemy_runtime.s):01900                 lsla
11CB 9A9C             (c/enemy_runtime.s):01901                 ora     RING_PHASE
11CD A7C4             (c/enemy_runtime.s):01902                 sta     ,u
11CF 9679             (c/enemy_runtime.s):01903                 lda     GATE_COPY_COUNT
11D1 979D             (c/enemy_runtime.s):01904                 sta     RING_ROW
11D3 3510             (c/enemy_runtime.s):01905                 puls    x
11D5 3410             (c/enemy_runtime.s):01906                 pshs    x
11D7 AE01             (c/enemy_runtime.s):01907                 ldx     1,x
11D9 0D7A             (c/enemy_runtime.s):01908                 tst     GATE_COPY_ROWS
11DB 2704             (c/enemy_runtime.s):01909                 beq     rub_vertical_fb
11DD 308908C0         (c/enemy_runtime.s):01910                 leax    2240,x
11E1                  (c/enemy_runtime.s):01911         rub_vertical_fb
11E1 17FEC6           (c/enemy_runtime.s):01912                 lbsr    roam_bg_address
11E4 DF9E             (c/enemy_runtime.s):01913                 stu     RING_BASE
11E6 8602             (c/enemy_runtime.s):01914                 lda     #2
11E8 977A             (c/enemy_runtime.s):01915                 sta     GATE_COPY_ROWS
11EA                  (c/enemy_runtime.s):01916         rub_row_loop
11EA 969D             (c/enemy_runtime.s):01917                 lda     RING_ROW
11EC C608             (c/enemy_runtime.s):01918                 ldb     #8
11EE 3D               (c/enemy_runtime.s):01919                 mul
11EF D39E             (c/enemy_runtime.s):01920                 addd    RING_BASE
11F1 1F03             (c/enemy_runtime.s):01921                 tfr     d,u
11F3 170013           (c/enemy_runtime.s):01922                 lbsr    roam_capture_ring_row
11F6 30890098         (c/enemy_runtime.s):01923                 leax    152,x
11FA 0C9D             (c/enemy_runtime.s):01924                 inc     RING_ROW
11FC 969D             (c/enemy_runtime.s):01925                 lda     RING_ROW
11FE 840F             (c/enemy_runtime.s):01926                 anda    #15
1200 979D             (c/enemy_runtime.s):01927                 sta     RING_ROW
1202 0A7A             (c/enemy_runtime.s):01928                 dec     GATE_COPY_ROWS
1204 26E4             (c/enemy_runtime.s):01929                 bne     rub_row_loop
1206 3510             (c/enemy_runtime.s):01930                 puls    x
1208 39               (c/enemy_runtime.s):01931                 rts
                      (c/enemy_runtime.s):01932         
                      (c/enemy_runtime.s):01933         ; Capture one logical framebuffer row into a column-rotated physical row.
1209                  (c/enemy_runtime.s):01934         roam_capture_ring_row
1209 D69C             (c/enemy_runtime.s):01935                 ldb     RING_PHASE
120B 2613             (c/enemy_runtime.s):01936                 bne     rcrr_rotated
                      (c/enemy_runtime.s):01937                 ; The dominant phase-zero row is contiguous in both source and ring.
                      (c/enemy_runtime.s):01938                 ; Pull four bytes per instruction and leave X at the next FB byte.
120D 1E13             (c/enemy_runtime.s):01939                 exg     x,u
120F 3726             (c/enemy_runtime.s):01940                 pulu    d,y
1211 ED81             (c/enemy_runtime.s):01941                 std     ,x++
1213 10AF81           (c/enemy_runtime.s):01942                 sty     ,x++
1216 3726             (c/enemy_runtime.s):01943                 pulu    d,y
1218 ED81             (c/enemy_runtime.s):01944                 std     ,x++
121A 10AF81           (c/enemy_runtime.s):01945                 sty     ,x++
121D 1F31             (c/enemy_runtime.s):01946                 tfr     u,x
121F 39               (c/enemy_runtime.s):01947                 rts
1220                  (c/enemy_runtime.s):01948         rcrr_rotated
1220 8608             (c/enemy_runtime.s):01949                 lda     #8
1222 9779             (c/enemy_runtime.s):01950                 sta     GATE_COPY_COUNT
1224                  (c/enemy_runtime.s):01951         rcrr_byte
1224 A680             (c/enemy_runtime.s):01952                 lda     ,x+
1226 A7C5             (c/enemy_runtime.s):01953                 sta     b,u
1228 5C               (c/enemy_runtime.s):01954                 incb
1229 C407             (c/enemy_runtime.s):01955                 andb    #7
122B 0A79             (c/enemy_runtime.s):01956                 dec     GATE_COPY_COUNT
122D 26F5             (c/enemy_runtime.s):01957                 bne     rcrr_byte
122F 39               (c/enemy_runtime.s):01958                 rts
                      (c/enemy_runtime.s):01959                 endc
                      (c/enemy_runtime.s):01960         
                      (c/enemy_runtime.s):01961                 ifeq    PERSISTENT_FB
1230                  (c/enemy_runtime.s):01962         roam_set_prepare_union
                      (c/enemy_runtime.s):01963                 ldd     1,x
                      (c/enemy_runtime.s):01964                 std     GATE_RECT_FB
                      (c/enemy_runtime.s):01965                 lda     #8
                      (c/enemy_runtime.s):01966                 sta     GATE_RECT_WIDTH
                      (c/enemy_runtime.s):01967                 lda     #16
                      (c/enemy_runtime.s):01968                 sta     GATE_RECT_ROWS
                      (c/enemy_runtime.s):01969                 tst     ENEMY_MOVE
                      (c/enemy_runtime.s):01970                 beq     rspu_done
                      (c/enemy_runtime.s):01971                 lda     7,x
                      (c/enemy_runtime.s):01972                 beq     rspu_north
                      (c/enemy_runtime.s):01973                 cmpa    #1
                      (c/enemy_runtime.s):01974                 beq     rspu_east
                      (c/enemy_runtime.s):01975                 cmpa    #2
                      (c/enemy_runtime.s):01976                 beq     rspu_south
                      (c/enemy_runtime.s):01977                 ldd     GATE_RECT_FB
                      (c/enemy_runtime.s):01978                 subd    #1
                      (c/enemy_runtime.s):01979                 std     GATE_RECT_FB
1230                  (c/enemy_runtime.s):01980         rspu_east
                      (c/enemy_runtime.s):01981                 inc     GATE_RECT_WIDTH
                      (c/enemy_runtime.s):01982                 rts
1230                  (c/enemy_runtime.s):01983         rspu_north
                      (c/enemy_runtime.s):01984                 ldd     GATE_RECT_FB
                      (c/enemy_runtime.s):01985                 subd    #320
                      (c/enemy_runtime.s):01986                 std     GATE_RECT_FB
1230                  (c/enemy_runtime.s):01987         rspu_south
                      (c/enemy_runtime.s):01988                 lda     #18
                      (c/enemy_runtime.s):01989                 sta     GATE_RECT_ROWS
1230                  (c/enemy_runtime.s):01990         rspu_done
                      (c/enemy_runtime.s):01991                 rts
                      (c/enemy_runtime.s):01992         
1230                  (c/enemy_runtime.s):01993         roam_set_final_union
                      (c/enemy_runtime.s):01994                 lbsr    roam_old_slot
                      (c/enemy_runtime.s):01995                 ldd     ,u
                      (c/enemy_runtime.s):01996                 std     GATE_RECT_FB
                      (c/enemy_runtime.s):01997                 lda     #8
                      (c/enemy_runtime.s):01998                 sta     GATE_RECT_WIDTH
                      (c/enemy_runtime.s):01999                 lda     #16
                      (c/enemy_runtime.s):02000                 sta     GATE_RECT_ROWS
                      (c/enemy_runtime.s):02001                 ldd     1,x
                      (c/enemy_runtime.s):02002                 subd    ,u
                      (c/enemy_runtime.s):02003                 beq     rsfu_done
                      (c/enemy_runtime.s):02004                 cmpd    #1
                      (c/enemy_runtime.s):02005                 beq     rsfu_horizontal
                      (c/enemy_runtime.s):02006                 cmpd    #-1
                      (c/enemy_runtime.s):02007                 beq     rsfu_west
                      (c/enemy_runtime.s):02008                 cmpd    #320
                      (c/enemy_runtime.s):02009                 beq     rsfu_vertical
                      (c/enemy_runtime.s):02010                 ldd     1,x
                      (c/enemy_runtime.s):02011                 std     GATE_RECT_FB
1230                  (c/enemy_runtime.s):02012         rsfu_vertical
                      (c/enemy_runtime.s):02013                 lda     #18
                      (c/enemy_runtime.s):02014                 sta     GATE_RECT_ROWS
                      (c/enemy_runtime.s):02015                 rts
1230                  (c/enemy_runtime.s):02016         rsfu_west
                      (c/enemy_runtime.s):02017                 ldd     1,x
                      (c/enemy_runtime.s):02018                 std     GATE_RECT_FB
1230                  (c/enemy_runtime.s):02019         rsfu_horizontal
                      (c/enemy_runtime.s):02020                 inc     GATE_RECT_WIDTH
1230                  (c/enemy_runtime.s):02021         rsfu_done
                      (c/enemy_runtime.s):02022                 rts
                      (c/enemy_runtime.s):02023                 endc
                      (c/enemy_runtime.s):02024         
1230                  (c/enemy_runtime.s):02025         roam_copy_bg_to_fb
                      (c/enemy_runtime.s):02026                 ifne    PERSISTENT_FB
1230 DF9E             (c/enemy_runtime.s):02027                 stu     RING_BASE
1232 17FE8B           (c/enemy_runtime.s):02028                 lbsr    roam_ring_slot
1235 A6C4             (c/enemy_runtime.s):02029                 lda     ,u
1237 979C             (c/enemy_runtime.s):02030                 sta     RING_PHASE
1239 85F0             (c/enemy_runtime.s):02031                 bita    #$F0
123B 10260100         (c/enemy_runtime.s):02032                 lbne    rcbtf_ring_setup
123F 8610             (c/enemy_runtime.s):02033                 lda     #16
1241 977A             (c/enemy_runtime.s):02034                 sta     GATE_COPY_ROWS
1243 969C             (c/enemy_runtime.s):02035                 lda     RING_PHASE
1245 8407             (c/enemy_runtime.s):02036                 anda    #7
1247 48               (c/enemy_runtime.s):02037                 lsla
1248 DE9E             (c/enemy_runtime.s):02038                 ldu     RING_BASE
124A 108E1253         (c/enemy_runtime.s):02039                 ldy     #rcbtf_fast_table
124E 10AEA6           (c/enemy_runtime.s):02040                 ldy     a,y
1251 6EA4             (c/enemy_runtime.s):02041                 jmp     ,y
                      (c/enemy_runtime.s):02042         
1253                  (c/enemy_runtime.s):02043         rcbtf_fast_table
1253 1263127A         (c/enemy_runtime.s):02044                 fdb     rcbtf_phase0_rows,rcbtf_phase1_rows
1257 129712B2         (c/enemy_runtime.s):02045                 fdb     rcbtf_phase2_rows,rcbtf_phase3_rows
125B 12CF12EA         (c/enemy_runtime.s):02046                 fdb     rcbtf_phase4_rows,rcbtf_phase5_rows
125F 13071322         (c/enemy_runtime.s):02047                 fdb     rcbtf_phase6_rows,rcbtf_phase7_rows
                      (c/enemy_runtime.s):02048         
1263                  (c/enemy_runtime.s):02049         rcbtf_phase0
1263                  (c/enemy_runtime.s):02050         rcbtf_phase0_rows
1263                  (c/enemy_runtime.s):02051         rcbtf_phase0_row
1263 3726             (c/enemy_runtime.s):02052                 pulu    d,y
1265 ED81             (c/enemy_runtime.s):02053                 std     ,x++
1267 10AF81           (c/enemy_runtime.s):02054                 sty     ,x++
126A 3726             (c/enemy_runtime.s):02055                 pulu    d,y
126C ED81             (c/enemy_runtime.s):02056                 std     ,x++
126E 10AF81           (c/enemy_runtime.s):02057                 sty     ,x++
1271 30890098         (c/enemy_runtime.s):02058                 leax    152,x
1275 0A7A             (c/enemy_runtime.s):02059                 dec     GATE_COPY_ROWS
1277 26EA             (c/enemy_runtime.s):02060                 bne     rcbtf_phase0_row
1279 39               (c/enemy_runtime.s):02061                 rts
                      (c/enemy_runtime.s):02062         
127A                  (c/enemy_runtime.s):02063         rcbtf_phase1
127A                  (c/enemy_runtime.s):02064         rcbtf_phase1_rows
127A                  (c/enemy_runtime.s):02065         rcbtf_phase1_row
127A EC41             (c/enemy_runtime.s):02066                 ldd     1,u
127C ED81             (c/enemy_runtime.s):02067                 std     ,x++
127E EC43             (c/enemy_runtime.s):02068                 ldd     3,u
1280 ED81             (c/enemy_runtime.s):02069                 std     ,x++
1282 EC45             (c/enemy_runtime.s):02070                 ldd     5,u
1284 ED81             (c/enemy_runtime.s):02071                 std     ,x++
1286 A647             (c/enemy_runtime.s):02072                 lda     7,u
1288 E6C4             (c/enemy_runtime.s):02073                 ldb     ,u
128A ED81             (c/enemy_runtime.s):02074                 std     ,x++
128C 3348             (c/enemy_runtime.s):02075                 leau    8,u
128E 30890098         (c/enemy_runtime.s):02076                 leax    152,x
1292 0A7A             (c/enemy_runtime.s):02077                 dec     GATE_COPY_ROWS
1294 26E4             (c/enemy_runtime.s):02078                 bne     rcbtf_phase1_row
1296 39               (c/enemy_runtime.s):02079                 rts
                      (c/enemy_runtime.s):02080         
1297                  (c/enemy_runtime.s):02081         rcbtf_phase2
1297                  (c/enemy_runtime.s):02082         rcbtf_phase2_rows
1297                  (c/enemy_runtime.s):02083         rcbtf_phase2_row
1297 EC42             (c/enemy_runtime.s):02084                 ldd     2,u
1299 ED81             (c/enemy_runtime.s):02085                 std     ,x++
129B EC44             (c/enemy_runtime.s):02086                 ldd     4,u
129D ED81             (c/enemy_runtime.s):02087                 std     ,x++
129F EC46             (c/enemy_runtime.s):02088                 ldd     6,u
12A1 ED81             (c/enemy_runtime.s):02089                 std     ,x++
12A3 ECC4             (c/enemy_runtime.s):02090                 ldd     ,u
12A5 ED81             (c/enemy_runtime.s):02091                 std     ,x++
12A7 3348             (c/enemy_runtime.s):02092                 leau    8,u
12A9 30890098         (c/enemy_runtime.s):02093                 leax    152,x
12AD 0A7A             (c/enemy_runtime.s):02094                 dec     GATE_COPY_ROWS
12AF 26E6             (c/enemy_runtime.s):02095                 bne     rcbtf_phase2_row
12B1 39               (c/enemy_runtime.s):02096                 rts
                      (c/enemy_runtime.s):02097         
12B2                  (c/enemy_runtime.s):02098         rcbtf_phase3
12B2                  (c/enemy_runtime.s):02099         rcbtf_phase3_rows
12B2                  (c/enemy_runtime.s):02100         rcbtf_phase3_row
12B2 EC43             (c/enemy_runtime.s):02101                 ldd     3,u
12B4 ED81             (c/enemy_runtime.s):02102                 std     ,x++
12B6 EC45             (c/enemy_runtime.s):02103                 ldd     5,u
12B8 ED81             (c/enemy_runtime.s):02104                 std     ,x++
12BA A647             (c/enemy_runtime.s):02105                 lda     7,u
12BC E6C4             (c/enemy_runtime.s):02106                 ldb     ,u
12BE ED81             (c/enemy_runtime.s):02107                 std     ,x++
12C0 EC41             (c/enemy_runtime.s):02108                 ldd     1,u
12C2 ED81             (c/enemy_runtime.s):02109                 std     ,x++
12C4 3348             (c/enemy_runtime.s):02110                 leau    8,u
12C6 30890098         (c/enemy_runtime.s):02111                 leax    152,x
12CA 0A7A             (c/enemy_runtime.s):02112                 dec     GATE_COPY_ROWS
12CC 26E4             (c/enemy_runtime.s):02113                 bne     rcbtf_phase3_row
12CE 39               (c/enemy_runtime.s):02114                 rts
                      (c/enemy_runtime.s):02115         
12CF                  (c/enemy_runtime.s):02116         rcbtf_phase4
12CF                  (c/enemy_runtime.s):02117         rcbtf_phase4_rows
12CF                  (c/enemy_runtime.s):02118         rcbtf_phase4_row
12CF EC44             (c/enemy_runtime.s):02119                 ldd     4,u
12D1 ED81             (c/enemy_runtime.s):02120                 std     ,x++
12D3 EC46             (c/enemy_runtime.s):02121                 ldd     6,u
12D5 ED81             (c/enemy_runtime.s):02122                 std     ,x++
12D7 ECC4             (c/enemy_runtime.s):02123                 ldd     ,u
12D9 ED81             (c/enemy_runtime.s):02124                 std     ,x++
12DB EC42             (c/enemy_runtime.s):02125                 ldd     2,u
12DD ED81             (c/enemy_runtime.s):02126                 std     ,x++
12DF 3348             (c/enemy_runtime.s):02127                 leau    8,u
12E1 30890098         (c/enemy_runtime.s):02128                 leax    152,x
12E5 0A7A             (c/enemy_runtime.s):02129                 dec     GATE_COPY_ROWS
12E7 26E6             (c/enemy_runtime.s):02130                 bne     rcbtf_phase4_row
12E9 39               (c/enemy_runtime.s):02131                 rts
                      (c/enemy_runtime.s):02132         
12EA                  (c/enemy_runtime.s):02133         rcbtf_phase5
12EA                  (c/enemy_runtime.s):02134         rcbtf_phase5_rows
12EA                  (c/enemy_runtime.s):02135         rcbtf_phase5_row
12EA EC45             (c/enemy_runtime.s):02136                 ldd     5,u
12EC ED81             (c/enemy_runtime.s):02137                 std     ,x++
12EE A647             (c/enemy_runtime.s):02138                 lda     7,u
12F0 E6C4             (c/enemy_runtime.s):02139                 ldb     ,u
12F2 ED81             (c/enemy_runtime.s):02140                 std     ,x++
12F4 EC41             (c/enemy_runtime.s):02141                 ldd     1,u
12F6 ED81             (c/enemy_runtime.s):02142                 std     ,x++
12F8 EC43             (c/enemy_runtime.s):02143                 ldd     3,u
12FA ED81             (c/enemy_runtime.s):02144                 std     ,x++
12FC 3348             (c/enemy_runtime.s):02145                 leau    8,u
12FE 30890098         (c/enemy_runtime.s):02146                 leax    152,x
1302 0A7A             (c/enemy_runtime.s):02147                 dec     GATE_COPY_ROWS
1304 26E4             (c/enemy_runtime.s):02148                 bne     rcbtf_phase5_row
1306 39               (c/enemy_runtime.s):02149                 rts
                      (c/enemy_runtime.s):02150         
1307                  (c/enemy_runtime.s):02151         rcbtf_phase6
1307                  (c/enemy_runtime.s):02152         rcbtf_phase6_rows
1307                  (c/enemy_runtime.s):02153         rcbtf_phase6_row
1307 EC46             (c/enemy_runtime.s):02154                 ldd     6,u
1309 ED81             (c/enemy_runtime.s):02155                 std     ,x++
130B ECC4             (c/enemy_runtime.s):02156                 ldd     ,u
130D ED81             (c/enemy_runtime.s):02157                 std     ,x++
130F EC42             (c/enemy_runtime.s):02158                 ldd     2,u
1311 ED81             (c/enemy_runtime.s):02159                 std     ,x++
1313 EC44             (c/enemy_runtime.s):02160                 ldd     4,u
1315 ED81             (c/enemy_runtime.s):02161                 std     ,x++
1317 3348             (c/enemy_runtime.s):02162                 leau    8,u
1319 30890098         (c/enemy_runtime.s):02163                 leax    152,x
131D 0A7A             (c/enemy_runtime.s):02164                 dec     GATE_COPY_ROWS
131F 26E6             (c/enemy_runtime.s):02165                 bne     rcbtf_phase6_row
1321 39               (c/enemy_runtime.s):02166                 rts
                      (c/enemy_runtime.s):02167         
1322                  (c/enemy_runtime.s):02168         rcbtf_phase7
1322                  (c/enemy_runtime.s):02169         rcbtf_phase7_rows
1322                  (c/enemy_runtime.s):02170         rcbtf_phase7_row
1322 A647             (c/enemy_runtime.s):02171                 lda     7,u
1324 E6C4             (c/enemy_runtime.s):02172                 ldb     ,u
1326 ED81             (c/enemy_runtime.s):02173                 std     ,x++
1328 EC41             (c/enemy_runtime.s):02174                 ldd     1,u
132A ED81             (c/enemy_runtime.s):02175                 std     ,x++
132C EC43             (c/enemy_runtime.s):02176                 ldd     3,u
132E ED81             (c/enemy_runtime.s):02177                 std     ,x++
1330 EC45             (c/enemy_runtime.s):02178                 ldd     5,u
1332 ED81             (c/enemy_runtime.s):02179                 std     ,x++
1334 3348             (c/enemy_runtime.s):02180                 leau    8,u
1336 30890098         (c/enemy_runtime.s):02181                 leax    152,x
133A 0A7A             (c/enemy_runtime.s):02182                 dec     GATE_COPY_ROWS
133C 26E4             (c/enemy_runtime.s):02183                 bne     rcbtf_phase7_row
133E 39               (c/enemy_runtime.s):02184                 rts
                      (c/enemy_runtime.s):02185         
133F                  (c/enemy_runtime.s):02186         rcbtf_ring_setup
133F 969C             (c/enemy_runtime.s):02187                 lda     RING_PHASE
1341 84F0             (c/enemy_runtime.s):02188                 anda    #$F0
1343 44               (c/enemy_runtime.s):02189                 lsra
1344 44               (c/enemy_runtime.s):02190                 lsra
1345 44               (c/enemy_runtime.s):02191                 lsra
1346 44               (c/enemy_runtime.s):02192                 lsra
1347 979D             (c/enemy_runtime.s):02193                 sta     RING_ROW        ; first physical row
1349 C608             (c/enemy_runtime.s):02194                 ldb     #8
134B 3D               (c/enemy_runtime.s):02195                 mul
134C D39E             (c/enemy_runtime.s):02196                 addd    RING_BASE
134E 1F03             (c/enemy_runtime.s):02197                 tfr     d,u
1350 969C             (c/enemy_runtime.s):02198                 lda     RING_PHASE
1352 8407             (c/enemy_runtime.s):02199                 anda    #7
1354 48               (c/enemy_runtime.s):02200                 lsla
1355 108E1253         (c/enemy_runtime.s):02201                 ldy     #rcbtf_fast_table
1359 10AEA6           (c/enemy_runtime.s):02202                 ldy     a,y
135C 109F9E           (c/enemy_runtime.s):02203                 sty     RING_BASE       ; selected column-phase row copier
135F 4F               (c/enemy_runtime.s):02204                 clra
1360 C610             (c/enemy_runtime.s):02205                 ldb     #16
1362 D09D             (c/enemy_runtime.s):02206                 subb    RING_ROW
1364 D77A             (c/enemy_runtime.s):02207                 stb     GATE_COPY_ROWS
1366 AD9F009E         (c/enemy_runtime.s):02208                 jsr     [RING_BASE]
136A 969D             (c/enemy_runtime.s):02209                 lda     RING_ROW
136C 270B             (c/enemy_runtime.s):02210                 beq     rcbtf_ring_done
136E 33C880           (c/enemy_runtime.s):02211                 leau    -128,u
1371 1F89             (c/enemy_runtime.s):02212                 tfr     a,b
1373 D77A             (c/enemy_runtime.s):02213                 stb     GATE_COPY_ROWS
1375 AD9F009E         (c/enemy_runtime.s):02214                 jsr     [RING_BASE]
1379                  (c/enemy_runtime.s):02215         rcbtf_ring_done
1379 39               (c/enemy_runtime.s):02216                 rts
                      (c/enemy_runtime.s):02217                 else
                      (c/enemy_runtime.s):02218                 ldy     #16
137A                  (c/enemy_runtime.s):02219         rcbtf_row
                      (c/enemy_runtime.s):02220                 ldd     ,u++
                      (c/enemy_runtime.s):02221                 std     ,x++
                      (c/enemy_runtime.s):02222                 ldd     ,u++
                      (c/enemy_runtime.s):02223                 std     ,x++
                      (c/enemy_runtime.s):02224                 ldd     ,u++
                      (c/enemy_runtime.s):02225                 std     ,x++
                      (c/enemy_runtime.s):02226                 ldd     ,u++
                      (c/enemy_runtime.s):02227                 std     ,x++
                      (c/enemy_runtime.s):02228                 leax    152,x
                      (c/enemy_runtime.s):02229                 leay    -1,y
                      (c/enemy_runtime.s):02230                 bne     rcbtf_row
                      (c/enemy_runtime.s):02231                 rts
                      (c/enemy_runtime.s):02232                 endc
                      (c/enemy_runtime.s):02233         
137A                  (c/enemy_runtime.s):02234         roam_copy_fb_to_bg
137A 108E0010         (c/enemy_runtime.s):02235                 ldy     #16
137E                  (c/enemy_runtime.s):02236         rcftb_row
137E EC81             (c/enemy_runtime.s):02237                 ldd     ,x++
1380 EDC1             (c/enemy_runtime.s):02238                 std     ,u++
1382 EC81             (c/enemy_runtime.s):02239                 ldd     ,x++
1384 EDC1             (c/enemy_runtime.s):02240                 std     ,u++
1386 EC81             (c/enemy_runtime.s):02241                 ldd     ,x++
1388 EDC1             (c/enemy_runtime.s):02242                 std     ,u++
138A EC81             (c/enemy_runtime.s):02243                 ldd     ,x++
138C EDC1             (c/enemy_runtime.s):02244                 std     ,u++
138E 30890098         (c/enemy_runtime.s):02245                 leax    152,x
1392 313F             (c/enemy_runtime.s):02246                 leay    -1,y
1394 26E8             (c/enemy_runtime.s):02247                 bne     rcftb_row
1396 39               (c/enemy_runtime.s):02248                 rts
                      (c/enemy_runtime.s):02249         
1397                  (c/enemy_runtime.s):02250         draw_enemy_fb
1397 170249           (c/enemy_runtime.s):02251                 lbsr    enemy_frame_number
139A 17028D           (c/enemy_runtime.s):02252                 lbsr    sparse_enemy_stream
139D 1702AA           (c/enemy_runtime.s):02253                 lbsr    sparse_blit_fb
13A0 39               (c/enemy_runtime.s):02254                 rts
                      (c/enemy_runtime.s):02255         
                      (c/enemy_runtime.s):02256         ; Build the complete 16-by-32 nest layer in compact RAM, then publish only
                      (c/enemy_runtime.s):02257         ; final pixels to the visible framebuffer. Intermediate restores are never
                      (c/enemy_runtime.s):02258         ; visible, including when every active record overlaps.
13A1                  (c/enemy_runtime.s):02259         compose_enemy_zone
13A1 8EA490           (c/enemy_runtime.s):02260                 ldx     #ENEMY_ZONE_BG
13A4 CE1800           (c/enemy_runtime.s):02261                 ldu     #ENEMY_ZONE_STAGE
13A7 108E0080         (c/enemy_runtime.s):02262                 ldy     #128
13AB                  (c/enemy_runtime.s):02263         cez_copy_bg
13AB EC81             (c/enemy_runtime.s):02264                 ldd     ,x++
13AD EDC1             (c/enemy_runtime.s):02265                 std     ,u++
13AF 313F             (c/enemy_runtime.s):02266                 leay    -1,y
13B1 26F8             (c/enemy_runtime.s):02267                 bne     cez_copy_bg
                      (c/enemy_runtime.s):02268         
                      (c/enemy_runtime.s):02269                 ; Active actors first.
13B3 CEA470           (c/enemy_runtime.s):02270                 ldu     #ENEMY_TABLE
13B6 8604             (c/enemy_runtime.s):02271                 lda     #4
13B8 975D             (c/enemy_runtime.s):02272                 sta     ENEMY_WORK
13BA                  (c/enemy_runtime.s):02273         cez_active_loop
13BA 6DC4             (c/enemy_runtime.s):02274                 tst     ,u
13BC 2723             (c/enemy_runtime.s):02275                 beq     cez_active_next
13BE 6D46             (c/enemy_runtime.s):02276                 tst     6,u
13C0 261F             (c/enemy_runtime.s):02277                 bne     cez_active_next
13C2 A645             (c/enemy_runtime.s):02278                 lda     5,u
13C4 800A             (c/enemy_runtime.s):02279                 suba    #10
13C6 C608             (c/enemy_runtime.s):02280                 ldb     #8
13C8 3D               (c/enemy_runtime.s):02281                 mul
13C9 E043             (c/enemy_runtime.s):02282                 subb    3,u
13CB 8200             (c/enemy_runtime.s):02283                 sbca    #0
13CD 58               (c/enemy_runtime.s):02284                 lslb
13CE 49               (c/enemy_runtime.s):02285                 rola
13CF 58               (c/enemy_runtime.s):02286                 lslb
13D0 49               (c/enemy_runtime.s):02287                 rola
13D1 58               (c/enemy_runtime.s):02288                 lslb
13D2 49               (c/enemy_runtime.s):02289                 rola
13D3 C31800           (c/enemy_runtime.s):02290                 addd    #ENEMY_ZONE_STAGE
13D6 1F01             (c/enemy_runtime.s):02291                 tfr     d,x
13D8 E647             (c/enemy_runtime.s):02292                 ldb     7,u
13DA 3440             (c/enemy_runtime.s):02293                 pshs    u
13DC 1701FA           (c/enemy_runtime.s):02294                 lbsr    draw_enemy_stage
13DF 3540             (c/enemy_runtime.s):02295                 puls    u
13E1                  (c/enemy_runtime.s):02296         cez_active_next
13E1 3348             (c/enemy_runtime.s):02297                 leau    RECORD_SIZE,u
13E3 0A5D             (c/enemy_runtime.s):02298                 dec     ENEMY_WORK
13E5 26D3             (c/enemy_runtime.s):02299                 bne     cez_active_loop
                      (c/enemy_runtime.s):02300         
                      (c/enemy_runtime.s):02301                 ; The vegetable replaces the dormant actor. Keep the nest empty after
                      (c/enemy_runtime.s):02302                 ; collection while all four enemies remain active.
13E7 965A             (c/enemy_runtime.s):02303                 lda     VEG_STATE
13E9 8101             (c/enemy_runtime.s):02304                 cmpa    #1
13EB 2714             (c/enemy_runtime.s):02305                 beq     cez_vegetable
13ED 8102             (c/enemy_runtime.s):02306                 cmpa    #2
13EF 2606             (c/enemy_runtime.s):02307                 bne     cez_dormant
13F1 9658             (c/enemy_runtime.s):02308                 lda     ENEMY_ACTIVE
13F3 8104             (c/enemy_runtime.s):02309                 cmpa    #4
13F5 2710             (c/enemy_runtime.s):02310                 beq     cez_commit
13F7                  (c/enemy_runtime.s):02311         cez_dormant
13F7 8E1880           (c/enemy_runtime.s):02312                 ldx     #ENEMY_ZONE_STAGE+128
13FA C600             (c/enemy_runtime.s):02313                 ldb     #0
13FC 1701DA           (c/enemy_runtime.s):02314                 lbsr    draw_enemy_stage
13FF 2006             (c/enemy_runtime.s):02315                 bra     cez_commit
1401                  (c/enemy_runtime.s):02316         cez_vegetable
1401 8E1880           (c/enemy_runtime.s):02317                 ldx     #ENEMY_ZONE_STAGE+128
1404 1702ED           (c/enemy_runtime.s):02318                 lbsr    draw_vegetable_stage
1407                  (c/enemy_runtime.s):02319         cez_commit
1407 8E1800           (c/enemy_runtime.s):02320                 ldx     #ENEMY_ZONE_STAGE
140A CE4DEC           (c/enemy_runtime.s):02321                 ldu     #ENEMY_ZONE_FB
140D 108E0020         (c/enemy_runtime.s):02322                 ldy     #ENEMY_ZONE_ROWS
1411                  (c/enemy_runtime.s):02323         cez_commit_row
1411 EC81             (c/enemy_runtime.s):02324                 ldd     ,x++
1413 EDC1             (c/enemy_runtime.s):02325                 std     ,u++
1415 EC81             (c/enemy_runtime.s):02326                 ldd     ,x++
1417 EDC1             (c/enemy_runtime.s):02327                 std     ,u++
1419 EC81             (c/enemy_runtime.s):02328                 ldd     ,x++
141B EDC1             (c/enemy_runtime.s):02329                 std     ,u++
141D EC81             (c/enemy_runtime.s):02330                 ldd     ,x++
141F EDC1             (c/enemy_runtime.s):02331                 std     ,u++
1421 33C90098         (c/enemy_runtime.s):02332                 leau    152,u
1425 313F             (c/enemy_runtime.s):02333                 leay    -1,y
1427 26E8             (c/enemy_runtime.s):02334                 bne     cez_commit_row
1429 39               (c/enemy_runtime.s):02335                 rts
                      (c/enemy_runtime.s):02336         
                      (c/enemy_runtime.s):02337         ; Animation-only nest damage may update the dormant rectangle directly in
                      (c/enemy_runtime.s):02338         ; hidden BACK. Structural changes and nest-owned active overlap retain the
                      (c/enemy_runtime.s):02339         ; complete 16-by-32 compositor above.
142A                  (c/enemy_runtime.s):02340         compose_enemy_animation
142A 965A             (c/enemy_runtime.s):02341                 lda     VEG_STATE
142C 2614             (c/enemy_runtime.s):02342                 bne     cea_done
142E 9654             (c/enemy_runtime.s):02343                 lda     ENEMY_ANIM
1430 C680             (c/enemy_runtime.s):02344                 ldb     #128
1432 3D               (c/enemy_runtime.s):02345                 mul
1433 C3AD80           (c/enemy_runtime.s):02346                 addd    #ENEMY_NEST_CACHE
1436 1F01             (c/enemy_runtime.s):02347                 tfr     d,x
1438 CE57EC           (c/enemy_runtime.s):02348                 ldu     #ENEMY_FB
143B 108E0010         (c/enemy_runtime.s):02349                 ldy     #16
143F 16FFCF           (c/enemy_runtime.s):02350                 lbra    cez_commit_row
1442                  (c/enemy_runtime.s):02351         cea_done
1442 39               (c/enemy_runtime.s):02352                 rts
                      (c/enemy_runtime.s):02353         
                      (c/enemy_runtime.s):02354         ; Build the clean new player rectangle from the old save-under plus newly
                      (c/enemy_runtime.s):02355         ; exposed edge pixels. Publish the complete new sprite before erasing only the
                      (c/enemy_runtime.s):02356         ; old strips it no longer covers, so scanout never sees a player-free frame.
1443                  (c/enemy_runtime.s):02357         player_compose_impl
1443 9EA2             (c/enemy_runtime.s):02358                 ldx     PLAYER_BG_PTR
1445 CE1880           (c/enemy_runtime.s):02359                 ldu     #PLAYER_OLD_STAGE
1448 108E0040         (c/enemy_runtime.s):02360                 ldy     #64
144C                  (c/enemy_runtime.s):02361         pci_copy_old
144C EC81             (c/enemy_runtime.s):02362                 ldd     ,x++
144E EDC1             (c/enemy_runtime.s):02363                 std     ,u++
1450 313F             (c/enemy_runtime.s):02364                 leay    -1,y
1452 26F8             (c/enemy_runtime.s):02365                 bne     pci_copy_old
1454 DC0B             (c/enemy_runtime.s):02366                 ldd     PLAYER_FB
1456 9367             (c/enemy_runtime.s):02367                 subd    PLAYER_OLD_FB
1458 108300A0         (c/enemy_runtime.s):02368                 cmpd    #160
145C 2C0C             (c/enemy_runtime.s):02369                 bge     pci_down
145E 1083FF60         (c/enemy_runtime.s):02370                 cmpd    #-160
1462 2F11             (c/enemy_runtime.s):02371                 ble     pci_up
1464 D76C             (c/enemy_runtime.s):02372                 stb     PLAYER_DX
1466 0F6D             (c/enemy_runtime.s):02373                 clr     PLAYER_DY
1468 2014             (c/enemy_runtime.s):02374                 bra     pci_build
146A                  (c/enemy_runtime.s):02375         pci_down
146A 830140           (c/enemy_runtime.s):02376                 subd    #320
146D D76C             (c/enemy_runtime.s):02377                 stb     PLAYER_DX
146F 8602             (c/enemy_runtime.s):02378                 lda     #2
1471 976D             (c/enemy_runtime.s):02379                 sta     PLAYER_DY
1473 2009             (c/enemy_runtime.s):02380                 bra     pci_build
1475                  (c/enemy_runtime.s):02381         pci_up
1475 C30140           (c/enemy_runtime.s):02382                 addd    #320
1478 D76C             (c/enemy_runtime.s):02383                 stb     PLAYER_DX
147A 86FE             (c/enemy_runtime.s):02384                 lda     #-2
147C 976D             (c/enemy_runtime.s):02385                 sta     PLAYER_DY
                      (c/enemy_runtime.s):02386         
147E                  (c/enemy_runtime.s):02387         pci_build
147E 9E0B             (c/enemy_runtime.s):02388                 ldx     PLAYER_FB
1480 108E1800         (c/enemy_runtime.s):02389                 ldy     #PLAYER_STAGE
1484 0F6E             (c/enemy_runtime.s):02390                 clr     PLAYER_ROW
1486                  (c/enemy_runtime.s):02391         pci_row
1486 966E             (c/enemy_runtime.s):02392                 lda     PLAYER_ROW
1488 9B6D             (c/enemy_runtime.s):02393                 adda    PLAYER_DY
148A 2B50             (c/enemy_runtime.s):02394                 bmi     pci_visible_row
148C 8110             (c/enemy_runtime.s):02395                 cmpa    #16
148E 244C             (c/enemy_runtime.s):02396                 bhs     pci_visible_row
1490 C608             (c/enemy_runtime.s):02397                 ldb     #8
1492 3D               (c/enemy_runtime.s):02398                 mul
1493 CE1880           (c/enemy_runtime.s):02399                 ldu     #PLAYER_OLD_STAGE
1496 33CB             (c/enemy_runtime.s):02400                 leau    d,u
1498 966C             (c/enemy_runtime.s):02401                 lda     PLAYER_DX
149A 272E             (c/enemy_runtime.s):02402                 beq     pci_old_full
149C 2B16             (c/enemy_runtime.s):02403                 bmi     pci_old_left
                      (c/enemy_runtime.s):02404         
                      (c/enemy_runtime.s):02405                 ; New rectangle is one byte right: old columns 1..7 plus exposed 7.
149E EC41             (c/enemy_runtime.s):02406                 ldd     1,u
14A0 EDA1             (c/enemy_runtime.s):02407                 std     ,y++
14A2 EC43             (c/enemy_runtime.s):02408                 ldd     3,u
14A4 EDA1             (c/enemy_runtime.s):02409                 std     ,y++
14A6 EC45             (c/enemy_runtime.s):02410                 ldd     5,u
14A8 EDA1             (c/enemy_runtime.s):02411                 std     ,y++
14AA A647             (c/enemy_runtime.s):02412                 lda     7,u
14AC A7A0             (c/enemy_runtime.s):02413                 sta     ,y+
14AE A607             (c/enemy_runtime.s):02414                 lda     7,x
14B0 A7A0             (c/enemy_runtime.s):02415                 sta     ,y+
14B2 2038             (c/enemy_runtime.s):02416                 bra     pci_next_row
14B4                  (c/enemy_runtime.s):02417         pci_old_left
                      (c/enemy_runtime.s):02418                 ; New rectangle is one byte left: exposed 0 plus old columns 0..6.
14B4 A684             (c/enemy_runtime.s):02419                 lda     ,x
14B6 A7A0             (c/enemy_runtime.s):02420                 sta     ,y+
14B8 ECC4             (c/enemy_runtime.s):02421                 ldd     ,u
14BA EDA1             (c/enemy_runtime.s):02422                 std     ,y++
14BC EC42             (c/enemy_runtime.s):02423                 ldd     2,u
14BE EDA1             (c/enemy_runtime.s):02424                 std     ,y++
14C0 EC44             (c/enemy_runtime.s):02425                 ldd     4,u
14C2 EDA1             (c/enemy_runtime.s):02426                 std     ,y++
14C4 A646             (c/enemy_runtime.s):02427                 lda     6,u
14C6 A7A0             (c/enemy_runtime.s):02428                 sta     ,y+
14C8 2022             (c/enemy_runtime.s):02429                 bra     pci_next_row
14CA                  (c/enemy_runtime.s):02430         pci_old_full
14CA ECC4             (c/enemy_runtime.s):02431                 ldd     ,u
14CC EDA1             (c/enemy_runtime.s):02432                 std     ,y++
14CE EC42             (c/enemy_runtime.s):02433                 ldd     2,u
14D0 EDA1             (c/enemy_runtime.s):02434                 std     ,y++
14D2 EC44             (c/enemy_runtime.s):02435                 ldd     4,u
14D4 EDA1             (c/enemy_runtime.s):02436                 std     ,y++
14D6 EC46             (c/enemy_runtime.s):02437                 ldd     6,u
14D8 EDA1             (c/enemy_runtime.s):02438                 std     ,y++
14DA 2010             (c/enemy_runtime.s):02439                 bra     pci_next_row
14DC                  (c/enemy_runtime.s):02440         pci_visible_row
14DC EC84             (c/enemy_runtime.s):02441                 ldd     ,x
14DE EDA1             (c/enemy_runtime.s):02442                 std     ,y++
14E0 EC02             (c/enemy_runtime.s):02443                 ldd     2,x
14E2 EDA1             (c/enemy_runtime.s):02444                 std     ,y++
14E4 EC04             (c/enemy_runtime.s):02445                 ldd     4,x
14E6 EDA1             (c/enemy_runtime.s):02446                 std     ,y++
14E8 EC06             (c/enemy_runtime.s):02447                 ldd     6,x
14EA EDA1             (c/enemy_runtime.s):02448                 std     ,y++
14EC                  (c/enemy_runtime.s):02449         pci_next_row
14EC 308900A0         (c/enemy_runtime.s):02450                 leax    160,x
14F0 0C6E             (c/enemy_runtime.s):02451                 inc     PLAYER_ROW
14F2 966E             (c/enemy_runtime.s):02452                 lda     PLAYER_ROW
14F4 8110             (c/enemy_runtime.s):02453                 cmpa    #16
14F6 258E             (c/enemy_runtime.s):02454                 blo     pci_row
                      (c/enemy_runtime.s):02455         
                      (c/enemy_runtime.s):02456                 ; Preserve the clean result before overlaying the selected frame.
14F8 8E1800           (c/enemy_runtime.s):02457                 ldx     #PLAYER_STAGE
14FB DEA2             (c/enemy_runtime.s):02458                 ldu     PLAYER_BG_PTR
14FD 108E0040         (c/enemy_runtime.s):02459                 ldy     #64
1501                  (c/enemy_runtime.s):02460         pci_save_loop
1501 EC81             (c/enemy_runtime.s):02461                 ldd     ,x++
1503 EDC1             (c/enemy_runtime.s):02462                 std     ,u++
1505 313F             (c/enemy_runtime.s):02463                 leay    -1,y
1507 26F8             (c/enemy_runtime.s):02464                 bne     pci_save_loop
1509 8601             (c/enemy_runtime.s):02465                 lda     #1
150B 976A             (c/enemy_runtime.s):02466                 sta     PLAYER_BG_VALID
                      (c/enemy_runtime.s):02467         
150D 9607             (c/enemy_runtime.s):02468                 lda     PLAYER_FACE
150F 48               (c/enemy_runtime.s):02469                 lsla
1510 48               (c/enemy_runtime.s):02470                 lsla
1511 9B4F             (c/enemy_runtime.s):02471                 adda    PLAYER_ANIM
1513 170124           (c/enemy_runtime.s):02472                 lbsr    sparse_player_stream
1516 8E1800           (c/enemy_runtime.s):02473                 ldx     #PLAYER_STAGE
1519 1701A6           (c/enemy_runtime.s):02474                 lbsr    sparse_blit_stage
                      (c/enemy_runtime.s):02475         
                      (c/enemy_runtime.s):02476                 ; Commit the final new rectangle before removing old-only strips.
151C 8E1800           (c/enemy_runtime.s):02477                 ldx     #PLAYER_STAGE
151F DE0B             (c/enemy_runtime.s):02478                 ldu     PLAYER_FB
1521 8610             (c/enemy_runtime.s):02479                 lda     #16
1523 976E             (c/enemy_runtime.s):02480                 sta     PLAYER_ROW
1525                  (c/enemy_runtime.s):02481         pci_commit_row
1525 EC81             (c/enemy_runtime.s):02482                 ldd     ,x++
1527 EDC1             (c/enemy_runtime.s):02483                 std     ,u++
1529 EC81             (c/enemy_runtime.s):02484                 ldd     ,x++
152B EDC1             (c/enemy_runtime.s):02485                 std     ,u++
152D EC81             (c/enemy_runtime.s):02486                 ldd     ,x++
152F EDC1             (c/enemy_runtime.s):02487                 std     ,u++
1531 EC81             (c/enemy_runtime.s):02488                 ldd     ,x++
1533 EDC1             (c/enemy_runtime.s):02489                 std     ,u++
1535 33C90098         (c/enemy_runtime.s):02490                 leau    152,u
1539 0A6E             (c/enemy_runtime.s):02491                 dec     PLAYER_ROW
153B 26E8             (c/enemy_runtime.s):02492                 bne     pci_commit_row
                      (c/enemy_runtime.s):02493         
153D 966D             (c/enemy_runtime.s):02494                 lda     PLAYER_DY
153F 2718             (c/enemy_runtime.s):02495                 beq     pci_horizontal_strip
1541 2B0A             (c/enemy_runtime.s):02496                 bmi     pci_restore_bottom
1543 9E67             (c/enemy_runtime.s):02497                 ldx     PLAYER_OLD_FB
1545 CE1880           (c/enemy_runtime.s):02498                 ldu     #PLAYER_OLD_STAGE
1548 170039           (c/enemy_runtime.s):02499                 lbsr    copy_two_fb_rows
154B 200C             (c/enemy_runtime.s):02500                 bra     pci_horizontal_strip
154D                  (c/enemy_runtime.s):02501         pci_restore_bottom
154D 9E67             (c/enemy_runtime.s):02502                 ldx     PLAYER_OLD_FB
154F 308908C0         (c/enemy_runtime.s):02503                 leax    2240,x
1553 CE18F0           (c/enemy_runtime.s):02504                 ldu     #PLAYER_OLD_STAGE+112
1556 17002B           (c/enemy_runtime.s):02505                 lbsr    copy_two_fb_rows
                      (c/enemy_runtime.s):02506         
1559                  (c/enemy_runtime.s):02507         pci_horizontal_strip
1559 966C             (c/enemy_runtime.s):02508                 lda     PLAYER_DX
155B 2726             (c/enemy_runtime.s):02509                 beq     pci_done
155D 9E67             (c/enemy_runtime.s):02510                 ldx     PLAYER_OLD_FB
155F CE1880           (c/enemy_runtime.s):02511                 ldu     #PLAYER_OLD_STAGE
1562 C610             (c/enemy_runtime.s):02512                 ldb     #16
1564 4D               (c/enemy_runtime.s):02513                 tsta
1565 2B0F             (c/enemy_runtime.s):02514                 bmi     pci_restore_right
1567                  (c/enemy_runtime.s):02515         pci_restore_left_loop
1567 A6C4             (c/enemy_runtime.s):02516                 lda     ,u
1569 A784             (c/enemy_runtime.s):02517                 sta     ,x
156B 308900A0         (c/enemy_runtime.s):02518                 leax    160,x
156F 3348             (c/enemy_runtime.s):02519                 leau    8,u
1571 5A               (c/enemy_runtime.s):02520                 decb
1572 26F3             (c/enemy_runtime.s):02521                 bne     pci_restore_left_loop
1574 200D             (c/enemy_runtime.s):02522                 bra     pci_done
1576                  (c/enemy_runtime.s):02523         pci_restore_right
1576 A647             (c/enemy_runtime.s):02524                 lda     7,u
1578 A707             (c/enemy_runtime.s):02525                 sta     7,x
157A 308900A0         (c/enemy_runtime.s):02526                 leax    160,x
157E 3348             (c/enemy_runtime.s):02527                 leau    8,u
1580 5A               (c/enemy_runtime.s):02528                 decb
1581 26F3             (c/enemy_runtime.s):02529                 bne     pci_restore_right
1583                  (c/enemy_runtime.s):02530         pci_done
1583 39               (c/enemy_runtime.s):02531                 rts
                      (c/enemy_runtime.s):02532         
1584                  (c/enemy_runtime.s):02533         copy_two_fb_rows
1584 108E0002         (c/enemy_runtime.s):02534                 ldy     #2
1588                  (c/enemy_runtime.s):02535         ctfr_row
1588 ECC1             (c/enemy_runtime.s):02536                 ldd     ,u++
158A ED81             (c/enemy_runtime.s):02537                 std     ,x++
158C ECC1             (c/enemy_runtime.s):02538                 ldd     ,u++
158E ED81             (c/enemy_runtime.s):02539                 std     ,x++
1590 ECC1             (c/enemy_runtime.s):02540                 ldd     ,u++
1592 ED81             (c/enemy_runtime.s):02541                 std     ,x++
1594 ECC1             (c/enemy_runtime.s):02542                 ldd     ,u++
1596 ED81             (c/enemy_runtime.s):02543                 std     ,x++
1598 30890098         (c/enemy_runtime.s):02544                 leax    152,x
159C 313F             (c/enemy_runtime.s):02545                 leay    -1,y
159E 26E8             (c/enemy_runtime.s):02546                 bne     ctfr_row
15A0 39               (c/enemy_runtime.s):02547                 rts
                      (c/enemy_runtime.s):02548         
                      (c/enemy_runtime.s):02549         ; Render a gate transition against hidden physical framebuffer pages $2C-$2F.
                      (c/enemy_runtime.s):02550         ; The GIME continues scanning live pages $30-$33. Only the exact gate union and
                      (c/enemy_runtime.s):02551         ; player footprint are copied in and published; all resident drawing code runs
                      (c/enemy_runtime.s):02552         ; unchanged through the temporary PAR1-PAR4 mapping.
15A1                  (c/enemy_runtime.s):02553         gate_compose_impl
15A1 9688             (c/enemy_runtime.s):02554                 lda     RENDER_GATE_ID
15A3 2712             (c/enemy_runtime.s):02555                 beq     gci_done
                      (c/enemy_runtime.s):02556                 ifne    PERSISTENT_FB
15A5 0D6F             (c/enemy_runtime.s):02557                 tst     GATE_COMPOSE_MODE
15A7 2605             (c/enemy_runtime.s):02558                 bne     gci_final
15A9 BDCF1D           (c/enemy_runtime.s):02559                 jsr     draw_gate_transition
15AC 2006             (c/enemy_runtime.s):02560                 bra     gci_mark_overlap
15AE                  (c/enemy_runtime.s):02561         gci_final
15AE BDD01C           (c/enemy_runtime.s):02562                 jsr     restore_gate_diagonal_dots
15B1 BDCF1D           (c/enemy_runtime.s):02563                 jsr     draw_gate_transition
15B4                  (c/enemy_runtime.s):02564         gci_mark_overlap
15B4 BDD1A4           (c/enemy_runtime.s):02565                 jsr     mark_gate_enemy_overlap
                      (c/enemy_runtime.s):02566                 else
                      (c/enemy_runtime.s):02567                 deca
                      (c/enemy_runtime.s):02568                 sta     GATE_WORK_ID
                      (c/enemy_runtime.s):02569                 sta     GATE_ID
                      (c/enemy_runtime.s):02570                 lbsr    gate_compute_region
                      (c/enemy_runtime.s):02571                 lbsr    gate_region_to_shadow
                      (c/enemy_runtime.s):02572                 lbsr    gate_set_player_region
                      (c/enemy_runtime.s):02573                 lbsr    gate_region_to_shadow
                      (c/enemy_runtime.s):02574                 lbsr    gate_map_shadow
                      (c/enemy_runtime.s):02575                 jsr     gate_render_hidden
                      (c/enemy_runtime.s):02576                 lbsr    gate_map_live
                      (c/enemy_runtime.s):02577                 lda     GATE_WORK_ID
                      (c/enemy_runtime.s):02578                 sta     GATE_ID
                      (c/enemy_runtime.s):02579                 lbsr    gate_compute_region
                      (c/enemy_runtime.s):02580                 lbsr    gate_region_from_shadow
                      (c/enemy_runtime.s):02581                 lbsr    gate_set_player_region
                      (c/enemy_runtime.s):02582                 lbsr    gate_region_from_shadow
                      (c/enemy_runtime.s):02583                 endc
15B7                  (c/enemy_runtime.s):02584         gci_done
15B7 8634             (c/enemy_runtime.s):02585                 lda     #$34
15B9 B7FFA5           (c/enemy_runtime.s):02586                 sta     GIME_PAR5
15BC 39               (c/enemy_runtime.s):02587                 rts
                      (c/enemy_runtime.s):02588         
                      (c/enemy_runtime.s):02589                 ifeq    PERSISTENT_FB
15BD                  (c/enemy_runtime.s):02590         gate_compute_region
                      (c/enemy_runtime.s):02591                 lda     GATE_WORK_ID
                      (c/enemy_runtime.s):02592                 ldb     #3
                      (c/enemy_runtime.s):02593                 mul
                      (c/enemy_runtime.s):02594                 ldx     #maze_gates
                      (c/enemy_runtime.s):02595                 leax    d,x
                      (c/enemy_runtime.s):02596                 lda     ,x
                      (c/enemy_runtime.s):02597                 sta     GATE_X
                      (c/enemy_runtime.s):02598                 suba    #2
                      (c/enemy_runtime.s):02599                 sta     GATE_START_X
                      (c/enemy_runtime.s):02600                 lda     GATE_X
                      (c/enemy_runtime.s):02601                 inca
                      (c/enemy_runtime.s):02602                 sta     GATE_END_X
                      (c/enemy_runtime.s):02603                 lda     1,x
                      (c/enemy_runtime.s):02604                 sta     GATE_Y
                      (c/enemy_runtime.s):02605                 suba    #2
                      (c/enemy_runtime.s):02606                 sta     GATE_START_Y
                      (c/enemy_runtime.s):02607                 lda     GATE_Y
                      (c/enemy_runtime.s):02608                 inca
                      (c/enemy_runtime.s):02609                 sta     GATE_END_Y
                      (c/enemy_runtime.s):02610         
                      (c/enemy_runtime.s):02611                 ldx     #gate_redraw_neighbors
                      (c/enemy_runtime.s):02612                 ldb     GATE_WORK_ID
                      (c/enemy_runtime.s):02613                 lda     b,x
                      (c/enemy_runtime.s):02614                 beq     gcr_dimensions
                      (c/enemy_runtime.s):02615                 deca
                      (c/enemy_runtime.s):02616                 ldb     #3
                      (c/enemy_runtime.s):02617                 mul
                      (c/enemy_runtime.s):02618                 ldx     #maze_gates
                      (c/enemy_runtime.s):02619                 leax    d,x
                      (c/enemy_runtime.s):02620                 lda     ,x
                      (c/enemy_runtime.s):02621                 suba    #2
                      (c/enemy_runtime.s):02622                 cmpa    GATE_START_X
                      (c/enemy_runtime.s):02623                 bhs     gcr_neighbor_end_x
                      (c/enemy_runtime.s):02624                 sta     GATE_START_X
15BD                  (c/enemy_runtime.s):02625         gcr_neighbor_end_x
                      (c/enemy_runtime.s):02626                 lda     ,x
                      (c/enemy_runtime.s):02627                 inca
                      (c/enemy_runtime.s):02628                 cmpa    GATE_END_X
                      (c/enemy_runtime.s):02629                 bls     gcr_neighbor_start_y
                      (c/enemy_runtime.s):02630                 sta     GATE_END_X
15BD                  (c/enemy_runtime.s):02631         gcr_neighbor_start_y
                      (c/enemy_runtime.s):02632                 lda     1,x
                      (c/enemy_runtime.s):02633                 suba    #2
                      (c/enemy_runtime.s):02634                 cmpa    GATE_START_Y
                      (c/enemy_runtime.s):02635                 bhs     gcr_neighbor_end_y
                      (c/enemy_runtime.s):02636                 sta     GATE_START_Y
15BD                  (c/enemy_runtime.s):02637         gcr_neighbor_end_y
                      (c/enemy_runtime.s):02638                 lda     1,x
                      (c/enemy_runtime.s):02639                 inca
                      (c/enemy_runtime.s):02640                 cmpa    GATE_END_Y
                      (c/enemy_runtime.s):02641                 bls     gcr_dimensions
                      (c/enemy_runtime.s):02642                 sta     GATE_END_Y
                      (c/enemy_runtime.s):02643         
15BD                  (c/enemy_runtime.s):02644         gcr_dimensions
                      (c/enemy_runtime.s):02645                 lda     GATE_END_X
                      (c/enemy_runtime.s):02646                 suba    GATE_START_X
                      (c/enemy_runtime.s):02647                 inca
                      (c/enemy_runtime.s):02648                 lsla
                      (c/enemy_runtime.s):02649                 lsla
                      (c/enemy_runtime.s):02650                 sta     GATE_RECT_WIDTH
                      (c/enemy_runtime.s):02651                 lda     GATE_END_Y
                      (c/enemy_runtime.s):02652                 suba    GATE_START_Y
                      (c/enemy_runtime.s):02653                 inca
                      (c/enemy_runtime.s):02654                 lsla
                      (c/enemy_runtime.s):02655                 lsla
                      (c/enemy_runtime.s):02656                 lsla
                      (c/enemy_runtime.s):02657                 sta     GATE_RECT_ROWS
                      (c/enemy_runtime.s):02658         
                      (c/enemy_runtime.s):02659                 lda     GATE_START_Y
                      (c/enemy_runtime.s):02660                 ldb     #5
                      (c/enemy_runtime.s):02661                 mul
                      (c/enemy_runtime.s):02662                 tfr     b,a
                      (c/enemy_runtime.s):02663                 clrb
                      (c/enemy_runtime.s):02664                 addd    #$2000
                      (c/enemy_runtime.s):02665                 std     GATE_RECT_FB
                      (c/enemy_runtime.s):02666                 lda     GATE_START_X
                      (c/enemy_runtime.s):02667                 adda    #8
                      (c/enemy_runtime.s):02668                 lsla
                      (c/enemy_runtime.s):02669                 lsla
                      (c/enemy_runtime.s):02670                 tfr     a,b
                      (c/enemy_runtime.s):02671                 clra
                      (c/enemy_runtime.s):02672                 addd    GATE_RECT_FB
                      (c/enemy_runtime.s):02673                 std     GATE_RECT_FB
                      (c/enemy_runtime.s):02674                 rts
                      (c/enemy_runtime.s):02675         
15BD                  (c/enemy_runtime.s):02676         gate_set_player_region
                      (c/enemy_runtime.s):02677                 ldd     PLAYER_FB
                      (c/enemy_runtime.s):02678                 std     GATE_RECT_FB
                      (c/enemy_runtime.s):02679                 lda     #8
                      (c/enemy_runtime.s):02680                 sta     GATE_RECT_WIDTH
                      (c/enemy_runtime.s):02681                 lda     #16
                      (c/enemy_runtime.s):02682                 sta     GATE_RECT_ROWS
                      (c/enemy_runtime.s):02683                 rts
                      (c/enemy_runtime.s):02684         
15BD                  (c/enemy_runtime.s):02685         gate_map_shadow
                      (c/enemy_runtime.s):02686                 lda     #FB_SCRATCH_PAGE0
                      (c/enemy_runtime.s):02687                 sta     GIME_PAR1
                      (c/enemy_runtime.s):02688                 inca
                      (c/enemy_runtime.s):02689                 sta     GIME_PAR1+1
                      (c/enemy_runtime.s):02690                 inca
                      (c/enemy_runtime.s):02691                 sta     GIME_PAR1+2
                      (c/enemy_runtime.s):02692                 inca
                      (c/enemy_runtime.s):02693                 sta     GIME_PAR1+3
                      (c/enemy_runtime.s):02694                 rts
                      (c/enemy_runtime.s):02695                 endc
                      (c/enemy_runtime.s):02696         
15BD                  (c/enemy_runtime.s):02697         gate_map_live
15BD 8630             (c/enemy_runtime.s):02698                 lda     #LIVE_PAGE0
                      (c/enemy_runtime.s):02699                 ifne    PERSISTENT_FB
15BF 0D9A             (c/enemy_runtime.s):02700                 tst     FB_INIT_STATE
15C1 2706             (c/enemy_runtime.s):02701                 beq     gml_map
15C3 0D90             (c/enemy_runtime.s):02702                 tst     FB_BACK_ID
15C5 2702             (c/enemy_runtime.s):02703                 beq     gml_map
15C7 862C             (c/enemy_runtime.s):02704                 lda     #FB_B_PAGE0
15C9                  (c/enemy_runtime.s):02705         gml_map
                      (c/enemy_runtime.s):02706                 endc
15C9 B7FFA1           (c/enemy_runtime.s):02707                 sta     GIME_PAR1
15CC 4C               (c/enemy_runtime.s):02708                 inca
15CD B7FFA2           (c/enemy_runtime.s):02709                 sta     GIME_PAR1+1
15D0 4C               (c/enemy_runtime.s):02710                 inca
15D1 B7FFA3           (c/enemy_runtime.s):02711                 sta     GIME_PAR1+2
15D4 4C               (c/enemy_runtime.s):02712                 inca
15D5 B7FFA4           (c/enemy_runtime.s):02713                 sta     GIME_PAR1+3
15D8 39               (c/enemy_runtime.s):02714                 rts
                      (c/enemy_runtime.s):02715         
                      (c/enemy_runtime.s):02716         ; X is a live framebuffer address. Map the corresponding shadow physical page
                      (c/enemy_runtime.s):02717         ; at $A000 and return U at the identical offset inside that page.
                      (c/enemy_runtime.s):02718                 ifeq    PERSISTENT_FB
15D9                  (c/enemy_runtime.s):02719         gate_map_shadow_window
                      (c/enemy_runtime.s):02720                 tfr     x,d
                      (c/enemy_runtime.s):02721                 cmpa    #$40
                      (c/enemy_runtime.s):02722                 blo     gmsw_page0
                      (c/enemy_runtime.s):02723                 cmpa    #$60
                      (c/enemy_runtime.s):02724                 blo     gmsw_page1
                      (c/enemy_runtime.s):02725                 cmpa    #$80
                      (c/enemy_runtime.s):02726                 blo     gmsw_page2
                      (c/enemy_runtime.s):02727                 lda     #FB_SCRATCH_PAGE0+3
                      (c/enemy_runtime.s):02728                 bra     gmsw_map
15D9                  (c/enemy_runtime.s):02729         gmsw_page0
                      (c/enemy_runtime.s):02730                 lda     #FB_SCRATCH_PAGE0
                      (c/enemy_runtime.s):02731                 bra     gmsw_map
15D9                  (c/enemy_runtime.s):02732         gmsw_page1
                      (c/enemy_runtime.s):02733                 lda     #FB_SCRATCH_PAGE0+1
                      (c/enemy_runtime.s):02734                 bra     gmsw_map
15D9                  (c/enemy_runtime.s):02735         gmsw_page2
                      (c/enemy_runtime.s):02736                 lda     #FB_SCRATCH_PAGE0+2
15D9                  (c/enemy_runtime.s):02737         gmsw_map
                      (c/enemy_runtime.s):02738                 sta     GATE_SHADOW_PAGE
                      (c/enemy_runtime.s):02739                 sta     GIME_PAR5
                      (c/enemy_runtime.s):02740                 tfr     x,d
                      (c/enemy_runtime.s):02741                 anda    #$1F
                      (c/enemy_runtime.s):02742                 addd    #$A000
                      (c/enemy_runtime.s):02743                 tfr     d,u
                      (c/enemy_runtime.s):02744                 rts
                      (c/enemy_runtime.s):02745         
15D9                  (c/enemy_runtime.s):02746         gate_region_to_shadow
                      (c/enemy_runtime.s):02747                 ldx     GATE_RECT_FB
                      (c/enemy_runtime.s):02748                 lda     GATE_RECT_ROWS
                      (c/enemy_runtime.s):02749                 sta     GATE_COPY_ROWS
                      (c/enemy_runtime.s):02750                 lbsr    gate_map_shadow_window
15D9                  (c/enemy_runtime.s):02751         grts_row
                      (c/enemy_runtime.s):02752                 lda     GATE_RECT_WIDTH
                      (c/enemy_runtime.s):02753                 sta     GATE_COPY_COUNT
15D9                  (c/enemy_runtime.s):02754         grts_byte
                      (c/enemy_runtime.s):02755                 lda     ,x+
                      (c/enemy_runtime.s):02756                 sta     ,u+
                      (c/enemy_runtime.s):02757                 cmpu    #$C000
                      (c/enemy_runtime.s):02758                 bne     grts_byte_done
                      (c/enemy_runtime.s):02759                 inc     GATE_SHADOW_PAGE
                      (c/enemy_runtime.s):02760                 lda     GATE_SHADOW_PAGE
                      (c/enemy_runtime.s):02761                 sta     GIME_PAR5
                      (c/enemy_runtime.s):02762                 ldu     #$A000
15D9                  (c/enemy_runtime.s):02763         grts_byte_done
                      (c/enemy_runtime.s):02764                 dec     GATE_COPY_COUNT
                      (c/enemy_runtime.s):02765                 bne     grts_byte
                      (c/enemy_runtime.s):02766                 dec     GATE_COPY_ROWS
                      (c/enemy_runtime.s):02767                 beq     grts_done
                      (c/enemy_runtime.s):02768                 ldb     #160
                      (c/enemy_runtime.s):02769                 subb    GATE_RECT_WIDTH
                      (c/enemy_runtime.s):02770                 abx
                      (c/enemy_runtime.s):02771                 clra
                      (c/enemy_runtime.s):02772                 leau    d,u
                      (c/enemy_runtime.s):02773                 cmpu    #$C000
                      (c/enemy_runtime.s):02774                 blo     grts_row
                      (c/enemy_runtime.s):02775                 leau    -$2000,u
                      (c/enemy_runtime.s):02776                 inc     GATE_SHADOW_PAGE
                      (c/enemy_runtime.s):02777                 lda     GATE_SHADOW_PAGE
                      (c/enemy_runtime.s):02778                 sta     GIME_PAR5
                      (c/enemy_runtime.s):02779                 bra     grts_row
15D9                  (c/enemy_runtime.s):02780         grts_done
                      (c/enemy_runtime.s):02781                 lda     #$34
                      (c/enemy_runtime.s):02782                 sta     GIME_PAR5
                      (c/enemy_runtime.s):02783                 rts
                      (c/enemy_runtime.s):02784         
15D9                  (c/enemy_runtime.s):02785         gate_region_from_shadow
                      (c/enemy_runtime.s):02786                 ldx     GATE_RECT_FB
                      (c/enemy_runtime.s):02787                 lda     GATE_RECT_ROWS
                      (c/enemy_runtime.s):02788                 sta     GATE_COPY_ROWS
                      (c/enemy_runtime.s):02789                 lbsr    gate_map_shadow_window
15D9                  (c/enemy_runtime.s):02790         grfs_row
                      (c/enemy_runtime.s):02791                 lda     GATE_RECT_WIDTH
                      (c/enemy_runtime.s):02792                 sta     GATE_COPY_COUNT
15D9                  (c/enemy_runtime.s):02793         grfs_byte
                      (c/enemy_runtime.s):02794                 lda     ,u+
                      (c/enemy_runtime.s):02795                 sta     ,x+
                      (c/enemy_runtime.s):02796                 cmpu    #$C000
                      (c/enemy_runtime.s):02797                 bne     grfs_byte_done
                      (c/enemy_runtime.s):02798                 inc     GATE_SHADOW_PAGE
                      (c/enemy_runtime.s):02799                 lda     GATE_SHADOW_PAGE
                      (c/enemy_runtime.s):02800                 sta     GIME_PAR5
                      (c/enemy_runtime.s):02801                 ldu     #$A000
15D9                  (c/enemy_runtime.s):02802         grfs_byte_done
                      (c/enemy_runtime.s):02803                 dec     GATE_COPY_COUNT
                      (c/enemy_runtime.s):02804                 bne     grfs_byte
                      (c/enemy_runtime.s):02805                 dec     GATE_COPY_ROWS
                      (c/enemy_runtime.s):02806                 beq     grfs_done
                      (c/enemy_runtime.s):02807                 ldb     #160
                      (c/enemy_runtime.s):02808                 subb    GATE_RECT_WIDTH
                      (c/enemy_runtime.s):02809                 abx
                      (c/enemy_runtime.s):02810                 clra
                      (c/enemy_runtime.s):02811                 leau    d,u
                      (c/enemy_runtime.s):02812                 cmpu    #$C000
                      (c/enemy_runtime.s):02813                 blo     grfs_row
                      (c/enemy_runtime.s):02814                 leau    -$2000,u
                      (c/enemy_runtime.s):02815                 inc     GATE_SHADOW_PAGE
                      (c/enemy_runtime.s):02816                 lda     GATE_SHADOW_PAGE
                      (c/enemy_runtime.s):02817                 sta     GIME_PAR5
                      (c/enemy_runtime.s):02818                 bra     grfs_row
15D9                  (c/enemy_runtime.s):02819         grfs_done
                      (c/enemy_runtime.s):02820                 lda     #$34
                      (c/enemy_runtime.s):02821                 sta     GIME_PAR5
                      (c/enemy_runtime.s):02822                 rts
                      (c/enemy_runtime.s):02823                 endc
                      (c/enemy_runtime.s):02824         
15D9                  (c/enemy_runtime.s):02825         draw_enemy_stage
15D9 170007           (c/enemy_runtime.s):02826                 lbsr    enemy_frame_number
15DC 17004B           (c/enemy_runtime.s):02827                 lbsr    sparse_enemy_stream
15DF 1700E0           (c/enemy_runtime.s):02828                 lbsr    sparse_blit_stage
15E2 39               (c/enemy_runtime.s):02829                 rts
                      (c/enemy_runtime.s):02830         
                      (c/enemy_runtime.s):02831         ; Return the indexed sparse frame number in A. B is N/E/S/W. Parts 1-8 use
                      (c/enemy_runtime.s):02832         ; one type each; later parts rotate four adjacent types across active records.
15E3                  (c/enemy_runtime.s):02833         enemy_frame_number
15E3 C104             (c/enemy_runtime.s):02834                 cmpb    #4
15E5 2501             (c/enemy_runtime.s):02835                 blo     efn_direction_ready
15E7 5F               (c/enemy_runtime.s):02836                 clrb
15E8                  (c/enemy_runtime.s):02837         efn_direction_ready
15E8 D766             (c/enemy_runtime.s):02838                 stb     STAGE_SOURCE
15EA 8604             (c/enemy_runtime.s):02839                 lda     #4
15EC 905D             (c/enemy_runtime.s):02840                 suba    ENEMY_WORK
15EE 8104             (c/enemy_runtime.s):02841                 cmpa    #4
15F0 2302             (c/enemy_runtime.s):02842                 bls     efn_slot_ready
15F2 8604             (c/enemy_runtime.s):02843                 lda     #4
15F4                  (c/enemy_runtime.s):02844         efn_slot_ready
15F4 9764             (c/enemy_runtime.s):02845                 sta     STAGE_COUNT
15F6 9624             (c/enemy_runtime.s):02846                 lda     STAGE
15F8 8109             (c/enemy_runtime.s):02847                 cmpa    #9
15FA 2517             (c/enemy_runtime.s):02848                 blo     efn_type_ready
15FC 4A               (c/enemy_runtime.s):02849                 deca
15FD 8407             (c/enemy_runtime.s):02850                 anda    #7
15FF 8105             (c/enemy_runtime.s):02851                 cmpa    #5
1601 2502             (c/enemy_runtime.s):02852                 blo     efn_offset_ready
1603 8005             (c/enemy_runtime.s):02853                 suba    #5
1605                  (c/enemy_runtime.s):02854         efn_offset_ready
1605 9765             (c/enemy_runtime.s):02855                 sta     STAGE_PIXEL
1607 8604             (c/enemy_runtime.s):02856                 lda     #4
1609 905D             (c/enemy_runtime.s):02857                 suba    ENEMY_WORK
160B 8104             (c/enemy_runtime.s):02858                 cmpa    #4
160D 2501             (c/enemy_runtime.s):02859                 blo     efn_record_ready
160F 4F               (c/enemy_runtime.s):02860                 clra
1610                  (c/enemy_runtime.s):02861         efn_record_ready
1610 9B65             (c/enemy_runtime.s):02862                 adda    STAGE_PIXEL
1612 4C               (c/enemy_runtime.s):02863                 inca
1613                  (c/enemy_runtime.s):02864         efn_type_ready
1613 4A               (c/enemy_runtime.s):02865                 deca
1614 48               (c/enemy_runtime.s):02866                 lsla
1615 48               (c/enemy_runtime.s):02867                 lsla
1616 9B66             (c/enemy_runtime.s):02868                 adda    STAGE_SOURCE
1618 48               (c/enemy_runtime.s):02869                 lsla
1619 48               (c/enemy_runtime.s):02870                 lsla
161A 9A54             (c/enemy_runtime.s):02871                 ora     ENEMY_ANIM
161C 39               (c/enemy_runtime.s):02872                 rts
                      (c/enemy_runtime.s):02873         
                      (c/enemy_runtime.s):02874         ; player_draw_impl: draw the selected player stream into BACK.
                      (c/enemy_runtime.s):02875         ;
                      (c/enemy_runtime.s):02876         ; Inputs:
                      (c/enemy_runtime.s):02877         ;   PLAYER_FACE - direction 0..3
                      (c/enemy_runtime.s):02878         ;   PLAYER_ANIM - animation phase 0..3
                      (c/enemy_runtime.s):02879         ;   X - destination framebuffer address
                      (c/enemy_runtime.s):02880         ;
                      (c/enemy_runtime.s):02881         ; Returns:
                      (c/enemy_runtime.s):02882         ;   A, B, X, Y, U, CC - undefined
                      (c/enemy_runtime.s):02883         ;
                      (c/enemy_runtime.s):02884         ; Side effects:
                      (c/enemy_runtime.s):02885         ;   Temporarily maps PAR5 to the indexed player stream and restores page $34.
161D                  (c/enemy_runtime.s):02886         player_draw_impl
161D 9607             (c/enemy_runtime.s):02887                 lda     PLAYER_FACE
161F 48               (c/enemy_runtime.s):02888                 lsla
1620 48               (c/enemy_runtime.s):02889                 lsla
1621 9B4F             (c/enemy_runtime.s):02890                 adda    PLAYER_ANIM
1623 170014           (c/enemy_runtime.s):02891                 lbsr    sparse_player_stream
1626 170021           (c/enemy_runtime.s):02892                 lbsr    sparse_blit_fb
1629 39               (c/enemy_runtime.s):02893                 rts
                      (c/enemy_runtime.s):02894         
                      (c/enemy_runtime.s):02895         ; Resolve A's always-mapped enemy index entry and map its stream page.
162A                  (c/enemy_runtime.s):02896         sparse_enemy_stream
162A C603             (c/enemy_runtime.s):02897                 ldb     #3
162C 3D               (c/enemy_runtime.s):02898                 mul
162D CE0500           (c/enemy_runtime.s):02899                 ldu     #SPARSE_ENEMY_INDEX_ADDR
1630 33CB             (c/enemy_runtime.s):02900                 leau    d,u
1632 A6C4             (c/enemy_runtime.s):02901                 lda     ,u
1634 B7FFA5           (c/enemy_runtime.s):02902                 sta     GIME_PAR5
1637 EE41             (c/enemy_runtime.s):02903                 ldu     1,u
1639 39               (c/enemy_runtime.s):02904                 rts
                      (c/enemy_runtime.s):02905         
                      (c/enemy_runtime.s):02906         ; Resolve A's always-mapped player index entry and map its stream page.
163A                  (c/enemy_runtime.s):02907         sparse_player_stream
163A C603             (c/enemy_runtime.s):02908                 ldb     #3
163C 3D               (c/enemy_runtime.s):02909                 mul
163D CE0680           (c/enemy_runtime.s):02910                 ldu     #SPARSE_PLAYER_INDEX_ADDR
1640 33CB             (c/enemy_runtime.s):02911                 leau    d,u
1642 A6C4             (c/enemy_runtime.s):02912                 lda     ,u
1644 B7FFA5           (c/enemy_runtime.s):02913                 sta     GIME_PAR5
1647 EE41             (c/enemy_runtime.s):02914                 ldu     1,u
1649 39               (c/enemy_runtime.s):02915                 rts
                      (c/enemy_runtime.s):02916         
                      (c/enemy_runtime.s):02917         ; Decode shared destination deltas into the mapped BACK framebuffer.
164A                  (c/enemy_runtime.s):02918         sparse_blit_fb
164A 200D             (c/enemy_runtime.s):02919                 bra     sbf_delta
164C                  (c/enemy_runtime.s):02920         sbf_partial
164C C47F             (c/enemy_runtime.s):02921                 andb    #$7F
164E                  (c/enemy_runtime.s):02922         sbf_partial_byte
164E A6C0             (c/enemy_runtime.s):02923                 lda     ,u+
1650 A484             (c/enemy_runtime.s):02924                 anda    ,x
1652 AAC0             (c/enemy_runtime.s):02925                 ora     ,u+
1654 A780             (c/enemy_runtime.s):02926                 sta     ,x+
1656 5A               (c/enemy_runtime.s):02927                 decb
1657 26F5             (c/enemy_runtime.s):02928                 bne     sbf_partial_byte
1659                  (c/enemy_runtime.s):02929         sbf_delta
1659 E6C0             (c/enemy_runtime.s):02930                 ldb     ,u+
165B C1FF             (c/enemy_runtime.s):02931                 cmpb    #$FF
165D 2753             (c/enemy_runtime.s):02932                 beq     sbf_extended
165F 3A               (c/enemy_runtime.s):02933                 abx
1660                  (c/enemy_runtime.s):02934         sbf_command
1660 E6C0             (c/enemy_runtime.s):02935                 ldb     ,u+
1662 2BE8             (c/enemy_runtime.s):02936                 bmi     sbf_partial
1664 C105             (c/enemy_runtime.s):02937                 cmpb    #5
1666 271B             (c/enemy_runtime.s):02938                 beq     sbf_opaque5
1668 C104             (c/enemy_runtime.s):02939                 cmpb    #4
166A 250F             (c/enemy_runtime.s):02940                 blo     sbf_opaque_small
166C 2735             (c/enemy_runtime.s):02941                 beq     sbf_opaque4
166E C106             (c/enemy_runtime.s):02942                 cmpb    #6
1670 2724             (c/enemy_runtime.s):02943                 beq     sbf_opaque6
1672                  (c/enemy_runtime.s):02944         sbf_opaque_byte
1672 A6C0             (c/enemy_runtime.s):02945                 lda     ,u+
1674 A780             (c/enemy_runtime.s):02946                 sta     ,x+
1676 5A               (c/enemy_runtime.s):02947                 decb
1677 26F9             (c/enemy_runtime.s):02948                 bne     sbf_opaque_byte
1679 20DE             (c/enemy_runtime.s):02949                 bra     sbf_delta
167B                  (c/enemy_runtime.s):02950         sbf_opaque_small
167B C102             (c/enemy_runtime.s):02951                 cmpb    #2
167D 272D             (c/enemy_runtime.s):02952                 beq     sbf_opaque2
167F 2509             (c/enemy_runtime.s):02953                 blo     sbf_opaque1
1681 200D             (c/enemy_runtime.s):02954                 bra     sbf_opaque3
1683                  (c/enemy_runtime.s):02955         sbf_opaque5
1683 3726             (c/enemy_runtime.s):02956                 pulu    d,y
1685 ED81             (c/enemy_runtime.s):02957                 std     ,x++
1687 10AF81           (c/enemy_runtime.s):02958                 sty     ,x++
168A                  (c/enemy_runtime.s):02959         sbf_opaque1
168A A6C0             (c/enemy_runtime.s):02960                 lda     ,u+
168C A780             (c/enemy_runtime.s):02961                 sta     ,x+
168E 20C9             (c/enemy_runtime.s):02962                 bra     sbf_delta
1690                  (c/enemy_runtime.s):02963         sbf_opaque3
1690 ECC1             (c/enemy_runtime.s):02964                 ldd     ,u++
1692 ED81             (c/enemy_runtime.s):02965                 std     ,x++
1694 20F4             (c/enemy_runtime.s):02966                 bra     sbf_opaque1
1696                  (c/enemy_runtime.s):02967         sbf_opaque6
1696 3726             (c/enemy_runtime.s):02968                 pulu    d,y
1698 ED81             (c/enemy_runtime.s):02969                 std     ,x++
169A 10AF81           (c/enemy_runtime.s):02970                 sty     ,x++
169D ECC1             (c/enemy_runtime.s):02971                 ldd     ,u++
169F ED81             (c/enemy_runtime.s):02972                 std     ,x++
16A1 20B6             (c/enemy_runtime.s):02973                 bra     sbf_delta
16A3                  (c/enemy_runtime.s):02974         sbf_opaque4
16A3 3726             (c/enemy_runtime.s):02975                 pulu    d,y
16A5 ED81             (c/enemy_runtime.s):02976                 std     ,x++
16A7 10AF81           (c/enemy_runtime.s):02977                 sty     ,x++
16AA 20AD             (c/enemy_runtime.s):02978                 bra     sbf_delta
16AC                  (c/enemy_runtime.s):02979         sbf_opaque2
16AC ECC1             (c/enemy_runtime.s):02980                 ldd     ,u++
16AE ED81             (c/enemy_runtime.s):02981                 std     ,x++
16B0 20A7             (c/enemy_runtime.s):02982                 bra     sbf_delta
16B2                  (c/enemy_runtime.s):02983         sbf_extended
16B2 ECC1             (c/enemy_runtime.s):02984                 ldd     ,u++
16B4 2706             (c/enemy_runtime.s):02985                 beq     sparse_decode_done
16B6 308B             (c/enemy_runtime.s):02986                 leax    d,x
16B8 3341             (c/enemy_runtime.s):02987                 leau    1,u
16BA 20A4             (c/enemy_runtime.s):02988                 bra     sbf_command
                      (c/enemy_runtime.s):02989         
16BC                  (c/enemy_runtime.s):02990         sparse_decode_done
16BC 8634             (c/enemy_runtime.s):02991                 lda     #$34
16BE B7FFA5           (c/enemy_runtime.s):02992                 sta     GIME_PAR5
16C1 39               (c/enemy_runtime.s):02993                 rts
                      (c/enemy_runtime.s):02994         
                      (c/enemy_runtime.s):02995         ; Decode shared destination deltas into the 8-byte-wide actor stage.
16C2                  (c/enemy_runtime.s):02996         sparse_blit_stage
16C2                  (c/enemy_runtime.s):02997         sbs_delta
16C2 E6C0             (c/enemy_runtime.s):02998                 ldb     ,u+
16C4 C1FF             (c/enemy_runtime.s):02999                 cmpb    #$FF
16C6 2723             (c/enemy_runtime.s):03000                 beq     sbs_extended
16C8 C580             (c/enemy_runtime.s):03001                 bitb    #$80
16CA 2702             (c/enemy_runtime.s):03002                 beq     sbs_add_delta
16CC C098             (c/enemy_runtime.s):03003                 subb    #152
16CE                  (c/enemy_runtime.s):03004         sbs_add_delta
16CE 3A               (c/enemy_runtime.s):03005                 abx
16CF                  (c/enemy_runtime.s):03006         sbs_command
16CF E6C0             (c/enemy_runtime.s):03007                 ldb     ,u+
16D1 2B09             (c/enemy_runtime.s):03008                 bmi     sbs_partial
16D3                  (c/enemy_runtime.s):03009         sbs_opaque_byte
16D3 A6C0             (c/enemy_runtime.s):03010                 lda     ,u+
16D5 A780             (c/enemy_runtime.s):03011                 sta     ,x+
16D7 5A               (c/enemy_runtime.s):03012                 decb
16D8 26F9             (c/enemy_runtime.s):03013                 bne     sbs_opaque_byte
16DA 20E6             (c/enemy_runtime.s):03014                 bra     sbs_delta
16DC                  (c/enemy_runtime.s):03015         sbs_partial
16DC C47F             (c/enemy_runtime.s):03016                 andb    #$7F
16DE                  (c/enemy_runtime.s):03017         sbs_partial_byte
16DE A6C0             (c/enemy_runtime.s):03018                 lda     ,u+
16E0 A484             (c/enemy_runtime.s):03019                 anda    ,x
16E2 AAC0             (c/enemy_runtime.s):03020                 ora     ,u+
16E4 A780             (c/enemy_runtime.s):03021                 sta     ,x+
16E6 5A               (c/enemy_runtime.s):03022                 decb
16E7 26F5             (c/enemy_runtime.s):03023                 bne     sbs_partial_byte
16E9 20D7             (c/enemy_runtime.s):03024                 bra     sbs_delta
16EB                  (c/enemy_runtime.s):03025         sbs_extended
16EB ECC1             (c/enemy_runtime.s):03026                 ldd     ,u++
16ED 27CD             (c/enemy_runtime.s):03027                 beq     sparse_decode_done
16EF E6C0             (c/enemy_runtime.s):03028                 ldb     ,u+
16F1 3A               (c/enemy_runtime.s):03029                 abx
16F2 20DB             (c/enemy_runtime.s):03030                 bra     sbs_command
                      (c/enemy_runtime.s):03031         
16F4                  (c/enemy_runtime.s):03032         draw_vegetable_stage
16F4 3410             (c/enemy_runtime.s):03033                 pshs    x
16F6 9624             (c/enemy_runtime.s):03034                 lda     STAGE
16F8 2712             (c/enemy_runtime.s):03035                 beq     dvs_first
16FA 4A               (c/enemy_runtime.s):03036                 deca
16FB 8112             (c/enemy_runtime.s):03037                 cmpa    #18
16FD 2502             (c/enemy_runtime.s):03038                 blo     dvs_indexed
16FF 8611             (c/enemy_runtime.s):03039                 lda     #17
1701                  (c/enemy_runtime.s):03040         dvs_indexed
1701 C640             (c/enemy_runtime.s):03041                 ldb     #SPRITE_SOURCE_SIZE
1703 3D               (c/enemy_runtime.s):03042                 mul
1704 108EDB80         (c/enemy_runtime.s):03043                 ldy     #vegetable_sprites
1708 31AB             (c/enemy_runtime.s):03044                 leay    d,y
170A 2004             (c/enemy_runtime.s):03045                 bra     dvs_draw
170C                  (c/enemy_runtime.s):03046         dvs_first
170C 108EDB80         (c/enemy_runtime.s):03047                 ldy     #vegetable_sprites
1710                  (c/enemy_runtime.s):03048         dvs_draw
1710 3510             (c/enemy_runtime.s):03049                 puls    x
1712 CED5C5           (c/enemy_runtime.s):03050                 ldu     #sprite_attr0_pairs
1715 170001           (c/enemy_runtime.s):03051                 lbsr    blit_stage_sprite
1718 39               (c/enemy_runtime.s):03052                 rts
                      (c/enemy_runtime.s):03053         
                      (c/enemy_runtime.s):03054         ; Expand one 64-byte 2bpp source into a compact 128-byte 4bpp surface.
1719                  (c/enemy_runtime.s):03055         blit_stage_sprite
1719 8640             (c/enemy_runtime.s):03056                 lda     #SPRITE_SOURCE_SIZE
171B 9764             (c/enemy_runtime.s):03057                 sta     STAGE_COUNT
171D                  (c/enemy_runtime.s):03058         bss_source
171D A6A0             (c/enemy_runtime.s):03059                 lda     ,y+
171F 9766             (c/enemy_runtime.s):03060                 sta     STAGE_SOURCE
1721 44               (c/enemy_runtime.s):03061                 lsra
1722 44               (c/enemy_runtime.s):03062                 lsra
1723 44               (c/enemy_runtime.s):03063                 lsra
1724 44               (c/enemy_runtime.s):03064                 lsra
1725 A6C6             (c/enemy_runtime.s):03065                 lda     a,u
1727 17000E           (c/enemy_runtime.s):03066                 lbsr    merge_stage_pixel
172A 9666             (c/enemy_runtime.s):03067                 lda     STAGE_SOURCE
172C 840F             (c/enemy_runtime.s):03068                 anda    #$0F
172E A6C6             (c/enemy_runtime.s):03069                 lda     a,u
1730 170005           (c/enemy_runtime.s):03070                 lbsr    merge_stage_pixel
1733 0A64             (c/enemy_runtime.s):03071                 dec     STAGE_COUNT
1735 26E6             (c/enemy_runtime.s):03072                 bne     bss_source
1737 39               (c/enemy_runtime.s):03073                 rts
                      (c/enemy_runtime.s):03074         
1738                  (c/enemy_runtime.s):03075         merge_stage_pixel
1738 9765             (c/enemy_runtime.s):03076                 sta     STAGE_PIXEL
173A 5F               (c/enemy_runtime.s):03077                 clrb
173B 85F0             (c/enemy_runtime.s):03078                 bita    #$F0
173D 2602             (c/enemy_runtime.s):03079                 bne     msp_high
173F CAF0             (c/enemy_runtime.s):03080                 orb     #$F0
1741                  (c/enemy_runtime.s):03081         msp_high
1741 850F             (c/enemy_runtime.s):03082                 bita    #$0F
1743 2602             (c/enemy_runtime.s):03083                 bne     msp_low
1745 CA0F             (c/enemy_runtime.s):03084                 orb     #$0F
1747                  (c/enemy_runtime.s):03085         msp_low
1747 E484             (c/enemy_runtime.s):03086                 andb    ,x
1749 DA65             (c/enemy_runtime.s):03087                 orb     STAGE_PIXEL
174B E780             (c/enemy_runtime.s):03088                 stb     ,x+
174D 39               (c/enemy_runtime.s):03089                 rts
                      (c/enemy_runtime.s):03090         
174E                  (c/enemy_runtime.s):03091         capture_zone_bg
174E 8E4DEC           (c/enemy_runtime.s):03092                 ldx     #ENEMY_ZONE_FB
1751 CEA490           (c/enemy_runtime.s):03093                 ldu     #ENEMY_ZONE_BG
1754 108E0020         (c/enemy_runtime.s):03094                 ldy     #ENEMY_ZONE_ROWS
1758                  (c/enemy_runtime.s):03095         czb_row
1758 EC81             (c/enemy_runtime.s):03096                 ldd     ,x++
175A EDC1             (c/enemy_runtime.s):03097                 std     ,u++
175C EC81             (c/enemy_runtime.s):03098                 ldd     ,x++
175E EDC1             (c/enemy_runtime.s):03099                 std     ,u++
1760 EC81             (c/enemy_runtime.s):03100                 ldd     ,x++
1762 EDC1             (c/enemy_runtime.s):03101                 std     ,u++
1764 EC81             (c/enemy_runtime.s):03102                 ldd     ,x++
1766 EDC1             (c/enemy_runtime.s):03103                 std     ,u++
1768 30890098         (c/enemy_runtime.s):03104                 leax    152,x
176C 313F             (c/enemy_runtime.s):03105                 leay    -1,y
176E 26E8             (c/enemy_runtime.s):03106                 bne     czb_row
1770 170001           (c/enemy_runtime.s):03107                 lbsr    build_enemy_nest_cache
1773 39               (c/enemy_runtime.s):03108                 rts
                      (c/enemy_runtime.s):03109         
                      (c/enemy_runtime.s):03110         ; Expand the four stage-selected dormant frames once when the authoritative
                      (c/enemy_runtime.s):03111         ; nest background is captured. Animation frames then publish one native
                      (c/enemy_runtime.s):03112         ; 16-by-16 rectangle without sparse decoding or a 16-by-32 rebuild.
1774                  (c/enemy_runtime.s):03113         build_enemy_nest_cache
1774 9654             (c/enemy_runtime.s):03114                 lda     ENEMY_ANIM
1776 3402             (c/enemy_runtime.s):03115                 pshs    a
1778 0F54             (c/enemy_runtime.s):03116                 clr     ENEMY_ANIM
177A 0F5D             (c/enemy_runtime.s):03117                 clr     ENEMY_WORK
177C CEAD80           (c/enemy_runtime.s):03118                 ldu     #ENEMY_NEST_CACHE
177F                  (c/enemy_runtime.s):03119         benc_frame
177F 3440             (c/enemy_runtime.s):03120                 pshs    u
1781 8EA510           (c/enemy_runtime.s):03121                 ldx     #ENEMY_ZONE_BG+128
1784 CE1800           (c/enemy_runtime.s):03122                 ldu     #ENEMY_ZONE_STAGE
1787 17001D           (c/enemy_runtime.s):03123                 lbsr    copy_nest_128
178A 8E1800           (c/enemy_runtime.s):03124                 ldx     #ENEMY_ZONE_STAGE
178D C600             (c/enemy_runtime.s):03125                 ldb     #0
178F 17FE47           (c/enemy_runtime.s):03126                 lbsr    draw_enemy_stage
1792 3540             (c/enemy_runtime.s):03127                 puls    u
1794 8E1800           (c/enemy_runtime.s):03128                 ldx     #ENEMY_ZONE_STAGE
1797 17000D           (c/enemy_runtime.s):03129                 lbsr    copy_nest_128
179A 0C54             (c/enemy_runtime.s):03130                 inc     ENEMY_ANIM
179C 9654             (c/enemy_runtime.s):03131                 lda     ENEMY_ANIM
179E 8104             (c/enemy_runtime.s):03132                 cmpa    #4
17A0 25DD             (c/enemy_runtime.s):03133                 blo     benc_frame
17A2 3502             (c/enemy_runtime.s):03134                 puls    a
17A4 9754             (c/enemy_runtime.s):03135                 sta     ENEMY_ANIM
17A6 39               (c/enemy_runtime.s):03136                 rts
                      (c/enemy_runtime.s):03137         
17A7                  (c/enemy_runtime.s):03138         copy_nest_128
17A7 108E0040         (c/enemy_runtime.s):03139                 ldy     #64
17AB                  (c/enemy_runtime.s):03140         bnc_copy
17AB EC81             (c/enemy_runtime.s):03141                 ldd     ,x++
17AD EDC1             (c/enemy_runtime.s):03142                 std     ,u++
17AF 313F             (c/enemy_runtime.s):03143                 leay    -1,y
17B1 26F8             (c/enemy_runtime.s):03144                 bne     bnc_copy
17B3 39               (c/enemy_runtime.s):03145                 rts
                      (c/enemy_runtime.s):03146         
                      (c/enemy_runtime.s):03147         ; A removed skull redraws one 16-by-16 clean footprint. Copy that footprint
                      (c/enemy_runtime.s):03148         ; into the authoritative compact nest background before recompositing actors.
17B4                  (c/enemy_runtime.s):03149         refresh_zone_bg_footprint
17B4 9636             (c/enemy_runtime.s):03150                 lda     ENTITY_X
17B6 810C             (c/enemy_runtime.s):03151                 cmpa    #12
17B8 2645             (c/enemy_runtime.s):03152                 bne     rzbf_done
17BA 9637             (c/enemy_runtime.s):03153                 lda     ENTITY_Y
17BC 810A             (c/enemy_runtime.s):03154                 cmpa    #10
17BE 253F             (c/enemy_runtime.s):03155                 blo     rzbf_done
17C0 810D             (c/enemy_runtime.s):03156                 cmpa    #13
17C2 243B             (c/enemy_runtime.s):03157                 bhs     rzbf_done
17C4 800A             (c/enemy_runtime.s):03158                 suba    #10
17C6 C608             (c/enemy_runtime.s):03159                 ldb     #8
17C8 3D               (c/enemy_runtime.s):03160                 mul
17C9 D763             (c/enemy_runtime.s):03161                 stb     ENEMY_ROW
17CB 86A0             (c/enemy_runtime.s):03162                 lda     #160
17CD D663             (c/enemy_runtime.s):03163                 ldb     ENEMY_ROW
17CF 3D               (c/enemy_runtime.s):03164                 mul
17D0 C34DEC           (c/enemy_runtime.s):03165                 addd    #ENEMY_ZONE_FB
17D3 1F01             (c/enemy_runtime.s):03166                 tfr     d,x
17D5 D663             (c/enemy_runtime.s):03167                 ldb     ENEMY_ROW
17D7 4F               (c/enemy_runtime.s):03168                 clra
17D8 58               (c/enemy_runtime.s):03169                 lslb
17D9 49               (c/enemy_runtime.s):03170                 rola
17DA 58               (c/enemy_runtime.s):03171                 lslb
17DB 49               (c/enemy_runtime.s):03172                 rola
17DC 58               (c/enemy_runtime.s):03173                 lslb
17DD 49               (c/enemy_runtime.s):03174                 rola
17DE C3A490           (c/enemy_runtime.s):03175                 addd    #ENEMY_ZONE_BG
17E1 1F03             (c/enemy_runtime.s):03176                 tfr     d,u
17E3 108E0010         (c/enemy_runtime.s):03177                 ldy     #16
17E7                  (c/enemy_runtime.s):03178         rzbf_row
17E7 EC81             (c/enemy_runtime.s):03179                 ldd     ,x++
17E9 EDC1             (c/enemy_runtime.s):03180                 std     ,u++
17EB EC81             (c/enemy_runtime.s):03181                 ldd     ,x++
17ED EDC1             (c/enemy_runtime.s):03182                 std     ,u++
17EF EC81             (c/enemy_runtime.s):03183                 ldd     ,x++
17F1 EDC1             (c/enemy_runtime.s):03184                 std     ,u++
17F3 EC81             (c/enemy_runtime.s):03185                 ldd     ,x++
17F5 EDC1             (c/enemy_runtime.s):03186                 std     ,u++
17F7 30890098         (c/enemy_runtime.s):03187                 leax    152,x
17FB 313F             (c/enemy_runtime.s):03188                 leay    -1,y
17FD 26E8             (c/enemy_runtime.s):03189                 bne     rzbf_row
17FF                  (c/enemy_runtime.s):03190         rzbf_done
17FF 39               (c/enemy_runtime.s):03191                 rts
                      (c/enemy_runtime.s):03192         
1800                  (c/enemy_runtime.s):03193         enemy_runtime_end
                      (c/enemy_runtime.s):03194                 end

Symbol Table:
[ G] acd_death                        0C69
[ G] acd_done                         0C96
[ G] acd_draw_loop                    0C45
[ G] acd_draw_next                    0C58
[ G] acd_draw_player                  0C93
[ G] acd_player                       0C81
[ G] acd_popup                        0C62
[ G] acd_save_actor                   0C2D
[ G] acd_save_loop                    0C1F
[ G] acd_save_next                    0C38
[ G] acr_enemies                      0BEB
[ G] acr_enemy_loop                   0BF2
[ G] acr_enemy_next                   0C11
[ G] actor_closure_draw               0C18
[ G] actor_closure_restore            0BD4
[ G] ACTOR_STAGE                      1800
[ G] benc_frame                       177F
[ G] blit_packed_sprite               D584
[ G] blit_stage_sprite                1719
[ G] bnc_copy                         17AB
[ G] BOX_INDEX                        004B
[ G] BOX_PHASE                        004C
[ G] BOX_TIMER                        004A
[ G] bss_source                       171D
[ G] build_enemy_nest_cache           1774
[ G] capture_zone_bg                  174E
[ G] cea_done                         1442
[ G] cez_active_loop                  13BA
[ G] cez_active_next                  13E1
[ G] cez_commit                       1407
[ G] cez_commit_row                   1411
[ G] cez_copy_bg                      13AB
[ G] cez_dormant                      13F7
[ G] cez_vegetable                    1401
[ G] COLOR_WHITE                      0006
[ G] compose_enemy_animation          142A
[ G] compose_enemy_zone               13A1
[ G] copy_nest_128                    17A7
[ G] copy_two_fb_rows                 1584
[ G] ctfr_row                         1588
[ G] czb_row                          1758
[ G] DEATH_FRAME                      004E
[ G] DEATH_STATE                      004D
[ G] DIR_NONE                         00FF
[ G] draw_all_gates                   CE39
[ G] draw_death_frame                 D425
[ G] draw_enemy_fb                    1397
[ G] draw_enemy_stage                 15D9
[ G] draw_entities                    C6B0
[ G] draw_gate                        CE22
[ G] draw_gate_diagonal               CED3
[ G] draw_gate_entities               D147
[ G] draw_gate_transition             CF1D
[ G] draw_hud                         C373
[ G] draw_lives                       C502
[ G] draw_maze_state_cell             D463
[ G] draw_multiplier_hud              C2D2
[ G] draw_perimeter_box               C944
[ G] draw_player                      D542
[ G] draw_recolored_map_tile          C49E
[ G] draw_score_popup                 D2E4
[ G] draw_screen                      D68B
[ G] draw_vegetable_stage             16F4
[ G] draw_word_progress_hud           C334
[ G] dvs_draw                         1710
[ G] dvs_first                        170C
[ G] dvs_indexed                      1701
[ G] ec_done                          0E97
[ G] ec_score_done                    0E89
[ G] ecd_blocked                      0ED2
[ G] ecd_choose                       0ECB
[ G] ecd_next                         0EB6
[ G] ecd_scan                         0EAC
[ G] edl_bounds                       0F33
[ G] edl_clear                        0FDD
[ G] edl_east                         0F2D
[ G] edl_gate                         0F7E
[ G] edl_horizontal_dir               0FB2
[ G] edl_north                        0F29
[ G] edl_offset                       0F59
[ G] edl_set                          0FDA
[ G] edl_slow                         0F11
[ G] edl_south                        0F31
[ G] edl_vertical_dir                 0FD2
[ G] edl_vertical_gate                0FBE
[ G] efn_direction_ready              15E8
[ G] efn_offset_ready                 1605
[ G] efn_record_ready                 1610
[ G] efn_slot_ready                   15F4
[ G] efn_type_ready                   1613
[ G] ENEMY_ACTIVE                     0058
[ G] ENEMY_ANIM                       0054
[ G] ENEMY_BG_B                       AB80
[ G] ENEMY_BG_BASE                    A690
[ G] ENEMY_BG_RING                    A898
[ G] ENEMY_CANDIDATE                  007C
[ G] ENEMY_CAPTURE_DIRTY              009B
[ G] enemy_choose_direction           0E98
[ G] enemy_collect_impl               0E4E
[ G] ENEMY_DEATH_LATCH                0062
[ G] enemy_direction_legal            0ED9
[ G] enemy_entry_masks                0FE0
[ G] enemy_exit_masks                 0FE4
[ G] ENEMY_FB                         57EC
[ G] enemy_frame_number               15E3
[ G] enemy_init_impl                  0824
[ G] ENEMY_MOVE                       0061
[ G] ENEMY_NEST_CACHE                 AD80
[ G] ENEMY_NEST_DIRTY                 0060
[ G] ENEMY_OLD_FB                     A890
[ G] ENEMY_OLD_VALID                  0086
[ G] enemy_player_contact             0FEC
[ G] ENEMY_PTR                        005E
[ G] enemy_release_impl               082E
[ G] ENEMY_RELEASED                   0059
[ G] ENEMY_RENDER_FLAGS               0087
[ G] enemy_render_impl                099B
[ G] ENEMY_REVERSE                    007D
[ G] ENEMY_ROAMING                    007E
[ G] ENEMY_ROW                        0063
[ G] enemy_runtime_end                1800
[ G] enemy_skull_test                 1008
[ G] ENEMY_TABLE                      A470
[ G] enemy_target_offsets             0FE8
[ G] enemy_tick_impl                  0876
[ G] ENEMY_TIMER                      0055
[ G] ENEMY_WORK                       005D
[ G] ENEMY_ZONE_BG                    A490
[ G] ENEMY_ZONE_FB                    4DEC
[ G] ENEMY_ZONE_ROWS                  0020
[ G] ENEMY_ZONE_STAGE                 1800
[ G] ENTITY_COUNT                     0032
[ G] ENTITY_SKULL                     0001
[ G] ENTITY_TABLE                     A380
[ G] ENTITY_X                         0036
[ G] ENTITY_Y                         0037
[ G] epc_clear                        1005
[ G] epc_x_positive                   0FF3
[ G] epc_y_positive                   0FFE
[ G] er_done                          0875
[ G] er_find                          083F
[ G] er_use                           084A
[ G] erase_entity_footprints          C6E8
[ G] ERF_DIRTY                        0002
[ G] ERF_INIT                         0001
[ G] ERF_NEST                         0008
[ G] ERF_NEST_ANIM                    0010
[ G] ERF_ZONE_REFRESH                 0004
[ G] eri_dirty                        09B8
[ G] eri_done                         09D0
[ G] eri_finish                       09CE
[ G] eri_nest_anim                    09CB
[ G] eri_refresh                      09A4
[ G] est_done                         1056
[ G] est_loop                         1013
[ G] est_next                         1050
[ G] est_skull                        101D
[ G] et_alive                         089D
[ G] et_animation_timer               08B9
[ G] et_arrive_east                   0967
[ G] et_arrive_north                  0963
[ G] et_arrive_south                  096B
[ G] et_begin_death                   0887
[ G] et_choose_arrival                096D
[ G] et_compose                       0994
[ G] et_contact                       097F
[ G] et_contact_scan                  08A6
[ G] et_contact_scan_next             08B1
[ G] et_death_animate                 0899
[ G] et_find_movement                 08E4
[ G] et_finish                        0994
[ G] et_freeze_timer                  08D5
[ G] et_move_next                     0901
[ G] et_move_scan                     08F1
[ G] et_player_death                  0981
[ G] et_render_test                   0907
[ G] et_snapshot_ready                087F
[ G] et_step_east                     093B
[ G] et_step_north                    0934
[ G] et_step_south                    0942
[ G] et_store_step                    0947
[ G] et_update                        0910
[ G] et_update_loop                   091D
[ G] et_update_next                   098E
[ G] FB_B_PAGE0                       002C
[ G] FB_BACK_ID                       0090
[ G] FB_COMMIT_SEQ                    0092
[ G] FB_FRONT_ID                      008F
[ G] FB_INIT_STATE                    009A
[ G] FB_META_A                        A900
[ G] FB_META_B                        AA00
[ G] FB_MISSED_COMMIT                 0096
[ G] FB_RENDER_ACTIVE                 0098
[ G] FB_RENDER_PENDING                0091
[ G] FB_SCRATCH_PAGE0                 0028
[ G] FB_SIM_SEQ                       0094
[ G] FB_WRITE_FRONT_FAULT             0099
[ G] fbca_enemy                       0E31
[ G] fbcb_enemy                       0DBF
[ G] fbf_done                         0D98
[ G] fbf_ready                        0D8E
[ G] fbi_clear_meta                   0D05
[ G] fbi_copy_meta                    0D18
[ G] fbi_enemy_bg                     0CF4
[ G] fbi_page                         0CB6
[ G] fbi_page_word                    0CC2
[ G] fbi_player_bg                    0CE2
[ G] fbiq_done                        0E06
[ G] fbiq_missed                      0E07
[ G] fbiq_publish                     0DED
[ G] fbiq_ready                       0DE1
[ G] fbiq_sim                         0E00
[ G] FBM_DAMAGE                       0001
[ G] fbm_done                         0DA3
[ G] FBM_ENEMIES                      0008
[ G] FBM_ENEMY_RESERVED               0028
[ G] FBM_ENEMY_RINGS                  002C
[ G] FBM_ENTITY_DAMAGE                007B
[ G] FBM_FULL_REBUILD                 0002
[ G] FBM_GATE_DAMAGE                  0078
[ G] FBM_HUD_DAMAGE                   0093
[ G] FBM_MAZE_DAMAGE                  0030
[ G] FBM_NEST_DAMAGE                  0095
[ G] FBM_PENDING_INTENTS              00A0
[ G] FBM_PERIM_DAMAGE                 0087
[ G] FBM_PLAYER_FB                    0004
[ G] FBM_PLAYER_RESERVED              0003
[ G] FBM_PLAYER_VALID                 0002
[ G] FBM_PRESENT_DAMAGE               0096
[ G] FBM_STATE                        0000
[ G] FBM_VALID                        0001
[ G] fbp_enemies                      0D4F
[ G] fbp_enemy                        0D5E
[ G] fbp_enemy_next                   0D6E
[ G] fbp_ok                           0D84
[ G] fbp_owned                        0D34
[ G] fbp_write_front_fault            0D2F
[ G] fbpd_done                        0A8E
[ G] fbpd_generic                     0A8C
[ G] fbpd_load                        0A61
[ G] fbpd_project_gate                0A3C
[ G] fbpd_restore                     0A7B
[ G] fbpd_save                        0A51
[ G] fbpd_save_current                0A42
[ G] fbpd_second_gate                 0A2A
[ G] fbqd_copy                        0AA2
[ G] fbqd_done                        0AD5
[ G] fbqd_meta                        0A99
[ G] frame_render_background          0AEB
[ G] frame_render_impl                09D3
[ G] framebuffer_back_meta            0D99
[ G] framebuffer_capture_a            0E12
[ G] framebuffer_capture_back         0DA4
[ G] framebuffer_finish_back          0D87
[ G] framebuffer_init_impl            0C97
[ G] framebuffer_irq_impl             0DD8
[ G] framebuffer_prepare_back         0D25
[ G] framebuffer_project_damage       0A05
[ G] framebuffer_project_gate_only    CF91
[ G] framebuffer_queue_damage         0A8F
[ G] FRAMES                           0002
[ G] FREEZE_TIMER                     005B
[ G] fri_abort                        0A02
[ G] fri_actor_closure                09F1
[ G] fri_background_done              0B85
[ G] fri_box                          0B25
[ G] fri_dot                          0AFF
[ G] fri_gate                         0B67
[ G] fri_hud                          0B10
[ G] fri_letter                       0B52
[ G] fri_lives                        0B1C
[ G] fri_multiplier                   0B49
[ G] fri_render                       09EE
[ G] fri_secondary                    0B41
[ G] fri_stage_background             0BBB
[ G] GATE_ANIM_ID                     0019
[ G] gate_compose_impl                15A1
[ G] GATE_COMPOSE_MODE                006F
[ G] GATE_COPY_COUNT                  0079
[ G] GATE_COPY_ROWS                   007A
[ G] GATE_END_X                       0076
[ G] GATE_END_Y                       0077
[ G] GATE_ID                          0013
[ G] gate_map_live                    15BD
[ G] GATE_RECT_FB                     0070
[ G] GATE_RECT_ROWS                   0073
[ G] GATE_RECT_WIDTH                  0072
[ G] gate_redraw_neighbors            F086
[ G] gate_render_hidden               CFF9
[ G] GATE_SHADOW_PAGE                 0078
[ G] GATE_START_X                     0074
[ G] GATE_START_Y                     0075
[ G] GATE_STATE                       A240
[ G] GATE_WORK_ID                     007B
[ G] GATE_X                           0014
[ G] GATE_Y                           0015
[ G] gci_done                         15B7
[ G] gci_final                        15AE
[ G] gci_mark_overlap                 15B4
[ G] GIME_IRQEN                       FF92
[ G] GIME_PAR1                        FFA1
[ G] GIME_PAR5                        FFA5
[ G] GIME_VOFF1                       FF9D
[ G] gml_map                          15C9
[ G] HIGH_BCD                         0020
[ G] HUD_COLOR                        0029
[ G] HUD_X                            0027
[ G] HUD_Y                            0028
[ G] LAST_FRAME                       0000
[ G] LIVE_PAGE0                       0030
[ G] mark_gate_enemy_overlap          D1A4
[ G] maze_gate_owner                  F95A
[ G] maze_gates                       FB9A
[ G] maze_nav                         F71A
[ G] merge_stage_pixel                1738
[ G] msp_high                         1741
[ G] msp_low                          1747
[ G] pci_build                        147E
[ G] pci_commit_row                   1525
[ G] pci_copy_old                     144C
[ G] pci_done                         1583
[ G] pci_down                         146A
[ G] pci_horizontal_strip             1559
[ G] pci_next_row                     14EC
[ G] pci_old_full                     14CA
[ G] pci_old_left                     14B4
[ G] pci_restore_bottom               154D
[ G] pci_restore_left_loop            1567
[ G] pci_restore_right                1576
[ G] pci_row                          1486
[ G] pci_save_loop                    1501
[ G] pci_up                           1475
[ G] pci_visible_row                  14DC
[ G] perimeter_box_coordinates        C903
[ G] PERSISTENT_FB                    0001
[ G] PICKUP_TIMER                     0051
[ G] PLAYER_ANIM                      004F
[ G] PLAYER_BG                        A300
[ G] PLAYER_BG_B                      AB00
[ G] PLAYER_BG_PTR                    00A2
[ G] PLAYER_BG_VALID                  006A
[ G] PLAYER_CELL_X                    0009
[ G] PLAYER_CELL_Y                    000A
[ G] player_compose_impl              1443
[ G] PLAYER_DIR                       0006
[ G] player_draw_impl                 161D
[ G] PLAYER_DX                        006C
[ G] PLAYER_DY                        006D
[ G] PLAYER_ERASED                    0069
[ G] PLAYER_FACE                      0007
[ G] PLAYER_FB                        000B
[ G] PLAYER_OLD_FB                    0067
[ G] PLAYER_OLD_STAGE                 1880
[ G] PLAYER_ROW                       006E
[ G] PLAYER_STAGE                     1800
[ G] PLAYER_TICK_PENDING              006B
[ G] PLAYER_WANT                      000F
[ G] rba_buffer_b                     10BA
[ G] rba_done                         10BD
[ G] rcbtf_fast_table                 1253
[ G] rcbtf_phase0                     1263
[ G] rcbtf_phase0_row                 1263
[ G] rcbtf_phase0_rows                1263
[ G] rcbtf_phase1                     127A
[ G] rcbtf_phase1_row                 127A
[ G] rcbtf_phase1_rows                127A
[ G] rcbtf_phase2                     1297
[ G] rcbtf_phase2_row                 1297
[ G] rcbtf_phase2_rows                1297
[ G] rcbtf_phase3                     12B2
[ G] rcbtf_phase3_row                 12B2
[ G] rcbtf_phase3_rows                12B2
[ G] rcbtf_phase4                     12CF
[ G] rcbtf_phase4_row                 12CF
[ G] rcbtf_phase4_rows                12CF
[ G] rcbtf_phase5                     12EA
[ G] rcbtf_phase5_row                 12EA
[ G] rcbtf_phase5_rows                12EA
[ G] rcbtf_phase6                     1307
[ G] rcbtf_phase6_row                 1307
[ G] rcbtf_phase6_rows                1307
[ G] rcbtf_phase7                     1322
[ G] rcbtf_phase7_row                 1322
[ G] rcbtf_phase7_rows                1322
[ G] rcbtf_ring_done                  1379
[ G] rcbtf_ring_setup                 133F
[ G] rcftb_row                        137E
[ G] rcrr_byte                        1224
[ G] rcrr_rotated                     1220
[ G] RECORD_SIZE                      0008
[ G] refresh_zone_bg_footprint        17B4
[ G] reload_enemy_box_timer           D75B
[ G] RENDER_BOX_COLOR                 0082
[ G] RENDER_BOX_INDEX                 0081
[ G] render_exposed_player            0B86
[ G] RENDER_FLAGS                     007F
[ G] RENDER_FLAGS2                    0080
[ G] RENDER_GATE2_ID                  008A
[ G] RENDER_GATE2_MODE                008B
[ G] RENDER_GATE2_STYLE               008E
[ G] RENDER_GATE_ID                   0088
[ G] RENDER_GATE_MODE                 0089
[ G] RENDER_GATE_STYLE                008D
[ G] RENDER_LETTER_COLOR              0085
[ G] RENDER_LETTER_X                  0083
[ G] RENDER_LETTER_Y                  0084
[ G] render_perimeter_reset           0B9E
[ G] RENDER_ZONE_Y                    008C
[ G] rep_done                         0B9D
[ G] reset_enemy_state                D71B
[ G] restore_entity_footprint         D444
[ G] restore_gate_diagonal_dots       D01C
[ G] restore_player                   D66A
[ G] RF2_LETTER                       0004
[ G] RF2_MULTIPLIER                   0002
[ G] RF2_PERIM_RESET                  0008
[ G] RF2_POPUP                        0001
[ G] RF_BOX                           0010
[ G] RF_DEATH                         0080
[ G] RF_DOT                           0020
[ G] RF_ENTITIES                      0008
[ G] RF_HUD                           0002
[ G] RF_LIVES                         0004
[ G] RF_PLAYER                        0001
[ G] RF_STAGE                         0040
[ G] RING_BASE                        009E
[ G] RING_PHASE                       009C
[ G] RING_ROW                         009D
[ G] rmu_dirty                        0AE4
[ G] rmu_done                         0AE8
[ G] RNG_STATE                        0034
[ G] roam_bg_address                  10AA
[ G] roam_capture_ring_row            1209
[ G] roam_copy_bg_to_fb               1230
[ G] roam_copy_fb_to_bg               137A
[ G] roam_mark_underlay               0AD6
[ G] roam_old_slot                    109F
[ G] roam_ring_slot                   10C0
[ G] roam_slot_masks                  109B
[ G] roam_snapshot_old                1057
[ G] roam_update_background           10CA
[ G] rpr_box                          0BA8
[ G] rsn_actor                        107B
[ G] rsn_loop                         106D
[ G] rsn_next                         1094
[ G] rub_column_done                  118E
[ G] rub_column_first                 116D
[ G] rub_column_second                1181
[ G] rub_done                         1116
[ G] rub_down                         1191
[ G] rub_full                         1101
[ G] rub_horizontal                   111C
[ G] rub_horizontal_fb                1155
[ G] rub_left                         111B
[ G] rub_right                        1117
[ G] rub_right_slot                   1149
[ G] rub_row_loop                     11EA
[ G] rub_shift_left                   113A
[ G] rub_shift_up                     11BB
[ G] rub_store_column                 113B
[ G] rub_store_row                    11C3
[ G] rub_up                           1195
[ G] rub_vertical                     1196
[ G] rub_vertical_fb                  11E1
[ G] rzbf_done                        17FF
[ G] rzbf_row                         17E7
[ G] save_player                      D645
[ G] sbf_command                      1660
[ G] sbf_delta                        1659
[ G] sbf_extended                     16B2
[ G] sbf_opaque1                      168A
[ G] sbf_opaque2                      16AC
[ G] sbf_opaque3                      1690
[ G] sbf_opaque4                      16A3
[ G] sbf_opaque5                      1683
[ G] sbf_opaque6                      1696
[ G] sbf_opaque_byte                  1672
[ G] sbf_opaque_small                 167B
[ G] sbf_partial                      164C
[ G] sbf_partial_byte                 164E
[ G] sbs_add_delta                    16CE
[ G] sbs_command                      16CF
[ G] sbs_delta                        16C2
[ G] sbs_extended                     16EB
[ G] sbs_opaque_byte                  16D3
[ G] sbs_partial                      16DC
[ G] sbs_partial_byte                 16DE
[ G] SCORE_BCD                        001D
[ G] sparse_blit_fb                   164A
[ G] sparse_blit_stage                16C2
[ G] sparse_decode_done               16BC
[ G] SPARSE_ENEMY_INDEX_ADDR          0500
[ G] sparse_enemy_stream              162A
[ G] SPARSE_PLAYER_INDEX_ADDR         0680
[ G] sparse_player_stream             163A
[ G] sprite_attr0_pairs               D5C5
[ G] SPRITE_SOURCE_SIZE               0040
[ G] STAGE                            0024
[ G] STAGE_COUNT                      0064
[ G] STAGE_PIXEL                      0065
[ G] STAGE_SOURCE                     0066
[ G] TEST_X                           0010
[ G] TEST_Y                           0011
[ G] VEG_STATE                        005A
[ G] vegetable_sprites                DB80
