                      (adybug/src/main.s):00001         ;==============================================================================
                      (adybug/src/main.s):00002         ; Ladybug — main.s
                      (adybug/src/main.s):00003         ;==============================================================================
                      (adybug/src/main.s):00004         ; Phase 4: joystick-driven Lady Bug movement over the authored screen.
                      (adybug/src/main.s):00005         ;
                      (adybug/src/main.s):00006         ; Builds on Phase 2.3 (hi-res 320×192×16 + MMU + palette + IRQ tick) by:
                      (adybug/src/main.s):00007         ;   - Compiling tiled/coco-screen.tmx into a one-byte tile map and a
                      (adybug/src/main.s):00008         ;     deduplicated packed 4bpp tile atlas before assembly.
                      (adybug/src/main.s):00009         ;   - Flattening visible Tiled layers and applying horizontal/vertical flips.
                      (adybug/src/main.s):00010         ;   - blit_tile: 8 rows x 4 bytes, stride 160.
                      (adybug/src/main.s):00011         ;   - Polling the right joystick through the PIA DAC/comparator path.
                      (adybug/src/main.s):00012         ;   - Transparent 16x16 player frames with background save/restore.
                      (adybug/src/main.s):00013         ;   - Semantic maze collision and dot removal.
                      (adybug/src/main.s):00014         ;
                      (adybug/src/main.s):00015         ; Visible: the authored screen with a moving, maze-constrained Lady Bug.
                      (adybug/src/main.s):00016         ;==============================================================================
                      (adybug/src/main.s):00017         
                      (adybug/src/main.s):00018                 pragma  nodollarlocal,6809
                      (adybug/src/main.s):00019         
                      (adybug/src/main.s):00020         ;------------------------------------------------------------------------------
                      (adybug/src/main.s):00021         ; DP allocation (page $02)
                      (adybug/src/main.s):00022         ;------------------------------------------------------------------------------
     02               (adybug/src/main.s):00023                 setdp   $02
                      (adybug/src/main.s):00024         
     0200             (adybug/src/main.s):00025         LAST_FRAME    equ $0200         ; last processed Vbord counter low byte
     0201             (adybug/src/main.s):00026         JOY_X         equ $0201         ; right joystick X, 0..63
     0202             (adybug/src/main.s):00027         FRAMES        equ $0202         ; u16 frame counter
     0204             (adybug/src/main.s):00028         JOY_Y         equ $0204         ; right joystick Y, 0..63
     0205             (adybug/src/main.s):00029         JOY_DIR       equ $0205         ; requested direction or $FF
     0206             (adybug/src/main.s):00030         PLAYER_DIR    equ $0206         ; active direction or $FF
     0207             (adybug/src/main.s):00031         PLAYER_FACE   equ $0207         ; last active direction, 0..3
     0208             (adybug/src/main.s):00032         PLAYER_STEP   equ $0208         ; 2-pixel steps since last cell centre, 0..3
     0209             (adybug/src/main.s):00033         PLAYER_CELL_X equ $0209         ; semantic maze column
     020A             (adybug/src/main.s):00034         PLAYER_CELL_Y equ $020A         ; semantic maze row
     020B             (adybug/src/main.s):00035         PLAYER_FB     equ $020B         ; u16 framebuffer pointer at sprite top-left
     020D             (adybug/src/main.s):00036         JOY_DX        equ $020D         ; absolute X displacement from centre
     020E             (adybug/src/main.s):00037         JOY_DY        equ $020E         ; absolute Y displacement from centre
     020F             (adybug/src/main.s):00038         PLAYER_WANT   equ $020F         ; last non-neutral requested direction
     0210             (adybug/src/main.s):00039         TEST_X        equ $0210         ; candidate/draw maze column
     0211             (adybug/src/main.s):00040         TEST_Y        equ $0211         ; candidate/draw maze row
     0212             (adybug/src/main.s):00041         TEST_DIR      equ $0212         ; direction under collision test
     0213             (adybug/src/main.s):00042         GATE_ID       equ $0213         ; active gate index
     0214             (adybug/src/main.s):00043         GATE_X        equ $0214         ; active gate pivot column
     0215             (adybug/src/main.s):00044         GATE_Y        equ $0215         ; active gate pivot row
     0216             (adybug/src/main.s):00045         DRAW_COUNT    equ $0216         ; gate redraw loop counter
     0217             (adybug/src/main.s):00046         DRAW_TILE     equ $0217         ; tile ID for draw_cell_tile
     0218             (adybug/src/main.s):00047         PLAYER_MANUAL equ $0218         ; nonzero after first directional input
     0219             (adybug/src/main.s):00048         GATE_ANIM_ID  equ $0219         ; rotating gate ID+1; zero when idle
     021A             (adybug/src/main.s):00049         GATE_ANIM_STYLE equ $021A       ; 0=slash, 1=backslash
     021B             (adybug/src/main.s):00050         BLIT_ROWS     equ $021B         ; transparent-blit row counter
     021C             (adybug/src/main.s):00051         BLIT_WIDTH    equ $021C         ; transparent-blit bytes per row
     021D             (adybug/src/main.s):00052         SCORE_BCD     equ $021D         ; packed BCD score, six digits
     0220             (adybug/src/main.s):00053         HIGH_BCD      equ $0220         ; packed BCD session high score
     0223             (adybug/src/main.s):00054         LIVES         equ $0223         ; lives remaining
     0224             (adybug/src/main.s):00055         STAGE         equ $0224         ; current stage, 1..255
     0225             (adybug/src/main.s):00056         DOTS_LEFT     equ $0225         ; remaining flowers in this stage
     0226             (adybug/src/main.s):00057         STAGE_PENDING equ $0226         ; nonzero requests a stage transition
     0227             (adybug/src/main.s):00058         HUD_X         equ $0227         ; HUD tile column scratch
     0228             (adybug/src/main.s):00059         HUD_Y         equ $0228         ; HUD tile row scratch
     0229             (adybug/src/main.s):00060         HUD_COLOR     equ $0229         ; palette index for digit rendering
     022A             (adybug/src/main.s):00061         HUD_BYTE      equ $022A         ; packed BCD / mask scratch
     022B             (adybug/src/main.s):00062         HUD_COUNT     equ $022B         ; byte/row loop scratch
     022C             (adybug/src/main.s):00063         HUD_WIDTH     equ $022C         ; packed-byte loop scratch
     022D             (adybug/src/main.s):00064         HUD_BCD_BYTE  equ $022D         ; preserved BCD byte during digit blits
     022E             (adybug/src/main.s):00065         HUD_BCD_COUNT equ $022E         ; packed BCD byte loop
     022F             (adybug/src/main.s):00066         BONUS_COLOR   equ $022F         ; global bonus colour, palette index
     0230             (adybug/src/main.s):00067         BONUS_TIMER   equ $0230         ; u16 frames remaining in current colour
     0232             (adybug/src/main.s):00068         ENTITY_COUNT  equ $0232         ; active entity-table record count
     0233             (adybug/src/main.s):00069         BONUS_LEFT    equ $0233         ; uncollected hearts and letters
     0234             (adybug/src/main.s):00070         RNG_STATE     equ $0234         ; u16 placement LFSR
     0236             (adybug/src/main.s):00071         ENTITY_X      equ $0236         ; entity/draw scratch
     0237             (adybug/src/main.s):00072         ENTITY_Y      equ $0237
     0238             (adybug/src/main.s):00073         ENTITY_TYPE   equ $0238
     0239             (adybug/src/main.s):00074         ENTITY_VARIANT equ $0239
     023A             (adybug/src/main.s):00075         DEATH_TIMER   equ $023A         ; nonzero while rotating death animation runs
     023B             (adybug/src/main.s):00076         MULTIPLIER    equ $023B         ; score multiplier: 1,2,3,5
     023C             (adybug/src/main.s):00077         SPECIAL_BITS equ $023C         ; collected SPECIAL letters, bit per HUD position
     023D             (adybug/src/main.s):00078         EXTRA_BITS   equ $023D         ; collected EXTRA letters, bit per HUD position
     023E             (adybug/src/main.s):00079         ENTITY_PTR   equ $023E         ; u16 current entity record pointer
     0240             (adybug/src/main.s):00080         OBJ_SOURCE   equ $0240         ; u16 object-mask source pointer
     0242             (adybug/src/main.s):00081         OBJ_ROWS     equ $0242
     0243             (adybug/src/main.s):00082         OBJ_BYTES    equ $0243
     0244             (adybug/src/main.s):00083         OBJ_VALUE    equ $0244
     0245             (adybug/src/main.s):00084         OBJ_INDEX    equ $0245
     0246             (adybug/src/main.s):00085         OBJ_PRIMARY  equ $0246
     0247             (adybug/src/main.s):00086         OBJ_ACCENT   equ $0247
     0248             (adybug/src/main.s):00087         ENTITY_WORK  equ $0248         ; entity placement / loop scratch
     0249             (adybug/src/main.s):00088         ENTITY_TOTAL equ $0249         ; total records allocated this stage
     024A             (adybug/src/main.s):00089         BOX_TIMER    equ $024A         ; frames until next perimeter-box update
     024B             (adybug/src/main.s):00090         BOX_INDEX    equ $024B         ; clockwise perimeter position, 0..91
     024C             (adybug/src/main.s):00091         BOX_PHASE    equ $024C         ; 0=White-to-Green, 1=Green-to-White
     024D             (adybug/src/main.s):00092         DEATH_STATE  equ $024D         ; 0=alive, 1=shrink, 2=wings, 3=walk-off
     024E             (adybug/src/main.s):00093         DEATH_FRAME  equ $024E         ; selected curated death frame
     024F             (adybug/src/main.s):00094         PLAYER_ANIM  equ $024F         ; walk animation phase 0,1,2,3
     0250             (adybug/src/main.s):00095         PLAYER_ANIM_TIMER equ $0250    ; Vbord countdown to next player frame
     0251             (adybug/src/main.s):00096         PICKUP_TIMER equ $0251         ; score-sprite hold; zero when inactive
     0252             (adybug/src/main.s):00097         PICKUP_FRAME equ $0252         ; 0=100, 1=300, 2=800
     0253             (adybug/src/main.s):00098         ANGEL_SWING  equ $0253         ; 20-frame eased angel-swoop phase
     0254             (adybug/src/main.s):00099         ENEMY_ANIM   equ $0254         ; first den enemy animation phase
     0255             (adybug/src/main.s):00100         ENEMY_TIMER  equ $0255         ; Vbord countdown to next enemy frame
     0256             (adybug/src/main.s):00101         TURN_SNAP    equ $0256         ; diagonal late-turn updates remaining, 0..3
     0257             (adybug/src/main.s):00102         TURN_OLD     equ $0257         ; direction being corrected during late turn
                      (adybug/src/main.s):00103         
     0000             (adybug/src/main.s):00104         DIR_NORTH     equ 0
     0001             (adybug/src/main.s):00105         DIR_EAST      equ 1
     0002             (adybug/src/main.s):00106         DIR_SOUTH     equ 2
     0003             (adybug/src/main.s):00107         DIR_WEST      equ 3
     00FF             (adybug/src/main.s):00108         DIR_NONE      equ $FF
     001E             (adybug/src/main.s):00109         PICKUP_HOLD_FRAMES equ 30      ; measured MAME frames 705-734 inclusive
                      (adybug/src/main.s):00110         
     0001             (adybug/src/main.s):00111         COLOR_RED         equ 1
     0002             (adybug/src/main.s):00112         COLOR_YELLOW      equ 2
     0008             (adybug/src/main.s):00113         COLOR_LIGHT_GREEN equ 8
     0003             (adybug/src/main.s):00114         COLOR_BLUE        equ 3
     0004             (adybug/src/main.s):00115         COLOR_PINK        equ 4
     0005             (adybug/src/main.s):00116         COLOR_GREEN       equ 5
     0006             (adybug/src/main.s):00117         COLOR_WHITE       equ 6
                      (adybug/src/main.s):00118         
     0000             (adybug/src/main.s):00119         ENTITY_NONE       equ 0
     0001             (adybug/src/main.s):00120         ENTITY_SKULL      equ 1
     0002             (adybug/src/main.s):00121         ENTITY_HEART      equ 2
     0003             (adybug/src/main.s):00122         ENTITY_LETTER     equ 3
                      (adybug/src/main.s):00123         
     0000             (adybug/src/main.s):00124         OBJECT_SKULL      equ 0
     0001             (adybug/src/main.s):00125         OBJECT_HEART      equ 1
     0002             (adybug/src/main.s):00126         OBJECT_A          equ 2
     0003             (adybug/src/main.s):00127         OBJECT_C          equ 3
     0004             (adybug/src/main.s):00128         OBJECT_E          equ 4
     0005             (adybug/src/main.s):00129         OBJECT_I          equ 5
     0006             (adybug/src/main.s):00130         OBJECT_L          equ 6
     0007             (adybug/src/main.s):00131         OBJECT_P          equ 7
     0008             (adybug/src/main.s):00132         OBJECT_R          equ 8
     0009             (adybug/src/main.s):00133         OBJECT_S          equ 9
     000A             (adybug/src/main.s):00134         OBJECT_T          equ 10
     000B             (adybug/src/main.s):00135         OBJECT_X          equ 11
                      (adybug/src/main.s):00136         
                      (adybug/src/main.s):00137         ;------------------------------------------------------------------------------
                      (adybug/src/main.s):00138         ; Hardware
                      (adybug/src/main.s):00139         ;------------------------------------------------------------------------------
     FF00             (adybug/src/main.s):00140         PIA1_DA    equ  $FF00
     FF01             (adybug/src/main.s):00141         PIA1_CRA   equ  $FF01
     FF02             (adybug/src/main.s):00142         PIA1_DB    equ  $FF02
     FF03             (adybug/src/main.s):00143         PIA1_CRB   equ  $FF03
     FF20             (adybug/src/main.s):00144         PIA2_DA    equ  $FF20
     FF21             (adybug/src/main.s):00145         PIA2_CRA   equ  $FF21
     FF22             (adybug/src/main.s):00146         PIA2_DB    equ  $FF22
     FF23             (adybug/src/main.s):00147         PIA2_CRB   equ  $FF23
                      (adybug/src/main.s):00148         
     FF90             (adybug/src/main.s):00149         GIME_INIT0 equ  $FF90
     FF92             (adybug/src/main.s):00150         GIME_IRQEN equ  $FF92
     FF98             (adybug/src/main.s):00151         GIME_VMODE equ  $FF98
     FF99             (adybug/src/main.s):00152         GIME_VRES  equ  $FF99
     FF9A             (adybug/src/main.s):00153         GIME_BORDER equ $FF9A
     FF9D             (adybug/src/main.s):00154         GIME_VOFF1 equ  $FF9D           ; addr bits Y18..Y11
     FF9E             (adybug/src/main.s):00155         GIME_VOFF0 equ  $FF9E           ; addr bits Y10..Y3
     FFA0             (adybug/src/main.s):00156         PAR_EXEC   equ  $FFA0           ; PAR0 of executive set ($FFA0..$FFA7)
     FFB0             (adybug/src/main.s):00157         PAL_BASE   equ  $FFB0
                      (adybug/src/main.s):00158         
     FFD9             (adybug/src/main.s):00159         SAM_FAST   equ  $FFD9
     FFDE             (adybug/src/main.s):00160         SAM_ROMRAM equ  $FFDE
                      (adybug/src/main.s):00161         
     FEF7             (adybug/src/main.s):00162         JT_IRQ     equ  $FEF7
                      (adybug/src/main.s):00163         
                      (adybug/src/main.s):00164         ;------------------------------------------------------------------------------
                      (adybug/src/main.s):00165         ; Memory map (post-Phase-2.3 with MMU on)
                      (adybug/src/main.s):00166         ;------------------------------------------------------------------------------
     2000             (adybug/src/main.s):00167         FB_VIRT    equ  $2000           ; virtual base of framebuffer (PAR1)
     9800             (adybug/src/main.s):00168         FB_END     equ  $9800           ; one past last FB byte (192 rows × 160 B)
     0030             (adybug/src/main.s):00169         FB_PHYS    equ  $30             ; physical page 0 of FB
     A000             (adybug/src/main.s):00170         MAZE_STATE equ  $A000           ; writable 576-byte maze-cell copy (PAR5)
     A240             (adybug/src/main.s):00171         GATE_STATE equ  $A240           ; rotation state N/W/S/E; parity selects H/V bar
     A300             (adybug/src/main.s):00172         PLAYER_BG  equ  $A300           ; 128-byte saved background under player
     A380             (adybug/src/main.s):00173         ENTITY_TABLE equ $A380          ; twelve x/y/type/variant records
     A3B0             (adybug/src/main.s):00174         PICKUP_BG   equ $A3B0          ; 64-byte background below score popup
     A3F0             (adybug/src/main.s):00175         ENEMY_BG    equ $A3F0          ; 128-byte background under first den enemy
     57EC             (adybug/src/main.s):00176         ENEMY_FB    equ $57EC          ; top-left at lower nest cell (12,12)
                      (adybug/src/main.s):00177         
                      (adybug/src/main.s):00178         ;==============================================================================
                      (adybug/src/main.s):00179         ;  Cart ROM
                      (adybug/src/main.s):00180         ;==============================================================================
                      (adybug/src/main.s):00181                 org     $C000
                      (adybug/src/main.s):00182         
C000 444B             (adybug/src/main.s):00183                 fcc     "DK"            ; ROM-pack autostart magic; FIRQ -> $C002
                      (adybug/src/main.s):00184         
                      (adybug/src/main.s):00185         ;==============================================================================
                      (adybug/src/main.s):00186         ; entry
                      (adybug/src/main.s):00187         ;==============================================================================
C002 1A50             (adybug/src/main.s):00188         entry   orcc    #$50            ; mask IRQ + FIRQ
C004 10CE1FFE         (adybug/src/main.s):00189                 lds     #$1FFE          ; stack at top of low RAM page
                      (adybug/src/main.s):00190         
C008 8602             (adybug/src/main.s):00191                 lda     #$02            ; DP = $02
C00A 1F8B             (adybug/src/main.s):00192                 tfr     a,dp
                      (adybug/src/main.s):00193         
                      (adybug/src/main.s):00194                 ; --- Quiet legacy PIA interrupts ---
C00C 4F               (adybug/src/main.s):00195                 clra
C00D B7FF01           (adybug/src/main.s):00196                 sta     PIA1_CRA
C010 B7FF03           (adybug/src/main.s):00197                 sta     PIA1_CRB
C013 B7FF21           (adybug/src/main.s):00198                 sta     PIA2_CRA
C016 B7FF23           (adybug/src/main.s):00199                 sta     PIA2_CRB
C019 B6FF00           (adybug/src/main.s):00200                 lda     PIA1_DA
C01C B6FF02           (adybug/src/main.s):00201                 lda     PIA1_DB
C01F B6FF20           (adybug/src/main.s):00202                 lda     PIA2_DA
C022 B6FF22           (adybug/src/main.s):00203                 lda     PIA2_DB
                      (adybug/src/main.s):00204         
                      (adybug/src/main.s):00205                 ; --- Init0 — legacy mode, ACVC IRQ on, force $FExx, MMU still off ---
C025 86A8             (adybug/src/main.s):00206                 lda     #%10101000
C027 B7FF90           (adybug/src/main.s):00207                 sta     GIME_INIT0
C02A B7FFDE           (adybug/src/main.s):00208                 sta     SAM_ROMRAM       ; cart map is selected before clearing TY
                      (adybug/src/main.s):00209         
                      (adybug/src/main.s):00210                 ; --- Execute directly from cartridge ROM ---
                      (adybug/src/main.s):00211                 ; Keep TY=0. XRoar discards writes to the selected cartridge window,
                      (adybug/src/main.s):00212                 ; so the former same-address self-copy never populated phys $3E-$3F.
                      (adybug/src/main.s):00213                 ; PAR6=$3E keeps $C000-$DFFF cartridge-backed after MMU enable while
                      (adybug/src/main.s):00214                 ; the framebuffer and writable state use ordinary RAM pages below $3C.
                      (adybug/src/main.s):00215         
                      (adybug/src/main.s):00216                 ; --- Force executive PAR set ($FFA0-$FFA7) to be active ---
C02D 7FFF91           (adybug/src/main.s):00217                 clr     $FF91
                      (adybug/src/main.s):00218         
                      (adybug/src/main.s):00219                 ; --- Set up MMU PARs (executive set) ---
                      (adybug/src/main.s):00220                 ; PAR0 ($0000) = phys $38   low RAM (DP, stack)
                      (adybug/src/main.s):00221                 ; PAR1 ($2000) = phys $30   FB page 0
                      (adybug/src/main.s):00222                 ; PAR2 ($4000) = phys $31   FB page 1
                      (adybug/src/main.s):00223                 ; PAR3 ($6000) = phys $32   FB page 2
                      (adybug/src/main.s):00224                 ; PAR4 ($8000) = phys $33   FB page 3
                      (adybug/src/main.s):00225                 ; PAR5 ($A000) = phys $34   game state (Phase 4+)
                      (adybug/src/main.s):00226                 ; PAR6 ($C000) = phys $3E   cartridge code (current 8 K window)
                      (adybug/src/main.s):00227                 ; PAR7 ($E000) = phys $3F   cartridge/ROM window + IO + jump table
C030 308D1362         (adybug/src/main.s):00228                 leax    par_table,pcr
C034 108EFFA0         (adybug/src/main.s):00229                 ldy     #PAR_EXEC
C038 C608             (adybug/src/main.s):00230                 ldb     #8
C03A A680             (adybug/src/main.s):00231         parloop lda     ,x+
C03C A7A0             (adybug/src/main.s):00232                 sta     ,y+
C03E 5A               (adybug/src/main.s):00233                 decb
C03F 26F9             (adybug/src/main.s):00234                 bne     parloop
                      (adybug/src/main.s):00235         
                      (adybug/src/main.s):00236                 ; --- Fast clock 1.78 MHz ---
C041 B7FFD9           (adybug/src/main.s):00237                 sta     SAM_FAST
                      (adybug/src/main.s):00238         
                      (adybug/src/main.s):00239                 ; --- Set up display (still blanked via CRES=11) ---
C044 8680             (adybug/src/main.s):00240                 lda     #%10000000      ; BP=1 (graphics)
C046 B7FF98           (adybug/src/main.s):00241                 sta     GIME_VMODE
                      (adybug/src/main.s):00242         
C049 861F             (adybug/src/main.s):00243                 lda     #$1F            ; VRES=00 HRES=111 CRES=11 (BLANKED)
C04B B7FF99           (adybug/src/main.s):00244                 sta     GIME_VRES
                      (adybug/src/main.s):00245         
C04E 7FFF9A           (adybug/src/main.s):00246                 clr     GIME_BORDER     ; canonical Black outside the active framebuffer
                      (adybug/src/main.s):00247         
                      (adybug/src/main.s):00248                 ; FB at phys $30 → physical address $060000.
                      (adybug/src/main.s):00249                 ;   Y18=1, Y17=1, Y16..Y3 = 0
                      (adybug/src/main.s):00250                 ;   V1 ($FF9D) = Y18..Y11 = %11000000 = $C0
                      (adybug/src/main.s):00251                 ;   V0 ($FF9E) = Y10..Y3  = $00
C051 86C0             (adybug/src/main.s):00252                 lda     #$C0
C053 B7FF9D           (adybug/src/main.s):00253                 sta     GIME_VOFF1
C056 7FFF9E           (adybug/src/main.s):00254                 clr     GIME_VOFF0
                      (adybug/src/main.s):00255         
                      (adybug/src/main.s):00256                 ; --- Init0 — turn on MMU + switch to hi-res. Display still blanked. ---
                      (adybug/src/main.s):00257                 ; %01101000 = COCO=0 MMU=1 ACVCIRQ=1 ACVCFIRQ=0 force-$FExx=1 SCS=0 ROMmap=00
C059 8668             (adybug/src/main.s):00258                 lda     #%01101000
C05B B7FF90           (adybug/src/main.s):00259                 sta     GIME_INIT0
                      (adybug/src/main.s):00260         
                      (adybug/src/main.s):00261                 ; --- Load palette (16 entries) ---
C05E 308D1F9E         (adybug/src/main.s):00262                 leax    palette_table,pcr
C062 108EFFB0         (adybug/src/main.s):00263                 ldy     #PAL_BASE
C066 C610             (adybug/src/main.s):00264                 ldb     #16
C068 A680             (adybug/src/main.s):00265         palloop lda     ,x+
C06A A7A0             (adybug/src/main.s):00266                 sta     ,y+
C06C 5A               (adybug/src/main.s):00267                 decb
C06D 26F9             (adybug/src/main.s):00268                 bne     palloop
                      (adybug/src/main.s):00269         
                      (adybug/src/main.s):00270                 ; --- Clear FB to palette idx 0 (black) ---
                      (adybug/src/main.s):00271                 ; 30720 bytes = 15360 STDs.
C06F 8E2000           (adybug/src/main.s):00272                 ldx     #FB_VIRT
C072 CC0000           (adybug/src/main.s):00273                 ldd     #$0000
C075 ED81             (adybug/src/main.s):00274         clr_fb  std     ,x++
C077 8C9800           (adybug/src/main.s):00275                 cmpx    #FB_END
C07A 25F9             (adybug/src/main.s):00276                 blo     clr_fb
                      (adybug/src/main.s):00277         
                      (adybug/src/main.s):00278                 ; --- Phase 3 authored screen ---
C07C 171281           (adybug/src/main.s):00279                 lbsr    draw_screen
                      (adybug/src/main.s):00280         
                      (adybug/src/main.s):00281                 ; --- Phase 4 state, joystick, and player sprite ---
C07F 17008D           (adybug/src/main.s):00282                 lbsr    init_game_state
C082 170481           (adybug/src/main.s):00283                 lbsr    init_maze_state
C085 1707E3           (adybug/src/main.s):00284                 lbsr    init_gate_state
C088 1707F4           (adybug/src/main.s):00285                 lbsr    init_joystick
C08B 170842           (adybug/src/main.s):00286                 lbsr    read_joystick
C08E 9635             (adybug/src/main.s):00287                 lda     RNG_STATE+1
C090 9801             (adybug/src/main.s):00288                 eora    JOY_X
C092 9B04             (adybug/src/main.s):00289                 adda    JOY_Y
C094 9735             (adybug/src/main.s):00290                 sta     RNG_STATE+1
C096 170480           (adybug/src/main.s):00291                 lbsr    init_entities
C099 170814           (adybug/src/main.s):00292                 lbsr    init_player
C09C 17056D           (adybug/src/main.s):00293                 lbsr    draw_entities
C09F 170230           (adybug/src/main.s):00294                 lbsr    draw_hud
C0A2 1703BC           (adybug/src/main.s):00295                 lbsr    draw_lives
C0A5 1710D3           (adybug/src/main.s):00296                 lbsr    init_enemy
C0A8 171097           (adybug/src/main.s):00297                 lbsr    draw_player
                      (adybug/src/main.s):00298         
                      (adybug/src/main.s):00299                 ; --- Un-blank: 320×192×16 (CRES=10 + HRES=111 → 4bpp on this build) ---
C0AB 861E             (adybug/src/main.s):00300                 lda     #$1E
C0AD B7FF99           (adybug/src/main.s):00301                 sta     GIME_VRES
                      (adybug/src/main.s):00302         
                      (adybug/src/main.s):00303                 ; --- IRQ handler at $FEF7 jump-table slot ---
C0B0 867E             (adybug/src/main.s):00304                 lda     #$7E            ; JMP extended
C0B2 B7FEF7           (adybug/src/main.s):00305                 sta     JT_IRQ
C0B5 CCD38C           (adybug/src/main.s):00306                 ldd     #irq_handler
C0B8 FDFEF8           (adybug/src/main.s):00307                 std     JT_IRQ+1
                      (adybug/src/main.s):00308         
C0BB 0F02             (adybug/src/main.s):00309                 clr     FRAMES
C0BD 0F03             (adybug/src/main.s):00310                 clr     FRAMES+1
C0BF 0F00             (adybug/src/main.s):00311                 clr     LAST_FRAME
                      (adybug/src/main.s):00312         
                      (adybug/src/main.s):00313                 ; --- Enable Vbord ---
C0C1 8608             (adybug/src/main.s):00314                 lda     #%00001000
C0C3 B7FF92           (adybug/src/main.s):00315                 sta     GIME_IRQEN
C0C6 B6FF92           (adybug/src/main.s):00316                 lda     GIME_IRQEN
                      (adybug/src/main.s):00317         
C0C9 1CEF             (adybug/src/main.s):00318                 andcc   #%11101111      ; unmask IRQ
                      (adybug/src/main.s):00319         
                      (adybug/src/main.s):00320         ;==============================================================================
                      (adybug/src/main.s):00321         ; mainloop — sample every Vbord; advance two pixels every second Vbord.
                      (adybug/src/main.s):00322         ;==============================================================================
C0CB                  (adybug/src/main.s):00323         mainloop
C0CB 13               (adybug/src/main.s):00324                 sync
C0CC 9603             (adybug/src/main.s):00325                 lda     FRAMES+1
C0CE 9100             (adybug/src/main.s):00326                 cmpa    LAST_FRAME
C0D0 27F9             (adybug/src/main.s):00327                 beq     mainloop
C0D2 9700             (adybug/src/main.s):00328                 sta     LAST_FRAME
C0D4 1707F9           (adybug/src/main.s):00329                 lbsr    read_joystick
C0D7 170C6D           (adybug/src/main.s):00330                 lbsr    finish_gate_animation
C0DA 17060E           (adybug/src/main.s):00331                 lbsr    bonus_color_tick
C0DD 170650           (adybug/src/main.s):00332                 lbsr    perimeter_timer_tick
C0E0 17107B           (adybug/src/main.s):00333                 lbsr    player_animation_tick
C0E3 1710A2           (adybug/src/main.s):00334                 lbsr    enemy_tick
C0E6 170D9A           (adybug/src/main.s):00335                 lbsr    pickup_tick
C0E9 170515           (adybug/src/main.s):00336                 lbsr    rng_next         ; stage placement depends on elapsed play time
C0EC 964D             (adybug/src/main.s):00337                 lda     DEATH_STATE
C0EE 2705             (adybug/src/main.s):00338                 beq     main_alive
C0F0 170E4A           (adybug/src/main.s):00339                 lbsr    death_tick
C0F3 20D6             (adybug/src/main.s):00340                 bra     mainloop
C0F5                  (adybug/src/main.s):00341         main_alive
C0F5 9651             (adybug/src/main.s):00342                 lda     PICKUP_TIMER
C0F7 26D2             (adybug/src/main.s):00343                 bne     mainloop
C0F9 9600             (adybug/src/main.s):00344                 lda     LAST_FRAME
C0FB 8401             (adybug/src/main.s):00345                 anda    #$01
C0FD 26CC             (adybug/src/main.s):00346                 bne     mainloop
C0FF                  (adybug/src/main.s):00347         phase4_before_tick
C0FF 170850           (adybug/src/main.s):00348                 lbsr    player_tick
C102 9651             (adybug/src/main.s):00349                 lda     PICKUP_TIMER
C104 26C5             (adybug/src/main.s):00350                 bne     mainloop
C106 9626             (adybug/src/main.s):00351                 lda     STAGE_PENDING
C108 27C1             (adybug/src/main.s):00352                 beq     mainloop
C10A 17004B           (adybug/src/main.s):00353                 lbsr    next_stage
C10D 20BC             (adybug/src/main.s):00354                 bra     mainloop
                      (adybug/src/main.s):00355         
                      (adybug/src/main.s):00356         ;==============================================================================
                      (adybug/src/main.s):00357         ; Phase 5 score, HUD, and no-enemy stage state.
                      (adybug/src/main.s):00358         ;==============================================================================
C10F                  (adybug/src/main.s):00359         init_game_state
C10F 0F1D             (adybug/src/main.s):00360                 clr     SCORE_BCD
C111 0F1E             (adybug/src/main.s):00361                 clr     SCORE_BCD+1
C113 0F1F             (adybug/src/main.s):00362                 clr     SCORE_BCD+2
C115 0F20             (adybug/src/main.s):00363                 clr     HIGH_BCD
C117 0F21             (adybug/src/main.s):00364                 clr     HIGH_BCD+1
C119 0F22             (adybug/src/main.s):00365                 clr     HIGH_BCD+2
C11B 8603             (adybug/src/main.s):00366                 lda     #3
C11D 9723             (adybug/src/main.s):00367                 sta     LIVES
C11F 8601             (adybug/src/main.s):00368                 lda     #1
C121 9724             (adybug/src/main.s):00369                 sta     STAGE
C123 8675             (adybug/src/main.s):00370                 lda     #MAZE_DOT_COUNT
C125 9725             (adybug/src/main.s):00371                 sta     DOTS_LEFT
C127 0F26             (adybug/src/main.s):00372                 clr     STAGE_PENDING
C129 0F3C             (adybug/src/main.s):00373                 clr     SPECIAL_BITS
C12B 0F3D             (adybug/src/main.s):00374                 clr     EXTRA_BITS
C12D 0F3A             (adybug/src/main.s):00375                 clr     DEATH_TIMER
C12F 0F4D             (adybug/src/main.s):00376                 clr     DEATH_STATE
C131 0F4F             (adybug/src/main.s):00377                 clr     PLAYER_ANIM
C133 8608             (adybug/src/main.s):00378                 lda     #8
C135 9750             (adybug/src/main.s):00379                 sta     PLAYER_ANIM_TIMER
C137 0F51             (adybug/src/main.s):00380                 clr     PICKUP_TIMER
C139 0F53             (adybug/src/main.s):00381                 clr     ANGEL_SWING
C13B 0F56             (adybug/src/main.s):00382                 clr     TURN_SNAP
C13D 8601             (adybug/src/main.s):00383                 lda     #1
C13F 973B             (adybug/src/main.s):00384                 sta     MULTIPLIER
C141 CC1D0F           (adybug/src/main.s):00385                 ldd     #$1D0F
C144 DD34             (adybug/src/main.s):00386                 std     RNG_STATE
C146 8603             (adybug/src/main.s):00387                 lda     #COLOR_BLUE
C148 972F             (adybug/src/main.s):00388                 sta     BONUS_COLOR
C14A CC01A4           (adybug/src/main.s):00389                 ldd     #420
C14D DD30             (adybug/src/main.s):00390                 std     BONUS_TIMER
C14F 8609             (adybug/src/main.s):00391                 lda     #9
C151 974A             (adybug/src/main.s):00392                 sta     BOX_TIMER
C153 0F4B             (adybug/src/main.s):00393                 clr     BOX_INDEX
C155 0F4C             (adybug/src/main.s):00394                 clr     BOX_PHASE
C157 39               (adybug/src/main.s):00395                 rts
                      (adybug/src/main.s):00396         
C158                  (adybug/src/main.s):00397         next_stage
C158 0F26             (adybug/src/main.s):00398                 clr     STAGE_PENDING
C15A 0C24             (adybug/src/main.s):00399                 inc     STAGE
C15C 2602             (adybug/src/main.s):00400                 bne     ns_stage_valid
C15E 0C24             (adybug/src/main.s):00401                 inc     STAGE
C160                  (adybug/src/main.s):00402         ns_stage_valid
C160 8675             (adybug/src/main.s):00403                 lda     #MAZE_DOT_COUNT
C162 9725             (adybug/src/main.s):00404                 sta     DOTS_LEFT
C164 8601             (adybug/src/main.s):00405                 lda     #1
C166 973B             (adybug/src/main.s):00406                 sta     MULTIPLIER
C168 8609             (adybug/src/main.s):00407                 lda     #9
C16A 974A             (adybug/src/main.s):00408                 sta     BOX_TIMER
C16C 0F4B             (adybug/src/main.s):00409                 clr     BOX_INDEX
C16E 0F4C             (adybug/src/main.s):00410                 clr     BOX_PHASE
C170 17118D           (adybug/src/main.s):00411                 lbsr    draw_screen
C173 170390           (adybug/src/main.s):00412                 lbsr    init_maze_state
C176 1706F2           (adybug/src/main.s):00413                 lbsr    init_gate_state
C179 17039D           (adybug/src/main.s):00414                 lbsr    init_entities
C17C 170731           (adybug/src/main.s):00415                 lbsr    init_player
C17F 17048A           (adybug/src/main.s):00416                 lbsr    draw_entities
C182 17014D           (adybug/src/main.s):00417                 lbsr    draw_hud
C185 1702D9           (adybug/src/main.s):00418                 lbsr    draw_lives
C188 170FF0           (adybug/src/main.s):00419                 lbsr    init_enemy
C18B 170FB4           (adybug/src/main.s):00420                 lbsr    draw_player
C18E 39               (adybug/src/main.s):00421                 rts
                      (adybug/src/main.s):00422         
C18F                  (adybug/src/main.s):00423         add_dot_score
C18F 963B             (adybug/src/main.s):00424                 lda     MULTIPLIER
C191 9748             (adybug/src/main.s):00425                 sta     ENTITY_WORK
C193                  (adybug/src/main.s):00426         ads_ten_loop
C193 961F             (adybug/src/main.s):00427                 lda     SCORE_BCD+2
C195 8B10             (adybug/src/main.s):00428                 adda    #$10            ; ten points
C197 19               (adybug/src/main.s):00429                 daa
C198 971F             (adybug/src/main.s):00430                 sta     SCORE_BCD+2
C19A 2410             (adybug/src/main.s):00431                 bcc     ads_ten_next
C19C 961E             (adybug/src/main.s):00432                 lda     SCORE_BCD+1
C19E 8900             (adybug/src/main.s):00433                 adca    #0
C1A0 19               (adybug/src/main.s):00434                 daa
C1A1 971E             (adybug/src/main.s):00435                 sta     SCORE_BCD+1
C1A3 2407             (adybug/src/main.s):00436                 bcc     ads_ten_next
C1A5 961D             (adybug/src/main.s):00437                 lda     SCORE_BCD
C1A7 8900             (adybug/src/main.s):00438                 adca    #0
C1A9 19               (adybug/src/main.s):00439                 daa
C1AA 971D             (adybug/src/main.s):00440                 sta     SCORE_BCD
C1AC                  (adybug/src/main.s):00441         ads_ten_next
C1AC 0A48             (adybug/src/main.s):00442                 dec     ENTITY_WORK
C1AE 26E3             (adybug/src/main.s):00443                 bne     ads_ten_loop
C1B0                  (adybug/src/main.s):00444         ads_copy_high
C1B0 DC1D             (adybug/src/main.s):00445                 ldd     SCORE_BCD
C1B2 DD20             (adybug/src/main.s):00446                 std     HIGH_BCD
C1B4 961F             (adybug/src/main.s):00447                 lda     SCORE_BCD+2
C1B6 9722             (adybug/src/main.s):00448                 sta     HIGH_BCD+2
C1B8 170117           (adybug/src/main.s):00449                 lbsr    draw_hud
C1BB 39               (adybug/src/main.s):00450                 rts
                      (adybug/src/main.s):00451         
C1BC                  (adybug/src/main.s):00452         add_bonus_score
C1BC 962F             (adybug/src/main.s):00453                 lda     BONUS_COLOR
C1BE 8101             (adybug/src/main.s):00454                 cmpa    #COLOR_RED
C1C0 270C             (adybug/src/main.s):00455                 beq     abs_red
C1C2 8102             (adybug/src/main.s):00456                 cmpa    #COLOR_YELLOW
C1C4 2704             (adybug/src/main.s):00457                 beq     abs_yellow
C1C6 8601             (adybug/src/main.s):00458                 lda     #1
C1C8 2006             (adybug/src/main.s):00459                 bra     abs_multiply
C1CA                  (adybug/src/main.s):00460         abs_yellow
C1CA 8603             (adybug/src/main.s):00461                 lda     #3
C1CC 2002             (adybug/src/main.s):00462                 bra     abs_multiply
C1CE                  (adybug/src/main.s):00463         abs_red
C1CE 8608             (adybug/src/main.s):00464                 lda     #8
C1D0                  (adybug/src/main.s):00465         abs_multiply
C1D0 D63B             (adybug/src/main.s):00466                 ldb     MULTIPLIER
C1D2 3D               (adybug/src/main.s):00467                 mul
C1D3 D748             (adybug/src/main.s):00468                 stb     ENTITY_WORK
C1D5                  (adybug/src/main.s):00469         abs_hundred
C1D5 961E             (adybug/src/main.s):00470                 lda     SCORE_BCD+1
C1D7 8B01             (adybug/src/main.s):00471                 adda    #$01
C1D9 19               (adybug/src/main.s):00472                 daa
C1DA 971E             (adybug/src/main.s):00473                 sta     SCORE_BCD+1
C1DC 2407             (adybug/src/main.s):00474                 bcc     abs_next
C1DE 961D             (adybug/src/main.s):00475                 lda     SCORE_BCD
C1E0 8900             (adybug/src/main.s):00476                 adca    #0
C1E2 19               (adybug/src/main.s):00477                 daa
C1E3 971D             (adybug/src/main.s):00478                 sta     SCORE_BCD
C1E5                  (adybug/src/main.s):00479         abs_next
C1E5 0A48             (adybug/src/main.s):00480                 dec     ENTITY_WORK
C1E7 26EC             (adybug/src/main.s):00481                 bne     abs_hundred
C1E9 DC1D             (adybug/src/main.s):00482                 ldd     SCORE_BCD
C1EB DD20             (adybug/src/main.s):00483                 std     HIGH_BCD
C1ED 961F             (adybug/src/main.s):00484                 lda     SCORE_BCD+2
C1EF 9722             (adybug/src/main.s):00485                 sta     HIGH_BCD+2
C1F1 1700DE           (adybug/src/main.s):00486                 lbsr    draw_hud
C1F4 39               (adybug/src/main.s):00487                 rts
                      (adybug/src/main.s):00488         
C1F5                  (adybug/src/main.s):00489         apply_letter_pickup
C1F5 962F             (adybug/src/main.s):00490                 lda     BONUS_COLOR
C1F7 8101             (adybug/src/main.s):00491                 cmpa    #COLOR_RED
C1F9 2705             (adybug/src/main.s):00492                 beq     alp_special
C1FB 8102             (adybug/src/main.s):00493                 cmpa    #COLOR_YELLOW
C1FD 2730             (adybug/src/main.s):00494                 beq     alp_extra
C1FF 39               (adybug/src/main.s):00495                 rts
C200                  (adybug/src/main.s):00496         alp_special
C200 9639             (adybug/src/main.s):00497                 lda     ENTITY_VARIANT
C202 308D0091         (adybug/src/main.s):00498                 leax    special_letter_bits,pcr
C206 E686             (adybug/src/main.s):00499                 ldb     a,x
C208 2752             (adybug/src/main.s):00500                 beq     alp_done
C20A DA3C             (adybug/src/main.s):00501                 orb     SPECIAL_BITS
C20C D73C             (adybug/src/main.s):00502                 stb     SPECIAL_BITS
C20E C17F             (adybug/src/main.s):00503                 cmpb    #$7F
C210 2607             (adybug/src/main.s):00504                 bne     alp_special_draw
C212 0F3C             (adybug/src/main.s):00505                 clr     SPECIAL_BITS
C214 170046           (adybug/src/main.s):00506                 lbsr    add_special_score
C217 0C26             (adybug/src/main.s):00507                 inc     STAGE_PENDING
C219                  (adybug/src/main.s):00508         alp_special_draw
C219 9639             (adybug/src/main.s):00509                 lda     ENTITY_VARIANT
C21B 308D0084         (adybug/src/main.s):00510                 leax    special_letter_x,pcr
C21F E686             (adybug/src/main.s):00511                 ldb     a,x
C221 D727             (adybug/src/main.s):00512                 stb     HUD_X
C223 8601             (adybug/src/main.s):00513                 lda     #1
C225 9728             (adybug/src/main.s):00514                 sta     HUD_Y
C227 8601             (adybug/src/main.s):00515                 lda     #COLOR_RED
C229 9729             (adybug/src/main.s):00516                 sta     HUD_COLOR
C22B 1701CF           (adybug/src/main.s):00517                 lbsr    draw_recolored_map_tile
C22E 39               (adybug/src/main.s):00518                 rts
C22F                  (adybug/src/main.s):00519         alp_extra
C22F 9639             (adybug/src/main.s):00520                 lda     ENTITY_VARIANT
C231 308D007A         (adybug/src/main.s):00521                 leax    extra_letter_bits,pcr
C235 E686             (adybug/src/main.s):00522                 ldb     a,x
C237 2723             (adybug/src/main.s):00523                 beq     alp_done
C239 DA3D             (adybug/src/main.s):00524                 orb     EXTRA_BITS
C23B D73D             (adybug/src/main.s):00525                 stb     EXTRA_BITS
C23D C11F             (adybug/src/main.s):00526                 cmpb    #$1F
C23F 2606             (adybug/src/main.s):00527                 bne     alp_extra_draw
C241 0F3D             (adybug/src/main.s):00528                 clr     EXTRA_BITS
C243 0C23             (adybug/src/main.s):00529                 inc     LIVES
C245 0C26             (adybug/src/main.s):00530                 inc     STAGE_PENDING
C247                  (adybug/src/main.s):00531         alp_extra_draw
C247 9639             (adybug/src/main.s):00532                 lda     ENTITY_VARIANT
C249 308D006E         (adybug/src/main.s):00533                 leax    extra_letter_x,pcr
C24D E686             (adybug/src/main.s):00534                 ldb     a,x
C24F D727             (adybug/src/main.s):00535                 stb     HUD_X
C251 8604             (adybug/src/main.s):00536                 lda     #4
C253 9728             (adybug/src/main.s):00537                 sta     HUD_Y
C255 8602             (adybug/src/main.s):00538                 lda     #COLOR_YELLOW
C257 9729             (adybug/src/main.s):00539                 sta     HUD_COLOR
C259 1701A1           (adybug/src/main.s):00540                 lbsr    draw_recolored_map_tile
C25C                  (adybug/src/main.s):00541         alp_done
C25C 39               (adybug/src/main.s):00542                 rts
                      (adybug/src/main.s):00543         
C25D                  (adybug/src/main.s):00544         add_special_score
C25D 961D             (adybug/src/main.s):00545                 lda     SCORE_BCD
C25F 8B01             (adybug/src/main.s):00546                 adda    #$01            ; CoCo SPECIAL adaptation: 10,000 points
C261 19               (adybug/src/main.s):00547                 daa
C262 971D             (adybug/src/main.s):00548                 sta     SCORE_BCD
C264 DC1D             (adybug/src/main.s):00549                 ldd     SCORE_BCD
C266 DD20             (adybug/src/main.s):00550                 std     HIGH_BCD
C268 961F             (adybug/src/main.s):00551                 lda     SCORE_BCD+2
C26A 9722             (adybug/src/main.s):00552                 sta     HIGH_BCD+2
C26C 170063           (adybug/src/main.s):00553                 lbsr    draw_hud
C26F 39               (adybug/src/main.s):00554                 rts
                      (adybug/src/main.s):00555         
C270                  (adybug/src/main.s):00556         draw_multiplier_hud
C270 963B             (adybug/src/main.s):00557                 lda     MULTIPLIER
C272 8102             (adybug/src/main.s):00558                 cmpa    #2
C274 2708             (adybug/src/main.s):00559                 beq     dmh_two
C276 8103             (adybug/src/main.s):00560                 cmpa    #3
C278 2708             (adybug/src/main.s):00561                 beq     dmh_three
C27A 8605             (adybug/src/main.s):00562                 lda     #5
C27C 2006             (adybug/src/main.s):00563                 bra     dmh_draw
C27E                  (adybug/src/main.s):00564         dmh_two
C27E 8601             (adybug/src/main.s):00565                 lda     #1
C280 2002             (adybug/src/main.s):00566                 bra     dmh_draw
C282                  (adybug/src/main.s):00567         dmh_three
C282 8603             (adybug/src/main.s):00568                 lda     #3
C284                  (adybug/src/main.s):00569         dmh_draw
C284 9727             (adybug/src/main.s):00570                 sta     HUD_X
C286 8607             (adybug/src/main.s):00571                 lda     #7
C288 9728             (adybug/src/main.s):00572                 sta     HUD_Y
C28A 8603             (adybug/src/main.s):00573                 lda     #COLOR_BLUE
C28C 9729             (adybug/src/main.s):00574                 sta     HUD_COLOR
C28E 17016C           (adybug/src/main.s):00575                 lbsr    draw_recolored_map_tile
C291 0C27             (adybug/src/main.s):00576                 inc     HUD_X
C293 170167           (adybug/src/main.s):00577                 lbsr    draw_recolored_map_tile
C296 39               (adybug/src/main.s):00578                 rts
                      (adybug/src/main.s):00579         
                      (adybug/src/main.s):00580         ; Indexed by object-mask number 0..11.
C297                  (adybug/src/main.s):00581         special_letter_bits
C297 0000200804104002 (adybug/src/main.s):00582                 fcb     0,0,$20,$08,$04,$10,$40,$02,0,$01,0,0
     00010000
C2A3                  (adybug/src/main.s):00583         special_letter_x
C2A3 0000060403050702 (adybug/src/main.s):00584                 fcb     0,0,6,4,3,5,7,2,0,1,0,0
     00010000
C2AF                  (adybug/src/main.s):00585         extra_letter_bits
C2AF 0000100001000000 (adybug/src/main.s):00586                 fcb     0,0,$10,0,$01,0,0,0,$08,0,$04,$02
     08000402
C2BB                  (adybug/src/main.s):00587         extra_letter_x
C2BB 0000050001000000 (adybug/src/main.s):00588                 fcb     0,0,5,0,1,0,0,0,4,0,3,2
     04000302
                      (adybug/src/main.s):00589         
C2C7                  (adybug/src/main.s):00590         check_stage_clear
C2C7 9625             (adybug/src/main.s):00591                 lda     DOTS_LEFT
C2C9 2606             (adybug/src/main.s):00592                 bne     csc_done
C2CB 9633             (adybug/src/main.s):00593                 lda     BONUS_LEFT
C2CD 2602             (adybug/src/main.s):00594                 bne     csc_done
C2CF 0C26             (adybug/src/main.s):00595                 inc     STAGE_PENDING
C2D1                  (adybug/src/main.s):00596         csc_done
C2D1 39               (adybug/src/main.s):00597                 rts
                      (adybug/src/main.s):00598         
C2D2                  (adybug/src/main.s):00599         draw_hud
C2D2 8602             (adybug/src/main.s):00600                 lda     #2
C2D4 9728             (adybug/src/main.s):00601                 sta     HUD_Y
C2D6 8608             (adybug/src/main.s):00602                 lda     #COLOR_LIGHT_GREEN
C2D8 9729             (adybug/src/main.s):00603                 sta     HUD_COLOR
C2DA CE021D           (adybug/src/main.s):00604                 ldu     #SCORE_BCD
C2DD 1700AD           (adybug/src/main.s):00605                 lbsr    draw_bcd_line
C2E0 8605             (adybug/src/main.s):00606                 lda     #5
C2E2 9728             (adybug/src/main.s):00607                 sta     HUD_Y
C2E4 8601             (adybug/src/main.s):00608                 lda     #COLOR_RED
C2E6 9729             (adybug/src/main.s):00609                 sta     HUD_COLOR
C2E8 CE0220           (adybug/src/main.s):00610                 ldu     #HIGH_BCD
C2EB 17009F           (adybug/src/main.s):00611                 lbsr    draw_bcd_line
C2EE 8626             (adybug/src/main.s):00612                 lda     #38
C2F0 9727             (adybug/src/main.s):00613                 sta     HUD_X
C2F2 860A             (adybug/src/main.s):00614                 lda     #10
C2F4 9728             (adybug/src/main.s):00615                 sta     HUD_Y
C2F6 8603             (adybug/src/main.s):00616                 lda     #COLOR_BLUE
C2F8 9729             (adybug/src/main.s):00617                 sta     HUD_COLOR
C2FA 9624             (adybug/src/main.s):00618                 lda     STAGE
C2FC                  (adybug/src/main.s):00619         dhu_mod10
C2FC 810A             (adybug/src/main.s):00620                 cmpa    #10
C2FE 2504             (adybug/src/main.s):00621                 blo     dhu_stage_digit
C300 800A             (adybug/src/main.s):00622                 suba    #10
C302 20F8             (adybug/src/main.s):00623                 bra     dhu_mod10
C304                  (adybug/src/main.s):00624         dhu_stage_digit
C304 1700A9           (adybug/src/main.s):00625                 lbsr    draw_hud_digit
C307 170001           (adybug/src/main.s):00626                 lbsr    draw_vegetable_hud
C30A 39               (adybug/src/main.s):00627                 rts
                      (adybug/src/main.s):00628         
                      (adybug/src/main.s):00629         ; Display the stage vegetable at HUD columns 32-33, rows 11-12, followed by
                      (adybug/src/main.s):00630         ; its four-digit 1000..9500 value at columns 35-38 on row 12.
C30B                  (adybug/src/main.s):00631         draw_vegetable_hud
C30B 9624             (adybug/src/main.s):00632                 lda     STAGE
C30D 8112             (adybug/src/main.s):00633                 cmpa    #18
C30F 2302             (adybug/src/main.s):00634                 bls     dvh_stage_ok
C311 8612             (adybug/src/main.s):00635                 lda     #18
C313                  (adybug/src/main.s):00636         dvh_stage_ok
C313 4A               (adybug/src/main.s):00637                 deca
C314 9748             (adybug/src/main.s):00638                 sta     ENTITY_WORK
C316 C640             (adybug/src/main.s):00639                 ldb     #PACKED_SPRITE_SIZE
C318 3D               (adybug/src/main.s):00640                 mul
C319 318D1801         (adybug/src/main.s):00641                 leay    vegetable_sprites,pcr
C31D 31AB             (adybug/src/main.s):00642                 leay    d,y
C31F 8E5780           (adybug/src/main.s):00643                 ldx     #$5780          ; screen column 32, scanline 88
C322 338D0F16         (adybug/src/main.s):00644                 leau    sprite_attr0_pairs,pcr
C326 170ED2           (adybug/src/main.s):00645                 lbsr    blit_packed_sprite
                      (adybug/src/main.s):00646         
C329 9648             (adybug/src/main.s):00647                 lda     ENTITY_WORK
C32B 48               (adybug/src/main.s):00648                 lsla
C32C 338D0039         (adybug/src/main.s):00649                 leau    vegetable_values,pcr
C330 33C6             (adybug/src/main.s):00650                 leau    a,u
C332 8623             (adybug/src/main.s):00651                 lda     #35
C334 9727             (adybug/src/main.s):00652                 sta     HUD_X
C336 860C             (adybug/src/main.s):00653                 lda     #12
C338 9728             (adybug/src/main.s):00654                 sta     HUD_Y
C33A 8605             (adybug/src/main.s):00655                 lda     #COLOR_GREEN
C33C 9729             (adybug/src/main.s):00656                 sta     HUD_COLOR
C33E A6C0             (adybug/src/main.s):00657                 lda     ,u+
C340 972D             (adybug/src/main.s):00658                 sta     HUD_BCD_BYTE
C342 44               (adybug/src/main.s):00659                 lsra
C343 44               (adybug/src/main.s):00660                 lsra
C344 44               (adybug/src/main.s):00661                 lsra
C345 44               (adybug/src/main.s):00662                 lsra
C346 170067           (adybug/src/main.s):00663                 lbsr    draw_hud_digit
C349 0C27             (adybug/src/main.s):00664                 inc     HUD_X
C34B 962D             (adybug/src/main.s):00665                 lda     HUD_BCD_BYTE
C34D 840F             (adybug/src/main.s):00666                 anda    #$0F
C34F 17005E           (adybug/src/main.s):00667                 lbsr    draw_hud_digit
C352 0C27             (adybug/src/main.s):00668                 inc     HUD_X
C354 A6C4             (adybug/src/main.s):00669                 lda     ,u
C356 972D             (adybug/src/main.s):00670                 sta     HUD_BCD_BYTE
C358 44               (adybug/src/main.s):00671                 lsra
C359 44               (adybug/src/main.s):00672                 lsra
C35A 44               (adybug/src/main.s):00673                 lsra
C35B 44               (adybug/src/main.s):00674                 lsra
C35C 170051           (adybug/src/main.s):00675                 lbsr    draw_hud_digit
C35F 0C27             (adybug/src/main.s):00676                 inc     HUD_X
C361 962D             (adybug/src/main.s):00677                 lda     HUD_BCD_BYTE
C363 840F             (adybug/src/main.s):00678                 anda    #$0F
C365 170048           (adybug/src/main.s):00679                 lbsr    draw_hud_digit
C368 39               (adybug/src/main.s):00680                 rts
                      (adybug/src/main.s):00681         
C369                  (adybug/src/main.s):00682         vegetable_values
C369 1000150020002500 (adybug/src/main.s):00683                 fdb     $1000,$1500,$2000,$2500,$3000,$3500
     30003500
C375 4000450050005500 (adybug/src/main.s):00684                 fdb     $4000,$4500,$5000,$5500,$6000,$6500
     60006500
C381 7000750080008500 (adybug/src/main.s):00685                 fdb     $7000,$7500,$8000,$8500,$9000,$9500
     90009500
                      (adybug/src/main.s):00686         
C38D                  (adybug/src/main.s):00687         draw_bcd_line
C38D 8621             (adybug/src/main.s):00688                 lda     #33
C38F 9727             (adybug/src/main.s):00689                 sta     HUD_X
C391 8603             (adybug/src/main.s):00690                 lda     #3
C393 972E             (adybug/src/main.s):00691                 sta     HUD_BCD_COUNT
C395                  (adybug/src/main.s):00692         dbl_byte
C395 A6C0             (adybug/src/main.s):00693                 lda     ,u+
C397 972D             (adybug/src/main.s):00694                 sta     HUD_BCD_BYTE
C399 44               (adybug/src/main.s):00695                 lsra
C39A 44               (adybug/src/main.s):00696                 lsra
C39B 44               (adybug/src/main.s):00697                 lsra
C39C 44               (adybug/src/main.s):00698                 lsra
C39D 170010           (adybug/src/main.s):00699                 lbsr    draw_hud_digit
C3A0 0C27             (adybug/src/main.s):00700                 inc     HUD_X
C3A2 962D             (adybug/src/main.s):00701                 lda     HUD_BCD_BYTE
C3A4 840F             (adybug/src/main.s):00702                 anda    #$0F
C3A6 170007           (adybug/src/main.s):00703                 lbsr    draw_hud_digit
C3A9 0C27             (adybug/src/main.s):00704                 inc     HUD_X
C3AB 0A2E             (adybug/src/main.s):00705                 dec     HUD_BCD_COUNT
C3AD 26E6             (adybug/src/main.s):00706                 bne     dbl_byte
C3AF 39               (adybug/src/main.s):00707                 rts
                      (adybug/src/main.s):00708         
                      (adybug/src/main.s):00709         ; A=digit 0..9. HUD_X/HUD_Y/HUD_COLOR select destination and colour.
C3B0                  (adybug/src/main.s):00710         draw_hud_digit
C3B0 C620             (adybug/src/main.s):00711                 ldb     #HUD_DIGIT_SIZE
C3B2 3D               (adybug/src/main.s):00712                 mul
C3B3 318D2C9F         (adybug/src/main.s):00713                 leay    hud_digit_tiles,pcr
C3B7 31AB             (adybug/src/main.s):00714                 leay    d,y
C3B9 9628             (adybug/src/main.s):00715                 lda     HUD_Y
C3BB C605             (adybug/src/main.s):00716                 ldb     #5
C3BD 3D               (adybug/src/main.s):00717                 mul
C3BE 1F98             (adybug/src/main.s):00718                 tfr     b,a
C3C0 5F               (adybug/src/main.s):00719                 clrb
C3C1 C32000           (adybug/src/main.s):00720                 addd    #FB_VIRT
C3C4 1F01             (adybug/src/main.s):00721                 tfr     d,x
C3C6 4F               (adybug/src/main.s):00722                 clra
C3C7 D627             (adybug/src/main.s):00723                 ldb     HUD_X
C3C9 58               (adybug/src/main.s):00724                 lslb
C3CA 49               (adybug/src/main.s):00725                 rola
C3CB 58               (adybug/src/main.s):00726                 lslb
C3CC 49               (adybug/src/main.s):00727                 rola
C3CD 308B             (adybug/src/main.s):00728                 leax    d,x             ; HUD columns exceed signed 8-bit A offsets
C3CF 8608             (adybug/src/main.s):00729                 lda     #8
C3D1 972B             (adybug/src/main.s):00730                 sta     HUD_COUNT
C3D3                  (adybug/src/main.s):00731         dhd_row
C3D3 8604             (adybug/src/main.s):00732                 lda     #4
C3D5 972C             (adybug/src/main.s):00733                 sta     HUD_WIDTH
C3D7                  (adybug/src/main.s):00734         dhd_byte
C3D7 A6A0             (adybug/src/main.s):00735                 lda     ,y+
C3D9 972A             (adybug/src/main.s):00736                 sta     HUD_BYTE
C3DB 4F               (adybug/src/main.s):00737                 clra
C3DC D62A             (adybug/src/main.s):00738                 ldb     HUD_BYTE
C3DE C5F0             (adybug/src/main.s):00739                 bitb    #$F0
C3E0 2706             (adybug/src/main.s):00740                 beq     dhd_low
C3E2 9629             (adybug/src/main.s):00741                 lda     HUD_COLOR
C3E4 48               (adybug/src/main.s):00742                 lsla
C3E5 48               (adybug/src/main.s):00743                 lsla
C3E6 48               (adybug/src/main.s):00744                 lsla
C3E7 48               (adybug/src/main.s):00745                 lsla
C3E8                  (adybug/src/main.s):00746         dhd_low
C3E8 C50F             (adybug/src/main.s):00747                 bitb    #$0F
C3EA 2702             (adybug/src/main.s):00748                 beq     dhd_store
C3EC 9A29             (adybug/src/main.s):00749                 ora     HUD_COLOR
C3EE                  (adybug/src/main.s):00750         dhd_store
C3EE A780             (adybug/src/main.s):00751                 sta     ,x+
C3F0 0A2C             (adybug/src/main.s):00752                 dec     HUD_WIDTH
C3F2 26E3             (adybug/src/main.s):00753                 bne     dhd_byte
C3F4 3089009C         (adybug/src/main.s):00754                 leax    156,x
C3F8 0A2B             (adybug/src/main.s):00755                 dec     HUD_COUNT
C3FA 26D7             (adybug/src/main.s):00756                 bne     dhd_row
C3FC 39               (adybug/src/main.s):00757                 rts
                      (adybug/src/main.s):00758         
                      (adybug/src/main.s):00759         ; Recolour the authored non-Black pixels at HUD_X,HUD_Y with HUD_COLOR.
C3FD                  (adybug/src/main.s):00760         draw_recolored_map_tile
C3FD 9628             (adybug/src/main.s):00761                 lda     HUD_Y
C3FF C628             (adybug/src/main.s):00762                 ldb     #40
C401 3D               (adybug/src/main.s):00763                 mul
C402 DB27             (adybug/src/main.s):00764                 addb    HUD_X
C404 8900             (adybug/src/main.s):00765                 adca    #0
C406 318D1C06         (adybug/src/main.s):00766                 leay    screen_map,pcr
C40A E6AB             (adybug/src/main.s):00767                 ldb     d,y
C40C 4F               (adybug/src/main.s):00768                 clra
C40D 58               (adybug/src/main.s):00769                 lslb
C40E 49               (adybug/src/main.s):00770                 rola
C40F 58               (adybug/src/main.s):00771                 lslb
C410 49               (adybug/src/main.s):00772                 rola
C411 58               (adybug/src/main.s):00773                 lslb
C412 49               (adybug/src/main.s):00774                 rola
C413 58               (adybug/src/main.s):00775                 lslb
C414 49               (adybug/src/main.s):00776                 rola
C415 58               (adybug/src/main.s):00777                 lslb
C416 49               (adybug/src/main.s):00778                 rola
C417 318D1FB5         (adybug/src/main.s):00779                 leay    screen_tiles,pcr
C41B 31AB             (adybug/src/main.s):00780                 leay    d,y
C41D 9628             (adybug/src/main.s):00781                 lda     HUD_Y
C41F C605             (adybug/src/main.s):00782                 ldb     #5
C421 3D               (adybug/src/main.s):00783                 mul
C422 1F98             (adybug/src/main.s):00784                 tfr     b,a
C424 5F               (adybug/src/main.s):00785                 clrb
C425 C32000           (adybug/src/main.s):00786                 addd    #FB_VIRT
C428 1F01             (adybug/src/main.s):00787                 tfr     d,x
C42A 4F               (adybug/src/main.s):00788                 clra
C42B D627             (adybug/src/main.s):00789                 ldb     HUD_X
C42D 58               (adybug/src/main.s):00790                 lslb
C42E 49               (adybug/src/main.s):00791                 rola
C42F 58               (adybug/src/main.s):00792                 lslb
C430 49               (adybug/src/main.s):00793                 rola
C431 308B             (adybug/src/main.s):00794                 leax    d,x
C433 8608             (adybug/src/main.s):00795                 lda     #8
C435 972B             (adybug/src/main.s):00796                 sta     HUD_COUNT
C437                  (adybug/src/main.s):00797         drmt_row
C437 8604             (adybug/src/main.s):00798                 lda     #4
C439 972C             (adybug/src/main.s):00799                 sta     HUD_WIDTH
C43B                  (adybug/src/main.s):00800         drmt_byte
C43B A6A0             (adybug/src/main.s):00801                 lda     ,y+
C43D 972A             (adybug/src/main.s):00802                 sta     HUD_BYTE
C43F 4F               (adybug/src/main.s):00803                 clra
C440 D62A             (adybug/src/main.s):00804                 ldb     HUD_BYTE
C442 C5F0             (adybug/src/main.s):00805                 bitb    #$F0
C444 2706             (adybug/src/main.s):00806                 beq     drmt_low
C446 9629             (adybug/src/main.s):00807                 lda     HUD_COLOR
C448 48               (adybug/src/main.s):00808                 lsla
C449 48               (adybug/src/main.s):00809                 lsla
C44A 48               (adybug/src/main.s):00810                 lsla
C44B 48               (adybug/src/main.s):00811                 lsla
C44C                  (adybug/src/main.s):00812         drmt_low
C44C C50F             (adybug/src/main.s):00813                 bitb    #$0F
C44E 2702             (adybug/src/main.s):00814                 beq     drmt_store
C450 9A29             (adybug/src/main.s):00815                 ora     HUD_COLOR
C452                  (adybug/src/main.s):00816         drmt_store
C452 A780             (adybug/src/main.s):00817                 sta     ,x+
C454 0A2C             (adybug/src/main.s):00818                 dec     HUD_WIDTH
C456 26E3             (adybug/src/main.s):00819                 bne     drmt_byte
C458 3089009C         (adybug/src/main.s):00820                 leax    156,x
C45C 0A2B             (adybug/src/main.s):00821                 dec     HUD_COUNT
C45E 26D7             (adybug/src/main.s):00822                 bne     drmt_row
C460 39               (adybug/src/main.s):00823                 rts
                      (adybug/src/main.s):00824         
C461                  (adybug/src/main.s):00825         draw_lives
C461 0F48             (adybug/src/main.s):00826                 clr     ENTITY_WORK
C463                  (adybug/src/main.s):00827         dl_marker
C463 9648             (adybug/src/main.s):00828                 lda     ENTITY_WORK
C465 48               (adybug/src/main.s):00829                 lsla
C466 8B21             (adybug/src/main.s):00830                 adda    #33
C468 9727             (adybug/src/main.s):00831                 sta     HUD_X
C46A 8615             (adybug/src/main.s):00832                 lda     #21
C46C 9728             (adybug/src/main.s):00833                 sta     HUD_Y
C46E 9648             (adybug/src/main.s):00834                 lda     ENTITY_WORK
C470 9123             (adybug/src/main.s):00835                 cmpa    LIVES
C472 2405             (adybug/src/main.s):00836                 bhs     dl_erase
C474 17003C           (adybug/src/main.s):00837                 lbsr    draw_life_marker
C477 2003             (adybug/src/main.s):00838                 bra     dl_next
C479                  (adybug/src/main.s):00839         dl_erase
C479 170009           (adybug/src/main.s):00840                 lbsr    clear_life_marker
C47C                  (adybug/src/main.s):00841         dl_next
C47C 0C48             (adybug/src/main.s):00842                 inc     ENTITY_WORK
C47E 9648             (adybug/src/main.s):00843                 lda     ENTITY_WORK
C480 8103             (adybug/src/main.s):00844                 cmpa    #3
C482 25DF             (adybug/src/main.s):00845                 blo     dl_marker
C484 39               (adybug/src/main.s):00846                 rts
                      (adybug/src/main.s):00847         
C485                  (adybug/src/main.s):00848         clear_life_marker
C485 9628             (adybug/src/main.s):00849                 lda     HUD_Y
C487 C605             (adybug/src/main.s):00850                 ldb     #5
C489 3D               (adybug/src/main.s):00851                 mul
C48A 1F98             (adybug/src/main.s):00852                 tfr     b,a
C48C 5F               (adybug/src/main.s):00853                 clrb
C48D C32000           (adybug/src/main.s):00854                 addd    #FB_VIRT
C490 1F01             (adybug/src/main.s):00855                 tfr     d,x
C492 4F               (adybug/src/main.s):00856                 clra
C493 D627             (adybug/src/main.s):00857                 ldb     HUD_X
C495 58               (adybug/src/main.s):00858                 lslb
C496 49               (adybug/src/main.s):00859                 rola
C497 58               (adybug/src/main.s):00860                 lslb
C498 49               (adybug/src/main.s):00861                 rola
C499 308B             (adybug/src/main.s):00862                 leax    d,x
C49B 8610             (adybug/src/main.s):00863                 lda     #16
C49D 972B             (adybug/src/main.s):00864                 sta     HUD_COUNT
C49F                  (adybug/src/main.s):00865         clm_row
C49F CC0000           (adybug/src/main.s):00866                 ldd     #0
C4A2 ED81             (adybug/src/main.s):00867                 std     ,x++
C4A4 ED81             (adybug/src/main.s):00868                 std     ,x++
C4A6 ED81             (adybug/src/main.s):00869                 std     ,x++
C4A8 ED81             (adybug/src/main.s):00870                 std     ,x++
C4AA 30890098         (adybug/src/main.s):00871                 leax    152,x
C4AE 0A2B             (adybug/src/main.s):00872                 dec     HUD_COUNT
C4B0 26ED             (adybug/src/main.s):00873                 bne     clm_row
C4B2 39               (adybug/src/main.s):00874                 rts
                      (adybug/src/main.s):00875         
C4B3                  (adybug/src/main.s):00876         draw_life_marker
C4B3 170012           (adybug/src/main.s):00877                 lbsr    draw_authored_hud_tile
C4B6 0C27             (adybug/src/main.s):00878                 inc     HUD_X
C4B8 17000D           (adybug/src/main.s):00879                 lbsr    draw_authored_hud_tile
C4BB 0A27             (adybug/src/main.s):00880                 dec     HUD_X
C4BD 0C28             (adybug/src/main.s):00881                 inc     HUD_Y
C4BF 170006           (adybug/src/main.s):00882                 lbsr    draw_authored_hud_tile
C4C2 0C27             (adybug/src/main.s):00883                 inc     HUD_X
C4C4 170001           (adybug/src/main.s):00884                 lbsr    draw_authored_hud_tile
C4C7 39               (adybug/src/main.s):00885                 rts
                      (adybug/src/main.s):00886         
C4C8                  (adybug/src/main.s):00887         draw_authored_hud_tile
C4C8 9628             (adybug/src/main.s):00888                 lda     HUD_Y
C4CA C628             (adybug/src/main.s):00889                 ldb     #40
C4CC 3D               (adybug/src/main.s):00890                 mul
C4CD DB27             (adybug/src/main.s):00891                 addb    HUD_X
C4CF 8900             (adybug/src/main.s):00892                 adca    #0
C4D1 318D1B3B         (adybug/src/main.s):00893                 leay    screen_map,pcr
C4D5 E6AB             (adybug/src/main.s):00894                 ldb     d,y
C4D7                  (adybug/src/main.s):00895         draw_hud_tile
C4D7 D717             (adybug/src/main.s):00896                 stb     DRAW_TILE
C4D9 9628             (adybug/src/main.s):00897                 lda     HUD_Y
C4DB C605             (adybug/src/main.s):00898                 ldb     #5
C4DD 3D               (adybug/src/main.s):00899                 mul
C4DE 1F98             (adybug/src/main.s):00900                 tfr     b,a
C4E0 5F               (adybug/src/main.s):00901                 clrb
C4E1 C32000           (adybug/src/main.s):00902                 addd    #FB_VIRT
C4E4 1F01             (adybug/src/main.s):00903                 tfr     d,x
C4E6 4F               (adybug/src/main.s):00904                 clra
C4E7 D627             (adybug/src/main.s):00905                 ldb     HUD_X
C4E9 58               (adybug/src/main.s):00906                 lslb
C4EA 49               (adybug/src/main.s):00907                 rola
C4EB 58               (adybug/src/main.s):00908                 lslb
C4EC 49               (adybug/src/main.s):00909                 rola
C4ED 308B             (adybug/src/main.s):00910                 leax    d,x
C4EF D617             (adybug/src/main.s):00911                 ldb     DRAW_TILE
C4F1 4F               (adybug/src/main.s):00912                 clra
C4F2 58               (adybug/src/main.s):00913                 lslb
C4F3 49               (adybug/src/main.s):00914                 rola
C4F4 58               (adybug/src/main.s):00915                 lslb
C4F5 49               (adybug/src/main.s):00916                 rola
C4F6 58               (adybug/src/main.s):00917                 lslb
C4F7 49               (adybug/src/main.s):00918                 rola
C4F8 58               (adybug/src/main.s):00919                 lslb
C4F9 49               (adybug/src/main.s):00920                 rola
C4FA 58               (adybug/src/main.s):00921                 lslb
C4FB 49               (adybug/src/main.s):00922                 rola
C4FC 318D1ED0         (adybug/src/main.s):00923                 leay    screen_tiles,pcr
C500 31AB             (adybug/src/main.s):00924                 leay    d,y
C502 170E31           (adybug/src/main.s):00925                 lbsr    blit_tile
C505 39               (adybug/src/main.s):00926                 rts
                      (adybug/src/main.s):00927         
                      (adybug/src/main.s):00928         ;==============================================================================
                      (adybug/src/main.s):00929         ; init_maze_state — copy immutable maze cells to writable game-state RAM.
                      (adybug/src/main.s):00930         ;
                      (adybug/src/main.s):00931         ; Inputs:
                      (adybug/src/main.s):00932         ;   None
                      (adybug/src/main.s):00933         ;
                      (adybug/src/main.s):00934         ; Returns:
                      (adybug/src/main.s):00935         ;   X, Y, U, A, CC — undefined
                      (adybug/src/main.s):00936         ;
                      (adybug/src/main.s):00937         ; Side effects:
                      (adybug/src/main.s):00938         ;   Writes 576 bytes at MAZE_STATE.
                      (adybug/src/main.s):00939         ;==============================================================================
C506                  (adybug/src/main.s):00940         init_maze_state
C506 308D31AC         (adybug/src/main.s):00941                 leax    maze_cells,pcr
C50A 108EA000         (adybug/src/main.s):00942                 ldy     #MAZE_STATE
C50E                  (adybug/src/main.s):00943         ims_copy
C50E A680             (adybug/src/main.s):00944                 lda     ,x+
C510 A7A0             (adybug/src/main.s):00945                 sta     ,y+
C512 108CA240         (adybug/src/main.s):00946                 cmpy    #MAZE_STATE+576
C516 25F6             (adybug/src/main.s):00947                 blo     ims_copy
C518 39               (adybug/src/main.s):00948                 rts
                      (adybug/src/main.s):00949         
                      (adybug/src/main.s):00950         ;==============================================================================
                      (adybug/src/main.s):00951         ; Randomized stage objects. Each four-byte record is x,y,type,mask index.
                      (adybug/src/main.s):00952         ;==============================================================================
C519                  (adybug/src/main.s):00953         init_entities
C519 0F49             (adybug/src/main.s):00954                 clr     ENTITY_TOTAL
C51B 8606             (adybug/src/main.s):00955                 lda     #6
C51D 9733             (adybug/src/main.s):00956                 sta     BONUS_LEFT
C51F 9624             (adybug/src/main.s):00957                 lda     STAGE
C521 8102             (adybug/src/main.s):00958                 cmpa    #2
C523 2510             (adybug/src/main.s):00959                 blo     ie_two_skulls
C525 8105             (adybug/src/main.s):00960                 cmpa    #5
C527 2510             (adybug/src/main.s):00961                 blo     ie_three_skulls
C529 8109             (adybug/src/main.s):00962                 cmpa    #9
C52B 2510             (adybug/src/main.s):00963                 blo     ie_four_skulls
C52D 8112             (adybug/src/main.s):00964                 cmpa    #18
C52F 2510             (adybug/src/main.s):00965                 blo     ie_five_skulls
C531 8606             (adybug/src/main.s):00966                 lda     #6
C533 200E             (adybug/src/main.s):00967                 bra     ie_place_skulls
C535                  (adybug/src/main.s):00968         ie_two_skulls
C535 8602             (adybug/src/main.s):00969                 lda     #2
C537 200A             (adybug/src/main.s):00970                 bra     ie_place_skulls
C539                  (adybug/src/main.s):00971         ie_three_skulls
C539 8603             (adybug/src/main.s):00972                 lda     #3
C53B 2006             (adybug/src/main.s):00973                 bra     ie_place_skulls
C53D                  (adybug/src/main.s):00974         ie_four_skulls
C53D 8604             (adybug/src/main.s):00975                 lda     #4
C53F 2002             (adybug/src/main.s):00976                 bra     ie_place_skulls
C541                  (adybug/src/main.s):00977         ie_five_skulls
C541 8605             (adybug/src/main.s):00978                 lda     #5
C543                  (adybug/src/main.s):00979         ie_place_skulls
C543 9748             (adybug/src/main.s):00980                 sta     ENTITY_WORK
C545                  (adybug/src/main.s):00981         ie_skull_loop
C545 8601             (adybug/src/main.s):00982                 lda     #ENTITY_SKULL
C547 C600             (adybug/src/main.s):00983                 ldb     #OBJECT_SKULL
C549 170061           (adybug/src/main.s):00984                 lbsr    place_entity
C54C 0A48             (adybug/src/main.s):00985                 dec     ENTITY_WORK
C54E 26F5             (adybug/src/main.s):00986                 bne     ie_skull_loop
                      (adybug/src/main.s):00987         
C550 8603             (adybug/src/main.s):00988                 lda     #3
C552 9748             (adybug/src/main.s):00989                 sta     ENTITY_WORK
C554                  (adybug/src/main.s):00990         ie_heart_loop
C554 8602             (adybug/src/main.s):00991                 lda     #ENTITY_HEART
C556 C601             (adybug/src/main.s):00992                 ldb     #OBJECT_HEART
C558 170052           (adybug/src/main.s):00993                 lbsr    place_entity
C55B 0A48             (adybug/src/main.s):00994                 dec     ENTITY_WORK
C55D 26F5             (adybug/src/main.s):00995                 bne     ie_heart_loop
                      (adybug/src/main.s):00996         
                      (adybug/src/main.s):00997                 ; One letter from X/T/R.
C55F 17009F           (adybug/src/main.s):00998                 lbsr    rng_next
C562                  (adybug/src/main.s):00999         ie_xtr_mod
C562 C103             (adybug/src/main.s):01000                 cmpb    #3
C564 2504             (adybug/src/main.s):01001                 blo     ie_xtr_pick
C566 C003             (adybug/src/main.s):01002                 subb    #3
C568 20F8             (adybug/src/main.s):01003                 bra     ie_xtr_mod
C56A                  (adybug/src/main.s):01004         ie_xtr_pick
C56A 308D0035         (adybug/src/main.s):01005                 leax    letter_xtr,pcr
C56E E685             (adybug/src/main.s):01006                 ldb     b,x
C570 8603             (adybug/src/main.s):01007                 lda     #ENTITY_LETTER
C572 170038           (adybug/src/main.s):01008                 lbsr    place_entity
                      (adybug/src/main.s):01009         
                      (adybug/src/main.s):01010                 ; One letter from S/P/C/I/L.
C575 170089           (adybug/src/main.s):01011                 lbsr    rng_next
C578                  (adybug/src/main.s):01012         ie_spcil_mod
C578 C105             (adybug/src/main.s):01013                 cmpb    #5
C57A 2504             (adybug/src/main.s):01014                 blo     ie_spcil_pick
C57C C005             (adybug/src/main.s):01015                 subb    #5
C57E 20F8             (adybug/src/main.s):01016                 bra     ie_spcil_mod
C580                  (adybug/src/main.s):01017         ie_spcil_pick
C580 308D0022         (adybug/src/main.s):01018                 leax    letter_spcil,pcr
C584 E685             (adybug/src/main.s):01019                 ldb     b,x
C586 8603             (adybug/src/main.s):01020                 lda     #ENTITY_LETTER
C588 170022           (adybug/src/main.s):01021                 lbsr    place_entity
                      (adybug/src/main.s):01022         
                      (adybug/src/main.s):01023                 ; One letter from E/A.
C58B 170073           (adybug/src/main.s):01024                 lbsr    rng_next
C58E C401             (adybug/src/main.s):01025                 andb    #1
C590 308D0017         (adybug/src/main.s):01026                 leax    letter_ea,pcr
C594 E685             (adybug/src/main.s):01027                 ldb     b,x
C596 8603             (adybug/src/main.s):01028                 lda     #ENTITY_LETTER
C598 170012           (adybug/src/main.s):01029                 lbsr    place_entity
C59B 9649             (adybug/src/main.s):01030                 lda     ENTITY_TOTAL
C59D 9732             (adybug/src/main.s):01031                 sta     ENTITY_COUNT
C59F 170093           (adybug/src/main.s):01032                 lbsr    erase_entity_footprints
C5A2 39               (adybug/src/main.s):01033                 rts
                      (adybug/src/main.s):01034         
C5A3                  (adybug/src/main.s):01035         letter_xtr
C5A3 0B0A08           (adybug/src/main.s):01036                 fcb     OBJECT_X,OBJECT_T,OBJECT_R
C5A6                  (adybug/src/main.s):01037         letter_spcil
C5A6 0907030506       (adybug/src/main.s):01038                 fcb     OBJECT_S,OBJECT_P,OBJECT_C,OBJECT_I,OBJECT_L
C5AB                  (adybug/src/main.s):01039         letter_ea
C5AB 0402             (adybug/src/main.s):01040                 fcb     OBJECT_E,OBJECT_A
                      (adybug/src/main.s):01041         
                      (adybug/src/main.s):01042         ; A=entity type, B=object-mask index.
C5AD                  (adybug/src/main.s):01043         place_entity
C5AD 9738             (adybug/src/main.s):01044                 sta     ENTITY_TYPE
C5AF D739             (adybug/src/main.s):01045                 stb     ENTITY_VARIANT
C5B1                  (adybug/src/main.s):01046         pe_retry
C5B1 17004D           (adybug/src/main.s):01047                 lbsr    rng_next
C5B4                  (adybug/src/main.s):01048         pe_reduce
C5B4 10830240         (adybug/src/main.s):01049                 cmpd    #576
C5B8 2505             (adybug/src/main.s):01050                 blo     pe_candidate
C5BA 830240           (adybug/src/main.s):01051                 subd    #576
C5BD 20F5             (adybug/src/main.s):01052                 bra     pe_reduce
C5BF                  (adybug/src/main.s):01053         pe_candidate
C5BF 1F02             (adybug/src/main.s):01054                 tfr     d,y
C5C1 8EA000           (adybug/src/main.s):01055                 ldx     #MAZE_STATE
C5C4 308B             (adybug/src/main.s):01056                 leax    d,x
C5C6 A684             (adybug/src/main.s):01057                 lda     ,x
C5C8 2AE7             (adybug/src/main.s):01058                 bpl     pe_retry
C5CA 847F             (adybug/src/main.s):01059                 anda    #$7F
C5CC A784             (adybug/src/main.s):01060                 sta     ,x
C5CE 0A25             (adybug/src/main.s):01061                 dec     DOTS_LEFT
                      (adybug/src/main.s):01062         
C5D0 4F               (adybug/src/main.s):01063                 clra
C5D1 0F37             (adybug/src/main.s):01064                 clr     ENTITY_Y
C5D3 1F20             (adybug/src/main.s):01065                 tfr     y,d
C5D5                  (adybug/src/main.s):01066         pe_row
C5D5 10830018         (adybug/src/main.s):01067                 cmpd    #24
C5D9 2507             (adybug/src/main.s):01068                 blo     pe_coordinates
C5DB 830018           (adybug/src/main.s):01069                 subd    #24
C5DE 0C37             (adybug/src/main.s):01070                 inc     ENTITY_Y
C5E0 20F3             (adybug/src/main.s):01071                 bra     pe_row
C5E2                  (adybug/src/main.s):01072         pe_coordinates
C5E2 D736             (adybug/src/main.s):01073                 stb     ENTITY_X
C5E4 9649             (adybug/src/main.s):01074                 lda     ENTITY_TOTAL
C5E6 C604             (adybug/src/main.s):01075                 ldb     #4
C5E8 3D               (adybug/src/main.s):01076                 mul
C5E9 8EA380           (adybug/src/main.s):01077                 ldx     #ENTITY_TABLE
C5EC 308B             (adybug/src/main.s):01078                 leax    d,x
C5EE 9636             (adybug/src/main.s):01079                 lda     ENTITY_X
C5F0 A780             (adybug/src/main.s):01080                 sta     ,x+
C5F2 9637             (adybug/src/main.s):01081                 lda     ENTITY_Y
C5F4 A780             (adybug/src/main.s):01082                 sta     ,x+
C5F6 9638             (adybug/src/main.s):01083                 lda     ENTITY_TYPE
C5F8 A780             (adybug/src/main.s):01084                 sta     ,x+
C5FA 9639             (adybug/src/main.s):01085                 lda     ENTITY_VARIANT
C5FC A784             (adybug/src/main.s):01086                 sta     ,x
C5FE 0C49             (adybug/src/main.s):01087                 inc     ENTITY_TOTAL
C600 39               (adybug/src/main.s):01088                 rts
                      (adybug/src/main.s):01089         
C601                  (adybug/src/main.s):01090         rng_next
C601 DC34             (adybug/src/main.s):01091                 ldd     RNG_STATE
C603 44               (adybug/src/main.s):01092                 lsra
C604 56               (adybug/src/main.s):01093                 rorb
C605 2402             (adybug/src/main.s):01094                 bcc     rn_store
C607 88B4             (adybug/src/main.s):01095                 eora    #$B4
C609                  (adybug/src/main.s):01096         rn_store
C609 DD34             (adybug/src/main.s):01097                 std     RNG_STATE
C60B 39               (adybug/src/main.s):01098                 rts
                      (adybug/src/main.s):01099         
                      (adybug/src/main.s):01100         ;==============================================================================
                      (adybug/src/main.s):01101         ; Dynamic object drawing and the MAME-measured global colour cycle.
                      (adybug/src/main.s):01102         ;==============================================================================
C60C                  (adybug/src/main.s):01103         draw_entities
C60C 8EA380           (adybug/src/main.s):01104                 ldx     #ENTITY_TABLE
C60F 9632             (adybug/src/main.s):01105                 lda     ENTITY_COUNT
C611 9748             (adybug/src/main.s):01106                 sta     ENTITY_WORK
C613                  (adybug/src/main.s):01107         de_loop
C613 9F3E             (adybug/src/main.s):01108                 stx     ENTITY_PTR
C615 A602             (adybug/src/main.s):01109                 lda     2,x
C617 2713             (adybug/src/main.s):01110                 beq     de_next
C619 A684             (adybug/src/main.s):01111                 lda     ,x
C61B 9736             (adybug/src/main.s):01112                 sta     ENTITY_X
C61D A601             (adybug/src/main.s):01113                 lda     1,x
C61F 9737             (adybug/src/main.s):01114                 sta     ENTITY_Y
C621 A602             (adybug/src/main.s):01115                 lda     2,x
C623 9738             (adybug/src/main.s):01116                 sta     ENTITY_TYPE
C625 A603             (adybug/src/main.s):01117                 lda     3,x
C627 9739             (adybug/src/main.s):01118                 sta     ENTITY_VARIANT
C629 170026           (adybug/src/main.s):01119                 lbsr    draw_entity_object
C62C                  (adybug/src/main.s):01120         de_next
C62C 9E3E             (adybug/src/main.s):01121                 ldx     ENTITY_PTR
C62E 3004             (adybug/src/main.s):01122                 leax    4,x
C630 0A48             (adybug/src/main.s):01123                 dec     ENTITY_WORK
C632 26DF             (adybug/src/main.s):01124                 bne     de_loop
C634 39               (adybug/src/main.s):01125                 rts
                      (adybug/src/main.s):01126         
                      (adybug/src/main.s):01127         ; Placement changes MAZE_STATE before the objects are drawn. Restore each
                      (adybug/src/main.s):01128         ; 16x16 footprint once so the authored flowers do not show through sprites.
C635                  (adybug/src/main.s):01129         erase_entity_footprints
C635 8EA380           (adybug/src/main.s):01130                 ldx     #ENTITY_TABLE
C638 9632             (adybug/src/main.s):01131                 lda     ENTITY_COUNT
C63A 9748             (adybug/src/main.s):01132                 sta     ENTITY_WORK
C63C                  (adybug/src/main.s):01133         eef_loop
C63C 9F3E             (adybug/src/main.s):01134                 stx     ENTITY_PTR
C63E A684             (adybug/src/main.s):01135                 lda     ,x
C640 9736             (adybug/src/main.s):01136                 sta     ENTITY_X
C642 A601             (adybug/src/main.s):01137                 lda     1,x
C644 9737             (adybug/src/main.s):01138                 sta     ENTITY_Y
C646 170A1B           (adybug/src/main.s):01139                 lbsr    restore_entity_footprint
C649 9E3E             (adybug/src/main.s):01140                 ldx     ENTITY_PTR
C64B 3004             (adybug/src/main.s):01141                 leax    4,x
C64D 0A48             (adybug/src/main.s):01142                 dec     ENTITY_WORK
C64F 26EB             (adybug/src/main.s):01143                 bne     eef_loop
C651 39               (adybug/src/main.s):01144                 rts
                      (adybug/src/main.s):01145         
C652                  (adybug/src/main.s):01146         draw_entity_object
C652 9639             (adybug/src/main.s):01147                 lda     ENTITY_VARIANT
C654 C640             (adybug/src/main.s):01148                 ldb     #OBJECT_MASK_SIZE
C656 3D               (adybug/src/main.s):01149                 mul
C657 318D2B3B         (adybug/src/main.s):01150                 leay    object_masks,pcr
C65B 31AB             (adybug/src/main.s):01151                 leay    d,y
C65D 109F40           (adybug/src/main.s):01152                 sty     OBJ_SOURCE
                      (adybug/src/main.s):01153         
C660 9638             (adybug/src/main.s):01154                 lda     ENTITY_TYPE
C662 8101             (adybug/src/main.s):01155                 cmpa    #ENTITY_SKULL
C664 260E             (adybug/src/main.s):01156                 bne     deo_bonus
C666 8602             (adybug/src/main.s):01157                 lda     #COLOR_YELLOW
C668 9746             (adybug/src/main.s):01158                 sta     OBJ_PRIMARY
C66A 8606             (adybug/src/main.s):01159                 lda     #COLOR_WHITE
C66C 9747             (adybug/src/main.s):01160                 sta     OBJ_ACCENT
C66E 338D01E9         (adybug/src/main.s):01161                 leau    object_skull_lut,pcr
C672 2022             (adybug/src/main.s):01162                 bra     deo_destination
C674                  (adybug/src/main.s):01163         deo_bonus
C674 962F             (adybug/src/main.s):01164                 lda     BONUS_COLOR
C676 9746             (adybug/src/main.s):01165                 sta     OBJ_PRIMARY
C678 8604             (adybug/src/main.s):01166                 lda     #COLOR_PINK
C67A 9747             (adybug/src/main.s):01167                 sta     OBJ_ACCENT
C67C 9646             (adybug/src/main.s):01168                 lda     OBJ_PRIMARY
C67E 8101             (adybug/src/main.s):01169                 cmpa    #COLOR_RED
C680 270A             (adybug/src/main.s):01170                 beq     deo_red
C682 8102             (adybug/src/main.s):01171                 cmpa    #COLOR_YELLOW
C684 270C             (adybug/src/main.s):01172                 beq     deo_yellow
C686 338D01C1         (adybug/src/main.s):01173                 leau    object_blue_lut,pcr
C68A 200A             (adybug/src/main.s):01174                 bra     deo_destination
C68C                  (adybug/src/main.s):01175         deo_red
C68C 338D019B         (adybug/src/main.s):01176                 leau    object_red_lut,pcr
C690 2004             (adybug/src/main.s):01177                 bra     deo_destination
C692                  (adybug/src/main.s):01178         deo_yellow
C692 338D01A5         (adybug/src/main.s):01179                 leau    object_yellow_lut,pcr
C696                  (adybug/src/main.s):01180         deo_destination
C696 9637             (adybug/src/main.s):01181                 lda     ENTITY_Y
C698 4A               (adybug/src/main.s):01182                 deca
C699 C605             (adybug/src/main.s):01183                 ldb     #5
C69B 3D               (adybug/src/main.s):01184                 mul
C69C 1F98             (adybug/src/main.s):01185                 tfr     b,a
C69E 5F               (adybug/src/main.s):01186                 clrb
C69F C32000           (adybug/src/main.s):01187                 addd    #FB_VIRT
C6A2 1F01             (adybug/src/main.s):01188                 tfr     d,x
C6A4 9636             (adybug/src/main.s):01189                 lda     ENTITY_X
C6A6 8B07             (adybug/src/main.s):01190                 adda    #7
C6A8 48               (adybug/src/main.s):01191                 lsla
C6A9 48               (adybug/src/main.s):01192                 lsla
C6AA 3086             (adybug/src/main.s):01193                 leax    a,x
C6AC 8610             (adybug/src/main.s):01194                 lda     #16
C6AE 9742             (adybug/src/main.s):01195                 sta     OBJ_ROWS
C6B0                  (adybug/src/main.s):01196         deo_row
C6B0 8604             (adybug/src/main.s):01197                 lda     #4
C6B2 9743             (adybug/src/main.s):01198                 sta     OBJ_BYTES
C6B4                  (adybug/src/main.s):01199         deo_byte
C6B4 109E40           (adybug/src/main.s):01200                 ldy     OBJ_SOURCE
C6B7 A6A0             (adybug/src/main.s):01201                 lda     ,y+
C6B9 109F40           (adybug/src/main.s):01202                 sty     OBJ_SOURCE
C6BC 9744             (adybug/src/main.s):01203                 sta     OBJ_VALUE
C6BE 44               (adybug/src/main.s):01204                 lsra
C6BF 44               (adybug/src/main.s):01205                 lsra
C6C0 44               (adybug/src/main.s):01206                 lsra
C6C1 44               (adybug/src/main.s):01207                 lsra
C6C2 9745             (adybug/src/main.s):01208                 sta     OBJ_INDEX
C6C4 318D0153         (adybug/src/main.s):01209                 leay    object_mask_lut,pcr
C6C8 E6A6             (adybug/src/main.s):01210                 ldb     a,y
C6CA E484             (adybug/src/main.s):01211                 andb    ,x
C6CC EAC6             (adybug/src/main.s):01212                 orb     a,u
C6CE E780             (adybug/src/main.s):01213                 stb     ,x+
C6D0 9644             (adybug/src/main.s):01214                 lda     OBJ_VALUE
C6D2 840F             (adybug/src/main.s):01215                 anda    #$0F
C6D4 9745             (adybug/src/main.s):01216                 sta     OBJ_INDEX
C6D6 E6A6             (adybug/src/main.s):01217                 ldb     a,y
C6D8 E484             (adybug/src/main.s):01218                 andb    ,x
C6DA EAC6             (adybug/src/main.s):01219                 orb     a,u
C6DC E780             (adybug/src/main.s):01220                 stb     ,x+
C6DE 0A43             (adybug/src/main.s):01221                 dec     OBJ_BYTES
C6E0 26D2             (adybug/src/main.s):01222                 bne     deo_byte
C6E2 30890098         (adybug/src/main.s):01223                 leax    152,x
C6E6 0A42             (adybug/src/main.s):01224                 dec     OBJ_ROWS
C6E8 26C6             (adybug/src/main.s):01225                 bne     deo_row
C6EA 39               (adybug/src/main.s):01226                 rts
                      (adybug/src/main.s):01227         
C6EB                  (adybug/src/main.s):01228         bonus_color_tick
C6EB 9623             (adybug/src/main.s):01229                 lda     LIVES
C6ED 2740             (adybug/src/main.s):01230                 beq     bct_done
C6EF DC30             (adybug/src/main.s):01231                 ldd     BONUS_TIMER
C6F1 830001           (adybug/src/main.s):01232                 subd    #1
C6F4 DD30             (adybug/src/main.s):01233                 std     BONUS_TIMER
C6F6 2637             (adybug/src/main.s):01234                 bne     bct_done
C6F8 962F             (adybug/src/main.s):01235                 lda     BONUS_COLOR
C6FA 8103             (adybug/src/main.s):01236                 cmpa    #COLOR_BLUE
C6FC 270D             (adybug/src/main.s):01237                 beq     bct_to_red
C6FE 8101             (adybug/src/main.s):01238                 cmpa    #COLOR_RED
C700 2712             (adybug/src/main.s):01239                 beq     bct_to_yellow
C702 8603             (adybug/src/main.s):01240                 lda     #COLOR_BLUE
C704 972F             (adybug/src/main.s):01241                 sta     BONUS_COLOR
C706 CC01A4           (adybug/src/main.s):01242                 ldd     #420
C709 2010             (adybug/src/main.s):01243                 bra     bct_redraw
C70B                  (adybug/src/main.s):01244         bct_to_red
C70B 8601             (adybug/src/main.s):01245                 lda     #COLOR_RED
C70D 972F             (adybug/src/main.s):01246                 sta     BONUS_COLOR
C70F CC001E           (adybug/src/main.s):01247                 ldd     #30
C712 2007             (adybug/src/main.s):01248                 bra     bct_redraw
C714                  (adybug/src/main.s):01249         bct_to_yellow
C714 8602             (adybug/src/main.s):01250                 lda     #COLOR_YELLOW
C716 972F             (adybug/src/main.s):01251                 sta     BONUS_COLOR
C718 CC0096           (adybug/src/main.s):01252                 ldd     #150
C71B                  (adybug/src/main.s):01253         bct_redraw
C71B DD30             (adybug/src/main.s):01254                 std     BONUS_TIMER
C71D 9651             (adybug/src/main.s):01255                 lda     PICKUP_TIMER
C71F 260B             (adybug/src/main.s):01256                 bne     bct_popup
C721 170BBA           (adybug/src/main.s):01257                 lbsr    restore_player
C724 17FEE5           (adybug/src/main.s):01258                 lbsr    draw_entities
C727 170A18           (adybug/src/main.s):01259                 lbsr    draw_player
C72A 2003             (adybug/src/main.s):01260                 bra     bct_done
C72C                  (adybug/src/main.s):01261         bct_popup
C72C 17FEDD           (adybug/src/main.s):01262                 lbsr    draw_entities
C72F                  (adybug/src/main.s):01263         bct_done
C72F 39               (adybug/src/main.s):01264                 rts
                      (adybug/src/main.s):01265         
                      (adybug/src/main.s):01266         ; Advance the 92-box release circuit every nine video frames.  Enemies are
                      (adybug/src/main.s):01267         ; intentionally absent in Phase 5; the arcade timer remains visible.
C730                  (adybug/src/main.s):01268         perimeter_timer_tick
C730 0A4A             (adybug/src/main.s):01269                 dec     BOX_TIMER
C732 2626             (adybug/src/main.s):01270                 bne     ptt_done
C734 8609             (adybug/src/main.s):01271                 lda     #9
C736 974A             (adybug/src/main.s):01272                 sta     BOX_TIMER
C738 170020           (adybug/src/main.s):01273                 lbsr    perimeter_box_coordinates
C73B 964C             (adybug/src/main.s):01274                 lda     BOX_PHASE
C73D 2704             (adybug/src/main.s):01275                 beq     ptt_green
C73F 8606             (adybug/src/main.s):01276                 lda     #COLOR_WHITE
C741 2002             (adybug/src/main.s):01277                 bra     ptt_draw
C743                  (adybug/src/main.s):01278         ptt_green
C743 8605             (adybug/src/main.s):01279                 lda     #5              ; COLOR_GREEN
C745                  (adybug/src/main.s):01280         ptt_draw
C745 9729             (adybug/src/main.s):01281                 sta     HUD_COLOR
C747 170052           (adybug/src/main.s):01282                 lbsr    draw_perimeter_box
C74A 0C4B             (adybug/src/main.s):01283                 inc     BOX_INDEX
C74C 964B             (adybug/src/main.s):01284                 lda     BOX_INDEX
C74E 815C             (adybug/src/main.s):01285                 cmpa    #92
C750 2508             (adybug/src/main.s):01286                 blo     ptt_done
C752 0F4B             (adybug/src/main.s):01287                 clr     BOX_INDEX
C754 964C             (adybug/src/main.s):01288                 lda     BOX_PHASE
C756 8801             (adybug/src/main.s):01289                 eora    #1
C758 974C             (adybug/src/main.s):01290                 sta     BOX_PHASE
C75A                  (adybug/src/main.s):01291         ptt_done
C75A 39               (adybug/src/main.s):01292                 rts
                      (adybug/src/main.s):01293         
                      (adybug/src/main.s):01294         ; Index 0 is the thirteenth top box from the left.  Continue clockwise.
C75B                  (adybug/src/main.s):01295         perimeter_box_coordinates
C75B 964B             (adybug/src/main.s):01296                 lda     BOX_INDEX
C75D 810C             (adybug/src/main.s):01297                 cmpa    #12
C75F 2407             (adybug/src/main.s):01298                 bhs     pbc_right
C761 8B0C             (adybug/src/main.s):01299                 adda    #12
C763 9710             (adybug/src/main.s):01300                 sta     TEST_X
C765 0F11             (adybug/src/main.s):01301                 clr     TEST_Y
C767 39               (adybug/src/main.s):01302                 rts
C768                  (adybug/src/main.s):01303         pbc_right
C768 800C             (adybug/src/main.s):01304                 suba    #12
C76A 8117             (adybug/src/main.s):01305                 cmpa    #23
C76C 2409             (adybug/src/main.s):01306                 bhs     pbc_bottom
C76E 9711             (adybug/src/main.s):01307                 sta     TEST_Y
C770 0C11             (adybug/src/main.s):01308                 inc     TEST_Y
C772 8617             (adybug/src/main.s):01309                 lda     #23
C774 9710             (adybug/src/main.s):01310                 sta     TEST_X
C776 39               (adybug/src/main.s):01311                 rts
C777                  (adybug/src/main.s):01312         pbc_bottom
C777 8017             (adybug/src/main.s):01313                 suba    #23
C779 8117             (adybug/src/main.s):01314                 cmpa    #23
C77B 240A             (adybug/src/main.s):01315                 bhs     pbc_left
C77D 40               (adybug/src/main.s):01316                 nega
C77E 8B16             (adybug/src/main.s):01317                 adda    #22
C780 9710             (adybug/src/main.s):01318                 sta     TEST_X
C782 8617             (adybug/src/main.s):01319                 lda     #23
C784 9711             (adybug/src/main.s):01320                 sta     TEST_Y
C786 39               (adybug/src/main.s):01321                 rts
C787                  (adybug/src/main.s):01322         pbc_left
C787 8017             (adybug/src/main.s):01323                 suba    #23
C789 8116             (adybug/src/main.s):01324                 cmpa    #22
C78B 2408             (adybug/src/main.s):01325                 bhs     pbc_top_left
C78D 40               (adybug/src/main.s):01326                 nega
C78E 8B16             (adybug/src/main.s):01327                 adda    #22
C790 9711             (adybug/src/main.s):01328                 sta     TEST_Y
C792 0F10             (adybug/src/main.s):01329                 clr     TEST_X
C794 39               (adybug/src/main.s):01330                 rts
C795                  (adybug/src/main.s):01331         pbc_top_left
C795 8016             (adybug/src/main.s):01332                 suba    #22
C797 9710             (adybug/src/main.s):01333                 sta     TEST_X
C799 0F11             (adybug/src/main.s):01334                 clr     TEST_Y
C79B 39               (adybug/src/main.s):01335                 rts
                      (adybug/src/main.s):01336         
                      (adybug/src/main.s):01337         ; Redraw an authored perimeter tile, replacing White pixels only.  Pink inner
                      (adybug/src/main.s):01338         ; borders and Black separators remain unchanged.
C79C                  (adybug/src/main.s):01339         draw_perimeter_box
C79C 9611             (adybug/src/main.s):01340                 lda     TEST_Y
C79E C628             (adybug/src/main.s):01341                 ldb     #40
C7A0 3D               (adybug/src/main.s):01342                 mul
C7A1 DB10             (adybug/src/main.s):01343                 addb    TEST_X
C7A3 8900             (adybug/src/main.s):01344                 adca    #0
C7A5 C30008           (adybug/src/main.s):01345                 addd    #8
C7A8 318D1864         (adybug/src/main.s):01346                 leay    screen_map,pcr
C7AC E6AB             (adybug/src/main.s):01347                 ldb     d,y
C7AE D717             (adybug/src/main.s):01348                 stb     DRAW_TILE
C7B0 9611             (adybug/src/main.s):01349                 lda     TEST_Y
C7B2 C605             (adybug/src/main.s):01350                 ldb     #5
C7B4 3D               (adybug/src/main.s):01351                 mul
C7B5 1F98             (adybug/src/main.s):01352                 tfr     b,a
C7B7 5F               (adybug/src/main.s):01353                 clrb
C7B8 C32000           (adybug/src/main.s):01354                 addd    #FB_VIRT
C7BB 1F01             (adybug/src/main.s):01355                 tfr     d,x
C7BD 9610             (adybug/src/main.s):01356                 lda     TEST_X
C7BF 8B08             (adybug/src/main.s):01357                 adda    #8
C7C1 48               (adybug/src/main.s):01358                 lsla
C7C2 48               (adybug/src/main.s):01359                 lsla
C7C3 3086             (adybug/src/main.s):01360                 leax    a,x
C7C5 D617             (adybug/src/main.s):01361                 ldb     DRAW_TILE
C7C7 4F               (adybug/src/main.s):01362                 clra
C7C8 58               (adybug/src/main.s):01363                 lslb
C7C9 49               (adybug/src/main.s):01364                 rola
C7CA 58               (adybug/src/main.s):01365                 lslb
C7CB 49               (adybug/src/main.s):01366                 rola
C7CC 58               (adybug/src/main.s):01367                 lslb
C7CD 49               (adybug/src/main.s):01368                 rola
C7CE 58               (adybug/src/main.s):01369                 lslb
C7CF 49               (adybug/src/main.s):01370                 rola
C7D0 58               (adybug/src/main.s):01371                 lslb
C7D1 49               (adybug/src/main.s):01372                 rola
C7D2 318D1BFA         (adybug/src/main.s):01373                 leay    screen_tiles,pcr
C7D6 31AB             (adybug/src/main.s):01374                 leay    d,y
C7D8 8608             (adybug/src/main.s):01375                 lda     #8
C7DA 972B             (adybug/src/main.s):01376                 sta     HUD_COUNT
C7DC                  (adybug/src/main.s):01377         dpb_row
C7DC 8604             (adybug/src/main.s):01378                 lda     #4
C7DE 972C             (adybug/src/main.s):01379                 sta     HUD_WIDTH
C7E0                  (adybug/src/main.s):01380         dpb_byte
C7E0 A6A0             (adybug/src/main.s):01381                 lda     ,y+
C7E2 972A             (adybug/src/main.s):01382                 sta     HUD_BYTE
C7E4 84F0             (adybug/src/main.s):01383                 anda    #$F0
C7E6 8160             (adybug/src/main.s):01384                 cmpa    #$60
C7E8 2610             (adybug/src/main.s):01385                 bne     dpb_low
C7EA 9629             (adybug/src/main.s):01386                 lda     HUD_COLOR
C7EC 48               (adybug/src/main.s):01387                 lsla
C7ED 48               (adybug/src/main.s):01388                 lsla
C7EE 48               (adybug/src/main.s):01389                 lsla
C7EF 48               (adybug/src/main.s):01390                 lsla
C7F0 9744             (adybug/src/main.s):01391                 sta     OBJ_VALUE
C7F2 962A             (adybug/src/main.s):01392                 lda     HUD_BYTE
C7F4 840F             (adybug/src/main.s):01393                 anda    #$0F
C7F6 9A44             (adybug/src/main.s):01394                 ora     OBJ_VALUE
C7F8 972A             (adybug/src/main.s):01395                 sta     HUD_BYTE
C7FA                  (adybug/src/main.s):01396         dpb_low
C7FA 962A             (adybug/src/main.s):01397                 lda     HUD_BYTE
C7FC 840F             (adybug/src/main.s):01398                 anda    #$0F
C7FE 8106             (adybug/src/main.s):01399                 cmpa    #COLOR_WHITE
C800 2608             (adybug/src/main.s):01400                 bne     dpb_store
C802 962A             (adybug/src/main.s):01401                 lda     HUD_BYTE
C804 84F0             (adybug/src/main.s):01402                 anda    #$F0
C806 9A29             (adybug/src/main.s):01403                 ora     HUD_COLOR
C808 972A             (adybug/src/main.s):01404                 sta     HUD_BYTE
C80A                  (adybug/src/main.s):01405         dpb_store
C80A 962A             (adybug/src/main.s):01406                 lda     HUD_BYTE
C80C A780             (adybug/src/main.s):01407                 sta     ,x+
C80E 0A2C             (adybug/src/main.s):01408                 dec     HUD_WIDTH
C810 26CE             (adybug/src/main.s):01409                 bne     dpb_byte
C812 3089009C         (adybug/src/main.s):01410                 leax    156,x
C816 0A2B             (adybug/src/main.s):01411                 dec     HUD_COUNT
C818 26C2             (adybug/src/main.s):01412                 bne     dpb_row
C81A 39               (adybug/src/main.s):01413                 rts
                      (adybug/src/main.s):01414         
C81B                  (adybug/src/main.s):01415         object_mask_lut
C81B FFF0F0F00F000000 (adybug/src/main.s):01416                 fcb     $FF,$F0,$F0,$F0,$0F,$00,$00,$00
C823 0F0000000F000000 (adybug/src/main.s):01417                 fcb     $0F,$00,$00,$00,$0F,$00,$00,$00
C82B                  (adybug/src/main.s):01418         object_red_lut
C82B 0000010400000104 (adybug/src/main.s):01419                 fcb     $00,$00,$01,$04,$00,$00,$01,$04
C833 1010111440404144 (adybug/src/main.s):01420                 fcb     $10,$10,$11,$14,$40,$40,$41,$44
C83B                  (adybug/src/main.s):01421         object_yellow_lut
C83B 0000020400000204 (adybug/src/main.s):01422                 fcb     $00,$00,$02,$04,$00,$00,$02,$04
C843 2020222440404244 (adybug/src/main.s):01423                 fcb     $20,$20,$22,$24,$40,$40,$42,$44
C84B                  (adybug/src/main.s):01424         object_blue_lut
C84B 0000030400000304 (adybug/src/main.s):01425                 fcb     $00,$00,$03,$04,$00,$00,$03,$04
C853 3030333440404344 (adybug/src/main.s):01426                 fcb     $30,$30,$33,$34,$40,$40,$43,$44
C85B                  (adybug/src/main.s):01427         object_skull_lut
C85B 0000060600000606 (adybug/src/main.s):01428                 fcb     $00,$00,$06,$06,$00,$00,$06,$06
C863 6060666660606666 (adybug/src/main.s):01429                 fcb     $60,$60,$66,$66,$60,$60,$66,$66
                      (adybug/src/main.s):01430         
                      (adybug/src/main.s):01431         ;==============================================================================
                      (adybug/src/main.s):01432         ; init_gate_state
                      (adybug/src/main.s):01433         ;
                      (adybug/src/main.s):01434         ; Inputs: none
                      (adybug/src/main.s):01435         ; Returns: A, B, X, Y, CC undefined
                      (adybug/src/main.s):01436         ; Side effects: copies 20 captured initial states to GATE_STATE.
                      (adybug/src/main.s):01437         ;==============================================================================
C86B                  (adybug/src/main.s):01438         init_gate_state
C86B 308D3507         (adybug/src/main.s):01439                 leax    maze_gates,pcr
C86F 108EA240         (adybug/src/main.s):01440                 ldy     #GATE_STATE
C873 C614             (adybug/src/main.s):01441                 ldb     #MAZE_GATE_COUNT
C875                  (adybug/src/main.s):01442         igs_loop
C875 A602             (adybug/src/main.s):01443                 lda     2,x
C877 A7A0             (adybug/src/main.s):01444                 sta     ,y+
C879 3003             (adybug/src/main.s):01445                 leax    3,x
C87B 5A               (adybug/src/main.s):01446                 decb
C87C 26F7             (adybug/src/main.s):01447                 bne     igs_loop
C87E 39               (adybug/src/main.s):01448                 rts
                      (adybug/src/main.s):01449         
                      (adybug/src/main.s):01450         ;==============================================================================
                      (adybug/src/main.s):01451         ; init_joystick — configure the PIAs for right-joystick DAC conversion.
                      (adybug/src/main.s):01452         ;
                      (adybug/src/main.s):01453         ; Inputs:
                      (adybug/src/main.s):01454         ;   None
                      (adybug/src/main.s):01455         ;
                      (adybug/src/main.s):01456         ; Returns:
                      (adybug/src/main.s):01457         ;   A, CC — undefined
                      (adybug/src/main.s):01458         ;
                      (adybug/src/main.s):01459         ; Side effects:
                      (adybug/src/main.s):01460         ;   Configures PIA1 PA as input, PIA1 PB as output, PIA2 PA7-PA2 as DAC
                      (adybug/src/main.s):01461         ;   output, and selects/enables the right joystick analog multiplexer.
                      (adybug/src/main.s):01462         ;==============================================================================
C87F                  (adybug/src/main.s):01463         init_joystick
C87F 7FFF01           (adybug/src/main.s):01464                 clr     PIA1_CRA        ; select PIA1 PA direction register
C882 7FFF00           (adybug/src/main.s):01465                 clr     PIA1_DA         ; all PA bits input, including comparator PA7
C885 7FFF03           (adybug/src/main.s):01466                 clr     PIA1_CRB        ; select PIA1 PB direction register
C888 86FF             (adybug/src/main.s):01467                 lda     #$FF
C88A B7FF02           (adybug/src/main.s):01468                 sta     PIA1_DB         ; keyboard columns/output side
C88D 8634             (adybug/src/main.s):01469                 lda     #$34            ; data register, static CA2/CB2 output low
C88F B7FF01           (adybug/src/main.s):01470                 sta     PIA1_CRA
C892 B7FF03           (adybug/src/main.s):01471                 sta     PIA1_CRB        ; selector 0 = right joystick X
                      (adybug/src/main.s):01472         
C895 7FFF21           (adybug/src/main.s):01473                 clr     PIA2_CRA        ; select PIA2 PA direction register
C898 86FC             (adybug/src/main.s):01474                 lda     #$FC
C89A B7FF20           (adybug/src/main.s):01475                 sta     PIA2_DA         ; PA7-PA2 are the six-bit DAC
C89D 8604             (adybug/src/main.s):01476                 lda     #$04            ; data-register access
C89F B7FF21           (adybug/src/main.s):01477                 sta     PIA2_CRA
C8A2 7FFF23           (adybug/src/main.s):01478                 clr     PIA2_CRB
C8A5 8634             (adybug/src/main.s):01479                 lda     #$34            ; static CB2 low enables analog multiplexer
C8A7 B7FF23           (adybug/src/main.s):01480                 sta     PIA2_CRB
C8AA 8680             (adybug/src/main.s):01481                 lda     #$80            ; centre DAC while idle
C8AC B7FF20           (adybug/src/main.s):01482                 sta     PIA2_DA
C8AF 39               (adybug/src/main.s):01483                 rts
                      (adybug/src/main.s):01484         
                      (adybug/src/main.s):01485         ;==============================================================================
                      (adybug/src/main.s):01486         ; init_player — initialize the player at maze cell (12,18).
                      (adybug/src/main.s):01487         ;
                      (adybug/src/main.s):01488         ; Inputs:
                      (adybug/src/main.s):01489         ;   None
                      (adybug/src/main.s):01490         ;
                      (adybug/src/main.s):01491         ; Returns:
                      (adybug/src/main.s):01492         ;   A, D, CC — undefined
                      (adybug/src/main.s):01493         ;
                      (adybug/src/main.s):01494         ; Side effects:
                      (adybug/src/main.s):01495         ;   Initializes direct-page player state.
                      (adybug/src/main.s):01496         ;==============================================================================
C8B0                  (adybug/src/main.s):01497         init_player
C8B0 860C             (adybug/src/main.s):01498                 lda     #12
C8B2 9709             (adybug/src/main.s):01499                 sta     PLAYER_CELL_X
C8B4 8616             (adybug/src/main.s):01500                 lda     #22
C8B6 970A             (adybug/src/main.s):01501                 sta     PLAYER_CELL_Y
C8B8 0F06             (adybug/src/main.s):01502                 clr     PLAYER_DIR      ; initially face and move north
C8BA 0F07             (adybug/src/main.s):01503                 clr     PLAYER_FACE
C8BC 0F08             (adybug/src/main.s):01504                 clr     PLAYER_STEP
C8BE 0F56             (adybug/src/main.s):01505                 clr     TURN_SNAP
C8C0 86FF             (adybug/src/main.s):01506                 lda     #DIR_NONE
C8C2 9705             (adybug/src/main.s):01507                 sta     JOY_DIR
C8C4 970F             (adybug/src/main.s):01508                 sta     PLAYER_WANT
C8C6 0F18             (adybug/src/main.s):01509                 clr     PLAYER_MANUAL
C8C8 0F19             (adybug/src/main.s):01510                 clr     GATE_ANIM_ID
C8CA CC89EC           (adybug/src/main.s):01511                 ldd     #$89EC          ; final anchor $75EC plus 32 entrance pixels
C8CD DD0B             (adybug/src/main.s):01512                 std     PLAYER_FB
C8CF 39               (adybug/src/main.s):01513                 rts
                      (adybug/src/main.s):01514         
                      (adybug/src/main.s):01515         ;==============================================================================
                      (adybug/src/main.s):01516         ; read_joystick — sample right X/Y and resolve a four-way requested direction.
                      (adybug/src/main.s):01517         ;
                      (adybug/src/main.s):01518         ; Inputs:
                      (adybug/src/main.s):01519         ;   None
                      (adybug/src/main.s):01520         ;
                      (adybug/src/main.s):01521         ; Returns:
                      (adybug/src/main.s):01522         ;   A, B, CC — undefined
                      (adybug/src/main.s):01523         ;
                      (adybug/src/main.s):01524         ; Side effects:
                      (adybug/src/main.s):01525         ;   Updates JOY_X, JOY_Y, JOY_DX, JOY_DY, and JOY_DIR.
                      (adybug/src/main.s):01526         ;==============================================================================
C8D0                  (adybug/src/main.s):01527         read_joystick
C8D0 8634             (adybug/src/main.s):01528                 lda     #$34            ; static CA2 low: right X
C8D2 B7FF01           (adybug/src/main.s):01529                 sta     PIA1_CRA
C8D5 170068           (adybug/src/main.s):01530                 lbsr    joy_read_axis
C8D8 D701             (adybug/src/main.s):01531                 stb     JOY_X
C8DA 863C             (adybug/src/main.s):01532                 lda     #$3C            ; static CA2 high: right Y
C8DC B7FF01           (adybug/src/main.s):01533                 sta     PIA1_CRA
C8DF 17005E           (adybug/src/main.s):01534                 lbsr    joy_read_axis
C8E2 D704             (adybug/src/main.s):01535                 stb     JOY_Y
C8E4 8680             (adybug/src/main.s):01536                 lda     #$80
C8E6 B7FF20           (adybug/src/main.s):01537                 sta     PIA2_DA
                      (adybug/src/main.s):01538         
C8E9 9601             (adybug/src/main.s):01539                 lda     JOY_X
C8EB 8020             (adybug/src/main.s):01540                 suba    #32
C8ED 2A01             (adybug/src/main.s):01541                 bpl     rj_x_abs
C8EF 40               (adybug/src/main.s):01542                 nega
C8F0                  (adybug/src/main.s):01543         rj_x_abs
C8F0 970D             (adybug/src/main.s):01544                 sta     JOY_DX
C8F2 9604             (adybug/src/main.s):01545                 lda     JOY_Y
C8F4 8020             (adybug/src/main.s):01546                 suba    #32
C8F6 2A01             (adybug/src/main.s):01547                 bpl     rj_y_abs
C8F8 40               (adybug/src/main.s):01548                 nega
C8F9                  (adybug/src/main.s):01549         rj_y_abs
C8F9 970E             (adybug/src/main.s):01550                 sta     JOY_DY
                      (adybug/src/main.s):01551         
C8FB 86FF             (adybug/src/main.s):01552                 lda     #DIR_NONE
C8FD 9705             (adybug/src/main.s):01553                 sta     JOY_DIR
C8FF 960D             (adybug/src/main.s):01554                 lda     JOY_DX
C901 910E             (adybug/src/main.s):01555                 cmpa    JOY_DY
C903 2512             (adybug/src/main.s):01556                 blo     rj_vertical
C905 8108             (adybug/src/main.s):01557                 cmpa    #8              ; centred dead zone
C907 232A             (adybug/src/main.s):01558                 bls     rj_done
C909 9601             (adybug/src/main.s):01559                 lda     JOY_X
C90B 8120             (adybug/src/main.s):01560                 cmpa    #32
C90D 2504             (adybug/src/main.s):01561                 blo     rj_west
C90F 8601             (adybug/src/main.s):01562                 lda     #DIR_EAST
C911 2016             (adybug/src/main.s):01563                 bra     rj_request
C913                  (adybug/src/main.s):01564         rj_west
C913 8603             (adybug/src/main.s):01565                 lda     #DIR_WEST
C915 2012             (adybug/src/main.s):01566                 bra     rj_request
C917                  (adybug/src/main.s):01567         rj_vertical
C917 960E             (adybug/src/main.s):01568                 lda     JOY_DY
C919 8108             (adybug/src/main.s):01569                 cmpa    #8
C91B 2316             (adybug/src/main.s):01570                 bls     rj_done
C91D 9604             (adybug/src/main.s):01571                 lda     JOY_Y
C91F 8120             (adybug/src/main.s):01572                 cmpa    #32
C921 2504             (adybug/src/main.s):01573                 blo     rj_north
C923 8602             (adybug/src/main.s):01574                 lda     #DIR_SOUTH
C925 2002             (adybug/src/main.s):01575                 bra     rj_request
C927                  (adybug/src/main.s):01576         rj_north
C927 8600             (adybug/src/main.s):01577                 lda     #DIR_NORTH
C929                  (adybug/src/main.s):01578         rj_request
C929 9705             (adybug/src/main.s):01579                 sta     JOY_DIR
C92B 970F             (adybug/src/main.s):01580                 sta     PLAYER_WANT      ; buffer turns across intermediate steps
C92D 9707             (adybug/src/main.s):01581                 sta     PLAYER_FACE      ; facing follows live input even when blocked
C92F 8601             (adybug/src/main.s):01582                 lda     #1
C931 9718             (adybug/src/main.s):01583                 sta     PLAYER_MANUAL
C933                  (adybug/src/main.s):01584         rj_done
C933 9618             (adybug/src/main.s):01585                 lda     PLAYER_MANUAL
C935 2708             (adybug/src/main.s):01586                 beq     rj_return
C937 9605             (adybug/src/main.s):01587                 lda     JOY_DIR
C939 81FF             (adybug/src/main.s):01588                 cmpa    #DIR_NONE
C93B 2602             (adybug/src/main.s):01589                 bne     rj_return
C93D 970F             (adybug/src/main.s):01590                 sta     PLAYER_WANT      ; neutral cancels the buffered request
C93F                  (adybug/src/main.s):01591         rj_return
C93F 39               (adybug/src/main.s):01592                 rts
                      (adybug/src/main.s):01593         
                      (adybug/src/main.s):01594         ;==============================================================================
                      (adybug/src/main.s):01595         ; joy_read_axis — convert the selected analog joystick axis through the DAC.
                      (adybug/src/main.s):01596         ;
                      (adybug/src/main.s):01597         ; Inputs:
                      (adybug/src/main.s):01598         ;   PIA1 CA2/CB2 — selected analog source
                      (adybug/src/main.s):01599         ;
                      (adybug/src/main.s):01600         ; Returns:
                      (adybug/src/main.s):01601         ;   B — position, 0..63
                      (adybug/src/main.s):01602         ;   A, CC — undefined
                      (adybug/src/main.s):01603         ;
                      (adybug/src/main.s):01604         ; Side effects:
                      (adybug/src/main.s):01605         ;   Sweeps the PIA2 DAC output.
                      (adybug/src/main.s):01606         ;==============================================================================
C940                  (adybug/src/main.s):01607         joy_read_axis
C940 5F               (adybug/src/main.s):01608                 clrb
C941                  (adybug/src/main.s):01609         jra_loop
C941 F7FF20           (adybug/src/main.s):01610                 stb     PIA2_DA
C944 B6FF00           (adybug/src/main.s):01611                 lda     PIA1_DA
C947 2A06             (adybug/src/main.s):01612                 bpl     jra_done        ; PA7 clear: DAC reached analog voltage
C949 CB04             (adybug/src/main.s):01613                 addb    #4
C94B 24F4             (adybug/src/main.s):01614                 bcc     jra_loop
C94D C6FC             (adybug/src/main.s):01615                 ldb     #$FC
C94F                  (adybug/src/main.s):01616         jra_done
C94F 54               (adybug/src/main.s):01617                 lsrb
C950 54               (adybug/src/main.s):01618                 lsrb
C951 39               (adybug/src/main.s):01619                 rts
                      (adybug/src/main.s):01620         
                      (adybug/src/main.s):01621         ;==============================================================================
                      (adybug/src/main.s):01622         ; player_tick — restore, move, collect a dot, and redraw the player.
                      (adybug/src/main.s):01623         ;
                      (adybug/src/main.s):01624         ; Inputs:
                      (adybug/src/main.s):01625         ;   Direct-page player and joystick state
                      (adybug/src/main.s):01626         ;
                      (adybug/src/main.s):01627         ; Returns:
                      (adybug/src/main.s):01628         ;   A, B, D, X, Y, U, CC — undefined
                      (adybug/src/main.s):01629         ;
                      (adybug/src/main.s):01630         ; Side effects:
                      (adybug/src/main.s):01631         ;   Updates player state, framebuffer, saved background, and MAZE_STATE.
                      (adybug/src/main.s):01632         ;==============================================================================
C952                  (adybug/src/main.s):01633         player_tick
C952 170989           (adybug/src/main.s):01634                 lbsr    restore_player
C955                  (adybug/src/main.s):01635         pt_alive
C955 9656             (adybug/src/main.s):01636                 lda     TURN_SNAP
C957 102600FE         (adybug/src/main.s):01637                 lbne    pt_snap_advance
C95B 9618             (adybug/src/main.s):01638                 lda     PLAYER_MANUAL
C95D 2708             (adybug/src/main.s):01639                 beq     pt_input_active
C95F 9605             (adybug/src/main.s):01640                 lda     JOY_DIR
C961 81FF             (adybug/src/main.s):01641                 cmpa    #DIR_NONE
C963 10270189         (adybug/src/main.s):01642                 lbeq    pt_draw          ; retain direction/step, but stop immediately
C967                  (adybug/src/main.s):01643         pt_input_active
C967 9608             (adybug/src/main.s):01644                 lda     PLAYER_STEP
C969 102700A5         (adybug/src/main.s):01645                 lbeq    pt_at_center
C96D 9618             (adybug/src/main.s):01646                 lda     PLAYER_MANUAL
C96F 1027012D         (adybug/src/main.s):01647                 lbeq    pt_advance       ; preserve the automatic entrance movement
C973 9605             (adybug/src/main.s):01648                 lda     JOY_DIR
C975 9106             (adybug/src/main.s):01649                 cmpa    PLAYER_DIR
C977 10270125         (adybug/src/main.s):01650                 lbeq    pt_advance
C97B 8802             (adybug/src/main.s):01651                 eora    #2              ; opposite directions differ by bit 1
C97D 9106             (adybug/src/main.s):01652                 cmpa    PLAYER_DIR
C97F 262B             (adybug/src/main.s):01653                 bne     pt_try_late_turn
C981 9605             (adybug/src/main.s):01654                 lda     JOY_DIR
C983 9707             (adybug/src/main.s):01655                 sta     PLAYER_FACE
C985 8604             (adybug/src/main.s):01656                 lda     #4
C987 9008             (adybug/src/main.s):01657                 suba    PLAYER_STEP
C989 9708             (adybug/src/main.s):01658                 sta     PLAYER_STEP
C98B 9606             (adybug/src/main.s):01659                 lda     PLAYER_DIR      ; rebase against the old direction's target
C98D 270C             (adybug/src/main.s):01660                 beq     pt_rebase_north
C98F 8101             (adybug/src/main.s):01661                 cmpa    #DIR_EAST
C991 270C             (adybug/src/main.s):01662                 beq     pt_rebase_east
C993 8102             (adybug/src/main.s):01663                 cmpa    #DIR_SOUTH
C995 270C             (adybug/src/main.s):01664                 beq     pt_rebase_south
C997 0A09             (adybug/src/main.s):01665                 dec     PLAYER_CELL_X
C999 200A             (adybug/src/main.s):01666                 bra     pt_reversed
C99B                  (adybug/src/main.s):01667         pt_rebase_north
C99B 0A0A             (adybug/src/main.s):01668                 dec     PLAYER_CELL_Y
C99D 2006             (adybug/src/main.s):01669                 bra     pt_reversed
C99F                  (adybug/src/main.s):01670         pt_rebase_east
C99F 0C09             (adybug/src/main.s):01671                 inc     PLAYER_CELL_X
C9A1 2002             (adybug/src/main.s):01672                 bra     pt_reversed
C9A3                  (adybug/src/main.s):01673         pt_rebase_south
C9A3 0C0A             (adybug/src/main.s):01674                 inc     PLAYER_CELL_Y
C9A5                  (adybug/src/main.s):01675         pt_reversed
C9A5 960F             (adybug/src/main.s):01676                 lda     PLAYER_WANT
C9A7 9706             (adybug/src/main.s):01677                 sta     PLAYER_DIR
C9A9 1600F4           (adybug/src/main.s):01678                 lbra    pt_advance
C9AC                  (adybug/src/main.s):01679         pt_try_late_turn
C9AC 9605             (adybug/src/main.s):01680                 lda     JOY_DIR
C9AE 170151           (adybug/src/main.s):01681                 lbsr    can_move         ; test from the last aligned cell; may turn gate
C9B1 254C             (adybug/src/main.s):01682                 bcs     pt_begin_late_turn
C9B3 9608             (adybug/src/main.s):01683                 lda     PLAYER_STEP
C9B5 8103             (adybug/src/main.s):01684                 cmpa    #3              ; next junction is 2 pixels past sprite midpoint
C9B7 10260135         (adybug/src/main.s):01685                 lbne    pt_draw
C9BB 9606             (adybug/src/main.s):01686                 lda     PLAYER_DIR      ; probe requested passage from the upcoming cell
C9BD 270C             (adybug/src/main.s):01687                 beq     pt_probe_north
C9BF 8101             (adybug/src/main.s):01688                 cmpa    #DIR_EAST
C9C1 270C             (adybug/src/main.s):01689                 beq     pt_probe_east
C9C3 8102             (adybug/src/main.s):01690                 cmpa    #DIR_SOUTH
C9C5 270C             (adybug/src/main.s):01691                 beq     pt_probe_south
C9C7 0A09             (adybug/src/main.s):01692                 dec     PLAYER_CELL_X
C9C9 200A             (adybug/src/main.s):01693                 bra     pt_probe_turn
C9CB                  (adybug/src/main.s):01694         pt_probe_north
C9CB 0A0A             (adybug/src/main.s):01695                 dec     PLAYER_CELL_Y
C9CD 2006             (adybug/src/main.s):01696                 bra     pt_probe_turn
C9CF                  (adybug/src/main.s):01697         pt_probe_east
C9CF 0C09             (adybug/src/main.s):01698                 inc     PLAYER_CELL_X
C9D1 2002             (adybug/src/main.s):01699                 bra     pt_probe_turn
C9D3                  (adybug/src/main.s):01700         pt_probe_south
C9D3 0C0A             (adybug/src/main.s):01701                 inc     PLAYER_CELL_Y
C9D5                  (adybug/src/main.s):01702         pt_probe_turn
C9D5 9605             (adybug/src/main.s):01703                 lda     JOY_DIR
C9D7 170128           (adybug/src/main.s):01704                 lbsr    can_move         ; legal gate push occurs at the approached junction
C9DA 3401             (adybug/src/main.s):01705                 pshs    cc
C9DC 9606             (adybug/src/main.s):01706                 lda     PLAYER_DIR      ; restore last aligned cell before normal arrival
C9DE 270C             (adybug/src/main.s):01707                 beq     pt_unprobe_north
C9E0 8101             (adybug/src/main.s):01708                 cmpa    #DIR_EAST
C9E2 270C             (adybug/src/main.s):01709                 beq     pt_unprobe_east
C9E4 8102             (adybug/src/main.s):01710                 cmpa    #DIR_SOUTH
C9E6 270C             (adybug/src/main.s):01711                 beq     pt_unprobe_south
C9E8 0C09             (adybug/src/main.s):01712                 inc     PLAYER_CELL_X
C9EA 200A             (adybug/src/main.s):01713                 bra     pt_unprobe_done
C9EC                  (adybug/src/main.s):01714         pt_unprobe_north
C9EC 0C0A             (adybug/src/main.s):01715                 inc     PLAYER_CELL_Y
C9EE 2006             (adybug/src/main.s):01716                 bra     pt_unprobe_done
C9F0                  (adybug/src/main.s):01717         pt_unprobe_east
C9F0 0A09             (adybug/src/main.s):01718                 dec     PLAYER_CELL_X
C9F2 2002             (adybug/src/main.s):01719                 bra     pt_unprobe_done
C9F4                  (adybug/src/main.s):01720         pt_unprobe_south
C9F4 0A0A             (adybug/src/main.s):01721                 dec     PLAYER_CELL_Y
C9F6                  (adybug/src/main.s):01722         pt_unprobe_done
C9F6 3501             (adybug/src/main.s):01723                 puls    cc
C9F8 102400F4         (adybug/src/main.s):01724                 lbcc    pt_draw
C9FC 1600A1           (adybug/src/main.s):01725                 lbra    pt_advance       ; snap remaining 2 pixels to the new cell centre
C9FF                  (adybug/src/main.s):01726         pt_begin_late_turn
C9FF 9606             (adybug/src/main.s):01727                 lda     PLAYER_DIR
CA01 9757             (adybug/src/main.s):01728                 sta     TURN_OLD
CA03 9608             (adybug/src/main.s):01729                 lda     PLAYER_STEP
CA05 9756             (adybug/src/main.s):01730                 sta     TURN_SNAP
CA07 0F08             (adybug/src/main.s):01731                 clr     PLAYER_STEP
CA09 9605             (adybug/src/main.s):01732                 lda     JOY_DIR
CA0B 9706             (adybug/src/main.s):01733                 sta     PLAYER_DIR
CA0D 9707             (adybug/src/main.s):01734                 sta     PLAYER_FACE
CA0F 1600DE           (adybug/src/main.s):01735                 lbra    pt_draw          ; arcade shows the new face before diagonal snap
CA12                  (adybug/src/main.s):01736         pt_at_center
CA12 9618             (adybug/src/main.s):01737                 lda     PLAYER_MANUAL
CA14 2615             (adybug/src/main.s):01738                 bne     pt_choose_direction
CA16 9609             (adybug/src/main.s):01739                 lda     PLAYER_CELL_X
CA18 810C             (adybug/src/main.s):01740                 cmpa    #12
CA1A 260F             (adybug/src/main.s):01741                 bne     pt_choose_direction
CA1C 960A             (adybug/src/main.s):01742                 lda     PLAYER_CELL_Y
CA1E 8112             (adybug/src/main.s):01743                 cmpa    #18
CA20 2609             (adybug/src/main.s):01744                 bne     pt_choose_direction
CA22 86FF             (adybug/src/main.s):01745                 lda     #DIR_NONE
CA24 9706             (adybug/src/main.s):01746                 sta     PLAYER_DIR
CA26 970F             (adybug/src/main.s):01747                 sta     PLAYER_WANT
CA28 1600C5           (adybug/src/main.s):01748                 lbra    pt_draw
CA2B                  (adybug/src/main.s):01749         pt_choose_direction
CA2B 960F             (adybug/src/main.s):01750                 lda     PLAYER_WANT
CA2D 81FF             (adybug/src/main.s):01751                 cmpa    #DIR_NONE
CA2F 2714             (adybug/src/main.s):01752                 beq     pt_check_active
CA31 1700CE           (adybug/src/main.s):01753                 lbsr    can_move
CA34 2408             (adybug/src/main.s):01754                 bcc     pt_blocked_request
CA36 960F             (adybug/src/main.s):01755                 lda     PLAYER_WANT
CA38 9706             (adybug/src/main.s):01756                 sta     PLAYER_DIR
CA3A 9707             (adybug/src/main.s):01757                 sta     PLAYER_FACE
CA3C 2007             (adybug/src/main.s):01758                 bra     pt_check_active
CA3E                  (adybug/src/main.s):01759         pt_blocked_request
CA3E 86FF             (adybug/src/main.s):01760                 lda     #DIR_NONE
CA40 9706             (adybug/src/main.s):01761                 sta     PLAYER_DIR
CA42 1600AB           (adybug/src/main.s):01762                 lbra    pt_draw
CA45                  (adybug/src/main.s):01763         pt_check_active
CA45 9606             (adybug/src/main.s):01764                 lda     PLAYER_DIR
CA47 81FF             (adybug/src/main.s):01765                 cmpa    #DIR_NONE
CA49 102700A3         (adybug/src/main.s):01766                 lbeq    pt_draw
CA4D 1700B2           (adybug/src/main.s):01767                 lbsr    can_move
CA50 254E             (adybug/src/main.s):01768                 bcs     pt_advance
CA52 86FF             (adybug/src/main.s):01769                 lda     #DIR_NONE
CA54 9706             (adybug/src/main.s):01770                 sta     PLAYER_DIR
CA56 160097           (adybug/src/main.s):01771                 lbra    pt_draw
                      (adybug/src/main.s):01772         
CA59                  (adybug/src/main.s):01773         pt_snap_advance
CA59 9E0B             (adybug/src/main.s):01774                 ldx     PLAYER_FB
CA5B 9657             (adybug/src/main.s):01775                 lda     TURN_OLD
CA5D 270C             (adybug/src/main.s):01776                 beq     pt_snap_from_north
CA5F 8101             (adybug/src/main.s):01777                 cmpa    #DIR_EAST
CA61 270E             (adybug/src/main.s):01778                 beq     pt_snap_from_east
CA63 8102             (adybug/src/main.s):01779                 cmpa    #DIR_SOUTH
CA65 270E             (adybug/src/main.s):01780                 beq     pt_snap_from_south
CA67 3001             (adybug/src/main.s):01781                 leax    1,x              ; reverse old West movement
CA69 200E             (adybug/src/main.s):01782                 bra     pt_snap_new_axis
CA6B                  (adybug/src/main.s):01783         pt_snap_from_north
CA6B 30890140         (adybug/src/main.s):01784                 leax    320,x
CA6F 2008             (adybug/src/main.s):01785                 bra     pt_snap_new_axis
CA71                  (adybug/src/main.s):01786         pt_snap_from_east
CA71 301F             (adybug/src/main.s):01787                 leax    -1,x
CA73 2004             (adybug/src/main.s):01788                 bra     pt_snap_new_axis
CA75                  (adybug/src/main.s):01789         pt_snap_from_south
CA75 3089FEC0         (adybug/src/main.s):01790                 leax    -320,x
CA79                  (adybug/src/main.s):01791         pt_snap_new_axis
CA79 9606             (adybug/src/main.s):01792                 lda     PLAYER_DIR
CA7B 270C             (adybug/src/main.s):01793                 beq     pt_snap_north
CA7D 8101             (adybug/src/main.s):01794                 cmpa    #DIR_EAST
CA7F 270E             (adybug/src/main.s):01795                 beq     pt_snap_east
CA81 8102             (adybug/src/main.s):01796                 cmpa    #DIR_SOUTH
CA83 270E             (adybug/src/main.s):01797                 beq     pt_snap_south
CA85 301F             (adybug/src/main.s):01798                 leax    -1,x
CA87 200E             (adybug/src/main.s):01799                 bra     pt_snap_store
CA89                  (adybug/src/main.s):01800         pt_snap_north
CA89 3089FEC0         (adybug/src/main.s):01801                 leax    -320,x
CA8D 2008             (adybug/src/main.s):01802                 bra     pt_snap_store
CA8F                  (adybug/src/main.s):01803         pt_snap_east
CA8F 3001             (adybug/src/main.s):01804                 leax    1,x
CA91 2004             (adybug/src/main.s):01805                 bra     pt_snap_store
CA93                  (adybug/src/main.s):01806         pt_snap_south
CA93 30890140         (adybug/src/main.s):01807                 leax    320,x
CA97                  (adybug/src/main.s):01808         pt_snap_store
CA97 9F0B             (adybug/src/main.s):01809                 stx     PLAYER_FB
CA99 0C08             (adybug/src/main.s):01810                 inc     PLAYER_STEP
CA9B 0A56             (adybug/src/main.s):01811                 dec     TURN_SNAP
CA9D 160050           (adybug/src/main.s):01812                 lbra    pt_draw
                      (adybug/src/main.s):01813         
CAA0                  (adybug/src/main.s):01814         pt_advance
CAA0 9E0B             (adybug/src/main.s):01815                 ldx     PLAYER_FB
CAA2 9606             (adybug/src/main.s):01816                 lda     PLAYER_DIR
CAA4 270C             (adybug/src/main.s):01817                 beq     pt_north
CAA6 8101             (adybug/src/main.s):01818                 cmpa    #DIR_EAST
CAA8 270E             (adybug/src/main.s):01819                 beq     pt_east
CAAA 8102             (adybug/src/main.s):01820                 cmpa    #DIR_SOUTH
CAAC 270E             (adybug/src/main.s):01821                 beq     pt_south
CAAE 301F             (adybug/src/main.s):01822                 leax    -1,x
CAB0 200E             (adybug/src/main.s):01823                 bra     pt_store_fb
CAB2                  (adybug/src/main.s):01824         pt_north
CAB2 3089FEC0         (adybug/src/main.s):01825                 leax    -320,x
CAB6 2008             (adybug/src/main.s):01826                 bra     pt_store_fb
CAB8                  (adybug/src/main.s):01827         pt_east
CAB8 3001             (adybug/src/main.s):01828                 leax    1,x
CABA 2004             (adybug/src/main.s):01829                 bra     pt_store_fb
CABC                  (adybug/src/main.s):01830         pt_south
CABC 30890140         (adybug/src/main.s):01831                 leax    320,x
CAC0                  (adybug/src/main.s):01832         pt_store_fb
CAC0 9F0B             (adybug/src/main.s):01833                 stx     PLAYER_FB
CAC2 0C08             (adybug/src/main.s):01834                 inc     PLAYER_STEP
CAC4 9608             (adybug/src/main.s):01835                 lda     PLAYER_STEP
CAC6 8104             (adybug/src/main.s):01836                 cmpa    #4
CAC8 2526             (adybug/src/main.s):01837                 blo     pt_draw
CACA 0F08             (adybug/src/main.s):01838                 clr     PLAYER_STEP
CACC 9606             (adybug/src/main.s):01839                 lda     PLAYER_DIR
CACE 270C             (adybug/src/main.s):01840                 beq     pt_cell_north
CAD0 8101             (adybug/src/main.s):01841                 cmpa    #DIR_EAST
CAD2 270C             (adybug/src/main.s):01842                 beq     pt_cell_east
CAD4 8102             (adybug/src/main.s):01843                 cmpa    #DIR_SOUTH
CAD6 270C             (adybug/src/main.s):01844                 beq     pt_cell_south
CAD8 0A09             (adybug/src/main.s):01845                 dec     PLAYER_CELL_X
CADA 200A             (adybug/src/main.s):01846                 bra     pt_arrived
CADC                  (adybug/src/main.s):01847         pt_cell_north
CADC 0A0A             (adybug/src/main.s):01848                 dec     PLAYER_CELL_Y
CADE 2006             (adybug/src/main.s):01849                 bra     pt_arrived
CAE0                  (adybug/src/main.s):01850         pt_cell_east
CAE0 0C09             (adybug/src/main.s):01851                 inc     PLAYER_CELL_X
CAE2 2002             (adybug/src/main.s):01852                 bra     pt_arrived
CAE4                  (adybug/src/main.s):01853         pt_cell_south
CAE4 0C0A             (adybug/src/main.s):01854                 inc     PLAYER_CELL_Y
CAE6                  (adybug/src/main.s):01855         pt_arrived
CAE6 1702D3           (adybug/src/main.s):01856                 lbsr    check_entity_pickup
CAE9 964D             (adybug/src/main.s):01857                 lda     DEATH_STATE
CAEB 2603             (adybug/src/main.s):01858                 bne     pt_draw
CAED 17061D           (adybug/src/main.s):01859                 lbsr    eat_dot
CAF0                  (adybug/src/main.s):01860         pt_draw
CAF0 9651             (adybug/src/main.s):01861                 lda     PICKUP_TIMER
CAF2 2603             (adybug/src/main.s):01862                 bne     pt_done
CAF4 17064B           (adybug/src/main.s):01863                 lbsr    draw_player
CAF7                  (adybug/src/main.s):01864         pt_done
CAF7 39               (adybug/src/main.s):01865                 rts
                      (adybug/src/main.s):01866         
                      (adybug/src/main.s):01867         ;==============================================================================
                      (adybug/src/main.s):01868         ; player_cell_offset — return row*24+column for the current maze cell.
                      (adybug/src/main.s):01869         ;
                      (adybug/src/main.s):01870         ; Inputs:
                      (adybug/src/main.s):01871         ;   PLAYER_CELL_X, PLAYER_CELL_Y
                      (adybug/src/main.s):01872         ;
                      (adybug/src/main.s):01873         ; Returns:
                      (adybug/src/main.s):01874         ;   D — row-major maze offset, 0..575
                      (adybug/src/main.s):01875         ;   CC — undefined
                      (adybug/src/main.s):01876         ;==============================================================================
CAF8                  (adybug/src/main.s):01877         player_cell_offset
CAF8 8618             (adybug/src/main.s):01878                 lda     #24
CAFA D60A             (adybug/src/main.s):01879                 ldb     PLAYER_CELL_Y
CAFC 3D               (adybug/src/main.s):01880                 mul
CAFD DB09             (adybug/src/main.s):01881                 addb    PLAYER_CELL_X
CAFF 8900             (adybug/src/main.s):01882                 adca    #0
CB01 39               (adybug/src/main.s):01883                 rts
                      (adybug/src/main.s):01884         
                      (adybug/src/main.s):01885         ;==============================================================================
                      (adybug/src/main.s):01886         ; can_move — test the current cell's navigation bit for a direction.
                      (adybug/src/main.s):01887         ;
                      (adybug/src/main.s):01888         ; Inputs:
                      (adybug/src/main.s):01889         ;   A — direction, 0=N, 1=E, 2=S, 3=W
                      (adybug/src/main.s):01890         ;
                      (adybug/src/main.s):01891         ; Returns:
                      (adybug/src/main.s):01892         ;   C — set if passable, clear if blocked
                      (adybug/src/main.s):01893         ;   A, B, D, X, Y, CC — otherwise undefined
                      (adybug/src/main.s):01894         ;==============================================================================
                      (adybug/src/main.s):01895         ; Side effects: a legal endpoint push updates GATE_STATE and redraws the gate.
CB02                  (adybug/src/main.s):01896         can_move
CB02 9712             (adybug/src/main.s):01897                 sta     TEST_DIR
CB04 9609             (adybug/src/main.s):01898                 lda     PLAYER_CELL_X
CB06 9710             (adybug/src/main.s):01899                 sta     TEST_X
CB08 960A             (adybug/src/main.s):01900                 lda     PLAYER_CELL_Y
CB0A 9711             (adybug/src/main.s):01901                 sta     TEST_Y
CB0C D612             (adybug/src/main.s):01902                 ldb     TEST_DIR
CB0E 270C             (adybug/src/main.s):01903                 beq     cm_north
CB10 C101             (adybug/src/main.s):01904                 cmpb    #DIR_EAST
CB12 270C             (adybug/src/main.s):01905                 beq     cm_east
CB14 C102             (adybug/src/main.s):01906                 cmpb    #DIR_SOUTH
CB16 270C             (adybug/src/main.s):01907                 beq     cm_south
CB18 0A10             (adybug/src/main.s):01908                 dec     TEST_X
CB1A 200A             (adybug/src/main.s):01909                 bra     cm_bounds
CB1C                  (adybug/src/main.s):01910         cm_north
CB1C 0A11             (adybug/src/main.s):01911                 dec     TEST_Y
CB1E 2006             (adybug/src/main.s):01912                 bra     cm_bounds
CB20                  (adybug/src/main.s):01913         cm_east
CB20 0C10             (adybug/src/main.s):01914                 inc     TEST_X
CB22 2002             (adybug/src/main.s):01915                 bra     cm_bounds
CB24                  (adybug/src/main.s):01916         cm_south
CB24 0C11             (adybug/src/main.s):01917                 inc     TEST_Y
CB26                  (adybug/src/main.s):01918         cm_bounds
CB26 9610             (adybug/src/main.s):01919                 lda     TEST_X
CB28 8118             (adybug/src/main.s):01920                 cmpa    #MAZE_WIDTH
CB2A 10240126         (adybug/src/main.s):01921                 lbhs    cm_blocked
CB2E 9611             (adybug/src/main.s):01922                 lda     TEST_Y
CB30 8118             (adybug/src/main.s):01923                 cmpa    #MAZE_HEIGHT
CB32 1024011E         (adybug/src/main.s):01924                 lbhs    cm_blocked
CB36 170122           (adybug/src/main.s):01925                 lbsr    test_cell_offset
CB39 308D2FF9         (adybug/src/main.s):01926                 leax    maze_gate_owner,pcr
CB3D A68B             (adybug/src/main.s):01927                 lda     d,x
CB3F 102700FB         (adybug/src/main.s):01928                 lbeq    cm_regular
CB43 4A               (adybug/src/main.s):01929                 deca
CB44 9713             (adybug/src/main.s):01930                 sta     GATE_ID
CB46 C603             (adybug/src/main.s):01931                 ldb     #3
CB48 3D               (adybug/src/main.s):01932                 mul
CB49 308D3229         (adybug/src/main.s):01933                 leax    maze_gates,pcr
CB4D 308B             (adybug/src/main.s):01934                 leax    d,x
CB4F A684             (adybug/src/main.s):01935                 lda     ,x
CB51 9714             (adybug/src/main.s):01936                 sta     GATE_X
CB53 A601             (adybug/src/main.s):01937                 lda     1,x
CB55 9715             (adybug/src/main.s):01938                 sta     GATE_Y
CB57 8EA240           (adybug/src/main.s):01939                 ldx     #GATE_STATE
CB5A D613             (adybug/src/main.s):01940                 ldb     GATE_ID
CB5C A685             (adybug/src/main.s):01941                 lda     b,x
                      (adybug/src/main.s):01942         
                      (adybug/src/main.s):01943                 ; Both corridors parallel to the current bar remain open.  The four
                      (adybug/src/main.s):01944                 ; states retain rotation direction, but collision depends on parity.
CB5E 8501             (adybug/src/main.s):01945                 bita    #1
CB60 2619             (adybug/src/main.s):01946                 bne     cm_check_vertical_passages
CB62 9610             (adybug/src/main.s):01947                 lda     TEST_X
CB64 9114             (adybug/src/main.s):01948                 cmpa    GATE_X
CB66 264C             (adybug/src/main.s):01949                 bne     cm_try_rotate
CB68 9615             (adybug/src/main.s):01950                 lda     GATE_Y
CB6A 4A               (adybug/src/main.s):01951                 deca
CB6B 9111             (adybug/src/main.s):01952                 cmpa    TEST_Y
CB6D 10270023         (adybug/src/main.s):01953                 lbeq    cm_pass_horizontal
CB71 8B02             (adybug/src/main.s):01954                 adda    #2
CB73 9111             (adybug/src/main.s):01955                 cmpa    TEST_Y
CB75 1027001B         (adybug/src/main.s):01956                 lbeq    cm_pass_horizontal
CB79 2039             (adybug/src/main.s):01957                 bra     cm_try_rotate
CB7B                  (adybug/src/main.s):01958         cm_check_vertical_passages
CB7B 9611             (adybug/src/main.s):01959                 lda     TEST_Y
CB7D 9115             (adybug/src/main.s):01960                 cmpa    GATE_Y
CB7F 2633             (adybug/src/main.s):01961                 bne     cm_try_rotate
CB81 9614             (adybug/src/main.s):01962                 lda     GATE_X
CB83 4A               (adybug/src/main.s):01963                 deca
CB84 9110             (adybug/src/main.s):01964                 cmpa    TEST_X
CB86 1027001A         (adybug/src/main.s):01965                 lbeq    cm_pass_vertical
CB8A 8B02             (adybug/src/main.s):01966                 adda    #2
CB8C 9110             (adybug/src/main.s):01967                 cmpa    TEST_X
CB8E 10270012         (adybug/src/main.s):01968                 lbeq    cm_pass_vertical
CB92 2020             (adybug/src/main.s):01969                 bra     cm_try_rotate
                      (adybug/src/main.s):01970         
CB94                  (adybug/src/main.s):01971         cm_pass_horizontal
CB94 D612             (adybug/src/main.s):01972                 ldb     TEST_DIR
CB96 C101             (adybug/src/main.s):01973                 cmpb    #DIR_EAST
CB98 102700B5         (adybug/src/main.s):01974                 lbeq    cm_allowed
CB9C C103             (adybug/src/main.s):01975                 cmpb    #DIR_WEST
CB9E 102700AF         (adybug/src/main.s):01976                 lbeq    cm_allowed
CBA2 2010             (adybug/src/main.s):01977                 bra     cm_try_rotate
                      (adybug/src/main.s):01978         
CBA4                  (adybug/src/main.s):01979         cm_pass_vertical
CBA4 D612             (adybug/src/main.s):01980                 ldb     TEST_DIR
CBA6 C100             (adybug/src/main.s):01981                 cmpb    #DIR_NORTH
CBA8 102700A5         (adybug/src/main.s):01982                 lbeq    cm_allowed
CBAC C102             (adybug/src/main.s):01983                 cmpb    #DIR_SOUTH
CBAE 1027009F         (adybug/src/main.s):01984                 lbeq    cm_allowed
CBB2 2000             (adybug/src/main.s):01985                 bra     cm_try_rotate
                      (adybug/src/main.s):01986         
CBB4                  (adybug/src/main.s):01987         cm_try_rotate
                      (adybug/src/main.s):01988                 ; A horizontal bar rotates only when a vertical move pushes an end.
CBB4 8EA240           (adybug/src/main.s):01989                 ldx     #GATE_STATE
CBB7 D613             (adybug/src/main.s):01990                 ldb     GATE_ID
CBB9 A685             (adybug/src/main.s):01991                 lda     b,x
CBBB 8501             (adybug/src/main.s):01992                 bita    #1
CBBD 263A             (adybug/src/main.s):01993                 bne     cm_vertical_bar
CBBF D612             (adybug/src/main.s):01994                 ldb     TEST_DIR
CBC1 C100             (adybug/src/main.s):01995                 cmpb    #DIR_NORTH
CBC3 2706             (adybug/src/main.s):01996                 beq     cm_h_endpoint
CBC5 C102             (adybug/src/main.s):01997                 cmpb    #DIR_SOUTH
CBC7 10260089         (adybug/src/main.s):01998                 lbne    cm_blocked
CBCB                  (adybug/src/main.s):01999         cm_h_endpoint
CBCB 9611             (adybug/src/main.s):02000                 lda     TEST_Y
CBCD 9115             (adybug/src/main.s):02001                 cmpa    GATE_Y
CBCF 10260081         (adybug/src/main.s):02002                 lbne    cm_blocked
CBD3 9610             (adybug/src/main.s):02003                 lda     TEST_X
CBD5 9114             (adybug/src/main.s):02004                 cmpa    GATE_X
CBD7 2504             (adybug/src/main.s):02005                 blo     cm_set_west
CBD9 2210             (adybug/src/main.s):02006                 bhi     cm_set_east
CBDB 2077             (adybug/src/main.s):02007                 bra     cm_blocked
CBDD                  (adybug/src/main.s):02008         cm_set_west
CBDD 0F1A             (adybug/src/main.s):02009                 clr     GATE_ANIM_STYLE
CBDF D612             (adybug/src/main.s):02010                 ldb     TEST_DIR
CBE1 C100             (adybug/src/main.s):02011                 cmpb    #DIR_NORTH
CBE3 2602             (adybug/src/main.s):02012                 bne     cm_west_style_done
CBE5 0C1A             (adybug/src/main.s):02013                 inc     GATE_ANIM_STYLE
CBE7                  (adybug/src/main.s):02014         cm_west_style_done
CBE7 8601             (adybug/src/main.s):02015                 lda     #1
CBE9 2041             (adybug/src/main.s):02016                 bra     cm_rotate
CBEB                  (adybug/src/main.s):02017         cm_set_east
CBEB 0F1A             (adybug/src/main.s):02018                 clr     GATE_ANIM_STYLE
CBED D612             (adybug/src/main.s):02019                 ldb     TEST_DIR
CBEF C102             (adybug/src/main.s):02020                 cmpb    #DIR_SOUTH
CBF1 2602             (adybug/src/main.s):02021                 bne     cm_east_style_done
CBF3 0C1A             (adybug/src/main.s):02022                 inc     GATE_ANIM_STYLE
CBF5                  (adybug/src/main.s):02023         cm_east_style_done
CBF5 8603             (adybug/src/main.s):02024                 lda     #3
CBF7 2033             (adybug/src/main.s):02025                 bra     cm_rotate
                      (adybug/src/main.s):02026         
                      (adybug/src/main.s):02027                 ; A vertical bar rotates only when a horizontal move pushes an end.
CBF9                  (adybug/src/main.s):02028         cm_vertical_bar
CBF9 D612             (adybug/src/main.s):02029                 ldb     TEST_DIR
CBFB C101             (adybug/src/main.s):02030                 cmpb    #DIR_EAST
CBFD 2704             (adybug/src/main.s):02031                 beq     cm_v_endpoint
CBFF C103             (adybug/src/main.s):02032                 cmpb    #DIR_WEST
CC01 2651             (adybug/src/main.s):02033                 bne     cm_blocked
CC03                  (adybug/src/main.s):02034         cm_v_endpoint
CC03 9610             (adybug/src/main.s):02035                 lda     TEST_X
CC05 9114             (adybug/src/main.s):02036                 cmpa    GATE_X
CC07 264B             (adybug/src/main.s):02037                 bne     cm_blocked
CC09 9611             (adybug/src/main.s):02038                 lda     TEST_Y
CC0B 9115             (adybug/src/main.s):02039                 cmpa    GATE_Y
CC0D 2504             (adybug/src/main.s):02040                 blo     cm_set_north
CC0F 220F             (adybug/src/main.s):02041                 bhi     cm_set_south
CC11 2041             (adybug/src/main.s):02042                 bra     cm_blocked
CC13                  (adybug/src/main.s):02043         cm_set_north
CC13 0F1A             (adybug/src/main.s):02044                 clr     GATE_ANIM_STYLE
CC15 D612             (adybug/src/main.s):02045                 ldb     TEST_DIR
CC17 C103             (adybug/src/main.s):02046                 cmpb    #DIR_WEST
CC19 2602             (adybug/src/main.s):02047                 bne     cm_north_style_done
CC1B 0C1A             (adybug/src/main.s):02048                 inc     GATE_ANIM_STYLE
CC1D                  (adybug/src/main.s):02049         cm_north_style_done
CC1D 4F               (adybug/src/main.s):02050                 clra
CC1E 200C             (adybug/src/main.s):02051                 bra     cm_rotate
CC20                  (adybug/src/main.s):02052         cm_set_south
CC20 0F1A             (adybug/src/main.s):02053                 clr     GATE_ANIM_STYLE
CC22 D612             (adybug/src/main.s):02054                 ldb     TEST_DIR
CC24 C101             (adybug/src/main.s):02055                 cmpb    #DIR_EAST
CC26 2602             (adybug/src/main.s):02056                 bne     cm_south_style_done
CC28 0C1A             (adybug/src/main.s):02057                 inc     GATE_ANIM_STYLE
CC2A                  (adybug/src/main.s):02058         cm_south_style_done
CC2A 8602             (adybug/src/main.s):02059                 lda     #2
CC2C                  (adybug/src/main.s):02060         cm_rotate
CC2C 8EA240           (adybug/src/main.s):02061                 ldx     #GATE_STATE
CC2F D613             (adybug/src/main.s):02062                 ldb     GATE_ID
CC31 A785             (adybug/src/main.s):02063                 sta     b,x
CC33 9613             (adybug/src/main.s):02064                 lda     GATE_ID
CC35 4C               (adybug/src/main.s):02065                 inca
CC36 9719             (adybug/src/main.s):02066                 sta     GATE_ANIM_ID
CC38 4A               (adybug/src/main.s):02067                 deca
CC39 1700C1           (adybug/src/main.s):02068                 lbsr    draw_gate_diagonal
CC3C 2013             (adybug/src/main.s):02069                 bra     cm_allowed
                      (adybug/src/main.s):02070         
CC3E                  (adybug/src/main.s):02071         cm_regular
CC3E 17001A           (adybug/src/main.s):02072                 lbsr    test_cell_offset
CC41 308D2CB1         (adybug/src/main.s):02073                 leax    maze_nav,pcr
CC45 E68B             (adybug/src/main.s):02074                 ldb     d,x
CC47 308D000C         (adybug/src/main.s):02075                 leax    cm_entry_masks,pcr
CC4B 9612             (adybug/src/main.s):02076                 lda     TEST_DIR
CC4D E486             (adybug/src/main.s):02077                 andb    a,x             ; target must admit the reciprocal direction
CC4F 2703             (adybug/src/main.s):02078                 beq     cm_blocked
CC51                  (adybug/src/main.s):02079         cm_allowed
CC51 1A01             (adybug/src/main.s):02080                 orcc    #$01
CC53 39               (adybug/src/main.s):02081                 rts
CC54                  (adybug/src/main.s):02082         cm_blocked
CC54 1CFE             (adybug/src/main.s):02083                 andcc   #$FE
CC56 39               (adybug/src/main.s):02084                 rts
                      (adybug/src/main.s):02085         
CC57                  (adybug/src/main.s):02086         cm_entry_masks
CC57 04080102         (adybug/src/main.s):02087                 fcb     $04,$08,$01,$02 ; requested N/E/S/W enters through S/W/N/E
                      (adybug/src/main.s):02088         
                      (adybug/src/main.s):02089         ;==============================================================================
                      (adybug/src/main.s):02090         ; test_cell_offset
                      (adybug/src/main.s):02091         ;
                      (adybug/src/main.s):02092         ; Inputs: TEST_X, TEST_Y
                      (adybug/src/main.s):02093         ; Returns: D = row-major maze offset; CC undefined
                      (adybug/src/main.s):02094         ;==============================================================================
CC5B                  (adybug/src/main.s):02095         test_cell_offset
CC5B 8618             (adybug/src/main.s):02096                 lda     #24
CC5D D611             (adybug/src/main.s):02097                 ldb     TEST_Y
CC5F 3D               (adybug/src/main.s):02098                 mul
CC60 DB10             (adybug/src/main.s):02099                 addb    TEST_X
CC62 8900             (adybug/src/main.s):02100                 adca    #0
CC64 39               (adybug/src/main.s):02101                 rts
                      (adybug/src/main.s):02102         
                      (adybug/src/main.s):02103         ;==============================================================================
                      (adybug/src/main.s):02104         ; draw_gate
                      (adybug/src/main.s):02105         ;
                      (adybug/src/main.s):02106         ; Inputs: A = gate ID, 0..19
                      (adybug/src/main.s):02107         ; Returns: A, B, D, X, Y, U, CC undefined
                      (adybug/src/main.s):02108         ; Side effects: restores contextual background, overlays this gate, then
                      (adybug/src/main.s):02109         ;              re-overlays an intersecting neighbouring gate if present.
                      (adybug/src/main.s):02110         ;==============================================================================
CC65                  (adybug/src/main.s):02111         draw_gate
CC65 170014           (adybug/src/main.s):02112                 lbsr    restore_gate_background
CC68 9613             (adybug/src/main.s):02113                 lda     GATE_ID
CC6A 17004F           (adybug/src/main.s):02114                 lbsr    draw_gate_overlay
CC6D 308D23D1         (adybug/src/main.s):02115                 leax    gate_redraw_neighbors,pcr
CC71 D613             (adybug/src/main.s):02116                 ldb     GATE_ID
CC73 A685             (adybug/src/main.s):02117                 lda     b,x
CC75 2704             (adybug/src/main.s):02118                 beq     dg_done
CC77 4A               (adybug/src/main.s):02119                 deca
CC78 170041           (adybug/src/main.s):02120                 lbsr    draw_gate_overlay
CC7B                  (adybug/src/main.s):02121         dg_done
CC7B 39               (adybug/src/main.s):02122                 rts
                      (adybug/src/main.s):02123         
                      (adybug/src/main.s):02124         ; Restore the seven contextual cells without drawing dynamic gate art.
CC7C                  (adybug/src/main.s):02125         restore_gate_background
CC7C 9713             (adybug/src/main.s):02126                 sta     GATE_ID
CC7E C603             (adybug/src/main.s):02127                 ldb     #3
CC80 3D               (adybug/src/main.s):02128                 mul
CC81 308D30F1         (adybug/src/main.s):02129                 leax    maze_gates,pcr
CC85 308B             (adybug/src/main.s):02130                 leax    d,x
CC87 A684             (adybug/src/main.s):02131                 lda     ,x
CC89 9714             (adybug/src/main.s):02132                 sta     GATE_X
CC8B A601             (adybug/src/main.s):02133                 lda     1,x
CC8D 9715             (adybug/src/main.s):02134                 sta     GATE_Y
                      (adybug/src/main.s):02135         
CC8F 9613             (adybug/src/main.s):02136                 lda     GATE_ID
CC91 C607             (adybug/src/main.s):02137                 ldb     #7
CC93 3D               (adybug/src/main.s):02138                 mul
CC94 338D231E         (adybug/src/main.s):02139                 leau    gate_background_tiles,pcr
CC98 33CB             (adybug/src/main.s):02140                 leau    d,u
CC9A 308D0108         (adybug/src/main.s):02141                 leax    gate_cross_offsets,pcr
CC9E 8607             (adybug/src/main.s):02142                 lda     #7
CCA0 9716             (adybug/src/main.s):02143                 sta     DRAW_COUNT
CCA2                  (adybug/src/main.s):02144         dg_restore
CCA2 9614             (adybug/src/main.s):02145                 lda     GATE_X
CCA4 AB80             (adybug/src/main.s):02146                 adda    ,x+
CCA6 9710             (adybug/src/main.s):02147                 sta     TEST_X
CCA8 9615             (adybug/src/main.s):02148                 lda     GATE_Y
CCAA AB80             (adybug/src/main.s):02149                 adda    ,x+
CCAC 9711             (adybug/src/main.s):02150                 sta     TEST_Y
CCAE E6C0             (adybug/src/main.s):02151                 ldb     ,u+
CCB0 3450             (adybug/src/main.s):02152                 pshs    x,u
CCB2 1703F8           (adybug/src/main.s):02153                 lbsr    draw_cell_tile
CCB5 3550             (adybug/src/main.s):02154                 puls    x,u
CCB7 0A16             (adybug/src/main.s):02155                 dec     DRAW_COUNT
CCB9 26E7             (adybug/src/main.s):02156                 bne     dg_restore
CCBB 39               (adybug/src/main.s):02157                 rts
                      (adybug/src/main.s):02158         
                      (adybug/src/main.s):02159         ;==============================================================================
                      (adybug/src/main.s):02160         ; draw_gate_overlay
                      (adybug/src/main.s):02161         ;
                      (adybug/src/main.s):02162         ; Inputs: A = gate ID, 0..19
                      (adybug/src/main.s):02163         ; Returns: A, B, D, X, Y, U, CC undefined
                      (adybug/src/main.s):02164         ; Side effects: transparently overlays five active gate-art tiles.
                      (adybug/src/main.s):02165         ;==============================================================================
CCBC                  (adybug/src/main.s):02166         draw_gate_overlay
CCBC 9713             (adybug/src/main.s):02167                 sta     GATE_ID
CCBE C603             (adybug/src/main.s):02168                 ldb     #3
CCC0 3D               (adybug/src/main.s):02169                 mul
CCC1 308D30B1         (adybug/src/main.s):02170                 leax    maze_gates,pcr
CCC5 308B             (adybug/src/main.s):02171                 leax    d,x
CCC7 A684             (adybug/src/main.s):02172                 lda     ,x
CCC9 9714             (adybug/src/main.s):02173                 sta     GATE_X
CCCB A601             (adybug/src/main.s):02174                 lda     1,x
CCCD 9715             (adybug/src/main.s):02175                 sta     GATE_Y
                      (adybug/src/main.s):02176         
CCCF 8EA240           (adybug/src/main.s):02177                 ldx     #GATE_STATE
CCD2 D613             (adybug/src/main.s):02178                 ldb     GATE_ID
CCD4 A685             (adybug/src/main.s):02179                 lda     b,x
CCD6 C60F             (adybug/src/main.s):02180                 ldb     #15
CCD8 3D               (adybug/src/main.s):02181                 mul
CCD9 308D2273         (adybug/src/main.s):02182                 leax    gate_state_tiles,pcr
CCDD 308B             (adybug/src/main.s):02183                 leax    d,x
CCDF 8605             (adybug/src/main.s):02184                 lda     #5
CCE1 9716             (adybug/src/main.s):02185                 sta     DRAW_COUNT
CCE3                  (adybug/src/main.s):02186         dg_tiles
CCE3 9614             (adybug/src/main.s):02187                 lda     GATE_X
CCE5 AB80             (adybug/src/main.s):02188                 adda    ,x+
CCE7 9710             (adybug/src/main.s):02189                 sta     TEST_X
CCE9 9615             (adybug/src/main.s):02190                 lda     GATE_Y
CCEB AB80             (adybug/src/main.s):02191                 adda    ,x+
CCED 9711             (adybug/src/main.s):02192                 sta     TEST_Y
CCEF E680             (adybug/src/main.s):02193                 ldb     ,x+
CCF1 3410             (adybug/src/main.s):02194                 pshs    x
CCF3 1703E5           (adybug/src/main.s):02195                 lbsr    draw_cell_overlay
CCF6 3510             (adybug/src/main.s):02196                 puls    x
CCF8 0A16             (adybug/src/main.s):02197                 dec     DRAW_COUNT
CCFA 26E7             (adybug/src/main.s):02198                 bne     dg_tiles
CCFC 39               (adybug/src/main.s):02199                 rts
                      (adybug/src/main.s):02200         
                      (adybug/src/main.s):02201         ; Draw one arcade diagonal intermediate over a gate-free background.
CCFD                  (adybug/src/main.s):02202         draw_gate_diagonal
CCFD 17FF7C           (adybug/src/main.s):02203                 lbsr    restore_gate_background
CD00 DC14             (adybug/src/main.s):02204                 ldd     GATE_X
CD02 3406             (adybug/src/main.s):02205                 pshs    d
CD04 308D233A         (adybug/src/main.s):02206                 leax    gate_redraw_neighbors,pcr
CD08 D613             (adybug/src/main.s):02207                 ldb     GATE_ID
CD0A A685             (adybug/src/main.s):02208                 lda     b,x
CD0C 2704             (adybug/src/main.s):02209                 beq     dgd_no_neighbor
CD0E 4A               (adybug/src/main.s):02210                 deca
CD0F 17FFAA           (adybug/src/main.s):02211                 lbsr    draw_gate_overlay
CD12                  (adybug/src/main.s):02212         dgd_no_neighbor
CD12 3506             (adybug/src/main.s):02213                 puls    d
CD14 DD14             (adybug/src/main.s):02214                 std     GATE_X
CD16 9619             (adybug/src/main.s):02215                 lda     GATE_ANIM_ID
CD18 4A               (adybug/src/main.s):02216                 deca
CD19 9713             (adybug/src/main.s):02217                 sta     GATE_ID
CD1B 961A             (adybug/src/main.s):02218                 lda     GATE_ANIM_STYLE
CD1D C615             (adybug/src/main.s):02219                 ldb     #21
CD1F 3D               (adybug/src/main.s):02220                 mul
CD20 308D2268         (adybug/src/main.s):02221                 leax    gate_diagonal_tiles,pcr
CD24 308B             (adybug/src/main.s):02222                 leax    d,x
CD26 8607             (adybug/src/main.s):02223                 lda     #7
CD28 9716             (adybug/src/main.s):02224                 sta     DRAW_COUNT
CD2A                  (adybug/src/main.s):02225         dgd_tile
CD2A 9614             (adybug/src/main.s):02226                 lda     GATE_X
CD2C AB80             (adybug/src/main.s):02227                 adda    ,x+
CD2E 9710             (adybug/src/main.s):02228                 sta     TEST_X
CD30 9615             (adybug/src/main.s):02229                 lda     GATE_Y
CD32 AB80             (adybug/src/main.s):02230                 adda    ,x+
CD34 9711             (adybug/src/main.s):02231                 sta     TEST_Y
CD36 E680             (adybug/src/main.s):02232                 ldb     ,x+
CD38 3410             (adybug/src/main.s):02233                 pshs    x
CD3A 170370           (adybug/src/main.s):02234                 lbsr    draw_cell_tile
CD3D 3510             (adybug/src/main.s):02235                 puls    x
CD3F 0A16             (adybug/src/main.s):02236                 dec     DRAW_COUNT
CD41 26E7             (adybug/src/main.s):02237                 bne     dgd_tile
CD43 17F8C6           (adybug/src/main.s):02238                 lbsr    draw_entities
CD46 39               (adybug/src/main.s):02239                 rts
                      (adybug/src/main.s):02240         
                      (adybug/src/main.s):02241         ; Complete the pending one-Vbord diagonal frame before this frame's movement.
CD47                  (adybug/src/main.s):02242         finish_gate_animation
CD47 9619             (adybug/src/main.s):02243                 lda     GATE_ANIM_ID
CD49 2714             (adybug/src/main.s):02244                 beq     fga_done
CD4B 170590           (adybug/src/main.s):02245                 lbsr    restore_player
CD4E 17000F           (adybug/src/main.s):02246                 lbsr    restore_gate_diagonal_dots
CD51 9619             (adybug/src/main.s):02247                 lda     GATE_ANIM_ID
CD53 4A               (adybug/src/main.s):02248                 deca
CD54 17FF0E           (adybug/src/main.s):02249                 lbsr    draw_gate
CD57 0F19             (adybug/src/main.s):02250                 clr     GATE_ANIM_ID
CD59 17F8B0           (adybug/src/main.s):02251                 lbsr    draw_entities
CD5C 1703E3           (adybug/src/main.s):02252                 lbsr    draw_player
CD5F                  (adybug/src/main.s):02253         fga_done
CD5F 39               (adybug/src/main.s):02254                 rts
                      (adybug/src/main.s):02255         
                      (adybug/src/main.s):02256         ; Restore the two dot cells overwritten by the selected diagonal style.
CD60                  (adybug/src/main.s):02257         restore_gate_diagonal_dots
CD60 9619             (adybug/src/main.s):02258                 lda     GATE_ANIM_ID
CD62 4A               (adybug/src/main.s):02259                 deca
CD63 C603             (adybug/src/main.s):02260                 ldb     #3
CD65 3D               (adybug/src/main.s):02261                 mul
CD66 308D300C         (adybug/src/main.s):02262                 leax    maze_gates,pcr
CD6A 308B             (adybug/src/main.s):02263                 leax    d,x
CD6C EC84             (adybug/src/main.s):02264                 ldd     ,x
CD6E DD14             (adybug/src/main.s):02265                 std     GATE_X
CD70 961A             (adybug/src/main.s):02266                 lda     GATE_ANIM_STYLE
CD72 48               (adybug/src/main.s):02267                 lsla
CD73 48               (adybug/src/main.s):02268                 lsla
CD74 308D003C         (adybug/src/main.s):02269                 leax    gate_diagonal_dot_offsets,pcr
CD78 3086             (adybug/src/main.s):02270                 leax    a,x
CD7A 8602             (adybug/src/main.s):02271                 lda     #2
CD7C 9716             (adybug/src/main.s):02272                 sta     DRAW_COUNT
CD7E                  (adybug/src/main.s):02273         rgdd_cell
CD7E 9614             (adybug/src/main.s):02274                 lda     GATE_X
CD80 AB80             (adybug/src/main.s):02275                 adda    ,x+
CD82 9710             (adybug/src/main.s):02276                 sta     TEST_X
CD84 9615             (adybug/src/main.s):02277                 lda     GATE_Y
CD86 AB80             (adybug/src/main.s):02278                 adda    ,x+
CD88 9711             (adybug/src/main.s):02279                 sta     TEST_Y
CD8A 3410             (adybug/src/main.s):02280                 pshs    x
CD8C 17FECC           (adybug/src/main.s):02281                 lbsr    test_cell_offset
CD8F 8EA000           (adybug/src/main.s):02282                 ldx     #MAZE_STATE
CD92 A68B             (adybug/src/main.s):02283                 lda     d,x
CD94 2A04             (adybug/src/main.s):02284                 bpl     rgdd_clean
CD96 C618             (adybug/src/main.s):02285                 ldb     #MAZE_DOT_TILE
CD98 2002             (adybug/src/main.s):02286                 bra     rgdd_draw
CD9A                  (adybug/src/main.s):02287         rgdd_clean
CD9A C605             (adybug/src/main.s):02288                 ldb     #MAZE_CLEAN_TILE
CD9C                  (adybug/src/main.s):02289         rgdd_draw
CD9C 17030E           (adybug/src/main.s):02290                 lbsr    draw_cell_tile
CD9F 3510             (adybug/src/main.s):02291                 puls    x
CDA1 0A16             (adybug/src/main.s):02292                 dec     DRAW_COUNT
CDA3 26D9             (adybug/src/main.s):02293                 bne     rgdd_cell
CDA5 39               (adybug/src/main.s):02294                 rts
                      (adybug/src/main.s):02295         
CDA6                  (adybug/src/main.s):02296         gate_cross_offsets
CDA6 00FE00FFFE00FF00 (adybug/src/main.s):02297                 fcb     0,-2,0,-1,-2,0,-1,0,0,0,1,0,0,1
     000001000001
CDB4                  (adybug/src/main.s):02298         gate_diagonal_dot_offsets
CDB4 01FFFF01FFFF0101 (adybug/src/main.s):02299                 fcb     1,-1,-1,1,-1,-1,1,1
                      (adybug/src/main.s):02300         
                      (adybug/src/main.s):02301         ;==============================================================================
                      (adybug/src/main.s):02302         ; Object collision, pickup, death, and state-preserving respawn.
                      (adybug/src/main.s):02303         ;==============================================================================
CDBC                  (adybug/src/main.s):02304         check_entity_pickup
CDBC 8EA380           (adybug/src/main.s):02305                 ldx     #ENTITY_TABLE
CDBF 9632             (adybug/src/main.s):02306                 lda     ENTITY_COUNT
CDC1 9748             (adybug/src/main.s):02307                 sta     ENTITY_WORK
CDC3                  (adybug/src/main.s):02308         cep_loop
CDC3 9F3E             (adybug/src/main.s):02309                 stx     ENTITY_PTR
CDC5 A602             (adybug/src/main.s):02310                 lda     2,x
CDC7 1027028E         (adybug/src/main.s):02311                 lbeq    cep_next
CDCB A684             (adybug/src/main.s):02312                 lda     ,x
CDCD 9109             (adybug/src/main.s):02313                 cmpa    PLAYER_CELL_X
CDCF 10260286         (adybug/src/main.s):02314                 lbne    cep_next
CDD3 A601             (adybug/src/main.s):02315                 lda     1,x
CDD5 910A             (adybug/src/main.s):02316                 cmpa    PLAYER_CELL_Y
CDD7 1026027E         (adybug/src/main.s):02317                 lbne    cep_next
CDDB A602             (adybug/src/main.s):02318                 lda     2,x
CDDD 9738             (adybug/src/main.s):02319                 sta     ENTITY_TYPE
CDDF A603             (adybug/src/main.s):02320                 lda     3,x
CDE1 9739             (adybug/src/main.s):02321                 sta     ENTITY_VARIANT
CDE3 A684             (adybug/src/main.s):02322                 lda     ,x
CDE5 9736             (adybug/src/main.s):02323                 sta     ENTITY_X
CDE7 A601             (adybug/src/main.s):02324                 lda     1,x
CDE9 9737             (adybug/src/main.s):02325                 sta     ENTITY_Y
CDEB 9638             (adybug/src/main.s):02326                 lda     ENTITY_TYPE
CDED 8101             (adybug/src/main.s):02327                 cmpa    #ENTITY_SKULL
CDEF 273B             (adybug/src/main.s):02328                 beq     cep_skull
CDF1 6F02             (adybug/src/main.s):02329                 clr     2,x
CDF3 17026E           (adybug/src/main.s):02330                 lbsr    restore_entity_footprint
CDF6 0A33             (adybug/src/main.s):02331                 dec     BONUS_LEFT
CDF8 17F3C1           (adybug/src/main.s):02332                 lbsr    add_bonus_score
CDFB 9638             (adybug/src/main.s):02333                 lda     ENTITY_TYPE
CDFD 8102             (adybug/src/main.s):02334                 cmpa    #ENTITY_HEART
CDFF 2621             (adybug/src/main.s):02335                 bne     cep_letter
CE01 962F             (adybug/src/main.s):02336                 lda     BONUS_COLOR
CE03 8103             (adybug/src/main.s):02337                 cmpa    #COLOR_BLUE
CE05 261E             (adybug/src/main.s):02338                 bne     cep_check_clear
CE07 963B             (adybug/src/main.s):02339                 lda     MULTIPLIER
CE09 8105             (adybug/src/main.s):02340                 cmpa    #5
CE0B 2718             (adybug/src/main.s):02341                 beq     cep_check_clear
CE0D 8103             (adybug/src/main.s):02342                 cmpa    #3
CE0F 2708             (adybug/src/main.s):02343                 beq     cep_multiplier_five
CE11 4C               (adybug/src/main.s):02344                 inca
CE12 973B             (adybug/src/main.s):02345                 sta     MULTIPLIER
CE14 17F459           (adybug/src/main.s):02346                 lbsr    draw_multiplier_hud
CE17 200C             (adybug/src/main.s):02347                 bra     cep_check_clear
CE19                  (adybug/src/main.s):02348         cep_multiplier_five
CE19 8605             (adybug/src/main.s):02349                 lda     #5
CE1B 973B             (adybug/src/main.s):02350                 sta     MULTIPLIER
CE1D 17F450           (adybug/src/main.s):02351                 lbsr    draw_multiplier_hud
CE20 2003             (adybug/src/main.s):02352                 bra     cep_check_clear
CE22                  (adybug/src/main.s):02353         cep_letter
CE22 17F3D0           (adybug/src/main.s):02354                 lbsr    apply_letter_pickup
CE25                  (adybug/src/main.s):02355         cep_check_clear
CE25 170038           (adybug/src/main.s):02356                 lbsr    begin_score_popup
CE28 17F49C           (adybug/src/main.s):02357                 lbsr    check_stage_clear
CE2B 39               (adybug/src/main.s):02358                 rts
CE2C                  (adybug/src/main.s):02359         cep_skull
CE2C 8EA380           (adybug/src/main.s):02360                 ldx     #ENTITY_TABLE
CE2F 9632             (adybug/src/main.s):02361                 lda     ENTITY_COUNT
CE31 9748             (adybug/src/main.s):02362                 sta     ENTITY_WORK
CE33                  (adybug/src/main.s):02363         cep_skull_loop
CE33 A602             (adybug/src/main.s):02364                 lda     2,x
CE35 8101             (adybug/src/main.s):02365                 cmpa    #ENTITY_SKULL
CE37 2611             (adybug/src/main.s):02366                 bne     cep_skull_next
CE39 A684             (adybug/src/main.s):02367                 lda     ,x
CE3B 9736             (adybug/src/main.s):02368                 sta     ENTITY_X
CE3D A601             (adybug/src/main.s):02369                 lda     1,x
CE3F 9737             (adybug/src/main.s):02370                 sta     ENTITY_Y
CE41 6F02             (adybug/src/main.s):02371                 clr     2,x
CE43 3410             (adybug/src/main.s):02372                 pshs    x
CE45 17021C           (adybug/src/main.s):02373                 lbsr    restore_entity_footprint
CE48 3510             (adybug/src/main.s):02374                 puls    x
CE4A                  (adybug/src/main.s):02375         cep_skull_next
CE4A 3004             (adybug/src/main.s):02376                 leax    4,x
CE4C 0A48             (adybug/src/main.s):02377                 dec     ENTITY_WORK
CE4E 26E3             (adybug/src/main.s):02378                 bne     cep_skull_loop
CE50 17F7B9           (adybug/src/main.s):02379                 lbsr    draw_entities
CE53 0F3A             (adybug/src/main.s):02380                 clr     DEATH_TIMER
CE55 8601             (adybug/src/main.s):02381                 lda     #1
CE57 974D             (adybug/src/main.s):02382                 sta     DEATH_STATE
CE59 86FF             (adybug/src/main.s):02383                 lda     #DIR_NONE
CE5B 9706             (adybug/src/main.s):02384                 sta     PLAYER_DIR
CE5D 970F             (adybug/src/main.s):02385                 sta     PLAYER_WANT
CE5F 39               (adybug/src/main.s):02386                 rts
                      (adybug/src/main.s):02387         
                      (adybug/src/main.s):02388         ; Replace the player with the collected colour's score graphic for the exact
                      (adybug/src/main.s):02389         ; 30-frame MAME hold. The Vbord countdown is independent of joystick input.
                      (adybug/src/main.s):02390         ; Movement pauses, so the existing player background remains authoritative.
CE60                  (adybug/src/main.s):02391         begin_score_popup
CE60 962F             (adybug/src/main.s):02392                 lda     BONUS_COLOR
CE62 8103             (adybug/src/main.s):02393                 cmpa    #COLOR_BLUE
CE64 2708             (adybug/src/main.s):02394                 beq     bsp_blue
CE66 8102             (adybug/src/main.s):02395                 cmpa    #COLOR_YELLOW
CE68 2707             (adybug/src/main.s):02396                 beq     bsp_yellow
CE6A 8602             (adybug/src/main.s):02397                 lda     #2              ; Red 800 frame
CE6C 2005             (adybug/src/main.s):02398                 bra     bsp_frame
CE6E                  (adybug/src/main.s):02399         bsp_blue
CE6E 4F               (adybug/src/main.s):02400                 clra                    ; Blue 100 frame
CE6F 2002             (adybug/src/main.s):02401                 bra     bsp_frame
CE71                  (adybug/src/main.s):02402         bsp_yellow
CE71 8601             (adybug/src/main.s):02403                 lda     #1              ; Yellow 300 frame
CE73                  (adybug/src/main.s):02404         bsp_frame
CE73 9752             (adybug/src/main.s):02405                 sta     PICKUP_FRAME
CE75 861E             (adybug/src/main.s):02406                 lda     #PICKUP_HOLD_FRAMES
CE77 9751             (adybug/src/main.s):02407                 sta     PICKUP_TIMER
CE79 170440           (adybug/src/main.s):02408                 lbsr    save_player
CE7C 170072           (adybug/src/main.s):02409                 lbsr    save_pickup_lower
CE7F 170013           (adybug/src/main.s):02410                 lbsr    draw_score_popup
CE82 39               (adybug/src/main.s):02411                 rts
                      (adybug/src/main.s):02412         
CE83                  (adybug/src/main.s):02413         pickup_tick
CE83 9651             (adybug/src/main.s):02414                 lda     PICKUP_TIMER
CE85 270D             (adybug/src/main.s):02415                 beq     put_done
CE87 0A51             (adybug/src/main.s):02416                 dec     PICKUP_TIMER
CE89 2609             (adybug/src/main.s):02417                 bne     put_done
CE8B 170450           (adybug/src/main.s):02418                 lbsr    restore_player
CE8E 170086           (adybug/src/main.s):02419                 lbsr    restore_pickup_lower
CE91 1702AE           (adybug/src/main.s):02420                 lbsr    draw_player
CE94                  (adybug/src/main.s):02421         put_done
CE94 39               (adybug/src/main.s):02422                 rts
                      (adybug/src/main.s):02423         
CE95                  (adybug/src/main.s):02424         draw_score_popup
CE95 9652             (adybug/src/main.s):02425                 lda     PICKUP_FRAME
CE97 C640             (adybug/src/main.s):02426                 ldb     #PACKED_SPRITE_SIZE
CE99 3D               (adybug/src/main.s):02427                 mul
CE9A 318D2658         (adybug/src/main.s):02428                 leay    score_sprites,pcr
CE9E 31AB             (adybug/src/main.s):02429                 leay    d,y
CEA0 9E0B             (adybug/src/main.s):02430                 ldx     PLAYER_FB
CEA2 962F             (adybug/src/main.s):02431                 lda     BONUS_COLOR
CEA4 8103             (adybug/src/main.s):02432                 cmpa    #COLOR_BLUE
CEA6 270A             (adybug/src/main.s):02433                 beq     dsp_blue
CEA8 8102             (adybug/src/main.s):02434                 cmpa    #COLOR_YELLOW
CEAA 270C             (adybug/src/main.s):02435                 beq     dsp_yellow
CEAC 338D03DC         (adybug/src/main.s):02436                 leau    sprite_score_red_pairs,pcr
CEB0 200A             (adybug/src/main.s):02437                 bra     dsp_draw
CEB2                  (adybug/src/main.s):02438         dsp_blue
CEB2 338D03F6         (adybug/src/main.s):02439                 leau    sprite_score_blue_pairs,pcr
CEB6 2004             (adybug/src/main.s):02440                 bra     dsp_draw
CEB8                  (adybug/src/main.s):02441         dsp_yellow
CEB8 338D03E0         (adybug/src/main.s):02442                 leau    sprite_score_yellow_pairs,pcr
CEBC                  (adybug/src/main.s):02443         dsp_draw
CEBC 17033C           (adybug/src/main.s):02444                 lbsr    blit_packed_sprite
CEBF 170001           (adybug/src/main.s):02445                 lbsr    draw_popup_multiplier
CEC2 39               (adybug/src/main.s):02446                 rts
                      (adybug/src/main.s):02447         
CEC3                  (adybug/src/main.s):02448         draw_popup_multiplier
CEC3 963B             (adybug/src/main.s):02449                 lda     MULTIPLIER
CEC5 8101             (adybug/src/main.s):02450                 cmpa    #1
CEC7 2727             (adybug/src/main.s):02451                 beq     dpm_done
CEC9 8102             (adybug/src/main.s):02452                 cmpa    #2
CECB 2708             (adybug/src/main.s):02453                 beq     dpm_two
CECD 8103             (adybug/src/main.s):02454                 cmpa    #3
CECF 2707             (adybug/src/main.s):02455                 beq     dpm_three
CED1 8602             (adybug/src/main.s):02456                 lda     #2
CED3 2005             (adybug/src/main.s):02457                 bra     dpm_select
CED5                  (adybug/src/main.s):02458         dpm_two
CED5 4F               (adybug/src/main.s):02459                 clra
CED6 2002             (adybug/src/main.s):02460                 bra     dpm_select
CED8                  (adybug/src/main.s):02461         dpm_three
CED8 8601             (adybug/src/main.s):02462                 lda     #1
CEDA                  (adybug/src/main.s):02463         dpm_select
CEDA C620             (adybug/src/main.s):02464                 ldb     #PICKUP_MULTIPLIER_SIZE
CEDC 3D               (adybug/src/main.s):02465                 mul
CEDD 318D25B5         (adybug/src/main.s):02466                 leay    pickup_multiplier_graphics,pcr
CEE1 31AB             (adybug/src/main.s):02467                 leay    d,y
CEE3 9E0B             (adybug/src/main.s):02468                 ldx     PLAYER_FB
CEE5 30890A02         (adybug/src/main.s):02469                 leax    2562,x           ; centre one 8px arcade tile under 16px score
CEE9 8608             (adybug/src/main.s):02470                 lda     #8
CEEB C604             (adybug/src/main.s):02471                 ldb     #4
CEED 170462           (adybug/src/main.s):02472                 lbsr    blit_transparent
CEF0                  (adybug/src/main.s):02473         dpm_done
CEF0 39               (adybug/src/main.s):02474                 rts
                      (adybug/src/main.s):02475         
CEF1                  (adybug/src/main.s):02476         save_pickup_lower
CEF1 9E0B             (adybug/src/main.s):02477                 ldx     PLAYER_FB
CEF3 30890A00         (adybug/src/main.s):02478                 leax    2560,x
CEF7 CEA3B0           (adybug/src/main.s):02479                 ldu     #PICKUP_BG
CEFA 8608             (adybug/src/main.s):02480                 lda     #8
CEFC 972B             (adybug/src/main.s):02481                 sta     HUD_COUNT
CEFE                  (adybug/src/main.s):02482         spl_row
CEFE EC81             (adybug/src/main.s):02483                 ldd     ,x++
CF00 EDC1             (adybug/src/main.s):02484                 std     ,u++
CF02 EC81             (adybug/src/main.s):02485                 ldd     ,x++
CF04 EDC1             (adybug/src/main.s):02486                 std     ,u++
CF06 EC81             (adybug/src/main.s):02487                 ldd     ,x++
CF08 EDC1             (adybug/src/main.s):02488                 std     ,u++
CF0A EC81             (adybug/src/main.s):02489                 ldd     ,x++
CF0C EDC1             (adybug/src/main.s):02490                 std     ,u++
CF0E 30890098         (adybug/src/main.s):02491                 leax    152,x
CF12 0A2B             (adybug/src/main.s):02492                 dec     HUD_COUNT
CF14 26E8             (adybug/src/main.s):02493                 bne     spl_row
CF16 39               (adybug/src/main.s):02494                 rts
                      (adybug/src/main.s):02495         
CF17                  (adybug/src/main.s):02496         restore_pickup_lower
CF17 9E0B             (adybug/src/main.s):02497                 ldx     PLAYER_FB
CF19 30890A00         (adybug/src/main.s):02498                 leax    2560,x
CF1D CEA3B0           (adybug/src/main.s):02499                 ldu     #PICKUP_BG
CF20 8608             (adybug/src/main.s):02500                 lda     #8
CF22 972B             (adybug/src/main.s):02501                 sta     HUD_COUNT
CF24                  (adybug/src/main.s):02502         rpl_row
CF24 ECC1             (adybug/src/main.s):02503                 ldd     ,u++
CF26 ED81             (adybug/src/main.s):02504                 std     ,x++
CF28 ECC1             (adybug/src/main.s):02505                 ldd     ,u++
CF2A ED81             (adybug/src/main.s):02506                 std     ,x++
CF2C ECC1             (adybug/src/main.s):02507                 ldd     ,u++
CF2E ED81             (adybug/src/main.s):02508                 std     ,x++
CF30 ECC1             (adybug/src/main.s):02509                 ldd     ,u++
CF32 ED81             (adybug/src/main.s):02510                 std     ,x++
CF34 30890098         (adybug/src/main.s):02511                 leax    152,x
CF38 0A2B             (adybug/src/main.s):02512                 dec     HUD_COUNT
CF3A 26E8             (adybug/src/main.s):02513                 bne     rpl_row
CF3C 39               (adybug/src/main.s):02514                 rts
                      (adybug/src/main.s):02515         
                      (adybug/src/main.s):02516         ; User-directed death sequence: R6C7 down through R0C7, R5C10 down
                      (adybug/src/main.s):02517         ; through R0C10, then the final R7C11 angel swoops upward.
                      (adybug/src/main.s):02518         ; The requested CoCo transition then walks a normal Lady Bug down the entrance
                      (adybug/src/main.s):02519         ; before the replacement walks in from below.
CF3D                  (adybug/src/main.s):02520         death_tick
CF3D 17039E           (adybug/src/main.s):02521                 lbsr    restore_player
CF40 964D             (adybug/src/main.s):02522                 lda     DEATH_STATE
CF42 8101             (adybug/src/main.s):02523                 cmpa    #1
CF44 2707             (adybug/src/main.s):02524                 beq     dt_shrink
CF46 8102             (adybug/src/main.s):02525                 cmpa    #2
CF48 2732             (adybug/src/main.s):02526                 beq     dt_wings
CF4A 1600AB           (adybug/src/main.s):02527                 lbra    dt_walkoff
CF4D                  (adybug/src/main.s):02528         dt_shrink
CF4D 963A             (adybug/src/main.s):02529                 lda     DEATH_TIMER
CF4F 811E             (adybug/src/main.s):02530                 cmpa    #30
CF51 2511             (adybug/src/main.s):02531                 blo     dt_first_circle
CF53 801E             (adybug/src/main.s):02532                 suba    #30
CF55 C601             (adybug/src/main.s):02533                 ldb     #1
CF57                  (adybug/src/main.s):02534         dt_shrink_divide
CF57 8105             (adybug/src/main.s):02535                 cmpa    #5
CF59 2505             (adybug/src/main.s):02536                 blo     dt_shrink_frame
CF5B 8005             (adybug/src/main.s):02537                 suba    #5
CF5D 5C               (adybug/src/main.s):02538                 incb
CF5E 20F7             (adybug/src/main.s):02539                 bra     dt_shrink_divide
CF60                  (adybug/src/main.s):02540         dt_shrink_frame
CF60 D74E             (adybug/src/main.s):02541                 stb     DEATH_FRAME
CF62 2002             (adybug/src/main.s):02542                 bra     dt_shrink_draw
CF64                  (adybug/src/main.s):02543         dt_first_circle
CF64 0F4E             (adybug/src/main.s):02544                 clr     DEATH_FRAME
CF66                  (adybug/src/main.s):02545         dt_shrink_draw
CF66 1700B8           (adybug/src/main.s):02546                 lbsr    draw_death_frame
CF69 0C3A             (adybug/src/main.s):02547                 inc     DEATH_TIMER
CF6B 963A             (adybug/src/main.s):02548                 lda     DEATH_TIMER
CF6D 815A             (adybug/src/main.s):02549                 cmpa    #90             ; first frame 30, next twelve 5 each
CF6F 102500AD         (adybug/src/main.s):02550                 lblo    dt_done
CF73 8602             (adybug/src/main.s):02551                 lda     #2
CF75 974D             (adybug/src/main.s):02552                 sta     DEATH_STATE
CF77 0F3A             (adybug/src/main.s):02553                 clr     DEATH_TIMER
CF79 0F53             (adybug/src/main.s):02554                 clr     ANGEL_SWING
CF7B 39               (adybug/src/main.s):02555                 rts
CF7C                  (adybug/src/main.s):02556         dt_wings
CF7C 9E0B             (adybug/src/main.s):02557                 ldx     PLAYER_FB
CF7E 8C20A0           (adybug/src/main.s):02558                 cmpx    #FB_VIRT+160
CF81 2331             (adybug/src/main.s):02559                 bls     dt_finish_wings
CF83 3089FF60         (adybug/src/main.s):02560                 leax    -160,x
CF87 9653             (adybug/src/main.s):02561                 lda     ANGEL_SWING
CF89 318D00B8         (adybug/src/main.s):02562                 leay    angel_swing_deltas,pcr
CF8D E6A6             (adybug/src/main.s):02563                 ldb     a,y
CF8F 2708             (adybug/src/main.s):02564                 beq     dt_swing_store
CF91 2B04             (adybug/src/main.s):02565                 bmi     dt_swing_left
CF93 3001             (adybug/src/main.s):02566                 leax    1,x
CF95 2002             (adybug/src/main.s):02567                 bra     dt_swing_store
CF97                  (adybug/src/main.s):02568         dt_swing_left
CF97 301F             (adybug/src/main.s):02569                 leax    -1,x
CF99                  (adybug/src/main.s):02570         dt_swing_store
CF99 9F0B             (adybug/src/main.s):02571                 stx     PLAYER_FB
CF9B 0C53             (adybug/src/main.s):02572                 inc     ANGEL_SWING
CF9D 9653             (adybug/src/main.s):02573                 lda     ANGEL_SWING
CF9F 8114             (adybug/src/main.s):02574                 cmpa    #20
CFA1 2502             (adybug/src/main.s):02575                 blo     dt_swing_phase_ok
CFA3 0F53             (adybug/src/main.s):02576                 clr     ANGEL_SWING
CFA5                  (adybug/src/main.s):02577         dt_swing_phase_ok
CFA5 860D             (adybug/src/main.s):02578                 lda     #DEATH_ANGEL_FRAME
CFA7 974E             (adybug/src/main.s):02579                 sta     DEATH_FRAME
CFA9 170075           (adybug/src/main.s):02580                 lbsr    draw_death_frame
CFAC 0C3A             (adybug/src/main.s):02581                 inc     DEATH_TIMER
CFAE 963A             (adybug/src/main.s):02582                 lda     DEATH_TIMER
CFB0 8190             (adybug/src/main.s):02583                 cmpa    #144
CFB2 256C             (adybug/src/main.s):02584                 blo     dt_done
CFB4                  (adybug/src/main.s):02585         dt_finish_wings
CFB4 170327           (adybug/src/main.s):02586                 lbsr    restore_player
CFB7 9623             (adybug/src/main.s):02587                 lda     LIVES
CFB9 2763             (adybug/src/main.s):02588                 beq     dt_game_over
CFBB 4A               (adybug/src/main.s):02589                 deca
CFBC 48               (adybug/src/main.s):02590                 lsla
CFBD 8B21             (adybug/src/main.s):02591                 adda    #33
CFBF 9727             (adybug/src/main.s):02592                 sta     HUD_X
CFC1 8615             (adybug/src/main.s):02593                 lda     #21
CFC3 9728             (adybug/src/main.s):02594                 sta     HUD_Y
CFC5 17F4BD           (adybug/src/main.s):02595                 lbsr    clear_life_marker
CFC8 8603             (adybug/src/main.s):02596                 lda     #3
CFCA 974D             (adybug/src/main.s):02597                 sta     DEATH_STATE
CFCC 8618             (adybug/src/main.s):02598                 lda     #24
CFCE 973A             (adybug/src/main.s):02599                 sta     DEATH_TIMER
CFD0 8602             (adybug/src/main.s):02600                 lda     #DIR_SOUTH
CFD2 9707             (adybug/src/main.s):02601                 sta     PLAYER_FACE
CFD4 9706             (adybug/src/main.s):02602                 sta     PLAYER_DIR
CFD6 0F4F             (adybug/src/main.s):02603                 clr     PLAYER_ANIM
CFD8 8608             (adybug/src/main.s):02604                 lda     #8
CFDA 9750             (adybug/src/main.s):02605                 sta     PLAYER_ANIM_TIMER
CFDC 9628             (adybug/src/main.s):02606                 lda     HUD_Y
CFDE C605             (adybug/src/main.s):02607                 ldb     #5
CFE0 3D               (adybug/src/main.s):02608                 mul
CFE1 1F98             (adybug/src/main.s):02609                 tfr     b,a
CFE3 5F               (adybug/src/main.s):02610                 clrb
CFE4 C32000           (adybug/src/main.s):02611                 addd    #FB_VIRT
CFE7 1F01             (adybug/src/main.s):02612                 tfr     d,x
CFE9 4F               (adybug/src/main.s):02613                 clra
CFEA D627             (adybug/src/main.s):02614                 ldb     HUD_X
CFEC 58               (adybug/src/main.s):02615                 lslb
CFED 49               (adybug/src/main.s):02616                 rola
CFEE 58               (adybug/src/main.s):02617                 lslb
CFEF 49               (adybug/src/main.s):02618                 rola
CFF0 308B             (adybug/src/main.s):02619                 leax    d,x
CFF2 9F0B             (adybug/src/main.s):02620                 stx     PLAYER_FB
CFF4 17014B           (adybug/src/main.s):02621                 lbsr    draw_player
CFF7 39               (adybug/src/main.s):02622                 rts
CFF8                  (adybug/src/main.s):02623         dt_walkoff
CFF8 9E0B             (adybug/src/main.s):02624                 ldx     PLAYER_FB
CFFA 308900A0         (adybug/src/main.s):02625                 leax    160,x
CFFE 9F0B             (adybug/src/main.s):02626                 stx     PLAYER_FB
D000 0A3A             (adybug/src/main.s):02627                 dec     DEATH_TIMER
D002 2704             (adybug/src/main.s):02628                 beq     dt_finish_walkoff
D004 17013B           (adybug/src/main.s):02629                 lbsr    draw_player
D007 39               (adybug/src/main.s):02630                 rts
D008                  (adybug/src/main.s):02631         dt_finish_walkoff
D008 9623             (adybug/src/main.s):02632                 lda     LIVES
D00A 2712             (adybug/src/main.s):02633                 beq     dt_game_over
D00C 0A23             (adybug/src/main.s):02634                 dec     LIVES
D00E 17F450           (adybug/src/main.s):02635                 lbsr    draw_lives
D011 9623             (adybug/src/main.s):02636                 lda     LIVES
D013 2709             (adybug/src/main.s):02637                 beq     dt_game_over
D015 17F898           (adybug/src/main.s):02638                 lbsr    init_player
D018 0F4D             (adybug/src/main.s):02639                 clr     DEATH_STATE
D01A 170125           (adybug/src/main.s):02640                 lbsr    draw_player
D01D 39               (adybug/src/main.s):02641                 rts
D01E                  (adybug/src/main.s):02642         dt_game_over
D01E 0F4D             (adybug/src/main.s):02643                 clr     DEATH_STATE
D020                  (adybug/src/main.s):02644         dt_done
D020 39               (adybug/src/main.s):02645                 rts
                      (adybug/src/main.s):02646         
D021                  (adybug/src/main.s):02647         draw_death_frame
D021 170298           (adybug/src/main.s):02648                 lbsr    save_player
D024 964E             (adybug/src/main.s):02649                 lda     DEATH_FRAME
D026 C640             (adybug/src/main.s):02650                 ldb     #PACKED_SPRITE_SIZE
D028 3D               (adybug/src/main.s):02651                 mul
D029 318D0771         (adybug/src/main.s):02652                 leay    death_sprites,pcr
D02D 31AB             (adybug/src/main.s):02653                 leay    d,y
D02F 9E0B             (adybug/src/main.s):02654                 ldx     PLAYER_FB
D031 964E             (adybug/src/main.s):02655                 lda     DEATH_FRAME
D033 8107             (adybug/src/main.s):02656                 cmpa    #DEATH_WING_FIRST
D035 2406             (adybug/src/main.s):02657                 bhs     ddf_white
D037 338D0211         (adybug/src/main.s):02658                 leau    sprite_red_pairs,pcr
D03B 2004             (adybug/src/main.s):02659                 bra     ddf_draw
D03D                  (adybug/src/main.s):02660         ddf_white
D03D 338D023B         (adybug/src/main.s):02661                 leau    sprite_white_pairs,pcr
D041                  (adybug/src/main.s):02662         ddf_draw
D041 1701B7           (adybug/src/main.s):02663                 lbsr    blit_packed_sprite
D044 39               (adybug/src/main.s):02664                 rts
                      (adybug/src/main.s):02665         
                      (adybug/src/main.s):02666         ; Smooth 20-frame lateral cycle: ease to +8 pixels, cross to -8, return.
D045                  (adybug/src/main.s):02667         angel_swing_deltas
D045 010101010000FFFF (adybug/src/main.s):02668                 fcb     1,1,1,1,0,0,-1,-1,-1,-1
     FFFF
D04F FFFFFFFF00000101 (adybug/src/main.s):02669                 fcb     -1,-1,-1,-1,0,0,1,1,1,1
     0101
D059                  (adybug/src/main.s):02670         cep_next
D059 9E3E             (adybug/src/main.s):02671                 ldx     ENTITY_PTR
D05B 3004             (adybug/src/main.s):02672                 leax    4,x
D05D 0A48             (adybug/src/main.s):02673                 dec     ENTITY_WORK
D05F 1026FD60         (adybug/src/main.s):02674                 lbne    cep_loop
D063 39               (adybug/src/main.s):02675                 rts
                      (adybug/src/main.s):02676         
D064                  (adybug/src/main.s):02677         restore_entity_footprint
D064 9636             (adybug/src/main.s):02678                 lda     ENTITY_X
D066 4A               (adybug/src/main.s):02679                 deca
D067 9710             (adybug/src/main.s):02680                 sta     TEST_X
D069 9637             (adybug/src/main.s):02681                 lda     ENTITY_Y
D06B 4A               (adybug/src/main.s):02682                 deca
D06C 9711             (adybug/src/main.s):02683                 sta     TEST_Y
D06E 170012           (adybug/src/main.s):02684                 lbsr    draw_maze_state_cell
D071 0C10             (adybug/src/main.s):02685                 inc     TEST_X
D073 17000D           (adybug/src/main.s):02686                 lbsr    draw_maze_state_cell
D076 0A10             (adybug/src/main.s):02687                 dec     TEST_X
D078 0C11             (adybug/src/main.s):02688                 inc     TEST_Y
D07A 170006           (adybug/src/main.s):02689                 lbsr    draw_maze_state_cell
D07D 0C10             (adybug/src/main.s):02690                 inc     TEST_X
D07F 170001           (adybug/src/main.s):02691                 lbsr    draw_maze_state_cell
D082 39               (adybug/src/main.s):02692                 rts
                      (adybug/src/main.s):02693         
D083                  (adybug/src/main.s):02694         draw_maze_state_cell
D083 17FBD5           (adybug/src/main.s):02695                 lbsr    test_cell_offset
D086 8EA000           (adybug/src/main.s):02696                 ldx     #MAZE_STATE
D089 A68B             (adybug/src/main.s):02697                 lda     d,x
D08B 2B1A             (adybug/src/main.s):02698                 bmi     dmsc_dot
                      (adybug/src/main.s):02699                 ; Recover this cell's authored screen tile unless it was a consumed dot.
D08D 9611             (adybug/src/main.s):02700                 lda     TEST_Y
D08F C628             (adybug/src/main.s):02701                 ldb     #40
D091 3D               (adybug/src/main.s):02702                 mul
D092 DB10             (adybug/src/main.s):02703                 addb    TEST_X
D094 8900             (adybug/src/main.s):02704                 adca    #0
D096 C30008           (adybug/src/main.s):02705                 addd    #8
D099 308D0F73         (adybug/src/main.s):02706                 leax    screen_map,pcr
D09D E68B             (adybug/src/main.s):02707                 ldb     d,x
D09F C118             (adybug/src/main.s):02708                 cmpb    #MAZE_DOT_TILE
D0A1 2606             (adybug/src/main.s):02709                 bne     dmsc_draw
D0A3 C605             (adybug/src/main.s):02710                 ldb     #MAZE_CLEAN_TILE
D0A5 2002             (adybug/src/main.s):02711                 bra     dmsc_draw
D0A7                  (adybug/src/main.s):02712         dmsc_dot
D0A7 C618             (adybug/src/main.s):02713                 ldb     #MAZE_DOT_TILE
D0A9                  (adybug/src/main.s):02714         dmsc_draw
D0A9 170001           (adybug/src/main.s):02715                 lbsr    draw_cell_tile
D0AC 39               (adybug/src/main.s):02716                 rts
                      (adybug/src/main.s):02717         
                      (adybug/src/main.s):02718         ;==============================================================================
                      (adybug/src/main.s):02719         ; draw_cell_tile
                      (adybug/src/main.s):02720         ;
                      (adybug/src/main.s):02721         ; Inputs: B = screen tile ID; TEST_X,TEST_Y = semantic maze cell
                      (adybug/src/main.s):02722         ; Returns: A, B, D, X, Y, U, CC undefined
                      (adybug/src/main.s):02723         ; Side effects: writes one 8x8 tile to the framebuffer.
                      (adybug/src/main.s):02724         ;==============================================================================
D0AD                  (adybug/src/main.s):02725         draw_cell_tile
D0AD D717             (adybug/src/main.s):02726                 stb     DRAW_TILE
D0AF 9611             (adybug/src/main.s):02727                 lda     TEST_Y
D0B1 C605             (adybug/src/main.s):02728                 ldb     #5
D0B3 3D               (adybug/src/main.s):02729                 mul
D0B4 1F98             (adybug/src/main.s):02730                 tfr     b,a
D0B6 5F               (adybug/src/main.s):02731                 clrb
D0B7 C32000           (adybug/src/main.s):02732                 addd    #FB_VIRT
D0BA 1F01             (adybug/src/main.s):02733                 tfr     d,x
D0BC 9610             (adybug/src/main.s):02734                 lda     TEST_X
D0BE 8B08             (adybug/src/main.s):02735                 adda    #8
D0C0 48               (adybug/src/main.s):02736                 lsla
D0C1 48               (adybug/src/main.s):02737                 lsla
D0C2 3086             (adybug/src/main.s):02738                 leax    a,x
D0C4 D617             (adybug/src/main.s):02739                 ldb     DRAW_TILE
D0C6 4F               (adybug/src/main.s):02740                 clra
D0C7 58               (adybug/src/main.s):02741                 lslb
D0C8 49               (adybug/src/main.s):02742                 rola
D0C9 58               (adybug/src/main.s):02743                 lslb
D0CA 49               (adybug/src/main.s):02744                 rola
D0CB 58               (adybug/src/main.s):02745                 lslb
D0CC 49               (adybug/src/main.s):02746                 rola
D0CD 58               (adybug/src/main.s):02747                 lslb
D0CE 49               (adybug/src/main.s):02748                 rola
D0CF 58               (adybug/src/main.s):02749                 lslb
D0D0 49               (adybug/src/main.s):02750                 rola
D0D1 318D12FB         (adybug/src/main.s):02751                 leay    screen_tiles,pcr
D0D5 31AB             (adybug/src/main.s):02752                 leay    d,y
D0D7 17025C           (adybug/src/main.s):02753                 lbsr    blit_tile
D0DA 39               (adybug/src/main.s):02754                 rts
                      (adybug/src/main.s):02755         
                      (adybug/src/main.s):02756         ;==============================================================================
                      (adybug/src/main.s):02757         ; draw_cell_overlay
                      (adybug/src/main.s):02758         ;
                      (adybug/src/main.s):02759         ; Inputs: B = transparent gate tile ID; TEST_X,TEST_Y = semantic maze cell
                      (adybug/src/main.s):02760         ; Returns: A, B, D, X, Y, U, CC undefined
                      (adybug/src/main.s):02761         ; Side effects: blends one gate-only 8x8 tile into the framebuffer.
                      (adybug/src/main.s):02762         ;==============================================================================
D0DB                  (adybug/src/main.s):02763         draw_cell_overlay
D0DB D717             (adybug/src/main.s):02764                 stb     DRAW_TILE
D0DD 9611             (adybug/src/main.s):02765                 lda     TEST_Y
D0DF C605             (adybug/src/main.s):02766                 ldb     #5
D0E1 3D               (adybug/src/main.s):02767                 mul
D0E2 1F98             (adybug/src/main.s):02768                 tfr     b,a
D0E4 5F               (adybug/src/main.s):02769                 clrb
D0E5 C32000           (adybug/src/main.s):02770                 addd    #FB_VIRT
D0E8 1F01             (adybug/src/main.s):02771                 tfr     d,x
D0EA 9610             (adybug/src/main.s):02772                 lda     TEST_X
D0EC 8B08             (adybug/src/main.s):02773                 adda    #8
D0EE 48               (adybug/src/main.s):02774                 lsla
D0EF 48               (adybug/src/main.s):02775                 lsla
D0F0 3086             (adybug/src/main.s):02776                 leax    a,x
D0F2 D617             (adybug/src/main.s):02777                 ldb     DRAW_TILE
D0F4 4F               (adybug/src/main.s):02778                 clra
D0F5 58               (adybug/src/main.s):02779                 lslb
D0F6 49               (adybug/src/main.s):02780                 rola
D0F7 58               (adybug/src/main.s):02781                 lslb
D0F8 49               (adybug/src/main.s):02782                 rola
D0F9 58               (adybug/src/main.s):02783                 lslb
D0FA 49               (adybug/src/main.s):02784                 rola
D0FB 58               (adybug/src/main.s):02785                 lslb
D0FC 49               (adybug/src/main.s):02786                 rola
D0FD 58               (adybug/src/main.s):02787                 lslb
D0FE 49               (adybug/src/main.s):02788                 rola
D0FF 318D12CD         (adybug/src/main.s):02789                 leay    screen_tiles,pcr
D103 31AB             (adybug/src/main.s):02790                 leay    d,y
D105 8608             (adybug/src/main.s):02791                 lda     #8
D107 C604             (adybug/src/main.s):02792                 ldb     #4
D109 170246           (adybug/src/main.s):02793                 lbsr    blit_transparent
D10C 39               (adybug/src/main.s):02794                 rts
                      (adybug/src/main.s):02795         
                      (adybug/src/main.s):02796         ;==============================================================================
                      (adybug/src/main.s):02797         ; eat_dot — clear a newly entered dotted cell and redraw its clean tile.
                      (adybug/src/main.s):02798         ;
                      (adybug/src/main.s):02799         ; Inputs:
                      (adybug/src/main.s):02800         ;   Current player cell and framebuffer pointer
                      (adybug/src/main.s):02801         ;
                      (adybug/src/main.s):02802         ; Returns:
                      (adybug/src/main.s):02803         ;   A, B, D, X, Y, U, CC — undefined
                      (adybug/src/main.s):02804         ;
                      (adybug/src/main.s):02805         ; Side effects:
                      (adybug/src/main.s):02806         ;   Clears bit 7 in MAZE_STATE and updates one framebuffer tile.
                      (adybug/src/main.s):02807         ;==============================================================================
D10D                  (adybug/src/main.s):02808         eat_dot
D10D 17F9E8           (adybug/src/main.s):02809                 lbsr    player_cell_offset
D110 8EA000           (adybug/src/main.s):02810                 ldx     #MAZE_STATE
D113 308B             (adybug/src/main.s):02811                 leax    d,x
D115 A684             (adybug/src/main.s):02812                 lda     ,x
D117 2A28             (adybug/src/main.s):02813                 bpl     ed_done
D119 847F             (adybug/src/main.s):02814                 anda    #$7F
D11B A784             (adybug/src/main.s):02815                 sta     ,x
D11D 9E0B             (adybug/src/main.s):02816                 ldx     PLAYER_FB
D11F 30890464         (adybug/src/main.s):02817                 leax    1124,x          ; cell tile is at row +7, byte +4 in save rect
D123 C605             (adybug/src/main.s):02818                 ldb     #MAZE_CLEAN_TILE
D125 4F               (adybug/src/main.s):02819                 clra
D126 58               (adybug/src/main.s):02820                 lslb
D127 49               (adybug/src/main.s):02821                 rola
D128 58               (adybug/src/main.s):02822                 lslb
D129 49               (adybug/src/main.s):02823                 rola
D12A 58               (adybug/src/main.s):02824                 lslb
D12B 49               (adybug/src/main.s):02825                 rola
D12C 58               (adybug/src/main.s):02826                 lslb
D12D 49               (adybug/src/main.s):02827                 rola
D12E 58               (adybug/src/main.s):02828                 lslb
D12F 49               (adybug/src/main.s):02829                 rola
D130 318D129C         (adybug/src/main.s):02830                 leay    screen_tiles,pcr
D134 31AB             (adybug/src/main.s):02831                 leay    d,y
D136 1701FD           (adybug/src/main.s):02832                 lbsr    blit_tile
D139 17F053           (adybug/src/main.s):02833                 lbsr    add_dot_score
D13C 0A25             (adybug/src/main.s):02834                 dec     DOTS_LEFT
D13E 17F186           (adybug/src/main.s):02835                 lbsr    check_stage_clear
D141                  (adybug/src/main.s):02836         ed_done
D141 39               (adybug/src/main.s):02837                 rts
                      (adybug/src/main.s):02838         
                      (adybug/src/main.s):02839         ;==============================================================================
                      (adybug/src/main.s):02840         ; draw_player — save background and mask-blit the selected player frame.
                      (adybug/src/main.s):02841         ;
                      (adybug/src/main.s):02842         ; Inputs:
                      (adybug/src/main.s):02843         ;   Player position, facing, and animation state
                      (adybug/src/main.s):02844         ;
                      (adybug/src/main.s):02845         ; Returns:
                      (adybug/src/main.s):02846         ;   A, B, D, X, Y, U, CC — undefined
                      (adybug/src/main.s):02847         ;
                      (adybug/src/main.s):02848         ; Side effects:
                      (adybug/src/main.s):02849         ;   Writes PLAYER_BG and the 16x16 framebuffer rectangle.
                      (adybug/src/main.s):02850         ;==============================================================================
D142                  (adybug/src/main.s):02851         draw_player
D142 170177           (adybug/src/main.s):02852                 lbsr    save_player
D145 9607             (adybug/src/main.s):02853                 lda     PLAYER_FACE
D147 48               (adybug/src/main.s):02854                 lsla
D148 48               (adybug/src/main.s):02855                 lsla
D149 9B4F             (adybug/src/main.s):02856                 adda    PLAYER_ANIM
D14B                  (adybug/src/main.s):02857         dp_frame
D14B C640             (adybug/src/main.s):02858                 ldb     #PACKED_SPRITE_SIZE
D14D 3D               (adybug/src/main.s):02859                 mul
D14E 318D024C         (adybug/src/main.s):02860                 leay    player_sprites,pcr
D152 31AB             (adybug/src/main.s):02861                 leay    d,y
D154 9E0B             (adybug/src/main.s):02862                 ldx     PLAYER_FB
D156 338D00E2         (adybug/src/main.s):02863                 leau    sprite_attr0_pairs,pcr
D15A 17009E           (adybug/src/main.s):02864                 lbsr    blit_packed_sprite
D15D 39               (adybug/src/main.s):02865                 rts
                      (adybug/src/main.s):02866         
D15E                  (adybug/src/main.s):02867         player_animation_tick
D15E 9651             (adybug/src/main.s):02868                 lda     PICKUP_TIMER
D160 2618             (adybug/src/main.s):02869                 bne     pat_done
D162 964D             (adybug/src/main.s):02870                 lda     DEATH_STATE
D164 2704             (adybug/src/main.s):02871                 beq     pat_count
D166 8103             (adybug/src/main.s):02872                 cmpa    #3
D168 2610             (adybug/src/main.s):02873                 bne     pat_done
D16A                  (adybug/src/main.s):02874         pat_count
D16A 0A50             (adybug/src/main.s):02875                 dec     PLAYER_ANIM_TIMER
D16C 260C             (adybug/src/main.s):02876                 bne     pat_done
D16E 8608             (adybug/src/main.s):02877                 lda     #8
D170 9750             (adybug/src/main.s):02878                 sta     PLAYER_ANIM_TIMER
D172 0C4F             (adybug/src/main.s):02879                 inc     PLAYER_ANIM
D174 964F             (adybug/src/main.s):02880                 lda     PLAYER_ANIM
D176 8403             (adybug/src/main.s):02881                 anda    #3
D178 974F             (adybug/src/main.s):02882                 sta     PLAYER_ANIM
D17A                  (adybug/src/main.s):02883         pat_done
D17A 39               (adybug/src/main.s):02884                 rts
                      (adybug/src/main.s):02885         
                      (adybug/src/main.s):02886         ; First part enemy remains inside the lower nest cell. It is deliberately
                      (adybug/src/main.s):02887         ; absent from collision and release logic in this pass.
D17B                  (adybug/src/main.s):02888         init_enemy
D17B 0F54             (adybug/src/main.s):02889                 clr     ENEMY_ANIM
D17D 8608             (adybug/src/main.s):02890                 lda     #8
D17F 9755             (adybug/src/main.s):02891                 sta     ENEMY_TIMER
D181 170031           (adybug/src/main.s):02892                 lbsr    save_enemy
D184 170018           (adybug/src/main.s):02893                 lbsr    draw_enemy
D187 39               (adybug/src/main.s):02894                 rts
                      (adybug/src/main.s):02895         
D188                  (adybug/src/main.s):02896         enemy_tick
D188 0A55             (adybug/src/main.s):02897                 dec     ENEMY_TIMER
D18A 2612             (adybug/src/main.s):02898                 bne     ent_done
D18C 8608             (adybug/src/main.s):02899                 lda     #8
D18E 9755             (adybug/src/main.s):02900                 sta     ENEMY_TIMER
D190 170045           (adybug/src/main.s):02901                 lbsr    restore_enemy
D193 0C54             (adybug/src/main.s):02902                 inc     ENEMY_ANIM
D195 9654             (adybug/src/main.s):02903                 lda     ENEMY_ANIM
D197 8403             (adybug/src/main.s):02904                 anda    #3
D199 9754             (adybug/src/main.s):02905                 sta     ENEMY_ANIM
D19B 170001           (adybug/src/main.s):02906                 lbsr    draw_enemy
D19E                  (adybug/src/main.s):02907         ent_done
D19E 39               (adybug/src/main.s):02908                 rts
                      (adybug/src/main.s):02909         
D19F                  (adybug/src/main.s):02910         draw_enemy
D19F 9654             (adybug/src/main.s):02911                 lda     ENEMY_ANIM
D1A1 C640             (adybug/src/main.s):02912                 ldb     #PACKED_SPRITE_SIZE
D1A3 3D               (adybug/src/main.s):02913                 mul
D1A4 318D240E         (adybug/src/main.s):02914                 leay    enemy_sprites,pcr
D1A8 31AB             (adybug/src/main.s):02915                 leay    d,y
D1AA 8E57EC           (adybug/src/main.s):02916                 ldx     #ENEMY_FB
D1AD 338D008B         (adybug/src/main.s):02917                 leau    sprite_attr0_pairs,pcr
D1B1 170047           (adybug/src/main.s):02918                 lbsr    blit_packed_sprite
D1B4 39               (adybug/src/main.s):02919                 rts
                      (adybug/src/main.s):02920         
D1B5                  (adybug/src/main.s):02921         save_enemy
D1B5 8E57EC           (adybug/src/main.s):02922                 ldx     #ENEMY_FB
D1B8 CEA3F0           (adybug/src/main.s):02923                 ldu     #ENEMY_BG
D1BB 108E0010         (adybug/src/main.s):02924                 ldy     #16
D1BF                  (adybug/src/main.s):02925         se_row
D1BF EC81             (adybug/src/main.s):02926                 ldd     ,x++
D1C1 EDC1             (adybug/src/main.s):02927                 std     ,u++
D1C3 EC81             (adybug/src/main.s):02928                 ldd     ,x++
D1C5 EDC1             (adybug/src/main.s):02929                 std     ,u++
D1C7 EC81             (adybug/src/main.s):02930                 ldd     ,x++
D1C9 EDC1             (adybug/src/main.s):02931                 std     ,u++
D1CB EC81             (adybug/src/main.s):02932                 ldd     ,x++
D1CD EDC1             (adybug/src/main.s):02933                 std     ,u++
D1CF 30890098         (adybug/src/main.s):02934                 leax    152,x
D1D3 313F             (adybug/src/main.s):02935                 leay    -1,y
D1D5 26E8             (adybug/src/main.s):02936                 bne     se_row
D1D7 39               (adybug/src/main.s):02937                 rts
                      (adybug/src/main.s):02938         
D1D8                  (adybug/src/main.s):02939         restore_enemy
D1D8 8E57EC           (adybug/src/main.s):02940                 ldx     #ENEMY_FB
D1DB CEA3F0           (adybug/src/main.s):02941                 ldu     #ENEMY_BG
D1DE 108E0010         (adybug/src/main.s):02942                 ldy     #16
D1E2                  (adybug/src/main.s):02943         re_row
D1E2 ECC1             (adybug/src/main.s):02944                 ldd     ,u++
D1E4 ED81             (adybug/src/main.s):02945                 std     ,x++
D1E6 ECC1             (adybug/src/main.s):02946                 ldd     ,u++
D1E8 ED81             (adybug/src/main.s):02947                 std     ,x++
D1EA ECC1             (adybug/src/main.s):02948                 ldd     ,u++
D1EC ED81             (adybug/src/main.s):02949                 std     ,x++
D1EE ECC1             (adybug/src/main.s):02950                 ldd     ,u++
D1F0 ED81             (adybug/src/main.s):02951                 std     ,x++
D1F2 30890098         (adybug/src/main.s):02952                 leax    152,x
D1F6 313F             (adybug/src/main.s):02953                 leay    -1,y
D1F8 26E8             (adybug/src/main.s):02954                 bne     re_row
D1FA 39               (adybug/src/main.s):02955                 rts
                      (adybug/src/main.s):02956         
                      (adybug/src/main.s):02957         ; Expand one 16x16 native 2bpp sprite. U selects a 16-byte table mapping
                      (adybug/src/main.s):02958         ; each two-pixel source nibble to one packed GIME 4bpp destination byte.
D1FB                  (adybug/src/main.s):02959         blit_packed_sprite
D1FB 8610             (adybug/src/main.s):02960                 lda     #16
D1FD 971B             (adybug/src/main.s):02961                 sta     BLIT_ROWS
D1FF                  (adybug/src/main.s):02962         bps_row
D1FF 8604             (adybug/src/main.s):02963                 lda     #4
D201 971C             (adybug/src/main.s):02964                 sta     BLIT_WIDTH
D203                  (adybug/src/main.s):02965         bps_byte
D203 A6A0             (adybug/src/main.s):02966                 lda     ,y+
D205 9744             (adybug/src/main.s):02967                 sta     OBJ_VALUE
D207 44               (adybug/src/main.s):02968                 lsra
D208 44               (adybug/src/main.s):02969                 lsra
D209 44               (adybug/src/main.s):02970                 lsra
D20A 44               (adybug/src/main.s):02971                 lsra
D20B A6C6             (adybug/src/main.s):02972                 lda     a,u
D20D 170016           (adybug/src/main.s):02973                 lbsr    merge_sprite_byte
D210 9644             (adybug/src/main.s):02974                 lda     OBJ_VALUE
D212 840F             (adybug/src/main.s):02975                 anda    #$0F
D214 A6C6             (adybug/src/main.s):02976                 lda     a,u
D216 17000D           (adybug/src/main.s):02977                 lbsr    merge_sprite_byte
D219 0A1C             (adybug/src/main.s):02978                 dec     BLIT_WIDTH
D21B 26E6             (adybug/src/main.s):02979                 bne     bps_byte
D21D 30890098         (adybug/src/main.s):02980                 leax    152,x
D221 0A1B             (adybug/src/main.s):02981                 dec     BLIT_ROWS
D223 26DA             (adybug/src/main.s):02982                 bne     bps_row
D225 39               (adybug/src/main.s):02983                 rts
                      (adybug/src/main.s):02984         
                      (adybug/src/main.s):02985         ; Merge packed source A at X, preserving destination nibbles where source=0.
D226                  (adybug/src/main.s):02986         merge_sprite_byte
D226 972A             (adybug/src/main.s):02987                 sta     HUD_BYTE
D228 5F               (adybug/src/main.s):02988                 clrb
D229 85F0             (adybug/src/main.s):02989                 bita    #$F0
D22B 2602             (adybug/src/main.s):02990                 bne     msb_high
D22D CAF0             (adybug/src/main.s):02991                 orb     #$F0
D22F                  (adybug/src/main.s):02992         msb_high
D22F 850F             (adybug/src/main.s):02993                 bita    #$0F
D231 2602             (adybug/src/main.s):02994                 bne     msb_low
D233 CA0F             (adybug/src/main.s):02995                 orb     #$0F
D235                  (adybug/src/main.s):02996         msb_low
D235 E484             (adybug/src/main.s):02997                 andb    ,x
D237 DA2A             (adybug/src/main.s):02998                 orb     HUD_BYTE
D239 E780             (adybug/src/main.s):02999                 stb     ,x+
D23B 39               (adybug/src/main.s):03000                 rts
                      (adybug/src/main.s):03001         
D23C                  (adybug/src/main.s):03002         sprite_attr0_pairs
D23C 000C0502C0CCC5C2 (adybug/src/main.s):03003                 fcb     $00,$0C,$05,$02,$C0,$CC,$C5,$C2
D244 505C5552202C2522 (adybug/src/main.s):03004                 fcb     $50,$5C,$55,$52,$20,$2C,$25,$22
D24C                  (adybug/src/main.s):03005         sprite_red_pairs
D24C 0001010110111111 (adybug/src/main.s):03006                 fcb     $00,$01,$01,$01,$10,$11,$11,$11
D254 1011111110111111 (adybug/src/main.s):03007                 fcb     $10,$11,$11,$11,$10,$11,$11,$11
D25C                  (adybug/src/main.s):03008         sprite_yellow_pairs
D25C 0002020220222222 (adybug/src/main.s):03009                 fcb     $00,$02,$02,$02,$20,$22,$22,$22
D264 2022222220222222 (adybug/src/main.s):03010                 fcb     $20,$22,$22,$22,$20,$22,$22,$22
D26C                  (adybug/src/main.s):03011         sprite_blue_pairs
D26C 0003030330333333 (adybug/src/main.s):03012                 fcb     $00,$03,$03,$03,$30,$33,$33,$33
D274 3033333330333333 (adybug/src/main.s):03013                 fcb     $30,$33,$33,$33,$30,$33,$33,$33
D27C                  (adybug/src/main.s):03014         sprite_white_pairs
D27C 0006060660666666 (adybug/src/main.s):03015                 fcb     $00,$06,$06,$06,$60,$66,$66,$66
D284 6066666660666666 (adybug/src/main.s):03016                 fcb     $60,$66,$66,$66,$60,$66,$66,$66
                      (adybug/src/main.s):03017         ; Set-B score palettes preserve the graphic's colored body, Green details,
                      (adybug/src/main.s):03018         ; and White digits instead of collapsing all nonzero pens into one shape.
D28C                  (adybug/src/main.s):03019         sprite_score_red_pairs
D28C 0001050610111516 (adybug/src/main.s):03020                 fcb     $00,$01,$05,$06,$10,$11,$15,$16
D294 5051555660616566 (adybug/src/main.s):03021                 fcb     $50,$51,$55,$56,$60,$61,$65,$66
D29C                  (adybug/src/main.s):03022         sprite_score_yellow_pairs
D29C 0002050620222526 (adybug/src/main.s):03023                 fcb     $00,$02,$05,$06,$20,$22,$25,$26
D2A4 5052555660626566 (adybug/src/main.s):03024                 fcb     $50,$52,$55,$56,$60,$62,$65,$66
D2AC                  (adybug/src/main.s):03025         sprite_score_blue_pairs
D2AC 0003050630333536 (adybug/src/main.s):03026                 fcb     $00,$03,$05,$06,$30,$33,$35,$36
D2B4 5053555660636566 (adybug/src/main.s):03027                 fcb     $50,$53,$55,$56,$60,$63,$65,$66
                      (adybug/src/main.s):03028         
                      (adybug/src/main.s):03029         ;==============================================================================
                      (adybug/src/main.s):03030         ; save_player — save the 16x16 framebuffer rectangle under the player.
                      (adybug/src/main.s):03031         ;
                      (adybug/src/main.s):03032         ; Inputs:
                      (adybug/src/main.s):03033         ;   PLAYER_FB
                      (adybug/src/main.s):03034         ;
                      (adybug/src/main.s):03035         ; Returns:
                      (adybug/src/main.s):03036         ;   D, X, Y, U, CC — undefined
                      (adybug/src/main.s):03037         ;
                      (adybug/src/main.s):03038         ; Side effects:
                      (adybug/src/main.s):03039         ;   Writes 128 bytes at PLAYER_BG.
                      (adybug/src/main.s):03040         ;==============================================================================
D2BC                  (adybug/src/main.s):03041         save_player
D2BC 9E0B             (adybug/src/main.s):03042                 ldx     PLAYER_FB
D2BE CEA300           (adybug/src/main.s):03043                 ldu     #PLAYER_BG
D2C1 108E0010         (adybug/src/main.s):03044                 ldy     #16
D2C5                  (adybug/src/main.s):03045         sp_row
D2C5 EC81             (adybug/src/main.s):03046                 ldd     ,x++
D2C7 EDC1             (adybug/src/main.s):03047                 std     ,u++
D2C9 EC81             (adybug/src/main.s):03048                 ldd     ,x++
D2CB EDC1             (adybug/src/main.s):03049                 std     ,u++
D2CD EC81             (adybug/src/main.s):03050                 ldd     ,x++
D2CF EDC1             (adybug/src/main.s):03051                 std     ,u++
D2D1 EC81             (adybug/src/main.s):03052                 ldd     ,x++
D2D3 EDC1             (adybug/src/main.s):03053                 std     ,u++
D2D5 30890098         (adybug/src/main.s):03054                 leax    152,x
D2D9 313F             (adybug/src/main.s):03055                 leay    -1,y
D2DB 26E8             (adybug/src/main.s):03056                 bne     sp_row
D2DD 39               (adybug/src/main.s):03057                 rts
                      (adybug/src/main.s):03058         
                      (adybug/src/main.s):03059         ;==============================================================================
                      (adybug/src/main.s):03060         ; restore_player — restore the saved 16x16 player background.
                      (adybug/src/main.s):03061         ;
                      (adybug/src/main.s):03062         ; Inputs:
                      (adybug/src/main.s):03063         ;   PLAYER_FB, PLAYER_BG
                      (adybug/src/main.s):03064         ;
                      (adybug/src/main.s):03065         ; Returns:
                      (adybug/src/main.s):03066         ;   D, X, Y, U, CC — undefined
                      (adybug/src/main.s):03067         ;
                      (adybug/src/main.s):03068         ; Side effects:
                      (adybug/src/main.s):03069         ;   Writes the prior 16x16 rectangle to the framebuffer.
                      (adybug/src/main.s):03070         ;==============================================================================
D2DE                  (adybug/src/main.s):03071         restore_player
D2DE 9E0B             (adybug/src/main.s):03072                 ldx     PLAYER_FB
D2E0 CEA300           (adybug/src/main.s):03073                 ldu     #PLAYER_BG
D2E3 108E0010         (adybug/src/main.s):03074                 ldy     #16
D2E7                  (adybug/src/main.s):03075         rp_row
D2E7 ECC1             (adybug/src/main.s):03076                 ldd     ,u++
D2E9 ED81             (adybug/src/main.s):03077                 std     ,x++
D2EB ECC1             (adybug/src/main.s):03078                 ldd     ,u++
D2ED ED81             (adybug/src/main.s):03079                 std     ,x++
D2EF ECC1             (adybug/src/main.s):03080                 ldd     ,u++
D2F1 ED81             (adybug/src/main.s):03081                 std     ,x++
D2F3 ECC1             (adybug/src/main.s):03082                 ldd     ,u++
D2F5 ED81             (adybug/src/main.s):03083                 std     ,x++
D2F7 30890098         (adybug/src/main.s):03084                 leax    152,x
D2FB 313F             (adybug/src/main.s):03085                 leay    -1,y
D2FD 26E8             (adybug/src/main.s):03086                 bne     rp_row
D2FF 39               (adybug/src/main.s):03087                 rts
                      (adybug/src/main.s):03088         
                      (adybug/src/main.s):03089         ;==============================================================================
                      (adybug/src/main.s):03090         ; draw_screen — render the compiled 40x24 tile map.
                      (adybug/src/main.s):03091         ;
                      (adybug/src/main.s):03092         ; Inputs:
                      (adybug/src/main.s):03093         ;   None
                      (adybug/src/main.s):03094         ;
                      (adybug/src/main.s):03095         ; Returns:
                      (adybug/src/main.s):03096         ;   A, B, X, Y, U, D, CC — undefined
                      (adybug/src/main.s):03097         ;
                      (adybug/src/main.s):03098         ; Side effects:
                      (adybug/src/main.s):03099         ;   Writes 960 8x8 tiles in row-major order to the framebuffer.
                      (adybug/src/main.s):03100         ;==============================================================================
D300                  (adybug/src/main.s):03101         draw_screen
D300 338D0D0C         (adybug/src/main.s):03102                 leau    screen_map,pcr
D304 8E2000           (adybug/src/main.s):03103                 ldx     #FB_VIRT
D307 8618             (adybug/src/main.s):03104                 lda     #SCREEN_HEIGHT
D309                  (adybug/src/main.s):03105         ds_row
D309 3402             (adybug/src/main.s):03106                 pshs    a
D30B 8628             (adybug/src/main.s):03107                 lda     #SCREEN_WIDTH
D30D                  (adybug/src/main.s):03108         ds_column
D30D 3412             (adybug/src/main.s):03109                 pshs    a,x
D30F E6C0             (adybug/src/main.s):03110                 ldb     ,u+
D311 4F               (adybug/src/main.s):03111                 clra
D312 58               (adybug/src/main.s):03112                 lslb
D313 49               (adybug/src/main.s):03113                 rola
D314 58               (adybug/src/main.s):03114                 lslb
D315 49               (adybug/src/main.s):03115                 rola
D316 58               (adybug/src/main.s):03116                 lslb
D317 49               (adybug/src/main.s):03117                 rola
D318 58               (adybug/src/main.s):03118                 lslb
D319 49               (adybug/src/main.s):03119                 rola
D31A 58               (adybug/src/main.s):03120                 lslb
D31B 49               (adybug/src/main.s):03121                 rola
D31C 318D10B0         (adybug/src/main.s):03122                 leay    screen_tiles,pcr
D320 31AB             (adybug/src/main.s):03123                 leay    d,y
D322 170011           (adybug/src/main.s):03124                 lbsr    blit_tile
D325 3512             (adybug/src/main.s):03125                 puls    a,x
D327 3004             (adybug/src/main.s):03126                 leax    4,x
D329 4A               (adybug/src/main.s):03127                 deca
D32A 26E1             (adybug/src/main.s):03128                 bne     ds_column
D32C 3502             (adybug/src/main.s):03129                 puls    a
D32E 30890460         (adybug/src/main.s):03130                 leax    1120,x
D332 4A               (adybug/src/main.s):03131                 deca
D333 26D4             (adybug/src/main.s):03132                 bne     ds_row
D335 39               (adybug/src/main.s):03133                 rts
                      (adybug/src/main.s):03134         
                      (adybug/src/main.s):03135         ;==============================================================================
                      (adybug/src/main.s):03136         ; blit_tile — copy an 8x8 tile to a framebuffer byte address.
                      (adybug/src/main.s):03137         ;
                      (adybug/src/main.s):03138         ; Inputs:
                      (adybug/src/main.s):03139         ;   X — destination framebuffer byte address
                      (adybug/src/main.s):03140         ;   Y — source glyph data, 32 packed 4bpp bytes
                      (adybug/src/main.s):03141         ;
                      (adybug/src/main.s):03142         ; Returns:
                      (adybug/src/main.s):03143         ;   A, B, D, X, Y, U, CC — undefined
                      (adybug/src/main.s):03144         ;
                      (adybug/src/main.s):03145         ; Side effects:
                      (adybug/src/main.s):03146         ;   Writes 8 rows x 4 bytes; advances 156 bytes after each written row.
                      (adybug/src/main.s):03147         ;==============================================================================
D336                  (adybug/src/main.s):03148         blit_tile
                      (adybug/src/main.s):03149                 ; ldd ,y++ clobbers B, so use a Y-vs-sentinel loop instead of decb.
                      (adybug/src/main.s):03150                 ; See wiki/internal/implementation/lessons-learned.html
                      (adybug/src/main.s):03151                 ; §"LDD ,Y++ clobbers B".
D336 3440             (adybug/src/main.s):03152                 pshs    u
D338 33A820           (adybug/src/main.s):03153                 leau    32,y            ; sentinel = end of tile data
D33B 3440             (adybug/src/main.s):03154                 pshs    u
D33D ECA1             (adybug/src/main.s):03155         btrow   ldd     ,y++
D33F ED81             (adybug/src/main.s):03156                 std     ,x++
D341 ECA1             (adybug/src/main.s):03157                 ldd     ,y++
D343 ED81             (adybug/src/main.s):03158                 std     ,x++
D345 3089009C         (adybug/src/main.s):03159                 leax    156,x           ; advance to next FB row, same column
D349 10ACE4           (adybug/src/main.s):03160                 cmpy    ,s
D34C 25EF             (adybug/src/main.s):03161                 blo     btrow
D34E 3262             (adybug/src/main.s):03162                 leas    2,s
D350 35C0             (adybug/src/main.s):03163                 puls    u,pc
                      (adybug/src/main.s):03164         
                      (adybug/src/main.s):03165         ;==============================================================================
                      (adybug/src/main.s):03166         ; blit_transparent — overlay nonzero packed nibbles from a rectangle.
                      (adybug/src/main.s):03167         ;
                      (adybug/src/main.s):03168         ; Inputs:
                      (adybug/src/main.s):03169         ;   A — source row count
                      (adybug/src/main.s):03170         ;   B — packed bytes per row (4 for tiles, 8 for player frames)
                      (adybug/src/main.s):03171         ;   X — destination framebuffer byte address
                      (adybug/src/main.s):03172         ;   Y — packed 4bpp source data; colour 0 is transparent
                      (adybug/src/main.s):03173         ;
                      (adybug/src/main.s):03174         ; Returns: A, B, X, Y, CC undefined
                      (adybug/src/main.s):03175         ; Side effects: blends the requested rectangle into the framebuffer.
                      (adybug/src/main.s):03176         ;==============================================================================
D352                  (adybug/src/main.s):03177         blit_transparent
D352 971B             (adybug/src/main.s):03178                 sta     BLIT_ROWS
D354 D71C             (adybug/src/main.s):03179                 stb     BLIT_WIDTH
D356                  (adybug/src/main.s):03180         btt_row
D356 961C             (adybug/src/main.s):03181                 lda     BLIT_WIDTH
D358 3402             (adybug/src/main.s):03182                 pshs    a
D35A                  (adybug/src/main.s):03183         btt_byte
D35A A6A0             (adybug/src/main.s):03184                 lda     ,y+
D35C 5F               (adybug/src/main.s):03185                 clrb
D35D 85F0             (adybug/src/main.s):03186                 bita    #$F0
D35F 2602             (adybug/src/main.s):03187                 bne     btt_high_opaque
D361 CAF0             (adybug/src/main.s):03188                 orb     #$F0
D363                  (adybug/src/main.s):03189         btt_high_opaque
D363 850F             (adybug/src/main.s):03190                 bita    #$0F
D365 2602             (adybug/src/main.s):03191                 bne     btt_low_opaque
D367 CA0F             (adybug/src/main.s):03192                 orb     #$0F
D369                  (adybug/src/main.s):03193         btt_low_opaque
D369 E484             (adybug/src/main.s):03194                 andb    ,x
D36B 3404             (adybug/src/main.s):03195                 pshs    b
D36D AAE0             (adybug/src/main.s):03196                 ora     ,s+
D36F A780             (adybug/src/main.s):03197                 sta     ,x+
D371 6AE4             (adybug/src/main.s):03198                 dec     ,s
D373 26E5             (adybug/src/main.s):03199                 bne     btt_byte
D375 3261             (adybug/src/main.s):03200                 leas    1,s
D377 961C             (adybug/src/main.s):03201                 lda     BLIT_WIDTH
D379 8104             (adybug/src/main.s):03202                 cmpa    #4
D37B 2706             (adybug/src/main.s):03203                 beq     btt_tile_row
D37D 30890098         (adybug/src/main.s):03204                 leax    152,x
D381 2004             (adybug/src/main.s):03205                 bra     btt_next_row
D383                  (adybug/src/main.s):03206         btt_tile_row
D383 3089009C         (adybug/src/main.s):03207                 leax    156,x
D387                  (adybug/src/main.s):03208         btt_next_row
D387 0A1B             (adybug/src/main.s):03209                 dec     BLIT_ROWS
D389 26CB             (adybug/src/main.s):03210                 bne     btt_row
D38B 39               (adybug/src/main.s):03211                 rts
                      (adybug/src/main.s):03212         
                      (adybug/src/main.s):03213         ;==============================================================================
                      (adybug/src/main.s):03214         ; irq_handler — Vbord (60 Hz)
                      (adybug/src/main.s):03215         ;==============================================================================
D38C                  (adybug/src/main.s):03216         irq_handler
D38C B6FF92           (adybug/src/main.s):03217                 lda     GIME_IRQEN
D38F 0C03             (adybug/src/main.s):03218                 inc     FRAMES+1
D391 2602             (adybug/src/main.s):03219                 bne     irq_done
D393 0C02             (adybug/src/main.s):03220                 inc     FRAMES
D395                  (adybug/src/main.s):03221         irq_done
D395 3B               (adybug/src/main.s):03222                 rti
                      (adybug/src/main.s):03223         
                      (adybug/src/main.s):03224         ;==============================================================================
                      (adybug/src/main.s):03225         ; Data tables (read directly from cartridge ROM)
                      (adybug/src/main.s):03226         ;==============================================================================
                      (adybug/src/main.s):03227         
                      (adybug/src/main.s):03228         ;-- PAR values for executive set (PAR0..PAR7) ---------------------------------
D396                  (adybug/src/main.s):03229         par_table
D396 3830313233343E3F (adybug/src/main.s):03230                 fcb     $38,$30,$31,$32,$33,$34,$3E,$3F
                      (adybug/src/main.s):03231         
                      (adybug/src/main.s):03232         ; Curated animation frames occupy resident ROM because the immutable asset
                      (adybug/src/main.s):03233         ; window is at its guard limit.
                      (adybug/src/main.s):03234                 include "ladybug_resident.inc"
                      (ybug_resident.inc):00001         ; Generated by scripts/build_screen.py; do not edit.
     0010             (ybug_resident.inc):00002         PLAYER_FRAME_COUNT equ    16
     0040             (ybug_resident.inc):00003         PACKED_SPRITE_SIZE equ    64
     000E             (ybug_resident.inc):00004         DEATH_FRAME_COUNT equ     14
     0007             (ybug_resident.inc):00005         DEATH_WING_FIRST equ      7
     000D             (ybug_resident.inc):00006         DEATH_ANGEL_FRAME equ     13
     0012             (ybug_resident.inc):00007         VEGETABLE_COUNT equ       18
                      (ybug_resident.inc):00008         
D39E                  (ybug_resident.inc):00009         player_sprites
                      (ybug_resident.inc):00010                 ; frame 0: R2C0 / ROM code 5
D39E 00000000000A0A00 (ybug_resident.inc):00011                 fcb     $00,$00,$00,$00,$00,$0A,$0A,$00
D3A6 0000A000000EAB00 (ybug_resident.inc):00012                 fcb     $00,$00,$A0,$00,$00,$0E,$AB,$00
D3AE 0015554000555550 (ybug_resident.inc):00013                 fcb     $00,$15,$55,$40,$00,$55,$55,$50
D3B6 0155555401A5F5A4 (ybug_resident.inc):00014                 fcb     $01,$55,$55,$54,$01,$A5,$F5,$A4
D3BE 01A7FDA40157FD54 (ybug_resident.inc):00015                 fcb     $01,$A7,$FD,$A4,$01,$57,$FD,$54
D3C6 0175F5D400555550 (ybug_resident.inc):00016                 fcb     $01,$75,$F5,$D4,$00,$55,$55,$50
D3CE 00575D5000155540 (ybug_resident.inc):00017                 fcb     $00,$57,$5D,$50,$00,$15,$55,$40
D3D6 0001540000000000 (ybug_resident.inc):00018                 fcb     $00,$01,$54,$00,$00,$00,$00,$00
                      (ybug_resident.inc):00019                 ; frame 1: R3C0 / ROM code 4
D3DE 0000000000020800 (ybug_resident.inc):00020                 fcb     $00,$00,$00,$00,$00,$02,$08,$00
D3E6 0000A000000EAB00 (ybug_resident.inc):00021                 fcb     $00,$00,$A0,$00,$00,$0E,$AB,$00
D3EE 0015554000555550 (ybug_resident.inc):00022                 fcb     $00,$15,$55,$40,$00,$55,$55,$50
D3F6 0155555401F5F5F4 (ybug_resident.inc):00023                 fcb     $01,$55,$55,$54,$01,$F5,$F5,$F4
D3FE 01F7FDF40157FD54 (ybug_resident.inc):00024                 fcb     $01,$F7,$FD,$F4,$01,$57,$FD,$54
D406 0165F59400555550 (ybug_resident.inc):00025                 fcb     $01,$65,$F5,$94,$00,$55,$55,$50
D40E 00575D5000155540 (ybug_resident.inc):00026                 fcb     $00,$57,$5D,$50,$00,$15,$55,$40
D416 0001540000000000 (ybug_resident.inc):00027                 fcb     $00,$01,$54,$00,$00,$00,$00,$00
                      (ybug_resident.inc):00028                 ; frame 2: R4C0 / ROM code 3
D41E 000000000000A000 (ybug_resident.inc):00029                 fcb     $00,$00,$00,$00,$00,$00,$A0,$00
D426 0000A000000EAB00 (ybug_resident.inc):00030                 fcb     $00,$00,$A0,$00,$00,$0E,$AB,$00
D42E 0015554000555550 (ybug_resident.inc):00031                 fcb     $00,$15,$55,$40,$00,$55,$55,$50
D436 0155555401F5A5F4 (ybug_resident.inc):00032                 fcb     $01,$55,$55,$54,$01,$F5,$A5,$F4
D43E 01F6A9F40156A954 (ybug_resident.inc):00033                 fcb     $01,$F6,$A9,$F4,$01,$56,$A9,$54
D446 0175A5D400555550 (ybug_resident.inc):00034                 fcb     $01,$75,$A5,$D4,$00,$55,$55,$50
D44E 0056595000155540 (ybug_resident.inc):00035                 fcb     $00,$56,$59,$50,$00,$15,$55,$40
D456 0001540000000000 (ybug_resident.inc):00036                 fcb     $00,$01,$54,$00,$00,$00,$00,$00
                      (ybug_resident.inc):00037                 ; frame 3: R3C0 / ROM code 4
D45E 0000000000020800 (ybug_resident.inc):00038                 fcb     $00,$00,$00,$00,$00,$02,$08,$00
D466 0000A000000EAB00 (ybug_resident.inc):00039                 fcb     $00,$00,$A0,$00,$00,$0E,$AB,$00
D46E 0015554000555550 (ybug_resident.inc):00040                 fcb     $00,$15,$55,$40,$00,$55,$55,$50
D476 0155555401F5F5F4 (ybug_resident.inc):00041                 fcb     $01,$55,$55,$54,$01,$F5,$F5,$F4
D47E 01F7FDF40157FD54 (ybug_resident.inc):00042                 fcb     $01,$F7,$FD,$F4,$01,$57,$FD,$54
D486 0165F59400555550 (ybug_resident.inc):00043                 fcb     $01,$65,$F5,$94,$00,$55,$55,$50
D48E 00575D5000155540 (ybug_resident.inc):00044                 fcb     $00,$57,$5D,$50,$00,$15,$55,$40
D496 0001540000000000 (ybug_resident.inc):00045                 fcb     $00,$01,$54,$00,$00,$00,$00,$00
                      (ybug_resident.inc):00046                 ; frame 4: R2C0 / ROM code 5
D49E 0000000000000000 (ybug_resident.inc):00047                 fcb     $00,$00,$00,$00,$00,$00,$00,$00
D4A6 000554000055A500 (ybug_resident.inc):00048                 fcb     $00,$05,$54,$00,$00,$55,$A5,$00
D4AE 015DA54001555572 (ybug_resident.inc):00049                 fcb     $01,$5D,$A5,$40,$01,$55,$55,$72
D4B6 05D7D562055FF568 (ybug_resident.inc):00050                 fcb     $05,$D7,$D5,$62,$05,$5F,$F5,$68
D4BE 055FF56805D7D562 (ybug_resident.inc):00051                 fcb     $05,$5F,$F5,$68,$05,$D7,$D5,$62
D4C6 01555572015DA540 (ybug_resident.inc):00052                 fcb     $01,$55,$55,$72,$01,$5D,$A5,$40
D4CE 0055A50000055400 (ybug_resident.inc):00053                 fcb     $00,$55,$A5,$00,$00,$05,$54,$00
D4D6 0000000000000000 (ybug_resident.inc):00054                 fcb     $00,$00,$00,$00,$00,$00,$00,$00
                      (ybug_resident.inc):00055                 ; frame 5: R3C0 / ROM code 4
D4DE 0000000000000000 (ybug_resident.inc):00056                 fcb     $00,$00,$00,$00,$00,$00,$00,$00
D4E6 000554000055F500 (ybug_resident.inc):00057                 fcb     $00,$05,$54,$00,$00,$55,$F5,$00
D4EE 0159F54001555570 (ybug_resident.inc):00058                 fcb     $01,$59,$F5,$40,$01,$55,$55,$70
D4F6 05D7D562055FF568 (ybug_resident.inc):00059                 fcb     $05,$D7,$D5,$62,$05,$5F,$F5,$68
D4FE 055FF56805D7D562 (ybug_resident.inc):00060                 fcb     $05,$5F,$F5,$68,$05,$D7,$D5,$62
D506 015555700159F540 (ybug_resident.inc):00061                 fcb     $01,$55,$55,$70,$01,$59,$F5,$40
D50E 0055F50000055400 (ybug_resident.inc):00062                 fcb     $00,$55,$F5,$00,$00,$05,$54,$00
D516 0000000000000000 (ybug_resident.inc):00063                 fcb     $00,$00,$00,$00,$00,$00,$00,$00
                      (ybug_resident.inc):00064                 ; frame 6: R4C0 / ROM code 3
D51E 0000000000000000 (ybug_resident.inc):00065                 fcb     $00,$00,$00,$00,$00,$00,$00,$00
D526 000554000055F500 (ybug_resident.inc):00066                 fcb     $00,$05,$54,$00,$00,$55,$F5,$00
D52E 015DF54001555570 (ybug_resident.inc):00067                 fcb     $01,$5D,$F5,$40,$01,$55,$55,$70
D536 05969560055AA56A (ybug_resident.inc):00068                 fcb     $05,$96,$95,$60,$05,$5A,$A5,$6A
D53E 055AA56A05969560 (ybug_resident.inc):00069                 fcb     $05,$5A,$A5,$6A,$05,$96,$95,$60
D546 01555570015DF540 (ybug_resident.inc):00070                 fcb     $01,$55,$55,$70,$01,$5D,$F5,$40
D54E 0055F50000055400 (ybug_resident.inc):00071                 fcb     $00,$55,$F5,$00,$00,$05,$54,$00
D556 0000000000000000 (ybug_resident.inc):00072                 fcb     $00,$00,$00,$00,$00,$00,$00,$00
                      (ybug_resident.inc):00073                 ; frame 7: R3C0 / ROM code 4
D55E 0000000000000000 (ybug_resident.inc):00074                 fcb     $00,$00,$00,$00,$00,$00,$00,$00
D566 000554000055F500 (ybug_resident.inc):00075                 fcb     $00,$05,$54,$00,$00,$55,$F5,$00
D56E 0159F54001555570 (ybug_resident.inc):00076                 fcb     $01,$59,$F5,$40,$01,$55,$55,$70
D576 05D7D562055FF568 (ybug_resident.inc):00077                 fcb     $05,$D7,$D5,$62,$05,$5F,$F5,$68
D57E 055FF56805D7D562 (ybug_resident.inc):00078                 fcb     $05,$5F,$F5,$68,$05,$D7,$D5,$62
D586 015555700159F540 (ybug_resident.inc):00079                 fcb     $01,$55,$55,$70,$01,$59,$F5,$40
D58E 0055F50000055400 (ybug_resident.inc):00080                 fcb     $00,$55,$F5,$00,$00,$05,$54,$00
D596 0000000000000000 (ybug_resident.inc):00081                 fcb     $00,$00,$00,$00,$00,$00,$00,$00
                      (ybug_resident.inc):00082                 ; frame 8: R2C0 / ROM code 5
D59E 0000000000015400 (ybug_resident.inc):00083                 fcb     $00,$00,$00,$00,$00,$01,$54,$00
D5A6 0015554000575D50 (ybug_resident.inc):00084                 fcb     $00,$15,$55,$40,$00,$57,$5D,$50
D5AE 005555500175F5D4 (ybug_resident.inc):00085                 fcb     $00,$55,$55,$50,$01,$75,$F5,$D4
D5B6 0157FD5401A7FDA4 (ybug_resident.inc):00086                 fcb     $01,$57,$FD,$54,$01,$A7,$FD,$A4
D5BE 01A5F5A401555554 (ybug_resident.inc):00087                 fcb     $01,$A5,$F5,$A4,$01,$55,$55,$54
D5C6 0055555000155540 (ybug_resident.inc):00088                 fcb     $00,$55,$55,$50,$00,$15,$55,$40
D5CE 000EAB000000A000 (ybug_resident.inc):00089                 fcb     $00,$0E,$AB,$00,$00,$00,$A0,$00
D5D6 000A0A0000000000 (ybug_resident.inc):00090                 fcb     $00,$0A,$0A,$00,$00,$00,$00,$00
                      (ybug_resident.inc):00091                 ; frame 9: R3C0 / ROM code 4
D5DE 0000000000015400 (ybug_resident.inc):00092                 fcb     $00,$00,$00,$00,$00,$01,$54,$00
D5E6 0015554000575D50 (ybug_resident.inc):00093                 fcb     $00,$15,$55,$40,$00,$57,$5D,$50
D5EE 005555500165F594 (ybug_resident.inc):00094                 fcb     $00,$55,$55,$50,$01,$65,$F5,$94
D5F6 0157FD5401F7FDF4 (ybug_resident.inc):00095                 fcb     $01,$57,$FD,$54,$01,$F7,$FD,$F4
D5FE 01F5F5F401555554 (ybug_resident.inc):00096                 fcb     $01,$F5,$F5,$F4,$01,$55,$55,$54
D606 0055555000155540 (ybug_resident.inc):00097                 fcb     $00,$55,$55,$50,$00,$15,$55,$40
D60E 000EAB000000A000 (ybug_resident.inc):00098                 fcb     $00,$0E,$AB,$00,$00,$00,$A0,$00
D616 0002080000000000 (ybug_resident.inc):00099                 fcb     $00,$02,$08,$00,$00,$00,$00,$00
                      (ybug_resident.inc):00100                 ; frame 10: R4C0 / ROM code 3
D61E 0000000000015400 (ybug_resident.inc):00101                 fcb     $00,$00,$00,$00,$00,$01,$54,$00
D626 0015554000565950 (ybug_resident.inc):00102                 fcb     $00,$15,$55,$40,$00,$56,$59,$50
D62E 005555500175A5D4 (ybug_resident.inc):00103                 fcb     $00,$55,$55,$50,$01,$75,$A5,$D4
D636 0156A95401F6A9F4 (ybug_resident.inc):00104                 fcb     $01,$56,$A9,$54,$01,$F6,$A9,$F4
D63E 01F5A5F401555554 (ybug_resident.inc):00105                 fcb     $01,$F5,$A5,$F4,$01,$55,$55,$54
D646 0055555000155540 (ybug_resident.inc):00106                 fcb     $00,$55,$55,$50,$00,$15,$55,$40
D64E 000EAB000000A000 (ybug_resident.inc):00107                 fcb     $00,$0E,$AB,$00,$00,$00,$A0,$00
D656 0000A00000000000 (ybug_resident.inc):00108                 fcb     $00,$00,$A0,$00,$00,$00,$00,$00
                      (ybug_resident.inc):00109                 ; frame 11: R3C0 / ROM code 4
D65E 0000000000015400 (ybug_resident.inc):00110                 fcb     $00,$00,$00,$00,$00,$01,$54,$00
D666 0015554000575D50 (ybug_resident.inc):00111                 fcb     $00,$15,$55,$40,$00,$57,$5D,$50
D66E 005555500165F594 (ybug_resident.inc):00112                 fcb     $00,$55,$55,$50,$01,$65,$F5,$94
D676 0157FD5401F7FDF4 (ybug_resident.inc):00113                 fcb     $01,$57,$FD,$54,$01,$F7,$FD,$F4
D67E 01F5F5F401555554 (ybug_resident.inc):00114                 fcb     $01,$F5,$F5,$F4,$01,$55,$55,$54
D686 0055555000155540 (ybug_resident.inc):00115                 fcb     $00,$55,$55,$50,$00,$15,$55,$40
D68E 000EAB000000A000 (ybug_resident.inc):00116                 fcb     $00,$0E,$AB,$00,$00,$00,$A0,$00
D696 0002080000000000 (ybug_resident.inc):00117                 fcb     $00,$02,$08,$00,$00,$00,$00,$00
                      (ybug_resident.inc):00118                 ; frame 12: R2C0 / ROM code 5
D69E 0000000000000000 (ybug_resident.inc):00119                 fcb     $00,$00,$00,$00,$00,$00,$00,$00
D6A6 000155000005A550 (ybug_resident.inc):00120                 fcb     $00,$01,$55,$00,$00,$05,$A5,$50
D6AE 0015A75408D55554 (ybug_resident.inc):00121                 fcb     $00,$15,$A7,$54,$08,$D5,$55,$54
D6B6 08957D750295FF55 (ybug_resident.inc):00122                 fcb     $08,$95,$7D,$75,$02,$95,$FF,$55
D6BE 0295FF5508957D75 (ybug_resident.inc):00123                 fcb     $02,$95,$FF,$55,$08,$95,$7D,$75
D6C6 08D555540015A754 (ybug_resident.inc):00124                 fcb     $08,$D5,$55,$54,$00,$15,$A7,$54
D6CE 0005A55000015500 (ybug_resident.inc):00125                 fcb     $00,$05,$A5,$50,$00,$01,$55,$00
D6D6 0000000000000000 (ybug_resident.inc):00126                 fcb     $00,$00,$00,$00,$00,$00,$00,$00
                      (ybug_resident.inc):00127                 ; frame 13: R3C0 / ROM code 4
D6DE 0000000000000000 (ybug_resident.inc):00128                 fcb     $00,$00,$00,$00,$00,$00,$00,$00
D6E6 000155000005F550 (ybug_resident.inc):00129                 fcb     $00,$01,$55,$00,$00,$05,$F5,$50
D6EE 0015F65400D55554 (ybug_resident.inc):00130                 fcb     $00,$15,$F6,$54,$00,$D5,$55,$54
D6F6 08957D750295FF55 (ybug_resident.inc):00131                 fcb     $08,$95,$7D,$75,$02,$95,$FF,$55
D6FE 0295FF5508957D75 (ybug_resident.inc):00132                 fcb     $02,$95,$FF,$55,$08,$95,$7D,$75
D706 00D555540015F654 (ybug_resident.inc):00133                 fcb     $00,$D5,$55,$54,$00,$15,$F6,$54
D70E 0005F55000015500 (ybug_resident.inc):00134                 fcb     $00,$05,$F5,$50,$00,$01,$55,$00
D716 0000000000000000 (ybug_resident.inc):00135                 fcb     $00,$00,$00,$00,$00,$00,$00,$00
                      (ybug_resident.inc):00136                 ; frame 14: R4C0 / ROM code 3
D71E 0000000000000000 (ybug_resident.inc):00137                 fcb     $00,$00,$00,$00,$00,$00,$00,$00
D726 000155000005F550 (ybug_resident.inc):00138                 fcb     $00,$01,$55,$00,$00,$05,$F5,$50
D72E 0015F75400D55554 (ybug_resident.inc):00139                 fcb     $00,$15,$F7,$54,$00,$D5,$55,$54
D736 009569650A95AA55 (ybug_resident.inc):00140                 fcb     $00,$95,$69,$65,$0A,$95,$AA,$55
D73E 0A95AA5500956965 (ybug_resident.inc):00141                 fcb     $0A,$95,$AA,$55,$00,$95,$69,$65
D746 00D555540015F754 (ybug_resident.inc):00142                 fcb     $00,$D5,$55,$54,$00,$15,$F7,$54
D74E 0005F55000015500 (ybug_resident.inc):00143                 fcb     $00,$05,$F5,$50,$00,$01,$55,$00
D756 0000000000000000 (ybug_resident.inc):00144                 fcb     $00,$00,$00,$00,$00,$00,$00,$00
                      (ybug_resident.inc):00145                 ; frame 15: R3C0 / ROM code 4
D75E 0000000000000000 (ybug_resident.inc):00146                 fcb     $00,$00,$00,$00,$00,$00,$00,$00
D766 000155000005F550 (ybug_resident.inc):00147                 fcb     $00,$01,$55,$00,$00,$05,$F5,$50
D76E 0015F65400D55554 (ybug_resident.inc):00148                 fcb     $00,$15,$F6,$54,$00,$D5,$55,$54
D776 08957D750295FF55 (ybug_resident.inc):00149                 fcb     $08,$95,$7D,$75,$02,$95,$FF,$55
D77E 0295FF5508957D75 (ybug_resident.inc):00150                 fcb     $02,$95,$FF,$55,$08,$95,$7D,$75
D786 00D555540015F654 (ybug_resident.inc):00151                 fcb     $00,$D5,$55,$54,$00,$15,$F6,$54
D78E 0005F55000015500 (ybug_resident.inc):00152                 fcb     $00,$05,$F5,$50,$00,$01,$55,$00
D796 0000000000000000 (ybug_resident.inc):00153                 fcb     $00,$00,$00,$00,$00,$00,$00,$00
                      (ybug_resident.inc):00154         
D79E                  (ybug_resident.inc):00155         death_sprites
                      (ybug_resident.inc):00156                 ; frame 0: R6C7 / ROM code 57
D79E 0000000000041000 (ybug_resident.inc):00157                 fcb     $00,$00,$00,$00,$00,$04,$10,$00
D7A6 0001400000155400 (ybug_resident.inc):00158                 fcb     $00,$01,$40,$00,$00,$15,$54,$00
D7AE 0055550001555540 (ybug_resident.inc):00159                 fcb     $00,$55,$55,$00,$01,$55,$55,$40
D7B6 0555555005555550 (ybug_resident.inc):00160                 fcb     $05,$55,$55,$50,$05,$55,$55,$50
D7BE 0555555005555550 (ybug_resident.inc):00161                 fcb     $05,$55,$55,$50,$05,$55,$55,$50
D7C6 0155554001555540 (ybug_resident.inc):00162                 fcb     $01,$55,$55,$40,$01,$55,$55,$40
D7CE 0055550000055000 (ybug_resident.inc):00163                 fcb     $00,$55,$55,$00,$00,$05,$50,$00
D7D6 0000000000000000 (ybug_resident.inc):00164                 fcb     $00,$00,$00,$00,$00,$00,$00,$00
                      (ybug_resident.inc):00165                 ; frame 1: R5C7 / ROM code 58
D7DE 0000000000000000 (ybug_resident.inc):00166                 fcb     $00,$00,$00,$00,$00,$00,$00,$00
D7E6 0005500000555500 (ybug_resident.inc):00167                 fcb     $00,$05,$50,$00,$00,$55,$55,$00
D7EE 0155554001555540 (ybug_resident.inc):00168                 fcb     $01,$55,$55,$40,$01,$55,$55,$40
D7F6 0555555005555550 (ybug_resident.inc):00169                 fcb     $05,$55,$55,$50,$05,$55,$55,$50
D7FE 0555555005555550 (ybug_resident.inc):00170                 fcb     $05,$55,$55,$50,$05,$55,$55,$50
D806 0155554001555540 (ybug_resident.inc):00171                 fcb     $01,$55,$55,$40,$01,$55,$55,$40
D80E 0055550000055000 (ybug_resident.inc):00172                 fcb     $00,$55,$55,$00,$00,$05,$50,$00
D816 0000000000000000 (ybug_resident.inc):00173                 fcb     $00,$00,$00,$00,$00,$00,$00,$00
                      (ybug_resident.inc):00174                 ; frame 2: R4C7 / ROM code 59
D81E 0000000000000000 (ybug_resident.inc):00175                 fcb     $00,$00,$00,$00,$00,$00,$00,$00
D826 0000000000055000 (ybug_resident.inc):00176                 fcb     $00,$00,$00,$00,$00,$05,$50,$00
D82E 0015540000555500 (ybug_resident.inc):00177                 fcb     $00,$15,$54,$00,$00,$55,$55,$00
D836 0155554001555540 (ybug_resident.inc):00178                 fcb     $01,$55,$55,$40,$01,$55,$55,$40
D83E 0155554001555540 (ybug_resident.inc):00179                 fcb     $01,$55,$55,$40,$01,$55,$55,$40
D846 0055550000155400 (ybug_resident.inc):00180                 fcb     $00,$55,$55,$00,$00,$15,$54,$00
D84E 0005500000000000 (ybug_resident.inc):00181                 fcb     $00,$05,$50,$00,$00,$00,$00,$00
D856 0000000000000000 (ybug_resident.inc):00182                 fcb     $00,$00,$00,$00,$00,$00,$00,$00
                      (ybug_resident.inc):00183                 ; frame 3: R3C7 / ROM code 60
D85E 0000000000000000 (ybug_resident.inc):00184                 fcb     $00,$00,$00,$00,$00,$00,$00,$00
D866 0000000000000000 (ybug_resident.inc):00185                 fcb     $00,$00,$00,$00,$00,$00,$00,$00
D86E 0005500000155400 (ybug_resident.inc):00186                 fcb     $00,$05,$50,$00,$00,$15,$54,$00
D876 0055550000555500 (ybug_resident.inc):00187                 fcb     $00,$55,$55,$00,$00,$55,$55,$00
D87E 0055550000555500 (ybug_resident.inc):00188                 fcb     $00,$55,$55,$00,$00,$55,$55,$00
D886 0015540000055000 (ybug_resident.inc):00189                 fcb     $00,$15,$54,$00,$00,$05,$50,$00
D88E 0000000000000000 (ybug_resident.inc):00190                 fcb     $00,$00,$00,$00,$00,$00,$00,$00
D896 0000000000000000 (ybug_resident.inc):00191                 fcb     $00,$00,$00,$00,$00,$00,$00,$00
                      (ybug_resident.inc):00192                 ; frame 4: R2C7 / ROM code 61
D89E 0000000000000000 (ybug_resident.inc):00193                 fcb     $00,$00,$00,$00,$00,$00,$00,$00
D8A6 0000000000000000 (ybug_resident.inc):00194                 fcb     $00,$00,$00,$00,$00,$00,$00,$00
D8AE 0000000000014000 (ybug_resident.inc):00195                 fcb     $00,$00,$00,$00,$00,$01,$40,$00
D8B6 0005500000155400 (ybug_resident.inc):00196                 fcb     $00,$05,$50,$00,$00,$15,$54,$00
D8BE 0015540000055000 (ybug_resident.inc):00197                 fcb     $00,$15,$54,$00,$00,$05,$50,$00
D8C6 0001400000000000 (ybug_resident.inc):00198                 fcb     $00,$01,$40,$00,$00,$00,$00,$00
D8CE 0000000000000000 (ybug_resident.inc):00199                 fcb     $00,$00,$00,$00,$00,$00,$00,$00
D8D6 0000000000000000 (ybug_resident.inc):00200                 fcb     $00,$00,$00,$00,$00,$00,$00,$00
                      (ybug_resident.inc):00201                 ; frame 5: R1C7 / ROM code 62
D8DE 0000000000000000 (ybug_resident.inc):00202                 fcb     $00,$00,$00,$00,$00,$00,$00,$00
D8E6 0000000000000000 (ybug_resident.inc):00203                 fcb     $00,$00,$00,$00,$00,$00,$00,$00
D8EE 0000000000000000 (ybug_resident.inc):00204                 fcb     $00,$00,$00,$00,$00,$00,$00,$00
D8F6 0001400000055000 (ybug_resident.inc):00205                 fcb     $00,$01,$40,$00,$00,$05,$50,$00
D8FE 0005500000014000 (ybug_resident.inc):00206                 fcb     $00,$05,$50,$00,$00,$01,$40,$00
D906 0000000000000000 (ybug_resident.inc):00207                 fcb     $00,$00,$00,$00,$00,$00,$00,$00
D90E 0000000000000000 (ybug_resident.inc):00208                 fcb     $00,$00,$00,$00,$00,$00,$00,$00
D916 0000000000000000 (ybug_resident.inc):00209                 fcb     $00,$00,$00,$00,$00,$00,$00,$00
                      (ybug_resident.inc):00210                 ; frame 6: R0C7 / ROM code 63
D91E 0000000000000000 (ybug_resident.inc):00211                 fcb     $00,$00,$00,$00,$00,$00,$00,$00
D926 0000000000000000 (ybug_resident.inc):00212                 fcb     $00,$00,$00,$00,$00,$00,$00,$00
D92E 0000000000000000 (ybug_resident.inc):00213                 fcb     $00,$00,$00,$00,$00,$00,$00,$00
D936 0000000000014000 (ybug_resident.inc):00214                 fcb     $00,$00,$00,$00,$00,$01,$40,$00
D93E 0001400000000000 (ybug_resident.inc):00215                 fcb     $00,$01,$40,$00,$00,$00,$00,$00
D946 0000000000000000 (ybug_resident.inc):00216                 fcb     $00,$00,$00,$00,$00,$00,$00,$00
D94E 0000000000000000 (ybug_resident.inc):00217                 fcb     $00,$00,$00,$00,$00,$00,$00,$00
D956 0000000000000000 (ybug_resident.inc):00218                 fcb     $00,$00,$00,$00,$00,$00,$00,$00
                      (ybug_resident.inc):00219                 ; frame 7: R5C10 / ROM code 82
D95E 0000000000000000 (ybug_resident.inc):00220                 fcb     $00,$00,$00,$00,$00,$00,$00,$00
D966 0000000000000000 (ybug_resident.inc):00221                 fcb     $00,$00,$00,$00,$00,$00,$00,$00
D96E 0000000000000000 (ybug_resident.inc):00222                 fcb     $00,$00,$00,$00,$00,$00,$00,$00
D976 0001400000055000 (ybug_resident.inc):00223                 fcb     $00,$01,$40,$00,$00,$05,$50,$00
D97E 0005500000041000 (ybug_resident.inc):00224                 fcb     $00,$05,$50,$00,$00,$04,$10,$00
D986 0000000000000000 (ybug_resident.inc):00225                 fcb     $00,$00,$00,$00,$00,$00,$00,$00
D98E 0000000000000000 (ybug_resident.inc):00226                 fcb     $00,$00,$00,$00,$00,$00,$00,$00
D996 0000000000000000 (ybug_resident.inc):00227                 fcb     $00,$00,$00,$00,$00,$00,$00,$00
                      (ybug_resident.inc):00228                 ; frame 8: R4C10 / ROM code 83
D99E 0000000000000000 (ybug_resident.inc):00229                 fcb     $00,$00,$00,$00,$00,$00,$00,$00
D9A6 0000000000000000 (ybug_resident.inc):00230                 fcb     $00,$00,$00,$00,$00,$00,$00,$00
D9AE 0000000000055000 (ybug_resident.inc):00231                 fcb     $00,$00,$00,$00,$00,$05,$50,$00
D9B6 0005500000155400 (ybug_resident.inc):00232                 fcb     $00,$05,$50,$00,$00,$15,$54,$00
D9BE 0015540000141400 (ybug_resident.inc):00233                 fcb     $00,$15,$54,$00,$00,$14,$14,$00
D9C6 0010040000000000 (ybug_resident.inc):00234                 fcb     $00,$10,$04,$00,$00,$00,$00,$00
D9CE 0000000000000000 (ybug_resident.inc):00235                 fcb     $00,$00,$00,$00,$00,$00,$00,$00
D9D6 0000000000000000 (ybug_resident.inc):00236                 fcb     $00,$00,$00,$00,$00,$00,$00,$00
                      (ybug_resident.inc):00237                 ; frame 9: R3C10 / ROM code 84
D9DE 0000000000000000 (ybug_resident.inc):00238                 fcb     $00,$00,$00,$00,$00,$00,$00,$00
D9E6 0000000000000000 (ybug_resident.inc):00239                 fcb     $00,$00,$00,$00,$00,$00,$00,$00
D9EE 0005500000155400 (ybug_resident.inc):00240                 fcb     $00,$05,$50,$00,$00,$15,$54,$00
D9F6 0015540000555500 (ybug_resident.inc):00241                 fcb     $00,$15,$54,$00,$00,$55,$55,$00
D9FE 0054150000500500 (ybug_resident.inc):00242                 fcb     $00,$54,$15,$00,$00,$50,$05,$00
DA06 0040010000000000 (ybug_resident.inc):00243                 fcb     $00,$40,$01,$00,$00,$00,$00,$00
DA0E 0000000000000000 (ybug_resident.inc):00244                 fcb     $00,$00,$00,$00,$00,$00,$00,$00
DA16 0000000000000000 (ybug_resident.inc):00245                 fcb     $00,$00,$00,$00,$00,$00,$00,$00
                      (ybug_resident.inc):00246                 ; frame 10: R2C10 / ROM code 85
DA1E 0000000000000000 (ybug_resident.inc):00247                 fcb     $00,$00,$00,$00,$00,$00,$00,$00
DA26 0000000000055000 (ybug_resident.inc):00248                 fcb     $00,$00,$00,$00,$00,$05,$50,$00
DA2E 0014140000055000 (ybug_resident.inc):00249                 fcb     $00,$14,$14,$00,$00,$05,$50,$00
DA36 0050050001541540 (ybug_resident.inc):00250                 fcb     $00,$50,$05,$00,$01,$54,$15,$40
DA3E 0150054001400140 (ybug_resident.inc):00251                 fcb     $01,$50,$05,$40,$01,$40,$01,$40
DA46 0100004000000000 (ybug_resident.inc):00252                 fcb     $01,$00,$00,$40,$00,$00,$00,$00
DA4E 0000000000000000 (ybug_resident.inc):00253                 fcb     $00,$00,$00,$00,$00,$00,$00,$00
DA56 0000000000000000 (ybug_resident.inc):00254                 fcb     $00,$00,$00,$00,$00,$00,$00,$00
                      (ybug_resident.inc):00255                 ; frame 11: R1C10 / ROM code 86
DA5E 0000000000000000 (ybug_resident.inc):00256                 fcb     $00,$00,$00,$00,$00,$00,$00,$00
DA66 0005500000141400 (ybug_resident.inc):00257                 fcb     $00,$05,$50,$00,$00,$14,$14,$00
DA6E 0005500000000000 (ybug_resident.inc):00258                 fcb     $00,$05,$50,$00,$00,$00,$00,$00
DA76 0140014005500550 (ybug_resident.inc):00259                 fcb     $01,$40,$01,$40,$05,$50,$05,$50
DA7E 0540015005000050 (ybug_resident.inc):00260                 fcb     $05,$40,$01,$50,$05,$00,$00,$50
DA86 0400001000000000 (ybug_resident.inc):00261                 fcb     $04,$00,$00,$10,$00,$00,$00,$00
DA8E 0000000000000000 (ybug_resident.inc):00262                 fcb     $00,$00,$00,$00,$00,$00,$00,$00
DA96 0000000000000000 (ybug_resident.inc):00263                 fcb     $00,$00,$00,$00,$00,$00,$00,$00
                      (ybug_resident.inc):00264                 ; frame 12: R0C10 / ROM code 87
DA9E 0000000000155400 (ybug_resident.inc):00265                 fcb     $00,$00,$00,$00,$00,$15,$54,$00
DAA6 0050050000155400 (ybug_resident.inc):00266                 fcb     $00,$50,$05,$00,$00,$15,$54,$00
DAAE 0000000005000050 (ybug_resident.inc):00267                 fcb     $00,$00,$00,$00,$05,$00,$00,$50
DAB6 1540015415000054 (ybug_resident.inc):00268                 fcb     $15,$40,$01,$54,$15,$00,$00,$54
DABE 1400001410000004 (ybug_resident.inc):00269                 fcb     $14,$00,$00,$14,$10,$00,$00,$04
DAC6 0000000000000000 (ybug_resident.inc):00270                 fcb     $00,$00,$00,$00,$00,$00,$00,$00
DACE 0000000000000000 (ybug_resident.inc):00271                 fcb     $00,$00,$00,$00,$00,$00,$00,$00
DAD6 0000000000000000 (ybug_resident.inc):00272                 fcb     $00,$00,$00,$00,$00,$00,$00,$00
                      (ybug_resident.inc):00273                 ; frame 13: R7C11 / ROM code 88
DADE 0015540000500500 (ybug_resident.inc):00274                 fcb     $00,$15,$54,$00,$00,$50,$05,$00
DAE6 0015540000000000 (ybug_resident.inc):00275                 fcb     $00,$15,$54,$00,$00,$00,$00,$00
DAEE 0000000014000014 (ybug_resident.inc):00276                 fcb     $00,$00,$00,$00,$14,$00,$00,$14
DAF6 5500005554000015 (ybug_resident.inc):00277                 fcb     $55,$00,$00,$55,$54,$00,$00,$15
DAFE 5000000540000001 (ybug_resident.inc):00278                 fcb     $50,$00,$00,$05,$40,$00,$00,$01
DB06 0000000000000000 (ybug_resident.inc):00279                 fcb     $00,$00,$00,$00,$00,$00,$00,$00
DB0E 0000000000000000 (ybug_resident.inc):00280                 fcb     $00,$00,$00,$00,$00,$00,$00,$00
DB16 0000000000000000 (ybug_resident.inc):00281                 fcb     $00,$00,$00,$00,$00,$00,$00,$00
                      (ybug_resident.inc):00282         
DB1E                  (ybug_resident.inc):00283         vegetable_sprites
                      (ybug_resident.inc):00284                 ; frame 0: R7C8 / ROM code 64
DB1E 0000000000000000 (ybug_resident.inc):00285                 fcb     $00,$00,$00,$00,$00,$00,$00,$00
DB26 0000000000000200 (ybug_resident.inc):00286                 fcb     $00,$00,$00,$00,$00,$00,$02,$00
DB2E 00000A8000000A80 (ybug_resident.inc):00287                 fcb     $00,$00,$0A,$80,$00,$00,$0A,$80
DB36 00000A8000003A80 (ybug_resident.inc):00288                 fcb     $00,$00,$0A,$80,$00,$00,$3A,$80
DB3E 0000AB00000EEA00 (ybug_resident.inc):00289                 fcb     $00,$00,$AB,$00,$00,$0E,$EA,$00
DB46 02AAAC0002EEE000 (ybug_resident.inc):00290                 fcb     $02,$AA,$AC,$00,$02,$EE,$E0,$00
DB4E 00AA800000000000 (ybug_resident.inc):00291                 fcb     $00,$AA,$80,$00,$00,$00,$00,$00
DB56 0000000000000000 (ybug_resident.inc):00292                 fcb     $00,$00,$00,$00,$00,$00,$00,$00
                      (ybug_resident.inc):00293                 ; frame 1: R6C8 / ROM code 65
DB5E 0000000000000000 (ybug_resident.inc):00294                 fcb     $00,$00,$00,$00,$00,$00,$00,$00
DB66 0000000000000080 (ybug_resident.inc):00295                 fcb     $00,$00,$00,$00,$00,$00,$00,$80
DB6E 00002A8000001A80 (ybug_resident.inc):00296                 fcb     $00,$00,$2A,$80,$00,$00,$1A,$80
DB76 00015A8000155580 (ybug_resident.inc):00297                 fcb     $00,$01,$5A,$80,$00,$15,$55,$80
DB7E 0175550005D55500 (ybug_resident.inc):00298                 fcb     $01,$75,$55,$00,$05,$D5,$55,$00
DB86 05D5550001555400 (ybug_resident.inc):00299                 fcb     $05,$D5,$55,$00,$01,$55,$54,$00
DB8E 0055400000000000 (ybug_resident.inc):00300                 fcb     $00,$55,$40,$00,$00,$00,$00,$00
DB96 0000000000000000 (ybug_resident.inc):00301                 fcb     $00,$00,$00,$00,$00,$00,$00,$00
                      (ybug_resident.inc):00302                 ; frame 2: R5C8 / ROM code 66
DB9E 0000000000000000 (ybug_resident.inc):00303                 fcb     $00,$00,$00,$00,$00,$00,$00,$00
DBA6 0000000000000080 (ybug_resident.inc):00304                 fcb     $00,$00,$00,$00,$00,$00,$00,$80
DBAE 00003A8000005F80 (ybug_resident.inc):00305                 fcb     $00,$00,$3A,$80,$00,$00,$5F,$80
DBB6 000157C000055540 (ybug_resident.inc):00306                 fcb     $00,$01,$57,$C0,$00,$05,$55,$40
DBBE 0015550000555400 (ybug_resident.inc):00307                 fcb     $00,$15,$55,$00,$00,$55,$54,$00
DBC6 0155400001540000 (ybug_resident.inc):00308                 fcb     $01,$55,$40,$00,$01,$54,$00,$00
DBCE 0140000000000000 (ybug_resident.inc):00309                 fcb     $01,$40,$00,$00,$00,$00,$00,$00
DBD6 0000000000000000 (ybug_resident.inc):00310                 fcb     $00,$00,$00,$00,$00,$00,$00,$00
                      (ybug_resident.inc):00311                 ; frame 3: R4C8 / ROM code 67
DBDE 0000000000000000 (ybug_resident.inc):00312                 fcb     $00,$00,$00,$00,$00,$00,$00,$00
DBE6 0000000002028080 (ybug_resident.inc):00313                 fcb     $00,$00,$00,$00,$02,$02,$80,$80
DBEE 0282028000A08A00 (ybug_resident.inc):00314                 fcb     $02,$82,$02,$80,$00,$A0,$8A,$00
DBF6 0008A00000028000 (ybug_resident.inc):00315                 fcb     $00,$08,$A0,$00,$00,$02,$80,$00
DBFE 00055000001D5400 (ybug_resident.inc):00316                 fcb     $00,$05,$50,$00,$00,$1D,$54,$00
DC06 0015540000055000 (ybug_resident.inc):00317                 fcb     $00,$15,$54,$00,$00,$05,$50,$00
DC0E 0001400000000000 (ybug_resident.inc):00318                 fcb     $00,$01,$40,$00,$00,$00,$00,$00
DC16 0000000000000000 (ybug_resident.inc):00319                 fcb     $00,$00,$00,$00,$00,$00,$00,$00
                      (ybug_resident.inc):00320                 ; frame 4: R3C8 / ROM code 68
DC1E 0000000000000000 (ybug_resident.inc):00321                 fcb     $00,$00,$00,$00,$00,$00,$00,$00
DC26 0000000000880000 (ybug_resident.inc):00322                 fcb     $00,$00,$00,$00,$00,$88,$00,$00
DC2E 0222220000880880 (ybug_resident.inc):00323                 fcb     $02,$22,$22,$00,$00,$88,$08,$80
DC36 022A220000888880 (ybug_resident.inc):00324                 fcb     $02,$2A,$22,$00,$00,$88,$88,$80
DC3E 0008A80000088000 (ybug_resident.inc):00325                 fcb     $00,$08,$A8,$00,$00,$08,$80,$00
DC46 000A800000080000 (ybug_resident.inc):00326                 fcb     $00,$0A,$80,$00,$00,$08,$00,$00
DC4E 0028000000000000 (ybug_resident.inc):00327                 fcb     $00,$28,$00,$00,$00,$00,$00,$00
DC56 0000000000000000 (ybug_resident.inc):00328                 fcb     $00,$00,$00,$00,$00,$00,$00,$00
                      (ybug_resident.inc):00329                 ; frame 5: R2C8 / ROM code 69
DC5E 0000000000000000 (ybug_resident.inc):00330                 fcb     $00,$00,$00,$00,$00,$00,$00,$00
DC66 0000000000020000 (ybug_resident.inc):00331                 fcb     $00,$00,$00,$00,$00,$02,$00,$00
DC6E 00AAA80000999900 (ybug_resident.inc):00332                 fcb     $00,$AA,$A8,$00,$00,$99,$99,$00
DC76 0155554001755540 (ybug_resident.inc):00333                 fcb     $01,$55,$55,$40,$01,$75,$55,$40
DC7E 01D5554001D55540 (ybug_resident.inc):00334                 fcb     $01,$D5,$55,$40,$01,$D5,$55,$40
DC86 0155554000555500 (ybug_resident.inc):00335                 fcb     $01,$55,$55,$40,$00,$55,$55,$00
DC8E 0005500000000000 (ybug_resident.inc):00336                 fcb     $00,$05,$50,$00,$00,$00,$00,$00
DC96 0000000000000000 (ybug_resident.inc):00337                 fcb     $00,$00,$00,$00,$00,$00,$00,$00
                      (ybug_resident.inc):00338                 ; frame 6: R1C8 / ROM code 70
DC9E 0000000000000000 (ybug_resident.inc):00339                 fcb     $00,$00,$00,$00,$00,$00,$00,$00
DCA6 0000000000000000 (ybug_resident.inc):00340                 fcb     $00,$00,$00,$00,$00,$00,$00,$00
DCAE 0001000000010000 (ybug_resident.inc):00341                 fcb     $00,$01,$00,$00,$00,$01,$00,$00
DCB6 00528500015AA540 (ybug_resident.inc):00342                 fcb     $00,$52,$85,$00,$01,$5A,$A5,$40
DCBE 016AA940016AA940 (ybug_resident.inc):00343                 fcb     $01,$6A,$A9,$40,$01,$6A,$A9,$40
DCC6 005AA50000569500 (ybug_resident.inc):00344                 fcb     $00,$5A,$A5,$00,$00,$56,$95,$00
DCCE 0012840000000000 (ybug_resident.inc):00345                 fcb     $00,$12,$84,$00,$00,$00,$00,$00
DCD6 0000000000000000 (ybug_resident.inc):00346                 fcb     $00,$00,$00,$00,$00,$00,$00,$00
                      (ybug_resident.inc):00347                 ; frame 7: R0C8 / ROM code 71
DCDE 0000000000000000 (ybug_resident.inc):00348                 fcb     $00,$00,$00,$00,$00,$00,$00,$00
DCE6 0000000000014000 (ybug_resident.inc):00349                 fcb     $00,$00,$00,$00,$00,$01,$40,$00
DCEE 00AA5000002A9400 (ybug_resident.inc):00350                 fcb     $00,$AA,$50,$00,$00,$2A,$94,$00
DCF6 0015A68002955A00 (ybug_resident.inc):00351                 fcb     $00,$15,$A6,$80,$02,$95,$5A,$00
DCFE 00A5690000A9A500 (ybug_resident.inc):00352                 fcb     $00,$A5,$69,$00,$00,$A9,$A5,$00
DD06 005A550000569500 (ybug_resident.inc):00353                 fcb     $00,$5A,$55,$00,$00,$56,$95,$00
DD0E 00DDB70000000000 (ybug_resident.inc):00354                 fcb     $00,$DD,$B7,$00,$00,$00,$00,$00
DD16 0000000000000000 (ybug_resident.inc):00355                 fcb     $00,$00,$00,$00,$00,$00,$00,$00
                      (ybug_resident.inc):00356                 ; frame 8: R7C9 / ROM code 72
DD1E 0000000000000000 (ybug_resident.inc):00357                 fcb     $00,$00,$00,$00,$00,$00,$00,$00
DD26 0000000000000100 (ybug_resident.inc):00358                 fcb     $00,$00,$00,$00,$00,$00,$01,$00
DD2E 000029400000FA00 (ybug_resident.inc):00359                 fcb     $00,$00,$29,$40,$00,$00,$FA,$00
DD36 0003FE00000FFC00 (ybug_resident.inc):00360                 fcb     $00,$03,$FE,$00,$00,$0F,$FC,$00
DD3E 003FF00000FFC000 (ybug_resident.inc):00361                 fcb     $00,$3F,$F0,$00,$00,$FF,$C0,$00
DD46 03FF000003FC0000 (ybug_resident.inc):00362                 fcb     $03,$FF,$00,$00,$03,$FC,$00,$00
DD4E 03F0000000000000 (ybug_resident.inc):00363                 fcb     $03,$F0,$00,$00,$00,$00,$00,$00
DD56 0000000000000000 (ybug_resident.inc):00364                 fcb     $00,$00,$00,$00,$00,$00,$00,$00
                      (ybug_resident.inc):00365                 ; frame 9: R6C9 / ROM code 73
DD5E 0000000000000000 (ybug_resident.inc):00366                 fcb     $00,$00,$00,$00,$00,$00,$00,$00
DD66 0000000000055000 (ybug_resident.inc):00367                 fcb     $00,$00,$00,$00,$00,$05,$50,$00
DD6E 0055550001555540 (ybug_resident.inc):00368                 fcb     $00,$55,$55,$00,$01,$55,$55,$40
DD76 017EBD4000569500 (ybug_resident.inc):00369                 fcb     $01,$7E,$BD,$40,$00,$56,$95,$00
DD7E 00028000000A8000 (ybug_resident.inc):00370                 fcb     $00,$02,$80,$00,$00,$0A,$80,$00
DD86 002A8000002A8000 (ybug_resident.inc):00371                 fcb     $00,$2A,$80,$00,$00,$2A,$80,$00
DD8E 000A000000000000 (ybug_resident.inc):00372                 fcb     $00,$0A,$00,$00,$00,$00,$00,$00
DD96 0000000000000000 (ybug_resident.inc):00373                 fcb     $00,$00,$00,$00,$00,$00,$00,$00
                      (ybug_resident.inc):00374                 ; frame 10: R5C9 / ROM code 74
DD9E 0000000000000000 (ybug_resident.inc):00375                 fcb     $00,$00,$00,$00,$00,$00,$00,$00
DDA6 0000000000005500 (ybug_resident.inc):00376                 fcb     $00,$00,$00,$00,$00,$00,$55,$00
DDAE 0001D54000015540 (ybug_resident.inc):00377                 fcb     $00,$01,$D5,$40,$00,$01,$55,$40
DDB6 00055D4000555500 (ybug_resident.inc):00378                 fcb     $00,$05,$5D,$40,$00,$55,$55,$00
DDBE 0175550001557400 (ybug_resident.inc):00379                 fcb     $01,$75,$55,$00,$01,$55,$74,$00
DDC6 0155540001D55000 (ybug_resident.inc):00380                 fcb     $01,$55,$54,$00,$01,$D5,$50,$00
DDCE 0055400000000000 (ybug_resident.inc):00381                 fcb     $00,$55,$40,$00,$00,$00,$00,$00
DDD6 0000000000000000 (ybug_resident.inc):00382                 fcb     $00,$00,$00,$00,$00,$00,$00,$00
                      (ybug_resident.inc):00383                 ; frame 11: R4C9 / ROM code 75
DDDE 0000000000000000 (ybug_resident.inc):00384                 fcb     $00,$00,$00,$00,$00,$00,$00,$00
DDE6 0000000000008000 (ybug_resident.inc):00385                 fcb     $00,$00,$00,$00,$00,$00,$80,$00
DDEE 0000800000028000 (ybug_resident.inc):00386                 fcb     $00,$00,$80,$00,$00,$02,$80,$00
DDF6 0007B000001DDC00 (ybug_resident.inc):00387                 fcb     $00,$07,$B0,$00,$00,$1D,$DC,$00
DDFE 007DF70001FDF7C0 (ybug_resident.inc):00388                 fcb     $00,$7D,$F7,$00,$01,$FD,$F7,$C0
DE06 01FDF7C0007DF700 (ybug_resident.inc):00389                 fcb     $01,$FD,$F7,$C0,$00,$7D,$F7,$00
DE0E 001DDC0000000000 (ybug_resident.inc):00390                 fcb     $00,$1D,$DC,$00,$00,$00,$00,$00
DE16 0000000000000000 (ybug_resident.inc):00391                 fcb     $00,$00,$00,$00,$00,$00,$00,$00
                      (ybug_resident.inc):00392                 ; frame 12: R3C9 / ROM code 76
DE1E 0000000000000000 (ybug_resident.inc):00393                 fcb     $00,$00,$00,$00,$00,$00,$00,$00
DE26 000000000000A800 (ybug_resident.inc):00394                 fcb     $00,$00,$00,$00,$00,$00,$A8,$00
DE2E 0003EA00000FEE80 (ybug_resident.inc):00395                 fcb     $00,$03,$EA,$00,$00,$0F,$EE,$80
DE36 0035FF800057FFC0 (ybug_resident.inc):00396                 fcb     $00,$35,$FF,$80,$00,$57,$FF,$C0
DE3E 015D5F0003557400 (ybug_resident.inc):00397                 fcb     $01,$5D,$5F,$00,$03,$55,$74,$00
DE46 03D5D00000F54000 (ybug_resident.inc):00398                 fcb     $03,$D5,$D0,$00,$00,$F5,$40,$00
DE4E 003D000000000000 (ybug_resident.inc):00399                 fcb     $00,$3D,$00,$00,$00,$00,$00,$00
DE56 0000000000000000 (ybug_resident.inc):00400                 fcb     $00,$00,$00,$00,$00,$00,$00,$00
                      (ybug_resident.inc):00401                 ; frame 13: R2C9 / ROM code 77
DE5E 0000000000000000 (ybug_resident.inc):00402                 fcb     $00,$00,$00,$00,$00,$00,$00,$00
DE66 0000000001500540 (ybug_resident.inc):00403                 fcb     $00,$00,$00,$00,$01,$50,$05,$40
DE6E 0054054000141500 (ybug_resident.inc):00404                 fcb     $00,$54,$05,$40,$00,$14,$15,$00
DE76 0004150000045400 (ybug_resident.inc):00405                 fcb     $00,$04,$15,$00,$00,$04,$54,$00
DE7E 00E1414003F81500 (ybug_resident.inc):00406                 fcb     $00,$E1,$41,$40,$03,$F8,$15,$00
DE86 03FE000003FF0000 (ybug_resident.inc):00407                 fcb     $03,$FE,$00,$00,$03,$FF,$00,$00
DE8E 03FC000000000000 (ybug_resident.inc):00408                 fcb     $03,$FC,$00,$00,$00,$00,$00,$00
DE96 0000000000000000 (ybug_resident.inc):00409                 fcb     $00,$00,$00,$00,$00,$00,$00,$00
                      (ybug_resident.inc):00410                 ; frame 14: R1C9 / ROM code 78
DE9E 0000000000000000 (ybug_resident.inc):00411                 fcb     $00,$00,$00,$00,$00,$00,$00,$00
DEA6 00000000000000C0 (ybug_resident.inc):00412                 fcb     $00,$00,$00,$00,$00,$00,$00,$C0
DEAE 00003FC0000057C0 (ybug_resident.inc):00413                 fcb     $00,$00,$3F,$C0,$00,$00,$57,$C0
DEB6 000155C000015500 (ybug_resident.inc):00414                 fcb     $00,$01,$55,$C0,$00,$01,$55,$00
DEBE 0005540000055000 (ybug_resident.inc):00415                 fcb     $00,$05,$54,$00,$00,$05,$50,$00
DEC6 0015400000550000 (ybug_resident.inc):00416                 fcb     $00,$15,$40,$00,$00,$55,$00,$00
DECE 0150000000000000 (ybug_resident.inc):00417                 fcb     $01,$50,$00,$00,$00,$00,$00,$00
DED6 0000000000000000 (ybug_resident.inc):00418                 fcb     $00,$00,$00,$00,$00,$00,$00,$00
                      (ybug_resident.inc):00419                 ; frame 15: R0C9 / ROM code 79
DEDE 0000000000000000 (ybug_resident.inc):00420                 fcb     $00,$00,$00,$00,$00,$00,$00,$00
DEE6 0000000000005140 (ybug_resident.inc):00421                 fcb     $00,$00,$00,$00,$00,$00,$51,$40
DEEE 0000040000005140 (ybug_resident.inc):00422                 fcb     $00,$00,$04,$00,$00,$00,$51,$40
DEF6 000094400002A100 (ybug_resident.inc):00423                 fcb     $00,$00,$94,$40,$00,$02,$A1,$00
DEFE 002A800003AA0000 (ybug_resident.inc):00424                 fcb     $00,$2A,$80,$00,$03,$AA,$00,$00
DF06 03EA000000F80000 (ybug_resident.inc):00425                 fcb     $03,$EA,$00,$00,$00,$F8,$00,$00
DF0E 003C000000000000 (ybug_resident.inc):00426                 fcb     $00,$3C,$00,$00,$00,$00,$00,$00
DF16 0000000000000000 (ybug_resident.inc):00427                 fcb     $00,$00,$00,$00,$00,$00,$00,$00
                      (ybug_resident.inc):00428                 ; frame 16: R7C10 / ROM code 80
DF1E 0000000000000000 (ybug_resident.inc):00429                 fcb     $00,$00,$00,$00,$00,$00,$00,$00
DF26 0000000000000040 (ybug_resident.inc):00430                 fcb     $00,$00,$00,$00,$00,$00,$00,$40
DF2E 0000150000005500 (ybug_resident.inc):00431                 fcb     $00,$00,$15,$00,$00,$00,$55,$00
DF36 0005550000155500 (ybug_resident.inc):00432                 fcb     $00,$05,$55,$00,$00,$15,$55,$00
DF3E 0055540000555000 (ybug_resident.inc):00433                 fcb     $00,$55,$54,$00,$00,$55,$50,$00
DF46 0155500001554000 (ybug_resident.inc):00434                 fcb     $01,$55,$50,$00,$01,$55,$40,$00
DF4E 0155000000000000 (ybug_resident.inc):00435                 fcb     $01,$55,$00,$00,$00,$00,$00,$00
DF56 0000000000000000 (ybug_resident.inc):00436                 fcb     $00,$00,$00,$00,$00,$00,$00,$00
                      (ybug_resident.inc):00437                 ; frame 17: R6C10 / ROM code 81
DF5E 0000000000000000 (ybug_resident.inc):00438                 fcb     $00,$00,$00,$00,$00,$00,$00,$00
DF66 0000000000005100 (ybug_resident.inc):00439                 fcb     $00,$00,$00,$00,$00,$00,$51,$00
DF6E 0001084000002800 (ybug_resident.inc):00440                 fcb     $00,$01,$08,$40,$00,$00,$28,$00
DF76 00002A000002AA00 (ybug_resident.inc):00441                 fcb     $00,$00,$2A,$00,$00,$02,$AA,$00
DF7E 008AAA8000AAA800 (ybug_resident.inc):00442                 fcb     $00,$8A,$AA,$80,$00,$AA,$A8,$00
DF86 02A8280000A82000 (ybug_resident.inc):00443                 fcb     $02,$A8,$28,$00,$00,$A8,$20,$00
DF8E 0080000000000000 (ybug_resident.inc):00444                 fcb     $00,$80,$00,$00,$00,$00,$00,$00
DF96 0000000000000000 (ybug_resident.inc):00445                 fcb     $00,$00,$00,$00,$00,$00,$00,$00
                      (adybug/src/main.s):03235         
DF9E                  (adybug/src/main.s):03236         resident_end
                      (adybug/src/main.s):03237         
                      (adybug/src/main.s):03238         ; Immutable cartridge data occupies the upper ROM region.  Keep executable
                      (adybug/src/main.s):03239         ; code and hot constants below $E000; scripts/build.sh enforces both limits.
DF9E FFFFFFFFFFFFFFFF (adybug/src/main.s):03240                 align   $2000,$FF
     FFFFFFFFFFFFFFFF
     FFFFFFFFFFFFFFFF
     FFFFFFFFFFFFFFFF
     FFFFFFFFFFFFFFFF
     FFFFFFFFFFFFFFFF
     FFFFFFFFFFFFFFFF
     FFFFFFFFFFFFFFFF
     FFFFFFFFFFFFFFFF
     FFFFFFFFFFFFFFFF
     FFFFFFFFFFFFFFFF
     FFFFFFFFFFFFFFFF
     FFFF
E000                  (adybug/src/main.s):03241         asset_start
                      (adybug/src/main.s):03242         
                      (adybug/src/main.s):03243         ;-- Build-generated palette, screen map, and packed tile atlas. --------------
                      (adybug/src/main.s):03244         ;   scripts/build.sh compiles tiled/coco-screen.tmx with arcade character data
                      (adybug/src/main.s):03245         ;   before invoking lwasm.
                      (adybug/src/main.s):03246                 include "ladybug_screen.inc"
                      (adybug_screen.inc):00001         ; Generated by scripts/build_screen.py. Do not edit.
     0028             (adybug_screen.inc):00002         SCREEN_WIDTH       equ     40
     0018             (adybug_screen.inc):00003         SCREEN_HEIGHT      equ     24
     005C             (adybug_screen.inc):00004         SCREEN_TILE_COUNT  equ     92
     0005             (adybug_screen.inc):00005         MAZE_CLEAN_TILE    equ     5
     0018             (adybug_screen.inc):00006         MAZE_DOT_TILE      equ     24
     000A             (adybug_screen.inc):00007         HUD_DIGIT_COUNT    equ     10
     0020             (adybug_screen.inc):00008         HUD_DIGIT_SIZE     equ     32
     000C             (adybug_screen.inc):00009         OBJECT_MASK_COUNT equ     12
     0040             (adybug_screen.inc):00010         OBJECT_MASK_SIZE  equ     64
     0020             (adybug_screen.inc):00011         PICKUP_MULTIPLIER_SIZE equ 32
                      (adybug_screen.inc):00012         
E000                  (adybug_screen.inc):00013         palette_table
E000 002636193D173F38 (adybug_screen.inc):00014                 fcb     $00,$26,$36,$19,$3D,$17,$3F,$38,$3A,$39,$12,$3B,$24,$34,$00,$00
     3A39123B24340000
                      (adybug_screen.inc):00015         
E010                  (adybug_screen.inc):00016         screen_map
E010 0001010101010101 (adybug_screen.inc):00017                 fcb     $00,$01,$01,$01,$01,$01,$01,$01,$02,$03,$03,$03,$03,$03,$03,$03,$03,$03,$03,$03,$03,$03,$03,$03,$03,$03,$03,$03,$03,$03,$03,$04,$05,$05,$05,$05,$05,$05,$05,$05
     0203030303030303
     0303030303030303
     0303030303030304
     0505050505050505
E038 060708090A0B0C0D (adybug_screen.inc):00018                 fcb     $06,$07,$08,$09,$0A,$0B,$0C,$0D,$0E,$0F,$10,$10,$10,$10,$10,$10,$10,$10,$10,$10,$10,$10,$10,$10,$10,$10,$10,$10,$10,$10,$10,$11,$05,$12,$13,$14,$05,$05,$05,$05
     0E0F101010101010
     1010101010101010
     1010101010101011
     0512131405050505
E060 1516161616161616 (adybug_screen.inc):00019                 fcb     $15,$16,$16,$16,$16,$16,$16,$16,$0E,$17,$18,$05,$18,$19,$18,$05,$18,$05,$18,$05,$18,$05,$18,$05,$18,$05,$18,$19,$18,$05,$18,$11,$05,$1A,$1A,$1A,$1A,$1A,$1A,$05
     0E17180518191805
     1805180518051805
     1805181918051811
     051A1A1A1A1A1A05
E088 1B1C1C1C1C1C1C1C (adybug_screen.inc):00020                 fcb     $1B,$1C,$1C,$1C,$1C,$1C,$1C,$1C,$0E,$17,$05,$1D,$1E,$1F,$20,$17,$05,$21,$10,$17,$05,$0F,$10,$22,$05,$1D,$1E,$1F,$20,$17,$05,$11,$05,$05,$05,$05,$05,$05,$05,$05
     0E17051D1E1F2017
     05211017050F1022
     051D1E1F20170511
     0505050505050505
E0B0 23092425260C0505 (adybug_screen.inc):00021                 fcb     $23,$09,$24,$25,$26,$0C,$05,$05,$0E,$17,$18,$17,$18,$05,$18,$17,$18,$27,$18,$17,$18,$17,$18,$27,$18,$17,$18,$05,$18,$17,$18,$11,$05,$28,$29,$2A,$05,$05,$05,$05
     0E17181718051817
     1827181718171827
     1817180518171811
     0528292A05050505
E0D8 2B2C2C2C2C2C2C2C (adybug_screen.inc):00022                 fcb     $2B,$2C,$2C,$2C,$2C,$2C,$2C,$2C,$0E,$17,$05,$21,$10,$2D,$05,$2D,$2E,$2F,$05,$2D,$05,$2D,$2E,$2F,$05,$2D,$05,$10,$10,$22,$05,$11,$05,$29,$29,$29,$29,$29,$29,$05
     0E170521102D052D
     2E2F052D052D2E2F
     052D051010220511
     0529292929292905
E100 3031313131313131 (adybug_screen.inc):00023                 fcb     $30,$31,$31,$31,$31,$31,$31,$31,$0E,$17,$18,$27,$18,$05,$18,$19,$18,$32,$18,$05,$18,$05,$18,$32,$18,$19,$18,$05,$18,$27,$18,$11,$05,$05,$05,$05,$05,$05,$05,$05
     0E17182718051819
     1832180518051832
     1819180518271811
     0505050505050505
E128 3334353436343705 (adybug_screen.inc):00024                 fcb     $33,$34,$35,$34,$36,$34,$37,$05,$0E,$17,$2E,$2F,$05,$1D,$1E,$1F,$20,$10,$10,$17,$05,$0F,$10,$38,$1E,$1F,$20,$17,$2E,$2F,$05,$11,$05,$39,$3A,$3B,$3C,$3D,$3E,$05
     0E172E2F051D1E1F
     20101017050F1038
     1E1F20172E2F0511
     05393A3B3C3D3E05
E150 3F40404040404040 (adybug_screen.inc):00025                 fcb     $3F,$40,$40,$40,$40,$40,$40,$40,$0E,$17,$18,$32,$18,$17,$18,$05,$18,$19,$18,$17,$18,$17,$18,$19,$18,$05,$18,$17,$18,$32,$18,$11,$05,$41,$05,$05,$05,$05,$05,$05
     0E17183218171805
     1819181718171819
     1805181718321811
     0541050505050505
E178 0505050505050505 (adybug_screen.inc):00026                 fcb     $05,$05,$05,$05,$05,$05,$05,$05,$0E,$17,$05,$10,$10,$2D,$05,$1D,$1E,$1F,$20,$2D,$05,$38,$1E,$1F,$20,$17,$05,$10,$10,$2D,$05,$11,$05,$05,$05,$05,$05,$05,$05,$05
     0E170510102D051D
     1E1F202D05381E1F
     20170510102D0511
     0505050505050505
E1A0 0505050505050505 (adybug_screen.inc):00027                 fcb     $05,$05,$05,$05,$05,$05,$05,$05,$0E,$17,$18,$05,$18,$05,$18,$17,$18,$05,$18,$05,$18,$05,$18,$05,$18,$17,$18,$05,$18,$05,$18,$11,$05,$42,$43,$44,$45,$05,$46,$05
     0E17180518051817
     1805180518051805
     1817180518051811
     0542434445054605
E1C8 0505050505050505 (adybug_screen.inc):00028                 fcb     $05,$05,$05,$05,$05,$05,$05,$05,$0E,$17,$05,$10,$10,$17,$05,$22,$05,$17,$05,$17,$05,$17,$05,$17,$05,$22,$05,$0F,$10,$2D,$05,$11,$05,$05,$05,$05,$05,$05,$05,$05
     0E17051010170522
     0517051705170517
     0522050F102D0511
     0505050505050505
E1F0 0505050505050505 (adybug_screen.inc):00029                 fcb     $05,$05,$05,$05,$05,$05,$05,$05,$0E,$17,$18,$05,$18,$17,$18,$27,$18,$17,$18,$17,$05,$17,$18,$17,$18,$27,$18,$17,$18,$05,$18,$11,$05,$05,$47,$48,$48,$48,$48,$05
     0E17180518171827
     1817181705171817
     1827181718051811
     0505474848484805
E218 0505050505050505 (adybug_screen.inc):00030                 fcb     $05,$05,$05,$05,$05,$05,$05,$05,$0E,$17,$05,$17,$05,$22,$2E,$2F,$05,$22,$05,$10,$10,$2D,$05,$22,$2E,$2F,$05,$22,$05,$17,$05,$11,$05,$05,$05,$05,$05,$05,$05,$05
     0E17051705222E2F
     05220510102D0522
     2E2F052205170511
     0505050505050505
E240 0505050505050505 (adybug_screen.inc):00031                 fcb     $05,$05,$05,$05,$05,$05,$05,$05,$0E,$17,$18,$17,$18,$27,$18,$32,$18,$27,$18,$05,$18,$05,$18,$27,$18,$32,$18,$27,$18,$17,$18,$11,$05,$05,$05,$05,$05,$05,$05,$05
     0E17181718271832
     1827180518051827
     1832182718171811
     0505050505050505
E268 0505050505050505 (adybug_screen.inc):00032                 fcb     $05,$05,$05,$05,$05,$05,$05,$05,$0E,$17,$05,$17,$2E,$2F,$05,$17,$2E,$2F,$05,$17,$05,$17,$2E,$2F,$05,$17,$2E,$2F,$05,$17,$05,$11,$05,$05,$05,$05,$05,$05,$05,$05
     0E1705172E2F0517
     2E2F051705172E2F
     05172E2F05170511
     0505050505050505
E290 0505050505050505 (adybug_screen.inc):00033                 fcb     $05,$05,$05,$05,$05,$05,$05,$05,$0E,$17,$18,$17,$18,$32,$18,$17,$18,$32,$18,$17,$18,$17,$18,$32,$18,$17,$18,$32,$18,$17,$18,$11,$05,$05,$05,$05,$05,$05,$05,$05
     0E17181718321817
     1832181718171832
     1817183218171811
     0505050505050505
E2B8 0505050505050505 (adybug_screen.inc):00034                 fcb     $05,$05,$05,$05,$05,$05,$05,$05,$0E,$17,$05,$10,$10,$10,$10,$2D,$05,$10,$10,$2D,$05,$10,$10,$2D,$05,$2D,$05,$10,$10,$2D,$05,$11,$05,$05,$05,$05,$05,$05,$05,$05
     0E1705101010102D
     0510102D0510102D
     052D0510102D0511
     0505050505050505
E2E0 0505050505050505 (adybug_screen.inc):00035                 fcb     $05,$05,$05,$05,$05,$05,$05,$05,$0E,$17,$18,$05,$18,$05,$18,$05,$18,$19,$18,$05,$05,$05,$18,$19,$18,$05,$18,$05,$18,$05,$18,$11,$05,$05,$05,$05,$05,$05,$05,$05
     0E17180518051805
     1819180505051819
     1805180518051811
     0505050505050505
E308 0505050505050505 (adybug_screen.inc):00036                 fcb     $05,$05,$05,$05,$05,$05,$05,$05,$0E,$17,$05,$0F,$10,$10,$10,$38,$1E,$1F,$20,$17,$05,$1D,$1E,$1F,$20,$10,$10,$10,$10,$17,$05,$11,$05,$05,$05,$05,$05,$05,$05,$05
     0E17050F10101038
     1E1F2017051D1E1F
     2010101010170511
     0505050505050505
E330 0505050505050505 (adybug_screen.inc):00037                 fcb     $05,$05,$05,$05,$05,$05,$05,$05,$0E,$17,$18,$17,$18,$19,$18,$05,$18,$05,$18,$17,$05,$17,$18,$05,$18,$05,$18,$19,$18,$17,$18,$11,$05,$05,$05,$05,$05,$05,$05,$05
     0E17181718191805
     1805181705171805
     1805181918171811
     0505050505050505
E358 0505050505050505 (adybug_screen.inc):00038                 fcb     $05,$05,$05,$05,$05,$05,$05,$05,$0E,$17,$05,$38,$1E,$1F,$20,$10,$10,$2D,$05,$2D,$05,$2D,$05,$10,$10,$38,$1E,$1F,$20,$2D,$05,$11,$05,$49,$4A,$49,$4A,$49,$4A,$05
     0E1705381E1F2010
     102D052D052D0510
     10381E1F202D0511
     05494A494A494A05
E380 0505050505050505 (adybug_screen.inc):00039                 fcb     $05,$05,$05,$05,$05,$05,$05,$05,$0E,$17,$18,$05,$18,$05,$18,$05,$18,$05,$18,$05,$05,$05,$18,$05,$18,$05,$18,$05,$18,$05,$18,$11,$05,$4B,$4C,$4B,$4C,$4B,$4C,$05
     0E17180518051805
     1805180505051805
     1805180518051811
     054B4C4B4C4B4C05
E3A8 0505050505050505 (adybug_screen.inc):00040                 fcb     $05,$05,$05,$05,$05,$05,$05,$05,$4D,$4E,$4E,$4E,$4E,$4E,$4E,$4E,$4E,$4E,$4E,$4E,$4E,$4E,$4E,$4E,$4E,$4E,$4E,$4E,$4E,$4E,$4E,$4F,$05,$05,$05,$05,$05,$05,$05,$05
     4D4E4E4E4E4E4E4E
     4E4E4E4E4E4E4E4E
     4E4E4E4E4E4E4E4F
     0505050505050505
                      (adybug_screen.inc):00041         
E3D0                  (adybug_screen.inc):00042         screen_tiles
                      (adybug_screen.inc):00043         ; tile 0
E3D0 00000000         (adybug_screen.inc):00044                 fcb     $00,$00,$00,$00
E3D4 01111111         (adybug_screen.inc):00045                 fcb     $01,$11,$11,$11
E3D8 01111111         (adybug_screen.inc):00046                 fcb     $01,$11,$11,$11
E3DC 01111111         (adybug_screen.inc):00047                 fcb     $01,$11,$11,$11
E3E0 01111111         (adybug_screen.inc):00048                 fcb     $01,$11,$11,$11
E3E4 01111111         (adybug_screen.inc):00049                 fcb     $01,$11,$11,$11
E3E8 01111111         (adybug_screen.inc):00050                 fcb     $01,$11,$11,$11
E3EC 01111111         (adybug_screen.inc):00051                 fcb     $01,$11,$11,$11
                      (adybug_screen.inc):00052         ; tile 1
E3F0 00000000         (adybug_screen.inc):00053                 fcb     $00,$00,$00,$00
E3F4 11111111         (adybug_screen.inc):00054                 fcb     $11,$11,$11,$11
E3F8 11111111         (adybug_screen.inc):00055                 fcb     $11,$11,$11,$11
E3FC 11111111         (adybug_screen.inc):00056                 fcb     $11,$11,$11,$11
E400 11111111         (adybug_screen.inc):00057                 fcb     $11,$11,$11,$11
E404 11111111         (adybug_screen.inc):00058                 fcb     $11,$11,$11,$11
E408 11111111         (adybug_screen.inc):00059                 fcb     $11,$11,$11,$11
E40C 11111111         (adybug_screen.inc):00060                 fcb     $11,$11,$11,$11
                      (adybug_screen.inc):00061         ; tile 2
E410 00000000         (adybug_screen.inc):00062                 fcb     $00,$00,$00,$00
E414 00000000         (adybug_screen.inc):00063                 fcb     $00,$00,$00,$00
E418 00000000         (adybug_screen.inc):00064                 fcb     $00,$00,$00,$00
E41C 00066666         (adybug_screen.inc):00065                 fcb     $00,$06,$66,$66
E420 00066666         (adybug_screen.inc):00066                 fcb     $00,$06,$66,$66
E424 00066666         (adybug_screen.inc):00067                 fcb     $00,$06,$66,$66
E428 00066666         (adybug_screen.inc):00068                 fcb     $00,$06,$66,$66
E42C 00066660         (adybug_screen.inc):00069                 fcb     $00,$06,$66,$60
                      (adybug_screen.inc):00070         ; tile 3
E430 00000000         (adybug_screen.inc):00071                 fcb     $00,$00,$00,$00
E434 00000000         (adybug_screen.inc):00072                 fcb     $00,$00,$00,$00
E438 00000000         (adybug_screen.inc):00073                 fcb     $00,$00,$00,$00
E43C 06666666         (adybug_screen.inc):00074                 fcb     $06,$66,$66,$66
E440 06666666         (adybug_screen.inc):00075                 fcb     $06,$66,$66,$66
E444 06666666         (adybug_screen.inc):00076                 fcb     $06,$66,$66,$66
E448 06666666         (adybug_screen.inc):00077                 fcb     $06,$66,$66,$66
E44C 00000000         (adybug_screen.inc):00078                 fcb     $00,$00,$00,$00
                      (adybug_screen.inc):00079         ; tile 4
E450 00000000         (adybug_screen.inc):00080                 fcb     $00,$00,$00,$00
E454 00000000         (adybug_screen.inc):00081                 fcb     $00,$00,$00,$00
E458 00000000         (adybug_screen.inc):00082                 fcb     $00,$00,$00,$00
E45C 06666660         (adybug_screen.inc):00083                 fcb     $06,$66,$66,$60
E460 06666660         (adybug_screen.inc):00084                 fcb     $06,$66,$66,$60
E464 06666660         (adybug_screen.inc):00085                 fcb     $06,$66,$66,$60
E468 06666660         (adybug_screen.inc):00086                 fcb     $06,$66,$66,$60
E46C 00066660         (adybug_screen.inc):00087                 fcb     $00,$06,$66,$60
                      (adybug_screen.inc):00088         ; tile 5
E470 00000000         (adybug_screen.inc):00089                 fcb     $00,$00,$00,$00
E474 00000000         (adybug_screen.inc):00090                 fcb     $00,$00,$00,$00
E478 00000000         (adybug_screen.inc):00091                 fcb     $00,$00,$00,$00
E47C 00000000         (adybug_screen.inc):00092                 fcb     $00,$00,$00,$00
E480 00000000         (adybug_screen.inc):00093                 fcb     $00,$00,$00,$00
E484 00000000         (adybug_screen.inc):00094                 fcb     $00,$00,$00,$00
E488 00000000         (adybug_screen.inc):00095                 fcb     $00,$00,$00,$00
E48C 00000000         (adybug_screen.inc):00096                 fcb     $00,$00,$00,$00
                      (adybug_screen.inc):00097         ; tile 6
E490 01111111         (adybug_screen.inc):00098                 fcb     $01,$11,$11,$11
E494 01111111         (adybug_screen.inc):00099                 fcb     $01,$11,$11,$11
E498 01111111         (adybug_screen.inc):00100                 fcb     $01,$11,$11,$11
E49C 01111111         (adybug_screen.inc):00101                 fcb     $01,$11,$11,$11
E4A0 01111111         (adybug_screen.inc):00102                 fcb     $01,$11,$11,$11
E4A4 01111111         (adybug_screen.inc):00103                 fcb     $01,$11,$11,$11
E4A8 01111111         (adybug_screen.inc):00104                 fcb     $01,$11,$11,$11
E4AC 01111111         (adybug_screen.inc):00105                 fcb     $01,$11,$11,$11
                      (adybug_screen.inc):00106         ; tile 7
E4B0 00000000         (adybug_screen.inc):00107                 fcb     $00,$00,$00,$00
E4B4 00777770         (adybug_screen.inc):00108                 fcb     $00,$77,$77,$70
E4B8 07700077         (adybug_screen.inc):00109                 fcb     $07,$70,$00,$77
E4BC 00777000         (adybug_screen.inc):00110                 fcb     $00,$77,$70,$00
E4C0 00007770         (adybug_screen.inc):00111                 fcb     $00,$00,$77,$70
E4C4 07700077         (adybug_screen.inc):00112                 fcb     $07,$70,$00,$77
E4C8 00777770         (adybug_screen.inc):00113                 fcb     $00,$77,$77,$70
E4CC 00000000         (adybug_screen.inc):00114                 fcb     $00,$00,$00,$00
                      (adybug_screen.inc):00115         ; tile 8
E4D0 00000000         (adybug_screen.inc):00116                 fcb     $00,$00,$00,$00
E4D4 07777770         (adybug_screen.inc):00117                 fcb     $07,$77,$77,$70
E4D8 07000077         (adybug_screen.inc):00118                 fcb     $07,$00,$00,$77
E4DC 07000077         (adybug_screen.inc):00119                 fcb     $07,$00,$00,$77
E4E0 07777770         (adybug_screen.inc):00120                 fcb     $07,$77,$77,$70
E4E4 07000000         (adybug_screen.inc):00121                 fcb     $07,$00,$00,$00
E4E8 07000000         (adybug_screen.inc):00122                 fcb     $07,$00,$00,$00
E4EC 00000000         (adybug_screen.inc):00123                 fcb     $00,$00,$00,$00
                      (adybug_screen.inc):00124         ; tile 9
E4F0 00000000         (adybug_screen.inc):00125                 fcb     $00,$00,$00,$00
E4F4 07777777         (adybug_screen.inc):00126                 fcb     $07,$77,$77,$77
E4F8 07000000         (adybug_screen.inc):00127                 fcb     $07,$00,$00,$00
E4FC 07777700         (adybug_screen.inc):00128                 fcb     $07,$77,$77,$00
E500 07000000         (adybug_screen.inc):00129                 fcb     $07,$00,$00,$00
E504 07000000         (adybug_screen.inc):00130                 fcb     $07,$00,$00,$00
E508 07777777         (adybug_screen.inc):00131                 fcb     $07,$77,$77,$77
E50C 00000000         (adybug_screen.inc):00132                 fcb     $00,$00,$00,$00
                      (adybug_screen.inc):00133         ; tile 10
E510 00000000         (adybug_screen.inc):00134                 fcb     $00,$00,$00,$00
E514 00777770         (adybug_screen.inc):00135                 fcb     $00,$77,$77,$70
E518 07700077         (adybug_screen.inc):00136                 fcb     $07,$70,$00,$77
E51C 07000000         (adybug_screen.inc):00137                 fcb     $07,$00,$00,$00
E520 07000000         (adybug_screen.inc):00138                 fcb     $07,$00,$00,$00
E524 07700077         (adybug_screen.inc):00139                 fcb     $07,$70,$00,$77
E528 00777770         (adybug_screen.inc):00140                 fcb     $00,$77,$77,$70
E52C 00000000         (adybug_screen.inc):00141                 fcb     $00,$00,$00,$00
                      (adybug_screen.inc):00142         ; tile 11
E530 00000000         (adybug_screen.inc):00143                 fcb     $00,$00,$00,$00
E534 00077700         (adybug_screen.inc):00144                 fcb     $00,$07,$77,$00
E538 00007000         (adybug_screen.inc):00145                 fcb     $00,$00,$70,$00
E53C 00007000         (adybug_screen.inc):00146                 fcb     $00,$00,$70,$00
E540 00007000         (adybug_screen.inc):00147                 fcb     $00,$00,$70,$00
E544 00007000         (adybug_screen.inc):00148                 fcb     $00,$00,$70,$00
E548 00077700         (adybug_screen.inc):00149                 fcb     $00,$07,$77,$00
E54C 00000000         (adybug_screen.inc):00150                 fcb     $00,$00,$00,$00
                      (adybug_screen.inc):00151         ; tile 12
E550 00000000         (adybug_screen.inc):00152                 fcb     $00,$00,$00,$00
E554 00077700         (adybug_screen.inc):00153                 fcb     $00,$07,$77,$00
E558 00770770         (adybug_screen.inc):00154                 fcb     $00,$77,$07,$70
E55C 07700077         (adybug_screen.inc):00155                 fcb     $07,$70,$00,$77
E560 07000007         (adybug_screen.inc):00156                 fcb     $07,$00,$00,$07
E564 07777777         (adybug_screen.inc):00157                 fcb     $07,$77,$77,$77
E568 07000007         (adybug_screen.inc):00158                 fcb     $07,$00,$00,$07
E56C 00000000         (adybug_screen.inc):00159                 fcb     $00,$00,$00,$00
                      (adybug_screen.inc):00160         ; tile 13
E570 00000000         (adybug_screen.inc):00161                 fcb     $00,$00,$00,$00
E574 07000000         (adybug_screen.inc):00162                 fcb     $07,$00,$00,$00
E578 07000000         (adybug_screen.inc):00163                 fcb     $07,$00,$00,$00
E57C 07000000         (adybug_screen.inc):00164                 fcb     $07,$00,$00,$00
E580 07000000         (adybug_screen.inc):00165                 fcb     $07,$00,$00,$00
E584 07000000         (adybug_screen.inc):00166                 fcb     $07,$00,$00,$00
E588 07777777         (adybug_screen.inc):00167                 fcb     $07,$77,$77,$77
E58C 00000000         (adybug_screen.inc):00168                 fcb     $00,$00,$00,$00
                      (adybug_screen.inc):00169         ; tile 14
E590 00000000         (adybug_screen.inc):00170                 fcb     $00,$00,$00,$00
E594 00066660         (adybug_screen.inc):00171                 fcb     $00,$06,$66,$60
E598 00066660         (adybug_screen.inc):00172                 fcb     $00,$06,$66,$60
E59C 00066660         (adybug_screen.inc):00173                 fcb     $00,$06,$66,$60
E5A0 00066660         (adybug_screen.inc):00174                 fcb     $00,$06,$66,$60
E5A4 00066660         (adybug_screen.inc):00175                 fcb     $00,$06,$66,$60
E5A8 00066660         (adybug_screen.inc):00176                 fcb     $00,$06,$66,$60
E5AC 00066660         (adybug_screen.inc):00177                 fcb     $00,$06,$66,$60
                      (adybug_screen.inc):00178         ; tile 15
E5B0 44444444         (adybug_screen.inc):00179                 fcb     $44,$44,$44,$44
E5B4 44444444         (adybug_screen.inc):00180                 fcb     $44,$44,$44,$44
E5B8 44000000         (adybug_screen.inc):00181                 fcb     $44,$00,$00,$00
E5BC 44000000         (adybug_screen.inc):00182                 fcb     $44,$00,$00,$00
E5C0 44000000         (adybug_screen.inc):00183                 fcb     $44,$00,$00,$00
E5C4 44000000         (adybug_screen.inc):00184                 fcb     $44,$00,$00,$00
E5C8 44000000         (adybug_screen.inc):00185                 fcb     $44,$00,$00,$00
E5CC 44000000         (adybug_screen.inc):00186                 fcb     $44,$00,$00,$00
                      (adybug_screen.inc):00187         ; tile 16
E5D0 44444444         (adybug_screen.inc):00188                 fcb     $44,$44,$44,$44
E5D4 44444444         (adybug_screen.inc):00189                 fcb     $44,$44,$44,$44
E5D8 00000000         (adybug_screen.inc):00190                 fcb     $00,$00,$00,$00
E5DC 00000000         (adybug_screen.inc):00191                 fcb     $00,$00,$00,$00
E5E0 00000000         (adybug_screen.inc):00192                 fcb     $00,$00,$00,$00
E5E4 00000000         (adybug_screen.inc):00193                 fcb     $00,$00,$00,$00
E5E8 00000000         (adybug_screen.inc):00194                 fcb     $00,$00,$00,$00
E5EC 00000000         (adybug_screen.inc):00195                 fcb     $00,$00,$00,$00
                      (adybug_screen.inc):00196         ; tile 17
E5F0 44000000         (adybug_screen.inc):00197                 fcb     $44,$00,$00,$00
E5F4 44066660         (adybug_screen.inc):00198                 fcb     $44,$06,$66,$60
E5F8 44066660         (adybug_screen.inc):00199                 fcb     $44,$06,$66,$60
E5FC 44066660         (adybug_screen.inc):00200                 fcb     $44,$06,$66,$60
E600 44066660         (adybug_screen.inc):00201                 fcb     $44,$06,$66,$60
E604 44066660         (adybug_screen.inc):00202                 fcb     $44,$06,$66,$60
E608 44066660         (adybug_screen.inc):00203                 fcb     $44,$06,$66,$60
E60C 44066660         (adybug_screen.inc):00204                 fcb     $44,$06,$66,$60
                      (adybug_screen.inc):00205         ; tile 18
E610 00000000         (adybug_screen.inc):00206                 fcb     $00,$00,$00,$00
E614 00008000         (adybug_screen.inc):00207                 fcb     $00,$00,$80,$00
E618 00088000         (adybug_screen.inc):00208                 fcb     $00,$08,$80,$00
E61C 00008000         (adybug_screen.inc):00209                 fcb     $00,$00,$80,$00
E620 00008000         (adybug_screen.inc):00210                 fcb     $00,$00,$80,$00
E624 00008000         (adybug_screen.inc):00211                 fcb     $00,$00,$80,$00
E628 00088800         (adybug_screen.inc):00212                 fcb     $00,$08,$88,$00
E62C 00000000         (adybug_screen.inc):00213                 fcb     $00,$00,$00,$00
                      (adybug_screen.inc):00214         ; tile 19
E630 00000000         (adybug_screen.inc):00215                 fcb     $00,$00,$00,$00
E634 00888880         (adybug_screen.inc):00216                 fcb     $00,$88,$88,$80
E638 08800088         (adybug_screen.inc):00217                 fcb     $08,$80,$00,$88
E63C 00888000         (adybug_screen.inc):00218                 fcb     $00,$88,$80,$00
E640 00008880         (adybug_screen.inc):00219                 fcb     $00,$00,$88,$80
E644 08800088         (adybug_screen.inc):00220                 fcb     $08,$80,$00,$88
E648 00888880         (adybug_screen.inc):00221                 fcb     $00,$88,$88,$80
E64C 00000000         (adybug_screen.inc):00222                 fcb     $00,$00,$00,$00
                      (adybug_screen.inc):00223         ; tile 20
E650 00000000         (adybug_screen.inc):00224                 fcb     $00,$00,$00,$00
E654 08888888         (adybug_screen.inc):00225                 fcb     $08,$88,$88,$88
E658 00008000         (adybug_screen.inc):00226                 fcb     $00,$00,$80,$00
E65C 00008000         (adybug_screen.inc):00227                 fcb     $00,$00,$80,$00
E660 00008000         (adybug_screen.inc):00228                 fcb     $00,$00,$80,$00
E664 00008000         (adybug_screen.inc):00229                 fcb     $00,$00,$80,$00
E668 00008000         (adybug_screen.inc):00230                 fcb     $00,$00,$80,$00
E66C 00000000         (adybug_screen.inc):00231                 fcb     $00,$00,$00,$00
                      (adybug_screen.inc):00232         ; tile 21
E670 01111111         (adybug_screen.inc):00233                 fcb     $01,$11,$11,$11
E674 01111111         (adybug_screen.inc):00234                 fcb     $01,$11,$11,$11
E678 01111111         (adybug_screen.inc):00235                 fcb     $01,$11,$11,$11
E67C 01111111         (adybug_screen.inc):00236                 fcb     $01,$11,$11,$11
E680 01111111         (adybug_screen.inc):00237                 fcb     $01,$11,$11,$11
E684 01111111         (adybug_screen.inc):00238                 fcb     $01,$11,$11,$11
E688 01111111         (adybug_screen.inc):00239                 fcb     $01,$11,$11,$11
E68C 00000000         (adybug_screen.inc):00240                 fcb     $00,$00,$00,$00
                      (adybug_screen.inc):00241         ; tile 22
E690 11111111         (adybug_screen.inc):00242                 fcb     $11,$11,$11,$11
E694 11111111         (adybug_screen.inc):00243                 fcb     $11,$11,$11,$11
E698 11111111         (adybug_screen.inc):00244                 fcb     $11,$11,$11,$11
E69C 11111111         (adybug_screen.inc):00245                 fcb     $11,$11,$11,$11
E6A0 11111111         (adybug_screen.inc):00246                 fcb     $11,$11,$11,$11
E6A4 11111111         (adybug_screen.inc):00247                 fcb     $11,$11,$11,$11
E6A8 11111111         (adybug_screen.inc):00248                 fcb     $11,$11,$11,$11
E6AC 00000000         (adybug_screen.inc):00249                 fcb     $00,$00,$00,$00
                      (adybug_screen.inc):00250         ; tile 23
E6B0 44000000         (adybug_screen.inc):00251                 fcb     $44,$00,$00,$00
E6B4 44000000         (adybug_screen.inc):00252                 fcb     $44,$00,$00,$00
E6B8 44000000         (adybug_screen.inc):00253                 fcb     $44,$00,$00,$00
E6BC 44000000         (adybug_screen.inc):00254                 fcb     $44,$00,$00,$00
E6C0 44000000         (adybug_screen.inc):00255                 fcb     $44,$00,$00,$00
E6C4 44000000         (adybug_screen.inc):00256                 fcb     $44,$00,$00,$00
E6C8 44000000         (adybug_screen.inc):00257                 fcb     $44,$00,$00,$00
E6CC 44000000         (adybug_screen.inc):00258                 fcb     $44,$00,$00,$00
                      (adybug_screen.inc):00259         ; tile 24
E6D0 B0B00000         (adybug_screen.inc):00260                 fcb     $B0,$B0,$00,$00
E6D4 06000000         (adybug_screen.inc):00261                 fcb     $06,$00,$00,$00
E6D8 B0B00000         (adybug_screen.inc):00262                 fcb     $B0,$B0,$00,$00
E6DC 00000000         (adybug_screen.inc):00263                 fcb     $00,$00,$00,$00
E6E0 00000000         (adybug_screen.inc):00264                 fcb     $00,$00,$00,$00
E6E4 00000000         (adybug_screen.inc):00265                 fcb     $00,$00,$00,$00
E6E8 00000000         (adybug_screen.inc):00266                 fcb     $00,$00,$00,$00
E6EC 00000000         (adybug_screen.inc):00267                 fcb     $00,$00,$00,$00
                      (adybug_screen.inc):00268         ; tile 25
E6F0 00000000         (adybug_screen.inc):00269                 fcb     $00,$00,$00,$00
E6F4 00000000         (adybug_screen.inc):00270                 fcb     $00,$00,$00,$00
E6F8 00000000         (adybug_screen.inc):00271                 fcb     $00,$00,$00,$00
E6FC 00000000         (adybug_screen.inc):00272                 fcb     $00,$00,$00,$00
E700 00000000         (adybug_screen.inc):00273                 fcb     $00,$00,$00,$00
E704 00000000         (adybug_screen.inc):00274                 fcb     $00,$00,$00,$00
E708 00000000         (adybug_screen.inc):00275                 fcb     $00,$00,$00,$00
E70C 99000000         (adybug_screen.inc):00276                 fcb     $99,$00,$00,$00
                      (adybug_screen.inc):00277         ; tile 26
E710 00000000         (adybug_screen.inc):00278                 fcb     $00,$00,$00,$00
E714 00888880         (adybug_screen.inc):00279                 fcb     $00,$88,$88,$80
E718 08800088         (adybug_screen.inc):00280                 fcb     $08,$80,$00,$88
E71C 08000008         (adybug_screen.inc):00281                 fcb     $08,$00,$00,$08
E720 08000008         (adybug_screen.inc):00282                 fcb     $08,$00,$00,$08
E724 08800088         (adybug_screen.inc):00283                 fcb     $08,$80,$00,$88
E728 00888880         (adybug_screen.inc):00284                 fcb     $00,$88,$88,$80
E72C 00000000         (adybug_screen.inc):00285                 fcb     $00,$00,$00,$00
                      (adybug_screen.inc):00286         ; tile 27
E730 00000000         (adybug_screen.inc):00287                 fcb     $00,$00,$00,$00
E734 02222222         (adybug_screen.inc):00288                 fcb     $02,$22,$22,$22
E738 02222222         (adybug_screen.inc):00289                 fcb     $02,$22,$22,$22
E73C 02222222         (adybug_screen.inc):00290                 fcb     $02,$22,$22,$22
E740 02222222         (adybug_screen.inc):00291                 fcb     $02,$22,$22,$22
E744 02222222         (adybug_screen.inc):00292                 fcb     $02,$22,$22,$22
E748 02222222         (adybug_screen.inc):00293                 fcb     $02,$22,$22,$22
E74C 02222222         (adybug_screen.inc):00294                 fcb     $02,$22,$22,$22
                      (adybug_screen.inc):00295         ; tile 28
E750 00000000         (adybug_screen.inc):00296                 fcb     $00,$00,$00,$00
E754 22222222         (adybug_screen.inc):00297                 fcb     $22,$22,$22,$22
E758 22222222         (adybug_screen.inc):00298                 fcb     $22,$22,$22,$22
E75C 22222222         (adybug_screen.inc):00299                 fcb     $22,$22,$22,$22
E760 22222222         (adybug_screen.inc):00300                 fcb     $22,$22,$22,$22
E764 22222222         (adybug_screen.inc):00301                 fcb     $22,$22,$22,$22
E768 22222222         (adybug_screen.inc):00302                 fcb     $22,$22,$22,$22
E76C 22222222         (adybug_screen.inc):00303                 fcb     $22,$22,$22,$22
                      (adybug_screen.inc):00304         ; tile 29
E770 44055555         (adybug_screen.inc):00305                 fcb     $44,$05,$55,$55
E774 44055555         (adybug_screen.inc):00306                 fcb     $44,$05,$55,$55
E778 44000000         (adybug_screen.inc):00307                 fcb     $44,$00,$00,$00
E77C 44000000         (adybug_screen.inc):00308                 fcb     $44,$00,$00,$00
E780 44000000         (adybug_screen.inc):00309                 fcb     $44,$00,$00,$00
E784 44000000         (adybug_screen.inc):00310                 fcb     $44,$00,$00,$00
E788 44000000         (adybug_screen.inc):00311                 fcb     $44,$00,$00,$00
E78C 44000000         (adybug_screen.inc):00312                 fcb     $44,$00,$00,$00
                      (adybug_screen.inc):00313         ; tile 30
E790 55555559         (adybug_screen.inc):00314                 fcb     $55,$55,$55,$59
E794 55555559         (adybug_screen.inc):00315                 fcb     $55,$55,$55,$59
E798 00000000         (adybug_screen.inc):00316                 fcb     $00,$00,$00,$00
E79C 00000000         (adybug_screen.inc):00317                 fcb     $00,$00,$00,$00
E7A0 00000000         (adybug_screen.inc):00318                 fcb     $00,$00,$00,$00
E7A4 00000000         (adybug_screen.inc):00319                 fcb     $00,$00,$00,$00
E7A8 00000000         (adybug_screen.inc):00320                 fcb     $00,$00,$00,$00
E7AC 00000000         (adybug_screen.inc):00321                 fcb     $00,$00,$00,$00
                      (adybug_screen.inc):00322         ; tile 31
E7B0 99955555         (adybug_screen.inc):00323                 fcb     $99,$95,$55,$55
E7B4 99955555         (adybug_screen.inc):00324                 fcb     $99,$95,$55,$55
E7B8 99000000         (adybug_screen.inc):00325                 fcb     $99,$00,$00,$00
E7BC 00000000         (adybug_screen.inc):00326                 fcb     $00,$00,$00,$00
E7C0 00000000         (adybug_screen.inc):00327                 fcb     $00,$00,$00,$00
E7C4 00000000         (adybug_screen.inc):00328                 fcb     $00,$00,$00,$00
E7C8 00000000         (adybug_screen.inc):00329                 fcb     $00,$00,$00,$00
E7CC 00000000         (adybug_screen.inc):00330                 fcb     $00,$00,$00,$00
                      (adybug_screen.inc):00331         ; tile 32
E7D0 55555550         (adybug_screen.inc):00332                 fcb     $55,$55,$55,$50
E7D4 55555550         (adybug_screen.inc):00333                 fcb     $55,$55,$55,$50
E7D8 00000000         (adybug_screen.inc):00334                 fcb     $00,$00,$00,$00
E7DC 00000000         (adybug_screen.inc):00335                 fcb     $00,$00,$00,$00
E7E0 00000000         (adybug_screen.inc):00336                 fcb     $00,$00,$00,$00
E7E4 00000000         (adybug_screen.inc):00337                 fcb     $00,$00,$00,$00
E7E8 00000000         (adybug_screen.inc):00338                 fcb     $00,$00,$00,$00
E7EC 00000000         (adybug_screen.inc):00339                 fcb     $00,$00,$00,$00
                      (adybug_screen.inc):00340         ; tile 33
E7F0 44444444         (adybug_screen.inc):00341                 fcb     $44,$44,$44,$44
E7F4 44444444         (adybug_screen.inc):00342                 fcb     $44,$44,$44,$44
E7F8 00000000         (adybug_screen.inc):00343                 fcb     $00,$00,$00,$00
E7FC 55000000         (adybug_screen.inc):00344                 fcb     $55,$00,$00,$00
E800 55000000         (adybug_screen.inc):00345                 fcb     $55,$00,$00,$00
E804 55000000         (adybug_screen.inc):00346                 fcb     $55,$00,$00,$00
E808 55000000         (adybug_screen.inc):00347                 fcb     $55,$00,$00,$00
E80C 55000000         (adybug_screen.inc):00348                 fcb     $55,$00,$00,$00
                      (adybug_screen.inc):00349         ; tile 34
E810 44000000         (adybug_screen.inc):00350                 fcb     $44,$00,$00,$00
E814 44000000         (adybug_screen.inc):00351                 fcb     $44,$00,$00,$00
E818 00000000         (adybug_screen.inc):00352                 fcb     $00,$00,$00,$00
E81C 55000000         (adybug_screen.inc):00353                 fcb     $55,$00,$00,$00
E820 55000000         (adybug_screen.inc):00354                 fcb     $55,$00,$00,$00
E824 55000000         (adybug_screen.inc):00355                 fcb     $55,$00,$00,$00
E828 55000000         (adybug_screen.inc):00356                 fcb     $55,$00,$00,$00
E82C 55000000         (adybug_screen.inc):00357                 fcb     $55,$00,$00,$00
                      (adybug_screen.inc):00358         ; tile 35
E830 02222222         (adybug_screen.inc):00359                 fcb     $02,$22,$22,$22
E834 02222222         (adybug_screen.inc):00360                 fcb     $02,$22,$22,$22
E838 02222222         (adybug_screen.inc):00361                 fcb     $02,$22,$22,$22
E83C 02222222         (adybug_screen.inc):00362                 fcb     $02,$22,$22,$22
E840 02222222         (adybug_screen.inc):00363                 fcb     $02,$22,$22,$22
E844 02222222         (adybug_screen.inc):00364                 fcb     $02,$22,$22,$22
E848 02222222         (adybug_screen.inc):00365                 fcb     $02,$22,$22,$22
E84C 02222222         (adybug_screen.inc):00366                 fcb     $02,$22,$22,$22
                      (adybug_screen.inc):00367         ; tile 36
E850 00000000         (adybug_screen.inc):00368                 fcb     $00,$00,$00,$00
E854 07700077         (adybug_screen.inc):00369                 fcb     $07,$70,$00,$77
E858 00770770         (adybug_screen.inc):00370                 fcb     $00,$77,$07,$70
E85C 00007700         (adybug_screen.inc):00371                 fcb     $00,$00,$77,$00
E860 00077000         (adybug_screen.inc):00372                 fcb     $00,$07,$70,$00
E864 00770770         (adybug_screen.inc):00373                 fcb     $00,$77,$07,$70
E868 07700077         (adybug_screen.inc):00374                 fcb     $07,$70,$00,$77
E86C 00000000         (adybug_screen.inc):00375                 fcb     $00,$00,$00,$00
                      (adybug_screen.inc):00376         ; tile 37
E870 00000000         (adybug_screen.inc):00377                 fcb     $00,$00,$00,$00
E874 07777777         (adybug_screen.inc):00378                 fcb     $07,$77,$77,$77
E878 00007000         (adybug_screen.inc):00379                 fcb     $00,$00,$70,$00
E87C 00007000         (adybug_screen.inc):00380                 fcb     $00,$00,$70,$00
E880 00007000         (adybug_screen.inc):00381                 fcb     $00,$00,$70,$00
E884 00007000         (adybug_screen.inc):00382                 fcb     $00,$00,$70,$00
E888 00007000         (adybug_screen.inc):00383                 fcb     $00,$00,$70,$00
E88C 00000000         (adybug_screen.inc):00384                 fcb     $00,$00,$00,$00
                      (adybug_screen.inc):00385         ; tile 38
E890 00000000         (adybug_screen.inc):00386                 fcb     $00,$00,$00,$00
E894 07777770         (adybug_screen.inc):00387                 fcb     $07,$77,$77,$70
E898 07000077         (adybug_screen.inc):00388                 fcb     $07,$00,$00,$77
E89C 07000077         (adybug_screen.inc):00389                 fcb     $07,$00,$00,$77
E8A0 07777770         (adybug_screen.inc):00390                 fcb     $07,$77,$77,$70
E8A4 07000700         (adybug_screen.inc):00391                 fcb     $07,$00,$07,$00
E8A8 07000777         (adybug_screen.inc):00392                 fcb     $07,$00,$07,$77
E8AC 00000000         (adybug_screen.inc):00393                 fcb     $00,$00,$00,$00
                      (adybug_screen.inc):00394         ; tile 39
E8B0 55000000         (adybug_screen.inc):00395                 fcb     $55,$00,$00,$00
E8B4 55000000         (adybug_screen.inc):00396                 fcb     $55,$00,$00,$00
E8B8 55000000         (adybug_screen.inc):00397                 fcb     $55,$00,$00,$00
E8BC 55000000         (adybug_screen.inc):00398                 fcb     $55,$00,$00,$00
E8C0 55000000         (adybug_screen.inc):00399                 fcb     $55,$00,$00,$00
E8C4 55000000         (adybug_screen.inc):00400                 fcb     $55,$00,$00,$00
E8C8 55000000         (adybug_screen.inc):00401                 fcb     $55,$00,$00,$00
E8CC 99000000         (adybug_screen.inc):00402                 fcb     $99,$00,$00,$00
                      (adybug_screen.inc):00403         ; tile 40
E8D0 00000000         (adybug_screen.inc):00404                 fcb     $00,$00,$00,$00
E8D4 01111111         (adybug_screen.inc):00405                 fcb     $01,$11,$11,$11
E8D8 00001000         (adybug_screen.inc):00406                 fcb     $00,$00,$10,$00
E8DC 00001000         (adybug_screen.inc):00407                 fcb     $00,$00,$10,$00
E8E0 00001000         (adybug_screen.inc):00408                 fcb     $00,$00,$10,$00
E8E4 00001000         (adybug_screen.inc):00409                 fcb     $00,$00,$10,$00
E8E8 00001000         (adybug_screen.inc):00410                 fcb     $00,$00,$10,$00
E8EC 00000000         (adybug_screen.inc):00411                 fcb     $00,$00,$00,$00
                      (adybug_screen.inc):00412         ; tile 41
E8F0 00000000         (adybug_screen.inc):00413                 fcb     $00,$00,$00,$00
E8F4 00111110         (adybug_screen.inc):00414                 fcb     $00,$11,$11,$10
E8F8 01100011         (adybug_screen.inc):00415                 fcb     $01,$10,$00,$11
E8FC 01000001         (adybug_screen.inc):00416                 fcb     $01,$00,$00,$01
E900 01000001         (adybug_screen.inc):00417                 fcb     $01,$00,$00,$01
E904 01100011         (adybug_screen.inc):00418                 fcb     $01,$10,$00,$11
E908 00111110         (adybug_screen.inc):00419                 fcb     $00,$11,$11,$10
E90C 00000000         (adybug_screen.inc):00420                 fcb     $00,$00,$00,$00
                      (adybug_screen.inc):00421         ; tile 42
E910 00000000         (adybug_screen.inc):00422                 fcb     $00,$00,$00,$00
E914 01111110         (adybug_screen.inc):00423                 fcb     $01,$11,$11,$10
E918 01000011         (adybug_screen.inc):00424                 fcb     $01,$00,$00,$11
E91C 01000011         (adybug_screen.inc):00425                 fcb     $01,$00,$00,$11
E920 01111110         (adybug_screen.inc):00426                 fcb     $01,$11,$11,$10
E924 01000000         (adybug_screen.inc):00427                 fcb     $01,$00,$00,$00
E928 01000000         (adybug_screen.inc):00428                 fcb     $01,$00,$00,$00
E92C 00000000         (adybug_screen.inc):00429                 fcb     $00,$00,$00,$00
                      (adybug_screen.inc):00430         ; tile 43
E930 02222222         (adybug_screen.inc):00431                 fcb     $02,$22,$22,$22
E934 02222222         (adybug_screen.inc):00432                 fcb     $02,$22,$22,$22
E938 02222222         (adybug_screen.inc):00433                 fcb     $02,$22,$22,$22
E93C 02222222         (adybug_screen.inc):00434                 fcb     $02,$22,$22,$22
E940 02222222         (adybug_screen.inc):00435                 fcb     $02,$22,$22,$22
E944 02222222         (adybug_screen.inc):00436                 fcb     $02,$22,$22,$22
E948 02222222         (adybug_screen.inc):00437                 fcb     $02,$22,$22,$22
E94C 00000000         (adybug_screen.inc):00438                 fcb     $00,$00,$00,$00
                      (adybug_screen.inc):00439         ; tile 44
E950 22222222         (adybug_screen.inc):00440                 fcb     $22,$22,$22,$22
E954 22222222         (adybug_screen.inc):00441                 fcb     $22,$22,$22,$22
E958 22222222         (adybug_screen.inc):00442                 fcb     $22,$22,$22,$22
E95C 22222222         (adybug_screen.inc):00443                 fcb     $22,$22,$22,$22
E960 22222222         (adybug_screen.inc):00444                 fcb     $22,$22,$22,$22
E964 22222222         (adybug_screen.inc):00445                 fcb     $22,$22,$22,$22
E968 22222222         (adybug_screen.inc):00446                 fcb     $22,$22,$22,$22
E96C 00000000         (adybug_screen.inc):00447                 fcb     $00,$00,$00,$00
                      (adybug_screen.inc):00448         ; tile 45
E970 44000000         (adybug_screen.inc):00449                 fcb     $44,$00,$00,$00
E974 44000000         (adybug_screen.inc):00450                 fcb     $44,$00,$00,$00
E978 00000000         (adybug_screen.inc):00451                 fcb     $00,$00,$00,$00
E97C 00000000         (adybug_screen.inc):00452                 fcb     $00,$00,$00,$00
E980 00000000         (adybug_screen.inc):00453                 fcb     $00,$00,$00,$00
E984 00000000         (adybug_screen.inc):00454                 fcb     $00,$00,$00,$00
E988 00000000         (adybug_screen.inc):00455                 fcb     $00,$00,$00,$00
E98C 00000000         (adybug_screen.inc):00456                 fcb     $00,$00,$00,$00
                      (adybug_screen.inc):00457         ; tile 46
E990 00000009         (adybug_screen.inc):00458                 fcb     $00,$00,$00,$09
E994 00000009         (adybug_screen.inc):00459                 fcb     $00,$00,$00,$09
E998 00000000         (adybug_screen.inc):00460                 fcb     $00,$00,$00,$00
E99C 00000000         (adybug_screen.inc):00461                 fcb     $00,$00,$00,$00
E9A0 00000000         (adybug_screen.inc):00462                 fcb     $00,$00,$00,$00
E9A4 00000000         (adybug_screen.inc):00463                 fcb     $00,$00,$00,$00
E9A8 00000000         (adybug_screen.inc):00464                 fcb     $00,$00,$00,$00
E9AC 00000000         (adybug_screen.inc):00465                 fcb     $00,$00,$00,$00
                      (adybug_screen.inc):00466         ; tile 47
E9B0 99900000         (adybug_screen.inc):00467                 fcb     $99,$90,$00,$00
E9B4 99900000         (adybug_screen.inc):00468                 fcb     $99,$90,$00,$00
E9B8 99000000         (adybug_screen.inc):00469                 fcb     $99,$00,$00,$00
E9BC 55000000         (adybug_screen.inc):00470                 fcb     $55,$00,$00,$00
E9C0 55000000         (adybug_screen.inc):00471                 fcb     $55,$00,$00,$00
E9C4 55000000         (adybug_screen.inc):00472                 fcb     $55,$00,$00,$00
E9C8 55000000         (adybug_screen.inc):00473                 fcb     $55,$00,$00,$00
E9CC 55000000         (adybug_screen.inc):00474                 fcb     $55,$00,$00,$00
                      (adybug_screen.inc):00475         ; tile 48
E9D0 00000000         (adybug_screen.inc):00476                 fcb     $00,$00,$00,$00
E9D4 03333333         (adybug_screen.inc):00477                 fcb     $03,$33,$33,$33
E9D8 03333333         (adybug_screen.inc):00478                 fcb     $03,$33,$33,$33
E9DC 03333333         (adybug_screen.inc):00479                 fcb     $03,$33,$33,$33
E9E0 03333333         (adybug_screen.inc):00480                 fcb     $03,$33,$33,$33
E9E4 03333333         (adybug_screen.inc):00481                 fcb     $03,$33,$33,$33
E9E8 03333333         (adybug_screen.inc):00482                 fcb     $03,$33,$33,$33
E9EC 03333333         (adybug_screen.inc):00483                 fcb     $03,$33,$33,$33
                      (adybug_screen.inc):00484         ; tile 49
E9F0 00000000         (adybug_screen.inc):00485                 fcb     $00,$00,$00,$00
E9F4 33333333         (adybug_screen.inc):00486                 fcb     $33,$33,$33,$33
E9F8 33333333         (adybug_screen.inc):00487                 fcb     $33,$33,$33,$33
E9FC 33333333         (adybug_screen.inc):00488                 fcb     $33,$33,$33,$33
EA00 33333333         (adybug_screen.inc):00489                 fcb     $33,$33,$33,$33
EA04 33333333         (adybug_screen.inc):00490                 fcb     $33,$33,$33,$33
EA08 33333333         (adybug_screen.inc):00491                 fcb     $33,$33,$33,$33
EA0C 33333333         (adybug_screen.inc):00492                 fcb     $33,$33,$33,$33
                      (adybug_screen.inc):00493         ; tile 50
EA10 55000000         (adybug_screen.inc):00494                 fcb     $55,$00,$00,$00
EA14 55000000         (adybug_screen.inc):00495                 fcb     $55,$00,$00,$00
EA18 55000000         (adybug_screen.inc):00496                 fcb     $55,$00,$00,$00
EA1C 55000000         (adybug_screen.inc):00497                 fcb     $55,$00,$00,$00
EA20 55000000         (adybug_screen.inc):00498                 fcb     $55,$00,$00,$00
EA24 55000000         (adybug_screen.inc):00499                 fcb     $55,$00,$00,$00
EA28 55000000         (adybug_screen.inc):00500                 fcb     $55,$00,$00,$00
EA2C 00000000         (adybug_screen.inc):00501                 fcb     $00,$00,$00,$00
                      (adybug_screen.inc):00502         ; tile 51
EA30 03333333         (adybug_screen.inc):00503                 fcb     $03,$33,$33,$33
EA34 03333333         (adybug_screen.inc):00504                 fcb     $03,$33,$33,$33
EA38 03333333         (adybug_screen.inc):00505                 fcb     $03,$33,$33,$33
EA3C 03333333         (adybug_screen.inc):00506                 fcb     $03,$33,$33,$33
EA40 03333333         (adybug_screen.inc):00507                 fcb     $03,$33,$33,$33
EA44 03333333         (adybug_screen.inc):00508                 fcb     $03,$33,$33,$33
EA48 03333333         (adybug_screen.inc):00509                 fcb     $03,$33,$33,$33
EA4C 03333333         (adybug_screen.inc):00510                 fcb     $03,$33,$33,$33
                      (adybug_screen.inc):00511         ; tile 52
EA50 00000000         (adybug_screen.inc):00512                 fcb     $00,$00,$00,$00
EA54 00000000         (adybug_screen.inc):00513                 fcb     $00,$00,$00,$00
EA58 00070007         (adybug_screen.inc):00514                 fcb     $00,$07,$00,$07
EA5C 00007070         (adybug_screen.inc):00515                 fcb     $00,$00,$70,$70
EA60 00000700         (adybug_screen.inc):00516                 fcb     $00,$00,$07,$00
EA64 00007070         (adybug_screen.inc):00517                 fcb     $00,$00,$70,$70
EA68 00070007         (adybug_screen.inc):00518                 fcb     $00,$07,$00,$07
EA6C 00000000         (adybug_screen.inc):00519                 fcb     $00,$00,$00,$00
                      (adybug_screen.inc):00520         ; tile 53
EA70 00000000         (adybug_screen.inc):00521                 fcb     $00,$00,$00,$00
EA74 00777770         (adybug_screen.inc):00522                 fcb     $00,$77,$77,$70
EA78 07700077         (adybug_screen.inc):00523                 fcb     $07,$70,$00,$77
EA7C 00000077         (adybug_screen.inc):00524                 fcb     $00,$00,$00,$77
EA80 00777770         (adybug_screen.inc):00525                 fcb     $00,$77,$77,$70
EA84 07700000         (adybug_screen.inc):00526                 fcb     $07,$70,$00,$00
EA88 07777777         (adybug_screen.inc):00527                 fcb     $07,$77,$77,$77
EA8C 00000000         (adybug_screen.inc):00528                 fcb     $00,$00,$00,$00
                      (adybug_screen.inc):00529         ; tile 54
EA90 00000000         (adybug_screen.inc):00530                 fcb     $00,$00,$00,$00
EA94 07777777         (adybug_screen.inc):00531                 fcb     $07,$77,$77,$77
EA98 00000077         (adybug_screen.inc):00532                 fcb     $00,$00,$00,$77
EA9C 00077770         (adybug_screen.inc):00533                 fcb     $00,$07,$77,$70
EAA0 00000077         (adybug_screen.inc):00534                 fcb     $00,$00,$00,$77
EAA4 07700077         (adybug_screen.inc):00535                 fcb     $07,$70,$00,$77
EAA8 00777770         (adybug_screen.inc):00536                 fcb     $00,$77,$77,$70
EAAC 00000000         (adybug_screen.inc):00537                 fcb     $00,$00,$00,$00
                      (adybug_screen.inc):00538         ; tile 55
EAB0 00000000         (adybug_screen.inc):00539                 fcb     $00,$00,$00,$00
EAB4 07777770         (adybug_screen.inc):00540                 fcb     $07,$77,$77,$70
EAB8 07000000         (adybug_screen.inc):00541                 fcb     $07,$00,$00,$00
EABC 07777770         (adybug_screen.inc):00542                 fcb     $07,$77,$77,$70
EAC0 00000077         (adybug_screen.inc):00543                 fcb     $00,$00,$00,$77
EAC4 07700077         (adybug_screen.inc):00544                 fcb     $07,$70,$00,$77
EAC8 00777770         (adybug_screen.inc):00545                 fcb     $00,$77,$77,$70
EACC 00000000         (adybug_screen.inc):00546                 fcb     $00,$00,$00,$00
                      (adybug_screen.inc):00547         ; tile 56
EAD0 44055555         (adybug_screen.inc):00548                 fcb     $44,$05,$55,$55
EAD4 44055555         (adybug_screen.inc):00549                 fcb     $44,$05,$55,$55
EAD8 00000000         (adybug_screen.inc):00550                 fcb     $00,$00,$00,$00
EADC 00000000         (adybug_screen.inc):00551                 fcb     $00,$00,$00,$00
EAE0 00000000         (adybug_screen.inc):00552                 fcb     $00,$00,$00,$00
EAE4 00000000         (adybug_screen.inc):00553                 fcb     $00,$00,$00,$00
EAE8 00000000         (adybug_screen.inc):00554                 fcb     $00,$00,$00,$00
EAEC 00000000         (adybug_screen.inc):00555                 fcb     $00,$00,$00,$00
                      (adybug_screen.inc):00556         ; tile 57
EAF0 00000000         (adybug_screen.inc):00557                 fcb     $00,$00,$00,$00
EAF4 00666660         (adybug_screen.inc):00558                 fcb     $00,$66,$66,$60
EAF8 06600066         (adybug_screen.inc):00559                 fcb     $06,$60,$00,$66
EAFC 06000000         (adybug_screen.inc):00560                 fcb     $06,$00,$00,$00
EB00 06000000         (adybug_screen.inc):00561                 fcb     $06,$00,$00,$00
EB04 06600066         (adybug_screen.inc):00562                 fcb     $06,$60,$00,$66
EB08 00666660         (adybug_screen.inc):00563                 fcb     $00,$66,$66,$60
EB0C 00000000         (adybug_screen.inc):00564                 fcb     $00,$00,$00,$00
                      (adybug_screen.inc):00565         ; tile 58
EB10 00000000         (adybug_screen.inc):00566                 fcb     $00,$00,$00,$00
EB14 06666660         (adybug_screen.inc):00567                 fcb     $06,$66,$66,$60
EB18 06000066         (adybug_screen.inc):00568                 fcb     $06,$00,$00,$66
EB1C 06000066         (adybug_screen.inc):00569                 fcb     $06,$00,$00,$66
EB20 06666660         (adybug_screen.inc):00570                 fcb     $06,$66,$66,$60
EB24 06000600         (adybug_screen.inc):00571                 fcb     $06,$00,$06,$00
EB28 06000666         (adybug_screen.inc):00572                 fcb     $06,$00,$06,$66
EB2C 00000000         (adybug_screen.inc):00573                 fcb     $00,$00,$00,$00
                      (adybug_screen.inc):00574         ; tile 59
EB30 00000000         (adybug_screen.inc):00575                 fcb     $00,$00,$00,$00
EB34 06666666         (adybug_screen.inc):00576                 fcb     $06,$66,$66,$66
EB38 06000000         (adybug_screen.inc):00577                 fcb     $06,$00,$00,$00
EB3C 06666600         (adybug_screen.inc):00578                 fcb     $06,$66,$66,$00
EB40 06000000         (adybug_screen.inc):00579                 fcb     $06,$00,$00,$00
EB44 06000000         (adybug_screen.inc):00580                 fcb     $06,$00,$00,$00
EB48 06666666         (adybug_screen.inc):00581                 fcb     $06,$66,$66,$66
EB4C 00000000         (adybug_screen.inc):00582                 fcb     $00,$00,$00,$00
                      (adybug_screen.inc):00583         ; tile 60
EB50 00000000         (adybug_screen.inc):00584                 fcb     $00,$00,$00,$00
EB54 06666660         (adybug_screen.inc):00585                 fcb     $06,$66,$66,$60
EB58 06000066         (adybug_screen.inc):00586                 fcb     $06,$00,$00,$66
EB5C 06000006         (adybug_screen.inc):00587                 fcb     $06,$00,$00,$06
EB60 06000006         (adybug_screen.inc):00588                 fcb     $06,$00,$00,$06
EB64 06000066         (adybug_screen.inc):00589                 fcb     $06,$00,$00,$66
EB68 06666660         (adybug_screen.inc):00590                 fcb     $06,$66,$66,$60
EB6C 00000000         (adybug_screen.inc):00591                 fcb     $00,$00,$00,$00
                      (adybug_screen.inc):00592         ; tile 61
EB70 00000000         (adybug_screen.inc):00593                 fcb     $00,$00,$00,$00
EB74 00066600         (adybug_screen.inc):00594                 fcb     $00,$06,$66,$00
EB78 00006000         (adybug_screen.inc):00595                 fcb     $00,$00,$60,$00
EB7C 00006000         (adybug_screen.inc):00596                 fcb     $00,$00,$60,$00
EB80 00006000         (adybug_screen.inc):00597                 fcb     $00,$00,$60,$00
EB84 00006000         (adybug_screen.inc):00598                 fcb     $00,$00,$60,$00
EB88 00066600         (adybug_screen.inc):00599                 fcb     $00,$06,$66,$00
EB8C 00000000         (adybug_screen.inc):00600                 fcb     $00,$00,$00,$00
                      (adybug_screen.inc):00601         ; tile 62
EB90 00000000         (adybug_screen.inc):00602                 fcb     $00,$00,$00,$00
EB94 06666666         (adybug_screen.inc):00603                 fcb     $06,$66,$66,$66
EB98 00006000         (adybug_screen.inc):00604                 fcb     $00,$00,$60,$00
EB9C 00006000         (adybug_screen.inc):00605                 fcb     $00,$00,$60,$00
EBA0 00006000         (adybug_screen.inc):00606                 fcb     $00,$00,$60,$00
EBA4 00006000         (adybug_screen.inc):00607                 fcb     $00,$00,$60,$00
EBA8 00006000         (adybug_screen.inc):00608                 fcb     $00,$00,$60,$00
EBAC 00000000         (adybug_screen.inc):00609                 fcb     $00,$00,$00,$00
                      (adybug_screen.inc):00610         ; tile 63
EBB0 03333333         (adybug_screen.inc):00611                 fcb     $03,$33,$33,$33
EBB4 03333333         (adybug_screen.inc):00612                 fcb     $03,$33,$33,$33
EBB8 03333333         (adybug_screen.inc):00613                 fcb     $03,$33,$33,$33
EBBC 03333333         (adybug_screen.inc):00614                 fcb     $03,$33,$33,$33
EBC0 03333333         (adybug_screen.inc):00615                 fcb     $03,$33,$33,$33
EBC4 03333333         (adybug_screen.inc):00616                 fcb     $03,$33,$33,$33
EBC8 03333333         (adybug_screen.inc):00617                 fcb     $03,$33,$33,$33
EBCC 00000000         (adybug_screen.inc):00618                 fcb     $00,$00,$00,$00
                      (adybug_screen.inc):00619         ; tile 64
EBD0 33333333         (adybug_screen.inc):00620                 fcb     $33,$33,$33,$33
EBD4 33333333         (adybug_screen.inc):00621                 fcb     $33,$33,$33,$33
EBD8 33333333         (adybug_screen.inc):00622                 fcb     $33,$33,$33,$33
EBDC 33333333         (adybug_screen.inc):00623                 fcb     $33,$33,$33,$33
EBE0 33333333         (adybug_screen.inc):00624                 fcb     $33,$33,$33,$33
EBE4 33333333         (adybug_screen.inc):00625                 fcb     $33,$33,$33,$33
EBE8 33333333         (adybug_screen.inc):00626                 fcb     $33,$33,$33,$33
EBEC 00000000         (adybug_screen.inc):00627                 fcb     $00,$00,$00,$00
                      (adybug_screen.inc):00628         ; tile 65
EBF0 00000000         (adybug_screen.inc):00629                 fcb     $00,$00,$00,$00
EBF4 00666660         (adybug_screen.inc):00630                 fcb     $00,$66,$66,$60
EBF8 06600066         (adybug_screen.inc):00631                 fcb     $06,$60,$00,$66
EBFC 06000006         (adybug_screen.inc):00632                 fcb     $06,$00,$00,$06
EC00 06000006         (adybug_screen.inc):00633                 fcb     $06,$00,$00,$06
EC04 06600066         (adybug_screen.inc):00634                 fcb     $06,$60,$00,$66
EC08 00666660         (adybug_screen.inc):00635                 fcb     $00,$66,$66,$60
EC0C 00000000         (adybug_screen.inc):00636                 fcb     $00,$00,$00,$00
                      (adybug_screen.inc):00637         ; tile 66
EC10 00000000         (adybug_screen.inc):00638                 fcb     $00,$00,$00,$00
EC14 03333330         (adybug_screen.inc):00639                 fcb     $03,$33,$33,$30
EC18 03000033         (adybug_screen.inc):00640                 fcb     $03,$00,$00,$33
EC1C 03000033         (adybug_screen.inc):00641                 fcb     $03,$00,$00,$33
EC20 03333330         (adybug_screen.inc):00642                 fcb     $03,$33,$33,$30
EC24 03000000         (adybug_screen.inc):00643                 fcb     $03,$00,$00,$00
EC28 03000000         (adybug_screen.inc):00644                 fcb     $03,$00,$00,$00
EC2C 00000000         (adybug_screen.inc):00645                 fcb     $00,$00,$00,$00
                      (adybug_screen.inc):00646         ; tile 67
EC30 00000000         (adybug_screen.inc):00647                 fcb     $00,$00,$00,$00
EC34 00033300         (adybug_screen.inc):00648                 fcb     $00,$03,$33,$00
EC38 00330330         (adybug_screen.inc):00649                 fcb     $00,$33,$03,$30
EC3C 03300033         (adybug_screen.inc):00650                 fcb     $03,$30,$00,$33
EC40 03000003         (adybug_screen.inc):00651                 fcb     $03,$00,$00,$03
EC44 03333333         (adybug_screen.inc):00652                 fcb     $03,$33,$33,$33
EC48 03000003         (adybug_screen.inc):00653                 fcb     $03,$00,$00,$03
EC4C 00000000         (adybug_screen.inc):00654                 fcb     $00,$00,$00,$00
                      (adybug_screen.inc):00655         ; tile 68
EC50 00000000         (adybug_screen.inc):00656                 fcb     $00,$00,$00,$00
EC54 03333330         (adybug_screen.inc):00657                 fcb     $03,$33,$33,$30
EC58 03000033         (adybug_screen.inc):00658                 fcb     $03,$00,$00,$33
EC5C 03000033         (adybug_screen.inc):00659                 fcb     $03,$00,$00,$33
EC60 03333330         (adybug_screen.inc):00660                 fcb     $03,$33,$33,$30
EC64 03000300         (adybug_screen.inc):00661                 fcb     $03,$00,$03,$00
EC68 03000333         (adybug_screen.inc):00662                 fcb     $03,$00,$03,$33
EC6C 00000000         (adybug_screen.inc):00663                 fcb     $00,$00,$00,$00
                      (adybug_screen.inc):00664         ; tile 69
EC70 00000000         (adybug_screen.inc):00665                 fcb     $00,$00,$00,$00
EC74 03333333         (adybug_screen.inc):00666                 fcb     $03,$33,$33,$33
EC78 00003000         (adybug_screen.inc):00667                 fcb     $00,$00,$30,$00
EC7C 00003000         (adybug_screen.inc):00668                 fcb     $00,$00,$30,$00
EC80 00003000         (adybug_screen.inc):00669                 fcb     $00,$00,$30,$00
EC84 00003000         (adybug_screen.inc):00670                 fcb     $00,$00,$30,$00
EC88 00003000         (adybug_screen.inc):00671                 fcb     $00,$00,$30,$00
EC8C 00000000         (adybug_screen.inc):00672                 fcb     $00,$00,$00,$00
                      (adybug_screen.inc):00673         ; tile 70
EC90 00000000         (adybug_screen.inc):00674                 fcb     $00,$00,$00,$00
EC94 00003000         (adybug_screen.inc):00675                 fcb     $00,$00,$30,$00
EC98 00033000         (adybug_screen.inc):00676                 fcb     $00,$03,$30,$00
EC9C 00003000         (adybug_screen.inc):00677                 fcb     $00,$00,$30,$00
ECA0 00003000         (adybug_screen.inc):00678                 fcb     $00,$00,$30,$00
ECA4 00003000         (adybug_screen.inc):00679                 fcb     $00,$00,$30,$00
ECA8 00033300         (adybug_screen.inc):00680                 fcb     $00,$03,$33,$00
ECAC 00000000         (adybug_screen.inc):00681                 fcb     $00,$00,$00,$00
                      (adybug_screen.inc):00682         ; tile 71
ECB0 00000000         (adybug_screen.inc):00683                 fcb     $00,$00,$00,$00
ECB4 00000000         (adybug_screen.inc):00684                 fcb     $00,$00,$00,$00
ECB8 05555555         (adybug_screen.inc):00685                 fcb     $05,$55,$55,$55
ECBC 00000000         (adybug_screen.inc):00686                 fcb     $00,$00,$00,$00
ECC0 00000000         (adybug_screen.inc):00687                 fcb     $00,$00,$00,$00
ECC4 05555555         (adybug_screen.inc):00688                 fcb     $05,$55,$55,$55
ECC8 00000000         (adybug_screen.inc):00689                 fcb     $00,$00,$00,$00
ECCC 00000000         (adybug_screen.inc):00690                 fcb     $00,$00,$00,$00
                      (adybug_screen.inc):00691         ; tile 72
ECD0 00000000         (adybug_screen.inc):00692                 fcb     $00,$00,$00,$00
ECD4 00555550         (adybug_screen.inc):00693                 fcb     $00,$55,$55,$50
ECD8 05500055         (adybug_screen.inc):00694                 fcb     $05,$50,$00,$55
ECDC 05000005         (adybug_screen.inc):00695                 fcb     $05,$00,$00,$05
ECE0 05000005         (adybug_screen.inc):00696                 fcb     $05,$00,$00,$05
ECE4 05500055         (adybug_screen.inc):00697                 fcb     $05,$50,$00,$55
ECE8 00555550         (adybug_screen.inc):00698                 fcb     $00,$55,$55,$50
ECEC 00000000         (adybug_screen.inc):00699                 fcb     $00,$00,$00,$00
                      (adybug_screen.inc):00700         ; tile 73
ECF0 00000000         (adybug_screen.inc):00701                 fcb     $00,$00,$00,$00
ECF4 00000000         (adybug_screen.inc):00702                 fcb     $00,$00,$00,$00
ECF8 00000CCC         (adybug_screen.inc):00703                 fcb     $00,$00,$0C,$CC
ECFC 000CCCC2         (adybug_screen.inc):00704                 fcb     $00,$0C,$CC,$C2
ED00 00CCC2C2         (adybug_screen.inc):00705                 fcb     $00,$CC,$C2,$C2
ED04 00CCCCCC         (adybug_screen.inc):00706                 fcb     $00,$CC,$CC,$CC
ED08 0CC2CC22         (adybug_screen.inc):00707                 fcb     $0C,$C2,$CC,$22
ED0C 0CCCC222         (adybug_screen.inc):00708                 fcb     $0C,$CC,$C2,$22
                      (adybug_screen.inc):00709         ; tile 74
ED10 00000000         (adybug_screen.inc):00710                 fcb     $00,$00,$00,$00
ED14 00000000         (adybug_screen.inc):00711                 fcb     $00,$00,$00,$00
ED18 CC000000         (adybug_screen.inc):00712                 fcb     $CC,$00,$00,$00
ED1C 2CC00000         (adybug_screen.inc):00713                 fcb     $2C,$C0,$00,$00
ED20 2CCC0000         (adybug_screen.inc):00714                 fcb     $2C,$CC,$00,$00
ED24 CCCC2000         (adybug_screen.inc):00715                 fcb     $CC,$CC,$20,$00
ED28 CCCC5050         (adybug_screen.inc):00716                 fcb     $CC,$CC,$50,$50
ED2C 2CCC5500         (adybug_screen.inc):00717                 fcb     $2C,$CC,$55,$00
                      (adybug_screen.inc):00718         ; tile 75
ED30 0CCCC222         (adybug_screen.inc):00719                 fcb     $0C,$CC,$C2,$22
ED34 0CC2CC22         (adybug_screen.inc):00720                 fcb     $0C,$C2,$CC,$22
ED38 00CCCCCC         (adybug_screen.inc):00721                 fcb     $00,$CC,$CC,$CC
ED3C 00CCC2C2         (adybug_screen.inc):00722                 fcb     $00,$CC,$C2,$C2
ED40 000CCCC2         (adybug_screen.inc):00723                 fcb     $00,$0C,$CC,$C2
ED44 00000CCC         (adybug_screen.inc):00724                 fcb     $00,$00,$0C,$CC
ED48 00000000         (adybug_screen.inc):00725                 fcb     $00,$00,$00,$00
ED4C 00000000         (adybug_screen.inc):00726                 fcb     $00,$00,$00,$00
                      (adybug_screen.inc):00727         ; tile 76
ED50 2CCC5500         (adybug_screen.inc):00728                 fcb     $2C,$CC,$55,$00
ED54 CCCC5050         (adybug_screen.inc):00729                 fcb     $CC,$CC,$50,$50
ED58 CCCC2000         (adybug_screen.inc):00730                 fcb     $CC,$CC,$20,$00
ED5C 2CCC0000         (adybug_screen.inc):00731                 fcb     $2C,$CC,$00,$00
ED60 2CC00000         (adybug_screen.inc):00732                 fcb     $2C,$C0,$00,$00
ED64 CC000000         (adybug_screen.inc):00733                 fcb     $CC,$00,$00,$00
ED68 00000000         (adybug_screen.inc):00734                 fcb     $00,$00,$00,$00
ED6C 00000000         (adybug_screen.inc):00735                 fcb     $00,$00,$00,$00
                      (adybug_screen.inc):00736         ; tile 77
ED70 00000000         (adybug_screen.inc):00737                 fcb     $00,$00,$00,$00
ED74 00066660         (adybug_screen.inc):00738                 fcb     $00,$06,$66,$60
ED78 00066660         (adybug_screen.inc):00739                 fcb     $00,$06,$66,$60
ED7C 00066666         (adybug_screen.inc):00740                 fcb     $00,$06,$66,$66
ED80 00066666         (adybug_screen.inc):00741                 fcb     $00,$06,$66,$66
ED84 00066666         (adybug_screen.inc):00742                 fcb     $00,$06,$66,$66
ED88 00066666         (adybug_screen.inc):00743                 fcb     $00,$06,$66,$66
ED8C 00000000         (adybug_screen.inc):00744                 fcb     $00,$00,$00,$00
                      (adybug_screen.inc):00745         ; tile 78
ED90 44444444         (adybug_screen.inc):00746                 fcb     $44,$44,$44,$44
ED94 44444444         (adybug_screen.inc):00747                 fcb     $44,$44,$44,$44
ED98 00000000         (adybug_screen.inc):00748                 fcb     $00,$00,$00,$00
ED9C 06666666         (adybug_screen.inc):00749                 fcb     $06,$66,$66,$66
EDA0 06666666         (adybug_screen.inc):00750                 fcb     $06,$66,$66,$66
EDA4 06666666         (adybug_screen.inc):00751                 fcb     $06,$66,$66,$66
EDA8 06666666         (adybug_screen.inc):00752                 fcb     $06,$66,$66,$66
EDAC 00000000         (adybug_screen.inc):00753                 fcb     $00,$00,$00,$00
                      (adybug_screen.inc):00754         ; tile 79
EDB0 44000000         (adybug_screen.inc):00755                 fcb     $44,$00,$00,$00
EDB4 44066660         (adybug_screen.inc):00756                 fcb     $44,$06,$66,$60
EDB8 00066660         (adybug_screen.inc):00757                 fcb     $00,$06,$66,$60
EDBC 06666660         (adybug_screen.inc):00758                 fcb     $06,$66,$66,$60
EDC0 06666660         (adybug_screen.inc):00759                 fcb     $06,$66,$66,$60
EDC4 06666660         (adybug_screen.inc):00760                 fcb     $06,$66,$66,$60
EDC8 06666660         (adybug_screen.inc):00761                 fcb     $06,$66,$66,$60
EDCC 00000000         (adybug_screen.inc):00762                 fcb     $00,$00,$00,$00
                      (adybug_screen.inc):00763         ; tile 80
EDD0 00055555         (adybug_screen.inc):00764                 fcb     $00,$05,$55,$55
EDD4 00055555         (adybug_screen.inc):00765                 fcb     $00,$05,$55,$55
EDD8 00000000         (adybug_screen.inc):00766                 fcb     $00,$00,$00,$00
EDDC 00000000         (adybug_screen.inc):00767                 fcb     $00,$00,$00,$00
EDE0 00000000         (adybug_screen.inc):00768                 fcb     $00,$00,$00,$00
EDE4 00000000         (adybug_screen.inc):00769                 fcb     $00,$00,$00,$00
EDE8 00000000         (adybug_screen.inc):00770                 fcb     $00,$00,$00,$00
EDEC 00000000         (adybug_screen.inc):00771                 fcb     $00,$00,$00,$00
                      (adybug_screen.inc):00772         ; tile 81
EDF0 00000000         (adybug_screen.inc):00773                 fcb     $00,$00,$00,$00
EDF4 00000000         (adybug_screen.inc):00774                 fcb     $00,$00,$00,$00
EDF8 00000000         (adybug_screen.inc):00775                 fcb     $00,$00,$00,$00
EDFC 55000000         (adybug_screen.inc):00776                 fcb     $55,$00,$00,$00
EE00 55000000         (adybug_screen.inc):00777                 fcb     $55,$00,$00,$00
EE04 55000000         (adybug_screen.inc):00778                 fcb     $55,$00,$00,$00
EE08 55000000         (adybug_screen.inc):00779                 fcb     $55,$00,$00,$00
EE0C 55000000         (adybug_screen.inc):00780                 fcb     $55,$00,$00,$00
                      (adybug_screen.inc):00781         ; tile 82
EE10 00000000         (adybug_screen.inc):00782                 fcb     $00,$00,$00,$00
EE14 00000005         (adybug_screen.inc):00783                 fcb     $00,$00,$00,$05
EE18 00000055         (adybug_screen.inc):00784                 fcb     $00,$00,$00,$55
EE1C 00000555         (adybug_screen.inc):00785                 fcb     $00,$00,$05,$55
EE20 00005550         (adybug_screen.inc):00786                 fcb     $00,$00,$55,$50
EE24 00055500         (adybug_screen.inc):00787                 fcb     $00,$05,$55,$00
EE28 00555000         (adybug_screen.inc):00788                 fcb     $00,$55,$50,$00
EE2C 99550000         (adybug_screen.inc):00789                 fcb     $99,$55,$00,$00
                      (adybug_screen.inc):00790         ; tile 83
EE30 55000000         (adybug_screen.inc):00791                 fcb     $55,$00,$00,$00
EE34 55000000         (adybug_screen.inc):00792                 fcb     $55,$00,$00,$00
EE38 50000000         (adybug_screen.inc):00793                 fcb     $50,$00,$00,$00
EE3C 00000000         (adybug_screen.inc):00794                 fcb     $00,$00,$00,$00
EE40 00000000         (adybug_screen.inc):00795                 fcb     $00,$00,$00,$00
EE44 00000000         (adybug_screen.inc):00796                 fcb     $00,$00,$00,$00
EE48 00000000         (adybug_screen.inc):00797                 fcb     $00,$00,$00,$00
EE4C 00000000         (adybug_screen.inc):00798                 fcb     $00,$00,$00,$00
                      (adybug_screen.inc):00799         ; tile 84
EE50 00000009         (adybug_screen.inc):00800                 fcb     $00,$00,$00,$09
EE54 00000009         (adybug_screen.inc):00801                 fcb     $00,$00,$00,$09
EE58 00000055         (adybug_screen.inc):00802                 fcb     $00,$00,$00,$55
EE5C 00000555         (adybug_screen.inc):00803                 fcb     $00,$00,$05,$55
EE60 00005550         (adybug_screen.inc):00804                 fcb     $00,$00,$55,$50
EE64 00055500         (adybug_screen.inc):00805                 fcb     $00,$05,$55,$00
EE68 00555000         (adybug_screen.inc):00806                 fcb     $00,$55,$50,$00
EE6C 05550000         (adybug_screen.inc):00807                 fcb     $05,$55,$00,$00
                      (adybug_screen.inc):00808         ; tile 85
EE70 99900000         (adybug_screen.inc):00809                 fcb     $99,$90,$00,$00
EE74 99900000         (adybug_screen.inc):00810                 fcb     $99,$90,$00,$00
EE78 99000000         (adybug_screen.inc):00811                 fcb     $99,$00,$00,$00
EE7C 00000000         (adybug_screen.inc):00812                 fcb     $00,$00,$00,$00
EE80 00000000         (adybug_screen.inc):00813                 fcb     $00,$00,$00,$00
EE84 00000000         (adybug_screen.inc):00814                 fcb     $00,$00,$00,$00
EE88 00000000         (adybug_screen.inc):00815                 fcb     $00,$00,$00,$00
EE8C 00000000         (adybug_screen.inc):00816                 fcb     $00,$00,$00,$00
                      (adybug_screen.inc):00817         ; tile 86
EE90 55500000         (adybug_screen.inc):00818                 fcb     $55,$50,$00,$00
EE94 55000000         (adybug_screen.inc):00819                 fcb     $55,$00,$00,$00
EE98 00000000         (adybug_screen.inc):00820                 fcb     $00,$00,$00,$00
EE9C 00000000         (adybug_screen.inc):00821                 fcb     $00,$00,$00,$00
EEA0 00000000         (adybug_screen.inc):00822                 fcb     $00,$00,$00,$00
EEA4 00000000         (adybug_screen.inc):00823                 fcb     $00,$00,$00,$00
EEA8 00000000         (adybug_screen.inc):00824                 fcb     $00,$00,$00,$00
EEAC 00000000         (adybug_screen.inc):00825                 fcb     $00,$00,$00,$00
                      (adybug_screen.inc):00826         ; tile 87
EEB0 55000000         (adybug_screen.inc):00827                 fcb     $55,$00,$00,$00
EEB4 55500000         (adybug_screen.inc):00828                 fcb     $55,$50,$00,$00
EEB8 05550000         (adybug_screen.inc):00829                 fcb     $05,$55,$00,$00
EEBC 00555000         (adybug_screen.inc):00830                 fcb     $00,$55,$50,$00
EEC0 00055500         (adybug_screen.inc):00831                 fcb     $00,$05,$55,$00
EEC4 00005550         (adybug_screen.inc):00832                 fcb     $00,$00,$55,$50
EEC8 00000555         (adybug_screen.inc):00833                 fcb     $00,$00,$05,$55
EECC 00000055         (adybug_screen.inc):00834                 fcb     $00,$00,$00,$55
                      (adybug_screen.inc):00835         ; tile 88
EED0 99900000         (adybug_screen.inc):00836                 fcb     $99,$90,$00,$00
EED4 99900000         (adybug_screen.inc):00837                 fcb     $99,$90,$00,$00
EED8 99550000         (adybug_screen.inc):00838                 fcb     $99,$55,$00,$00
EEDC 00555000         (adybug_screen.inc):00839                 fcb     $00,$55,$50,$00
EEE0 00055500         (adybug_screen.inc):00840                 fcb     $00,$05,$55,$00
EEE4 00005550         (adybug_screen.inc):00841                 fcb     $00,$00,$55,$50
EEE8 00000555         (adybug_screen.inc):00842                 fcb     $00,$00,$05,$55
EEEC 00000055         (adybug_screen.inc):00843                 fcb     $00,$00,$00,$55
                      (adybug_screen.inc):00844         ; tile 89
EEF0 00000000         (adybug_screen.inc):00845                 fcb     $00,$00,$00,$00
EEF4 00000000         (adybug_screen.inc):00846                 fcb     $00,$00,$00,$00
EEF8 00000000         (adybug_screen.inc):00847                 fcb     $00,$00,$00,$00
EEFC 00000000         (adybug_screen.inc):00848                 fcb     $00,$00,$00,$00
EF00 00000000         (adybug_screen.inc):00849                 fcb     $00,$00,$00,$00
EF04 00000000         (adybug_screen.inc):00850                 fcb     $00,$00,$00,$00
EF08 00000000         (adybug_screen.inc):00851                 fcb     $00,$00,$00,$00
EF0C 50000000         (adybug_screen.inc):00852                 fcb     $50,$00,$00,$00
                      (adybug_screen.inc):00853         ; tile 90
EF10 00000005         (adybug_screen.inc):00854                 fcb     $00,$00,$00,$05
EF14 00000000         (adybug_screen.inc):00855                 fcb     $00,$00,$00,$00
EF18 00000000         (adybug_screen.inc):00856                 fcb     $00,$00,$00,$00
EF1C 00000000         (adybug_screen.inc):00857                 fcb     $00,$00,$00,$00
EF20 00000000         (adybug_screen.inc):00858                 fcb     $00,$00,$00,$00
EF24 00000000         (adybug_screen.inc):00859                 fcb     $00,$00,$00,$00
EF28 00000000         (adybug_screen.inc):00860                 fcb     $00,$00,$00,$00
EF2C 00000000         (adybug_screen.inc):00861                 fcb     $00,$00,$00,$00
                      (adybug_screen.inc):00862         ; tile 91
EF30 55000000         (adybug_screen.inc):00863                 fcb     $55,$00,$00,$00
EF34 55000000         (adybug_screen.inc):00864                 fcb     $55,$00,$00,$00
EF38 00000000         (adybug_screen.inc):00865                 fcb     $00,$00,$00,$00
EF3C 00000000         (adybug_screen.inc):00866                 fcb     $00,$00,$00,$00
EF40 00000000         (adybug_screen.inc):00867                 fcb     $00,$00,$00,$00
EF44 00000000         (adybug_screen.inc):00868                 fcb     $00,$00,$00,$00
EF48 00000000         (adybug_screen.inc):00869                 fcb     $00,$00,$00,$00
EF4C 00000000         (adybug_screen.inc):00870                 fcb     $00,$00,$00,$00
                      (adybug_screen.inc):00871         
                      (adybug_screen.inc):00872         ; Four gate states; each record is signed dx, signed dy, tile ID.
EF50                  (adybug_screen.inc):00873         gate_state_tiles
                      (adybug_screen.inc):00874         ; state 0
EF50 00FF19           (adybug_screen.inc):00875                 fcb     $00,$FF,$19
EF53 FE0050           (adybug_screen.inc):00876                 fcb     $FE,$00,$50
EF56 FF001E           (adybug_screen.inc):00877                 fcb     $FF,$00,$1E
EF59 00001F           (adybug_screen.inc):00878                 fcb     $00,$00,$1F
EF5C 010020           (adybug_screen.inc):00879                 fcb     $01,$00,$20
                      (adybug_screen.inc):00880         ; state 1
EF5F FF002E           (adybug_screen.inc):00881                 fcb     $FF,$00,$2E
EF62 00FE51           (adybug_screen.inc):00882                 fcb     $00,$FE,$51
EF65 00FF27           (adybug_screen.inc):00883                 fcb     $00,$FF,$27
EF68 00002F           (adybug_screen.inc):00884                 fcb     $00,$00,$2F
EF6B 000132           (adybug_screen.inc):00885                 fcb     $00,$01,$32
                      (adybug_screen.inc):00886         ; state 2
EF6E 00FF19           (adybug_screen.inc):00887                 fcb     $00,$FF,$19
EF71 FE0050           (adybug_screen.inc):00888                 fcb     $FE,$00,$50
EF74 FF001E           (adybug_screen.inc):00889                 fcb     $FF,$00,$1E
EF77 00001F           (adybug_screen.inc):00890                 fcb     $00,$00,$1F
EF7A 010020           (adybug_screen.inc):00891                 fcb     $01,$00,$20
                      (adybug_screen.inc):00892         ; state 3
EF7D FF002E           (adybug_screen.inc):00893                 fcb     $FF,$00,$2E
EF80 00FE51           (adybug_screen.inc):00894                 fcb     $00,$FE,$51
EF83 00FF27           (adybug_screen.inc):00895                 fcb     $00,$FF,$27
EF86 00002F           (adybug_screen.inc):00896                 fcb     $00,$00,$2F
EF89 000132           (adybug_screen.inc):00897                 fcb     $00,$01,$32
                      (adybug_screen.inc):00898         
                      (adybug_screen.inc):00899         ; Slash then backslash one-Vbord gate intermediates.
EF8C                  (adybug_screen.inc):00900         gate_diagonal_tiles
                      (adybug_screen.inc):00901         ; diagonal style 0
EF8C 00FF52           (adybug_screen.inc):00902                 fcb     $00,$FF,$52
EF8F 01FF53           (adybug_screen.inc):00903                 fcb     $01,$FF,$53
EF92 FF0054           (adybug_screen.inc):00904                 fcb     $FF,$00,$54
EF95 000055           (adybug_screen.inc):00905                 fcb     $00,$00,$55
EF98 010005           (adybug_screen.inc):00906                 fcb     $01,$00,$05
EF9B FF0156           (adybug_screen.inc):00907                 fcb     $FF,$01,$56
EF9E 000105           (adybug_screen.inc):00908                 fcb     $00,$01,$05
                      (adybug_screen.inc):00909         ; diagonal style 1
EFA1 FFFF57           (adybug_screen.inc):00910                 fcb     $FF,$FF,$57
EFA4 00FF19           (adybug_screen.inc):00911                 fcb     $00,$FF,$19
EFA7 FF002E           (adybug_screen.inc):00912                 fcb     $FF,$00,$2E
EFAA 000058           (adybug_screen.inc):00913                 fcb     $00,$00,$58
EFAD 010059           (adybug_screen.inc):00914                 fcb     $01,$00,$59
EFB0 00015A           (adybug_screen.inc):00915                 fcb     $00,$01,$5A
EFB3 01015B           (adybug_screen.inc):00916                 fcb     $01,$01,$5B
                      (adybug_screen.inc):00917         
                      (adybug_screen.inc):00918         ; Seven gate-free contextual background tile IDs per gate.
EFB6                  (adybug_screen.inc):00919         gate_background_tiles
EFB6 10051705050505   (adybug_screen.inc):00920                 fcb     $10,$05,$17,$05,$05,$05,$05
EFBD 10051705050505   (adybug_screen.inc):00921                 fcb     $10,$05,$17,$05,$05,$05,$05
EFC4 10052D05050505   (adybug_screen.inc):00922                 fcb     $10,$05,$2D,$05,$05,$05,$05
EFCB 2D052D05050505   (adybug_screen.inc):00923                 fcb     $2D,$05,$2D,$05,$05,$05,$05
EFD2 2D051705050505   (adybug_screen.inc):00924                 fcb     $2D,$05,$17,$05,$05,$05,$05
EFD9 2D052D05050505   (adybug_screen.inc):00925                 fcb     $2D,$05,$2D,$05,$05,$05,$05
EFE0 10051705050505   (adybug_screen.inc):00926                 fcb     $10,$05,$17,$05,$05,$05,$05
EFE7 2D051705050505   (adybug_screen.inc):00927                 fcb     $2D,$05,$17,$05,$05,$05,$05
EFEE 10051705050505   (adybug_screen.inc):00928                 fcb     $10,$05,$17,$05,$05,$05,$05
EFF5 2D052D05050505   (adybug_screen.inc):00929                 fcb     $2D,$05,$2D,$05,$05,$05,$05
EFFC 2D052D05050505   (adybug_screen.inc):00930                 fcb     $2D,$05,$2D,$05,$05,$05,$05
F003 2D052D05050505   (adybug_screen.inc):00931                 fcb     $2D,$05,$2D,$05,$05,$05,$05
F00A 2D051705050505   (adybug_screen.inc):00932                 fcb     $2D,$05,$17,$05,$05,$05,$05
F011 2D051705050505   (adybug_screen.inc):00933                 fcb     $2D,$05,$17,$05,$05,$05,$05
F018 2D051705050505   (adybug_screen.inc):00934                 fcb     $2D,$05,$17,$05,$05,$05,$05
F01F 2D051705050505   (adybug_screen.inc):00935                 fcb     $2D,$05,$17,$05,$05,$05,$05
F026 10052D05050505   (adybug_screen.inc):00936                 fcb     $10,$05,$2D,$05,$05,$05,$05
F02D 2D051705050505   (adybug_screen.inc):00937                 fcb     $2D,$05,$17,$05,$05,$05,$05
F034 10052D05050505   (adybug_screen.inc):00938                 fcb     $10,$05,$2D,$05,$05,$05,$05
F03B 10052D05050505   (adybug_screen.inc):00939                 fcb     $10,$05,$2D,$05,$05,$05,$05
                      (adybug_screen.inc):00940         
                      (adybug_screen.inc):00941         ; Overlapping visual-union neighbour ID+1, or zero.
F042                  (adybug_screen.inc):00942         gate_redraw_neighbors
F042 00000500030A0000 (adybug_screen.inc):00943                 fcb     $00,$00,$05,$00,$03,$0A,$00,$00,$00,$06,$0D,$0F,$0B,$00,$0C,$00,$00,$00,$00,$00
     00060D0F0B000C00
     00000000
                      (adybug_screen.inc):00944         
F056                  (adybug_screen.inc):00945         hud_digit_tiles
                      (adybug_screen.inc):00946         ; digit 0: colour-1 mask
F056 00000000         (adybug_screen.inc):00947                 fcb     $00,$00,$00,$00
F05A 00111110         (adybug_screen.inc):00948                 fcb     $00,$11,$11,$10
F05E 01100011         (adybug_screen.inc):00949                 fcb     $01,$10,$00,$11
F062 01000001         (adybug_screen.inc):00950                 fcb     $01,$00,$00,$01
F066 01000001         (adybug_screen.inc):00951                 fcb     $01,$00,$00,$01
F06A 01100011         (adybug_screen.inc):00952                 fcb     $01,$10,$00,$11
F06E 00111110         (adybug_screen.inc):00953                 fcb     $00,$11,$11,$10
F072 00000000         (adybug_screen.inc):00954                 fcb     $00,$00,$00,$00
                      (adybug_screen.inc):00955         ; digit 1: colour-1 mask
F076 00000000         (adybug_screen.inc):00956                 fcb     $00,$00,$00,$00
F07A 00001000         (adybug_screen.inc):00957                 fcb     $00,$00,$10,$00
F07E 00011000         (adybug_screen.inc):00958                 fcb     $00,$01,$10,$00
F082 00001000         (adybug_screen.inc):00959                 fcb     $00,$00,$10,$00
F086 00001000         (adybug_screen.inc):00960                 fcb     $00,$00,$10,$00
F08A 00001000         (adybug_screen.inc):00961                 fcb     $00,$00,$10,$00
F08E 00011100         (adybug_screen.inc):00962                 fcb     $00,$01,$11,$00
F092 00000000         (adybug_screen.inc):00963                 fcb     $00,$00,$00,$00
                      (adybug_screen.inc):00964         ; digit 2: colour-1 mask
F096 00000000         (adybug_screen.inc):00965                 fcb     $00,$00,$00,$00
F09A 00111110         (adybug_screen.inc):00966                 fcb     $00,$11,$11,$10
F09E 01100011         (adybug_screen.inc):00967                 fcb     $01,$10,$00,$11
F0A2 00000011         (adybug_screen.inc):00968                 fcb     $00,$00,$00,$11
F0A6 00111110         (adybug_screen.inc):00969                 fcb     $00,$11,$11,$10
F0AA 01100000         (adybug_screen.inc):00970                 fcb     $01,$10,$00,$00
F0AE 01111111         (adybug_screen.inc):00971                 fcb     $01,$11,$11,$11
F0B2 00000000         (adybug_screen.inc):00972                 fcb     $00,$00,$00,$00
                      (adybug_screen.inc):00973         ; digit 3: colour-1 mask
F0B6 00000000         (adybug_screen.inc):00974                 fcb     $00,$00,$00,$00
F0BA 01111111         (adybug_screen.inc):00975                 fcb     $01,$11,$11,$11
F0BE 00000011         (adybug_screen.inc):00976                 fcb     $00,$00,$00,$11
F0C2 00011110         (adybug_screen.inc):00977                 fcb     $00,$01,$11,$10
F0C6 00000011         (adybug_screen.inc):00978                 fcb     $00,$00,$00,$11
F0CA 01100011         (adybug_screen.inc):00979                 fcb     $01,$10,$00,$11
F0CE 00111110         (adybug_screen.inc):00980                 fcb     $00,$11,$11,$10
F0D2 00000000         (adybug_screen.inc):00981                 fcb     $00,$00,$00,$00
                      (adybug_screen.inc):00982         ; digit 4: colour-1 mask
F0D6 00000000         (adybug_screen.inc):00983                 fcb     $00,$00,$00,$00
F0DA 00001110         (adybug_screen.inc):00984                 fcb     $00,$00,$11,$10
F0DE 00011010         (adybug_screen.inc):00985                 fcb     $00,$01,$10,$10
F0E2 00110010         (adybug_screen.inc):00986                 fcb     $00,$11,$00,$10
F0E6 01100010         (adybug_screen.inc):00987                 fcb     $01,$10,$00,$10
F0EA 01111111         (adybug_screen.inc):00988                 fcb     $01,$11,$11,$11
F0EE 00000010         (adybug_screen.inc):00989                 fcb     $00,$00,$00,$10
F0F2 00000000         (adybug_screen.inc):00990                 fcb     $00,$00,$00,$00
                      (adybug_screen.inc):00991         ; digit 5: colour-1 mask
F0F6 00000000         (adybug_screen.inc):00992                 fcb     $00,$00,$00,$00
F0FA 01111110         (adybug_screen.inc):00993                 fcb     $01,$11,$11,$10
F0FE 01000000         (adybug_screen.inc):00994                 fcb     $01,$00,$00,$00
F102 01111110         (adybug_screen.inc):00995                 fcb     $01,$11,$11,$10
F106 00000011         (adybug_screen.inc):00996                 fcb     $00,$00,$00,$11
F10A 01100011         (adybug_screen.inc):00997                 fcb     $01,$10,$00,$11
F10E 00111110         (adybug_screen.inc):00998                 fcb     $00,$11,$11,$10
F112 00000000         (adybug_screen.inc):00999                 fcb     $00,$00,$00,$00
                      (adybug_screen.inc):01000         ; digit 6: colour-1 mask
F116 00000000         (adybug_screen.inc):01001                 fcb     $00,$00,$00,$00
F11A 00111110         (adybug_screen.inc):01002                 fcb     $00,$11,$11,$10
F11E 01100000         (adybug_screen.inc):01003                 fcb     $01,$10,$00,$00
F122 01111110         (adybug_screen.inc):01004                 fcb     $01,$11,$11,$10
F126 01000011         (adybug_screen.inc):01005                 fcb     $01,$00,$00,$11
F12A 01100011         (adybug_screen.inc):01006                 fcb     $01,$10,$00,$11
F12E 00111110         (adybug_screen.inc):01007                 fcb     $00,$11,$11,$10
F132 00000000         (adybug_screen.inc):01008                 fcb     $00,$00,$00,$00
                      (adybug_screen.inc):01009         ; digit 7: colour-1 mask
F136 00000000         (adybug_screen.inc):01010                 fcb     $00,$00,$00,$00
F13A 01111111         (adybug_screen.inc):01011                 fcb     $01,$11,$11,$11
F13E 00000011         (adybug_screen.inc):01012                 fcb     $00,$00,$00,$11
F142 00000110         (adybug_screen.inc):01013                 fcb     $00,$00,$01,$10
F146 00001100         (adybug_screen.inc):01014                 fcb     $00,$00,$11,$00
F14A 00011000         (adybug_screen.inc):01015                 fcb     $00,$01,$10,$00
F14E 00110000         (adybug_screen.inc):01016                 fcb     $00,$11,$00,$00
F152 00000000         (adybug_screen.inc):01017                 fcb     $00,$00,$00,$00
                      (adybug_screen.inc):01018         ; digit 8: colour-1 mask
F156 00000000         (adybug_screen.inc):01019                 fcb     $00,$00,$00,$00
F15A 00111110         (adybug_screen.inc):01020                 fcb     $00,$11,$11,$10
F15E 01100011         (adybug_screen.inc):01021                 fcb     $01,$10,$00,$11
F162 00111110         (adybug_screen.inc):01022                 fcb     $00,$11,$11,$10
F166 01100011         (adybug_screen.inc):01023                 fcb     $01,$10,$00,$11
F16A 01100011         (adybug_screen.inc):01024                 fcb     $01,$10,$00,$11
F16E 00111110         (adybug_screen.inc):01025                 fcb     $00,$11,$11,$10
F172 00000000         (adybug_screen.inc):01026                 fcb     $00,$00,$00,$00
                      (adybug_screen.inc):01027         ; digit 9: colour-1 mask
F176 00000000         (adybug_screen.inc):01028                 fcb     $00,$00,$00,$00
F17A 00111110         (adybug_screen.inc):01029                 fcb     $00,$11,$11,$10
F17E 01100011         (adybug_screen.inc):01030                 fcb     $01,$10,$00,$11
F182 01100001         (adybug_screen.inc):01031                 fcb     $01,$10,$00,$01
F186 00111111         (adybug_screen.inc):01032                 fcb     $00,$11,$11,$11
F18A 00000011         (adybug_screen.inc):01033                 fcb     $00,$00,$00,$11
F18E 00111110         (adybug_screen.inc):01034                 fcb     $00,$11,$11,$10
F192 00000000         (adybug_screen.inc):01035                 fcb     $00,$00,$00,$00
                      (adybug_screen.inc):01036         
F196                  (adybug_screen.inc):01037         object_masks
                      (adybug_screen.inc):01038         ; object 0: skull
F196 00000000         (adybug_screen.inc):01039                 fcb     $00,$00,$00,$00
F19A 00000000         (adybug_screen.inc):01040                 fcb     $00,$00,$00,$00
F19E 00000000         (adybug_screen.inc):01041                 fcb     $00,$00,$00,$00
F1A2 00000000         (adybug_screen.inc):01042                 fcb     $00,$00,$00,$00
F1A6 0002A000         (adybug_screen.inc):01043                 fcb     $00,$02,$A0,$00
F1AA 002AAA00         (adybug_screen.inc):01044                 fcb     $00,$2A,$AA,$00
F1AE 002AAA00         (adybug_screen.inc):01045                 fcb     $00,$2A,$AA,$00
F1B2 00A08280         (adybug_screen.inc):01046                 fcb     $00,$A0,$82,$80
F1B6 00A08280         (adybug_screen.inc):01047                 fcb     $00,$A0,$82,$80
F1BA 00AAAA80         (adybug_screen.inc):01048                 fcb     $00,$AA,$AA,$80
F1BE 00A88A80         (adybug_screen.inc):01049                 fcb     $00,$A8,$8A,$80
F1C2 002AAA00         (adybug_screen.inc):01050                 fcb     $00,$2A,$AA,$00
F1C6 00222200         (adybug_screen.inc):01051                 fcb     $00,$22,$22,$00
F1CA 00000000         (adybug_screen.inc):01052                 fcb     $00,$00,$00,$00
F1CE 00000000         (adybug_screen.inc):01053                 fcb     $00,$00,$00,$00
F1D2 00000000         (adybug_screen.inc):01054                 fcb     $00,$00,$00,$00
                      (adybug_screen.inc):01055         ; object 1: heart
F1D6 F0000000         (adybug_screen.inc):01056                 fcb     $F0,$00,$00,$00
F1DA F0000000         (adybug_screen.inc):01057                 fcb     $F0,$00,$00,$00
F1DE 00000000         (adybug_screen.inc):01058                 fcb     $00,$00,$00,$00
F1E2 00000000         (adybug_screen.inc):01059                 fcb     $00,$00,$00,$00
F1E6 0002A000         (adybug_screen.inc):01060                 fcb     $00,$02,$A0,$00
F1EA 002AAA00         (adybug_screen.inc):01061                 fcb     $00,$2A,$AA,$00
F1EE 002BBA00         (adybug_screen.inc):01062                 fcb     $00,$2B,$BA,$00
F1F2 00AFFE80         (adybug_screen.inc):01063                 fcb     $00,$AF,$FE,$80
F1F6 00AFFE80         (adybug_screen.inc):01064                 fcb     $00,$AF,$FE,$80
F1FA 00ABFA80         (adybug_screen.inc):01065                 fcb     $00,$AB,$FA,$80
F1FE 002AEA00         (adybug_screen.inc):01066                 fcb     $00,$2A,$EA,$00
F202 002AAA00         (adybug_screen.inc):01067                 fcb     $00,$2A,$AA,$00
F206 0002A000         (adybug_screen.inc):01068                 fcb     $00,$02,$A0,$00
F20A 00000000         (adybug_screen.inc):01069                 fcb     $00,$00,$00,$00
F20E 00000000         (adybug_screen.inc):01070                 fcb     $00,$00,$00,$00
F212 00000000         (adybug_screen.inc):01071                 fcb     $00,$00,$00,$00
                      (adybug_screen.inc):01072         ; object 2: A
F216 00000000         (adybug_screen.inc):01073                 fcb     $00,$00,$00,$00
F21A 00000000         (adybug_screen.inc):01074                 fcb     $00,$00,$00,$00
F21E 00000000         (adybug_screen.inc):01075                 fcb     $00,$00,$00,$00
F222 00000000         (adybug_screen.inc):01076                 fcb     $00,$00,$00,$00
F226 0002A000         (adybug_screen.inc):01077                 fcb     $00,$02,$A0,$00
F22A 002AAA00         (adybug_screen.inc):01078                 fcb     $00,$2A,$AA,$00
F22E 00200200         (adybug_screen.inc):01079                 fcb     $00,$20,$02,$00
F232 00A2A280         (adybug_screen.inc):01080                 fcb     $00,$A2,$A2,$80
F236 00A2A280         (adybug_screen.inc):01081                 fcb     $00,$A2,$A2,$80
F23A 00A00280         (adybug_screen.inc):01082                 fcb     $00,$A0,$02,$80
F23E 0022A200         (adybug_screen.inc):01083                 fcb     $00,$22,$A2,$00
F242 002AAA00         (adybug_screen.inc):01084                 fcb     $00,$2A,$AA,$00
F246 0002A000         (adybug_screen.inc):01085                 fcb     $00,$02,$A0,$00
F24A 00000000         (adybug_screen.inc):01086                 fcb     $00,$00,$00,$00
F24E 00000000         (adybug_screen.inc):01087                 fcb     $00,$00,$00,$00
F252 00000000         (adybug_screen.inc):01088                 fcb     $00,$00,$00,$00
                      (adybug_screen.inc):01089         ; object 3: C
F256 00000000         (adybug_screen.inc):01090                 fcb     $00,$00,$00,$00
F25A 00000000         (adybug_screen.inc):01091                 fcb     $00,$00,$00,$00
F25E 00000000         (adybug_screen.inc):01092                 fcb     $00,$00,$00,$00
F262 00000000         (adybug_screen.inc):01093                 fcb     $00,$00,$00,$00
F266 0002A000         (adybug_screen.inc):01094                 fcb     $00,$02,$A0,$00
F26A 002AAA00         (adybug_screen.inc):01095                 fcb     $00,$2A,$AA,$00
F26E 00200200         (adybug_screen.inc):01096                 fcb     $00,$20,$02,$00
F272 00A2AA80         (adybug_screen.inc):01097                 fcb     $00,$A2,$AA,$80
F276 00A2AA80         (adybug_screen.inc):01098                 fcb     $00,$A2,$AA,$80
F27A 00A2AA80         (adybug_screen.inc):01099                 fcb     $00,$A2,$AA,$80
F27E 00200200         (adybug_screen.inc):01100                 fcb     $00,$20,$02,$00
F282 002AAA00         (adybug_screen.inc):01101                 fcb     $00,$2A,$AA,$00
F286 0002A000         (adybug_screen.inc):01102                 fcb     $00,$02,$A0,$00
F28A 00000000         (adybug_screen.inc):01103                 fcb     $00,$00,$00,$00
F28E 00000000         (adybug_screen.inc):01104                 fcb     $00,$00,$00,$00
F292 00000000         (adybug_screen.inc):01105                 fcb     $00,$00,$00,$00
                      (adybug_screen.inc):01106         ; object 4: E
F296 00000000         (adybug_screen.inc):01107                 fcb     $00,$00,$00,$00
F29A 00000000         (adybug_screen.inc):01108                 fcb     $00,$00,$00,$00
F29E 00000000         (adybug_screen.inc):01109                 fcb     $00,$00,$00,$00
F2A2 00000000         (adybug_screen.inc):01110                 fcb     $00,$00,$00,$00
F2A6 0002A000         (adybug_screen.inc):01111                 fcb     $00,$02,$A0,$00
F2AA 002AAA00         (adybug_screen.inc):01112                 fcb     $00,$2A,$AA,$00
F2AE 00200200         (adybug_screen.inc):01113                 fcb     $00,$20,$02,$00
F2B2 00A2AA80         (adybug_screen.inc):01114                 fcb     $00,$A2,$AA,$80
F2B6 00A00A80         (adybug_screen.inc):01115                 fcb     $00,$A0,$0A,$80
F2BA 00A2AA80         (adybug_screen.inc):01116                 fcb     $00,$A2,$AA,$80
F2BE 00200200         (adybug_screen.inc):01117                 fcb     $00,$20,$02,$00
F2C2 002AAA00         (adybug_screen.inc):01118                 fcb     $00,$2A,$AA,$00
F2C6 0002A000         (adybug_screen.inc):01119                 fcb     $00,$02,$A0,$00
F2CA 00000000         (adybug_screen.inc):01120                 fcb     $00,$00,$00,$00
F2CE 00000000         (adybug_screen.inc):01121                 fcb     $00,$00,$00,$00
F2D2 00000000         (adybug_screen.inc):01122                 fcb     $00,$00,$00,$00
                      (adybug_screen.inc):01123         ; object 5: I
F2D6 00000000         (adybug_screen.inc):01124                 fcb     $00,$00,$00,$00
F2DA 00000000         (adybug_screen.inc):01125                 fcb     $00,$00,$00,$00
F2DE 00000000         (adybug_screen.inc):01126                 fcb     $00,$00,$00,$00
F2E2 00000000         (adybug_screen.inc):01127                 fcb     $00,$00,$00,$00
F2E6 0002A000         (adybug_screen.inc):01128                 fcb     $00,$02,$A0,$00
F2EA 002AAA00         (adybug_screen.inc):01129                 fcb     $00,$2A,$AA,$00
F2EE 00280A00         (adybug_screen.inc):01130                 fcb     $00,$28,$0A,$00
F2F2 00AA2A80         (adybug_screen.inc):01131                 fcb     $00,$AA,$2A,$80
F2F6 00AA2A80         (adybug_screen.inc):01132                 fcb     $00,$AA,$2A,$80
F2FA 00AA2A80         (adybug_screen.inc):01133                 fcb     $00,$AA,$2A,$80
F2FE 00280A00         (adybug_screen.inc):01134                 fcb     $00,$28,$0A,$00
F302 002AAA00         (adybug_screen.inc):01135                 fcb     $00,$2A,$AA,$00
F306 0002A000         (adybug_screen.inc):01136                 fcb     $00,$02,$A0,$00
F30A 00000000         (adybug_screen.inc):01137                 fcb     $00,$00,$00,$00
F30E 00000000         (adybug_screen.inc):01138                 fcb     $00,$00,$00,$00
F312 00000000         (adybug_screen.inc):01139                 fcb     $00,$00,$00,$00
                      (adybug_screen.inc):01140         ; object 6: L
F316 00000000         (adybug_screen.inc):01141                 fcb     $00,$00,$00,$00
F31A 00000000         (adybug_screen.inc):01142                 fcb     $00,$00,$00,$00
F31E 00000000         (adybug_screen.inc):01143                 fcb     $00,$00,$00,$00
F322 00000000         (adybug_screen.inc):01144                 fcb     $00,$00,$00,$00
F326 0002A000         (adybug_screen.inc):01145                 fcb     $00,$02,$A0,$00
F32A 002AAA00         (adybug_screen.inc):01146                 fcb     $00,$2A,$AA,$00
F32E 0022AA00         (adybug_screen.inc):01147                 fcb     $00,$22,$AA,$00
F332 00A2AA80         (adybug_screen.inc):01148                 fcb     $00,$A2,$AA,$80
F336 00A2AA80         (adybug_screen.inc):01149                 fcb     $00,$A2,$AA,$80
F33A 00A2AA80         (adybug_screen.inc):01150                 fcb     $00,$A2,$AA,$80
F33E 00200200         (adybug_screen.inc):01151                 fcb     $00,$20,$02,$00
F342 002AAA00         (adybug_screen.inc):01152                 fcb     $00,$2A,$AA,$00
F346 0002A000         (adybug_screen.inc):01153                 fcb     $00,$02,$A0,$00
F34A 00000000         (adybug_screen.inc):01154                 fcb     $00,$00,$00,$00
F34E 00000000         (adybug_screen.inc):01155                 fcb     $00,$00,$00,$00
F352 00000000         (adybug_screen.inc):01156                 fcb     $00,$00,$00,$00
                      (adybug_screen.inc):01157         ; object 7: P
F356 00000000         (adybug_screen.inc):01158                 fcb     $00,$00,$00,$00
F35A 00000000         (adybug_screen.inc):01159                 fcb     $00,$00,$00,$00
F35E 00000000         (adybug_screen.inc):01160                 fcb     $00,$00,$00,$00
F362 00000000         (adybug_screen.inc):01161                 fcb     $00,$00,$00,$00
F366 0002A000         (adybug_screen.inc):01162                 fcb     $00,$02,$A0,$00
F36A 002AAA00         (adybug_screen.inc):01163                 fcb     $00,$2A,$AA,$00
F36E 00200200         (adybug_screen.inc):01164                 fcb     $00,$20,$02,$00
F372 00A2A280         (adybug_screen.inc):01165                 fcb     $00,$A2,$A2,$80
F376 00A00280         (adybug_screen.inc):01166                 fcb     $00,$A0,$02,$80
F37A 00A2AA80         (adybug_screen.inc):01167                 fcb     $00,$A2,$AA,$80
F37E 0022AA00         (adybug_screen.inc):01168                 fcb     $00,$22,$AA,$00
F382 002AAA00         (adybug_screen.inc):01169                 fcb     $00,$2A,$AA,$00
F386 0002A000         (adybug_screen.inc):01170                 fcb     $00,$02,$A0,$00
F38A 00000000         (adybug_screen.inc):01171                 fcb     $00,$00,$00,$00
F38E 00000000         (adybug_screen.inc):01172                 fcb     $00,$00,$00,$00
F392 00000000         (adybug_screen.inc):01173                 fcb     $00,$00,$00,$00
                      (adybug_screen.inc):01174         ; object 8: R
F396 00000000         (adybug_screen.inc):01175                 fcb     $00,$00,$00,$00
F39A 00000000         (adybug_screen.inc):01176                 fcb     $00,$00,$00,$00
F39E 00000000         (adybug_screen.inc):01177                 fcb     $00,$00,$00,$00
F3A2 00000000         (adybug_screen.inc):01178                 fcb     $00,$00,$00,$00
F3A6 0002A000         (adybug_screen.inc):01179                 fcb     $00,$02,$A0,$00
F3AA 002AAA00         (adybug_screen.inc):01180                 fcb     $00,$2A,$AA,$00
F3AE 00200200         (adybug_screen.inc):01181                 fcb     $00,$20,$02,$00
F3B2 00A2A280         (adybug_screen.inc):01182                 fcb     $00,$A2,$A2,$80
F3B6 00A00280         (adybug_screen.inc):01183                 fcb     $00,$A0,$02,$80
F3BA 00A28A80         (adybug_screen.inc):01184                 fcb     $00,$A2,$8A,$80
F3BE 00228200         (adybug_screen.inc):01185                 fcb     $00,$22,$82,$00
F3C2 002AAA00         (adybug_screen.inc):01186                 fcb     $00,$2A,$AA,$00
F3C6 0002A000         (adybug_screen.inc):01187                 fcb     $00,$02,$A0,$00
F3CA 00000000         (adybug_screen.inc):01188                 fcb     $00,$00,$00,$00
F3CE 00000000         (adybug_screen.inc):01189                 fcb     $00,$00,$00,$00
F3D2 00000000         (adybug_screen.inc):01190                 fcb     $00,$00,$00,$00
                      (adybug_screen.inc):01191         ; object 9: S
F3D6 00000000         (adybug_screen.inc):01192                 fcb     $00,$00,$00,$00
F3DA 00000000         (adybug_screen.inc):01193                 fcb     $00,$00,$00,$00
F3DE 00000000         (adybug_screen.inc):01194                 fcb     $00,$00,$00,$00
F3E2 00000000         (adybug_screen.inc):01195                 fcb     $00,$00,$00,$00
F3E6 0002A000         (adybug_screen.inc):01196                 fcb     $00,$02,$A0,$00
F3EA 002AAA00         (adybug_screen.inc):01197                 fcb     $00,$2A,$AA,$00
F3EE 00200200         (adybug_screen.inc):01198                 fcb     $00,$20,$02,$00
F3F2 00A2AA80         (adybug_screen.inc):01199                 fcb     $00,$A2,$AA,$80
F3F6 00A00280         (adybug_screen.inc):01200                 fcb     $00,$A0,$02,$80
F3FA 00AAA280         (adybug_screen.inc):01201                 fcb     $00,$AA,$A2,$80
F3FE 00200200         (adybug_screen.inc):01202                 fcb     $00,$20,$02,$00
F402 002AAA00         (adybug_screen.inc):01203                 fcb     $00,$2A,$AA,$00
F406 0002A000         (adybug_screen.inc):01204                 fcb     $00,$02,$A0,$00
F40A 00000000         (adybug_screen.inc):01205                 fcb     $00,$00,$00,$00
F40E 00000000         (adybug_screen.inc):01206                 fcb     $00,$00,$00,$00
F412 00000000         (adybug_screen.inc):01207                 fcb     $00,$00,$00,$00
                      (adybug_screen.inc):01208         ; object 10: T
F416 00000000         (adybug_screen.inc):01209                 fcb     $00,$00,$00,$00
F41A 00000000         (adybug_screen.inc):01210                 fcb     $00,$00,$00,$00
F41E 00000000         (adybug_screen.inc):01211                 fcb     $00,$00,$00,$00
F422 00000000         (adybug_screen.inc):01212                 fcb     $00,$00,$00,$00
F426 0002A000         (adybug_screen.inc):01213                 fcb     $00,$02,$A0,$00
F42A 002AAA00         (adybug_screen.inc):01214                 fcb     $00,$2A,$AA,$00
F42E 00200200         (adybug_screen.inc):01215                 fcb     $00,$20,$02,$00
F432 00AA2A80         (adybug_screen.inc):01216                 fcb     $00,$AA,$2A,$80
F436 00AA2A80         (adybug_screen.inc):01217                 fcb     $00,$AA,$2A,$80
F43A 00AA2A80         (adybug_screen.inc):01218                 fcb     $00,$AA,$2A,$80
F43E 002A2A00         (adybug_screen.inc):01219                 fcb     $00,$2A,$2A,$00
F442 002AAA00         (adybug_screen.inc):01220                 fcb     $00,$2A,$AA,$00
F446 0002A000         (adybug_screen.inc):01221                 fcb     $00,$02,$A0,$00
F44A 00000000         (adybug_screen.inc):01222                 fcb     $00,$00,$00,$00
F44E 00000000         (adybug_screen.inc):01223                 fcb     $00,$00,$00,$00
F452 00000000         (adybug_screen.inc):01224                 fcb     $00,$00,$00,$00
                      (adybug_screen.inc):01225         ; object 11: X
F456 00000000         (adybug_screen.inc):01226                 fcb     $00,$00,$00,$00
F45A 00000000         (adybug_screen.inc):01227                 fcb     $00,$00,$00,$00
F45E 00000000         (adybug_screen.inc):01228                 fcb     $00,$00,$00,$00
F462 00000000         (adybug_screen.inc):01229                 fcb     $00,$00,$00,$00
F466 0002A000         (adybug_screen.inc):01230                 fcb     $00,$02,$A0,$00
F46A 002AAA00         (adybug_screen.inc):01231                 fcb     $00,$2A,$AA,$00
F46E 0022A200         (adybug_screen.inc):01232                 fcb     $00,$22,$A2,$00
F472 00A08280         (adybug_screen.inc):01233                 fcb     $00,$A0,$82,$80
F476 00A80A80         (adybug_screen.inc):01234                 fcb     $00,$A8,$0A,$80
F47A 00A08280         (adybug_screen.inc):01235                 fcb     $00,$A0,$82,$80
F47E 0022A200         (adybug_screen.inc):01236                 fcb     $00,$22,$A2,$00
F482 002AAA00         (adybug_screen.inc):01237                 fcb     $00,$2A,$AA,$00
F486 0002A000         (adybug_screen.inc):01238                 fcb     $00,$02,$A0,$00
F48A 00000000         (adybug_screen.inc):01239                 fcb     $00,$00,$00,$00
F48E 00000000         (adybug_screen.inc):01240                 fcb     $00,$00,$00,$00
F492 00000000         (adybug_screen.inc):01241                 fcb     $00,$00,$00,$00
                      (adybug_screen.inc):01242         
F496                  (adybug_screen.inc):01243         pickup_multiplier_graphics
                      (adybug_screen.inc):01244         ; x2: R5C6 / ROM code 218
F496 0000000000000000 (adybug_screen.inc):01245                 fcb     $00,$00,$00,$00,$00,$00,$00,$00
F49E 0000030000003030 (adybug_screen.inc):01246                 fcb     $00,$00,$03,$00,$00,$00,$30,$30
F4A6 0000003030300300 (adybug_screen.inc):01247                 fcb     $00,$00,$00,$30,$30,$30,$03,$00
F4AE 0300300030303330 (adybug_screen.inc):01248                 fcb     $03,$00,$30,$00,$30,$30,$33,$30
                      (adybug_screen.inc):01249         ; x3: R4C6 / ROM code 219
F4B6 0000000000000000 (adybug_screen.inc):01250                 fcb     $00,$00,$00,$00,$00,$00,$00,$00
F4BE 0000333000000030 (adybug_screen.inc):01251                 fcb     $00,$00,$33,$30,$00,$00,$00,$30
F4C6 0000030030300030 (adybug_screen.inc):01252                 fcb     $00,$00,$03,$00,$30,$30,$00,$30
F4CE 0300303030300300 (adybug_screen.inc):01253                 fcb     $03,$00,$30,$30,$30,$30,$03,$00
                      (adybug_screen.inc):01254         ; x5: R2C6 / ROM code 221
F4D6 0000000000000000 (adybug_screen.inc):01255                 fcb     $00,$00,$00,$00,$00,$00,$00,$00
F4DE 0000333000003000 (adybug_screen.inc):01256                 fcb     $00,$00,$33,$30,$00,$00,$30,$00
F4E6 0000330030300030 (adybug_screen.inc):01257                 fcb     $00,$00,$33,$00,$30,$30,$00,$30
F4EE 0300303030300300 (adybug_screen.inc):01258                 fcb     $03,$00,$30,$30,$30,$30,$03,$00
                      (adybug_screen.inc):01259         
F4F6                  (adybug_screen.inc):01260         score_sprites
                      (adybug_screen.inc):01261                 ; frame 0: R1C6 / ROM code 54
F4F6 0000000000000000 (adybug_screen.inc):01262                 fcb     $00,$00,$00,$00,$00,$00,$00,$00
F4FE 0000000000000000 (adybug_screen.inc):01263                 fcb     $00,$00,$00,$00,$00,$00,$00,$00
F506 0000000000C0C0C0 (adybug_screen.inc):01264                 fcb     $00,$00,$00,$00,$00,$C0,$C0,$C0
F50E 03C3333000C33330 (adybug_screen.inc):01265                 fcb     $03,$C3,$33,$30,$00,$C3,$33,$30
F516 00C3333000C33330 (adybug_screen.inc):01266                 fcb     $00,$C3,$33,$30,$00,$C3,$33,$30
F51E 03F0C0C000000000 (adybug_screen.inc):01267                 fcb     $03,$F0,$C0,$C0,$00,$00,$00,$00
F526 0000000000000000 (adybug_screen.inc):01268                 fcb     $00,$00,$00,$00,$00,$00,$00,$00
F52E 0000000000000000 (adybug_screen.inc):01269                 fcb     $00,$00,$00,$00,$00,$00,$00,$00
                      (adybug_screen.inc):01270                 ; frame 1: R0C6 / ROM code 55
F536 0000000000000000 (adybug_screen.inc):01271                 fcb     $00,$00,$00,$00,$00,$00,$00,$00
F53E 0000000000000000 (adybug_screen.inc):01272                 fcb     $00,$00,$00,$00,$00,$00,$00,$00
F546 0000000003F0C0C0 (adybug_screen.inc):01273                 fcb     $00,$00,$00,$00,$03,$F0,$C0,$C0
F54E 0033333000C33330 (adybug_screen.inc):01274                 fcb     $00,$33,$33,$30,$00,$C3,$33,$30
F556 0033333003333330 (adybug_screen.inc):01275                 fcb     $00,$33,$33,$30,$03,$33,$33,$30
F55E 00C0C0C000000000 (adybug_screen.inc):01276                 fcb     $00,$C0,$C0,$C0,$00,$00,$00,$00
F566 0000000000000000 (adybug_screen.inc):01277                 fcb     $00,$00,$00,$00,$00,$00,$00,$00
F56E 0000000000000000 (adybug_screen.inc):01278                 fcb     $00,$00,$00,$00,$00,$00,$00,$00
                      (adybug_screen.inc):01279                 ; frame 2: R7C7 / ROM code 56
F576 0000000000000000 (adybug_screen.inc):01280                 fcb     $00,$00,$00,$00,$00,$00,$00,$00
F57E 0000000000000000 (adybug_screen.inc):01281                 fcb     $00,$00,$00,$00,$00,$00,$00,$00
F586 0000000000C0C0C0 (adybug_screen.inc):01282                 fcb     $00,$00,$00,$00,$00,$C0,$C0,$C0
F58E 0333333000C33330 (adybug_screen.inc):01283                 fcb     $03,$33,$33,$30,$00,$C3,$33,$30
F596 0333333003333330 (adybug_screen.inc):01284                 fcb     $03,$33,$33,$30,$03,$33,$33,$30
F59E 00C0C0C000000000 (adybug_screen.inc):01285                 fcb     $00,$C0,$C0,$C0,$00,$00,$00,$00
F5A6 0000000000000000 (adybug_screen.inc):01286                 fcb     $00,$00,$00,$00,$00,$00,$00,$00
F5AE 0000000000000000 (adybug_screen.inc):01287                 fcb     $00,$00,$00,$00,$00,$00,$00,$00
                      (adybug_screen.inc):01288         
F5B6                  (adybug_screen.inc):01289         enemy_sprites
                      (adybug_screen.inc):01290                 ; frame 0: R4C1 / ROM code 11
F5B6 0050005001000004 (adybug_screen.inc):01291                 fcb     $00,$50,$00,$50,$01,$00,$00,$04
F5BE 013000C40140A014 (adybug_screen.inc):01292                 fcb     $01,$30,$00,$C4,$01,$40,$A0,$14
F5C6 004EAB1002155548 (adybug_screen.inc):01293                 fcb     $00,$4E,$AB,$10,$02,$15,$55,$48
F5CE 0255555801575D54 (adybug_screen.inc):01294                 fcb     $02,$55,$55,$58,$01,$57,$5D,$54
F5D6 0155555401575D54 (adybug_screen.inc):01295                 fcb     $01,$55,$55,$54,$01,$57,$5D,$54
F5DE 0155555400575D50 (adybug_screen.inc):01296                 fcb     $01,$55,$55,$54,$00,$57,$5D,$50
F5E6 0255555802175D48 (adybug_screen.inc):01297                 fcb     $02,$55,$55,$58,$02,$17,$5D,$48
F5EE 0201540800000000 (adybug_screen.inc):01298                 fcb     $02,$01,$54,$08,$00,$00,$00,$00
                      (adybug_screen.inc):01299                 ; frame 1: R5C1 / ROM code 10
F5F6 003C03C000400010 (adybug_screen.inc):01300                 fcb     $00,$3C,$03,$C0,$00,$40,$00,$10
F5FE 004C03100050A040 (adybug_screen.inc):01301                 fcb     $00,$4C,$03,$10,$00,$50,$A0,$40
F606 021EAB4802155548 (adybug_screen.inc):01302                 fcb     $02,$1E,$AB,$48,$02,$15,$55,$48
F60E 0055555001575D54 (adybug_screen.inc):01303                 fcb     $00,$55,$55,$50,$01,$57,$5D,$54
F616 0155555401575D54 (adybug_screen.inc):01304                 fcb     $01,$55,$55,$54,$01,$57,$5D,$54
F61E 0155555400575D50 (adybug_screen.inc):01305                 fcb     $01,$55,$55,$54,$00,$57,$5D,$50
F626 0255555802175D48 (adybug_screen.inc):01306                 fcb     $02,$55,$55,$58,$02,$17,$5D,$48
F62E 0001540000000000 (adybug_screen.inc):01307                 fcb     $00,$01,$54,$00,$00,$00,$00,$00
                      (adybug_screen.inc):01308                 ; frame 2: R6C1 / ROM code 9
F636 0005050000100040 (adybug_screen.inc):01309                 fcb     $00,$05,$05,$00,$00,$10,$00,$40
F63E 001104400204A148 (adybug_screen.inc):01310                 fcb     $00,$11,$04,$40,$02,$04,$A1,$48
F646 020EAB0802155548 (adybug_screen.inc):01311                 fcb     $02,$0E,$AB,$08,$02,$15,$55,$48
F64E 0055555001575D54 (adybug_screen.inc):01312                 fcb     $00,$55,$55,$50,$01,$57,$5D,$54
F656 0155555401575D54 (adybug_screen.inc):01313                 fcb     $01,$55,$55,$54,$01,$57,$5D,$54
F65E 0155555402575D58 (adybug_screen.inc):01314                 fcb     $01,$55,$55,$54,$02,$57,$5D,$58
F666 0255555800175D40 (adybug_screen.inc):01315                 fcb     $02,$55,$55,$58,$00,$17,$5D,$40
F66E 0001540000000000 (adybug_screen.inc):01316                 fcb     $00,$01,$54,$00,$00,$00,$00,$00
                      (adybug_screen.inc):01317                 ; frame 3: R5C1 / ROM code 10
F676 003C03C000400010 (adybug_screen.inc):01318                 fcb     $00,$3C,$03,$C0,$00,$40,$00,$10
F67E 004C03100050A040 (adybug_screen.inc):01319                 fcb     $00,$4C,$03,$10,$00,$50,$A0,$40
F686 021EAB4802155548 (adybug_screen.inc):01320                 fcb     $02,$1E,$AB,$48,$02,$15,$55,$48
F68E 0055555001575D54 (adybug_screen.inc):01321                 fcb     $00,$55,$55,$50,$01,$57,$5D,$54
F696 0155555401575D54 (adybug_screen.inc):01322                 fcb     $01,$55,$55,$54,$01,$57,$5D,$54
F69E 0155555400575D50 (adybug_screen.inc):01323                 fcb     $01,$55,$55,$54,$00,$57,$5D,$50
F6A6 0255555802175D48 (adybug_screen.inc):01324                 fcb     $02,$55,$55,$58,$02,$17,$5D,$48
F6AE 0001540000000000 (adybug_screen.inc):01325                 fcb     $00,$01,$54,$00,$00,$00,$00,$00
                      (adybug/src/main.s):03247                 include "ladybug_maze.inc"
                      ( ladybug_maze.inc):00001         ; Generated by scripts/derive_maze.py. Do not edit.
                      ( ladybug_maze.inc):00002         ; Source: assets/arcade/maze_capture.bin + maze_capture.json
                      ( ladybug_maze.inc):00003         
     0018             ( ladybug_maze.inc):00004         MAZE_WIDTH          equ     24
     0018             ( ladybug_maze.inc):00005         MAZE_HEIGHT         equ     24
     0019             ( ladybug_maze.inc):00006         MAZE_STYLE_COUNT    equ     25
     0075             ( ladybug_maze.inc):00007         MAZE_DOT_COUNT      equ     117
     0014             ( ladybug_maze.inc):00008         MAZE_GATE_COUNT     equ     20
                      ( ladybug_maze.inc):00009         
                      ( ladybug_maze.inc):00010         ; bits 0-6 style ID; bit 7 initial dot
F6B6                  ( ladybug_maze.inc):00011         maze_cells
F6B6 1115151515151515 ( ladybug_maze.inc):00012                 fcb     $11,$15,$15,$15,$15,$15,$15,$15,$15,$15,$15,$15,$15,$15,$15,$15,$15,$15,$15,$15,$15,$15,$15,$12
     1515151515151515
     1515151515151512
F6CE 1801020202020202 ( ladybug_maze.inc):00013                 fcb     $18,$01,$02,$02,$02,$02,$02,$02,$02,$02,$02,$02,$02,$02,$02,$02,$02,$02,$02,$02,$02,$02,$02,$16
     0202020202020202
     0202020202020216
F6E6 18038000800A8000 ( ladybug_maze.inc):00014                 fcb     $18,$03,$80,$00,$80,$0A,$80,$00,$80,$00,$80,$00,$80,$00,$80,$00,$80,$00,$80,$0A,$80,$00,$80,$16
     8000800080008000
     8000800A80008016
F6FE 1803000906070803 ( ladybug_maze.inc):00015                 fcb     $18,$03,$00,$09,$06,$07,$08,$03,$00,$0C,$02,$03,$00,$01,$02,$0B,$00,$09,$06,$07,$08,$03,$00,$16
     000C02030001020B
     0009060708030016
F716 1803800380008003 ( ladybug_maze.inc):00016                 fcb     $18,$03,$80,$03,$80,$00,$80,$03,$80,$0D,$80,$03,$80,$03,$80,$0D,$80,$03,$80,$00,$80,$03,$80,$16
     800D80038003800D
     8003800080038016
F72E 1803000C02040004 ( ladybug_maze.inc):00017                 fcb     $18,$03,$00,$0C,$02,$04,$00,$04,$10,$0E,$00,$04,$00,$04,$10,$0E,$00,$04,$00,$02,$02,$0B,$00,$16
     100E00040004100E
     00040002020B0016
F746 1803800D8000800A ( ladybug_maze.inc):00018                 fcb     $18,$03,$80,$0D,$80,$00,$80,$0A,$80,$0F,$80,$00,$80,$00,$80,$0F,$80,$0A,$80,$00,$80,$0D,$80,$16
     800F80008000800F
     800A8000800D8016
F75E 1803100E00090607 ( ladybug_maze.inc):00019                 fcb     $18,$03,$10,$0E,$00,$09,$06,$07,$08,$02,$02,$03,$00,$01,$02,$05,$06,$07,$08,$03,$10,$0E,$00,$16
     0802020300010205
     06070803100E0016
F776 1803800F80038000 ( ladybug_maze.inc):00020                 fcb     $18,$03,$80,$0F,$80,$03,$80,$00,$80,$0A,$80,$03,$80,$03,$80,$0A,$80,$00,$80,$03,$80,$0F,$80,$16
     800A80038003800A
     80008003800F8016
F78E 1803000202040009 ( ladybug_maze.inc):00021                 fcb     $18,$03,$00,$02,$02,$04,$00,$09,$06,$07,$08,$04,$00,$05,$06,$07,$08,$03,$00,$02,$02,$04,$00,$16
     0607080400050607
     0803000202040016
F7A6 1803800080008003 ( ladybug_maze.inc):00022                 fcb     $18,$03,$80,$00,$80,$00,$80,$03,$80,$00,$80,$00,$80,$00,$80,$00,$80,$03,$80,$00,$80,$00,$80,$16
     8000800080008000
     8003800080008016
F7BE 180300020203000B ( ladybug_maze.inc):00023                 fcb     $18,$03,$00,$02,$02,$03,$00,$0B,$00,$03,$00,$03,$00,$03,$00,$03,$00,$0B,$00,$01,$02,$04,$00,$16
     0003000300030003
     000B000102040016
F7D6 180380008003800D ( ladybug_maze.inc):00024                 fcb     $18,$03,$80,$00,$80,$03,$80,$0D,$80,$03,$80,$03,$00,$03,$80,$03,$80,$0D,$80,$03,$80,$00,$80,$16
     8003800300038003
     800D800380008016
F7EE 18030003000B100E ( ladybug_maze.inc):00025                 fcb     $18,$03,$00,$03,$00,$0B,$10,$0E,$00,$0B,$00,$02,$02,$04,$00,$0B,$10,$0E,$00,$0B,$00,$03,$00,$16
     000B00020204000B
     100E000B00030016
F806 18038003800D800F ( ladybug_maze.inc):00026                 fcb     $18,$03,$80,$03,$80,$0D,$80,$0F,$80,$0D,$80,$00,$80,$00,$80,$0D,$80,$0F,$80,$0D,$80,$03,$80,$16
     800D80008000800D
     800F800D80038016
F81E 18030003100E0003 ( ladybug_maze.inc):00027                 fcb     $18,$03,$00,$03,$10,$0E,$00,$03,$10,$0E,$00,$03,$00,$03,$10,$0E,$00,$03,$10,$0E,$00,$03,$00,$16
     100E00030003100E
     0003100E00030016
F836 18038003800F8003 ( ladybug_maze.inc):00028                 fcb     $18,$03,$80,$03,$80,$0F,$80,$03,$80,$0F,$80,$03,$80,$03,$80,$0F,$80,$03,$80,$0F,$80,$03,$80,$16
     800F80038003800F
     8003800F80038016
F84E 1803000202020204 ( ladybug_maze.inc):00029                 fcb     $18,$03,$00,$02,$02,$02,$02,$04,$00,$02,$02,$04,$00,$02,$02,$04,$00,$04,$00,$02,$02,$04,$00,$16
     0002020400020204
     0004000202040016
F866 1803800080008000 ( ladybug_maze.inc):00030                 fcb     $18,$03,$80,$00,$80,$00,$80,$00,$80,$0A,$80,$00,$00,$00,$80,$0A,$80,$00,$80,$00,$80,$00,$80,$16
     800A80000000800A
     8000800080008016
F87E 1803000102020205 ( ladybug_maze.inc):00031                 fcb     $18,$03,$00,$01,$02,$02,$02,$05,$06,$07,$08,$03,$00,$09,$06,$07,$08,$02,$02,$02,$02,$03,$00,$16
     0607080300090607
     0802020202030016
F896 18038003800A8000 ( ladybug_maze.inc):00032                 fcb     $18,$03,$80,$03,$80,$0A,$80,$00,$80,$00,$80,$03,$00,$03,$80,$00,$80,$00,$80,$0A,$80,$03,$80,$16
     8000800300038000
     8000800A80038016
F8AE 1803000506070802 ( ladybug_maze.inc):00033                 fcb     $18,$03,$00,$05,$06,$07,$08,$02,$02,$04,$00,$04,$00,$04,$00,$02,$02,$05,$06,$07,$08,$04,$00,$16
     0204000400040002
     0205060708040016
F8C6 1803800080008000 ( ladybug_maze.inc):00034                 fcb     $18,$03,$80,$00,$80,$00,$80,$00,$80,$00,$80,$00,$00,$00,$80,$00,$80,$00,$80,$00,$80,$00,$80,$16
     8000800000008000
     8000800080008016
F8DE 1417171717171717 ( ladybug_maze.inc):00035                 fcb     $14,$17,$17,$17,$17,$17,$17,$17,$17,$17,$17,$17,$17,$17,$17,$17,$17,$17,$17,$17,$17,$17,$17,$13
     1717171717171717
     1717171717171713
                      ( ladybug_maze.inc):00036         
                      ( ladybug_maze.inc):00037         ; bits 0-3 N/E/S/W; bit4 gate; bit5 nest; bit6 perimeter
F8F6                  ( ladybug_maze.inc):00038         maze_nav
F8F6 4040404040404040 ( ladybug_maze.inc):00039                 fcb     $40,$40,$40,$40,$40,$40,$40,$40,$40,$40,$40,$40,$40,$40,$40,$40,$40,$40,$40,$40,$40,$40,$40,$40
     4040404040404040
     4040404040404040
F90E 4000000000000000 ( ladybug_maze.inc):00040                 fcb     $40,$00,$00,$00,$00,$00,$00,$00,$00,$00,$00,$00,$00,$00,$00,$00,$00,$00,$00,$00,$00,$00,$00,$40
     0000000000000000
     0000000000000040
F926 4000060A0E1A0E0A ( ladybug_maze.inc):00041                 fcb     $40,$00,$06,$0A,$0E,$1A,$0E,$0A,$0E,$0A,$0A,$0A,$0E,$0A,$0A,$0A,$0E,$0A,$0E,$1A,$0E,$0A,$0C,$40
     0E0A0A0A0E0A0A0A
     0E0A0E1A0E0A0C40
F93E 4000050015101500 ( ladybug_maze.inc):00042                 fcb     $40,$00,$05,$00,$15,$10,$15,$00,$05,$00,$00,$00,$05,$00,$00,$00,$05,$00,$15,$10,$15,$00,$05,$40
     0500000005000000
     0500151015000540
F956 40000500030A0D00 ( ladybug_maze.inc):00043                 fcb     $40,$00,$05,$00,$03,$0A,$0D,$00,$07,$1A,$0C,$00,$05,$00,$06,$1A,$0D,$00,$07,$0A,$09,$00,$05,$40
     071A0C000500061A
     0D00070A09000540
F96E 4000050000000500 ( ladybug_maze.inc):00044                 fcb     $40,$00,$05,$00,$00,$00,$05,$00,$15,$10,$05,$00,$05,$00,$15,$10,$05,$00,$05,$00,$00,$00,$05,$40
     1510050005001510
     0500050000000540
F986 4000071A0E0A0F1A ( ladybug_maze.inc):00045                 fcb     $40,$00,$07,$1A,$0E,$0A,$0F,$1A,$0F,$1A,$0B,$0A,$0F,$0A,$0B,$1A,$0F,$1A,$0F,$0A,$0E,$1A,$0D,$40
     0F1A0B0A0F0A0B1A
     0F1A0F0A0E1A0D40
F99E 4000151005001510 ( ladybug_maze.inc):00046                 fcb     $40,$00,$15,$10,$05,$00,$15,$10,$15,$00,$00,$00,$05,$00,$00,$00,$15,$10,$15,$00,$15,$10,$05,$40
     1500000005000000
     1510150015100540
F9B6 4000071A0900070A ( ladybug_maze.inc):00047                 fcb     $40,$00,$07,$1A,$09,$00,$07,$0A,$0F,$1A,$0C,$00,$05,$00,$06,$1A,$0F,$0A,$0D,$00,$03,$1A,$0D,$40
     0F1A0C000500061A
     0F0A0D00031A0D40
F9CE 4000050000000500 ( ladybug_maze.inc):00048                 fcb     $40,$00,$05,$00,$00,$00,$05,$00,$15,$10,$15,$00,$05,$00,$15,$10,$15,$00,$05,$00,$00,$00,$05,$40
     1510150005001510
     1500050000000540
F9E6 4000070A0A0A0D00 ( ladybug_maze.inc):00049                 fcb     $40,$00,$07,$0A,$0A,$0A,$0D,$00,$07,$0A,$0F,$0A,$0F,$0A,$0F,$0A,$0D,$00,$07,$0A,$0A,$0A,$0D,$40
     070A0F0A0F0A0F0A
     0D00070A0A0A0D40
F9FE 4000050000000500 ( ladybug_maze.inc):00050                 fcb     $40,$00,$05,$00,$00,$00,$05,$00,$05,$00,$05,$00,$25,$00,$05,$00,$05,$00,$05,$00,$00,$00,$05,$40
     0500050025000500
     0500050000000540
FA16 4000070A0C00071A ( ladybug_maze.inc):00051                 fcb     $40,$00,$07,$0A,$0C,$00,$07,$1A,$0D,$00,$05,$00,$21,$00,$05,$00,$07,$1A,$0D,$00,$06,$0A,$0D,$40
     0D00050021000500
     071A0D00060A0D40
FA2E 4000050005001510 ( ladybug_maze.inc):00052                 fcb     $40,$00,$05,$00,$05,$00,$15,$10,$05,$00,$05,$00,$00,$00,$05,$00,$15,$10,$05,$00,$05,$00,$05,$40
     0500050000000500
     1510050005000540
FA46 40000500071A0F1A ( ladybug_maze.inc):00053                 fcb     $40,$00,$05,$00,$07,$1A,$0F,$1A,$0F,$1A,$0F,$0A,$0E,$0A,$0F,$1A,$0F,$1A,$0F,$1A,$0D,$00,$05,$40
     0F1A0F0A0E0A0F1A
     0F1A0F1A0D000540
FA5E 4000050015100500 ( ladybug_maze.inc):00054                 fcb     $40,$00,$05,$00,$15,$10,$05,$00,$15,$10,$05,$00,$05,$00,$15,$10,$05,$00,$15,$10,$05,$00,$05,$40
     1510050005001510
     0500151005000540
FA76 40000500031A0900 ( ladybug_maze.inc):00055                 fcb     $40,$00,$05,$00,$03,$1A,$09,$00,$07,$1A,$09,$00,$05,$00,$03,$1A,$0D,$00,$07,$1A,$09,$00,$05,$40
     071A09000500031A
     0D00071A09000540
FA8E 4000050000000000 ( ladybug_maze.inc):00056                 fcb     $40,$00,$05,$00,$00,$00,$00,$00,$05,$00,$00,$00,$05,$00,$00,$00,$05,$00,$05,$00,$00,$00,$05,$40
     0500000005000000
     0500050000000540
FAA6 4000070A0A0A0A0A ( ladybug_maze.inc):00057                 fcb     $40,$00,$07,$0A,$0A,$0A,$0A,$0A,$0F,$1A,$0E,$0A,$0F,$0A,$0E,$1A,$0F,$0A,$0B,$0A,$0A,$0A,$0D,$40
     0F1A0E0A0F0A0E1A
     0F0A0B0A0A0A0D40
FABE 4000050000000000 ( ladybug_maze.inc):00058                 fcb     $40,$00,$05,$00,$00,$00,$00,$00,$15,$10,$15,$00,$05,$00,$15,$10,$15,$00,$00,$00,$00,$00,$05,$40
     1510150005001510
     1500000000000540
FAD6 40000500061A0E0A ( ladybug_maze.inc):00059                 fcb     $40,$00,$05,$00,$06,$1A,$0E,$0A,$0B,$0A,$0D,$00,$05,$00,$07,$0A,$0B,$0A,$0E,$1A,$0C,$00,$05,$40
     0B0A0D000500070A
     0B0A0E1A0C000540
FAEE 4000050015101500 ( ladybug_maze.inc):00060                 fcb     $40,$00,$05,$00,$15,$10,$15,$00,$00,$00,$05,$00,$05,$00,$05,$00,$00,$00,$15,$10,$15,$00,$05,$40
     0000050005000500
     0000151015000540
FB06 4000030A0B0A0B0A ( ladybug_maze.inc):00061                 fcb     $40,$00,$03,$0A,$0B,$0A,$0B,$0A,$0A,$0A,$0B,$0A,$0B,$0A,$0B,$0A,$0A,$0A,$0B,$0A,$0B,$0A,$09,$40
     0A0A0B0A0B0A0B0A
     0A0A0B0A0B0A0940
FB1E 4040404040404040 ( ladybug_maze.inc):00062                 fcb     $40,$40,$40,$40,$40,$40,$40,$40,$40,$40,$40,$40,$40,$40,$40,$40,$40,$40,$40,$40,$40,$40,$40,$40
     4040404040404040
     4040404040404040
                      ( ladybug_maze.inc):00063         
                      ( ladybug_maze.inc):00064         ; gate owner ID+1 for each cell in a gate's five-cell rotation cross
FB36                  ( ladybug_maze.inc):00065         maze_gate_owner
FB36 0000000000000000 ( ladybug_maze.inc):00066                 fcb     $00,$00,$00,$00,$00,$00,$00,$00,$00,$00,$00,$00,$00,$00,$00,$00,$00,$00,$00,$00,$00,$00,$00,$00
     0000000000000000
     0000000000000000
FB4E 0000000000000000 ( ladybug_maze.inc):00067                 fcb     $00,$00,$00,$00,$00,$00,$00,$00,$00,$00,$00,$00,$00,$00,$00,$00,$00,$00,$00,$00,$00,$00,$00,$00
     0000000000000000
     0000000000000000
FB66 0000000000010000 ( ladybug_maze.inc):00068                 fcb     $00,$00,$00,$00,$00,$01,$00,$00,$00,$00,$00,$00,$00,$00,$00,$00,$00,$00,$00,$02,$00,$00,$00,$00
     0000000000000000
     0000000200000000
FB7E 0000000001010100 ( ladybug_maze.inc):00069                 fcb     $00,$00,$00,$00,$01,$01,$01,$00,$00,$00,$00,$00,$00,$00,$00,$00,$00,$00,$02,$02,$02,$00,$00,$00
     0000000000000000
     0000020202000000
FB96 0000000000010000 ( ladybug_maze.inc):00070                 fcb     $00,$00,$00,$00,$00,$01,$00,$00,$00,$03,$00,$00,$00,$00,$00,$04,$00,$00,$00,$02,$00,$00,$00,$00
     0003000000000004
     0000000200000000
FBAE 0000000000000000 ( ladybug_maze.inc):00071                 fcb     $00,$00,$00,$00,$00,$00,$00,$00,$03,$03,$03,$00,$00,$00,$04,$04,$04,$00,$00,$00,$00,$00,$00,$00
     0303030000000404
     0400000000000000
FBC6 0000000700000005 ( ladybug_maze.inc):00072                 fcb     $00,$00,$00,$07,$00,$00,$00,$05,$00,$03,$00,$00,$00,$00,$00,$04,$00,$06,$00,$00,$00,$08,$00,$00
     0003000000000004
     0006000000080000
FBDE 0000070707000505 ( ladybug_maze.inc):00073                 fcb     $00,$00,$07,$07,$07,$00,$05,$05,$05,$00,$00,$00,$00,$00,$00,$00,$06,$06,$06,$00,$08,$08,$08,$00
     0500000000000000
     0606060008080800
FBF6 0000000700000005 ( ladybug_maze.inc):00074                 fcb     $00,$00,$00,$07,$00,$00,$00,$05,$00,$09,$00,$00,$00,$00,$00,$0A,$00,$06,$00,$00,$00,$08,$00,$00
     000900000000000A
     0006000000080000
FC0E 0000000000000000 ( ladybug_maze.inc):00075                 fcb     $00,$00,$00,$00,$00,$00,$00,$00,$09,$09,$09,$00,$00,$00,$0A,$0A,$0A,$00,$00,$00,$00,$00,$00,$00
     0909090000000A0A
     0A00000000000000
FC26 0000000000000000 ( ladybug_maze.inc):00076                 fcb     $00,$00,$00,$00,$00,$00,$00,$00,$00,$09,$00,$00,$00,$00,$00,$0A,$00,$00,$00,$00,$00,$00,$00,$00
     000900000000000A
     0000000000000000
FC3E 0000000000000000 ( ladybug_maze.inc):00077                 fcb     $00,$00,$00,$00,$00,$00,$00,$00,$00,$00,$00,$00,$00,$00,$00,$00,$00,$00,$00,$00,$00,$00,$00,$00
     0000000000000000
     0000000000000000
FC56 000000000000000B ( ladybug_maze.inc):00078                 fcb     $00,$00,$00,$00,$00,$00,$00,$0B,$00,$00,$00,$00,$00,$00,$00,$00,$00,$0C,$00,$00,$00,$00,$00,$00
     0000000000000000
     000C000000000000
FC6E 0000000000000B0B ( ladybug_maze.inc):00079                 fcb     $00,$00,$00,$00,$00,$00,$0B,$0B,$0B,$00,$00,$00,$00,$00,$00,$00,$0C,$0C,$0C,$00,$00,$00,$00,$00
     0B00000000000000
     0C0C0C0000000000
FC86 00000000000D000B ( ladybug_maze.inc):00080                 fcb     $00,$00,$00,$00,$00,$0D,$00,$0B,$00,$0E,$00,$00,$00,$00,$00,$0F,$00,$0C,$00,$10,$00,$00,$00,$00
     000E00000000000F
     000C001000000000
FC9E 000000000D0D0D00 ( ladybug_maze.inc):00081                 fcb     $00,$00,$00,$00,$0D,$0D,$0D,$00,$0E,$0E,$0E,$00,$00,$00,$0F,$0F,$0F,$00,$10,$10,$10,$00,$00,$00
     0E0E0E0000000F0F
     0F00101010000000
FCB6 00000000000D0000 ( ladybug_maze.inc):00082                 fcb     $00,$00,$00,$00,$00,$0D,$00,$00,$00,$0E,$00,$00,$00,$00,$00,$0F,$00,$00,$00,$10,$00,$00,$00,$00
     000E00000000000F
     0000001000000000
FCCE 0000000000000000 ( ladybug_maze.inc):00083                 fcb     $00,$00,$00,$00,$00,$00,$00,$00,$00,$00,$00,$00,$00,$00,$00,$00,$00,$00,$00,$00,$00,$00,$00,$00
     0000000000000000
     0000000000000000
FCE6 0000000000000000 ( ladybug_maze.inc):00084                 fcb     $00,$00,$00,$00,$00,$00,$00,$00,$00,$11,$00,$00,$00,$00,$00,$12,$00,$00,$00,$00,$00,$00,$00,$00
     0011000000000012
     0000000000000000
FCFE 0000000000000000 ( ladybug_maze.inc):00085                 fcb     $00,$00,$00,$00,$00,$00,$00,$00,$11,$11,$11,$00,$00,$00,$12,$12,$12,$00,$00,$00,$00,$00,$00,$00
     1111110000001212
     1200000000000000
FD16 0000000000130000 ( ladybug_maze.inc):00086                 fcb     $00,$00,$00,$00,$00,$13,$00,$00,$00,$11,$00,$00,$00,$00,$00,$12,$00,$00,$00,$14,$00,$00,$00,$00
     0011000000000012
     0000001400000000
FD2E 0000000013131300 ( ladybug_maze.inc):00087                 fcb     $00,$00,$00,$00,$13,$13,$13,$00,$00,$00,$00,$00,$00,$00,$00,$00,$00,$00,$14,$14,$14,$00,$00,$00
     0000000000000000
     0000141414000000
FD46 0000000000130000 ( ladybug_maze.inc):00088                 fcb     $00,$00,$00,$00,$00,$13,$00,$00,$00,$00,$00,$00,$00,$00,$00,$00,$00,$00,$00,$14,$00,$00,$00,$00
     0000000000000000
     0000001400000000
FD5E 0000000000000000 ( ladybug_maze.inc):00089                 fcb     $00,$00,$00,$00,$00,$00,$00,$00,$00,$00,$00,$00,$00,$00,$00,$00,$00,$00,$00,$00,$00,$00,$00,$00
     0000000000000000
     0000000000000000
                      ( ladybug_maze.inc):00090         
                      ( ladybug_maze.inc):00091         ; pivot x, pivot y, initial state (0=horizontal, 1=vertical)
FD76                  ( ladybug_maze.inc):00092         maze_gates
FD76 050300           ( ladybug_maze.inc):00093                 fcb     $05,$03,$00
FD79 130300           ( ladybug_maze.inc):00094                 fcb     $13,$03,$00
FD7C 090501           ( ladybug_maze.inc):00095                 fcb     $09,$05,$01
FD7F 0F0501           ( ladybug_maze.inc):00096                 fcb     $0F,$05,$01
FD82 070700           ( ladybug_maze.inc):00097                 fcb     $07,$07,$00
FD85 110700           ( ladybug_maze.inc):00098                 fcb     $11,$07,$00
FD88 030701           ( ladybug_maze.inc):00099                 fcb     $03,$07,$01
FD8B 150701           ( ladybug_maze.inc):00100                 fcb     $15,$07,$01
FD8E 090900           ( ladybug_maze.inc):00101                 fcb     $09,$09,$00
FD91 0F0900           ( ladybug_maze.inc):00102                 fcb     $0F,$09,$00
FD94 070D01           ( ladybug_maze.inc):00103                 fcb     $07,$0D,$01
FD97 110D01           ( ladybug_maze.inc):00104                 fcb     $11,$0D,$01
FD9A 050F01           ( ladybug_maze.inc):00105                 fcb     $05,$0F,$01
FD9D 090F01           ( ladybug_maze.inc):00106                 fcb     $09,$0F,$01
FDA0 0F0F01           ( ladybug_maze.inc):00107                 fcb     $0F,$0F,$01
FDA3 130F01           ( ladybug_maze.inc):00108                 fcb     $13,$0F,$01
FDA6 091300           ( ladybug_maze.inc):00109                 fcb     $09,$13,$00
FDA9 0F1300           ( ladybug_maze.inc):00110                 fcb     $0F,$13,$00
FDAC 051500           ( ladybug_maze.inc):00111                 fcb     $05,$15,$00
FDAF 131500           ( ladybug_maze.inc):00112                 fcb     $13,$15,$00
                      ( ladybug_maze.inc):00113         
                      ( ladybug_maze.inc):00114         ; Initial gate footprint offsets as signed dx,dy byte pairs.
FDB2                  ( ladybug_maze.inc):00115         gate_footprints
FDB2 040000FF01000101 ( ladybug_maze.inc):00116                 fcb     4,$00,$00,$FF,$01,$00,$01,$01,$01
     01
FDBB 04000001FF010001 ( ladybug_maze.inc):00117                 fcb     4,$00,$00,$01,$FF,$01,$00,$01,$01
     01
                      (adybug/src/main.s):03248         
FDC4                  (adybug/src/main.s):03249         asset_end
                      (adybug/src/main.s):03250         
                      (adybug/src/main.s):03251                 end

Symbol Table:
[ G] abs_hundred                      C1D5
[ G] abs_multiply                     C1D0
[ G] abs_next                         C1E5
[ G] abs_red                          C1CE
[ G] abs_yellow                       C1CA
[ G] add_bonus_score                  C1BC
[ G] add_dot_score                    C18F
[ G] add_special_score                C25D
[ G] ads_copy_high                    C1B0
[ G] ads_ten_loop                     C193
[ G] ads_ten_next                     C1AC
[ G] alp_done                         C25C
[ G] alp_extra                        C22F
[ G] alp_extra_draw                   C247
[ G] alp_special                      C200
[ G] alp_special_draw                 C219
[ G] ANGEL_SWING                      0253
[ G] angel_swing_deltas               D045
[ G] apply_letter_pickup              C1F5
[ G] asset_end                        FDC4
[ G] asset_start                      E000
[ G] bct_done                         C72F
[ G] bct_popup                        C72C
[ G] bct_redraw                       C71B
[ G] bct_to_red                       C70B
[ G] bct_to_yellow                    C714
[ G] begin_score_popup                CE60
[ G] blit_packed_sprite               D1FB
[ G] BLIT_ROWS                        021B
[ G] blit_tile                        D336
[ G] blit_transparent                 D352
[ G] BLIT_WIDTH                       021C
[ G] BONUS_COLOR                      022F
[ G] bonus_color_tick                 C6EB
[ G] BONUS_LEFT                       0233
[ G] BONUS_TIMER                      0230
[ G] BOX_INDEX                        024B
[ G] BOX_PHASE                        024C
[ G] BOX_TIMER                        024A
[ G] bps_byte                         D203
[ G] bps_row                          D1FF
[ G] bsp_blue                         CE6E
[ G] bsp_frame                        CE73
[ G] bsp_yellow                       CE71
[ G] btrow                            D33D
[ G] btt_byte                         D35A
[ G] btt_high_opaque                  D363
[ G] btt_low_opaque                   D369
[ G] btt_next_row                     D387
[ G] btt_row                          D356
[ G] btt_tile_row                     D383
[ G] can_move                         CB02
[ G] cep_check_clear                  CE25
[ G] cep_letter                       CE22
[ G] cep_loop                         CDC3
[ G] cep_multiplier_five              CE19
[ G] cep_next                         D059
[ G] cep_skull                        CE2C
[ G] cep_skull_loop                   CE33
[ G] cep_skull_next                   CE4A
[ G] check_entity_pickup              CDBC
[ G] check_stage_clear                C2C7
[ G] clear_life_marker                C485
[ G] clm_row                          C49F
[ G] clr_fb                           C075
[ G] cm_allowed                       CC51
[ G] cm_blocked                       CC54
[ G] cm_bounds                        CB26
[ G] cm_check_vertical_passages       CB7B
[ G] cm_east                          CB20
[ G] cm_east_style_done               CBF5
[ G] cm_entry_masks                   CC57
[ G] cm_h_endpoint                    CBCB
[ G] cm_north                         CB1C
[ G] cm_north_style_done              CC1D
[ G] cm_pass_horizontal               CB94
[ G] cm_pass_vertical                 CBA4
[ G] cm_regular                       CC3E
[ G] cm_rotate                        CC2C
[ G] cm_set_east                      CBEB
[ G] cm_set_north                     CC13
[ G] cm_set_south                     CC20
[ G] cm_set_west                      CBDD
[ G] cm_south                         CB24
[ G] cm_south_style_done              CC2A
[ G] cm_try_rotate                    CBB4
[ G] cm_v_endpoint                    CC03
[ G] cm_vertical_bar                  CBF9
[ G] cm_west_style_done               CBE7
[ G] COLOR_BLUE                       0003
[ G] COLOR_GREEN                      0005
[ G] COLOR_LIGHT_GREEN                0008
[ G] COLOR_PINK                       0004
[ G] COLOR_RED                        0001
[ G] COLOR_WHITE                      0006
[ G] COLOR_YELLOW                     0002
[ G] csc_done                         C2D1
[ G] dbl_byte                         C395
[ G] ddf_draw                         D041
[ G] ddf_white                        D03D
[ G] de_loop                          C613
[ G] de_next                          C62C
[ G] DEATH_ANGEL_FRAME                000D
[ G] DEATH_FRAME                      024E
[ G] DEATH_FRAME_COUNT                000E
[ G] death_sprites                    D79E
[ G] DEATH_STATE                      024D
[ G] death_tick                       CF3D
[ G] DEATH_TIMER                      023A
[ G] DEATH_WING_FIRST                 0007
[ G] deo_bonus                        C674
[ G] deo_byte                         C6B4
[ G] deo_destination                  C696
[ G] deo_red                          C68C
[ G] deo_row                          C6B0
[ G] deo_yellow                       C692
[ G] dg_done                          CC7B
[ G] dg_restore                       CCA2
[ G] dg_tiles                         CCE3
[ G] dgd_no_neighbor                  CD12
[ G] dgd_tile                         CD2A
[ G] dhd_byte                         C3D7
[ G] dhd_low                          C3E8
[ G] dhd_row                          C3D3
[ G] dhd_store                        C3EE
[ G] dhu_mod10                        C2FC
[ G] dhu_stage_digit                  C304
[ G] DIR_EAST                         0001
[ G] DIR_NONE                         00FF
[ G] DIR_NORTH                        0000
[ G] DIR_SOUTH                        0002
[ G] DIR_WEST                         0003
[ G] dl_erase                         C479
[ G] dl_marker                        C463
[ G] dl_next                          C47C
[ G] dmh_draw                         C284
[ G] dmh_three                        C282
[ G] dmh_two                          C27E
[ G] dmsc_dot                         D0A7
[ G] dmsc_draw                        D0A9
[ G] DOTS_LEFT                        0225
[ G] dp_frame                         D14B
[ G] dpb_byte                         C7E0
[ G] dpb_low                          C7FA
[ G] dpb_row                          C7DC
[ G] dpb_store                        C80A
[ G] dpm_done                         CEF0
[ G] dpm_select                       CEDA
[ G] dpm_three                        CED8
[ G] dpm_two                          CED5
[ G] draw_authored_hud_tile           C4C8
[ G] draw_bcd_line                    C38D
[ G] draw_cell_overlay                D0DB
[ G] draw_cell_tile                   D0AD
[ G] DRAW_COUNT                       0216
[ G] draw_death_frame                 D021
[ G] draw_enemy                       D19F
[ G] draw_entities                    C60C
[ G] draw_entity_object               C652
[ G] draw_gate                        CC65
[ G] draw_gate_diagonal               CCFD
[ G] draw_gate_overlay                CCBC
[ G] draw_hud                         C2D2
[ G] draw_hud_digit                   C3B0
[ G] draw_hud_tile                    C4D7
[ G] draw_life_marker                 C4B3
[ G] draw_lives                       C461
[ G] draw_maze_state_cell             D083
[ G] draw_multiplier_hud              C270
[ G] draw_perimeter_box               C79C
[ G] draw_player                      D142
[ G] draw_popup_multiplier            CEC3
[ G] draw_recolored_map_tile          C3FD
[ G] draw_score_popup                 CE95
[ G] draw_screen                      D300
[ G] DRAW_TILE                        0217
[ G] draw_vegetable_hud               C30B
[ G] drmt_byte                        C43B
[ G] drmt_low                         C44C
[ G] drmt_row                         C437
[ G] drmt_store                       C452
[ G] ds_column                        D30D
[ G] ds_row                           D309
[ G] dsp_blue                         CEB2
[ G] dsp_draw                         CEBC
[ G] dsp_yellow                       CEB8
[ G] dt_done                          D020
[ G] dt_finish_walkoff                D008
[ G] dt_finish_wings                  CFB4
[ G] dt_first_circle                  CF64
[ G] dt_game_over                     D01E
[ G] dt_shrink                        CF4D
[ G] dt_shrink_divide                 CF57
[ G] dt_shrink_draw                   CF66
[ G] dt_shrink_frame                  CF60
[ G] dt_swing_left                    CF97
[ G] dt_swing_phase_ok                CFA5
[ G] dt_swing_store                   CF99
[ G] dt_walkoff                       CFF8
[ G] dt_wings                         CF7C
[ G] dvh_stage_ok                     C313
[ G] eat_dot                          D10D
[ G] ed_done                          D141
[ G] eef_loop                         C63C
[ G] ENEMY_ANIM                       0254
[ G] ENEMY_BG                         A3F0
[ G] ENEMY_FB                         57EC
[ G] enemy_sprites                    F5B6
[ G] enemy_tick                       D188
[ G] ENEMY_TIMER                      0255
[ G] ent_done                         D19E
[ G] ENTITY_COUNT                     0232
[ G] ENTITY_HEART                     0002
[ G] ENTITY_LETTER                    0003
[ G] ENTITY_NONE                      0000
[ G] ENTITY_PTR                       023E
[ G] ENTITY_SKULL                     0001
[ G] ENTITY_TABLE                     A380
[ G] ENTITY_TOTAL                     0249
[ G] ENTITY_TYPE                      0238
[ G] ENTITY_VARIANT                   0239
[ G] ENTITY_WORK                      0248
[ G] ENTITY_X                         0236
[ G] ENTITY_Y                         0237
[ G] entry                            C002
[ G] erase_entity_footprints          C635
[ G] EXTRA_BITS                       023D
[ G] extra_letter_bits                C2AF
[ G] extra_letter_x                   C2BB
[ G] FB_END                           9800
[ G] FB_PHYS                          0030
[ G] FB_VIRT                          2000
[ G] fga_done                         CD5F
[ G] finish_gate_animation            CD47
[ G] FRAMES                           0202
[ G] GATE_ANIM_ID                     0219
[ G] GATE_ANIM_STYLE                  021A
[ G] gate_background_tiles            EFB6
[ G] gate_cross_offsets               CDA6
[ G] gate_diagonal_dot_offsets        CDB4
[ G] gate_diagonal_tiles              EF8C
[ G] gate_footprints                  FDB2
[ G] GATE_ID                          0213
[ G] gate_redraw_neighbors            F042
[ G] GATE_STATE                       A240
[ G] gate_state_tiles                 EF50
[ G] GATE_X                           0214
[ G] GATE_Y                           0215
[ G] GIME_BORDER                      FF9A
[ G] GIME_INIT0                       FF90
[ G] GIME_IRQEN                       FF92
[ G] GIME_VMODE                       FF98
[ G] GIME_VOFF0                       FF9E
[ G] GIME_VOFF1                       FF9D
[ G] GIME_VRES                        FF99
[ G] HIGH_BCD                         0220
[ G] HUD_BCD_BYTE                     022D
[ G] HUD_BCD_COUNT                    022E
[ G] HUD_BYTE                         022A
[ G] HUD_COLOR                        0229
[ G] HUD_COUNT                        022B
[ G] HUD_DIGIT_COUNT                  000A
[ G] HUD_DIGIT_SIZE                   0020
[ G] hud_digit_tiles                  F056
[ G] HUD_WIDTH                        022C
[ G] HUD_X                            0227
[ G] HUD_Y                            0228
[ G] ie_five_skulls                   C541
[ G] ie_four_skulls                   C53D
[ G] ie_heart_loop                    C554
[ G] ie_place_skulls                  C543
[ G] ie_skull_loop                    C545
[ G] ie_spcil_mod                     C578
[ G] ie_spcil_pick                    C580
[ G] ie_three_skulls                  C539
[ G] ie_two_skulls                    C535
[ G] ie_xtr_mod                       C562
[ G] ie_xtr_pick                      C56A
[ G] igs_loop                         C875
[ G] ims_copy                         C50E
[ G] init_enemy                       D17B
[ G] init_entities                    C519
[ G] init_game_state                  C10F
[ G] init_gate_state                  C86B
[ G] init_joystick                    C87F
[ G] init_maze_state                  C506
[ G] init_player                      C8B0
[ G] irq_done                         D395
[ G] irq_handler                      D38C
[ G] JOY_DIR                          0205
[ G] JOY_DX                           020D
[ G] JOY_DY                           020E
[ G] joy_read_axis                    C940
[ G] JOY_X                            0201
[ G] JOY_Y                            0204
[ G] jra_done                         C94F
[ G] jra_loop                         C941
[ G] JT_IRQ                           FEF7
[ G] LAST_FRAME                       0200
[ G] letter_ea                        C5AB
[ G] letter_spcil                     C5A6
[ G] letter_xtr                       C5A3
[ G] LIVES                            0223
[ G] main_alive                       C0F5
[ G] mainloop                         C0CB
[ G] maze_cells                       F6B6
[ G] MAZE_CLEAN_TILE                  0005
[ G] MAZE_DOT_COUNT                   0075
[ G] MAZE_DOT_TILE                    0018
[ G] MAZE_GATE_COUNT                  0014
[ G] maze_gate_owner                  FB36
[ G] maze_gates                       FD76
[ G] MAZE_HEIGHT                      0018
[ G] maze_nav                         F8F6
[ G] MAZE_STATE                       A000
[ G] MAZE_STYLE_COUNT                 0019
[ G] MAZE_WIDTH                       0018
[ G] merge_sprite_byte                D226
[ G] msb_high                         D22F
[ G] msb_low                          D235
[ G] MULTIPLIER                       023B
[ G] next_stage                       C158
[ G] ns_stage_valid                   C160
[ G] OBJ_ACCENT                       0247
[ G] OBJ_BYTES                        0243
[ G] OBJ_INDEX                        0245
[ G] OBJ_PRIMARY                      0246
[ G] OBJ_ROWS                         0242
[ G] OBJ_SOURCE                       0240
[ G] OBJ_VALUE                        0244
[ G] OBJECT_A                         0002
[ G] object_blue_lut                  C84B
[ G] OBJECT_C                         0003
[ G] OBJECT_E                         0004
[ G] OBJECT_HEART                     0001
[ G] OBJECT_I                         0005
[ G] OBJECT_L                         0006
[ G] OBJECT_MASK_COUNT                000C
[ G] object_mask_lut                  C81B
[ G] OBJECT_MASK_SIZE                 0040
[ G] object_masks                     F196
[ G] OBJECT_P                         0007
[ G] OBJECT_R                         0008
[ G] object_red_lut                   C82B
[ G] OBJECT_S                         0009
[ G] OBJECT_SKULL                     0000
[ G] object_skull_lut                 C85B
[ G] OBJECT_T                         000A
[ G] OBJECT_X                         000B
[ G] object_yellow_lut                C83B
[ G] PACKED_SPRITE_SIZE               0040
[ G] PAL_BASE                         FFB0
[ G] palette_table                    E000
[ G] palloop                          C068
[ G] PAR_EXEC                         FFA0
[ G] par_table                        D396
[ G] parloop                          C03A
[ G] pat_count                        D16A
[ G] pat_done                         D17A
[ G] pbc_bottom                       C777
[ G] pbc_left                         C787
[ G] pbc_right                        C768
[ G] pbc_top_left                     C795
[ G] pe_candidate                     C5BF
[ G] pe_coordinates                   C5E2
[ G] pe_reduce                        C5B4
[ G] pe_retry                         C5B1
[ G] pe_row                           C5D5
[ G] perimeter_box_coordinates        C75B
[ G] perimeter_timer_tick             C730
[ G] phase4_before_tick               C0FF
[ G] PIA1_CRA                         FF01
[ G] PIA1_CRB                         FF03
[ G] PIA1_DA                          FF00
[ G] PIA1_DB                          FF02
[ G] PIA2_CRA                         FF21
[ G] PIA2_CRB                         FF23
[ G] PIA2_DA                          FF20
[ G] PIA2_DB                          FF22
[ G] PICKUP_BG                        A3B0
[ G] PICKUP_FRAME                     0252
[ G] PICKUP_HOLD_FRAMES               001E
[ G] pickup_multiplier_graphics       F496
[ G] PICKUP_MULTIPLIER_SIZE           0020
[ G] pickup_tick                      CE83
[ G] PICKUP_TIMER                     0251
[ G] place_entity                     C5AD
[ G] PLAYER_ANIM                      024F
[ G] PLAYER_ANIM_TIMER                0250
[ G] player_animation_tick            D15E
[ G] PLAYER_BG                        A300
[ G] player_cell_offset               CAF8
[ G] PLAYER_CELL_X                    0209
[ G] PLAYER_CELL_Y                    020A
[ G] PLAYER_DIR                       0206
[ G] PLAYER_FACE                      0207
[ G] PLAYER_FB                        020B
[ G] PLAYER_FRAME_COUNT               0010
[ G] PLAYER_MANUAL                    0218
[ G] player_sprites                   D39E
[ G] PLAYER_STEP                      0208
[ G] player_tick                      C952
[ G] PLAYER_WANT                      020F
[ G] pt_advance                       CAA0
[ G] pt_alive                         C955
[ G] pt_arrived                       CAE6
[ G] pt_at_center                     CA12
[ G] pt_begin_late_turn               C9FF
[ G] pt_blocked_request               CA3E
[ G] pt_cell_east                     CAE0
[ G] pt_cell_north                    CADC
[ G] pt_cell_south                    CAE4
[ G] pt_check_active                  CA45
[ G] pt_choose_direction              CA2B
[ G] pt_done                          CAF7
[ G] pt_draw                          CAF0
[ G] pt_east                          CAB8
[ G] pt_input_active                  C967
[ G] pt_north                         CAB2
[ G] pt_probe_east                    C9CF
[ G] pt_probe_north                   C9CB
[ G] pt_probe_south                   C9D3
[ G] pt_probe_turn                    C9D5
[ G] pt_rebase_east                   C99F
[ G] pt_rebase_north                  C99B
[ G] pt_rebase_south                  C9A3
[ G] pt_reversed                      C9A5
[ G] pt_snap_advance                  CA59
[ G] pt_snap_east                     CA8F
[ G] pt_snap_from_east                CA71
[ G] pt_snap_from_north               CA6B
[ G] pt_snap_from_south               CA75
[ G] pt_snap_new_axis                 CA79
[ G] pt_snap_north                    CA89
[ G] pt_snap_south                    CA93
[ G] pt_snap_store                    CA97
[ G] pt_south                         CABC
[ G] pt_store_fb                      CAC0
[ G] pt_try_late_turn                 C9AC
[ G] pt_unprobe_done                  C9F6
[ G] pt_unprobe_east                  C9F0
[ G] pt_unprobe_north                 C9EC
[ G] pt_unprobe_south                 C9F4
[ G] ptt_done                         C75A
[ G] ptt_draw                         C745
[ G] ptt_green                        C743
[ G] put_done                         CE94
[ G] re_row                           D1E2
[ G] read_joystick                    C8D0
[ G] resident_end                     DF9E
[ G] restore_enemy                    D1D8
[ G] restore_entity_footprint         D064
[ G] restore_gate_background          CC7C
[ G] restore_gate_diagonal_dots       CD60
[ G] restore_pickup_lower             CF17
[ G] restore_player                   D2DE
[ G] rgdd_cell                        CD7E
[ G] rgdd_clean                       CD9A
[ G] rgdd_draw                        CD9C
[ G] rj_done                          C933
[ G] rj_north                         C927
[ G] rj_request                       C929
[ G] rj_return                        C93F
[ G] rj_vertical                      C917
[ G] rj_west                          C913
[ G] rj_x_abs                         C8F0
[ G] rj_y_abs                         C8F9
[ G] rn_store                         C609
[ G] rng_next                         C601
[ G] RNG_STATE                        0234
[ G] rp_row                           D2E7
[ G] rpl_row                          CF24
[ G] SAM_FAST                         FFD9
[ G] SAM_ROMRAM                       FFDE
[ G] save_enemy                       D1B5
[ G] save_pickup_lower                CEF1
[ G] save_player                      D2BC
[ G] SCORE_BCD                        021D
[ G] score_sprites                    F4F6
[ G] SCREEN_HEIGHT                    0018
[ G] screen_map                       E010
[ G] SCREEN_TILE_COUNT                005C
[ G] screen_tiles                     E3D0
[ G] SCREEN_WIDTH                     0028
[ G] se_row                           D1BF
[ G] sp_row                           D2C5
[ G] SPECIAL_BITS                     023C
[ G] special_letter_bits              C297
[ G] special_letter_x                 C2A3
[ G] spl_row                          CEFE
[ G] sprite_attr0_pairs               D23C
[ G] sprite_blue_pairs                D26C
[ G] sprite_red_pairs                 D24C
[ G] sprite_score_blue_pairs          D2AC
[ G] sprite_score_red_pairs           D28C
[ G] sprite_score_yellow_pairs        D29C
[ G] sprite_white_pairs               D27C
[ G] sprite_yellow_pairs              D25C
[ G] STAGE                            0224
[ G] STAGE_PENDING                    0226
[ G] test_cell_offset                 CC5B
[ G] TEST_DIR                         0212
[ G] TEST_X                           0210
[ G] TEST_Y                           0211
[ G] TURN_OLD                         0257
[ G] TURN_SNAP                        0256
[ G] VEGETABLE_COUNT                  0012
[ G] vegetable_sprites                DB1E
[ G] vegetable_values                 C369
