[module:null/ui] No UI
[joydev] no joystick devices found
[module:null/ao] No audio
	No audio
[joystick] virtual joystick = Keyboard: Cursors+Alt_L,Super_L
[part:coco3] Tandy | Colour Computer 3
[coco3:rom] Super Extended Colour BASIC (1 x 32K)
	Slot   0: CRC32 0xb4c88d6c FILE coco3.rom
	Super Extended Colour BASIC CRC32 valid
[coco3:ram] 1 bank * 512K = 512K total RAM
[part:coco3] Tandy | Colour Computer 3
[part:gmc] John Linville | Games Master Cartridge
[cart:rom] Cartridge ROM (1 x 64K)
	Slot   0: CRC32 0x313a554d FILE ladybug.rom
[coco3:rom] Super Extended Colour BASIC (1 x 32K)
	Slot   0: CRC32 0xb4c88d6c FILE coco3.rom
	Super Extended Colour BASIC CRC32 valid
[coco3:ram] 1 bank * 512K = 512K total RAM
0000| 170348      LBSR  $034b               cc=e0 a=01 b=53 dp=00 x=a490 y=10a1 u=a896 s=1ff8  dt=72
0d66| 0d9a        TST   <$9a                cc=e0 a=01 b=53 dp=00 x=a490 y=10a1 u=a896 s=1ff8  dt=48
0d68| 275c        BEQ   $0dc6               cc=e0 a=01 b=53 dp=00 x=a490 y=10a1 u=a896 s=1ff8  dt=24
0d6a| 9690        LDA   <$90                cc=e4 a=00 b=53 dp=00 x=a490 y=10a1 u=a896 s=1ff8  dt=32
0d6c| 918f        CMPA  <$8f                cc=e9 a=00 b=53 dp=00 x=a490 y=10a1 u=a896 s=1ff8  dt=32
0d6e| 2605        BNE   $0d75               cc=e9 a=00 b=53 dp=00 x=a490 y=10a1 u=a896 s=1ff8  dt=24
0d75| 8601        LDA   #$01                cc=e1 a=01 b=53 dp=00 x=a490 y=10a1 u=a896 s=1ff8  dt=16
0d77| 9798        STA   <$98                cc=e1 a=01 b=53 dp=00 x=a490 y=10a1 u=a896 s=1ff8  dt=32
0d79| 170866      LBSR  $15e2               cc=e1 a=01 b=53 dp=00 x=a490 y=10a1 u=a896 s=1ff6  dt=72
15e2| 8630        LDA   #$30                cc=e1 a=30 b=53 dp=00 x=a490 y=10a1 u=a896 s=1ff6  dt=16
15e4| 0d9a        TST   <$9a                cc=e1 a=30 b=53 dp=00 x=a490 y=10a1 u=a896 s=1ff6  dt=48
15e6| 2706        BEQ   $15ee               cc=e1 a=30 b=53 dp=00 x=a490 y=10a1 u=a896 s=1ff6  dt=24
15e8| 0d90        TST   <$90                cc=e5 a=30 b=53 dp=00 x=a490 y=10a1 u=a896 s=1ff6  dt=48
15ea| 2702        BEQ   $15ee               cc=e5 a=30 b=53 dp=00 x=a490 y=10a1 u=a896 s=1ff6  dt=24
15ee| b7ffa1      STA   $ffa1               cc=e1 a=30 b=53 dp=00 x=a490 y=10a1 u=a896 s=1ff6  dt=40
15f1| 4c          INCA                      cc=e1 a=31 b=53 dp=00 x=a490 y=10a1 u=a896 s=1ff6  dt=16
15f2| b7ffa2      STA   $ffa2               cc=e1 a=31 b=53 dp=00 x=a490 y=10a1 u=a896 s=1ff6  dt=40
15f5| 4c          INCA                      cc=e1 a=32 b=53 dp=00 x=a490 y=10a1 u=a896 s=1ff6  dt=16
15f6| b7ffa3      STA   $ffa3               cc=e1 a=32 b=53 dp=00 x=a490 y=10a1 u=a896 s=1ff6  dt=40
15f9| 4c          INCA                      cc=e1 a=33 b=53 dp=00 x=a490 y=10a1 u=a896 s=1ff6  dt=16
15fa| b7ffa4      STA   $ffa4               cc=e1 a=33 b=53 dp=00 x=a490 y=10a1 u=a896 s=1ff6  dt=40
15fd| 39          RTS                       cc=e1 a=33 b=53 dp=00 x=a490 y=10a1 u=a896 s=1ff8  dt=40
0d7c| 17005c      LBSR  $0ddb               cc=e1 a=33 b=53 dp=00 x=a490 y=10a1 u=a896 s=1ff6  dt=72
0ddb| cea900      LDU   #$a900              cc=e9 a=33 b=53 dp=00 x=a490 y=10a1 u=a900 s=1ff6  dt=24
0dde| 0d90        TST   <$90                cc=e5 a=33 b=53 dp=00 x=a490 y=10a1 u=a900 s=1ff6  dt=48
0de0| 2703        BEQ   $0de5               cc=e5 a=33 b=53 dp=00 x=a490 y=10a1 u=a900 s=1ff6  dt=24
0de5| 39          RTS                       cc=e5 a=33 b=53 dp=00 x=a490 y=10a1 u=a900 s=1ff8  dt=40
0d7f| a642        LDA   2,U                 cc=e1 a=01 b=53 dp=00 x=a490 y=10a1 u=a900 s=1ff8  dt=40
0d81| 976a        STA   <$6a                cc=e1 a=01 b=53 dp=00 x=a490 y=10a1 u=a900 s=1ff8  dt=32
0d83| ec44        LDD   4,U                 cc=e1 a=75 b=ec dp=00 x=a490 y=10a1 u=a900 s=1ff8  dt=48
0d85| dd67        STD   <$67                cc=e1 a=75 b=ec dp=00 x=a490 y=10a1 u=a900 s=1ff8  dt=40
0d87| 8ea300      LDX   #$a300              cc=e9 a=75 b=ec dp=00 x=a300 y=10a1 u=a900 s=1ff8  dt=24
0d8a| 0d90        TST   <$90                cc=e5 a=75 b=ec dp=00 x=a300 y=10a1 u=a900 s=1ff8  dt=48
0d8c| 2703        BEQ   $0d91               cc=e5 a=75 b=ec dp=00 x=a300 y=10a1 u=a900 s=1ff8  dt=24
0d91| 9fa2        STX   <$a2                cc=e9 a=75 b=ec dp=00 x=a300 y=10a1 u=a900 s=1ff8  dt=40
0d93| 3348        LEAU  8,U                 cc=e9 a=75 b=ec dp=00 x=a300 y=10a1 u=a908 s=1ff8  dt=40
0d95| 108ea890    LDY   #$a890              cc=e9 a=75 b=ec dp=00 x=a300 y=a890 u=a908 s=1ff8  dt=32
0d99| 0f86        CLR   <$86                cc=e4 a=75 b=ec dp=00 x=a300 y=a890 u=a908 s=1ff8  dt=48
0d9b| 8e10a1      LDX   #$10a1              cc=e0 a=75 b=ec dp=00 x=10a1 y=a890 u=a908 s=1ff8  dt=24
0d9e| 0f5d        CLR   <$5d                cc=e4 a=75 b=ec dp=00 x=10a1 y=a890 u=a908 s=1ff8  dt=48
0da0| ec41        LDD   1,U                 cc=e0 a=2f b=ce dp=00 x=10a1 y=a890 u=a908 s=1ff8  dt=48
0da2| eda1        STD   ,Y++                cc=e0 a=2f b=ce dp=00 x=10a1 y=a892 u=a908 s=1ff8  dt=64
0da4| 6d46        TST   6,U                 cc=e0 a=2f b=ce dp=00 x=10a1 y=a892 u=a908 s=1ff8  dt=56
0da6| 2708        BEQ   $0db0               cc=e0 a=2f b=ce dp=00 x=10a1 y=a892 u=a908 s=1ff8  dt=24
0da8| d65d        LDB   <$5d                cc=e4 a=2f b=00 dp=00 x=10a1 y=a892 u=a908 s=1ff8  dt=32
0daa| a685        LDA   B,X                 cc=e0 a=01 b=00 dp=00 x=10a1 y=a892 u=a908 s=1ff8  dt=40
0dac| 9a86        ORA   <$86                cc=e0 a=01 b=00 dp=00 x=10a1 y=a892 u=a908 s=1ff8  dt=32
0dae| 9786        STA   <$86                cc=e0 a=01 b=00 dp=00 x=10a1 y=a892 u=a908 s=1ff8  dt=32
0db0| 3348        LEAU  8,U                 cc=e0 a=01 b=00 dp=00 x=10a1 y=a892 u=a910 s=1ff8  dt=40
0db2| 0c5d        INC   <$5d                cc=e0 a=01 b=00 dp=00 x=10a1 y=a892 u=a910 s=1ff8  dt=48
0db4| 965d        LDA   <$5d                cc=e0 a=01 b=00 dp=00 x=10a1 y=a892 u=a910 s=1ff8  dt=32
0db6| 8104        CMPA  #$04                cc=e9 a=01 b=00 dp=00 x=10a1 y=a892 u=a910 s=1ff8  dt=16
0db8| 25e6        BCS   $0da0               cc=e9 a=01 b=00 dp=00 x=10a1 y=a892 u=a910 s=1ff8  dt=24
0da0| ec41        LDD   1,U                 cc=e1 a=2f b=ee dp=00 x=10a1 y=a892 u=a910 s=1ff8  dt=48
0da2| eda1        STD   ,Y++                cc=e1 a=2f b=ee dp=00 x=10a1 y=a894 u=a910 s=1ff8  dt=64
0da4| 6d46        TST   6,U                 cc=e1 a=2f b=ee dp=00 x=10a1 y=a894 u=a910 s=1ff8  dt=56
0da6| 2708        BEQ   $0db0               cc=e1 a=2f b=ee dp=00 x=10a1 y=a894 u=a910 s=1ff8  dt=24
0da8| d65d        LDB   <$5d                cc=e1 a=2f b=01 dp=00 x=10a1 y=a894 u=a910 s=1ff8  dt=32
0daa| a685        LDA   B,X                 cc=e1 a=02 b=01 dp=00 x=10a1 y=a894 u=a910 s=1ff8  dt=40
0dac| 9a86        ORA   <$86                cc=e1 a=03 b=01 dp=00 x=10a1 y=a894 u=a910 s=1ff8  dt=32
0dae| 9786        STA   <$86                cc=e1 a=03 b=01 dp=00 x=10a1 y=a894 u=a910 s=1ff8  dt=32
0db0| 3348        LEAU  8,U                 cc=e1 a=03 b=01 dp=00 x=10a1 y=a894 u=a918 s=1ff8  dt=40
0db2| 0c5d        INC   <$5d                cc=e1 a=03 b=01 dp=00 x=10a1 y=a894 u=a918 s=1ff8  dt=48
0db4| 965d        LDA   <$5d                cc=e1 a=02 b=01 dp=00 x=10a1 y=a894 u=a918 s=1ff8  dt=32
0db6| 8104        CMPA  #$04                cc=e9 a=02 b=01 dp=00 x=10a1 y=a894 u=a918 s=1ff8  dt=16
0db8| 25e6        BCS   $0da0               cc=e9 a=02 b=01 dp=00 x=10a1 y=a894 u=a918 s=1ff8  dt=24
0da0| ec41        LDD   1,U                 cc=e1 a=6f b=ca dp=00 x=10a1 y=a894 u=a918 s=1ff8  dt=48
0da2| eda1        STD   ,Y++                cc=e1 a=6f b=ca dp=00 x=10a1 y=a896 u=a918 s=1ff8  dt=64
0da4| 6d46        TST   6,U                 cc=e1 a=6f b=ca dp=00 x=10a1 y=a896 u=a918 s=1ff8  dt=56
0da6| 2708        BEQ   $0db0               cc=e1 a=6f b=ca dp=00 x=10a1 y=a896 u=a918 s=1ff8  dt=24
0da8| d65d        LDB   <$5d                cc=e1 a=6f b=02 dp=00 x=10a1 y=a896 u=a918 s=1ff8  dt=32
0daa| a685        LDA   B,X                 cc=e1 a=04 b=02 dp=00 x=10a1 y=a896 u=a918 s=1ff8  dt=40
0dac| 9a86        ORA   <$86                cc=e1 a=07 b=02 dp=00 x=10a1 y=a896 u=a918 s=1ff8  dt=32
0dae| 9786        STA   <$86                cc=e1 a=07 b=02 dp=00 x=10a1 y=a896 u=a918 s=1ff8  dt=32
0db0| 3348        LEAU  8,U                 cc=e1 a=07 b=02 dp=00 x=10a1 y=a896 u=a920 s=1ff8  dt=40
0db2| 0c5d        INC   <$5d                cc=e1 a=07 b=02 dp=00 x=10a1 y=a896 u=a920 s=1ff8  dt=48
0db4| 965d        LDA   <$5d                cc=e1 a=03 b=02 dp=00 x=10a1 y=a896 u=a920 s=1ff8  dt=32
0db6| 8104        CMPA  #$04                cc=e9 a=03 b=02 dp=00 x=10a1 y=a896 u=a920 s=1ff8  dt=16
0db8| 25e6        BCS   $0da0               cc=e9 a=03 b=02 dp=00 x=10a1 y=a896 u=a920 s=1ff8  dt=24
0da0| ec41        LDD   1,U                 cc=e1 a=6f b=ea dp=00 x=10a1 y=a896 u=a920 s=1ff8  dt=48
0da2| eda1        STD   ,Y++                cc=e1 a=6f b=ea dp=00 x=10a1 y=a898 u=a920 s=1ff8  dt=64
0da4| 6d46        TST   6,U                 cc=e1 a=6f b=ea dp=00 x=10a1 y=a898 u=a920 s=1ff8  dt=56
0da6| 2708        BEQ   $0db0               cc=e1 a=6f b=ea dp=00 x=10a1 y=a898 u=a920 s=1ff8  dt=24
0da8| d65d        LDB   <$5d                cc=e1 a=6f b=03 dp=00 x=10a1 y=a898 u=a920 s=1ff8  dt=32
0daa| a685        LDA   B,X                 cc=e1 a=08 b=03 dp=00 x=10a1 y=a898 u=a920 s=1ff8  dt=40
0dac| 9a86        ORA   <$86                cc=e1 a=0f b=03 dp=00 x=10a1 y=a898 u=a920 s=1ff8  dt=32
0dae| 9786        STA   <$86                cc=e1 a=0f b=03 dp=00 x=10a1 y=a898 u=a920 s=1ff8  dt=32
0db0| 3348        LEAU  8,U                 cc=e1 a=0f b=03 dp=00 x=10a1 y=a898 u=a928 s=1ff8  dt=40
0db2| 0c5d        INC   <$5d                cc=e1 a=0f b=03 dp=00 x=10a1 y=a898 u=a928 s=1ff8  dt=48
0db4| 965d        LDA   <$5d                cc=e1 a=04 b=03 dp=00 x=10a1 y=a898 u=a928 s=1ff8  dt=32
0db6| 8104        CMPA  #$04                cc=e4 a=04 b=03 dp=00 x=10a1 y=a898 u=a928 s=1ff8  dt=16
0db8| 25e6        BCS   $0da0               cc=e4 a=04 b=03 dp=00 x=10a1 y=a898 u=a928 s=1ff8  dt=24
0dba| 3344        LEAU  4,U                 cc=e4 a=04 b=03 dp=00 x=10a1 y=a898 u=a92c s=1ff8  dt=40
0dbc| ecc4        LDD   ,U                  cc=e4 a=00 b=00 dp=00 x=10a1 y=a898 u=a92c s=1ff8  dt=40
0dbe| fda898      STD   $a898               cc=e4 a=00 b=00 dp=00 x=10a1 y=a898 u=a92c s=1ff8  dt=48
0dc1| ec42        LDD   2,U                 cc=e4 a=00 b=00 dp=00 x=10a1 y=a898 u=a92c s=1ff8  dt=48
0dc3| fda89a      STD   $a89a               cc=e4 a=00 b=00 dp=00 x=10a1 y=a898 u=a92c s=1ff8  dt=48
0dc6| 1cfe        ANDCC #$fe                cc=e4 a=00 b=00 dp=00 x=10a1 y=a898 u=a92c s=1ff8  dt=24
0dc8| 39          RTS                       cc=e4 a=00 b=00 dp=00 x=10a1 y=a898 u=a92c s=1ffa  dt=40
0a1e| 10250023    LBCS  $0a45               cc=e4 a=00 b=00 dp=00 x=10a1 y=a898 u=a92c s=1ffa  dt=40
0a22| 0d9a        TST   <$9a                cc=e0 a=00 b=00 dp=00 x=10a1 y=a898 u=a92c s=1ffa  dt=48
0a24| 270e        BEQ   $0a34               cc=e0 a=00 b=00 dp=00 x=10a1 y=a898 u=a92c s=1ffa  dt=24
0a26| 0f9b        CLR   <$9b                cc=e4 a=00 b=00 dp=00 x=10a1 y=a898 u=a92c s=1ffa  dt=48
0a28| 1701ee      LBSR  $0c19               cc=e4 a=00 b=00 dp=00 x=10a1 y=a898 u=a92c s=1ff8  dt=72
0c19| 0d6a        TST   <$6a                cc=e0 a=00 b=00 dp=00 x=10a1 y=a898 u=a92c s=1ff8  dt=48
0c1b| 2713        BEQ   $0c30               cc=e0 a=00 b=00 dp=00 x=10a1 y=a898 u=a92c s=1ff8  dt=24
0c1d| dc0b        LDD   <$0b                cc=e0 a=75 b=ec dp=00 x=10a1 y=a898 u=a92c s=1ff8  dt=40
0c1f| 3406        PSHS  A,B                 cc=e0 a=75 b=ec dp=00 x=10a1 y=a898 u=a92c s=1ff6  dt=56
0c21| dc67        LDD   <$67                cc=e0 a=75 b=ec dp=00 x=10a1 y=a898 u=a92c s=1ff6  dt=40
0c23| dd0b        STD   <$0b                cc=e0 a=75 b=ec dp=00 x=10a1 y=a898 u=a92c s=1ff6  dt=40
0c25| bdd46f      JSR   $d46f               cc=e0 a=75 b=ec dp=00 x=10a1 y=a898 u=a92c s=1ff4  dt=64
d46f| 9e0b        LDX   <$0b                cc=e0 a=75 b=ec dp=00 x=75ec y=a898 u=a92c s=1ff4  dt=40
d471| dea2        LDU   <$a2                cc=e8 a=75 b=ec dp=00 x=75ec y=a898 u=a300 s=1ff4  dt=40
d473| 108e0010    LDY   #$0010              cc=e0 a=75 b=ec dp=00 x=75ec y=0010 u=a300 s=1ff4  dt=32
d477| ecc1        LDD   ,U++                cc=e0 a=44 b=00 dp=00 x=75ec y=0010 u=a302 s=1ff4  dt=64
d479| ed81        STD   ,X++                cc=e0 a=44 b=00 dp=00 x=75ee y=0010 u=a302 s=1ff4  dt=64
d47b| ecc1        LDD   ,U++                cc=e4 a=00 b=00 dp=00 x=75ee y=0010 u=a304 s=1ff4  dt=64
d47d| ed81        STD   ,X++                cc=e4 a=00 b=00 dp=00 x=75f0 y=0010 u=a304 s=1ff4  dt=64
d47f| ecc1        LDD   ,U++                cc=e4 a=00 b=00 dp=00 x=75f0 y=0010 u=a306 s=1ff4  dt=64
d481| ed81        STD   ,X++                cc=e4 a=00 b=00 dp=00 x=75f2 y=0010 u=a306 s=1ff4  dt=64
d483| ecc1        LDD   ,U++                cc=e4 a=00 b=00 dp=00 x=75f2 y=0010 u=a308 s=1ff4  dt=64
d485| ed81        STD   ,X++                cc=e4 a=00 b=00 dp=00 x=75f4 y=0010 u=a308 s=1ff4  dt=64
d487| 30890098    LEAX  $0098,X             cc=e0 a=00 b=00 dp=00 x=768c y=0010 u=a308 s=1ff4  dt=64
d48b| 313f        LEAY  -1,Y                cc=e0 a=00 b=00 dp=00 x=768c y=000f u=a308 s=1ff4  dt=40
d48d| 26e8        BNE   $d477               cc=e0 a=00 b=00 dp=00 x=768c y=000f u=a308 s=1ff4  dt=24
d477| ecc1        LDD   ,U++                cc=e4 a=00 b=00 dp=00 x=768c y=000f u=a30a s=1ff4  dt=64
d479| ed81        STD   ,X++                cc=e4 a=00 b=00 dp=00 x=768e y=000f u=a30a s=1ff4  dt=64
d47b| ecc1        LDD   ,U++                cc=e4 a=00 b=00 dp=00 x=768e y=000f u=a30c s=1ff4  dt=64
d47d| ed81        STD   ,X++                cc=e4 a=00 b=00 dp=00 x=7690 y=000f u=a30c s=1ff4  dt=64
d47f| ecc1        LDD   ,U++                cc=e4 a=00 b=00 dp=00 x=7690 y=000f u=a30e s=1ff4  dt=64
d481| ed81        STD   ,X++                cc=e4 a=00 b=00 dp=00 x=7692 y=000f u=a30e s=1ff4  dt=64
d483| ecc1        LDD   ,U++                cc=e4 a=00 b=00 dp=00 x=7692 y=000f u=a310 s=1ff4  dt=64
d485| ed81        STD   ,X++                cc=e4 a=00 b=00 dp=00 x=7694 y=000f u=a310 s=1ff4  dt=64
d487| 30890098    LEAX  $0098,X             cc=e0 a=00 b=00 dp=00 x=772c y=000f u=a310 s=1ff4  dt=64
d48b| 313f        LEAY  -1,Y                cc=e0 a=00 b=00 dp=00 x=772c y=000e u=a310 s=1ff4  dt=40
d48d| 26e8        BNE   $d477               cc=e0 a=00 b=00 dp=00 x=772c y=000e u=a310 s=1ff4  dt=24
d477| ecc1        LDD   ,U++                cc=e4 a=00 b=00 dp=00 x=772c y=000e u=a312 s=1ff4  dt=64
d479| ed81        STD   ,X++                cc=e4 a=00 b=00 dp=00 x=772e y=000e u=a312 s=1ff4  dt=64
d47b| ecc1        LDD   ,U++                cc=e4 a=00 b=00 dp=00 x=772e y=000e u=a314 s=1ff4  dt=64
d47d| ed81        STD   ,X++                cc=e4 a=00 b=00 dp=00 x=7730 y=000e u=a314 s=1ff4  dt=64
d47f| ecc1        LDD   ,U++                cc=e4 a=00 b=00 dp=00 x=7730 y=000e u=a316 s=1ff4  dt=64
d481| ed81        STD   ,X++                cc=e4 a=00 b=00 dp=00 x=7732 y=000e u=a316 s=1ff4  dt=64
d483| ecc1        LDD   ,U++                cc=e4 a=00 b=00 dp=00 x=7732 y=000e u=a318 s=1ff4  dt=64
d485| ed81        STD   ,X++                cc=e4 a=00 b=00 dp=00 x=7734 y=000e u=a318 s=1ff4  dt=64
d487| 30890098    LEAX  $0098,X             cc=e0 a=00 b=00 dp=00 x=77cc y=000e u=a318 s=1ff4  dt=64
d48b| 313f        LEAY  -1,Y                cc=e0 a=00 b=00 dp=00 x=77cc y=000d u=a318 s=1ff4  dt=40
d48d| 26e8        BNE   $d477               cc=e0 a=00 b=00 dp=00 x=77cc y=000d u=a318 s=1ff4  dt=24
d477| ecc1        LDD   ,U++                cc=e4 a=00 b=00 dp=00 x=77cc y=000d u=a31a s=1ff4  dt=64
d479| ed81        STD   ,X++                cc=e4 a=00 b=00 dp=00 x=77ce y=000d u=a31a s=1ff4  dt=64
d47b| ecc1        LDD   ,U++                cc=e4 a=00 b=00 dp=00 x=77ce y=000d u=a31c s=1ff4  dt=64
d47d| ed81        STD   ,X++                cc=e4 a=00 b=00 dp=00 x=77d0 y=000d u=a31c s=1ff4  dt=64
d47f| ecc1        LDD   ,U++                cc=e4 a=00 b=00 dp=00 x=77d0 y=000d u=a31e s=1ff4  dt=64
d481| ed81        STD   ,X++                cc=e4 a=00 b=00 dp=00 x=77d2 y=000d u=a31e s=1ff4  dt=64
d483| ecc1        LDD   ,U++                cc=e4 a=00 b=00 dp=00 x=77d2 y=000d u=a320 s=1ff4  dt=64
d485| ed81        STD   ,X++                cc=e4 a=00 b=00 dp=00 x=77d4 y=000d u=a320 s=1ff4  dt=64
d487| 30890098    LEAX  $0098,X             cc=e0 a=00 b=00 dp=00 x=786c y=000d u=a320 s=1ff4  dt=64
d48b| 313f        LEAY  -1,Y                cc=e0 a=00 b=00 dp=00 x=786c y=000c u=a320 s=1ff4  dt=40
d48d| 26e8        BNE   $d477               cc=e0 a=00 b=00 dp=00 x=786c y=000c u=a320 s=1ff4  dt=24
d477| ecc1        LDD   ,U++                cc=e4 a=00 b=00 dp=00 x=786c y=000c u=a322 s=1ff4  dt=64
d479| ed81        STD   ,X++                cc=e4 a=00 b=00 dp=00 x=786e y=000c u=a322 s=1ff4  dt=64
d47b| ecc1        LDD   ,U++                cc=e4 a=00 b=00 dp=00 x=786e y=000c u=a324 s=1ff4  dt=64
d47d| ed81        STD   ,X++                cc=e4 a=00 b=00 dp=00 x=7870 y=000c u=a324 s=1ff4  dt=64
d47f| ecc1        LDD   ,U++                cc=e4 a=00 b=00 dp=00 x=7870 y=000c u=a326 s=1ff4  dt=64
d481| ed81        STD   ,X++                cc=e4 a=00 b=00 dp=00 x=7872 y=000c u=a326 s=1ff4  dt=64
d483| ecc1        LDD   ,U++                cc=e4 a=00 b=00 dp=00 x=7872 y=000c u=a328 s=1ff4  dt=64
d485| ed81        STD   ,X++                cc=e4 a=00 b=00 dp=00 x=7874 y=000c u=a328 s=1ff4  dt=64
d487| 30890098    LEAX  $0098,X             cc=e0 a=00 b=00 dp=00 x=790c y=000c u=a328 s=1ff4  dt=64
d48b| 313f        LEAY  -1,Y                cc=e0 a=00 b=00 dp=00 x=790c y=000b u=a328 s=1ff4  dt=40
d48d| 26e8        BNE   $d477               cc=e0 a=00 b=00 dp=00 x=790c y=000b u=a328 s=1ff4  dt=24
d477| ecc1        LDD   ,U++                cc=e4 a=00 b=00 dp=00 x=790c y=000b u=a32a s=1ff4  dt=64
d479| ed81        STD   ,X++                cc=e4 a=00 b=00 dp=00 x=790e y=000b u=a32a s=1ff4  dt=64
d47b| ecc1        LDD   ,U++                cc=e4 a=00 b=00 dp=00 x=790e y=000b u=a32c s=1ff4  dt=64
d47d| ed81        STD   ,X++                cc=e4 a=00 b=00 dp=00 x=7910 y=000b u=a32c s=1ff4  dt=64
d47f| ecc1        LDD   ,U++                cc=e4 a=00 b=00 dp=00 x=7910 y=000b u=a32e s=1ff4  dt=64
d481| ed81        STD   ,X++                cc=e4 a=00 b=00 dp=00 x=7912 y=000b u=a32e s=1ff4  dt=64
d483| ecc1        LDD   ,U++                cc=e4 a=00 b=00 dp=00 x=7912 y=000b u=a330 s=1ff4  dt=64
d485| ed81        STD   ,X++                cc=e4 a=00 b=00 dp=00 x=7914 y=000b u=a330 s=1ff4  dt=64
d487| 30890098    LEAX  $0098,X             cc=e0 a=00 b=00 dp=00 x=79ac y=000b u=a330 s=1ff4  dt=64
d48b| 313f        LEAY  -1,Y                cc=e0 a=00 b=00 dp=00 x=79ac y=000a u=a330 s=1ff4  dt=40
d48d| 26e8        BNE   $d477               cc=e0 a=00 b=00 dp=00 x=79ac y=000a u=a330 s=1ff4  dt=24
d477| ecc1        LDD   ,U++                cc=e4 a=00 b=00 dp=00 x=79ac y=000a u=a332 s=1ff4  dt=64
d479| ed81        STD   ,X++                cc=e4 a=00 b=00 dp=00 x=79ae y=000a u=a332 s=1ff4  dt=64
d47b| ecc1        LDD   ,U++                cc=e4 a=00 b=00 dp=00 x=79ae y=000a u=a334 s=1ff4  dt=64
d47d| ed81        STD   ,X++                cc=e4 a=00 b=00 dp=00 x=79b0 y=000a u=a334 s=1ff4  dt=64
d47f| ecc1        LDD   ,U++                cc=e4 a=00 b=00 dp=00 x=79b0 y=000a u=a336 s=1ff4  dt=64
d481| ed81        STD   ,X++                cc=e4 a=00 b=00 dp=00 x=79b2 y=000a u=a336 s=1ff4  dt=64
d483| ecc1        LDD   ,U++                cc=e4 a=00 b=00 dp=00 x=79b2 y=000a u=a338 s=1ff4  dt=64
d485| ed81        STD   ,X++                cc=e4 a=00 b=00 dp=00 x=79b4 y=000a u=a338 s=1ff4  dt=64
d487| 30890098    LEAX  $0098,X             cc=e0 a=00 b=00 dp=00 x=7a4c y=000a u=a338 s=1ff4  dt=64
d48b| 313f        LEAY  -1,Y                cc=e0 a=00 b=00 dp=00 x=7a4c y=0009 u=a338 s=1ff4  dt=40
d48d| 26e8        BNE   $d477               cc=e0 a=00 b=00 dp=00 x=7a4c y=0009 u=a338 s=1ff4  dt=24
d477| ecc1        LDD   ,U++                cc=e4 a=00 b=00 dp=00 x=7a4c y=0009 u=a33a s=1ff4  dt=64
d479| ed81        STD   ,X++                cc=e4 a=00 b=00 dp=00 x=7a4e y=0009 u=a33a s=1ff4  dt=64
d47b| ecc1        LDD   ,U++                cc=e4 a=00 b=00 dp=00 x=7a4e y=0009 u=a33c s=1ff4  dt=64
d47d| ed81        STD   ,X++                cc=e4 a=00 b=00 dp=00 x=7a50 y=0009 u=a33c s=1ff4  dt=64
d47f| ecc1        LDD   ,U++                cc=e4 a=00 b=00 dp=00 x=7a50 y=0009 u=a33e s=1ff4  dt=64
d481| ed81        STD   ,X++                cc=e4 a=00 b=00 dp=00 x=7a52 y=0009 u=a33e s=1ff4  dt=64
d483| ecc1        LDD   ,U++                cc=e4 a=00 b=00 dp=00 x=7a52 y=0009 u=a340 s=1ff4  dt=64
d485| ed81        STD   ,X++                cc=e4 a=00 b=00 dp=00 x=7a54 y=0009 u=a340 s=1ff4  dt=64
d487| 30890098    LEAX  $0098,X             cc=e0 a=00 b=00 dp=00 x=7aec y=0009 u=a340 s=1ff4  dt=64
d48b| 313f        LEAY  -1,Y                cc=e0 a=00 b=00 dp=00 x=7aec y=0008 u=a340 s=1ff4  dt=40
d48d| 26e8        BNE   $d477               cc=e0 a=00 b=00 dp=00 x=7aec y=0008 u=a340 s=1ff4  dt=24
d477| ecc1        LDD   ,U++                cc=e4 a=00 b=00 dp=00 x=7aec y=0008 u=a342 s=1ff4  dt=64
d479| ed81        STD   ,X++                cc=e4 a=00 b=00 dp=00 x=7aee y=0008 u=a342 s=1ff4  dt=64
d47b| ecc1        LDD   ,U++                cc=e4 a=00 b=00 dp=00 x=7aee y=0008 u=a344 s=1ff4  dt=64
d47d| ed81        STD   ,X++                cc=e4 a=00 b=00 dp=00 x=7af0 y=0008 u=a344 s=1ff4  dt=64
d47f| ecc1        LDD   ,U++                cc=e4 a=00 b=00 dp=00 x=7af0 y=0008 u=a346 s=1ff4  dt=64
d481| ed81        STD   ,X++                cc=e4 a=00 b=00 dp=00 x=7af2 y=0008 u=a346 s=1ff4  dt=64
d483| ecc1        LDD   ,U++                cc=e4 a=00 b=00 dp=00 x=7af2 y=0008 u=a348 s=1ff4  dt=64
d485| ed81        STD   ,X++                cc=e4 a=00 b=00 dp=00 x=7af4 y=0008 u=a348 s=1ff4  dt=64
d487| 30890098    LEAX  $0098,X             cc=e0 a=00 b=00 dp=00 x=7b8c y=0008 u=a348 s=1ff4  dt=64
d48b| 313f        LEAY  -1,Y                cc=e0 a=00 b=00 dp=00 x=7b8c y=0007 u=a348 s=1ff4  dt=40
d48d| 26e8        BNE   $d477               cc=e0 a=00 b=00 dp=00 x=7b8c y=0007 u=a348 s=1ff4  dt=24
d477| ecc1        LDD   ,U++                cc=e4 a=00 b=00 dp=00 x=7b8c y=0007 u=a34a s=1ff4  dt=64
d479| ed81        STD   ,X++                cc=e4 a=00 b=00 dp=00 x=7b8e y=0007 u=a34a s=1ff4  dt=64
d47b| ecc1        LDD   ,U++                cc=e4 a=00 b=00 dp=00 x=7b8e y=0007 u=a34c s=1ff4  dt=64
d47d| ed81        STD   ,X++                cc=e4 a=00 b=00 dp=00 x=7b90 y=0007 u=a34c s=1ff4  dt=64
d47f| ecc1        LDD   ,U++                cc=e4 a=00 b=00 dp=00 x=7b90 y=0007 u=a34e s=1ff4  dt=64
d481| ed81        STD   ,X++                cc=e4 a=00 b=00 dp=00 x=7b92 y=0007 u=a34e s=1ff4  dt=64
d483| ecc1        LDD   ,U++                cc=e4 a=00 b=00 dp=00 x=7b92 y=0007 u=a350 s=1ff4  dt=64
d485| ed81        STD   ,X++                cc=e4 a=00 b=00 dp=00 x=7b94 y=0007 u=a350 s=1ff4  dt=64
d487| 30890098    LEAX  $0098,X             cc=e0 a=00 b=00 dp=00 x=7c2c y=0007 u=a350 s=1ff4  dt=64
d48b| 313f        LEAY  -1,Y                cc=e0 a=00 b=00 dp=00 x=7c2c y=0006 u=a350 s=1ff4  dt=40
d48d| 26e8        BNE   $d477               cc=e0 a=00 b=00 dp=00 x=7c2c y=0006 u=a350 s=1ff4  dt=24
d477| ecc1        LDD   ,U++                cc=e4 a=00 b=00 dp=00 x=7c2c y=0006 u=a352 s=1ff4  dt=64
d479| ed81        STD   ,X++                cc=e4 a=00 b=00 dp=00 x=7c2e y=0006 u=a352 s=1ff4  dt=64
d47b| ecc1        LDD   ,U++                cc=e4 a=00 b=00 dp=00 x=7c2e y=0006 u=a354 s=1ff4  dt=64
d47d| ed81        STD   ,X++                cc=e4 a=00 b=00 dp=00 x=7c30 y=0006 u=a354 s=1ff4  dt=64
d47f| ecc1        LDD   ,U++                cc=e4 a=00 b=00 dp=00 x=7c30 y=0006 u=a356 s=1ff4  dt=64
d481| ed81        STD   ,X++                cc=e4 a=00 b=00 dp=00 x=7c32 y=0006 u=a356 s=1ff4  dt=64
d483| ecc1        LDD   ,U++                cc=e4 a=00 b=00 dp=00 x=7c32 y=0006 u=a358 s=1ff4  dt=64
d485| ed81        STD   ,X++                cc=e4 a=00 b=00 dp=00 x=7c34 y=0006 u=a358 s=1ff4  dt=64
d487| 30890098    LEAX  $0098,X             cc=e0 a=00 b=00 dp=00 x=7ccc y=0006 u=a358 s=1ff4  dt=64
d48b| 313f        LEAY  -1,Y                cc=e0 a=00 b=00 dp=00 x=7ccc y=0005 u=a358 s=1ff4  dt=40
d48d| 26e8        BNE   $d477               cc=e0 a=00 b=00 dp=00 x=7ccc y=0005 u=a358 s=1ff4  dt=24
d477| ecc1        LDD   ,U++                cc=e4 a=00 b=00 dp=00 x=7ccc y=0005 u=a35a s=1ff4  dt=64
d479| ed81        STD   ,X++                cc=e4 a=00 b=00 dp=00 x=7cce y=0005 u=a35a s=1ff4  dt=64
d47b| ecc1        LDD   ,U++                cc=e4 a=00 b=00 dp=00 x=7cce y=0005 u=a35c s=1ff4  dt=64
d47d| ed81        STD   ,X++                cc=e4 a=00 b=00 dp=00 x=7cd0 y=0005 u=a35c s=1ff4  dt=64
d47f| ecc1        LDD   ,U++                cc=e4 a=00 b=00 dp=00 x=7cd0 y=0005 u=a35e s=1ff4  dt=64
d481| ed81        STD   ,X++                cc=e4 a=00 b=00 dp=00 x=7cd2 y=0005 u=a35e s=1ff4  dt=64
d483| ecc1        LDD   ,U++                cc=e4 a=00 b=00 dp=00 x=7cd2 y=0005 u=a360 s=1ff4  dt=64
d485| ed81        STD   ,X++                cc=e4 a=00 b=00 dp=00 x=7cd4 y=0005 u=a360 s=1ff4  dt=64
d487| 30890098    LEAX  $0098,X             cc=e0 a=00 b=00 dp=00 x=7d6c y=0005 u=a360 s=1ff4  dt=64
d48b| 313f        LEAY  -1,Y                cc=e0 a=00 b=00 dp=00 x=7d6c y=0004 u=a360 s=1ff4  dt=40
d48d| 26e8        BNE   $d477               cc=e0 a=00 b=00 dp=00 x=7d6c y=0004 u=a360 s=1ff4  dt=24
d477| ecc1        LDD   ,U++                cc=e4 a=00 b=00 dp=00 x=7d6c y=0004 u=a362 s=1ff4  dt=64
d479| ed81        STD   ,X++                cc=e4 a=00 b=00 dp=00 x=7d6e y=0004 u=a362 s=1ff4  dt=64
d47b| ecc1        LDD   ,U++                cc=e4 a=00 b=00 dp=00 x=7d6e y=0004 u=a364 s=1ff4  dt=64
d47d| ed81        STD   ,X++                cc=e4 a=00 b=00 dp=00 x=7d70 y=0004 u=a364 s=1ff4  dt=64
d47f| ecc1        LDD   ,U++                cc=e4 a=00 b=00 dp=00 x=7d70 y=0004 u=a366 s=1ff4  dt=64
d481| ed81        STD   ,X++                cc=e4 a=00 b=00 dp=00 x=7d72 y=0004 u=a366 s=1ff4  dt=64
d483| ecc1        LDD   ,U++                cc=e4 a=00 b=00 dp=00 x=7d72 y=0004 u=a368 s=1ff4  dt=64
d485| ed81        STD   ,X++                cc=e4 a=00 b=00 dp=00 x=7d74 y=0004 u=a368 s=1ff4  dt=64
d487| 30890098    LEAX  $0098,X             cc=e0 a=00 b=00 dp=00 x=7e0c y=0004 u=a368 s=1ff4  dt=64
d48b| 313f        LEAY  -1,Y                cc=e0 a=00 b=00 dp=00 x=7e0c y=0003 u=a368 s=1ff4  dt=40
d48d| 26e8        BNE   $d477               cc=e0 a=00 b=00 dp=00 x=7e0c y=0003 u=a368 s=1ff4  dt=24
d477| ecc1        LDD   ,U++                cc=e4 a=00 b=00 dp=00 x=7e0c y=0003 u=a36a s=1ff4  dt=64
d479| ed81        STD   ,X++                cc=e4 a=00 b=00 dp=00 x=7e0e y=0003 u=a36a s=1ff4  dt=64
d47b| ecc1        LDD   ,U++                cc=e4 a=00 b=00 dp=00 x=7e0e y=0003 u=a36c s=1ff4  dt=64
d47d| ed81        STD   ,X++                cc=e4 a=00 b=00 dp=00 x=7e10 y=0003 u=a36c s=1ff4  dt=64
d47f| ecc1        LDD   ,U++                cc=e4 a=00 b=00 dp=00 x=7e10 y=0003 u=a36e s=1ff4  dt=64
d481| ed81        STD   ,X++                cc=e4 a=00 b=00 dp=00 x=7e12 y=0003 u=a36e s=1ff4  dt=64
d483| ecc1        LDD   ,U++                cc=e4 a=00 b=00 dp=00 x=7e12 y=0003 u=a370 s=1ff4  dt=64
d485| ed81        STD   ,X++                cc=e4 a=00 b=00 dp=00 x=7e14 y=0003 u=a370 s=1ff4  dt=64
d487| 30890098    LEAX  $0098,X             cc=e0 a=00 b=00 dp=00 x=7eac y=0003 u=a370 s=1ff4  dt=64
d48b| 313f        LEAY  -1,Y                cc=e0 a=00 b=00 dp=00 x=7eac y=0002 u=a370 s=1ff4  dt=40
d48d| 26e8        BNE   $d477               cc=e0 a=00 b=00 dp=00 x=7eac y=0002 u=a370 s=1ff4  dt=24
d477| ecc1        LDD   ,U++                cc=e4 a=00 b=00 dp=00 x=7eac y=0002 u=a372 s=1ff4  dt=64
d479| ed81        STD   ,X++                cc=e4 a=00 b=00 dp=00 x=7eae y=0002 u=a372 s=1ff4  dt=64
d47b| ecc1        LDD   ,U++                cc=e4 a=00 b=00 dp=00 x=7eae y=0002 u=a374 s=1ff4  dt=64
d47d| ed81        STD   ,X++                cc=e4 a=00 b=00 dp=00 x=7eb0 y=0002 u=a374 s=1ff4  dt=64
d47f| ecc1        LDD   ,U++                cc=e4 a=00 b=00 dp=00 x=7eb0 y=0002 u=a376 s=1ff4  dt=64
d481| ed81        STD   ,X++                cc=e4 a=00 b=00 dp=00 x=7eb2 y=0002 u=a376 s=1ff4  dt=64
d483| ecc1        LDD   ,U++                cc=e4 a=00 b=00 dp=00 x=7eb2 y=0002 u=a378 s=1ff4  dt=64
d485| ed81        STD   ,X++                cc=e4 a=00 b=00 dp=00 x=7eb4 y=0002 u=a378 s=1ff4  dt=64
d487| 30890098    LEAX  $0098,X             cc=e0 a=00 b=00 dp=00 x=7f4c y=0002 u=a378 s=1ff4  dt=64
d48b| 313f        LEAY  -1,Y                cc=e0 a=00 b=00 dp=00 x=7f4c y=0001 u=a378 s=1ff4  dt=40
d48d| 26e8        BNE   $d477               cc=e0 a=00 b=00 dp=00 x=7f4c y=0001 u=a378 s=1ff4  dt=24
d477| ecc1        LDD   ,U++                cc=e0 a=44 b=00 dp=00 x=7f4c y=0001 u=a37a s=1ff4  dt=64
d479| ed81        STD   ,X++                cc=e0 a=44 b=00 dp=00 x=7f4e y=0001 u=a37a s=1ff4  dt=64
d47b| ecc1        LDD   ,U++                cc=e4 a=00 b=00 dp=00 x=7f4e y=0001 u=a37c s=1ff4  dt=64
d47d| ed81        STD   ,X++                cc=e4 a=00 b=00 dp=00 x=7f50 y=0001 u=a37c s=1ff4  dt=64
d47f| ecc1        LDD   ,U++                cc=e4 a=00 b=00 dp=00 x=7f50 y=0001 u=a37e s=1ff4  dt=64
d481| ed81        STD   ,X++                cc=e4 a=00 b=00 dp=00 x=7f52 y=0001 u=a37e s=1ff4  dt=64
d483| ecc1        LDD   ,U++                cc=e4 a=00 b=00 dp=00 x=7f52 y=0001 u=a380 s=1ff4  dt=64
d485| ed81        STD   ,X++                cc=e4 a=00 b=00 dp=00 x=7f54 y=0001 u=a380 s=1ff4  dt=64
d487| 30890098    LEAX  $0098,X             cc=e0 a=00 b=00 dp=00 x=7fec y=0001 u=a380 s=1ff4  dt=64
d48b| 313f        LEAY  -1,Y                cc=e4 a=00 b=00 dp=00 x=7fec y=0000 u=a380 s=1ff4  dt=40
d48d| 26e8        BNE   $d477               cc=e4 a=00 b=00 dp=00 x=7fec y=0000 u=a380 s=1ff4  dt=24
d48f| 0f6a        CLR   <$6a                cc=e4 a=00 b=00 dp=00 x=7fec y=0000 u=a380 s=1ff4  dt=48
d491| 39          RTS                       cc=e4 a=00 b=00 dp=00 x=7fec y=0000 u=a380 s=1ff6  dt=40
0c28| 3506        PULS  A,B                 cc=e4 a=75 b=ec dp=00 x=7fec y=0000 u=a380 s=1ff8  dt=56
0c2a| dd0b        STD   <$0b                cc=e0 a=75 b=ec dp=00 x=7fec y=0000 u=a380 s=1ff8  dt=40
0c2c| 8601        LDA   #$01                cc=e0 a=01 b=ec dp=00 x=7fec y=0000 u=a380 s=1ff8  dt=16
0c2e| 9769        STA   <$69                cc=e0 a=01 b=ec dp=00 x=7fec y=0000 u=a380 s=1ff8  dt=32
0c30| 8ea470      LDX   #$a470              cc=e8 a=01 b=ec dp=00 x=a470 y=0000 u=a380 s=1ff8  dt=24
0c33| 8604        LDA   #$04                cc=e0 a=04 b=ec dp=00 x=a470 y=0000 u=a380 s=1ff8  dt=16
0c35| 975d        STA   <$5d                cc=e0 a=04 b=ec dp=00 x=a470 y=0000 u=a380 s=1ff8  dt=32
0c37| 8604        LDA   #$04                cc=e0 a=04 b=ec dp=00 x=a470 y=0000 u=a380 s=1ff8  dt=16
0c39| 905d        SUBA  <$5d                cc=e4 a=00 b=ec dp=00 x=a470 y=0000 u=a380 s=1ff8  dt=32
0c3b| 108e10a1    LDY   #$10a1              cc=e0 a=00 b=ec dp=00 x=a470 y=10a1 u=a380 s=1ff8  dt=32
0c3f| e6a6        LDB   A,Y                 cc=e0 a=00 b=01 dp=00 x=a470 y=10a1 u=a380 s=1ff8  dt=40
0c41| d486        ANDB  <$86                cc=e0 a=00 b=01 dp=00 x=a470 y=10a1 u=a380 s=1ff8  dt=32
0c43| 2711        BEQ   $0c56               cc=e0 a=00 b=01 dp=00 x=a470 y=10a1 u=a380 s=1ff8  dt=24
0c45| 17045d      LBSR  $10a5               cc=e0 a=00 b=01 dp=00 x=a470 y=10a1 u=a380 s=1ff6  dt=72
10a5| 8604        LDA   #$04                cc=e0 a=04 b=01 dp=00 x=a470 y=10a1 u=a380 s=1ff6  dt=16
10a7| 905d        SUBA  <$5d                cc=e4 a=00 b=01 dp=00 x=a470 y=10a1 u=a380 s=1ff6  dt=32
10a9| 48          LSLA                      cc=e4 a=00 b=01 dp=00 x=a470 y=10a1 u=a380 s=1ff6  dt=16
10aa| cea890      LDU   #$a890              cc=e8 a=00 b=01 dp=00 x=a470 y=10a1 u=a890 s=1ff6  dt=24
10ad| 33c6        LEAU  A,U                 cc=e8 a=00 b=01 dp=00 x=a470 y=10a1 u=a890 s=1ff6  dt=40
10af| 39          RTS                       cc=e8 a=00 b=01 dp=00 x=a470 y=10a1 u=a890 s=1ff8  dt=40
0c48| ecc4        LDD   ,U                  cc=e0 a=2f b=ce dp=00 x=a470 y=10a1 u=a890 s=1ff8  dt=40
0c4a| 3410        PSHS  X                   cc=e0 a=2f b=ce dp=00 x=a470 y=10a1 u=a890 s=1ff6  dt=56
0c4c| 1f01        TFR   D,X                 cc=e0 a=2f b=ce dp=00 x=2fce y=10a1 u=a890 s=1ff6  dt=48
0c4e| 17045f      LBSR  $10b0               cc=e0 a=2f b=ce dp=00 x=2fce y=10a1 u=a890 s=1ff4  dt=72
10b0| 8604        LDA   #$04                cc=e0 a=04 b=ce dp=00 x=2fce y=10a1 u=a890 s=1ff4  dt=16
10b2| 905d        SUBA  <$5d                cc=e4 a=00 b=ce dp=00 x=2fce y=10a1 u=a890 s=1ff4  dt=32
10b4| c680        LDB   #$80                cc=e8 a=00 b=80 dp=00 x=2fce y=10a1 u=a890 s=1ff4  dt=16
10b6| 3d          MUL                       cc=ec a=00 b=00 dp=00 x=2fce y=10a1 u=a890 s=1ff4  dt=88
10b7| 0d90        TST   <$90                cc=e4 a=00 b=00 dp=00 x=2fce y=10a1 u=a890 s=1ff4  dt=48
10b9| 2605        BNE   $10c0               cc=e4 a=00 b=00 dp=00 x=2fce y=10a1 u=a890 s=1ff4  dt=24
10bb| c3a690      ADDD  #$a690              cc=e8 a=a6 b=90 dp=00 x=2fce y=10a1 u=a890 s=1ff4  dt=32
10be| 2003        BRA   $10c3               cc=e8 a=a6 b=90 dp=00 x=2fce y=10a1 u=a890 s=1ff4  dt=24
10c3| 1f03        TFR   D,U                 cc=e8 a=a6 b=90 dp=00 x=2fce y=10a1 u=a690 s=1ff4  dt=48
10c5| 39          RTS                       cc=e8 a=a6 b=90 dp=00 x=2fce y=10a1 u=a690 s=1ff6  dt=40
0c51| 1705cd      LBSR  $1221               cc=e8 a=a6 b=90 dp=00 x=2fce y=10a1 u=a690 s=1ff4  dt=72
1221| df9e        STU   <$9e                cc=e8 a=a6 b=90 dp=00 x=2fce y=10a1 u=a690 s=1ff4  dt=40
1223| 17fea0      LBSR  $10c6               cc=e8 a=a6 b=90 dp=00 x=2fce y=10a1 u=a690 s=1ff2  dt=72
10c6| 8604        LDA   #$04                cc=e0 a=04 b=90 dp=00 x=2fce y=10a1 u=a690 s=1ff2  dt=16
10c8| 905d        SUBA  <$5d                cc=e4 a=00 b=90 dp=00 x=2fce y=10a1 u=a690 s=1ff2  dt=32
10ca| cea898      LDU   #$a898              cc=e8 a=00 b=90 dp=00 x=2fce y=10a1 u=a898 s=1ff2  dt=24
10cd| 33c6        LEAU  A,U                 cc=e8 a=00 b=90 dp=00 x=2fce y=10a1 u=a898 s=1ff2  dt=40
10cf| 39          RTS                       cc=e8 a=00 b=90 dp=00 x=2fce y=10a1 u=a898 s=1ff4  dt=40
1226| a6c4        LDA   ,U                  cc=e4 a=00 b=90 dp=00 x=2fce y=10a1 u=a898 s=1ff4  dt=32
1228| 979c        STA   <$9c                cc=e4 a=00 b=90 dp=00 x=2fce y=10a1 u=a898 s=1ff4  dt=32
122a| 85f0        BITA  #$f0                cc=e4 a=00 b=90 dp=00 x=2fce y=10a1 u=a898 s=1ff4  dt=16
122c| 1026011c    LBNE  $134c               cc=e4 a=00 b=90 dp=00 x=2fce y=10a1 u=a898 s=1ff4  dt=40
1230| 8407        ANDA  #$07                cc=e4 a=00 b=90 dp=00 x=2fce y=10a1 u=a898 s=1ff4  dt=16
1232| 48          LSLA                      cc=e4 a=00 b=90 dp=00 x=2fce y=10a1 u=a898 s=1ff4  dt=16
1233| de9e        LDU   <$9e                cc=e8 a=00 b=90 dp=00 x=2fce y=10a1 u=a690 s=1ff4  dt=40
1235| 108e123e    LDY   #$123e              cc=e0 a=00 b=90 dp=00 x=2fce y=123e u=a690 s=1ff4  dt=32
1239| 10aea6      LDY   A,Y                 cc=e0 a=00 b=90 dp=00 x=2fce y=124e u=a690 s=1ff4  dt=56
123c| 6ea4        JMP   ,Y                  cc=e0 a=00 b=90 dp=00 x=2fce y=124e u=a690 s=1ff4  dt=24
124e| 108e0010    LDY   #$0010              cc=e0 a=00 b=90 dp=00 x=2fce y=0010 u=a690 s=1ff4  dt=32
1252| ecc1        LDD   ,U++                cc=e0 a=55 b=55 dp=00 x=2fce y=0010 u=a692 s=1ff4  dt=64
1254| ed81        STD   ,X++                cc=e0 a=55 b=55 dp=00 x=2fd0 y=0010 u=a692 s=1ff4  dt=64
1256| ecc1        LDD   ,U++                cc=e0 a=55 b=55 dp=00 x=2fd0 y=0010 u=a694 s=1ff4  dt=64
1258| ed81        STD   ,X++                cc=e0 a=55 b=55 dp=00 x=2fd2 y=0010 u=a694 s=1ff4  dt=64
125a| ecc1        LDD   ,U++                cc=e0 a=55 b=59 dp=00 x=2fd2 y=0010 u=a696 s=1ff4  dt=64
125c| ed81        STD   ,X++                cc=e0 a=55 b=59 dp=00 x=2fd4 y=0010 u=a696 s=1ff4  dt=64
125e| ecc1        LDD   ,U++                cc=e8 a=99 b=95 dp=00 x=2fd4 y=0010 u=a698 s=1ff4  dt=64
1260| ed81        STD   ,X++                cc=e8 a=99 b=95 dp=00 x=2fd6 y=0010 u=a698 s=1ff4  dt=64
1262| 30890098    LEAX  $0098,X             cc=e8 a=99 b=95 dp=00 x=306e y=0010 u=a698 s=1ff4  dt=64
1266| 313f        LEAY  -1,Y                cc=e8 a=99 b=95 dp=00 x=306e y=000f u=a698 s=1ff4  dt=40
1268| 26e8        BNE   $1252               cc=e8 a=99 b=95 dp=00 x=306e y=000f u=a698 s=1ff4  dt=24
1252| ecc1        LDD   ,U++                cc=e4 a=00 b=00 dp=00 x=306e y=000f u=a69a s=1ff4  dt=64
1254| ed81        STD   ,X++                cc=e4 a=00 b=00 dp=00 x=3070 y=000f u=a69a s=1ff4  dt=64
1256| ecc1        LDD   ,U++                cc=e4 a=00 b=00 dp=00 x=3070 y=000f u=a69c s=1ff4  dt=64
1258| ed81        STD   ,X++                cc=e4 a=00 b=00 dp=00 x=3072 y=000f u=a69c s=1ff4  dt=64
125a| ecc1        LDD   ,U++                cc=e4 a=00 b=00 dp=00 x=3072 y=000f u=a69e s=1ff4  dt=64
125c| ed81        STD   ,X++                cc=e4 a=00 b=00 dp=00 x=3074 y=000f u=a69e s=1ff4  dt=64
125e| ecc1        LDD   ,U++                cc=e8 a=99 b=00 dp=00 x=3074 y=000f u=a6a0 s=1ff4  dt=64
1260| ed81        STD   ,X++                cc=e8 a=99 b=00 dp=00 x=3076 y=000f u=a6a0 s=1ff4  dt=64
1262| 30890098    LEAX  $0098,X             cc=e8 a=99 b=00 dp=00 x=310e y=000f u=a6a0 s=1ff4  dt=64
1266| 313f        LEAY  -1,Y                cc=e8 a=99 b=00 dp=00 x=310e y=000e u=a6a0 s=1ff4  dt=40
1268| 26e8        BNE   $1252               cc=e8 a=99 b=00 dp=00 x=310e y=000e u=a6a0 s=1ff4  dt=24
1252| ecc1        LDD   ,U++                cc=e4 a=00 b=00 dp=00 x=310e y=000e u=a6a2 s=1ff4  dt=64
1254| ed81        STD   ,X++                cc=e4 a=00 b=00 dp=00 x=3110 y=000e u=a6a2 s=1ff4  dt=64
1256| ecc1        LDD   ,U++                cc=e4 a=00 b=00 dp=00 x=3110 y=000e u=a6a4 s=1ff4  dt=64
1258| ed81        STD   ,X++                cc=e4 a=00 b=00 dp=00 x=3112 y=000e u=a6a4 s=1ff4  dt=64
125a| ecc1        LDD   ,U++                cc=e4 a=00 b=00 dp=00 x=3112 y=000e u=a6a6 s=1ff4  dt=64
125c| ed81        STD   ,X++                cc=e4 a=00 b=00 dp=00 x=3114 y=000e u=a6a6 s=1ff4  dt=64
125e| ecc1        LDD   ,U++                cc=e4 a=00 b=00 dp=00 x=3114 y=000e u=a6a8 s=1ff4  dt=64
1260| ed81        STD   ,X++                cc=e4 a=00 b=00 dp=00 x=3116 y=000e u=a6a8 s=1ff4  dt=64
1262| 30890098    LEAX  $0098,X             cc=e0 a=00 b=00 dp=00 x=31ae y=000e u=a6a8 s=1ff4  dt=64
1266| 313f        LEAY  -1,Y                cc=e0 a=00 b=00 dp=00 x=31ae y=000d u=a6a8 s=1ff4  dt=40
1268| 26e8        BNE   $1252               cc=e0 a=00 b=00 dp=00 x=31ae y=000d u=a6a8 s=1ff4  dt=24
1252| ecc1        LDD   ,U++                cc=e0 a=00 b=03 dp=00 x=31ae y=000d u=a6aa s=1ff4  dt=64
1254| ed81        STD   ,X++                cc=e0 a=00 b=03 dp=00 x=31b0 y=000d u=a6aa s=1ff4  dt=64
1256| ecc1        LDD   ,U++                cc=e0 a=33 b=00 dp=00 x=31b0 y=000d u=a6ac s=1ff4  dt=64
1258| ed81        STD   ,X++                cc=e0 a=33 b=00 dp=00 x=31b2 y=000d u=a6ac s=1ff4  dt=64
125a| ecc1        LDD   ,U++                cc=e4 a=00 b=00 dp=00 x=31b2 y=000d u=a6ae s=1ff4  dt=64
125c| ed81        STD   ,X++                cc=e4 a=00 b=00 dp=00 x=31b4 y=000d u=a6ae s=1ff4  dt=64
125e| ecc1        LDD   ,U++                cc=e4 a=00 b=00 dp=00 x=31b4 y=000d u=a6b0 s=1ff4  dt=64
1260| ed81        STD   ,X++                cc=e4 a=00 b=00 dp=00 x=31b6 y=000d u=a6b0 s=1ff4  dt=64
1262| 30890098    LEAX  $0098,X             cc=e0 a=00 b=00 dp=00 x=324e y=000d u=a6b0 s=1ff4  dt=64
1266| 313f        LEAY  -1,Y                cc=e0 a=00 b=00 dp=00 x=324e y=000c u=a6b0 s=1ff4  dt=40
1268| 26e8        BNE   $1252               cc=e0 a=00 b=00 dp=00 x=324e y=000c u=a6b0 s=1ff4  dt=24
1252| ecc1        LDD   ,U++                cc=e0 a=03 b=33 dp=00 x=324e y=000c u=a6b2 s=1ff4  dt=64
1254| ed81        STD   ,X++                cc=e0 a=03 b=33 dp=00 x=3250 y=000c u=a6b2 s=1ff4  dt=64
1256| ecc1        LDD   ,U++                cc=e0 a=33 b=33 dp=00 x=3250 y=000c u=a6b4 s=1ff4  dt=64
1258| ed81        STD   ,X++                cc=e0 a=33 b=33 dp=00 x=3252 y=000c u=a6b4 s=1ff4  dt=64
125a| ecc1        LDD   ,U++                cc=e4 a=00 b=00 dp=00 x=3252 y=000c u=a6b6 s=1ff4  dt=64
125c| ed81        STD   ,X++                cc=e4 a=00 b=00 dp=00 x=3254 y=000c u=a6b6 s=1ff4  dt=64
125e| ecc1        LDD   ,U++                cc=e4 a=00 b=00 dp=00 x=3254 y=000c u=a6b8 s=1ff4  dt=64
1260| ed81        STD   ,X++                cc=e4 a=00 b=00 dp=00 x=3256 y=000c u=a6b8 s=1ff4  dt=64
1262| 30890098    LEAX  $0098,X             cc=e0 a=00 b=00 dp=00 x=32ee y=000c u=a6b8 s=1ff4  dt=64
1266| 313f        LEAY  -1,Y                cc=e0 a=00 b=00 dp=00 x=32ee y=000b u=a6b8 s=1ff4  dt=40
1268| 26e8        BNE   $1252               cc=e0 a=00 b=00 dp=00 x=32ee y=000b u=a6b8 s=1ff4  dt=24
1252| ecc1        LDD   ,U++                cc=e0 a=03 b=34 dp=00 x=32ee y=000b u=a6ba s=1ff4  dt=64
1254| ed81        STD   ,X++                cc=e0 a=03 b=34 dp=00 x=32f0 y=000b u=a6ba s=1ff4  dt=64
1256| ecc1        LDD   ,U++                cc=e0 a=34 b=33 dp=00 x=32f0 y=000b u=a6bc s=1ff4  dt=64
1258| ed81        STD   ,X++                cc=e0 a=34 b=33 dp=00 x=32f2 y=000b u=a6bc s=1ff4  dt=64
125a| ecc1        LDD   ,U++                cc=e4 a=00 b=00 dp=00 x=32f2 y=000b u=a6be s=1ff4  dt=64
125c| ed81        STD   ,X++                cc=e4 a=00 b=00 dp=00 x=32f4 y=000b u=a6be s=1ff4  dt=64
125e| ecc1        LDD   ,U++                cc=e4 a=00 b=00 dp=00 x=32f4 y=000b u=a6c0 s=1ff4  dt=64
1260| ed81        STD   ,X++                cc=e4 a=00 b=00 dp=00 x=32f6 y=000b u=a6c0 s=1ff4  dt=64
1262| 30890098    LEAX  $0098,X             cc=e0 a=00 b=00 dp=00 x=338e y=000b u=a6c0 s=1ff4  dt=64
1266| 313f        LEAY  -1,Y                cc=e0 a=00 b=00 dp=00 x=338e y=000a u=a6c0 s=1ff4  dt=40
1268| 26e8        BNE   $1252               cc=e0 a=00 b=00 dp=00 x=338e y=000a u=a6c0 s=1ff4  dt=24
1252| ecc1        LDD   ,U++                cc=e0 a=33 b=44 dp=00 x=338e y=000a u=a6c2 s=1ff4  dt=64
1254| ed81        STD   ,X++                cc=e0 a=33 b=44 dp=00 x=3390 y=000a u=a6c2 s=1ff4  dt=64
1256| ecc1        LDD   ,U++                cc=e0 a=44 b=43 dp=00 x=3390 y=000a u=a6c4 s=1ff4  dt=64
1258| ed81        STD   ,X++                cc=e0 a=44 b=43 dp=00 x=3392 y=000a u=a6c4 s=1ff4  dt=64
125a| ecc1        LDD   ,U++                cc=e0 a=30 b=00 dp=00 x=3392 y=000a u=a6c6 s=1ff4  dt=64
125c| ed81        STD   ,X++                cc=e0 a=30 b=00 dp=00 x=3394 y=000a u=a6c6 s=1ff4  dt=64
125e| ecc1        LDD   ,U++                cc=e4 a=00 b=00 dp=00 x=3394 y=000a u=a6c8 s=1ff4  dt=64
1260| ed81        STD   ,X++                cc=e4 a=00 b=00 dp=00 x=3396 y=000a u=a6c8 s=1ff4  dt=64
1262| 30890098    LEAX  $0098,X             cc=e0 a=00 b=00 dp=00 x=342e y=000a u=a6c8 s=1ff4  dt=64
1266| 313f        LEAY  -1,Y                cc=e0 a=00 b=00 dp=00 x=342e y=0009 u=a6c8 s=1ff4  dt=40
1268| 26e8        BNE   $1252               cc=e0 a=00 b=00 dp=00 x=342e y=0009 u=a6c8 s=1ff4  dt=24
1252| ecc1        LDD   ,U++                cc=e0 a=33 b=44 dp=00 x=342e y=0009 u=a6ca s=1ff4  dt=64
1254| ed81        STD   ,X++                cc=e0 a=33 b=44 dp=00 x=3430 y=0009 u=a6ca s=1ff4  dt=64
1256| ecc1        LDD   ,U++                cc=e0 a=44 b=43 dp=00 x=3430 y=0009 u=a6cc s=1ff4  dt=64
1258| ed81        STD   ,X++                cc=e0 a=44 b=43 dp=00 x=3432 y=0009 u=a6cc s=1ff4  dt=64
125a| ecc1        LDD   ,U++                cc=e0 a=30 b=00 dp=00 x=3432 y=0009 u=a6ce s=1ff4  dt=64
125c| ed81        STD   ,X++                cc=e0 a=30 b=00 dp=00 x=3434 y=0009 u=a6ce s=1ff4  dt=64
125e| ecc1        LDD   ,U++                cc=e4 a=00 b=00 dp=00 x=3434 y=0009 u=a6d0 s=1ff4  dt=64
1260| ed81        STD   ,X++                cc=e4 a=00 b=00 dp=00 x=3436 y=0009 u=a6d0 s=1ff4  dt=64
1262| 30890098    LEAX  $0098,X             cc=e0 a=00 b=00 dp=00 x=34ce y=0009 u=a6d0 s=1ff4  dt=64
1266| 313f        LEAY  -1,Y                cc=e0 a=00 b=00 dp=00 x=34ce y=0008 u=a6d0 s=1ff4  dt=40
1268| 26e8        BNE   $1252               cc=e0 a=00 b=00 dp=00 x=34ce y=0008 u=a6d0 s=1ff4  dt=24
1252| ecc1        LDD   ,U++                cc=e0 a=33 b=34 dp=00 x=34ce y=0008 u=a6d2 s=1ff4  dt=64
1254| ed81        STD   ,X++                cc=e0 a=33 b=34 dp=00 x=34d0 y=0008 u=a6d2 s=1ff4  dt=64
1256| ecc1        LDD   ,U++                cc=e0 a=44 b=33 dp=00 x=34d0 y=0008 u=a6d4 s=1ff4  dt=64
1258| ed81        STD   ,X++                cc=e0 a=44 b=33 dp=00 x=34d2 y=0008 u=a6d4 s=1ff4  dt=64
125a| ecc1        LDD   ,U++                cc=e0 a=30 b=00 dp=00 x=34d2 y=0008 u=a6d6 s=1ff4  dt=64
125c| ed81        STD   ,X++                cc=e0 a=30 b=00 dp=00 x=34d4 y=0008 u=a6d6 s=1ff4  dt=64
125e| ecc1        LDD   ,U++                cc=e4 a=00 b=00 dp=00 x=34d4 y=0008 u=a6d8 s=1ff4  dt=64
1260| ed81        STD   ,X++                cc=e4 a=00 b=00 dp=00 x=34d6 y=0008 u=a6d8 s=1ff4  dt=64
1262| 30890098    LEAX  $0098,X             cc=e0 a=00 b=00 dp=00 x=356e y=0008 u=a6d8 s=1ff4  dt=64
1266| 313f        LEAY  -1,Y                cc=e0 a=00 b=00 dp=00 x=356e y=0007 u=a6d8 s=1ff4  dt=40
1268| 26e8        BNE   $1252               cc=e0 a=00 b=00 dp=00 x=356e y=0007 u=a6d8 s=1ff4  dt=24
1252| ecc1        LDD   ,U++                cc=e0 a=03 b=33 dp=00 x=356e y=0007 u=a6da s=1ff4  dt=64
1254| ed81        STD   ,X++                cc=e0 a=03 b=33 dp=00 x=3570 y=0007 u=a6da s=1ff4  dt=64
1256| ecc1        LDD   ,U++                cc=e0 a=43 b=33 dp=00 x=3570 y=0007 u=a6dc s=1ff4  dt=64
1258| ed81        STD   ,X++                cc=e0 a=43 b=33 dp=00 x=3572 y=0007 u=a6dc s=1ff4  dt=64
125a| ecc1        LDD   ,U++                cc=e4 a=00 b=00 dp=00 x=3572 y=0007 u=a6de s=1ff4  dt=64
125c| ed81        STD   ,X++                cc=e4 a=00 b=00 dp=00 x=3574 y=0007 u=a6de s=1ff4  dt=64
125e| ecc1        LDD   ,U++                cc=e4 a=00 b=00 dp=00 x=3574 y=0007 u=a6e0 s=1ff4  dt=64
1260| ed81        STD   ,X++                cc=e4 a=00 b=00 dp=00 x=3576 y=0007 u=a6e0 s=1ff4  dt=64
1262| 30890098    LEAX  $0098,X             cc=e0 a=00 b=00 dp=00 x=360e y=0007 u=a6e0 s=1ff4  dt=64
1266| 313f        LEAY  -1,Y                cc=e0 a=00 b=00 dp=00 x=360e y=0006 u=a6e0 s=1ff4  dt=40
1268| 26e8        BNE   $1252               cc=e0 a=00 b=00 dp=00 x=360e y=0006 u=a6e0 s=1ff4  dt=24
1252| ecc1        LDD   ,U++                cc=e0 a=03 b=33 dp=00 x=360e y=0006 u=a6e2 s=1ff4  dt=64
1254| ed81        STD   ,X++                cc=e0 a=03 b=33 dp=00 x=3610 y=0006 u=a6e2 s=1ff4  dt=64
1256| ecc1        LDD   ,U++                cc=e0 a=33 b=33 dp=00 x=3610 y=0006 u=a6e4 s=1ff4  dt=64
1258| ed81        STD   ,X++                cc=e0 a=33 b=33 dp=00 x=3612 y=0006 u=a6e4 s=1ff4  dt=64
125a| ecc1        LDD   ,U++                cc=e4 a=00 b=00 dp=00 x=3612 y=0006 u=a6e6 s=1ff4  dt=64
125c| ed81        STD   ,X++                cc=e4 a=00 b=00 dp=00 x=3614 y=0006 u=a6e6 s=1ff4  dt=64
125e| ecc1        LDD   ,U++                cc=e4 a=00 b=00 dp=00 x=3614 y=0006 u=a6e8 s=1ff4  dt=64
1260| ed81        STD   ,X++                cc=e4 a=00 b=00 dp=00 x=3616 y=0006 u=a6e8 s=1ff4  dt=64
1262| 30890098    LEAX  $0098,X             cc=e0 a=00 b=00 dp=00 x=36ae y=0006 u=a6e8 s=1ff4  dt=64
1266| 313f        LEAY  -1,Y                cc=e0 a=00 b=00 dp=00 x=36ae y=0005 u=a6e8 s=1ff4  dt=40
1268| 26e8        BNE   $1252               cc=e0 a=00 b=00 dp=00 x=36ae y=0005 u=a6e8 s=1ff4  dt=24
1252| ecc1        LDD   ,U++                cc=e0 a=00 b=03 dp=00 x=36ae y=0005 u=a6ea s=1ff4  dt=64
1254| ed81        STD   ,X++                cc=e0 a=00 b=03 dp=00 x=36b0 y=0005 u=a6ea s=1ff4  dt=64
1256| ecc1        LDD   ,U++                cc=e0 a=33 b=00 dp=00 x=36b0 y=0005 u=a6ec s=1ff4  dt=64
1258| ed81        STD   ,X++                cc=e0 a=33 b=00 dp=00 x=36b2 y=0005 u=a6ec s=1ff4  dt=64
125a| ecc1        LDD   ,U++                cc=e4 a=00 b=00 dp=00 x=36b2 y=0005 u=a6ee s=1ff4  dt=64
125c| ed81        STD   ,X++                cc=e4 a=00 b=00 dp=00 x=36b4 y=0005 u=a6ee s=1ff4  dt=64
125e| ecc1        LDD   ,U++                cc=e4 a=00 b=00 dp=00 x=36b4 y=0005 u=a6f0 s=1ff4  dt=64
1260| ed81        STD   ,X++                cc=e4 a=00 b=00 dp=00 x=36b6 y=0005 u=a6f0 s=1ff4  dt=64
1262| 30890098    LEAX  $0098,X             cc=e0 a=00 b=00 dp=00 x=374e y=0005 u=a6f0 s=1ff4  dt=64
1266| 313f        LEAY  -1,Y                cc=e0 a=00 b=00 dp=00 x=374e y=0004 u=a6f0 s=1ff4  dt=40
1268| 26e8        BNE   $1252               cc=e0 a=00 b=00 dp=00 x=374e y=0004 u=a6f0 s=1ff4  dt=24
1252| ecc1        LDD   ,U++                cc=e4 a=00 b=00 dp=00 x=374e y=0004 u=a6f2 s=1ff4  dt=64
1254| ed81        STD   ,X++                cc=e4 a=00 b=00 dp=00 x=3750 y=0004 u=a6f2 s=1ff4  dt=64
1256| ecc1        LDD   ,U++                cc=e4 a=00 b=00 dp=00 x=3750 y=0004 u=a6f4 s=1ff4  dt=64
1258| ed81        STD   ,X++                cc=e4 a=00 b=00 dp=00 x=3752 y=0004 u=a6f4 s=1ff4  dt=64
125a| ecc1        LDD   ,U++                cc=e4 a=00 b=00 dp=00 x=3752 y=0004 u=a6f6 s=1ff4  dt=64
125c| ed81        STD   ,X++                cc=e4 a=00 b=00 dp=00 x=3754 y=0004 u=a6f6 s=1ff4  dt=64
125e| ecc1        LDD   ,U++                cc=e4 a=00 b=00 dp=00 x=3754 y=0004 u=a6f8 s=1ff4  dt=64
1260| ed81        STD   ,X++                cc=e4 a=00 b=00 dp=00 x=3756 y=0004 u=a6f8 s=1ff4  dt=64
1262| 30890098    LEAX  $0098,X             cc=e0 a=00 b=00 dp=00 x=37ee y=0004 u=a6f8 s=1ff4  dt=64
1266| 313f        LEAY  -1,Y                cc=e0 a=00 b=00 dp=00 x=37ee y=0003 u=a6f8 s=1ff4  dt=40
1268| 26e8        BNE   $1252               cc=e0 a=00 b=00 dp=00 x=37ee y=0003 u=a6f8 s=1ff4  dt=24
1252| ecc1        LDD   ,U++                cc=e4 a=00 b=00 dp=00 x=37ee y=0003 u=a6fa s=1ff4  dt=64
1254| ed81        STD   ,X++                cc=e4 a=00 b=00 dp=00 x=37f0 y=0003 u=a6fa s=1ff4  dt=64
1256| ecc1        LDD   ,U++                cc=e4 a=00 b=00 dp=00 x=37f0 y=0003 u=a6fc s=1ff4  dt=64
1258| ed81        STD   ,X++                cc=e4 a=00 b=00 dp=00 x=37f2 y=0003 u=a6fc s=1ff4  dt=64
125a| ecc1        LDD   ,U++                cc=e4 a=00 b=00 dp=00 x=37f2 y=0003 u=a6fe s=1ff4  dt=64
125c| ed81        STD   ,X++                cc=e4 a=00 b=00 dp=00 x=37f4 y=0003 u=a6fe s=1ff4  dt=64
125e| ecc1        LDD   ,U++                cc=e4 a=00 b=00 dp=00 x=37f4 y=0003 u=a700 s=1ff4  dt=64
1260| ed81        STD   ,X++                cc=e4 a=00 b=00 dp=00 x=37f6 y=0003 u=a700 s=1ff4  dt=64
1262| 30890098    LEAX  $0098,X             cc=e0 a=00 b=00 dp=00 x=388e y=0003 u=a700 s=1ff4  dt=64
1266| 313f        LEAY  -1,Y                cc=e0 a=00 b=00 dp=00 x=388e y=0002 u=a700 s=1ff4  dt=40
1268| 26e8        BNE   $1252               cc=e0 a=00 b=00 dp=00 x=388e y=0002 u=a700 s=1ff4  dt=24
1252| ecc1        LDD   ,U++                cc=e4 a=00 b=00 dp=00 x=388e y=0002 u=a702 s=1ff4  dt=64
1254| ed81        STD   ,X++                cc=e4 a=00 b=00 dp=00 x=3890 y=0002 u=a702 s=1ff4  dt=64
1256| ecc1        LDD   ,U++                cc=e4 a=00 b=00 dp=00 x=3890 y=0002 u=a704 s=1ff4  dt=64
1258| ed81        STD   ,X++                cc=e4 a=00 b=00 dp=00 x=3892 y=0002 u=a704 s=1ff4  dt=64
125a| ecc1        LDD   ,U++                cc=e4 a=00 b=00 dp=00 x=3892 y=0002 u=a706 s=1ff4  dt=64
125c| ed81        STD   ,X++                cc=e4 a=00 b=00 dp=00 x=3894 y=0002 u=a706 s=1ff4  dt=64
125e| ecc1        LDD   ,U++                cc=e4 a=00 b=00 dp=00 x=3894 y=0002 u=a708 s=1ff4  dt=64
1260| ed81        STD   ,X++                cc=e4 a=00 b=00 dp=00 x=3896 y=0002 u=a708 s=1ff4  dt=64
1262| 30890098    LEAX  $0098,X             cc=e0 a=00 b=00 dp=00 x=392e y=0002 u=a708 s=1ff4  dt=64
1266| 313f        LEAY  -1,Y                cc=e0 a=00 b=00 dp=00 x=392e y=0001 u=a708 s=1ff4  dt=40
1268| 26e8        BNE   $1252               cc=e0 a=00 b=00 dp=00 x=392e y=0001 u=a708 s=1ff4  dt=24
1252| ecc1        LDD   ,U++                cc=e0 a=44 b=44 dp=00 x=392e y=0001 u=a70a s=1ff4  dt=64
1254| ed81        STD   ,X++                cc=e0 a=44 b=44 dp=00 x=3930 y=0001 u=a70a s=1ff4  dt=64
1256| ecc1        LDD   ,U++                cc=e0 a=44 b=44 dp=00 x=3930 y=0001 u=a70c s=1ff4  dt=64
1258| ed81        STD   ,X++                cc=e0 a=44 b=44 dp=00 x=3932 y=0001 u=a70c s=1ff4  dt=64
125a| ecc1        LDD   ,U++                cc=e0 a=44 b=44 dp=00 x=3932 y=0001 u=a70e s=1ff4  dt=64
125c| ed81        STD   ,X++                cc=e0 a=44 b=44 dp=00 x=3934 y=0001 u=a70e s=1ff4  dt=64
125e| ecc1        LDD   ,U++                cc=e0 a=44 b=00 dp=00 x=3934 y=0001 u=a710 s=1ff4  dt=64
1260| ed81        STD   ,X++                cc=e0 a=44 b=00 dp=00 x=3936 y=0001 u=a710 s=1ff4  dt=64
1262| 30890098    LEAX  $0098,X             cc=e0 a=44 b=00 dp=00 x=39ce y=0001 u=a710 s=1ff4  dt=64
1266| 313f        LEAY  -1,Y                cc=e4 a=44 b=00 dp=00 x=39ce y=0000 u=a710 s=1ff4  dt=40
1268| 26e8        BNE   $1252               cc=e4 a=44 b=00 dp=00 x=39ce y=0000 u=a710 s=1ff4  dt=24
126a| 39          RTS                       cc=e4 a=44 b=00 dp=00 x=39ce y=0000 u=a710 s=1ff6  dt=40
0c54| 3510        PULS  X                   cc=e4 a=44 b=00 dp=00 x=a470 y=0000 u=a710 s=1ff8  dt=56
0c56| 3008        LEAX  8,X                 cc=e0 a=44 b=00 dp=00 x=a478 y=0000 u=a710 s=1ff8  dt=40
0c58| 0a5d        DEC   <$5d                cc=e0 a=44 b=00 dp=00 x=a478 y=0000 u=a710 s=1ff8  dt=48
0c5a| 26db        BNE   $0c37               cc=e0 a=44 b=00 dp=00 x=a478 y=0000 u=a710 s=1ff8  dt=24
0c37| 8604        LDA   #$04                cc=e0 a=04 b=00 dp=00 x=a478 y=0000 u=a710 s=1ff8  dt=16
0c39| 905d        SUBA  <$5d                cc=e0 a=01 b=00 dp=00 x=a478 y=0000 u=a710 s=1ff8  dt=32
0c3b| 108e10a1    LDY   #$10a1              cc=e0 a=01 b=00 dp=00 x=a478 y=10a1 u=a710 s=1ff8  dt=32
0c3f| e6a6        LDB   A,Y                 cc=e0 a=01 b=02 dp=00 x=a478 y=10a1 u=a710 s=1ff8  dt=40
0c41| d486        ANDB  <$86                cc=e0 a=01 b=02 dp=00 x=a478 y=10a1 u=a710 s=1ff8  dt=32
0c43| 2711        BEQ   $0c56               cc=e0 a=01 b=02 dp=00 x=a478 y=10a1 u=a710 s=1ff8  dt=24
0c45| 17045d      LBSR  $10a5               cc=e0 a=01 b=02 dp=00 x=a478 y=10a1 u=a710 s=1ff6  dt=72
10a5| 8604        LDA   #$04                cc=e0 a=04 b=02 dp=00 x=a478 y=10a1 u=a710 s=1ff6  dt=16
10a7| 905d        SUBA  <$5d                cc=e0 a=01 b=02 dp=00 x=a478 y=10a1 u=a710 s=1ff6  dt=32
10a9| 48          LSLA                      cc=e0 a=02 b=02 dp=00 x=a478 y=10a1 u=a710 s=1ff6  dt=16
10aa| cea890      LDU   #$a890              cc=e8 a=02 b=02 dp=00 x=a478 y=10a1 u=a890 s=1ff6  dt=24
10ad| 33c6        LEAU  A,U                 cc=e8 a=02 b=02 dp=00 x=a478 y=10a1 u=a892 s=1ff6  dt=40
10af| 39          RTS                       cc=e8 a=02 b=02 dp=00 x=a478 y=10a1 u=a892 s=1ff8  dt=40
0c48| ecc4        LDD   ,U                  cc=e0 a=2f b=ee dp=00 x=a478 y=10a1 u=a892 s=1ff8  dt=40
0c4a| 3410        PSHS  X                   cc=e0 a=2f b=ee dp=00 x=a478 y=10a1 u=a892 s=1ff6  dt=56
0c4c| 1f01        TFR   D,X                 cc=e0 a=2f b=ee dp=00 x=2fee y=10a1 u=a892 s=1ff6  dt=48
0c4e| 17045f      LBSR  $10b0               cc=e0 a=2f b=ee dp=00 x=2fee y=10a1 u=a892 s=1ff4  dt=72
10b0| 8604        LDA   #$04                cc=e0 a=04 b=ee dp=00 x=2fee y=10a1 u=a892 s=1ff4  dt=16
10b2| 905d        SUBA  <$5d                cc=e0 a=01 b=ee dp=00 x=2fee y=10a1 u=a892 s=1ff4  dt=32
10b4| c680        LDB   #$80                cc=e8 a=01 b=80 dp=00 x=2fee y=10a1 u=a892 s=1ff4  dt=16
10b6| 3d          MUL                       cc=e9 a=00 b=80 dp=00 x=2fee y=10a1 u=a892 s=1ff4  dt=88
10b7| 0d90        TST   <$90                cc=e5 a=00 b=80 dp=00 x=2fee y=10a1 u=a892 s=1ff4  dt=48
10b9| 2605        BNE   $10c0               cc=e5 a=00 b=80 dp=00 x=2fee y=10a1 u=a892 s=1ff4  dt=24
10bb| c3a690      ADDD  #$a690              cc=e8 a=a7 b=10 dp=00 x=2fee y=10a1 u=a892 s=1ff4  dt=32
10be| 2003        BRA   $10c3               cc=e8 a=a7 b=10 dp=00 x=2fee y=10a1 u=a892 s=1ff4  dt=24
10c3| 1f03        TFR   D,U                 cc=e8 a=a7 b=10 dp=00 x=2fee y=10a1 u=a710 s=1ff4  dt=48
10c5| 39          RTS                       cc=e8 a=a7 b=10 dp=00 x=2fee y=10a1 u=a710 s=1ff6  dt=40
0c51| 1705cd      LBSR  $1221               cc=e8 a=a7 b=10 dp=00 x=2fee y=10a1 u=a710 s=1ff4  dt=72
1221| df9e        STU   <$9e                cc=e8 a=a7 b=10 dp=00 x=2fee y=10a1 u=a710 s=1ff4  dt=40
1223| 17fea0      LBSR  $10c6               cc=e8 a=a7 b=10 dp=00 x=2fee y=10a1 u=a710 s=1ff2  dt=72
10c6| 8604        LDA   #$04                cc=e0 a=04 b=10 dp=00 x=2fee y=10a1 u=a710 s=1ff2  dt=16
10c8| 905d        SUBA  <$5d                cc=e0 a=01 b=10 dp=00 x=2fee y=10a1 u=a710 s=1ff2  dt=32
10ca| cea898      LDU   #$a898              cc=e8 a=01 b=10 dp=00 x=2fee y=10a1 u=a898 s=1ff2  dt=24
10cd| 33c6        LEAU  A,U                 cc=e8 a=01 b=10 dp=00 x=2fee y=10a1 u=a899 s=1ff2  dt=40
10cf| 39          RTS                       cc=e8 a=01 b=10 dp=00 x=2fee y=10a1 u=a899 s=1ff4  dt=40
1226| a6c4        LDA   ,U                  cc=e4 a=00 b=10 dp=00 x=2fee y=10a1 u=a899 s=1ff4  dt=32
1228| 979c        STA   <$9c                cc=e4 a=00 b=10 dp=00 x=2fee y=10a1 u=a899 s=1ff4  dt=32
122a| 85f0        BITA  #$f0                cc=e4 a=00 b=10 dp=00 x=2fee y=10a1 u=a899 s=1ff4  dt=16
122c| 1026011c    LBNE  $134c               cc=e4 a=00 b=10 dp=00 x=2fee y=10a1 u=a899 s=1ff4  dt=40
1230| 8407        ANDA  #$07                cc=e4 a=00 b=10 dp=00 x=2fee y=10a1 u=a899 s=1ff4  dt=16
1232| 48          LSLA                      cc=e4 a=00 b=10 dp=00 x=2fee y=10a1 u=a899 s=1ff4  dt=16
1233| de9e        LDU   <$9e                cc=e8 a=00 b=10 dp=00 x=2fee y=10a1 u=a710 s=1ff4  dt=40
1235| 108e123e    LDY   #$123e              cc=e0 a=00 b=10 dp=00 x=2fee y=123e u=a710 s=1ff4  dt=32
1239| 10aea6      LDY   A,Y                 cc=e0 a=00 b=10 dp=00 x=2fee y=124e u=a710 s=1ff4  dt=56
123c| 6ea4        JMP   ,Y                  cc=e0 a=00 b=10 dp=00 x=2fee y=124e u=a710 s=1ff4  dt=24
124e| 108e0010    LDY   #$0010              cc=e0 a=00 b=10 dp=00 x=2fee y=0010 u=a710 s=1ff4  dt=32
1252| ecc1        LDD   ,U++                cc=e4 a=00 b=00 dp=00 x=2fee y=0010 u=a712 s=1ff4  dt=64
1254| ed81        STD   ,X++                cc=e4 a=00 b=00 dp=00 x=2ff0 y=0010 u=a712 s=1ff4  dt=64
1256| ecc1        LDD   ,U++                cc=e4 a=00 b=00 dp=00 x=2ff0 y=0010 u=a714 s=1ff4  dt=64
1258| ed81        STD   ,X++                cc=e4 a=00 b=00 dp=00 x=2ff2 y=0010 u=a714 s=1ff4  dt=64
125a| ecc1        LDD   ,U++                cc=e4 a=00 b=00 dp=00 x=2ff2 y=0010 u=a716 s=1ff4  dt=64
125c| ed81        STD   ,X++                cc=e4 a=00 b=00 dp=00 x=2ff4 y=0010 u=a716 s=1ff4  dt=64
125e| ecc1        LDD   ,U++                cc=e0 a=44 b=44 dp=00 x=2ff4 y=0010 u=a718 s=1ff4  dt=64
1260| ed81        STD   ,X++                cc=e0 a=44 b=44 dp=00 x=2ff6 y=0010 u=a718 s=1ff4  dt=64
1262| 30890098    LEAX  $0098,X             cc=e0 a=44 b=44 dp=00 x=308e y=0010 u=a718 s=1ff4  dt=64
1266| 313f        LEAY  -1,Y                cc=e0 a=44 b=44 dp=00 x=308e y=000f u=a718 s=1ff4  dt=40
1268| 26e8        BNE   $1252               cc=e0 a=44 b=44 dp=00 x=308e y=000f u=a718 s=1ff4  dt=24
1252| ecc1        LDD   ,U++                cc=e4 a=00 b=00 dp=00 x=308e y=000f u=a71a s=1ff4  dt=64
1254| ed81        STD   ,X++                cc=e4 a=00 b=00 dp=00 x=3090 y=000f u=a71a s=1ff4  dt=64
1256| ecc1        LDD   ,U++                cc=e4 a=00 b=00 dp=00 x=3090 y=000f u=a71c s=1ff4  dt=64
1258| ed81        STD   ,X++                cc=e4 a=00 b=00 dp=00 x=3092 y=000f u=a71c s=1ff4  dt=64
125a| ecc1        LDD   ,U++                cc=e4 a=00 b=00 dp=00 x=3092 y=000f u=a71e s=1ff4  dt=64
125c| ed81        STD   ,X++                cc=e4 a=00 b=00 dp=00 x=3094 y=000f u=a71e s=1ff4  dt=64
125e| ecc1        LDD   ,U++                cc=e0 a=44 b=00 dp=00 x=3094 y=000f u=a720 s=1ff4  dt=64
1260| ed81        STD   ,X++                cc=e0 a=44 b=00 dp=00 x=3096 y=000f u=a720 s=1ff4  dt=64
1262| 30890098    LEAX  $0098,X             cc=e0 a=44 b=00 dp=00 x=312e y=000f u=a720 s=1ff4  dt=64
1266| 313f        LEAY  -1,Y                cc=e0 a=44 b=00 dp=00 x=312e y=000e u=a720 s=1ff4  dt=40
1268| 26e8        BNE   $1252               cc=e0 a=44 b=00 dp=00 x=312e y=000e u=a720 s=1ff4  dt=24
1252| ecc1        LDD   ,U++                cc=e4 a=00 b=00 dp=00 x=312e y=000e u=a722 s=1ff4  dt=64
1254| ed81        STD   ,X++                cc=e4 a=00 b=00 dp=00 x=3130 y=000e u=a722 s=1ff4  dt=64
1256| ecc1        LDD   ,U++                cc=e4 a=00 b=00 dp=00 x=3130 y=000e u=a724 s=1ff4  dt=64
1258| ed81        STD   ,X++                cc=e4 a=00 b=00 dp=00 x=3132 y=000e u=a724 s=1ff4  dt=64
125a| ecc1        LDD   ,U++                cc=e4 a=00 b=00 dp=00 x=3132 y=000e u=a726 s=1ff4  dt=64
125c| ed81        STD   ,X++                cc=e4 a=00 b=00 dp=00 x=3134 y=000e u=a726 s=1ff4  dt=64
125e| ecc1        LDD   ,U++                cc=e0 a=44 b=00 dp=00 x=3134 y=000e u=a728 s=1ff4  dt=64
1260| ed81        STD   ,X++                cc=e0 a=44 b=00 dp=00 x=3136 y=000e u=a728 s=1ff4  dt=64
1262| 30890098    LEAX  $0098,X             cc=e0 a=44 b=00 dp=00 x=31ce y=000e u=a728 s=1ff4  dt=64
1266| 313f        LEAY  -1,Y                cc=e0 a=44 b=00 dp=00 x=31ce y=000d u=a728 s=1ff4  dt=40
1268| 26e8        BNE   $1252               cc=e0 a=44 b=00 dp=00 x=31ce y=000d u=a728 s=1ff4  dt=24
1252| ecc1        LDD   ,U++                cc=e4 a=00 b=00 dp=00 x=31ce y=000d u=a72a s=1ff4  dt=64
1254| ed81        STD   ,X++                cc=e4 a=00 b=00 dp=00 x=31d0 y=000d u=a72a s=1ff4  dt=64
1256| ecc1        LDD   ,U++                cc=e4 a=00 b=00 dp=00 x=31d0 y=000d u=a72c s=1ff4  dt=64
1258| ed81        STD   ,X++                cc=e4 a=00 b=00 dp=00 x=31d2 y=000d u=a72c s=1ff4  dt=64
125a| ecc1        LDD   ,U++                cc=e4 a=00 b=00 dp=00 x=31d2 y=000d u=a72e s=1ff4  dt=64
125c| ed81        STD   ,X++                cc=e4 a=00 b=00 dp=00 x=31d4 y=000d u=a72e s=1ff4  dt=64
125e| ecc1        LDD   ,U++                cc=e0 a=44 b=00 dp=00 x=31d4 y=000d u=a730 s=1ff4  dt=64
1260| ed81        STD   ,X++                cc=e0 a=44 b=00 dp=00 x=31d6 y=000d u=a730 s=1ff4  dt=64
1262| 30890098    LEAX  $0098,X             cc=e0 a=44 b=00 dp=00 x=326e y=000d u=a730 s=1ff4  dt=64
1266| 313f        LEAY  -1,Y                cc=e0 a=44 b=00 dp=00 x=326e y=000c u=a730 s=1ff4  dt=40
1268| 26e8        BNE   $1252               cc=e0 a=44 b=00 dp=00 x=326e y=000c u=a730 s=1ff4  dt=24
1252| ecc1        LDD   ,U++                cc=e4 a=00 b=00 dp=00 x=326e y=000c u=a732 s=1ff4  dt=64
1254| ed81        STD   ,X++                cc=e4 a=00 b=00 dp=00 x=3270 y=000c u=a732 s=1ff4  dt=64
1256| ecc1        LDD   ,U++                cc=e4 a=00 b=00 dp=00 x=3270 y=000c u=a734 s=1ff4  dt=64
1258| ed81        STD   ,X++                cc=e4 a=00 b=00 dp=00 x=3272 y=000c u=a734 s=1ff4  dt=64
125a| ecc1        LDD   ,U++                cc=e4 a=00 b=00 dp=00 x=3272 y=000c u=a736 s=1ff4  dt=64
125c| ed81        STD   ,X++                cc=e4 a=00 b=00 dp=00 x=3274 y=000c u=a736 s=1ff4  dt=64
125e| ecc1        LDD   ,U++                cc=e0 a=44 b=00 dp=00 x=3274 y=000c u=a738 s=1ff4  dt=64
1260| ed81        STD   ,X++                cc=e0 a=44 b=00 dp=00 x=3276 y=000c u=a738 s=1ff4  dt=64
1262| 30890098    LEAX  $0098,X             cc=e0 a=44 b=00 dp=00 x=330e y=000c u=a738 s=1ff4  dt=64
1266| 313f        LEAY  -1,Y                cc=e0 a=44 b=00 dp=00 x=330e y=000b u=a738 s=1ff4  dt=40
1268| 26e8        BNE   $1252               cc=e0 a=44 b=00 dp=00 x=330e y=000b u=a738 s=1ff4  dt=24
1252| ecc1        LDD   ,U++                cc=e4 a=00 b=00 dp=00 x=330e y=000b u=a73a s=1ff4  dt=64
1254| ed81        STD   ,X++                cc=e4 a=00 b=00 dp=00 x=3310 y=000b u=a73a s=1ff4  dt=64
1256| ecc1        LDD   ,U++                cc=e4 a=00 b=00 dp=00 x=3310 y=000b u=a73c s=1ff4  dt=64
1258| ed81        STD   ,X++                cc=e4 a=00 b=00 dp=00 x=3312 y=000b u=a73c s=1ff4  dt=64
125a| ecc1        LDD   ,U++                cc=e4 a=00 b=00 dp=00 x=3312 y=000b u=a73e s=1ff4  dt=64
125c| ed81        STD   ,X++                cc=e4 a=00 b=00 dp=00 x=3314 y=000b u=a73e s=1ff4  dt=64
125e| ecc1        LDD   ,U++                cc=e0 a=44 b=00 dp=00 x=3314 y=000b u=a740 s=1ff4  dt=64
1260| ed81        STD   ,X++                cc=e0 a=44 b=00 dp=00 x=3316 y=000b u=a740 s=1ff4  dt=64
1262| 30890098    LEAX  $0098,X             cc=e0 a=44 b=00 dp=00 x=33ae y=000b u=a740 s=1ff4  dt=64
1266| 313f        LEAY  -1,Y                cc=e0 a=44 b=00 dp=00 x=33ae y=000a u=a740 s=1ff4  dt=40
1268| 26e8        BNE   $1252               cc=e0 a=44 b=00 dp=00 x=33ae y=000a u=a740 s=1ff4  dt=24
1252| ecc1        LDD   ,U++                cc=e4 a=00 b=00 dp=00 x=33ae y=000a u=a742 s=1ff4  dt=64
1254| ed81        STD   ,X++                cc=e4 a=00 b=00 dp=00 x=33b0 y=000a u=a742 s=1ff4  dt=64
1256| ecc1        LDD   ,U++                cc=e4 a=00 b=00 dp=00 x=33b0 y=000a u=a744 s=1ff4  dt=64
1258| ed81        STD   ,X++                cc=e4 a=00 b=00 dp=00 x=33b2 y=000a u=a744 s=1ff4  dt=64
125a| ecc1        LDD   ,U++                cc=e4 a=00 b=00 dp=00 x=33b2 y=000a u=a746 s=1ff4  dt=64
125c| ed81        STD   ,X++                cc=e4 a=00 b=00 dp=00 x=33b4 y=000a u=a746 s=1ff4  dt=64
125e| ecc1        LDD   ,U++                cc=e0 a=44 b=00 dp=00 x=33b4 y=000a u=a748 s=1ff4  dt=64
1260| ed81        STD   ,X++                cc=e0 a=44 b=00 dp=00 x=33b6 y=000a u=a748 s=1ff4  dt=64
1262| 30890098    LEAX  $0098,X             cc=e0 a=44 b=00 dp=00 x=344e y=000a u=a748 s=1ff4  dt=64
1266| 313f        LEAY  -1,Y                cc=e0 a=44 b=00 dp=00 x=344e y=0009 u=a748 s=1ff4  dt=40
1268| 26e8        BNE   $1252               cc=e0 a=44 b=00 dp=00 x=344e y=0009 u=a748 s=1ff4  dt=24
1252| ecc1        LDD   ,U++                cc=e4 a=00 b=00 dp=00 x=344e y=0009 u=a74a s=1ff4  dt=64
1254| ed81        STD   ,X++                cc=e4 a=00 b=00 dp=00 x=3450 y=0009 u=a74a s=1ff4  dt=64
1256| ecc1        LDD   ,U++                cc=e8 a=b0 b=b0 dp=00 x=3450 y=0009 u=a74c s=1ff4  dt=64
1258| ed81        STD   ,X++                cc=e8 a=b0 b=b0 dp=00 x=3452 y=0009 u=a74c s=1ff4  dt=64
125a| ecc1        LDD   ,U++                cc=e4 a=00 b=00 dp=00 x=3452 y=0009 u=a74e s=1ff4  dt=64
125c| ed81        STD   ,X++                cc=e4 a=00 b=00 dp=00 x=3454 y=0009 u=a74e s=1ff4  dt=64
125e| ecc1        LDD   ,U++                cc=e0 a=44 b=00 dp=00 x=3454 y=0009 u=a750 s=1ff4  dt=64
1260| ed81        STD   ,X++                cc=e0 a=44 b=00 dp=00 x=3456 y=0009 u=a750 s=1ff4  dt=64
1262| 30890098    LEAX  $0098,X             cc=e0 a=44 b=00 dp=00 x=34ee y=0009 u=a750 s=1ff4  dt=64
1266| 313f        LEAY  -1,Y                cc=e0 a=44 b=00 dp=00 x=34ee y=0008 u=a750 s=1ff4  dt=40
1268| 26e8        BNE   $1252               cc=e0 a=44 b=00 dp=00 x=34ee y=0008 u=a750 s=1ff4  dt=24
1252| ecc1        LDD   ,U++                cc=e4 a=00 b=00 dp=00 x=34ee y=0008 u=a752 s=1ff4  dt=64
1254| ed81        STD   ,X++                cc=e4 a=00 b=00 dp=00 x=34f0 y=0008 u=a752 s=1ff4  dt=64
1256| ecc1        LDD   ,U++                cc=e0 a=06 b=00 dp=00 x=34f0 y=0008 u=a754 s=1ff4  dt=64
1258| ed81        STD   ,X++                cc=e0 a=06 b=00 dp=00 x=34f2 y=0008 u=a754 s=1ff4  dt=64
125a| ecc1        LDD   ,U++                cc=e4 a=00 b=00 dp=00 x=34f2 y=0008 u=a756 s=1ff4  dt=64
125c| ed81        STD   ,X++                cc=e4 a=00 b=00 dp=00 x=34f4 y=0008 u=a756 s=1ff4  dt=64
125e| ecc1        LDD   ,U++                cc=e0 a=44 b=00 dp=00 x=34f4 y=0008 u=a758 s=1ff4  dt=64
1260| ed81        STD   ,X++                cc=e0 a=44 b=00 dp=00 x=34f6 y=0008 u=a758 s=1ff4  dt=64
1262| 30890098    LEAX  $0098,X             cc=e0 a=44 b=00 dp=00 x=358e y=0008 u=a758 s=1ff4  dt=64
1266| 313f        LEAY  -1,Y                cc=e0 a=44 b=00 dp=00 x=358e y=0007 u=a758 s=1ff4  dt=40
1268| 26e8        BNE   $1252               cc=e0 a=44 b=00 dp=00 x=358e y=0007 u=a758 s=1ff4  dt=24
1252| ecc1        LDD   ,U++                cc=e4 a=00 b=00 dp=00 x=358e y=0007 u=a75a s=1ff4  dt=64
1254| ed81        STD   ,X++                cc=e4 a=00 b=00 dp=00 x=3590 y=0007 u=a75a s=1ff4  dt=64
1256| ecc1        LDD   ,U++                cc=e8 a=b0 b=b0 dp=00 x=3590 y=0007 u=a75c s=1ff4  dt=64
1258| ed81        STD   ,X++                cc=e8 a=b0 b=b0 dp=00 x=3592 y=0007 u=a75c s=1ff4  dt=64
125a| ecc1        LDD   ,U++                cc=e4 a=00 b=00 dp=00 x=3592 y=0007 u=a75e s=1ff4  dt=64
125c| ed81        STD   ,X++                cc=e4 a=00 b=00 dp=00 x=3594 y=0007 u=a75e s=1ff4  dt=64
125e| ecc1        LDD   ,U++                cc=e0 a=44 b=00 dp=00 x=3594 y=0007 u=a760 s=1ff4  dt=64
1260| ed81        STD   ,X++                cc=e0 a=44 b=00 dp=00 x=3596 y=0007 u=a760 s=1ff4  dt=64
1262| 30890098    LEAX  $0098,X             cc=e0 a=44 b=00 dp=00 x=362e y=0007 u=a760 s=1ff4  dt=64
1266| 313f        LEAY  -1,Y                cc=e0 a=44 b=00 dp=00 x=362e y=0006 u=a760 s=1ff4  dt=40
1268| 26e8        BNE   $1252               cc=e0 a=44 b=00 dp=00 x=362e y=0006 u=a760 s=1ff4  dt=24
1252| ecc1        LDD   ,U++                cc=e4 a=00 b=00 dp=00 x=362e y=0006 u=a762 s=1ff4  dt=64
1254| ed81        STD   ,X++                cc=e4 a=00 b=00 dp=00 x=3630 y=0006 u=a762 s=1ff4  dt=64
1256| ecc1        LDD   ,U++                cc=e4 a=00 b=00 dp=00 x=3630 y=0006 u=a764 s=1ff4  dt=64
1258| ed81        STD   ,X++                cc=e4 a=00 b=00 dp=00 x=3632 y=0006 u=a764 s=1ff4  dt=64
125a| ecc1        LDD   ,U++                cc=e4 a=00 b=00 dp=00 x=3632 y=0006 u=a766 s=1ff4  dt=64
125c| ed81        STD   ,X++                cc=e4 a=00 b=00 dp=00 x=3634 y=0006 u=a766 s=1ff4  dt=64
125e| ecc1        LDD   ,U++                cc=e0 a=44 b=00 dp=00 x=3634 y=0006 u=a768 s=1ff4  dt=64
1260| ed81        STD   ,X++                cc=e0 a=44 b=00 dp=00 x=3636 y=0006 u=a768 s=1ff4  dt=64
1262| 30890098    LEAX  $0098,X             cc=e0 a=44 b=00 dp=00 x=36ce y=0006 u=a768 s=1ff4  dt=64
1266| 313f        LEAY  -1,Y                cc=e0 a=44 b=00 dp=00 x=36ce y=0005 u=a768 s=1ff4  dt=40
1268| 26e8        BNE   $1252               cc=e0 a=44 b=00 dp=00 x=36ce y=0005 u=a768 s=1ff4  dt=24
1252| ecc1        LDD   ,U++                cc=e4 a=00 b=00 dp=00 x=36ce y=0005 u=a76a s=1ff4  dt=64
1254| ed81        STD   ,X++                cc=e4 a=00 b=00 dp=00 x=36d0 y=0005 u=a76a s=1ff4  dt=64
1256| ecc1        LDD   ,U++                cc=e4 a=00 b=00 dp=00 x=36d0 y=0005 u=a76c s=1ff4  dt=64
1258| ed81        STD   ,X++                cc=e4 a=00 b=00 dp=00 x=36d2 y=0005 u=a76c s=1ff4  dt=64
125a| ecc1        LDD   ,U++                cc=e4 a=00 b=00 dp=00 x=36d2 y=0005 u=a76e s=1ff4  dt=64
125c| ed81        STD   ,X++                cc=e4 a=00 b=00 dp=00 x=36d4 y=0005 u=a76e s=1ff4  dt=64
125e| ecc1        LDD   ,U++                cc=e0 a=44 b=00 dp=00 x=36d4 y=0005 u=a770 s=1ff4  dt=64
1260| ed81        STD   ,X++                cc=e0 a=44 b=00 dp=00 x=36d6 y=0005 u=a770 s=1ff4  dt=64
1262| 30890098    LEAX  $0098,X             cc=e0 a=44 b=00 dp=00 x=376e y=0005 u=a770 s=1ff4  dt=64
1266| 313f        LEAY  -1,Y                cc=e0 a=44 b=00 dp=00 x=376e y=0004 u=a770 s=1ff4  dt=40
1268| 26e8        BNE   $1252               cc=e0 a=44 b=00 dp=00 x=376e y=0004 u=a770 s=1ff4  dt=24
1252| ecc1        LDD   ,U++                cc=e4 a=00 b=00 dp=00 x=376e y=0004 u=a772 s=1ff4  dt=64
1254| ed81        STD   ,X++                cc=e4 a=00 b=00 dp=00 x=3770 y=0004 u=a772 s=1ff4  dt=64
1256| ecc1        LDD   ,U++                cc=e4 a=00 b=00 dp=00 x=3770 y=0004 u=a774 s=1ff4  dt=64
1258| ed81        STD   ,X++                cc=e4 a=00 b=00 dp=00 x=3772 y=0004 u=a774 s=1ff4  dt=64
125a| ecc1        LDD   ,U++                cc=e4 a=00 b=00 dp=00 x=3772 y=0004 u=a776 s=1ff4  dt=64
125c| ed81        STD   ,X++                cc=e4 a=00 b=00 dp=00 x=3774 y=0004 u=a776 s=1ff4  dt=64
125e| ecc1        LDD   ,U++                cc=e0 a=44 b=00 dp=00 x=3774 y=0004 u=a778 s=1ff4  dt=64
1260| ed81        STD   ,X++                cc=e0 a=44 b=00 dp=00 x=3776 y=0004 u=a778 s=1ff4  dt=64
1262| 30890098    LEAX  $0098,X             cc=e0 a=44 b=00 dp=00 x=380e y=0004 u=a778 s=1ff4  dt=64
1266| 313f        LEAY  -1,Y                cc=e0 a=44 b=00 dp=00 x=380e y=0003 u=a778 s=1ff4  dt=40
1268| 26e8        BNE   $1252               cc=e0 a=44 b=00 dp=00 x=380e y=0003 u=a778 s=1ff4  dt=24
1252| ecc1        LDD   ,U++                cc=e4 a=00 b=00 dp=00 x=380e y=0003 u=a77a s=1ff4  dt=64
1254| ed81        STD   ,X++                cc=e4 a=00 b=00 dp=00 x=3810 y=0003 u=a77a s=1ff4  dt=64
1256| ecc1        LDD   ,U++                cc=e4 a=00 b=00 dp=00 x=3810 y=0003 u=a77c s=1ff4  dt=64
1258| ed81        STD   ,X++                cc=e4 a=00 b=00 dp=00 x=3812 y=0003 u=a77c s=1ff4  dt=64
125a| ecc1        LDD   ,U++                cc=e4 a=00 b=00 dp=00 x=3812 y=0003 u=a77e s=1ff4  dt=64
125c| ed81        STD   ,X++                cc=e4 a=00 b=00 dp=00 x=3814 y=0003 u=a77e s=1ff4  dt=64
125e| ecc1        LDD   ,U++                cc=e0 a=44 b=00 dp=00 x=3814 y=0003 u=a780 s=1ff4  dt=64
1260| ed81        STD   ,X++                cc=e0 a=44 b=00 dp=00 x=3816 y=0003 u=a780 s=1ff4  dt=64
1262| 30890098    LEAX  $0098,X             cc=e0 a=44 b=00 dp=00 x=38ae y=0003 u=a780 s=1ff4  dt=64
1266| 313f        LEAY  -1,Y                cc=e0 a=44 b=00 dp=00 x=38ae y=0002 u=a780 s=1ff4  dt=40
1268| 26e8        BNE   $1252               cc=e0 a=44 b=00 dp=00 x=38ae y=0002 u=a780 s=1ff4  dt=24
1252| ecc1        LDD   ,U++                cc=e4 a=00 b=00 dp=00 x=38ae y=0002 u=a782 s=1ff4  dt=64
1254| ed81        STD   ,X++                cc=e4 a=00 b=00 dp=00 x=38b0 y=0002 u=a782 s=1ff4  dt=64
1256| ecc1        LDD   ,U++                cc=e4 a=00 b=00 dp=00 x=38b0 y=0002 u=a784 s=1ff4  dt=64
1258| ed81        STD   ,X++                cc=e4 a=00 b=00 dp=00 x=38b2 y=0002 u=a784 s=1ff4  dt=64
125a| ecc1        LDD   ,U++                cc=e4 a=00 b=00 dp=00 x=38b2 y=0002 u=a786 s=1ff4  dt=64
125c| ed81        STD   ,X++                cc=e4 a=00 b=00 dp=00 x=38b4 y=0002 u=a786 s=1ff4  dt=64
125e| ecc1        LDD   ,U++                cc=e0 a=44 b=00 dp=00 x=38b4 y=0002 u=a788 s=1ff4  dt=64
1260| ed81        STD   ,X++                cc=e0 a=44 b=00 dp=00 x=38b6 y=0002 u=a788 s=1ff4  dt=64
1262| 30890098    LEAX  $0098,X             cc=e0 a=44 b=00 dp=00 x=394e y=0002 u=a788 s=1ff4  dt=64
1266| 313f        LEAY  -1,Y                cc=e0 a=44 b=00 dp=00 x=394e y=0001 u=a788 s=1ff4  dt=40
1268| 26e8        BNE   $1252               cc=e0 a=44 b=00 dp=00 x=394e y=0001 u=a788 s=1ff4  dt=24
1252| ecc1        LDD   ,U++                cc=e4 a=00 b=00 dp=00 x=394e y=0001 u=a78a s=1ff4  dt=64
1254| ed81        STD   ,X++                cc=e4 a=00 b=00 dp=00 x=3950 y=0001 u=a78a s=1ff4  dt=64
1256| ecc1        LDD   ,U++                cc=e4 a=00 b=00 dp=00 x=3950 y=0001 u=a78c s=1ff4  dt=64
1258| ed81        STD   ,X++                cc=e4 a=00 b=00 dp=00 x=3952 y=0001 u=a78c s=1ff4  dt=64
125a| ecc1        LDD   ,U++                cc=e4 a=00 b=00 dp=00 x=3952 y=0001 u=a78e s=1ff4  dt=64
125c| ed81        STD   ,X++                cc=e4 a=00 b=00 dp=00 x=3954 y=0001 u=a78e s=1ff4  dt=64
125e| ecc1        LDD   ,U++                cc=e0 a=44 b=00 dp=00 x=3954 y=0001 u=a790 s=1ff4  dt=64
1260| ed81        STD   ,X++                cc=e0 a=44 b=00 dp=00 x=3956 y=0001 u=a790 s=1ff4  dt=64
1262| 30890098    LEAX  $0098,X             cc=e0 a=44 b=00 dp=00 x=39ee y=0001 u=a790 s=1ff4  dt=64
1266| 313f        LEAY  -1,Y                cc=e4 a=44 b=00 dp=00 x=39ee y=0000 u=a790 s=1ff4  dt=40
1268| 26e8        BNE   $1252               cc=e4 a=44 b=00 dp=00 x=39ee y=0000 u=a790 s=1ff4  dt=24
126a| 39          RTS                       cc=e4 a=44 b=00 dp=00 x=39ee y=0000 u=a790 s=1ff6  dt=40
0c54| 3510        PULS  X                   cc=e4 a=44 b=00 dp=00 x=a478 y=0000 u=a790 s=1ff8  dt=56
0c56| 3008        LEAX  8,X                 cc=e0 a=44 b=00 dp=00 x=a480 y=0000 u=a790 s=1ff8  dt=40
0c58| 0a5d        DEC   <$5d                cc=e0 a=44 b=00 dp=00 x=a480 y=0000 u=a790 s=1ff8  dt=48
0c5a| 26db        BNE   $0c37               cc=e0 a=44 b=00 dp=00 x=a480 y=0000 u=a790 s=1ff8  dt=24
0c37| 8604        LDA   #$04                cc=e0 a=04 b=00 dp=00 x=a480 y=0000 u=a790 s=1ff8  dt=16
0c39| 905d        SUBA  <$5d                cc=e0 a=02 b=00 dp=00 x=a480 y=0000 u=a790 s=1ff8  dt=32
0c3b| 108e10a1    LDY   #$10a1              cc=e0 a=02 b=00 dp=00 x=a480 y=10a1 u=a790 s=1ff8  dt=32
0c3f| e6a6        LDB   A,Y                 cc=e0 a=02 b=04 dp=00 x=a480 y=10a1 u=a790 s=1ff8  dt=40
0c41| d486        ANDB  <$86                cc=e0 a=02 b=04 dp=00 x=a480 y=10a1 u=a790 s=1ff8  dt=32
0c43| 2711        BEQ   $0c56               cc=e0 a=02 b=04 dp=00 x=a480 y=10a1 u=a790 s=1ff8  dt=24
0c45| 17045d      LBSR  $10a5               cc=e0 a=02 b=04 dp=00 x=a480 y=10a1 u=a790 s=1ff6  dt=72
10a5| 8604        LDA   #$04                cc=e0 a=04 b=04 dp=00 x=a480 y=10a1 u=a790 s=1ff6  dt=16
10a7| 905d        SUBA  <$5d                cc=e0 a=02 b=04 dp=00 x=a480 y=10a1 u=a790 s=1ff6  dt=32
10a9| 48          LSLA                      cc=e0 a=04 b=04 dp=00 x=a480 y=10a1 u=a790 s=1ff6  dt=16
10aa| cea890      LDU   #$a890              cc=e8 a=04 b=04 dp=00 x=a480 y=10a1 u=a890 s=1ff6  dt=24
10ad| 33c6        LEAU  A,U                 cc=e8 a=04 b=04 dp=00 x=a480 y=10a1 u=a894 s=1ff6  dt=40
10af| 39          RTS                       cc=e8 a=04 b=04 dp=00 x=a480 y=10a1 u=a894 s=1ff8  dt=40
0c48| ecc4        LDD   ,U                  cc=e0 a=6f b=ca dp=00 x=a480 y=10a1 u=a894 s=1ff8  dt=40
0c4a| 3410        PSHS  X                   cc=e0 a=6f b=ca dp=00 x=a480 y=10a1 u=a894 s=1ff6  dt=56
0c4c| 1f01        TFR   D,X                 cc=e0 a=6f b=ca dp=00 x=6fca y=10a1 u=a894 s=1ff6  dt=48
0c4e| 17045f      LBSR  $10b0               cc=e0 a=6f b=ca dp=00 x=6fca y=10a1 u=a894 s=1ff4  dt=72
10b0| 8604        LDA   #$04                cc=e0 a=04 b=ca dp=00 x=6fca y=10a1 u=a894 s=1ff4  dt=16
10b2| 905d        SUBA  <$5d                cc=e0 a=02 b=ca dp=00 x=6fca y=10a1 u=a894 s=1ff4  dt=32
10b4| c680        LDB   #$80                cc=e8 a=02 b=80 dp=00 x=6fca y=10a1 u=a894 s=1ff4  dt=16
10b6| 3d          MUL                       cc=e8 a=01 b=00 dp=00 x=6fca y=10a1 u=a894 s=1ff4  dt=88
10b7| 0d90        TST   <$90                cc=e4 a=01 b=00 dp=00 x=6fca y=10a1 u=a894 s=1ff4  dt=48
10b9| 2605        BNE   $10c0               cc=e4 a=01 b=00 dp=00 x=6fca y=10a1 u=a894 s=1ff4  dt=24
10bb| c3a690      ADDD  #$a690              cc=e8 a=a7 b=90 dp=00 x=6fca y=10a1 u=a894 s=1ff4  dt=32
10be| 2003        BRA   $10c3               cc=e8 a=a7 b=90 dp=00 x=6fca y=10a1 u=a894 s=1ff4  dt=24
10c3| 1f03        TFR   D,U                 cc=e8 a=a7 b=90 dp=00 x=6fca y=10a1 u=a790 s=1ff4  dt=48
10c5| 39          RTS                       cc=e8 a=a7 b=90 dp=00 x=6fca y=10a1 u=a790 s=1ff6  dt=40
0c51| 1705cd      LBSR  $1221               cc=e8 a=a7 b=90 dp=00 x=6fca y=10a1 u=a790 s=1ff4  dt=72
1221| df9e        STU   <$9e                cc=e8 a=a7 b=90 dp=00 x=6fca y=10a1 u=a790 s=1ff4  dt=40
1223| 17fea0      LBSR  $10c6               cc=e8 a=a7 b=90 dp=00 x=6fca y=10a1 u=a790 s=1ff2  dt=72
10c6| 8604        LDA   #$04                cc=e0 a=04 b=90 dp=00 x=6fca y=10a1 u=a790 s=1ff2  dt=16
10c8| 905d        SUBA  <$5d                cc=e0 a=02 b=90 dp=00 x=6fca y=10a1 u=a790 s=1ff2  dt=32
10ca| cea898      LDU   #$a898              cc=e8 a=02 b=90 dp=00 x=6fca y=10a1 u=a898 s=1ff2  dt=24
10cd| 33c6        LEAU  A,U                 cc=e8 a=02 b=90 dp=00 x=6fca y=10a1 u=a89a s=1ff2  dt=40
10cf| 39          RTS                       cc=e8 a=02 b=90 dp=00 x=6fca y=10a1 u=a89a s=1ff4  dt=40
1226| a6c4        LDA   ,U                  cc=e4 a=00 b=90 dp=00 x=6fca y=10a1 u=a89a s=1ff4  dt=32
1228| 979c        STA   <$9c                cc=e4 a=00 b=90 dp=00 x=6fca y=10a1 u=a89a s=1ff4  dt=32
122a| 85f0        BITA  #$f0                cc=e4 a=00 b=90 dp=00 x=6fca y=10a1 u=a89a s=1ff4  dt=16
122c| 1026011c    LBNE  $134c               cc=e4 a=00 b=90 dp=00 x=6fca y=10a1 u=a89a s=1ff4  dt=40
1230| 8407        ANDA  #$07                cc=e4 a=00 b=90 dp=00 x=6fca y=10a1 u=a89a s=1ff4  dt=16
1232| 48          LSLA                      cc=e4 a=00 b=90 dp=00 x=6fca y=10a1 u=a89a s=1ff4  dt=16
1233| de9e        LDU   <$9e                cc=e8 a=00 b=90 dp=00 x=6fca y=10a1 u=a790 s=1ff4  dt=40
1235| 108e123e    LDY   #$123e              cc=e0 a=00 b=90 dp=00 x=6fca y=123e u=a790 s=1ff4  dt=32
1239| 10aea6      LDY   A,Y                 cc=e0 a=00 b=90 dp=00 x=6fca y=124e u=a790 s=1ff4  dt=56
123c| 6ea4        JMP   ,Y                  cc=e0 a=00 b=90 dp=00 x=6fca y=124e u=a790 s=1ff4  dt=24
124e| 108e0010    LDY   #$0010              cc=e0 a=00 b=90 dp=00 x=6fca y=0010 u=a790 s=1ff4  dt=32
1252| ecc1        LDD   ,U++                cc=e4 a=00 b=00 dp=00 x=6fca y=0010 u=a792 s=1ff4  dt=64
1254| ed81        STD   ,X++                cc=e4 a=00 b=00 dp=00 x=6fcc y=0010 u=a792 s=1ff4  dt=64
1256| ecc1        LDD   ,U++                cc=e0 a=55 b=00 dp=00 x=6fcc y=0010 u=a794 s=1ff4  dt=64
1258| ed81        STD   ,X++                cc=e0 a=55 b=00 dp=00 x=6fce y=0010 u=a794 s=1ff4  dt=64
125a| ecc1        LDD   ,U++                cc=e4 a=00 b=00 dp=00 x=6fce y=0010 u=a796 s=1ff4  dt=64
125c| ed81        STD   ,X++                cc=e4 a=00 b=00 dp=00 x=6fd0 y=0010 u=a796 s=1ff4  dt=64
125e| ecc1        LDD   ,U++                cc=e4 a=00 b=00 dp=00 x=6fd0 y=0010 u=a798 s=1ff4  dt=64
1260| ed81        STD   ,X++                cc=e4 a=00 b=00 dp=00 x=6fd2 y=0010 u=a798 s=1ff4  dt=64
1262| 30890098    LEAX  $0098,X             cc=e0 a=00 b=00 dp=00 x=706a y=0010 u=a798 s=1ff4  dt=64
1266| 313f        LEAY  -1,Y                cc=e0 a=00 b=00 dp=00 x=706a y=000f u=a798 s=1ff4  dt=40
1268| 26e8        BNE   $1252               cc=e0 a=00 b=00 dp=00 x=706a y=000f u=a798 s=1ff4  dt=24
1252| ecc1        LDD   ,U++                cc=e4 a=00 b=00 dp=00 x=706a y=000f u=a79a s=1ff4  dt=64
1254| ed81        STD   ,X++                cc=e4 a=00 b=00 dp=00 x=706c y=000f u=a79a s=1ff4  dt=64
1256| ecc1        LDD   ,U++                cc=e0 a=55 b=00 dp=00 x=706c y=000f u=a79c s=1ff4  dt=64
1258| ed81        STD   ,X++                cc=e0 a=55 b=00 dp=00 x=706e y=000f u=a79c s=1ff4  dt=64
125a| ecc1        LDD   ,U++                cc=e4 a=00 b=00 dp=00 x=706e y=000f u=a79e s=1ff4  dt=64
125c| ed81        STD   ,X++                cc=e4 a=00 b=00 dp=00 x=7070 y=000f u=a79e s=1ff4  dt=64
125e| ecc1        LDD   ,U++                cc=e8 a=b0 b=b0 dp=00 x=7070 y=000f u=a7a0 s=1ff4  dt=64
1260| ed81        STD   ,X++                cc=e8 a=b0 b=b0 dp=00 x=7072 y=000f u=a7a0 s=1ff4  dt=64
1262| 30890098    LEAX  $0098,X             cc=e8 a=b0 b=b0 dp=00 x=710a y=000f u=a7a0 s=1ff4  dt=64
1266| 313f        LEAY  -1,Y                cc=e8 a=b0 b=b0 dp=00 x=710a y=000e u=a7a0 s=1ff4  dt=40
1268| 26e8        BNE   $1252               cc=e8 a=b0 b=b0 dp=00 x=710a y=000e u=a7a0 s=1ff4  dt=24
1252| ecc1        LDD   ,U++                cc=e4 a=00 b=00 dp=00 x=710a y=000e u=a7a2 s=1ff4  dt=64
1254| ed81        STD   ,X++                cc=e4 a=00 b=00 dp=00 x=710c y=000e u=a7a2 s=1ff4  dt=64
1256| ecc1        LDD   ,U++                cc=e0 a=55 b=00 dp=00 x=710c y=000e u=a7a4 s=1ff4  dt=64
1258| ed81        STD   ,X++                cc=e0 a=55 b=00 dp=00 x=710e y=000e u=a7a4 s=1ff4  dt=64
125a| ecc1        LDD   ,U++                cc=e4 a=00 b=00 dp=00 x=710e y=000e u=a7a6 s=1ff4  dt=64
125c| ed81        STD   ,X++                cc=e4 a=00 b=00 dp=00 x=7110 y=000e u=a7a6 s=1ff4  dt=64
125e| ecc1        LDD   ,U++                cc=e0 a=06 b=00 dp=00 x=7110 y=000e u=a7a8 s=1ff4  dt=64
1260| ed81        STD   ,X++                cc=e0 a=06 b=00 dp=00 x=7112 y=000e u=a7a8 s=1ff4  dt=64
1262| 30890098    LEAX  $0098,X             cc=e0 a=06 b=00 dp=00 x=71aa y=000e u=a7a8 s=1ff4  dt=64
1266| 313f        LEAY  -1,Y                cc=e0 a=06 b=00 dp=00 x=71aa y=000d u=a7a8 s=1ff4  dt=40
1268| 26e8        BNE   $1252               cc=e0 a=06 b=00 dp=00 x=71aa y=000d u=a7a8 s=1ff4  dt=24
1252| ecc1        LDD   ,U++                cc=e4 a=00 b=00 dp=00 x=71aa y=000d u=a7aa s=1ff4  dt=64
1254| ed81        STD   ,X++                cc=e4 a=00 b=00 dp=00 x=71ac y=000d u=a7aa s=1ff4  dt=64
1256| ecc1        LDD   ,U++                cc=e0 a=55 b=00 dp=00 x=71ac y=000d u=a7ac s=1ff4  dt=64
1258| ed81        STD   ,X++                cc=e0 a=55 b=00 dp=00 x=71ae y=000d u=a7ac s=1ff4  dt=64
125a| ecc1        LDD   ,U++                cc=e4 a=00 b=00 dp=00 x=71ae y=000d u=a7ae s=1ff4  dt=64
125c| ed81        STD   ,X++                cc=e4 a=00 b=00 dp=00 x=71b0 y=000d u=a7ae s=1ff4  dt=64
125e| ecc1        LDD   ,U++                cc=e8 a=b0 b=b0 dp=00 x=71b0 y=000d u=a7b0 s=1ff4  dt=64
1260| ed81        STD   ,X++                cc=e8 a=b0 b=b0 dp=00 x=71b2 y=000d u=a7b0 s=1ff4  dt=64
1262| 30890098    LEAX  $0098,X             cc=e8 a=b0 b=b0 dp=00 x=724a y=000d u=a7b0 s=1ff4  dt=64
1266| 313f        LEAY  -1,Y                cc=e8 a=b0 b=b0 dp=00 x=724a y=000c u=a7b0 s=1ff4  dt=40
1268| 26e8        BNE   $1252               cc=e8 a=b0 b=b0 dp=00 x=724a y=000c u=a7b0 s=1ff4  dt=24
1252| ecc1        LDD   ,U++                cc=e4 a=00 b=00 dp=00 x=724a y=000c u=a7b2 s=1ff4  dt=64
1254| ed81        STD   ,X++                cc=e4 a=00 b=00 dp=00 x=724c y=000c u=a7b2 s=1ff4  dt=64
1256| ecc1        LDD   ,U++                cc=e0 a=55 b=00 dp=00 x=724c y=000c u=a7b4 s=1ff4  dt=64
1258| ed81        STD   ,X++                cc=e0 a=55 b=00 dp=00 x=724e y=000c u=a7b4 s=1ff4  dt=64
125a| ecc1        LDD   ,U++                cc=e4 a=00 b=00 dp=00 x=724e y=000c u=a7b6 s=1ff4  dt=64
125c| ed81        STD   ,X++                cc=e4 a=00 b=00 dp=00 x=7250 y=000c u=a7b6 s=1ff4  dt=64
125e| ecc1        LDD   ,U++                cc=e4 a=00 b=00 dp=00 x=7250 y=000c u=a7b8 s=1ff4  dt=64
1260| ed81        STD   ,X++                cc=e4 a=00 b=00 dp=00 x=7252 y=000c u=a7b8 s=1ff4  dt=64
1262| 30890098    LEAX  $0098,X             cc=e0 a=00 b=00 dp=00 x=72ea y=000c u=a7b8 s=1ff4  dt=64
1266| 313f        LEAY  -1,Y                cc=e0 a=00 b=00 dp=00 x=72ea y=000b u=a7b8 s=1ff4  dt=40
1268| 26e8        BNE   $1252               cc=e0 a=00 b=00 dp=00 x=72ea y=000b u=a7b8 s=1ff4  dt=24
1252| ecc1        LDD   ,U++                cc=e4 a=00 b=00 dp=00 x=72ea y=000b u=a7ba s=1ff4  dt=64
1254| ed81        STD   ,X++                cc=e4 a=00 b=00 dp=00 x=72ec y=000b u=a7ba s=1ff4  dt=64
1256| ecc1        LDD   ,U++                cc=e0 a=55 b=00 dp=00 x=72ec y=000b u=a7bc s=1ff4  dt=64
1258| ed81        STD   ,X++                cc=e0 a=55 b=00 dp=00 x=72ee y=000b u=a7bc s=1ff4  dt=64
125a| ecc1        LDD   ,U++                cc=e4 a=00 b=00 dp=00 x=72ee y=000b u=a7be s=1ff4  dt=64
125c| ed81        STD   ,X++                cc=e4 a=00 b=00 dp=00 x=72f0 y=000b u=a7be s=1ff4  dt=64
125e| ecc1        LDD   ,U++                cc=e4 a=00 b=00 dp=00 x=72f0 y=000b u=a7c0 s=1ff4  dt=64
1260| ed81        STD   ,X++                cc=e4 a=00 b=00 dp=00 x=72f2 y=000b u=a7c0 s=1ff4  dt=64
1262| 30890098    LEAX  $0098,X             cc=e0 a=00 b=00 dp=00 x=738a y=000b u=a7c0 s=1ff4  dt=64
1266| 313f        LEAY  -1,Y                cc=e0 a=00 b=00 dp=00 x=738a y=000a u=a7c0 s=1ff4  dt=40
1268| 26e8        BNE   $1252               cc=e0 a=00 b=00 dp=00 x=738a y=000a u=a7c0 s=1ff4  dt=24
1252| ecc1        LDD   ,U++                cc=e4 a=00 b=00 dp=00 x=738a y=000a u=a7c2 s=1ff4  dt=64
1254| ed81        STD   ,X++                cc=e4 a=00 b=00 dp=00 x=738c y=000a u=a7c2 s=1ff4  dt=64
1256| ecc1        LDD   ,U++                cc=e0 a=55 b=00 dp=00 x=738c y=000a u=a7c4 s=1ff4  dt=64
1258| ed81        STD   ,X++                cc=e0 a=55 b=00 dp=00 x=738e y=000a u=a7c4 s=1ff4  dt=64
125a| ecc1        LDD   ,U++                cc=e4 a=00 b=00 dp=00 x=738e y=000a u=a7c6 s=1ff4  dt=64
125c| ed81        STD   ,X++                cc=e4 a=00 b=00 dp=00 x=7390 y=000a u=a7c6 s=1ff4  dt=64
125e| ecc1        LDD   ,U++                cc=e4 a=00 b=00 dp=00 x=7390 y=000a u=a7c8 s=1ff4  dt=64
1260| ed81        STD   ,X++                cc=e4 a=00 b=00 dp=00 x=7392 y=000a u=a7c8 s=1ff4  dt=64
1262| 30890098    LEAX  $0098,X             cc=e0 a=00 b=00 dp=00 x=742a y=000a u=a7c8 s=1ff4  dt=64
1266| 313f        LEAY  -1,Y                cc=e0 a=00 b=00 dp=00 x=742a y=0009 u=a7c8 s=1ff4  dt=40
1268| 26e8        BNE   $1252               cc=e0 a=00 b=00 dp=00 x=742a y=0009 u=a7c8 s=1ff4  dt=24
1252| ecc1        LDD   ,U++                cc=e4 a=00 b=00 dp=00 x=742a y=0009 u=a7ca s=1ff4  dt=64
1254| ed81        STD   ,X++                cc=e4 a=00 b=00 dp=00 x=742c y=0009 u=a7ca s=1ff4  dt=64
1256| ecc1        LDD   ,U++                cc=e0 a=55 b=00 dp=00 x=742c y=0009 u=a7cc s=1ff4  dt=64
1258| ed81        STD   ,X++                cc=e0 a=55 b=00 dp=00 x=742e y=0009 u=a7cc s=1ff4  dt=64
125a| ecc1        LDD   ,U++                cc=e4 a=00 b=00 dp=00 x=742e y=0009 u=a7ce s=1ff4  dt=64
125c| ed81        STD   ,X++                cc=e4 a=00 b=00 dp=00 x=7430 y=0009 u=a7ce s=1ff4  dt=64
125e| ecc1        LDD   ,U++                cc=e4 a=00 b=00 dp=00 x=7430 y=0009 u=a7d0 s=1ff4  dt=64
1260| ed81        STD   ,X++                cc=e4 a=00 b=00 dp=00 x=7432 y=0009 u=a7d0 s=1ff4  dt=64
1262| 30890098    LEAX  $0098,X             cc=e0 a=00 b=00 dp=00 x=74ca y=0009 u=a7d0 s=1ff4  dt=64
1266| 313f        LEAY  -1,Y                cc=e0 a=00 b=00 dp=00 x=74ca y=0008 u=a7d0 s=1ff4  dt=40
1268| 26e8        BNE   $1252               cc=e0 a=00 b=00 dp=00 x=74ca y=0008 u=a7d0 s=1ff4  dt=24
1252| ecc1        LDD   ,U++                cc=e4 a=00 b=00 dp=00 x=74ca y=0008 u=a7d2 s=1ff4  dt=64
1254| ed81        STD   ,X++                cc=e4 a=00 b=00 dp=00 x=74cc y=0008 u=a7d2 s=1ff4  dt=64
1256| ecc1        LDD   ,U++                cc=e4 a=00 b=00 dp=00 x=74cc y=0008 u=a7d4 s=1ff4  dt=64
1258| ed81        STD   ,X++                cc=e4 a=00 b=00 dp=00 x=74ce y=0008 u=a7d4 s=1ff4  dt=64
125a| ecc1        LDD   ,U++                cc=e4 a=00 b=00 dp=00 x=74ce y=0008 u=a7d6 s=1ff4  dt=64
125c| ed81        STD   ,X++                cc=e4 a=00 b=00 dp=00 x=74d0 y=0008 u=a7d6 s=1ff4  dt=64
125e| ecc1        LDD   ,U++                cc=e4 a=00 b=00 dp=00 x=74d0 y=0008 u=a7d8 s=1ff4  dt=64
1260| ed81        STD   ,X++                cc=e4 a=00 b=00 dp=00 x=74d2 y=0008 u=a7d8 s=1ff4  dt=64
1262| 30890098    LEAX  $0098,X             cc=e0 a=00 b=00 dp=00 x=756a y=0008 u=a7d8 s=1ff4  dt=64
1266| 313f        LEAY  -1,Y                cc=e0 a=00 b=00 dp=00 x=756a y=0007 u=a7d8 s=1ff4  dt=40
1268| 26e8        BNE   $1252               cc=e0 a=00 b=00 dp=00 x=756a y=0007 u=a7d8 s=1ff4  dt=24
1252| ecc1        LDD   ,U++                cc=e4 a=00 b=00 dp=00 x=756a y=0007 u=a7da s=1ff4  dt=64
1254| ed81        STD   ,X++                cc=e4 a=00 b=00 dp=00 x=756c y=0007 u=a7da s=1ff4  dt=64
1256| ecc1        LDD   ,U++                cc=e0 a=44 b=44 dp=00 x=756c y=0007 u=a7dc s=1ff4  dt=64
1258| ed81        STD   ,X++                cc=e0 a=44 b=44 dp=00 x=756e y=0007 u=a7dc s=1ff4  dt=64
125a| ecc1        LDD   ,U++                cc=e0 a=44 b=44 dp=00 x=756e y=0007 u=a7de s=1ff4  dt=64
125c| ed81        STD   ,X++                cc=e0 a=44 b=44 dp=00 x=7570 y=0007 u=a7de s=1ff4  dt=64
125e| ecc1        LDD   ,U++                cc=e0 a=44 b=44 dp=00 x=7570 y=0007 u=a7e0 s=1ff4  dt=64
1260| ed81        STD   ,X++                cc=e0 a=44 b=44 dp=00 x=7572 y=0007 u=a7e0 s=1ff4  dt=64
1262| 30890098    LEAX  $0098,X             cc=e0 a=44 b=44 dp=00 x=760a y=0007 u=a7e0 s=1ff4  dt=64
1266| 313f        LEAY  -1,Y                cc=e0 a=44 b=44 dp=00 x=760a y=0006 u=a7e0 s=1ff4  dt=40
1268| 26e8        BNE   $1252               cc=e0 a=44 b=44 dp=00 x=760a y=0006 u=a7e0 s=1ff4  dt=24
1252| ecc1        LDD   ,U++                cc=e4 a=00 b=00 dp=00 x=760a y=0006 u=a7e2 s=1ff4  dt=64
1254| ed81        STD   ,X++                cc=e4 a=00 b=00 dp=00 x=760c y=0006 u=a7e2 s=1ff4  dt=64
1256| ecc1        LDD   ,U++                cc=e0 a=44 b=44 dp=00 x=760c y=0006 u=a7e4 s=1ff4  dt=64
1258| ed81        STD   ,X++                cc=e0 a=44 b=44 dp=00 x=760e y=0006 u=a7e4 s=1ff4  dt=64
125a| ecc1        LDD   ,U++                cc=e0 a=44 b=44 dp=00 x=760e y=0006 u=a7e6 s=1ff4  dt=64
125c| ed81        STD   ,X++                cc=e0 a=44 b=44 dp=00 x=7610 y=0006 u=a7e6 s=1ff4  dt=64
125e| ecc1        LDD   ,U++                cc=e0 a=44 b=44 dp=00 x=7610 y=0006 u=a7e8 s=1ff4  dt=64
1260| ed81        STD   ,X++                cc=e0 a=44 b=44 dp=00 x=7612 y=0006 u=a7e8 s=1ff4  dt=64
1262| 30890098    LEAX  $0098,X             cc=e0 a=44 b=44 dp=00 x=76aa y=0006 u=a7e8 s=1ff4  dt=64
1266| 313f        LEAY  -1,Y                cc=e0 a=44 b=44 dp=00 x=76aa y=0005 u=a7e8 s=1ff4  dt=40
1268| 26e8        BNE   $1252               cc=e0 a=44 b=44 dp=00 x=76aa y=0005 u=a7e8 s=1ff4  dt=24
1252| ecc1        LDD   ,U++                cc=e4 a=00 b=00 dp=00 x=76aa y=0005 u=a7ea s=1ff4  dt=64
1254| ed81        STD   ,X++                cc=e4 a=00 b=00 dp=00 x=76ac y=0005 u=a7ea s=1ff4  dt=64
1256| ecc1        LDD   ,U++                cc=e4 a=00 b=00 dp=00 x=76ac y=0005 u=a7ec s=1ff4  dt=64
1258| ed81        STD   ,X++                cc=e4 a=00 b=00 dp=00 x=76ae y=0005 u=a7ec s=1ff4  dt=64
125a| ecc1        LDD   ,U++                cc=e4 a=00 b=00 dp=00 x=76ae y=0005 u=a7ee s=1ff4  dt=64
125c| ed81        STD   ,X++                cc=e4 a=00 b=00 dp=00 x=76b0 y=0005 u=a7ee s=1ff4  dt=64
125e| ecc1        LDD   ,U++                cc=e4 a=00 b=00 dp=00 x=76b0 y=0005 u=a7f0 s=1ff4  dt=64
1260| ed81        STD   ,X++                cc=e4 a=00 b=00 dp=00 x=76b2 y=0005 u=a7f0 s=1ff4  dt=64
1262| 30890098    LEAX  $0098,X             cc=e0 a=00 b=00 dp=00 x=774a y=0005 u=a7f0 s=1ff4  dt=64
1266| 313f        LEAY  -1,Y                cc=e0 a=00 b=00 dp=00 x=774a y=0004 u=a7f0 s=1ff4  dt=40
1268| 26e8        BNE   $1252               cc=e0 a=00 b=00 dp=00 x=774a y=0004 u=a7f0 s=1ff4  dt=24
1252| ecc1        LDD   ,U++                cc=e4 a=00 b=00 dp=00 x=774a y=0004 u=a7f2 s=1ff4  dt=64
1254| ed81        STD   ,X++                cc=e4 a=00 b=00 dp=00 x=774c y=0004 u=a7f2 s=1ff4  dt=64
1256| ecc1        LDD   ,U++                cc=e4 a=00 b=00 dp=00 x=774c y=0004 u=a7f4 s=1ff4  dt=64
1258| ed81        STD   ,X++                cc=e4 a=00 b=00 dp=00 x=774e y=0004 u=a7f4 s=1ff4  dt=64
125a| ecc1        LDD   ,U++                cc=e4 a=00 b=00 dp=00 x=774e y=0004 u=a7f6 s=1ff4  dt=64
125c| ed81        STD   ,X++                cc=e4 a=00 b=00 dp=00 x=7750 y=0004 u=a7f6 s=1ff4  dt=64
125e| ecc1        LDD   ,U++                cc=e4 a=00 b=00 dp=00 x=7750 y=0004 u=a7f8 s=1ff4  dt=64
1260| ed81        STD   ,X++                cc=e4 a=00 b=00 dp=00 x=7752 y=0004 u=a7f8 s=1ff4  dt=64
1262| 30890098    LEAX  $0098,X             cc=e0 a=00 b=00 dp=00 x=77ea y=0004 u=a7f8 s=1ff4  dt=64
1266| 313f        LEAY  -1,Y                cc=e0 a=00 b=00 dp=00 x=77ea y=0003 u=a7f8 s=1ff4  dt=40
1268| 26e8        BNE   $1252               cc=e0 a=00 b=00 dp=00 x=77ea y=0003 u=a7f8 s=1ff4  dt=24
1252| ecc1        LDD   ,U++                cc=e4 a=00 b=00 dp=00 x=77ea y=0003 u=a7fa s=1ff4  dt=64
1254| ed81        STD   ,X++                cc=e4 a=00 b=00 dp=00 x=77ec y=0003 u=a7fa s=1ff4  dt=64
1256| ecc1        LDD   ,U++                cc=e4 a=00 b=00 dp=00 x=77ec y=0003 u=a7fc s=1ff4  dt=64
1258| ed81        STD   ,X++                cc=e4 a=00 b=00 dp=00 x=77ee y=0003 u=a7fc s=1ff4  dt=64
125a| ecc1        LDD   ,U++                cc=e4 a=00 b=00 dp=00 x=77ee y=0003 u=a7fe s=1ff4  dt=64
125c| ed81        STD   ,X++                cc=e4 a=00 b=00 dp=00 x=77f0 y=0003 u=a7fe s=1ff4  dt=64
125e| ecc1        LDD   ,U++                cc=e4 a=00 b=00 dp=00 x=77f0 y=0003 u=a800 s=1ff4  dt=64
1260| ed81        STD   ,X++                cc=e4 a=00 b=00 dp=00 x=77f2 y=0003 u=a800 s=1ff4  dt=64
1262| 30890098    LEAX  $0098,X             cc=e0 a=00 b=00 dp=00 x=788a y=0003 u=a800 s=1ff4  dt=64
1266| 313f        LEAY  -1,Y                cc=e0 a=00 b=00 dp=00 x=788a y=0002 u=a800 s=1ff4  dt=40
1268| 26e8        BNE   $1252               cc=e0 a=00 b=00 dp=00 x=788a y=0002 u=a800 s=1ff4  dt=24
1252| ecc1        LDD   ,U++                cc=e4 a=00 b=00 dp=00 x=788a y=0002 u=a802 s=1ff4  dt=64
1254| ed81        STD   ,X++                cc=e4 a=00 b=00 dp=00 x=788c y=0002 u=a802 s=1ff4  dt=64
1256| ecc1        LDD   ,U++                cc=e4 a=00 b=00 dp=00 x=788c y=0002 u=a804 s=1ff4  dt=64
1258| ed81        STD   ,X++                cc=e4 a=00 b=00 dp=00 x=788e y=0002 u=a804 s=1ff4  dt=64
125a| ecc1        LDD   ,U++                cc=e4 a=00 b=00 dp=00 x=788e y=0002 u=a806 s=1ff4  dt=64
125c| ed81        STD   ,X++                cc=e4 a=00 b=00 dp=00 x=7890 y=0002 u=a806 s=1ff4  dt=64
125e| ecc1        LDD   ,U++                cc=e4 a=00 b=00 dp=00 x=7890 y=0002 u=a808 s=1ff4  dt=64
1260| ed81        STD   ,X++                cc=e4 a=00 b=00 dp=00 x=7892 y=0002 u=a808 s=1ff4  dt=64
1262| 30890098    LEAX  $0098,X             cc=e0 a=00 b=00 dp=00 x=792a y=0002 u=a808 s=1ff4  dt=64
1266| 313f        LEAY  -1,Y                cc=e0 a=00 b=00 dp=00 x=792a y=0001 u=a808 s=1ff4  dt=40
1268| 26e8        BNE   $1252               cc=e0 a=00 b=00 dp=00 x=792a y=0001 u=a808 s=1ff4  dt=24
1252| ecc1        LDD   ,U++                cc=e4 a=00 b=00 dp=00 x=792a y=0001 u=a80a s=1ff4  dt=64
1254| ed81        STD   ,X++                cc=e4 a=00 b=00 dp=00 x=792c y=0001 u=a80a s=1ff4  dt=64
1256| ecc1        LDD   ,U++                cc=e4 a=00 b=00 dp=00 x=792c y=0001 u=a80c s=1ff4  dt=64
1258| ed81        STD   ,X++                cc=e4 a=00 b=00 dp=00 x=792e y=0001 u=a80c s=1ff4  dt=64
125a| ecc1        LDD   ,U++                cc=e4 a=00 b=00 dp=00 x=792e y=0001 u=a80e s=1ff4  dt=64
125c| ed81        STD   ,X++                cc=e4 a=00 b=00 dp=00 x=7930 y=0001 u=a80e s=1ff4  dt=64
125e| ecc1        LDD   ,U++                cc=e4 a=00 b=00 dp=00 x=7930 y=0001 u=a810 s=1ff4  dt=64
1260| ed81        STD   ,X++                cc=e4 a=00 b=00 dp=00 x=7932 y=0001 u=a810 s=1ff4  dt=64
1262| 30890098    LEAX  $0098,X             cc=e0 a=00 b=00 dp=00 x=79ca y=0001 u=a810 s=1ff4  dt=64
1266| 313f        LEAY  -1,Y                cc=e4 a=00 b=00 dp=00 x=79ca y=0000 u=a810 s=1ff4  dt=40
1268| 26e8        BNE   $1252               cc=e4 a=00 b=00 dp=00 x=79ca y=0000 u=a810 s=1ff4  dt=24
126a| 39          RTS                       cc=e4 a=00 b=00 dp=00 x=79ca y=0000 u=a810 s=1ff6  dt=40
0c54| 3510        PULS  X                   cc=e4 a=00 b=00 dp=00 x=a480 y=0000 u=a810 s=1ff8  dt=56
0c56| 3008        LEAX  8,X                 cc=e0 a=00 b=00 dp=00 x=a488 y=0000 u=a810 s=1ff8  dt=40
0c58| 0a5d        DEC   <$5d                cc=e0 a=00 b=00 dp=00 x=a488 y=0000 u=a810 s=1ff8  dt=48
0c5a| 26db        BNE   $0c37               cc=e0 a=00 b=00 dp=00 x=a488 y=0000 u=a810 s=1ff8  dt=24
0c37| 8604        LDA   #$04                cc=e0 a=04 b=00 dp=00 x=a488 y=0000 u=a810 s=1ff8  dt=16
0c39| 905d        SUBA  <$5d                cc=e0 a=03 b=00 dp=00 x=a488 y=0000 u=a810 s=1ff8  dt=32
0c3b| 108e10a1    LDY   #$10a1              cc=e0 a=03 b=00 dp=00 x=a488 y=10a1 u=a810 s=1ff8  dt=32
0c3f| e6a6        LDB   A,Y                 cc=e0 a=03 b=08 dp=00 x=a488 y=10a1 u=a810 s=1ff8  dt=40
0c41| d486        ANDB  <$86                cc=e0 a=03 b=08 dp=00 x=a488 y=10a1 u=a810 s=1ff8  dt=32
0c43| 2711        BEQ   $0c56               cc=e0 a=03 b=08 dp=00 x=a488 y=10a1 u=a810 s=1ff8  dt=24
0c45| 17045d      LBSR  $10a5               cc=e0 a=03 b=08 dp=00 x=a488 y=10a1 u=a810 s=1ff6  dt=72
10a5| 8604        LDA   #$04                cc=e0 a=04 b=08 dp=00 x=a488 y=10a1 u=a810 s=1ff6  dt=16
10a7| 905d        SUBA  <$5d                cc=e0 a=03 b=08 dp=00 x=a488 y=10a1 u=a810 s=1ff6  dt=32
10a9| 48          LSLA                      cc=e0 a=06 b=08 dp=00 x=a488 y=10a1 u=a810 s=1ff6  dt=16
10aa| cea890      LDU   #$a890              cc=e8 a=06 b=08 dp=00 x=a488 y=10a1 u=a890 s=1ff6  dt=24
10ad| 33c6        LEAU  A,U                 cc=e8 a=06 b=08 dp=00 x=a488 y=10a1 u=a896 s=1ff6  dt=40
10af| 39          RTS                       cc=e8 a=06 b=08 dp=00 x=a488 y=10a1 u=a896 s=1ff8  dt=40
0c48| ecc4        LDD   ,U                  cc=e0 a=6f b=ea dp=00 x=a488 y=10a1 u=a896 s=1ff8  dt=40
0c4a| 3410        PSHS  X                   cc=e0 a=6f b=ea dp=00 x=a488 y=10a1 u=a896 s=1ff6  dt=56
0c4c| 1f01        TFR   D,X                 cc=e0 a=6f b=ea dp=00 x=6fea y=10a1 u=a896 s=1ff6  dt=48
0c4e| 17045f      LBSR  $10b0               cc=e0 a=6f b=ea dp=00 x=6fea y=10a1 u=a896 s=1ff4  dt=72
10b0| 8604        LDA   #$04                cc=e0 a=04 b=ea dp=00 x=6fea y=10a1 u=a896 s=1ff4  dt=16
10b2| 905d        SUBA  <$5d                cc=e0 a=03 b=ea dp=00 x=6fea y=10a1 u=a896 s=1ff4  dt=32
10b4| c680        LDB   #$80                cc=e8 a=03 b=80 dp=00 x=6fea y=10a1 u=a896 s=1ff4  dt=16
10b6| 3d          MUL                       cc=e9 a=01 b=80 dp=00 x=6fea y=10a1 u=a896 s=1ff4  dt=88
10b7| 0d90        TST   <$90                cc=e5 a=01 b=80 dp=00 x=6fea y=10a1 u=a896 s=1ff4  dt=48
10b9| 2605        BNE   $10c0               cc=e5 a=01 b=80 dp=00 x=6fea y=10a1 u=a896 s=1ff4  dt=24
10bb| c3a690      ADDD  #$a690              cc=e8 a=a8 b=10 dp=00 x=6fea y=10a1 u=a896 s=1ff4  dt=32
10be| 2003        BRA   $10c3               cc=e8 a=a8 b=10 dp=00 x=6fea y=10a1 u=a896 s=1ff4  dt=24
10c3| 1f03        TFR   D,U                 cc=e8 a=a8 b=10 dp=00 x=6fea y=10a1 u=a810 s=1ff4  dt=48
10c5| 39          RTS                       cc=e8 a=a8 b=10 dp=00 x=6fea y=10a1 u=a810 s=1ff6  dt=40
0c51| 1705cd      LBSR  $1221               cc=e8 a=a8 b=10 dp=00 x=6fea y=10a1 u=a810 s=1ff4  dt=72
1221| df9e        STU   <$9e                cc=e8 a=a8 b=10 dp=00 x=6fea y=10a1 u=a810 s=1ff4  dt=40
1223| 17fea0      LBSR  $10c6               cc=e8 a=a8 b=10 dp=00 x=6fea y=10a1 u=a810 s=1ff2  dt=72
10c6| 8604        LDA   #$04                cc=e0 a=04 b=10 dp=00 x=6fea y=10a1 u=a810 s=1ff2  dt=16
10c8| 905d        SUBA  <$5d                cc=e0 a=03 b=10 dp=00 x=6fea y=10a1 u=a810 s=1ff2  dt=32
10ca| cea898      LDU   #$a898              cc=e8 a=03 b=10 dp=00 x=6fea y=10a1 u=a898 s=1ff2  dt=24
10cd| 33c6        LEAU  A,U                 cc=e8 a=03 b=10 dp=00 x=6fea y=10a1 u=a89b s=1ff2  dt=40
10cf| 39          RTS                       cc=e8 a=03 b=10 dp=00 x=6fea y=10a1 u=a89b s=1ff4  dt=40
1226| a6c4        LDA   ,U                  cc=e4 a=00 b=10 dp=00 x=6fea y=10a1 u=a89b s=1ff4  dt=32
1228| 979c        STA   <$9c                cc=e4 a=00 b=10 dp=00 x=6fea y=10a1 u=a89b s=1ff4  dt=32
122a| 85f0        BITA  #$f0                cc=e4 a=00 b=10 dp=00 x=6fea y=10a1 u=a89b s=1ff4  dt=16
122c| 1026011c    LBNE  $134c               cc=e4 a=00 b=10 dp=00 x=6fea y=10a1 u=a89b s=1ff4  dt=40
1230| 8407        ANDA  #$07                cc=e4 a=00 b=10 dp=00 x=6fea y=10a1 u=a89b s=1ff4  dt=16
1232| 48          LSLA                      cc=e4 a=00 b=10 dp=00 x=6fea y=10a1 u=a89b s=1ff4  dt=16
1233| de9e        LDU   <$9e                cc=e8 a=00 b=10 dp=00 x=6fea y=10a1 u=a810 s=1ff4  dt=40
1235| 108e123e    LDY   #$123e              cc=e0 a=00 b=10 dp=00 x=6fea y=123e u=a810 s=1ff4  dt=32
1239| 10aea6      LDY   A,Y                 cc=e0 a=00 b=10 dp=00 x=6fea y=124e u=a810 s=1ff4  dt=56
123c| 6ea4        JMP   ,Y                  cc=e0 a=00 b=10 dp=00 x=6fea y=124e u=a810 s=1ff4  dt=24
124e| 108e0010    LDY   #$0010              cc=e0 a=00 b=10 dp=00 x=6fea y=0010 u=a810 s=1ff4  dt=32
1252| ecc1        LDD   ,U++                cc=e4 a=00 b=00 dp=00 x=6fea y=0010 u=a812 s=1ff4  dt=64
1254| ed81        STD   ,X++                cc=e4 a=00 b=00 dp=00 x=6fec y=0010 u=a812 s=1ff4  dt=64
1256| ecc1        LDD   ,U++                cc=e4 a=00 b=00 dp=00 x=6fec y=0010 u=a814 s=1ff4  dt=64
1258| ed81        STD   ,X++                cc=e4 a=00 b=00 dp=00 x=6fee y=0010 u=a814 s=1ff4  dt=64
125a| ecc1        LDD   ,U++                cc=e4 a=00 b=00 dp=00 x=6fee y=0010 u=a816 s=1ff4  dt=64
125c| ed81        STD   ,X++                cc=e4 a=00 b=00 dp=00 x=6ff0 y=0010 u=a816 s=1ff4  dt=64
125e| ecc1        LDD   ,U++                cc=e4 a=00 b=00 dp=00 x=6ff0 y=0010 u=a818 s=1ff4  dt=64
1260| ed81        STD   ,X++                cc=e4 a=00 b=00 dp=00 x=6ff2 y=0010 u=a818 s=1ff4  dt=64
1262| 30890098    LEAX  $0098,X             cc=e0 a=00 b=00 dp=00 x=708a y=0010 u=a818 s=1ff4  dt=64
1266| 313f        LEAY  -1,Y                cc=e0 a=00 b=00 dp=00 x=708a y=000f u=a818 s=1ff4  dt=40
1268| 26e8        BNE   $1252               cc=e0 a=00 b=00 dp=00 x=708a y=000f u=a818 s=1ff4  dt=24
1252| ecc1        LDD   ,U++                cc=e4 a=00 b=00 dp=00 x=708a y=000f u=a81a s=1ff4  dt=64
1254| ed81        STD   ,X++                cc=e4 a=00 b=00 dp=00 x=708c y=000f u=a81a s=1ff4  dt=64
1256| ecc1        LDD   ,U++                cc=e4 a=00 b=00 dp=00 x=708c y=000f u=a81c s=1ff4  dt=64
1258| ed81        STD   ,X++                cc=e4 a=00 b=00 dp=00 x=708e y=000f u=a81c s=1ff4  dt=64
125a| ecc1        LDD   ,U++                cc=e4 a=00 b=00 dp=00 x=708e y=000f u=a81e s=1ff4  dt=64
125c| ed81        STD   ,X++                cc=e4 a=00 b=00 dp=00 x=7090 y=000f u=a81e s=1ff4  dt=64
125e| ecc1        LDD   ,U++                cc=e4 a=00 b=00 dp=00 x=7090 y=000f u=a820 s=1ff4  dt=64
1260| ed81        STD   ,X++                cc=e4 a=00 b=00 dp=00 x=7092 y=000f u=a820 s=1ff4  dt=64
1262| 30890098    LEAX  $0098,X             cc=e0 a=00 b=00 dp=00 x=712a y=000f u=a820 s=1ff4  dt=64
1266| 313f        LEAY  -1,Y                cc=e0 a=00 b=00 dp=00 x=712a y=000e u=a820 s=1ff4  dt=40
1268| 26e8        BNE   $1252               cc=e0 a=00 b=00 dp=00 x=712a y=000e u=a820 s=1ff4  dt=24
1252| ecc1        LDD   ,U++                cc=e4 a=00 b=00 dp=00 x=712a y=000e u=a822 s=1ff4  dt=64
1254| ed81        STD   ,X++                cc=e4 a=00 b=00 dp=00 x=712c y=000e u=a822 s=1ff4  dt=64
1256| ecc1        LDD   ,U++                cc=e4 a=00 b=00 dp=00 x=712c y=000e u=a824 s=1ff4  dt=64
1258| ed81        STD   ,X++                cc=e4 a=00 b=00 dp=00 x=712e y=000e u=a824 s=1ff4  dt=64
125a| ecc1        LDD   ,U++                cc=e4 a=00 b=00 dp=00 x=712e y=000e u=a826 s=1ff4  dt=64
125c| ed81        STD   ,X++                cc=e4 a=00 b=00 dp=00 x=7130 y=000e u=a826 s=1ff4  dt=64
125e| ecc1        LDD   ,U++                cc=e4 a=00 b=00 dp=00 x=7130 y=000e u=a828 s=1ff4  dt=64
1260| ed81        STD   ,X++                cc=e4 a=00 b=00 dp=00 x=7132 y=000e u=a828 s=1ff4  dt=64
1262| 30890098    LEAX  $0098,X             cc=e0 a=00 b=00 dp=00 x=71ca y=000e u=a828 s=1ff4  dt=64
1266| 313f        LEAY  -1,Y                cc=e0 a=00 b=00 dp=00 x=71ca y=000d u=a828 s=1ff4  dt=40
1268| 26e8        BNE   $1252               cc=e0 a=00 b=00 dp=00 x=71ca y=000d u=a828 s=1ff4  dt=24
1252| ecc1        LDD   ,U++                cc=e4 a=00 b=00 dp=00 x=71ca y=000d u=a82a s=1ff4  dt=64
1254| ed81        STD   ,X++                cc=e4 a=00 b=00 dp=00 x=71cc y=000d u=a82a s=1ff4  dt=64
1256| ecc1        LDD   ,U++                cc=e4 a=00 b=00 dp=00 x=71cc y=000d u=a82c s=1ff4  dt=64
1258| ed81        STD   ,X++                cc=e4 a=00 b=00 dp=00 x=71ce y=000d u=a82c s=1ff4  dt=64
125a| ecc1        LDD   ,U++                cc=e4 a=00 b=00 dp=00 x=71ce y=000d u=a82e s=1ff4  dt=64
125c| ed81        STD   ,X++                cc=e4 a=00 b=00 dp=00 x=71d0 y=000d u=a82e s=1ff4  dt=64
125e| ecc1        LDD   ,U++                cc=e4 a=00 b=00 dp=00 x=71d0 y=000d u=a830 s=1ff4  dt=64
1260| ed81        STD   ,X++                cc=e4 a=00 b=00 dp=00 x=71d2 y=000d u=a830 s=1ff4  dt=64
1262| 30890098    LEAX  $0098,X             cc=e0 a=00 b=00 dp=00 x=726a y=000d u=a830 s=1ff4  dt=64
1266| 313f        LEAY  -1,Y                cc=e0 a=00 b=00 dp=00 x=726a y=000c u=a830 s=1ff4  dt=40
1268| 26e8        BNE   $1252               cc=e0 a=00 b=00 dp=00 x=726a y=000c u=a830 s=1ff4  dt=24
1252| ecc1        LDD   ,U++                cc=e4 a=00 b=00 dp=00 x=726a y=000c u=a832 s=1ff4  dt=64
1254| ed81        STD   ,X++                cc=e4 a=00 b=00 dp=00 x=726c y=000c u=a832 s=1ff4  dt=64
1256| ecc1        LDD   ,U++                cc=e4 a=00 b=00 dp=00 x=726c y=000c u=a834 s=1ff4  dt=64
1258| ed81        STD   ,X++                cc=e4 a=00 b=00 dp=00 x=726e y=000c u=a834 s=1ff4  dt=64
125a| ecc1        LDD   ,U++                cc=e4 a=00 b=00 dp=00 x=726e y=000c u=a836 s=1ff4  dt=64
125c| ed81        STD   ,X++                cc=e4 a=00 b=00 dp=00 x=7270 y=000c u=a836 s=1ff4  dt=64
125e| ecc1        LDD   ,U++                cc=e4 a=00 b=00 dp=00 x=7270 y=000c u=a838 s=1ff4  dt=64
1260| ed81        STD   ,X++                cc=e4 a=00 b=00 dp=00 x=7272 y=000c u=a838 s=1ff4  dt=64
1262| 30890098    LEAX  $0098,X             cc=e0 a=00 b=00 dp=00 x=730a y=000c u=a838 s=1ff4  dt=64
1266| 313f        LEAY  -1,Y                cc=e0 a=00 b=00 dp=00 x=730a y=000b u=a838 s=1ff4  dt=40
1268| 26e8        BNE   $1252               cc=e0 a=00 b=00 dp=00 x=730a y=000b u=a838 s=1ff4  dt=24
1252| ecc1        LDD   ,U++                cc=e4 a=00 b=00 dp=00 x=730a y=000b u=a83a s=1ff4  dt=64
1254| ed81        STD   ,X++                cc=e4 a=00 b=00 dp=00 x=730c y=000b u=a83a s=1ff4  dt=64
1256| ecc1        LDD   ,U++                cc=e4 a=00 b=00 dp=00 x=730c y=000b u=a83c s=1ff4  dt=64
1258| ed81        STD   ,X++                cc=e4 a=00 b=00 dp=00 x=730e y=000b u=a83c s=1ff4  dt=64
125a| ecc1        LDD   ,U++                cc=e4 a=00 b=00 dp=00 x=730e y=000b u=a83e s=1ff4  dt=64
125c| ed81        STD   ,X++                cc=e4 a=00 b=00 dp=00 x=7310 y=000b u=a83e s=1ff4  dt=64
125e| ecc1        LDD   ,U++                cc=e4 a=00 b=00 dp=00 x=7310 y=000b u=a840 s=1ff4  dt=64
1260| ed81        STD   ,X++                cc=e4 a=00 b=00 dp=00 x=7312 y=000b u=a840 s=1ff4  dt=64
1262| 30890098    LEAX  $0098,X             cc=e0 a=00 b=00 dp=00 x=73aa y=000b u=a840 s=1ff4  dt=64
1266| 313f        LEAY  -1,Y                cc=e0 a=00 b=00 dp=00 x=73aa y=000a u=a840 s=1ff4  dt=40
1268| 26e8        BNE   $1252               cc=e0 a=00 b=00 dp=00 x=73aa y=000a u=a840 s=1ff4  dt=24
1252| ecc1        LDD   ,U++                cc=e4 a=00 b=00 dp=00 x=73aa y=000a u=a842 s=1ff4  dt=64
1254| ed81        STD   ,X++                cc=e4 a=00 b=00 dp=00 x=73ac y=000a u=a842 s=1ff4  dt=64
1256| ecc1        LDD   ,U++                cc=e4 a=00 b=00 dp=00 x=73ac y=000a u=a844 s=1ff4  dt=64
1258| ed81        STD   ,X++                cc=e4 a=00 b=00 dp=00 x=73ae y=000a u=a844 s=1ff4  dt=64
125a| ecc1        LDD   ,U++                cc=e4 a=00 b=00 dp=00 x=73ae y=000a u=a846 s=1ff4  dt=64
125c| ed81        STD   ,X++                cc=e4 a=00 b=00 dp=00 x=73b0 y=000a u=a846 s=1ff4  dt=64
125e| ecc1        LDD   ,U++                cc=e4 a=00 b=00 dp=00 x=73b0 y=000a u=a848 s=1ff4  dt=64
1260| ed81        STD   ,X++                cc=e4 a=00 b=00 dp=00 x=73b2 y=000a u=a848 s=1ff4  dt=64
1262| 30890098    LEAX  $0098,X             cc=e0 a=00 b=00 dp=00 x=744a y=000a u=a848 s=1ff4  dt=64
1266| 313f        LEAY  -1,Y                cc=e0 a=00 b=00 dp=00 x=744a y=0009 u=a848 s=1ff4  dt=40
1268| 26e8        BNE   $1252               cc=e0 a=00 b=00 dp=00 x=744a y=0009 u=a848 s=1ff4  dt=24
1252| ecc1        LDD   ,U++                cc=e4 a=00 b=00 dp=00 x=744a y=0009 u=a84a s=1ff4  dt=64
1254| ed81        STD   ,X++                cc=e4 a=00 b=00 dp=00 x=744c y=0009 u=a84a s=1ff4  dt=64
1256| ecc1        LDD   ,U++                cc=e4 a=00 b=00 dp=00 x=744c y=0009 u=a84c s=1ff4  dt=64
1258| ed81        STD   ,X++                cc=e4 a=00 b=00 dp=00 x=744e y=0009 u=a84c s=1ff4  dt=64
125a| ecc1        LDD   ,U++                cc=e4 a=00 b=00 dp=00 x=744e y=0009 u=a84e s=1ff4  dt=64
125c| ed81        STD   ,X++                cc=e4 a=00 b=00 dp=00 x=7450 y=0009 u=a84e s=1ff4  dt=64
125e| ecc1        LDD   ,U++                cc=e4 a=00 b=00 dp=00 x=7450 y=0009 u=a850 s=1ff4  dt=64
1260| ed81        STD   ,X++                cc=e4 a=00 b=00 dp=00 x=7452 y=0009 u=a850 s=1ff4  dt=64
1262| 30890098    LEAX  $0098,X             cc=e0 a=00 b=00 dp=00 x=74ea y=0009 u=a850 s=1ff4  dt=64
1266| 313f        LEAY  -1,Y                cc=e0 a=00 b=00 dp=00 x=74ea y=0008 u=a850 s=1ff4  dt=40
1268| 26e8        BNE   $1252               cc=e0 a=00 b=00 dp=00 x=74ea y=0008 u=a850 s=1ff4  dt=24
1252| ecc1        LDD   ,U++                cc=e4 a=00 b=00 dp=00 x=74ea y=0008 u=a852 s=1ff4  dt=64
1254| ed81        STD   ,X++                cc=e4 a=00 b=00 dp=00 x=74ec y=0008 u=a852 s=1ff4  dt=64
1256| ecc1        LDD   ,U++                cc=e4 a=00 b=00 dp=00 x=74ec y=0008 u=a854 s=1ff4  dt=64
1258| ed81        STD   ,X++                cc=e4 a=00 b=00 dp=00 x=74ee y=0008 u=a854 s=1ff4  dt=64
125a| ecc1        LDD   ,U++                cc=e4 a=00 b=00 dp=00 x=74ee y=0008 u=a856 s=1ff4  dt=64
125c| ed81        STD   ,X++                cc=e4 a=00 b=00 dp=00 x=74f0 y=0008 u=a856 s=1ff4  dt=64
125e| ecc1        LDD   ,U++                cc=e4 a=00 b=00 dp=00 x=74f0 y=0008 u=a858 s=1ff4  dt=64
1260| ed81        STD   ,X++                cc=e4 a=00 b=00 dp=00 x=74f2 y=0008 u=a858 s=1ff4  dt=64
1262| 30890098    LEAX  $0098,X             cc=e0 a=00 b=00 dp=00 x=758a y=0008 u=a858 s=1ff4  dt=64
1266| 313f        LEAY  -1,Y                cc=e0 a=00 b=00 dp=00 x=758a y=0007 u=a858 s=1ff4  dt=40
1268| 26e8        BNE   $1252               cc=e0 a=00 b=00 dp=00 x=758a y=0007 u=a858 s=1ff4  dt=24
1252| ecc1        LDD   ,U++                cc=e4 a=00 b=00 dp=00 x=758a y=0007 u=a85a s=1ff4  dt=64
1254| ed81        STD   ,X++                cc=e4 a=00 b=00 dp=00 x=758c y=0007 u=a85a s=1ff4  dt=64
1256| ecc1        LDD   ,U++                cc=e4 a=00 b=00 dp=00 x=758c y=0007 u=a85c s=1ff4  dt=64
1258| ed81        STD   ,X++                cc=e4 a=00 b=00 dp=00 x=758e y=0007 u=a85c s=1ff4  dt=64
125a| ecc1        LDD   ,U++                cc=e4 a=00 b=00 dp=00 x=758e y=0007 u=a85e s=1ff4  dt=64
125c| ed81        STD   ,X++                cc=e4 a=00 b=00 dp=00 x=7590 y=0007 u=a85e s=1ff4  dt=64
125e| ecc1        LDD   ,U++                cc=e4 a=00 b=00 dp=00 x=7590 y=0007 u=a860 s=1ff4  dt=64
1260| ed81        STD   ,X++                cc=e4 a=00 b=00 dp=00 x=7592 y=0007 u=a860 s=1ff4  dt=64
1262| 30890098    LEAX  $0098,X             cc=e0 a=00 b=00 dp=00 x=762a y=0007 u=a860 s=1ff4  dt=64
1266| 313f        LEAY  -1,Y                cc=e0 a=00 b=00 dp=00 x=762a y=0006 u=a860 s=1ff4  dt=40
1268| 26e8        BNE   $1252               cc=e0 a=00 b=00 dp=00 x=762a y=0006 u=a860 s=1ff4  dt=24
1252| ecc1        LDD   ,U++                cc=e4 a=00 b=00 dp=00 x=762a y=0006 u=a862 s=1ff4  dt=64
1254| ed81        STD   ,X++                cc=e4 a=00 b=00 dp=00 x=762c y=0006 u=a862 s=1ff4  dt=64
1256| ecc1        LDD   ,U++                cc=e4 a=00 b=00 dp=00 x=762c y=0006 u=a864 s=1ff4  dt=64
1258| ed81        STD   ,X++                cc=e4 a=00 b=00 dp=00 x=762e y=0006 u=a864 s=1ff4  dt=64
125a| ecc1        LDD   ,U++                cc=e4 a=00 b=00 dp=00 x=762e y=0006 u=a866 s=1ff4  dt=64
125c| ed81        STD   ,X++                cc=e4 a=00 b=00 dp=00 x=7630 y=0006 u=a866 s=1ff4  dt=64
125e| ecc1        LDD   ,U++                cc=e4 a=00 b=00 dp=00 x=7630 y=0006 u=a868 s=1ff4  dt=64
1260| ed81        STD   ,X++                cc=e4 a=00 b=00 dp=00 x=7632 y=0006 u=a868 s=1ff4  dt=64
1262| 30890098    LEAX  $0098,X             cc=e0 a=00 b=00 dp=00 x=76ca y=0006 u=a868 s=1ff4  dt=64
1266| 313f        LEAY  -1,Y                cc=e0 a=00 b=00 dp=00 x=76ca y=0005 u=a868 s=1ff4  dt=40
1268| 26e8        BNE   $1252               cc=e0 a=00 b=00 dp=00 x=76ca y=0005 u=a868 s=1ff4  dt=24
1252| ecc1        LDD   ,U++                cc=e4 a=00 b=00 dp=00 x=76ca y=0005 u=a86a s=1ff4  dt=64
1254| ed81        STD   ,X++                cc=e4 a=00 b=00 dp=00 x=76cc y=0005 u=a86a s=1ff4  dt=64
1256| ecc1        LDD   ,U++                cc=e4 a=00 b=00 dp=00 x=76cc y=0005 u=a86c s=1ff4  dt=64
1258| ed81        STD   ,X++                cc=e4 a=00 b=00 dp=00 x=76ce y=0005 u=a86c s=1ff4  dt=64
125a| ecc1        LDD   ,U++                cc=e4 a=00 b=00 dp=00 x=76ce y=0005 u=a86e s=1ff4  dt=64
125c| ed81        STD   ,X++                cc=e4 a=00 b=00 dp=00 x=76d0 y=0005 u=a86e s=1ff4  dt=64
125e| ecc1        LDD   ,U++                cc=e4 a=00 b=00 dp=00 x=76d0 y=0005 u=a870 s=1ff4  dt=64
1260| ed81        STD   ,X++                cc=e4 a=00 b=00 dp=00 x=76d2 y=0005 u=a870 s=1ff4  dt=64
1262| 30890098    LEAX  $0098,X             cc=e0 a=00 b=00 dp=00 x=776a y=0005 u=a870 s=1ff4  dt=64
1266| 313f        LEAY  -1,Y                cc=e0 a=00 b=00 dp=00 x=776a y=0004 u=a870 s=1ff4  dt=40
1268| 26e8        BNE   $1252               cc=e0 a=00 b=00 dp=00 x=776a y=0004 u=a870 s=1ff4  dt=24
1252| ecc1        LDD   ,U++                cc=e4 a=00 b=00 dp=00 x=776a y=0004 u=a872 s=1ff4  dt=64
1254| ed81        STD   ,X++                cc=e4 a=00 b=00 dp=00 x=776c y=0004 u=a872 s=1ff4  dt=64
1256| ecc1        LDD   ,U++                cc=e4 a=00 b=00 dp=00 x=776c y=0004 u=a874 s=1ff4  dt=64
1258| ed81        STD   ,X++                cc=e4 a=00 b=00 dp=00 x=776e y=0004 u=a874 s=1ff4  dt=64
125a| ecc1        LDD   ,U++                cc=e4 a=00 b=00 dp=00 x=776e y=0004 u=a876 s=1ff4  dt=64
125c| ed81        STD   ,X++                cc=e4 a=00 b=00 dp=00 x=7770 y=0004 u=a876 s=1ff4  dt=64
125e| ecc1        LDD   ,U++                cc=e4 a=00 b=00 dp=00 x=7770 y=0004 u=a878 s=1ff4  dt=64
1260| ed81        STD   ,X++                cc=e4 a=00 b=00 dp=00 x=7772 y=0004 u=a878 s=1ff4  dt=64
1262| 30890098    LEAX  $0098,X             cc=e0 a=00 b=00 dp=00 x=780a y=0004 u=a878 s=1ff4  dt=64
1266| 313f        LEAY  -1,Y                cc=e0 a=00 b=00 dp=00 x=780a y=0003 u=a878 s=1ff4  dt=40
1268| 26e8        BNE   $1252               cc=e0 a=00 b=00 dp=00 x=780a y=0003 u=a878 s=1ff4  dt=24
1252| ecc1        LDD   ,U++                cc=e4 a=00 b=00 dp=00 x=780a y=0003 u=a87a s=1ff4  dt=64
1254| ed81        STD   ,X++                cc=e4 a=00 b=00 dp=00 x=780c y=0003 u=a87a s=1ff4  dt=64
1256| ecc1        LDD   ,U++                cc=e4 a=00 b=00 dp=00 x=780c y=0003 u=a87c s=1ff4  dt=64
1258| ed81        STD   ,X++                cc=e4 a=00 b=00 dp=00 x=780e y=0003 u=a87c s=1ff4  dt=64
125a| ecc1        LDD   ,U++                cc=e4 a=00 b=00 dp=00 x=780e y=0003 u=a87e s=1ff4  dt=64
125c| ed81        STD   ,X++                cc=e4 a=00 b=00 dp=00 x=7810 y=0003 u=a87e s=1ff4  dt=64
125e| ecc1        LDD   ,U++                cc=e4 a=00 b=00 dp=00 x=7810 y=0003 u=a880 s=1ff4  dt=64
1260| ed81        STD   ,X++                cc=e4 a=00 b=00 dp=00 x=7812 y=0003 u=a880 s=1ff4  dt=64
1262| 30890098    LEAX  $0098,X             cc=e0 a=00 b=00 dp=00 x=78aa y=0003 u=a880 s=1ff4  dt=64
1266| 313f        LEAY  -1,Y                cc=e0 a=00 b=00 dp=00 x=78aa y=0002 u=a880 s=1ff4  dt=40
1268| 26e8        BNE   $1252               cc=e0 a=00 b=00 dp=00 x=78aa y=0002 u=a880 s=1ff4  dt=24
1252| ecc1        LDD   ,U++                cc=e4 a=00 b=00 dp=00 x=78aa y=0002 u=a882 s=1ff4  dt=64
1254| ed81        STD   ,X++                cc=e4 a=00 b=00 dp=00 x=78ac y=0002 u=a882 s=1ff4  dt=64
1256| ecc1        LDD   ,U++                cc=e4 a=00 b=00 dp=00 x=78ac y=0002 u=a884 s=1ff4  dt=64
1258| ed81        STD   ,X++                cc=e4 a=00 b=00 dp=00 x=78ae y=0002 u=a884 s=1ff4  dt=64
125a| ecc1        LDD   ,U++                cc=e4 a=00 b=00 dp=00 x=78ae y=0002 u=a886 s=1ff4  dt=64
125c| ed81        STD   ,X++                cc=e4 a=00 b=00 dp=00 x=78b0 y=0002 u=a886 s=1ff4  dt=64
125e| ecc1        LDD   ,U++                cc=e4 a=00 b=00 dp=00 x=78b0 y=0002 u=a888 s=1ff4  dt=64
1260| ed81        STD   ,X++                cc=e4 a=00 b=00 dp=00 x=78b2 y=0002 u=a888 s=1ff4  dt=64
1262| 30890098    LEAX  $0098,X             cc=e0 a=00 b=00 dp=00 x=794a y=0002 u=a888 s=1ff4  dt=64
1266| 313f        LEAY  -1,Y                cc=e0 a=00 b=00 dp=00 x=794a y=0001 u=a888 s=1ff4  dt=40
1268| 26e8        BNE   $1252               cc=e0 a=00 b=00 dp=00 x=794a y=0001 u=a888 s=1ff4  dt=24
1252| ecc1        LDD   ,U++                cc=e4 a=00 b=00 dp=00 x=794a y=0001 u=a88a s=1ff4  dt=64
1254| ed81        STD   ,X++                cc=e4 a=00 b=00 dp=00 x=794c y=0001 u=a88a s=1ff4  dt=64
1256| ecc1        LDD   ,U++                cc=e4 a=00 b=00 dp=00 x=794c y=0001 u=a88c s=1ff4  dt=64
1258| ed81        STD   ,X++                cc=e4 a=00 b=00 dp=00 x=794e y=0001 u=a88c s=1ff4  dt=64
125a| ecc1        LDD   ,U++                cc=e4 a=00 b=00 dp=00 x=794e y=0001 u=a88e s=1ff4  dt=64
125c| ed81        STD   ,X++                cc=e4 a=00 b=00 dp=00 x=7950 y=0001 u=a88e s=1ff4  dt=64
125e| ecc1        LDD   ,U++                cc=e4 a=00 b=00 dp=00 x=7950 y=0001 u=a890 s=1ff4  dt=64
1260| ed81        STD   ,X++                cc=e4 a=00 b=00 dp=00 x=7952 y=0001 u=a890 s=1ff4  dt=64
1262| 30890098    LEAX  $0098,X             cc=e0 a=00 b=00 dp=00 x=79ea y=0001 u=a890 s=1ff4  dt=64
1266| 313f        LEAY  -1,Y                cc=e4 a=00 b=00 dp=00 x=79ea y=0000 u=a890 s=1ff4  dt=40
1268| 26e8        BNE   $1252               cc=e4 a=00 b=00 dp=00 x=79ea y=0000 u=a890 s=1ff4  dt=24
126a| 39          RTS                       cc=e4 a=00 b=00 dp=00 x=79ea y=0000 u=a890 s=1ff6  dt=40
0c54| 3510        PULS  X                   cc=e4 a=00 b=00 dp=00 x=a488 y=0000 u=a890 s=1ff8  dt=56
0c56| 3008        LEAX  8,X                 cc=e0 a=00 b=00 dp=00 x=a490 y=0000 u=a890 s=1ff8  dt=40
0c58| 0a5d        DEC   <$5d                cc=e4 a=00 b=00 dp=00 x=a490 y=0000 u=a890 s=1ff8  dt=48
0c5a| 26db        BNE   $0c37               cc=e4 a=00 b=00 dp=00 x=a490 y=0000 u=a890 s=1ff8  dt=24
0c5c| 39          RTS                       cc=e4 a=00 b=00 dp=00 x=a490 y=0000 u=a890 s=1ffa  dt=40
0a2b| 170099      LBSR  $0ac7               cc=e4 a=00 b=00 dp=00 x=a490 y=0000 u=a890 s=1ff8  dt=72
0ac7| ceaa00      LDU   #$aa00              cc=e8 a=00 b=00 dp=00 x=a490 y=0000 u=aa00 s=1ff8  dt=24
0aca| 0d90        TST   <$90                cc=e4 a=00 b=00 dp=00 x=a490 y=0000 u=aa00 s=1ff8  dt=48
0acc| 2703        BEQ   $0ad1               cc=e4 a=00 b=00 dp=00 x=a490 y=0000 u=aa00 s=1ff8  dt=24
0ad1| 33c900a0    LEAU  $00a0,U             cc=e4 a=00 b=00 dp=00 x=a490 y=0000 u=aaa0 s=1ff8  dt=64
0ad5| 8e007f      LDX   #$007f              cc=e0 a=00 b=00 dp=00 x=007f y=0000 u=aaa0 s=1ff8  dt=24
0ad8| c610        LDB   #$10                cc=e0 a=00 b=10 dp=00 x=007f y=0000 u=aaa0 s=1ff8  dt=16
0ada| a680        LDA   ,X+                 cc=e8 a=80 b=10 dp=00 x=0080 y=0000 u=aaa0 s=1ff8  dt=48
0adc| a7c0        STA   ,U+                 cc=e8 a=80 b=10 dp=00 x=0080 y=0000 u=aaa1 s=1ff8  dt=48
0ade| 5a          DECB                      cc=e0 a=80 b=0f dp=00 x=0080 y=0000 u=aaa1 s=1ff8  dt=16
0adf| 26f9        BNE   $0ada               cc=e0 a=80 b=0f dp=00 x=0080 y=0000 u=aaa1 s=1ff8  dt=24
0ada| a680        LDA   ,X+                 cc=e4 a=00 b=0f dp=00 x=0081 y=0000 u=aaa1 s=1ff8  dt=48
0adc| a7c0        STA   ,U+                 cc=e4 a=00 b=0f dp=00 x=0081 y=0000 u=aaa2 s=1ff8  dt=48
0ade| 5a          DECB                      cc=e0 a=00 b=0e dp=00 x=0081 y=0000 u=aaa2 s=1ff8  dt=16
0adf| 26f9        BNE   $0ada               cc=e0 a=00 b=0e dp=00 x=0081 y=0000 u=aaa2 s=1ff8  dt=24
0ada| a680        LDA   ,X+                 cc=e0 a=07 b=0e dp=00 x=0082 y=0000 u=aaa2 s=1ff8  dt=48
0adc| a7c0        STA   ,U+                 cc=e0 a=07 b=0e dp=00 x=0082 y=0000 u=aaa3 s=1ff8  dt=48
0ade| 5a          DECB                      cc=e0 a=07 b=0d dp=00 x=0082 y=0000 u=aaa3 s=1ff8  dt=16
0adf| 26f9        BNE   $0ada               cc=e0 a=07 b=0d dp=00 x=0082 y=0000 u=aaa3 s=1ff8  dt=24
0ada| a680        LDA   ,X+                 cc=e0 a=05 b=0d dp=00 x=0083 y=0000 u=aaa3 s=1ff8  dt=48
0adc| a7c0        STA   ,U+                 cc=e0 a=05 b=0d dp=00 x=0083 y=0000 u=aaa4 s=1ff8  dt=48
0ade| 5a          DECB                      cc=e0 a=05 b=0c dp=00 x=0083 y=0000 u=aaa4 s=1ff8  dt=16
0adf| 26f9        BNE   $0ada               cc=e0 a=05 b=0c dp=00 x=0083 y=0000 u=aaa4 s=1ff8  dt=24
0ada| a680        LDA   ,X+                 cc=e4 a=00 b=0c dp=00 x=0084 y=0000 u=aaa4 s=1ff8  dt=48
0adc| a7c0        STA   ,U+                 cc=e4 a=00 b=0c dp=00 x=0084 y=0000 u=aaa5 s=1ff8  dt=48
0ade| 5a          DECB                      cc=e0 a=00 b=0b dp=00 x=0084 y=0000 u=aaa5 s=1ff8  dt=16
0adf| 26f9        BNE   $0ada               cc=e0 a=00 b=0b dp=00 x=0084 y=0000 u=aaa5 s=1ff8  dt=24
0ada| a680        LDA   ,X+                 cc=e4 a=00 b=0b dp=00 x=0085 y=0000 u=aaa5 s=1ff8  dt=48
0adc| a7c0        STA   ,U+                 cc=e4 a=00 b=0b dp=00 x=0085 y=0000 u=aaa6 s=1ff8  dt=48
0ade| 5a          DECB                      cc=e0 a=00 b=0a dp=00 x=0085 y=0000 u=aaa6 s=1ff8  dt=16
0adf| 26f9        BNE   $0ada               cc=e0 a=00 b=0a dp=00 x=0085 y=0000 u=aaa6 s=1ff8  dt=24
0ada| a680        LDA   ,X+                 cc=e4 a=00 b=0a dp=00 x=0086 y=0000 u=aaa6 s=1ff8  dt=48
0adc| a7c0        STA   ,U+                 cc=e4 a=00 b=0a dp=00 x=0086 y=0000 u=aaa7 s=1ff8  dt=48
0ade| 5a          DECB                      cc=e0 a=00 b=09 dp=00 x=0086 y=0000 u=aaa7 s=1ff8  dt=16
0adf| 26f9        BNE   $0ada               cc=e0 a=00 b=09 dp=00 x=0086 y=0000 u=aaa7 s=1ff8  dt=24
0ada| a680        LDA   ,X+                 cc=e0 a=0f b=09 dp=00 x=0087 y=0000 u=aaa7 s=1ff8  dt=48
0adc| a7c0        STA   ,U+                 cc=e0 a=0f b=09 dp=00 x=0087 y=0000 u=aaa8 s=1ff8  dt=48
0ade| 5a          DECB                      cc=e0 a=0f b=08 dp=00 x=0087 y=0000 u=aaa8 s=1ff8  dt=16
0adf| 26f9        BNE   $0ada               cc=e0 a=0f b=08 dp=00 x=0087 y=0000 u=aaa8 s=1ff8  dt=24
0ada| a680        LDA   ,X+                 cc=e0 a=02 b=08 dp=00 x=0088 y=0000 u=aaa8 s=1ff8  dt=48
0adc| a7c0        STA   ,U+                 cc=e0 a=02 b=08 dp=00 x=0088 y=0000 u=aaa9 s=1ff8  dt=48
0ade| 5a          DECB                      cc=e0 a=02 b=07 dp=00 x=0088 y=0000 u=aaa9 s=1ff8  dt=16
0adf| 26f9        BNE   $0ada               cc=e0 a=02 b=07 dp=00 x=0088 y=0000 u=aaa9 s=1ff8  dt=24
0ada| a680        LDA   ,X+                 cc=e4 a=00 b=07 dp=00 x=0089 y=0000 u=aaa9 s=1ff8  dt=48
0adc| a7c0        STA   ,U+                 cc=e4 a=00 b=07 dp=00 x=0089 y=0000 u=aaaa s=1ff8  dt=48
0ade| 5a          DECB                      cc=e0 a=00 b=06 dp=00 x=0089 y=0000 u=aaaa s=1ff8  dt=16
0adf| 26f9        BNE   $0ada               cc=e0 a=00 b=06 dp=00 x=0089 y=0000 u=aaaa s=1ff8  dt=24
0ada| a680        LDA   ,X+                 cc=e4 a=00 b=06 dp=00 x=008a y=0000 u=aaaa s=1ff8  dt=48
0adc| a7c0        STA   ,U+                 cc=e4 a=00 b=06 dp=00 x=008a y=0000 u=aaab s=1ff8  dt=48
0ade| 5a          DECB                      cc=e0 a=00 b=05 dp=00 x=008a y=0000 u=aaab s=1ff8  dt=16
0adf| 26f9        BNE   $0ada               cc=e0 a=00 b=05 dp=00 x=008a y=0000 u=aaab s=1ff8  dt=24
0ada| a680        LDA   ,X+                 cc=e4 a=00 b=05 dp=00 x=008b y=0000 u=aaab s=1ff8  dt=48
0adc| a7c0        STA   ,U+                 cc=e4 a=00 b=05 dp=00 x=008b y=0000 u=aaac s=1ff8  dt=48
0ade| 5a          DECB                      cc=e0 a=00 b=04 dp=00 x=008b y=0000 u=aaac s=1ff8  dt=16
0adf| 26f9        BNE   $0ada               cc=e0 a=00 b=04 dp=00 x=008b y=0000 u=aaac s=1ff8  dt=24
0ada| a680        LDA   ,X+                 cc=e4 a=00 b=04 dp=00 x=008c y=0000 u=aaac s=1ff8  dt=48
0adc| a7c0        STA   ,U+                 cc=e4 a=00 b=04 dp=00 x=008c y=0000 u=aaad s=1ff8  dt=48
0ade| 5a          DECB                      cc=e0 a=00 b=03 dp=00 x=008c y=0000 u=aaad s=1ff8  dt=16
0adf| 26f9        BNE   $0ada               cc=e0 a=00 b=03 dp=00 x=008c y=0000 u=aaad s=1ff8  dt=24
0ada| a680        LDA   ,X+                 cc=e4 a=00 b=03 dp=00 x=008d y=0000 u=aaad s=1ff8  dt=48
0adc| a7c0        STA   ,U+                 cc=e4 a=00 b=03 dp=00 x=008d y=0000 u=aaae s=1ff8  dt=48
0ade| 5a          DECB                      cc=e0 a=00 b=02 dp=00 x=008d y=0000 u=aaae s=1ff8  dt=16
0adf| 26f9        BNE   $0ada               cc=e0 a=00 b=02 dp=00 x=008d y=0000 u=aaae s=1ff8  dt=24
0ada| a680        LDA   ,X+                 cc=e4 a=00 b=02 dp=00 x=008e y=0000 u=aaae s=1ff8  dt=48
0adc| a7c0        STA   ,U+                 cc=e4 a=00 b=02 dp=00 x=008e y=0000 u=aaaf s=1ff8  dt=48
0ade| 5a          DECB                      cc=e0 a=00 b=01 dp=00 x=008e y=0000 u=aaaf s=1ff8  dt=16
0adf| 26f9        BNE   $0ada               cc=e0 a=00 b=01 dp=00 x=008e y=0000 u=aaaf s=1ff8  dt=24
0ada| a680        LDA   ,X+                 cc=e4 a=00 b=01 dp=00 x=008f y=0000 u=aaaf s=1ff8  dt=48
0adc| a7c0        STA   ,U+                 cc=e4 a=00 b=01 dp=00 x=008f y=0000 u=aab0 s=1ff8  dt=48
0ade| 5a          DECB                      cc=e4 a=00 b=00 dp=00 x=008f y=0000 u=aab0 s=1ff8  dt=16
0adf| 26f9        BNE   $0ada               cc=e4 a=00 b=00 dp=00 x=008f y=0000 u=aab0 s=1ff8  dt=24
0ae1| dc09        LDD   <$09                cc=e0 a=0c b=12 dp=00 x=008f y=0000 u=aab0 s=1ff8  dt=40
0ae3| edc4        STD   ,U                  cc=e0 a=0c b=12 dp=00 x=008f y=0000 u=aab0 s=1ff8  dt=40
0ae5| 3350        LEAU  -16,U               cc=e0 a=0c b=12 dp=00 x=008f y=0000 u=aaa0 s=1ff8  dt=40
0ae7| a6c4        LDA   ,U                  cc=e8 a=80 b=12 dp=00 x=008f y=0000 u=aaa0 s=1ff8  dt=32
0ae9| 847e        ANDA  #$7e                cc=e4 a=00 b=12 dp=00 x=008f y=0000 u=aaa0 s=1ff8  dt=16
0aeb| a7c4        STA   ,U                  cc=e4 a=00 b=12 dp=00 x=008f y=0000 u=aaa0 s=1ff8  dt=32
0aed| a641        LDA   1,U                 cc=e4 a=00 b=12 dp=00 x=008f y=0000 u=aaa0 s=1ff8  dt=40
0aef| 840e        ANDA  #$0e                cc=e4 a=00 b=12 dp=00 x=008f y=0000 u=aaa0 s=1ff8  dt=16
0af1| a741        STA   1,U                 cc=e4 a=00 b=12 dp=00 x=008f y=0000 u=aaa0 s=1ff8  dt=40
0af3| 6f48        CLR   8,U                 cc=e4 a=00 b=12 dp=00 x=008f y=0000 u=aaa0 s=1ff8  dt=56
0af5| 0d60        TST   <$60                cc=e0 a=00 b=12 dp=00 x=008f y=0000 u=aaa0 s=1ff8  dt=48
0af7| 2704        BEQ   $0afd               cc=e0 a=00 b=12 dp=00 x=008f y=0000 u=aaa0 s=1ff8  dt=24
0af9| 8608        LDA   #$08                cc=e0 a=08 b=12 dp=00 x=008f y=0000 u=aaa0 s=1ff8  dt=16
0afb| a748        STA   8,U                 cc=e0 a=08 b=12 dp=00 x=008f y=0000 u=aaa0 s=1ff8  dt=40
0afd| 6fc9ff61    CLR   $ff61,U             cc=e4 a=08 b=12 dp=00 x=008f y=0000 u=aaa0 s=1ff8  dt=80
0b01| a6c4        LDA   ,U                  cc=e4 a=00 b=12 dp=00 x=008f y=0000 u=aaa0 s=1ff8  dt=32
0b03| aa41        ORA   1,U                 cc=e4 a=00 b=12 dp=00 x=008f y=0000 u=aaa0 s=1ff8  dt=40
0b05| aa48        ORA   8,U                 cc=e0 a=08 b=12 dp=00 x=008f y=0000 u=aaa0 s=1ff8  dt=40
0b07| aa49        ORA   9,U                 cc=e0 a=08 b=12 dp=00 x=008f y=0000 u=aaa0 s=1ff8  dt=40
0b09| aa4b        ORA   11,U                cc=e0 a=08 b=12 dp=00 x=008f y=0000 u=aaa0 s=1ff8  dt=40
0b0b| 2704        BEQ   $0b11               cc=e0 a=08 b=12 dp=00 x=008f y=0000 u=aaa0 s=1ff8  dt=24
0b0d| 6cc9ff61    INC   $ff61,U             cc=e0 a=08 b=12 dp=00 x=008f y=0000 u=aaa0 s=1ff8  dt=80
0b11| 39          RTS                       cc=e0 a=08 b=12 dp=00 x=008f y=0000 u=aaa0 s=1ffa  dt=40
0a2e| 170017      LBSR  $0a48               cc=e0 a=08 b=12 dp=00 x=008f y=0000 u=aaa0 s=1ff8  dt=72
0a48| 170390      LBSR  $0ddb               cc=e0 a=08 b=12 dp=00 x=008f y=0000 u=aaa0 s=1ff6  dt=72
0ddb| cea900      LDU   #$a900              cc=e8 a=08 b=12 dp=00 x=008f y=0000 u=a900 s=1ff6  dt=24
0dde| 0d90        TST   <$90                cc=e4 a=08 b=12 dp=00 x=008f y=0000 u=a900 s=1ff6  dt=48
0de0| 2703        BEQ   $0de5               cc=e4 a=08 b=12 dp=00 x=008f y=0000 u=a900 s=1ff6  dt=24
0de5| 39          RTS                       cc=e4 a=08 b=12 dp=00 x=008f y=0000 u=a900 s=1ff8  dt=40
0a4b| 6d41        TST   1,U                 cc=e4 a=08 b=12 dp=00 x=008f y=0000 u=a900 s=1ff8  dt=56
0a4d| 2777        BEQ   $0ac6               cc=e4 a=08 b=12 dp=00 x=008f y=0000 u=a900 s=1ff8  dt=24
0ac6| 39          RTS                       cc=e4 a=08 b=12 dp=00 x=008f y=0000 u=a900 s=1ffa  dt=40
0a31| 1700de      LBSR  $0b12               cc=e4 a=08 b=12 dp=00 x=008f y=0000 u=a900 s=1ff8  dt=72
0b12| 967f        LDA   <$7f                cc=e8 a=80 b=12 dp=00 x=008f y=0000 u=a900 s=1ff8  dt=32
0b14| 8468        ANDA  #$68                cc=e4 a=00 b=12 dp=00 x=008f y=0000 u=a900 s=1ff8  dt=16
0b16| 2610        BNE   $0b28               cc=e4 a=00 b=12 dp=00 x=008f y=0000 u=a900 s=1ff8  dt=24
0b18| 9687        LDA   <$87                cc=e0 a=02 b=12 dp=00 x=008f y=0000 u=a900 s=1ff8  dt=32
0b1a| 840d        ANDA  #$0d                cc=e4 a=00 b=12 dp=00 x=008f y=0000 u=a900 s=1ff8  dt=16
0b1c| 260a        BNE   $0b28               cc=e4 a=00 b=12 dp=00 x=008f y=0000 u=a900 s=1ff8  dt=24
0b1e| 0d60        TST   <$60                cc=e0 a=00 b=12 dp=00 x=008f y=0000 u=a900 s=1ff8  dt=48
0b20| 2606        BNE   $0b28               cc=e0 a=00 b=12 dp=00 x=008f y=0000 u=a900 s=1ff8  dt=24
0b28| 0c9b        INC   <$9b                cc=e0 a=00 b=12 dp=00 x=008f y=0000 u=a900 s=1ff8  dt=48
0b2a| 39          RTS                       cc=e0 a=00 b=12 dp=00 x=008f y=0000 u=a900 s=1ffa  dt=40
0a34| 1700f4      LBSR  $0b2b               cc=e0 a=00 b=12 dp=00 x=008f y=0000 u=a900 s=1ff8  dt=72
0b2b| 170004      LBSR  $0b32               cc=e0 a=00 b=12 dp=00 x=008f y=0000 u=a900 s=1ff6  dt=72
0b32| 967f        LDA   <$7f                cc=e8 a=80 b=12 dp=00 x=008f y=0000 u=a900 s=1ff6  dt=32
0b34| 8540        BITA  #$40                cc=e4 a=80 b=12 dp=00 x=008f y=0000 u=a900 s=1ff6  dt=16
0b36| 102600c9    LBNE  $0c03               cc=e4 a=80 b=12 dp=00 x=008f y=0000 u=a900 s=1ff6  dt=40
0b3a| 967f        LDA   <$7f                cc=e8 a=80 b=12 dp=00 x=008f y=0000 u=a900 s=1ff6  dt=32
0b3c| 8508        BITA  #$08                cc=e4 a=80 b=12 dp=00 x=008f y=0000 u=a900 s=1ff6  dt=16
0b3e| 2706        BEQ   $0b46               cc=e4 a=80 b=12 dp=00 x=008f y=0000 u=a900 s=1ff6  dt=24
0b46| 967f        LDA   <$7f                cc=e8 a=80 b=12 dp=00 x=008f y=0000 u=a900 s=1ff6  dt=32
0b48| 8520        BITA  #$20                cc=e4 a=80 b=12 dp=00 x=008f y=0000 u=a900 s=1ff6  dt=16
0b4a| 270b        BEQ   $0b57               cc=e4 a=80 b=12 dp=00 x=008f y=0000 u=a900 s=1ff6  dt=24
0b57| 17fe8e      LBSR  $09e8               cc=e4 a=80 b=12 dp=00 x=008f y=0000 u=a900 s=1ff4  dt=72
09e8| 9687        LDA   <$87                cc=e0 a=02 b=12 dp=00 x=008f y=0000 u=a900 s=1ff4  dt=32
09ea| 8501        BITA  #$01                cc=e4 a=02 b=12 dp=00 x=008f y=0000 u=a900 s=1ff4  dt=16
09ec| 2703        BEQ   $09f1               cc=e4 a=02 b=12 dp=00 x=008f y=0000 u=a900 s=1ff4  dt=24
09f1| 9687        LDA   <$87                cc=e0 a=02 b=12 dp=00 x=008f y=0000 u=a900 s=1ff4  dt=32
09f3| 8504        BITA  #$04                cc=e4 a=02 b=12 dp=00 x=008f y=0000 u=a900 s=1ff4  dt=16
09f5| 270e        BEQ   $0a05               cc=e4 a=02 b=12 dp=00 x=008f y=0000 u=a900 s=1ff4  dt=24
0a05| 9687        LDA   <$87                cc=e0 a=02 b=12 dp=00 x=008f y=0000 u=a900 s=1ff4  dt=32
0a07| 850a        BITA  #$0a                cc=e0 a=02 b=12 dp=00 x=008f y=0000 u=a900 s=1ff4  dt=16
0a09| 270d        BEQ   $0a18               cc=e0 a=02 b=12 dp=00 x=008f y=0000 u=a900 s=1ff4  dt=24
0a0b| 0d60        TST   <$60                cc=e0 a=02 b=12 dp=00 x=008f y=0000 u=a900 s=1ff4  dt=48
0a0d| 2604        BNE   $0a13               cc=e0 a=02 b=12 dp=00 x=008f y=0000 u=a900 s=1ff4  dt=24
0a13| 1709cc      LBSR  $13e2               cc=e0 a=02 b=12 dp=00 x=008f y=0000 u=a900 s=1ff2  dt=72
13e2| 8ea490      LDX   #$a490              cc=e8 a=02 b=12 dp=00 x=a490 y=0000 u=a900 s=1ff2  dt=24
13e5| ce1800      LDU   #$1800              cc=e0 a=02 b=12 dp=00 x=a490 y=0000 u=1800 s=1ff2  dt=24
13e8| 108e0080    LDY   #$0080              cc=e0 a=02 b=12 dp=00 x=a490 y=0080 u=1800 s=1ff2  dt=32
13ec| ec81        LDD   ,X++                cc=e0 a=44 b=00 dp=00 x=a492 y=0080 u=1800 s=1ff2  dt=64
13ee| edc1        STD   ,U++                cc=e0 a=44 b=00 dp=00 x=a492 y=0080 u=1802 s=1ff2  dt=64
13f0| 313f        LEAY  -1,Y                cc=e0 a=44 b=00 dp=00 x=a492 y=007f u=1802 s=1ff2  dt=40
13f2| 26f8        BNE   $13ec               cc=e0 a=44 b=00 dp=00 x=a492 y=007f u=1802 s=1ff2  dt=24
13ec| ec81        LDD   ,X++                cc=e4 a=00 b=00 dp=00 x=a494 y=007f u=1802 s=1ff2  dt=64
13ee| edc1        STD   ,U++                cc=e4 a=00 b=00 dp=00 x=a494 y=007f u=1804 s=1ff2  dt=64
13f0| 313f        LEAY  -1,Y                cc=e0 a=00 b=00 dp=00 x=a494 y=007e u=1804 s=1ff2  dt=40
13f2| 26f8        BNE   $13ec               cc=e0 a=00 b=00 dp=00 x=a494 y=007e u=1804 s=1ff2  dt=24
13ec| ec81        LDD   ,X++                cc=e4 a=00 b=00 dp=00 x=a496 y=007e u=1804 s=1ff2  dt=64
13ee| edc1        STD   ,U++                cc=e4 a=00 b=00 dp=00 x=a496 y=007e u=1806 s=1ff2  dt=64
13f0| 313f        LEAY  -1,Y                cc=e0 a=00 b=00 dp=00 x=a496 y=007d u=1806 s=1ff2  dt=40
13f2| 26f8        BNE   $13ec               cc=e0 a=00 b=00 dp=00 x=a496 y=007d u=1806 s=1ff2  dt=24
13ec| ec81        LDD   ,X++                cc=e4 a=00 b=00 dp=00 x=a498 y=007d u=1806 s=1ff2  dt=64
13ee| edc1        STD   ,U++                cc=e4 a=00 b=00 dp=00 x=a498 y=007d u=1808 s=1ff2  dt=64
13f0| 313f        LEAY  -1,Y                cc=e0 a=00 b=00 dp=00 x=a498 y=007c u=1808 s=1ff2  dt=40
13f2| 26f8        BNE   $13ec               cc=e0 a=00 b=00 dp=00 x=a498 y=007c u=1808 s=1ff2  dt=24
13ec| ec81        LDD   ,X++                cc=e4 a=00 b=00 dp=00 x=a49a y=007c u=1808 s=1ff2  dt=64
13ee| edc1        STD   ,U++                cc=e4 a=00 b=00 dp=00 x=a49a y=007c u=180a s=1ff2  dt=64
13f0| 313f        LEAY  -1,Y                cc=e0 a=00 b=00 dp=00 x=a49a y=007b u=180a s=1ff2  dt=40
13f2| 26f8        BNE   $13ec               cc=e0 a=00 b=00 dp=00 x=a49a y=007b u=180a s=1ff2  dt=24
13ec| ec81        LDD   ,X++                cc=e4 a=00 b=00 dp=00 x=a49c y=007b u=180a s=1ff2  dt=64
13ee| edc1        STD   ,U++                cc=e4 a=00 b=00 dp=00 x=a49c y=007b u=180c s=1ff2  dt=64
13f0| 313f        LEAY  -1,Y                cc=e0 a=00 b=00 dp=00 x=a49c y=007a u=180c s=1ff2  dt=40
13f2| 26f8        BNE   $13ec               cc=e0 a=00 b=00 dp=00 x=a49c y=007a u=180c s=1ff2  dt=24
13ec| ec81        LDD   ,X++                cc=e4 a=00 b=00 dp=00 x=a49e y=007a u=180c s=1ff2  dt=64
13ee| edc1        STD   ,U++                cc=e4 a=00 b=00 dp=00 x=a49e y=007a u=180e s=1ff2  dt=64
13f0| 313f        LEAY  -1,Y                cc=e0 a=00 b=00 dp=00 x=a49e y=0079 u=180e s=1ff2  dt=40
13f2| 26f8        BNE   $13ec               cc=e0 a=00 b=00 dp=00 x=a49e y=0079 u=180e s=1ff2  dt=24
13ec| ec81        LDD   ,X++                cc=e4 a=00 b=00 dp=00 x=a4a0 y=0079 u=180e s=1ff2  dt=64
13ee| edc1        STD   ,U++                cc=e4 a=00 b=00 dp=00 x=a4a0 y=0079 u=1810 s=1ff2  dt=64
13f0| 313f        LEAY  -1,Y                cc=e0 a=00 b=00 dp=00 x=a4a0 y=0078 u=1810 s=1ff2  dt=40
13f2| 26f8        BNE   $13ec               cc=e0 a=00 b=00 dp=00 x=a4a0 y=0078 u=1810 s=1ff2  dt=24
13ec| ec81        LDD   ,X++                cc=e4 a=00 b=00 dp=00 x=a4a2 y=0078 u=1810 s=1ff2  dt=64
13ee| edc1        STD   ,U++                cc=e4 a=00 b=00 dp=00 x=a4a2 y=0078 u=1812 s=1ff2  dt=64
13f0| 313f        LEAY  -1,Y                cc=e0 a=00 b=00 dp=00 x=a4a2 y=0077 u=1812 s=1ff2  dt=40
13f2| 26f8        BNE   $13ec               cc=e0 a=00 b=00 dp=00 x=a4a2 y=0077 u=1812 s=1ff2  dt=24
13ec| ec81        LDD   ,X++                cc=e4 a=00 b=00 dp=00 x=a4a4 y=0077 u=1812 s=1ff2  dt=64
13ee| edc1        STD   ,U++                cc=e4 a=00 b=00 dp=00 x=a4a4 y=0077 u=1814 s=1ff2  dt=64
13f0| 313f        LEAY  -1,Y                cc=e0 a=00 b=00 dp=00 x=a4a4 y=0076 u=1814 s=1ff2  dt=40
13f2| 26f8        BNE   $13ec               cc=e0 a=00 b=00 dp=00 x=a4a4 y=0076 u=1814 s=1ff2  dt=24
13ec| ec81        LDD   ,X++                cc=e4 a=00 b=00 dp=00 x=a4a6 y=0076 u=1814 s=1ff2  dt=64
13ee| edc1        STD   ,U++                cc=e4 a=00 b=00 dp=00 x=a4a6 y=0076 u=1816 s=1ff2  dt=64
13f0| 313f        LEAY  -1,Y                cc=e0 a=00 b=00 dp=00 x=a4a6 y=0075 u=1816 s=1ff2  dt=40
13f2| 26f8        BNE   $13ec               cc=e0 a=00 b=00 dp=00 x=a4a6 y=0075 u=1816 s=1ff2  dt=24
13ec| ec81        LDD   ,X++                cc=e4 a=00 b=00 dp=00 x=a4a8 y=0075 u=1816 s=1ff2  dt=64
13ee| edc1        STD   ,U++                cc=e4 a=00 b=00 dp=00 x=a4a8 y=0075 u=1818 s=1ff2  dt=64
13f0| 313f        LEAY  -1,Y                cc=e0 a=00 b=00 dp=00 x=a4a8 y=0074 u=1818 s=1ff2  dt=40
13f2| 26f8        BNE   $13ec               cc=e0 a=00 b=00 dp=00 x=a4a8 y=0074 u=1818 s=1ff2  dt=24
13ec| ec81        LDD   ,X++                cc=e4 a=00 b=00 dp=00 x=a4aa y=0074 u=1818 s=1ff2  dt=64
13ee| edc1        STD   ,U++                cc=e4 a=00 b=00 dp=00 x=a4aa y=0074 u=181a s=1ff2  dt=64
13f0| 313f        LEAY  -1,Y                cc=e0 a=00 b=00 dp=00 x=a4aa y=0073 u=181a s=1ff2  dt=40
13f2| 26f8        BNE   $13ec               cc=e0 a=00 b=00 dp=00 x=a4aa y=0073 u=181a s=1ff2  dt=24
13ec| ec81        LDD   ,X++                cc=e4 a=00 b=00 dp=00 x=a4ac y=0073 u=181a s=1ff2  dt=64
13ee| edc1        STD   ,U++                cc=e4 a=00 b=00 dp=00 x=a4ac y=0073 u=181c s=1ff2  dt=64
13f0| 313f        LEAY  -1,Y                cc=e0 a=00 b=00 dp=00 x=a4ac y=0072 u=181c s=1ff2  dt=40
13f2| 26f8        BNE   $13ec               cc=e0 a=00 b=00 dp=00 x=a4ac y=0072 u=181c s=1ff2  dt=24
13ec| ec81        LDD   ,X++                cc=e4 a=00 b=00 dp=00 x=a4ae y=0072 u=181c s=1ff2  dt=64
13ee| edc1        STD   ,U++                cc=e4 a=00 b=00 dp=00 x=a4ae y=0072 u=181e s=1ff2  dt=64
13f0| 313f        LEAY  -1,Y                cc=e0 a=00 b=00 dp=00 x=a4ae y=0071 u=181e s=1ff2  dt=40
13f2| 26f8        BNE   $13ec               cc=e0 a=00 b=00 dp=00 x=a4ae y=0071 u=181e s=1ff2  dt=24
13ec| ec81        LDD   ,X++                cc=e4 a=00 b=00 dp=00 x=a4b0 y=0071 u=181e s=1ff2  dt=64
13ee| edc1        STD   ,U++                cc=e4 a=00 b=00 dp=00 x=a4b0 y=0071 u=1820 s=1ff2  dt=64
13f0| 313f        LEAY  -1,Y                cc=e0 a=00 b=00 dp=00 x=a4b0 y=0070 u=1820 s=1ff2  dt=40
13f2| 26f8        BNE   $13ec               cc=e0 a=00 b=00 dp=00 x=a4b0 y=0070 u=1820 s=1ff2  dt=24
13ec| ec81        LDD   ,X++                cc=e4 a=00 b=00 dp=00 x=a4b2 y=0070 u=1820 s=1ff2  dt=64
13ee| edc1        STD   ,U++                cc=e4 a=00 b=00 dp=00 x=a4b2 y=0070 u=1822 s=1ff2  dt=64
13f0| 313f        LEAY  -1,Y                cc=e0 a=00 b=00 dp=00 x=a4b2 y=006f u=1822 s=1ff2  dt=40
13f2| 26f8        BNE   $13ec               cc=e0 a=00 b=00 dp=00 x=a4b2 y=006f u=1822 s=1ff2  dt=24
13ec| ec81        LDD   ,X++                cc=e4 a=00 b=00 dp=00 x=a4b4 y=006f u=1822 s=1ff2  dt=64
13ee| edc1        STD   ,U++                cc=e4 a=00 b=00 dp=00 x=a4b4 y=006f u=1824 s=1ff2  dt=64
13f0| 313f        LEAY  -1,Y                cc=e0 a=00 b=00 dp=00 x=a4b4 y=006e u=1824 s=1ff2  dt=40
13f2| 26f8        BNE   $13ec               cc=e0 a=00 b=00 dp=00 x=a4b4 y=006e u=1824 s=1ff2  dt=24
13ec| ec81        LDD   ,X++                cc=e4 a=00 b=00 dp=00 x=a4b6 y=006e u=1824 s=1ff2  dt=64
13ee| edc1        STD   ,U++                cc=e4 a=00 b=00 dp=00 x=a4b6 y=006e u=1826 s=1ff2  dt=64
13f0| 313f        LEAY  -1,Y                cc=e0 a=00 b=00 dp=00 x=a4b6 y=006d u=1826 s=1ff2  dt=40
13f2| 26f8        BNE   $13ec               cc=e0 a=00 b=00 dp=00 x=a4b6 y=006d u=1826 s=1ff2  dt=24
13ec| ec81        LDD   ,X++                cc=e4 a=00 b=00 dp=00 x=a4b8 y=006d u=1826 s=1ff2  dt=64
13ee| edc1        STD   ,U++                cc=e4 a=00 b=00 dp=00 x=a4b8 y=006d u=1828 s=1ff2  dt=64
13f0| 313f        LEAY  -1,Y                cc=e0 a=00 b=00 dp=00 x=a4b8 y=006c u=1828 s=1ff2  dt=40
13f2| 26f8        BNE   $13ec               cc=e0 a=00 b=00 dp=00 x=a4b8 y=006c u=1828 s=1ff2  dt=24
13ec| ec81        LDD   ,X++                cc=e4 a=00 b=00 dp=00 x=a4ba y=006c u=1828 s=1ff2  dt=64
13ee| edc1        STD   ,U++                cc=e4 a=00 b=00 dp=00 x=a4ba y=006c u=182a s=1ff2  dt=64
13f0| 313f        LEAY  -1,Y                cc=e0 a=00 b=00 dp=00 x=a4ba y=006b u=182a s=1ff2  dt=40
13f2| 26f8        BNE   $13ec               cc=e0 a=00 b=00 dp=00 x=a4ba y=006b u=182a s=1ff2  dt=24
13ec| ec81        LDD   ,X++                cc=e4 a=00 b=00 dp=00 x=a4bc y=006b u=182a s=1ff2  dt=64
13ee| edc1        STD   ,U++                cc=e4 a=00 b=00 dp=00 x=a4bc y=006b u=182c s=1ff2  dt=64
13f0| 313f        LEAY  -1,Y                cc=e0 a=00 b=00 dp=00 x=a4bc y=006a u=182c s=1ff2  dt=40
13f2| 26f8        BNE   $13ec               cc=e0 a=00 b=00 dp=00 x=a4bc y=006a u=182c s=1ff2  dt=24
13ec| ec81        LDD   ,X++                cc=e4 a=00 b=00 dp=00 x=a4be y=006a u=182c s=1ff2  dt=64
13ee| edc1        STD   ,U++                cc=e4 a=00 b=00 dp=00 x=a4be y=006a u=182e s=1ff2  dt=64
13f0| 313f        LEAY  -1,Y                cc=e0 a=00 b=00 dp=00 x=a4be y=0069 u=182e s=1ff2  dt=40
13f2| 26f8        BNE   $13ec               cc=e0 a=00 b=00 dp=00 x=a4be y=0069 u=182e s=1ff2  dt=24
13ec| ec81        LDD   ,X++                cc=e4 a=00 b=00 dp=00 x=a4c0 y=0069 u=182e s=1ff2  dt=64
13ee| edc1        STD   ,U++                cc=e4 a=00 b=00 dp=00 x=a4c0 y=0069 u=1830 s=1ff2  dt=64
13f0| 313f        LEAY  -1,Y                cc=e0 a=00 b=00 dp=00 x=a4c0 y=0068 u=1830 s=1ff2  dt=40
13f2| 26f8        BNE   $13ec               cc=e0 a=00 b=00 dp=00 x=a4c0 y=0068 u=1830 s=1ff2  dt=24
13ec| ec81        LDD   ,X++                cc=e4 a=00 b=00 dp=00 x=a4c2 y=0068 u=1830 s=1ff2  dt=64
13ee| edc1        STD   ,U++                cc=e4 a=00 b=00 dp=00 x=a4c2 y=0068 u=1832 s=1ff2  dt=64
13f0| 313f        LEAY  -1,Y                cc=e0 a=00 b=00 dp=00 x=a4c2 y=0067 u=1832 s=1ff2  dt=40
13f2| 26f8        BNE   $13ec               cc=e0 a=00 b=00 dp=00 x=a4c2 y=0067 u=1832 s=1ff2  dt=24
13ec| ec81        LDD   ,X++                cc=e4 a=00 b=00 dp=00 x=a4c4 y=0067 u=1832 s=1ff2  dt=64
13ee| edc1        STD   ,U++                cc=e4 a=00 b=00 dp=00 x=a4c4 y=0067 u=1834 s=1ff2  dt=64
13f0| 313f        LEAY  -1,Y                cc=e0 a=00 b=00 dp=00 x=a4c4 y=0066 u=1834 s=1ff2  dt=40
13f2| 26f8        BNE   $13ec               cc=e0 a=00 b=00 dp=00 x=a4c4 y=0066 u=1834 s=1ff2  dt=24
13ec| ec81        LDD   ,X++                cc=e4 a=00 b=00 dp=00 x=a4c6 y=0066 u=1834 s=1ff2  dt=64
13ee| edc1        STD   ,U++                cc=e4 a=00 b=00 dp=00 x=a4c6 y=0066 u=1836 s=1ff2  dt=64
13f0| 313f        LEAY  -1,Y                cc=e0 a=00 b=00 dp=00 x=a4c6 y=0065 u=1836 s=1ff2  dt=40
13f2| 26f8        BNE   $13ec               cc=e0 a=00 b=00 dp=00 x=a4c6 y=0065 u=1836 s=1ff2  dt=24
13ec| ec81        LDD   ,X++                cc=e4 a=00 b=00 dp=00 x=a4c8 y=0065 u=1836 s=1ff2  dt=64
13ee| edc1        STD   ,U++                cc=e4 a=00 b=00 dp=00 x=a4c8 y=0065 u=1838 s=1ff2  dt=64
13f0| 313f        LEAY  -1,Y                cc=e0 a=00 b=00 dp=00 x=a4c8 y=0064 u=1838 s=1ff2  dt=40
13f2| 26f8        BNE   $13ec               cc=e0 a=00 b=00 dp=00 x=a4c8 y=0064 u=1838 s=1ff2  dt=24
13ec| ec81        LDD   ,X++                cc=e4 a=00 b=00 dp=00 x=a4ca y=0064 u=1838 s=1ff2  dt=64
13ee| edc1        STD   ,U++                cc=e4 a=00 b=00 dp=00 x=a4ca y=0064 u=183a s=1ff2  dt=64
13f0| 313f        LEAY  -1,Y                cc=e0 a=00 b=00 dp=00 x=a4ca y=0063 u=183a s=1ff2  dt=40
13f2| 26f8        BNE   $13ec               cc=e0 a=00 b=00 dp=00 x=a4ca y=0063 u=183a s=1ff2  dt=24
13ec| ec81        LDD   ,X++                cc=e4 a=00 b=00 dp=00 x=a4cc y=0063 u=183a s=1ff2  dt=64
13ee| edc1        STD   ,U++                cc=e4 a=00 b=00 dp=00 x=a4cc y=0063 u=183c s=1ff2  dt=64
13f0| 313f        LEAY  -1,Y                cc=e0 a=00 b=00 dp=00 x=a4cc y=0062 u=183c s=1ff2  dt=40
13f2| 26f8        BNE   $13ec               cc=e0 a=00 b=00 dp=00 x=a4cc y=0062 u=183c s=1ff2  dt=24
13ec| ec81        LDD   ,X++                cc=e8 a=b0 b=b0 dp=00 x=a4ce y=0062 u=183c s=1ff2  dt=64
13ee| edc1        STD   ,U++                cc=e8 a=b0 b=b0 dp=00 x=a4ce y=0062 u=183e s=1ff2  dt=64
13f0| 313f        LEAY  -1,Y                cc=e8 a=b0 b=b0 dp=00 x=a4ce y=0061 u=183e s=1ff2  dt=40
13f2| 26f8        BNE   $13ec               cc=e8 a=b0 b=b0 dp=00 x=a4ce y=0061 u=183e s=1ff2  dt=24
13ec| ec81        LDD   ,X++                cc=e4 a=00 b=00 dp=00 x=a4d0 y=0061 u=183e s=1ff2  dt=64
13ee| edc1        STD   ,U++                cc=e4 a=00 b=00 dp=00 x=a4d0 y=0061 u=1840 s=1ff2  dt=64
13f0| 313f        LEAY  -1,Y                cc=e0 a=00 b=00 dp=00 x=a4d0 y=0060 u=1840 s=1ff2  dt=40
13f2| 26f8        BNE   $13ec               cc=e0 a=00 b=00 dp=00 x=a4d0 y=0060 u=1840 s=1ff2  dt=24
13ec| ec81        LDD   ,X++                cc=e4 a=00 b=00 dp=00 x=a4d2 y=0060 u=1840 s=1ff2  dt=64
13ee| edc1        STD   ,U++                cc=e4 a=00 b=00 dp=00 x=a4d2 y=0060 u=1842 s=1ff2  dt=64
13f0| 313f        LEAY  -1,Y                cc=e0 a=00 b=00 dp=00 x=a4d2 y=005f u=1842 s=1ff2  dt=40
13f2| 26f8        BNE   $13ec               cc=e0 a=00 b=00 dp=00 x=a4d2 y=005f u=1842 s=1ff2  dt=24
13ec| ec81        LDD   ,X++                cc=e4 a=00 b=00 dp=00 x=a4d4 y=005f u=1842 s=1ff2  dt=64
13ee| edc1        STD   ,U++                cc=e4 a=00 b=00 dp=00 x=a4d4 y=005f u=1844 s=1ff2  dt=64
13f0| 313f        LEAY  -1,Y                cc=e0 a=00 b=00 dp=00 x=a4d4 y=005e u=1844 s=1ff2  dt=40
13f2| 26f8        BNE   $13ec               cc=e0 a=00 b=00 dp=00 x=a4d4 y=005e u=1844 s=1ff2  dt=24
13ec| ec81        LDD   ,X++                cc=e0 a=06 b=00 dp=00 x=a4d6 y=005e u=1844 s=1ff2  dt=64
13ee| edc1        STD   ,U++                cc=e0 a=06 b=00 dp=00 x=a4d6 y=005e u=1846 s=1ff2  dt=64
13f0| 313f        LEAY  -1,Y                cc=e0 a=06 b=00 dp=00 x=a4d6 y=005d u=1846 s=1ff2  dt=40
13f2| 26f8        BNE   $13ec               cc=e0 a=06 b=00 dp=00 x=a4d6 y=005d u=1846 s=1ff2  dt=24
13ec| ec81        LDD   ,X++                cc=e4 a=00 b=00 dp=00 x=a4d8 y=005d u=1846 s=1ff2  dt=64
13ee| edc1        STD   ,U++                cc=e4 a=00 b=00 dp=00 x=a4d8 y=005d u=1848 s=1ff2  dt=64
13f0| 313f        LEAY  -1,Y                cc=e0 a=00 b=00 dp=00 x=a4d8 y=005c u=1848 s=1ff2  dt=40
13f2| 26f8        BNE   $13ec               cc=e0 a=00 b=00 dp=00 x=a4d8 y=005c u=1848 s=1ff2  dt=24
13ec| ec81        LDD   ,X++                cc=e4 a=00 b=00 dp=00 x=a4da y=005c u=1848 s=1ff2  dt=64
13ee| edc1        STD   ,U++                cc=e4 a=00 b=00 dp=00 x=a4da y=005c u=184a s=1ff2  dt=64
13f0| 313f        LEAY  -1,Y                cc=e0 a=00 b=00 dp=00 x=a4da y=005b u=184a s=1ff2  dt=40
13f2| 26f8        BNE   $13ec               cc=e0 a=00 b=00 dp=00 x=a4da y=005b u=184a s=1ff2  dt=24
13ec| ec81        LDD   ,X++                cc=e4 a=00 b=00 dp=00 x=a4dc y=005b u=184a s=1ff2  dt=64
13ee| edc1        STD   ,U++                cc=e4 a=00 b=00 dp=00 x=a4dc y=005b u=184c s=1ff2  dt=64
13f0| 313f        LEAY  -1,Y                cc=e0 a=00 b=00 dp=00 x=a4dc y=005a u=184c s=1ff2  dt=40
13f2| 26f8        BNE   $13ec               cc=e0 a=00 b=00 dp=00 x=a4dc y=005a u=184c s=1ff2  dt=24
13ec| ec81        LDD   ,X++                cc=e8 a=b0 b=b0 dp=00 x=a4de y=005a u=184c s=1ff2  dt=64
13ee| edc1        STD   ,U++                cc=e8 a=b0 b=b0 dp=00 x=a4de y=005a u=184e s=1ff2  dt=64
13f0| 313f        LEAY  -1,Y                cc=e8 a=b0 b=b0 dp=00 x=a4de y=0059 u=184e s=1ff2  dt=40
13f2| 26f8        BNE   $13ec               cc=e8 a=b0 b=b0 dp=00 x=a4de y=0059 u=184e s=1ff2  dt=24
13ec| ec81        LDD   ,X++                cc=e4 a=00 b=00 dp=00 x=a4e0 y=0059 u=184e s=1ff2  dt=64
13ee| edc1        STD   ,U++                cc=e4 a=00 b=00 dp=00 x=a4e0 y=0059 u=1850 s=1ff2  dt=64
13f0| 313f        LEAY  -1,Y                cc=e0 a=00 b=00 dp=00 x=a4e0 y=0058 u=1850 s=1ff2  dt=40
13f2| 26f8        BNE   $13ec               cc=e0 a=00 b=00 dp=00 x=a4e0 y=0058 u=1850 s=1ff2  dt=24
13ec| ec81        LDD   ,X++                cc=e4 a=00 b=00 dp=00 x=a4e2 y=0058 u=1850 s=1ff2  dt=64
13ee| edc1        STD   ,U++                cc=e4 a=00 b=00 dp=00 x=a4e2 y=0058 u=1852 s=1ff2  dt=64
13f0| 313f        LEAY  -1,Y                cc=e0 a=00 b=00 dp=00 x=a4e2 y=0057 u=1852 s=1ff2  dt=40
13f2| 26f8        BNE   $13ec               cc=e0 a=00 b=00 dp=00 x=a4e2 y=0057 u=1852 s=1ff2  dt=24
13ec| ec81        LDD   ,X++                cc=e4 a=00 b=00 dp=00 x=a4e4 y=0057 u=1852 s=1ff2  dt=64
13ee| edc1        STD   ,U++                cc=e4 a=00 b=00 dp=00 x=a4e4 y=0057 u=1854 s=1ff2  dt=64
13f0| 313f        LEAY  -1,Y                cc=e0 a=00 b=00 dp=00 x=a4e4 y=0056 u=1854 s=1ff2  dt=40
13f2| 26f8        BNE   $13ec               cc=e0 a=00 b=00 dp=00 x=a4e4 y=0056 u=1854 s=1ff2  dt=24
13ec| ec81        LDD   ,X++                cc=e4 a=00 b=00 dp=00 x=a4e6 y=0056 u=1854 s=1ff2  dt=64
13ee| edc1        STD   ,U++                cc=e4 a=00 b=00 dp=00 x=a4e6 y=0056 u=1856 s=1ff2  dt=64
13f0| 313f        LEAY  -1,Y                cc=e0 a=00 b=00 dp=00 x=a4e6 y=0055 u=1856 s=1ff2  dt=40
13f2| 26f8        BNE   $13ec               cc=e0 a=00 b=00 dp=00 x=a4e6 y=0055 u=1856 s=1ff2  dt=24
13ec| ec81        LDD   ,X++                cc=e4 a=00 b=00 dp=00 x=a4e8 y=0055 u=1856 s=1ff2  dt=64
13ee| edc1        STD   ,U++                cc=e4 a=00 b=00 dp=00 x=a4e8 y=0055 u=1858 s=1ff2  dt=64
13f0| 313f        LEAY  -1,Y                cc=e0 a=00 b=00 dp=00 x=a4e8 y=0054 u=1858 s=1ff2  dt=40
13f2| 26f8        BNE   $13ec               cc=e0 a=00 b=00 dp=00 x=a4e8 y=0054 u=1858 s=1ff2  dt=24
13ec| ec81        LDD   ,X++                cc=e4 a=00 b=00 dp=00 x=a4ea y=0054 u=1858 s=1ff2  dt=64
13ee| edc1        STD   ,U++                cc=e4 a=00 b=00 dp=00 x=a4ea y=0054 u=185a s=1ff2  dt=64
13f0| 313f        LEAY  -1,Y                cc=e0 a=00 b=00 dp=00 x=a4ea y=0053 u=185a s=1ff2  dt=40
13f2| 26f8        BNE   $13ec               cc=e0 a=00 b=00 dp=00 x=a4ea y=0053 u=185a s=1ff2  dt=24
13ec| ec81        LDD   ,X++                cc=e4 a=00 b=00 dp=00 x=a4ec y=0053 u=185a s=1ff2  dt=64
13ee| edc1        STD   ,U++                cc=e4 a=00 b=00 dp=00 x=a4ec y=0053 u=185c s=1ff2  dt=64
13f0| 313f        LEAY  -1,Y                cc=e0 a=00 b=00 dp=00 x=a4ec y=0052 u=185c s=1ff2  dt=40
13f2| 26f8        BNE   $13ec               cc=e0 a=00 b=00 dp=00 x=a4ec y=0052 u=185c s=1ff2  dt=24
13ec| ec81        LDD   ,X++                cc=e4 a=00 b=00 dp=00 x=a4ee y=0052 u=185c s=1ff2  dt=64
13ee| edc1        STD   ,U++                cc=e4 a=00 b=00 dp=00 x=a4ee y=0052 u=185e s=1ff2  dt=64
13f0| 313f        LEAY  -1,Y                cc=e0 a=00 b=00 dp=00 x=a4ee y=0051 u=185e s=1ff2  dt=40
13f2| 26f8        BNE   $13ec               cc=e0 a=00 b=00 dp=00 x=a4ee y=0051 u=185e s=1ff2  dt=24
13ec| ec81        LDD   ,X++                cc=e4 a=00 b=00 dp=00 x=a4f0 y=0051 u=185e s=1ff2  dt=64
13ee| edc1        STD   ,U++                cc=e4 a=00 b=00 dp=00 x=a4f0 y=0051 u=1860 s=1ff2  dt=64
13f0| 313f        LEAY  -1,Y                cc=e0 a=00 b=00 dp=00 x=a4f0 y=0050 u=1860 s=1ff2  dt=40
13f2| 26f8        BNE   $13ec               cc=e0 a=00 b=00 dp=00 x=a4f0 y=0050 u=1860 s=1ff2  dt=24
13ec| ec81        LDD   ,X++                cc=e4 a=00 b=00 dp=00 x=a4f2 y=0050 u=1860 s=1ff2  dt=64
13ee| edc1        STD   ,U++                cc=e4 a=00 b=00 dp=00 x=a4f2 y=0050 u=1862 s=1ff2  dt=64
13f0| 313f        LEAY  -1,Y                cc=e0 a=00 b=00 dp=00 x=a4f2 y=004f u=1862 s=1ff2  dt=40
13f2| 26f8        BNE   $13ec               cc=e0 a=00 b=00 dp=00 x=a4f2 y=004f u=1862 s=1ff2  dt=24
13ec| ec81        LDD   ,X++                cc=e4 a=00 b=00 dp=00 x=a4f4 y=004f u=1862 s=1ff2  dt=64
13ee| edc1        STD   ,U++                cc=e4 a=00 b=00 dp=00 x=a4f4 y=004f u=1864 s=1ff2  dt=64
13f0| 313f        LEAY  -1,Y                cc=e0 a=00 b=00 dp=00 x=a4f4 y=004e u=1864 s=1ff2  dt=40
13f2| 26f8        BNE   $13ec               cc=e0 a=00 b=00 dp=00 x=a4f4 y=004e u=1864 s=1ff2  dt=24
13ec| ec81        LDD   ,X++                cc=e4 a=00 b=00 dp=00 x=a4f6 y=004e u=1864 s=1ff2  dt=64
13ee| edc1        STD   ,U++                cc=e4 a=00 b=00 dp=00 x=a4f6 y=004e u=1866 s=1ff2  dt=64
13f0| 313f        LEAY  -1,Y                cc=e0 a=00 b=00 dp=00 x=a4f6 y=004d u=1866 s=1ff2  dt=40
13f2| 26f8        BNE   $13ec               cc=e0 a=00 b=00 dp=00 x=a4f6 y=004d u=1866 s=1ff2  dt=24
13ec| ec81        LDD   ,X++                cc=e4 a=00 b=00 dp=00 x=a4f8 y=004d u=1866 s=1ff2  dt=64
13ee| edc1        STD   ,U++                cc=e4 a=00 b=00 dp=00 x=a4f8 y=004d u=1868 s=1ff2  dt=64
13f0| 313f        LEAY  -1,Y                cc=e0 a=00 b=00 dp=00 x=a4f8 y=004c u=1868 s=1ff2  dt=40
13f2| 26f8        BNE   $13ec               cc=e0 a=00 b=00 dp=00 x=a4f8 y=004c u=1868 s=1ff2  dt=24
13ec| ec81        LDD   ,X++                cc=e4 a=00 b=00 dp=00 x=a4fa y=004c u=1868 s=1ff2  dt=64
13ee| edc1        STD   ,U++                cc=e4 a=00 b=00 dp=00 x=a4fa y=004c u=186a s=1ff2  dt=64
13f0| 313f        LEAY  -1,Y                cc=e0 a=00 b=00 dp=00 x=a4fa y=004b u=186a s=1ff2  dt=40
13f2| 26f8        BNE   $13ec               cc=e0 a=00 b=00 dp=00 x=a4fa y=004b u=186a s=1ff2  dt=24
13ec| ec81        LDD   ,X++                cc=e4 a=00 b=00 dp=00 x=a4fc y=004b u=186a s=1ff2  dt=64
13ee| edc1        STD   ,U++                cc=e4 a=00 b=00 dp=00 x=a4fc y=004b u=186c s=1ff2  dt=64
13f0| 313f        LEAY  -1,Y                cc=e0 a=00 b=00 dp=00 x=a4fc y=004a u=186c s=1ff2  dt=40
13f2| 26f8        BNE   $13ec               cc=e0 a=00 b=00 dp=00 x=a4fc y=004a u=186c s=1ff2  dt=24
13ec| ec81        LDD   ,X++                cc=e4 a=00 b=00 dp=00 x=a4fe y=004a u=186c s=1ff2  dt=64
13ee| edc1        STD   ,U++                cc=e4 a=00 b=00 dp=00 x=a4fe y=004a u=186e s=1ff2  dt=64
13f0| 313f        LEAY  -1,Y                cc=e0 a=00 b=00 dp=00 x=a4fe y=0049 u=186e s=1ff2  dt=40
13f2| 26f8        BNE   $13ec               cc=e0 a=00 b=00 dp=00 x=a4fe y=0049 u=186e s=1ff2  dt=24
13ec| ec81        LDD   ,X++                cc=e4 a=00 b=00 dp=00 x=a500 y=0049 u=186e s=1ff2  dt=64
13ee| edc1        STD   ,U++                cc=e4 a=00 b=00 dp=00 x=a500 y=0049 u=1870 s=1ff2  dt=64
13f0| 313f        LEAY  -1,Y                cc=e0 a=00 b=00 dp=00 x=a500 y=0048 u=1870 s=1ff2  dt=40
13f2| 26f8        BNE   $13ec               cc=e0 a=00 b=00 dp=00 x=a500 y=0048 u=1870 s=1ff2  dt=24
13ec| ec81        LDD   ,X++                cc=e4 a=00 b=00 dp=00 x=a502 y=0048 u=1870 s=1ff2  dt=64
13ee| edc1        STD   ,U++                cc=e4 a=00 b=00 dp=00 x=a502 y=0048 u=1872 s=1ff2  dt=64
13f0| 313f        LEAY  -1,Y                cc=e0 a=00 b=00 dp=00 x=a502 y=0047 u=1872 s=1ff2  dt=40
13f2| 26f8        BNE   $13ec               cc=e0 a=00 b=00 dp=00 x=a502 y=0047 u=1872 s=1ff2  dt=24
13ec| ec81        LDD   ,X++                cc=e4 a=00 b=00 dp=00 x=a504 y=0047 u=1872 s=1ff2  dt=64
13ee| edc1        STD   ,U++                cc=e4 a=00 b=00 dp=00 x=a504 y=0047 u=1874 s=1ff2  dt=64
13f0| 313f        LEAY  -1,Y                cc=e0 a=00 b=00 dp=00 x=a504 y=0046 u=1874 s=1ff2  dt=40
13f2| 26f8        BNE   $13ec               cc=e0 a=00 b=00 dp=00 x=a504 y=0046 u=1874 s=1ff2  dt=24
13ec| ec81        LDD   ,X++                cc=e4 a=00 b=00 dp=00 x=a506 y=0046 u=1874 s=1ff2  dt=64
13ee| edc1        STD   ,U++                cc=e4 a=00 b=00 dp=00 x=a506 y=0046 u=1876 s=1ff2  dt=64
13f0| 313f        LEAY  -1,Y                cc=e0 a=00 b=00 dp=00 x=a506 y=0045 u=1876 s=1ff2  dt=40
13f2| 26f8        BNE   $13ec               cc=e0 a=00 b=00 dp=00 x=a506 y=0045 u=1876 s=1ff2  dt=24
13ec| ec81        LDD   ,X++                cc=e4 a=00 b=00 dp=00 x=a508 y=0045 u=1876 s=1ff2  dt=64
13ee| edc1        STD   ,U++                cc=e4 a=00 b=00 dp=00 x=a508 y=0045 u=1878 s=1ff2  dt=64
13f0| 313f        LEAY  -1,Y                cc=e0 a=00 b=00 dp=00 x=a508 y=0044 u=1878 s=1ff2  dt=40
13f2| 26f8        BNE   $13ec               cc=e0 a=00 b=00 dp=00 x=a508 y=0044 u=1878 s=1ff2  dt=24
13ec| ec81        LDD   ,X++                cc=e0 a=44 b=00 dp=00 x=a50a y=0044 u=1878 s=1ff2  dt=64
13ee| edc1        STD   ,U++                cc=e0 a=44 b=00 dp=00 x=a50a y=0044 u=187a s=1ff2  dt=64
13f0| 313f        LEAY  -1,Y                cc=e0 a=44 b=00 dp=00 x=a50a y=0043 u=187a s=1ff2  dt=40
13f2| 26f8        BNE   $13ec               cc=e0 a=44 b=00 dp=00 x=a50a y=0043 u=187a s=1ff2  dt=24
13ec| ec81        LDD   ,X++                cc=e4 a=00 b=00 dp=00 x=a50c y=0043 u=187a s=1ff2  dt=64
13ee| edc1        STD   ,U++                cc=e4 a=00 b=00 dp=00 x=a50c y=0043 u=187c s=1ff2  dt=64
13f0| 313f        LEAY  -1,Y                cc=e0 a=00 b=00 dp=00 x=a50c y=0042 u=187c s=1ff2  dt=40
13f2| 26f8        BNE   $13ec               cc=e0 a=00 b=00 dp=00 x=a50c y=0042 u=187c s=1ff2  dt=24
13ec| ec81        LDD   ,X++                cc=e4 a=00 b=00 dp=00 x=a50e y=0042 u=187c s=1ff2  dt=64
13ee| edc1        STD   ,U++                cc=e4 a=00 b=00 dp=00 x=a50e y=0042 u=187e s=1ff2  dt=64
13f0| 313f        LEAY  -1,Y                cc=e0 a=00 b=00 dp=00 x=a50e y=0041 u=187e s=1ff2  dt=40
13f2| 26f8        BNE   $13ec               cc=e0 a=00 b=00 dp=00 x=a50e y=0041 u=187e s=1ff2  dt=24
13ec| ec81        LDD   ,X++                cc=e4 a=00 b=00 dp=00 x=a510 y=0041 u=187e s=1ff2  dt=64
13ee| edc1        STD   ,U++                cc=e4 a=00 b=00 dp=00 x=a510 y=0041 u=1880 s=1ff2  dt=64
13f0| 313f        LEAY  -1,Y                cc=e0 a=00 b=00 dp=00 x=a510 y=0040 u=1880 s=1ff2  dt=40
13f2| 26f8        BNE   $13ec               cc=e0 a=00 b=00 dp=00 x=a510 y=0040 u=1880 s=1ff2  dt=24
13ec| ec81        LDD   ,X++                cc=e0 a=44 b=00 dp=00 x=a512 y=0040 u=1880 s=1ff2  dt=64
13ee| edc1        STD   ,U++                cc=e0 a=44 b=00 dp=00 x=a512 y=0040 u=1882 s=1ff2  dt=64
13f0| 313f        LEAY  -1,Y                cc=e0 a=44 b=00 dp=00 x=a512 y=003f u=1882 s=1ff2  dt=40
13f2| 26f8        BNE   $13ec               cc=e0 a=44 b=00 dp=00 x=a512 y=003f u=1882 s=1ff2  dt=24
13ec| ec81        LDD   ,X++                cc=e4 a=00 b=00 dp=00 x=a514 y=003f u=1882 s=1ff2  dt=64
13ee| edc1        STD   ,U++                cc=e4 a=00 b=00 dp=00 x=a514 y=003f u=1884 s=1ff2  dt=64
13f0| 313f        LEAY  -1,Y                cc=e0 a=00 b=00 dp=00 x=a514 y=003e u=1884 s=1ff2  dt=40
13f2| 26f8        BNE   $13ec               cc=e0 a=00 b=00 dp=00 x=a514 y=003e u=1884 s=1ff2  dt=24
13ec| ec81        LDD   ,X++                cc=e4 a=00 b=00 dp=00 x=a516 y=003e u=1884 s=1ff2  dt=64
13ee| edc1        STD   ,U++                cc=e4 a=00 b=00 dp=00 x=a516 y=003e u=1886 s=1ff2  dt=64
13f0| 313f        LEAY  -1,Y                cc=e0 a=00 b=00 dp=00 x=a516 y=003d u=1886 s=1ff2  dt=40
13f2| 26f8        BNE   $13ec               cc=e0 a=00 b=00 dp=00 x=a516 y=003d u=1886 s=1ff2  dt=24
13ec| ec81        LDD   ,X++                cc=e4 a=00 b=00 dp=00 x=a518 y=003d u=1886 s=1ff2  dt=64
13ee| edc1        STD   ,U++                cc=e4 a=00 b=00 dp=00 x=a518 y=003d u=1888 s=1ff2  dt=64
13f0| 313f        LEAY  -1,Y                cc=e0 a=00 b=00 dp=00 x=a518 y=003c u=1888 s=1ff2  dt=40
13f2| 26f8        BNE   $13ec               cc=e0 a=00 b=00 dp=00 x=a518 y=003c u=1888 s=1ff2  dt=24
13ec| ec81        LDD   ,X++                cc=e0 a=44 b=00 dp=00 x=a51a y=003c u=1888 s=1ff2  dt=64
13ee| edc1        STD   ,U++                cc=e0 a=44 b=00 dp=00 x=a51a y=003c u=188a s=1ff2  dt=64
13f0| 313f        LEAY  -1,Y                cc=e0 a=44 b=00 dp=00 x=a51a y=003b u=188a s=1ff2  dt=40
13f2| 26f8        BNE   $13ec               cc=e0 a=44 b=00 dp=00 x=a51a y=003b u=188a s=1ff2  dt=24
13ec| ec81        LDD   ,X++                cc=e4 a=00 b=00 dp=00 x=a51c y=003b u=188a s=1ff2  dt=64
13ee| edc1        STD   ,U++                cc=e4 a=00 b=00 dp=00 x=a51c y=003b u=188c s=1ff2  dt=64
13f0| 313f        LEAY  -1,Y                cc=e0 a=00 b=00 dp=00 x=a51c y=003a u=188c s=1ff2  dt=40
13f2| 26f8        BNE   $13ec               cc=e0 a=00 b=00 dp=00 x=a51c y=003a u=188c s=1ff2  dt=24
13ec| ec81        LDD   ,X++                cc=e4 a=00 b=00 dp=00 x=a51e y=003a u=188c s=1ff2  dt=64
13ee| edc1        STD   ,U++                cc=e4 a=00 b=00 dp=00 x=a51e y=003a u=188e s=1ff2  dt=64
13f0| 313f        LEAY  -1,Y                cc=e0 a=00 b=00 dp=00 x=a51e y=0039 u=188e s=1ff2  dt=40
13f2| 26f8        BNE   $13ec               cc=e0 a=00 b=00 dp=00 x=a51e y=0039 u=188e s=1ff2  dt=24
13ec| ec81        LDD   ,X++                cc=e4 a=00 b=00 dp=00 x=a520 y=0039 u=188e s=1ff2  dt=64
13ee| edc1        STD   ,U++                cc=e4 a=00 b=00 dp=00 x=a520 y=0039 u=1890 s=1ff2  dt=64
13f0| 313f        LEAY  -1,Y                cc=e0 a=00 b=00 dp=00 x=a520 y=0038 u=1890 s=1ff2  dt=40
13f2| 26f8        BNE   $13ec               cc=e0 a=00 b=00 dp=00 x=a520 y=0038 u=1890 s=1ff2  dt=24
13ec| ec81        LDD   ,X++                cc=e0 a=44 b=00 dp=00 x=a522 y=0038 u=1890 s=1ff2  dt=64
13ee| edc1        STD   ,U++                cc=e0 a=44 b=00 dp=00 x=a522 y=0038 u=1892 s=1ff2  dt=64
13f0| 313f        LEAY  -1,Y                cc=e0 a=44 b=00 dp=00 x=a522 y=0037 u=1892 s=1ff2  dt=40
13f2| 26f8        BNE   $13ec               cc=e0 a=44 b=00 dp=00 x=a522 y=0037 u=1892 s=1ff2  dt=24
13ec| ec81        LDD   ,X++                cc=e4 a=00 b=00 dp=00 x=a524 y=0037 u=1892 s=1ff2  dt=64
13ee| edc1        STD   ,U++                cc=e4 a=00 b=00 dp=00 x=a524 y=0037 u=1894 s=1ff2  dt=64
13f0| 313f        LEAY  -1,Y                cc=e0 a=00 b=00 dp=00 x=a524 y=0036 u=1894 s=1ff2  dt=40
13f2| 26f8        BNE   $13ec               cc=e0 a=00 b=00 dp=00 x=a524 y=0036 u=1894 s=1ff2  dt=24
13ec| ec81        LDD   ,X++                cc=e4 a=00 b=00 dp=00 x=a526 y=0036 u=1894 s=1ff2  dt=64
13ee| edc1        STD   ,U++                cc=e4 a=00 b=00 dp=00 x=a526 y=0036 u=1896 s=1ff2  dt=64
13f0| 313f        LEAY  -1,Y                cc=e0 a=00 b=00 dp=00 x=a526 y=0035 u=1896 s=1ff2  dt=40
13f2| 26f8        BNE   $13ec               cc=e0 a=00 b=00 dp=00 x=a526 y=0035 u=1896 s=1ff2  dt=24
13ec| ec81        LDD   ,X++                cc=e4 a=00 b=00 dp=00 x=a528 y=0035 u=1896 s=1ff2  dt=64
13ee| edc1        STD   ,U++                cc=e4 a=00 b=00 dp=00 x=a528 y=0035 u=1898 s=1ff2  dt=64
13f0| 313f        LEAY  -1,Y                cc=e0 a=00 b=00 dp=00 x=a528 y=0034 u=1898 s=1ff2  dt=40
13f2| 26f8        BNE   $13ec               cc=e0 a=00 b=00 dp=00 x=a528 y=0034 u=1898 s=1ff2  dt=24
13ec| ec81        LDD   ,X++                cc=e0 a=44 b=00 dp=00 x=a52a y=0034 u=1898 s=1ff2  dt=64
13ee| edc1        STD   ,U++                cc=e0 a=44 b=00 dp=00 x=a52a y=0034 u=189a s=1ff2  dt=64
13f0| 313f        LEAY  -1,Y                cc=e0 a=44 b=00 dp=00 x=a52a y=0033 u=189a s=1ff2  dt=40
13f2| 26f8        BNE   $13ec               cc=e0 a=44 b=00 dp=00 x=a52a y=0033 u=189a s=1ff2  dt=24
13ec| ec81        LDD   ,X++                cc=e4 a=00 b=00 dp=00 x=a52c y=0033 u=189a s=1ff2  dt=64
13ee| edc1        STD   ,U++                cc=e4 a=00 b=00 dp=00 x=a52c y=0033 u=189c s=1ff2  dt=64
13f0| 313f        LEAY  -1,Y                cc=e0 a=00 b=00 dp=00 x=a52c y=0032 u=189c s=1ff2  dt=40
13f2| 26f8        BNE   $13ec               cc=e0 a=00 b=00 dp=00 x=a52c y=0032 u=189c s=1ff2  dt=24
13ec| ec81        LDD   ,X++                cc=e4 a=00 b=00 dp=00 x=a52e y=0032 u=189c s=1ff2  dt=64
13ee| edc1        STD   ,U++                cc=e4 a=00 b=00 dp=00 x=a52e y=0032 u=189e s=1ff2  dt=64
13f0| 313f        LEAY  -1,Y                cc=e0 a=00 b=00 dp=00 x=a52e y=0031 u=189e s=1ff2  dt=40
13f2| 26f8        BNE   $13ec               cc=e0 a=00 b=00 dp=00 x=a52e y=0031 u=189e s=1ff2  dt=24
13ec| ec81        LDD   ,X++                cc=e4 a=00 b=00 dp=00 x=a530 y=0031 u=189e s=1ff2  dt=64
13ee| edc1        STD   ,U++                cc=e4 a=00 b=00 dp=00 x=a530 y=0031 u=18a0 s=1ff2  dt=64
13f0| 313f        LEAY  -1,Y                cc=e0 a=00 b=00 dp=00 x=a530 y=0030 u=18a0 s=1ff2  dt=40
13f2| 26f8        BNE   $13ec               cc=e0 a=00 b=00 dp=00 x=a530 y=0030 u=18a0 s=1ff2  dt=24
13ec| ec81        LDD   ,X++                cc=e0 a=44 b=00 dp=00 x=a532 y=0030 u=18a0 s=1ff2  dt=64
13ee| edc1        STD   ,U++                cc=e0 a=44 b=00 dp=00 x=a532 y=0030 u=18a2 s=1ff2  dt=64
13f0| 313f        LEAY  -1,Y                cc=e0 a=44 b=00 dp=00 x=a532 y=002f u=18a2 s=1ff2  dt=40
13f2| 26f8        BNE   $13ec               cc=e0 a=44 b=00 dp=00 x=a532 y=002f u=18a2 s=1ff2  dt=24
13ec| ec81        LDD   ,X++                cc=e4 a=00 b=00 dp=00 x=a534 y=002f u=18a2 s=1ff2  dt=64
13ee| edc1        STD   ,U++                cc=e4 a=00 b=00 dp=00 x=a534 y=002f u=18a4 s=1ff2  dt=64
13f0| 313f        LEAY  -1,Y                cc=e0 a=00 b=00 dp=00 x=a534 y=002e u=18a4 s=1ff2  dt=40
13f2| 26f8        BNE   $13ec               cc=e0 a=00 b=00 dp=00 x=a534 y=002e u=18a4 s=1ff2  dt=24
13ec| ec81        LDD   ,X++                cc=e4 a=00 b=00 dp=00 x=a536 y=002e u=18a4 s=1ff2  dt=64
13ee| edc1        STD   ,U++                cc=e4 a=00 b=00 dp=00 x=a536 y=002e u=18a6 s=1ff2  dt=64
13f0| 313f        LEAY  -1,Y                cc=e0 a=00 b=00 dp=00 x=a536 y=002d u=18a6 s=1ff2  dt=40
13f2| 26f8        BNE   $13ec               cc=e0 a=00 b=00 dp=00 x=a536 y=002d u=18a6 s=1ff2  dt=24
13ec| ec81        LDD   ,X++                cc=e4 a=00 b=00 dp=00 x=a538 y=002d u=18a6 s=1ff2  dt=64
13ee| edc1        STD   ,U++                cc=e4 a=00 b=00 dp=00 x=a538 y=002d u=18a8 s=1ff2  dt=64
13f0| 313f        LEAY  -1,Y                cc=e0 a=00 b=00 dp=00 x=a538 y=002c u=18a8 s=1ff2  dt=40
13f2| 26f8        BNE   $13ec               cc=e0 a=00 b=00 dp=00 x=a538 y=002c u=18a8 s=1ff2  dt=24
13ec| ec81        LDD   ,X++                cc=e0 a=44 b=00 dp=00 x=a53a y=002c u=18a8 s=1ff2  dt=64
13ee| edc1        STD   ,U++                cc=e0 a=44 b=00 dp=00 x=a53a y=002c u=18aa s=1ff2  dt=64
13f0| 313f        LEAY  -1,Y                cc=e0 a=44 b=00 dp=00 x=a53a y=002b u=18aa s=1ff2  dt=40
13f2| 26f8        BNE   $13ec               cc=e0 a=44 b=00 dp=00 x=a53a y=002b u=18aa s=1ff2  dt=24
13ec| ec81        LDD   ,X++                cc=e4 a=00 b=00 dp=00 x=a53c y=002b u=18aa s=1ff2  dt=64
13ee| edc1        STD   ,U++                cc=e4 a=00 b=00 dp=00 x=a53c y=002b u=18ac s=1ff2  dt=64
13f0| 313f        LEAY  -1,Y                cc=e0 a=00 b=00 dp=00 x=a53c y=002a u=18ac s=1ff2  dt=40
13f2| 26f8        BNE   $13ec               cc=e0 a=00 b=00 dp=00 x=a53c y=002a u=18ac s=1ff2  dt=24
13ec| ec81        LDD   ,X++                cc=e4 a=00 b=00 dp=00 x=a53e y=002a u=18ac s=1ff2  dt=64
13ee| edc1        STD   ,U++                cc=e4 a=00 b=00 dp=00 x=a53e y=002a u=18ae s=1ff2  dt=64
13f0| 313f        LEAY  -1,Y                cc=e0 a=00 b=00 dp=00 x=a53e y=0029 u=18ae s=1ff2  dt=40
13f2| 26f8        BNE   $13ec               cc=e0 a=00 b=00 dp=00 x=a53e y=0029 u=18ae s=1ff2  dt=24
13ec| ec81        LDD   ,X++                cc=e4 a=00 b=00 dp=00 x=a540 y=0029 u=18ae s=1ff2  dt=64
13ee| edc1        STD   ,U++                cc=e4 a=00 b=00 dp=00 x=a540 y=0029 u=18b0 s=1ff2  dt=64
13f0| 313f        LEAY  -1,Y                cc=e0 a=00 b=00 dp=00 x=a540 y=0028 u=18b0 s=1ff2  dt=40
13f2| 26f8        BNE   $13ec               cc=e0 a=00 b=00 dp=00 x=a540 y=0028 u=18b0 s=1ff2  dt=24
13ec| ec81        LDD   ,X++                cc=e0 a=44 b=00 dp=00 x=a542 y=0028 u=18b0 s=1ff2  dt=64
13ee| edc1        STD   ,U++                cc=e0 a=44 b=00 dp=00 x=a542 y=0028 u=18b2 s=1ff2  dt=64
13f0| 313f        LEAY  -1,Y                cc=e0 a=44 b=00 dp=00 x=a542 y=0027 u=18b2 s=1ff2  dt=40
13f2| 26f8        BNE   $13ec               cc=e0 a=44 b=00 dp=00 x=a542 y=0027 u=18b2 s=1ff2  dt=24
13ec| ec81        LDD   ,X++                cc=e4 a=00 b=00 dp=00 x=a544 y=0027 u=18b2 s=1ff2  dt=64
13ee| edc1        STD   ,U++                cc=e4 a=00 b=00 dp=00 x=a544 y=0027 u=18b4 s=1ff2  dt=64
13f0| 313f        LEAY  -1,Y                cc=e0 a=00 b=00 dp=00 x=a544 y=0026 u=18b4 s=1ff2  dt=40
13f2| 26f8        BNE   $13ec               cc=e0 a=00 b=00 dp=00 x=a544 y=0026 u=18b4 s=1ff2  dt=24
13ec| ec81        LDD   ,X++                cc=e4 a=00 b=00 dp=00 x=a546 y=0026 u=18b4 s=1ff2  dt=64
13ee| edc1        STD   ,U++                cc=e4 a=00 b=00 dp=00 x=a546 y=0026 u=18b6 s=1ff2  dt=64
13f0| 313f        LEAY  -1,Y                cc=e0 a=00 b=00 dp=00 x=a546 y=0025 u=18b6 s=1ff2  dt=40
13f2| 26f8        BNE   $13ec               cc=e0 a=00 b=00 dp=00 x=a546 y=0025 u=18b6 s=1ff2  dt=24
13ec| ec81        LDD   ,X++                cc=e4 a=00 b=00 dp=00 x=a548 y=0025 u=18b6 s=1ff2  dt=64
13ee| edc1        STD   ,U++                cc=e4 a=00 b=00 dp=00 x=a548 y=0025 u=18b8 s=1ff2  dt=64
13f0| 313f        LEAY  -1,Y                cc=e0 a=00 b=00 dp=00 x=a548 y=0024 u=18b8 s=1ff2  dt=40
13f2| 26f8        BNE   $13ec               cc=e0 a=00 b=00 dp=00 x=a548 y=0024 u=18b8 s=1ff2  dt=24
13ec| ec81        LDD   ,X++                cc=e0 a=44 b=00 dp=00 x=a54a y=0024 u=18b8 s=1ff2  dt=64
13ee| edc1        STD   ,U++                cc=e0 a=44 b=00 dp=00 x=a54a y=0024 u=18ba s=1ff2  dt=64
13f0| 313f        LEAY  -1,Y                cc=e0 a=44 b=00 dp=00 x=a54a y=0023 u=18ba s=1ff2  dt=40
13f2| 26f8        BNE   $13ec               cc=e0 a=44 b=00 dp=00 x=a54a y=0023 u=18ba s=1ff2  dt=24
13ec| ec81        LDD   ,X++                cc=e4 a=00 b=00 dp=00 x=a54c y=0023 u=18ba s=1ff2  dt=64
13ee| edc1        STD   ,U++                cc=e4 a=00 b=00 dp=00 x=a54c y=0023 u=18bc s=1ff2  dt=64
13f0| 313f        LEAY  -1,Y                cc=e0 a=00 b=00 dp=00 x=a54c y=0022 u=18bc s=1ff2  dt=40
13f2| 26f8        BNE   $13ec               cc=e0 a=00 b=00 dp=00 x=a54c y=0022 u=18bc s=1ff2  dt=24
13ec| ec81        LDD   ,X++                cc=e4 a=00 b=00 dp=00 x=a54e y=0022 u=18bc s=1ff2  dt=64
13ee| edc1        STD   ,U++                cc=e4 a=00 b=00 dp=00 x=a54e y=0022 u=18be s=1ff2  dt=64
13f0| 313f        LEAY  -1,Y                cc=e0 a=00 b=00 dp=00 x=a54e y=0021 u=18be s=1ff2  dt=40
13f2| 26f8        BNE   $13ec               cc=e0 a=00 b=00 dp=00 x=a54e y=0021 u=18be s=1ff2  dt=24
13ec| ec81        LDD   ,X++                cc=e4 a=00 b=00 dp=00 x=a550 y=0021 u=18be s=1ff2  dt=64
13ee| edc1        STD   ,U++                cc=e4 a=00 b=00 dp=00 x=a550 y=0021 u=18c0 s=1ff2  dt=64
13f0| 313f        LEAY  -1,Y                cc=e0 a=00 b=00 dp=00 x=a550 y=0020 u=18c0 s=1ff2  dt=40
13f2| 26f8        BNE   $13ec               cc=e0 a=00 b=00 dp=00 x=a550 y=0020 u=18c0 s=1ff2  dt=24
13ec| ec81        LDD   ,X++                cc=e0 a=44 b=00 dp=00 x=a552 y=0020 u=18c0 s=1ff2  dt=64
13ee| edc1        STD   ,U++                cc=e0 a=44 b=00 dp=00 x=a552 y=0020 u=18c2 s=1ff2  dt=64
13f0| 313f        LEAY  -1,Y                cc=e0 a=44 b=00 dp=00 x=a552 y=001f u=18c2 s=1ff2  dt=40
13f2| 26f8        BNE   $13ec               cc=e0 a=44 b=00 dp=00 x=a552 y=001f u=18c2 s=1ff2  dt=24
13ec| ec81        LDD   ,X++                cc=e4 a=00 b=00 dp=00 x=a554 y=001f u=18c2 s=1ff2  dt=64
13ee| edc1        STD   ,U++                cc=e4 a=00 b=00 dp=00 x=a554 y=001f u=18c4 s=1ff2  dt=64
13f0| 313f        LEAY  -1,Y                cc=e0 a=00 b=00 dp=00 x=a554 y=001e u=18c4 s=1ff2  dt=40
13f2| 26f8        BNE   $13ec               cc=e0 a=00 b=00 dp=00 x=a554 y=001e u=18c4 s=1ff2  dt=24
13ec| ec81        LDD   ,X++                cc=e4 a=00 b=00 dp=00 x=a556 y=001e u=18c4 s=1ff2  dt=64
13ee| edc1        STD   ,U++                cc=e4 a=00 b=00 dp=00 x=a556 y=001e u=18c6 s=1ff2  dt=64
13f0| 313f        LEAY  -1,Y                cc=e0 a=00 b=00 dp=00 x=a556 y=001d u=18c6 s=1ff2  dt=40
13f2| 26f8        BNE   $13ec               cc=e0 a=00 b=00 dp=00 x=a556 y=001d u=18c6 s=1ff2  dt=24
13ec| ec81        LDD   ,X++                cc=e4 a=00 b=00 dp=00 x=a558 y=001d u=18c6 s=1ff2  dt=64
13ee| edc1        STD   ,U++                cc=e4 a=00 b=00 dp=00 x=a558 y=001d u=18c8 s=1ff2  dt=64
13f0| 313f        LEAY  -1,Y                cc=e0 a=00 b=00 dp=00 x=a558 y=001c u=18c8 s=1ff2  dt=40
13f2| 26f8        BNE   $13ec               cc=e0 a=00 b=00 dp=00 x=a558 y=001c u=18c8 s=1ff2  dt=24
13ec| ec81        LDD   ,X++                cc=e0 a=44 b=00 dp=00 x=a55a y=001c u=18c8 s=1ff2  dt=64
13ee| edc1        STD   ,U++                cc=e0 a=44 b=00 dp=00 x=a55a y=001c u=18ca s=1ff2  dt=64
13f0| 313f        LEAY  -1,Y                cc=e0 a=44 b=00 dp=00 x=a55a y=001b u=18ca s=1ff2  dt=40
13f2| 26f8        BNE   $13ec               cc=e0 a=44 b=00 dp=00 x=a55a y=001b u=18ca s=1ff2  dt=24
13ec| ec81        LDD   ,X++                cc=e4 a=00 b=00 dp=00 x=a55c y=001b u=18ca s=1ff2  dt=64
13ee| edc1        STD   ,U++                cc=e4 a=00 b=00 dp=00 x=a55c y=001b u=18cc s=1ff2  dt=64
13f0| 313f        LEAY  -1,Y                cc=e0 a=00 b=00 dp=00 x=a55c y=001a u=18cc s=1ff2  dt=40
13f2| 26f8        BNE   $13ec               cc=e0 a=00 b=00 dp=00 x=a55c y=001a u=18cc s=1ff2  dt=24
13ec| ec81        LDD   ,X++                cc=e4 a=00 b=00 dp=00 x=a55e y=001a u=18cc s=1ff2  dt=64
13ee| edc1        STD   ,U++                cc=e4 a=00 b=00 dp=00 x=a55e y=001a u=18ce s=1ff2  dt=64
13f0| 313f        LEAY  -1,Y                cc=e0 a=00 b=00 dp=00 x=a55e y=0019 u=18ce s=1ff2  dt=40
13f2| 26f8        BNE   $13ec               cc=e0 a=00 b=00 dp=00 x=a55e y=0019 u=18ce s=1ff2  dt=24
13ec| ec81        LDD   ,X++                cc=e4 a=00 b=00 dp=00 x=a560 y=0019 u=18ce s=1ff2  dt=64
13ee| edc1        STD   ,U++                cc=e4 a=00 b=00 dp=00 x=a560 y=0019 u=18d0 s=1ff2  dt=64
13f0| 313f        LEAY  -1,Y                cc=e0 a=00 b=00 dp=00 x=a560 y=0018 u=18d0 s=1ff2  dt=40
13f2| 26f8        BNE   $13ec               cc=e0 a=00 b=00 dp=00 x=a560 y=0018 u=18d0 s=1ff2  dt=24
13ec| ec81        LDD   ,X++                cc=e0 a=44 b=00 dp=00 x=a562 y=0018 u=18d0 s=1ff2  dt=64
13ee| edc1        STD   ,U++                cc=e0 a=44 b=00 dp=00 x=a562 y=0018 u=18d2 s=1ff2  dt=64
13f0| 313f        LEAY  -1,Y                cc=e0 a=44 b=00 dp=00 x=a562 y=0017 u=18d2 s=1ff2  dt=40
13f2| 26f8        BNE   $13ec               cc=e0 a=44 b=00 dp=00 x=a562 y=0017 u=18d2 s=1ff2  dt=24
13ec| ec81        LDD   ,X++                cc=e4 a=00 b=00 dp=00 x=a564 y=0017 u=18d2 s=1ff2  dt=64
13ee| edc1        STD   ,U++                cc=e4 a=00 b=00 dp=00 x=a564 y=0017 u=18d4 s=1ff2  dt=64
13f0| 313f        LEAY  -1,Y                cc=e0 a=00 b=00 dp=00 x=a564 y=0016 u=18d4 s=1ff2  dt=40
13f2| 26f8        BNE   $13ec               cc=e0 a=00 b=00 dp=00 x=a564 y=0016 u=18d4 s=1ff2  dt=24
13ec| ec81        LDD   ,X++                cc=e4 a=00 b=00 dp=00 x=a566 y=0016 u=18d4 s=1ff2  dt=64
13ee| edc1        STD   ,U++                cc=e4 a=00 b=00 dp=00 x=a566 y=0016 u=18d6 s=1ff2  dt=64
13f0| 313f        LEAY  -1,Y                cc=e0 a=00 b=00 dp=00 x=a566 y=0015 u=18d6 s=1ff2  dt=40
13f2| 26f8        BNE   $13ec               cc=e0 a=00 b=00 dp=00 x=a566 y=0015 u=18d6 s=1ff2  dt=24
13ec| ec81        LDD   ,X++                cc=e4 a=00 b=00 dp=00 x=a568 y=0015 u=18d6 s=1ff2  dt=64
13ee| edc1        STD   ,U++                cc=e4 a=00 b=00 dp=00 x=a568 y=0015 u=18d8 s=1ff2  dt=64
13f0| 313f        LEAY  -1,Y                cc=e0 a=00 b=00 dp=00 x=a568 y=0014 u=18d8 s=1ff2  dt=40
13f2| 26f8        BNE   $13ec               cc=e0 a=00 b=00 dp=00 x=a568 y=0014 u=18d8 s=1ff2  dt=24
13ec| ec81        LDD   ,X++                cc=e0 a=44 b=00 dp=00 x=a56a y=0014 u=18d8 s=1ff2  dt=64
13ee| edc1        STD   ,U++                cc=e0 a=44 b=00 dp=00 x=a56a y=0014 u=18da s=1ff2  dt=64
13f0| 313f        LEAY  -1,Y                cc=e0 a=44 b=00 dp=00 x=a56a y=0013 u=18da s=1ff2  dt=40
13f2| 26f8        BNE   $13ec               cc=e0 a=44 b=00 dp=00 x=a56a y=0013 u=18da s=1ff2  dt=24
13ec| ec81        LDD   ,X++                cc=e4 a=00 b=00 dp=00 x=a56c y=0013 u=18da s=1ff2  dt=64
13ee| edc1        STD   ,U++                cc=e4 a=00 b=00 dp=00 x=a56c y=0013 u=18dc s=1ff2  dt=64
13f0| 313f        LEAY  -1,Y                cc=e0 a=00 b=00 dp=00 x=a56c y=0012 u=18dc s=1ff2  dt=40
13f2| 26f8        BNE   $13ec               cc=e0 a=00 b=00 dp=00 x=a56c y=0012 u=18dc s=1ff2  dt=24
13ec| ec81        LDD   ,X++                cc=e4 a=00 b=00 dp=00 x=a56e y=0012 u=18dc s=1ff2  dt=64
13ee| edc1        STD   ,U++                cc=e4 a=00 b=00 dp=00 x=a56e y=0012 u=18de s=1ff2  dt=64
13f0| 313f        LEAY  -1,Y                cc=e0 a=00 b=00 dp=00 x=a56e y=0011 u=18de s=1ff2  dt=40
13f2| 26f8        BNE   $13ec               cc=e0 a=00 b=00 dp=00 x=a56e y=0011 u=18de s=1ff2  dt=24
13ec| ec81        LDD   ,X++                cc=e4 a=00 b=00 dp=00 x=a570 y=0011 u=18de s=1ff2  dt=64
13ee| edc1        STD   ,U++                cc=e4 a=00 b=00 dp=00 x=a570 y=0011 u=18e0 s=1ff2  dt=64
13f0| 313f        LEAY  -1,Y                cc=e0 a=00 b=00 dp=00 x=a570 y=0010 u=18e0 s=1ff2  dt=40
13f2| 26f8        BNE   $13ec               cc=e0 a=00 b=00 dp=00 x=a570 y=0010 u=18e0 s=1ff2  dt=24
13ec| ec81        LDD   ,X++                cc=e0 a=44 b=00 dp=00 x=a572 y=0010 u=18e0 s=1ff2  dt=64
13ee| edc1        STD   ,U++                cc=e0 a=44 b=00 dp=00 x=a572 y=0010 u=18e2 s=1ff2  dt=64
13f0| 313f        LEAY  -1,Y                cc=e0 a=44 b=00 dp=00 x=a572 y=000f u=18e2 s=1ff2  dt=40
13f2| 26f8        BNE   $13ec               cc=e0 a=44 b=00 dp=00 x=a572 y=000f u=18e2 s=1ff2  dt=24
13ec| ec81        LDD   ,X++                cc=e4 a=00 b=00 dp=00 x=a574 y=000f u=18e2 s=1ff2  dt=64
13ee| edc1        STD   ,U++                cc=e4 a=00 b=00 dp=00 x=a574 y=000f u=18e4 s=1ff2  dt=64
13f0| 313f        LEAY  -1,Y                cc=e0 a=00 b=00 dp=00 x=a574 y=000e u=18e4 s=1ff2  dt=40
13f2| 26f8        BNE   $13ec               cc=e0 a=00 b=00 dp=00 x=a574 y=000e u=18e4 s=1ff2  dt=24
13ec| ec81        LDD   ,X++                cc=e4 a=00 b=00 dp=00 x=a576 y=000e u=18e4 s=1ff2  dt=64
13ee| edc1        STD   ,U++                cc=e4 a=00 b=00 dp=00 x=a576 y=000e u=18e6 s=1ff2  dt=64
13f0| 313f        LEAY  -1,Y                cc=e0 a=00 b=00 dp=00 x=a576 y=000d u=18e6 s=1ff2  dt=40
13f2| 26f8        BNE   $13ec               cc=e0 a=00 b=00 dp=00 x=a576 y=000d u=18e6 s=1ff2  dt=24
13ec| ec81        LDD   ,X++                cc=e4 a=00 b=00 dp=00 x=a578 y=000d u=18e6 s=1ff2  dt=64
13ee| edc1        STD   ,U++                cc=e4 a=00 b=00 dp=00 x=a578 y=000d u=18e8 s=1ff2  dt=64
13f0| 313f        LEAY  -1,Y                cc=e0 a=00 b=00 dp=00 x=a578 y=000c u=18e8 s=1ff2  dt=40
13f2| 26f8        BNE   $13ec               cc=e0 a=00 b=00 dp=00 x=a578 y=000c u=18e8 s=1ff2  dt=24
13ec| ec81        LDD   ,X++                cc=e0 a=44 b=00 dp=00 x=a57a y=000c u=18e8 s=1ff2  dt=64
13ee| edc1        STD   ,U++                cc=e0 a=44 b=00 dp=00 x=a57a y=000c u=18ea s=1ff2  dt=64
13f0| 313f        LEAY  -1,Y                cc=e0 a=44 b=00 dp=00 x=a57a y=000b u=18ea s=1ff2  dt=40
13f2| 26f8        BNE   $13ec               cc=e0 a=44 b=00 dp=00 x=a57a y=000b u=18ea s=1ff2  dt=24
13ec| ec81        LDD   ,X++                cc=e4 a=00 b=00 dp=00 x=a57c y=000b u=18ea s=1ff2  dt=64
13ee| edc1        STD   ,U++                cc=e4 a=00 b=00 dp=00 x=a57c y=000b u=18ec s=1ff2  dt=64
13f0| 313f        LEAY  -1,Y                cc=e0 a=00 b=00 dp=00 x=a57c y=000a u=18ec s=1ff2  dt=40
13f2| 26f8        BNE   $13ec               cc=e0 a=00 b=00 dp=00 x=a57c y=000a u=18ec s=1ff2  dt=24
13ec| ec81        LDD   ,X++                cc=e4 a=00 b=00 dp=00 x=a57e y=000a u=18ec s=1ff2  dt=64
13ee| edc1        STD   ,U++                cc=e4 a=00 b=00 dp=00 x=a57e y=000a u=18ee s=1ff2  dt=64
13f0| 313f        LEAY  -1,Y                cc=e0 a=00 b=00 dp=00 x=a57e y=0009 u=18ee s=1ff2  dt=40
13f2| 26f8        BNE   $13ec               cc=e0 a=00 b=00 dp=00 x=a57e y=0009 u=18ee s=1ff2  dt=24
13ec| ec81        LDD   ,X++                cc=e4 a=00 b=00 dp=00 x=a580 y=0009 u=18ee s=1ff2  dt=64
13ee| edc1        STD   ,U++                cc=e4 a=00 b=00 dp=00 x=a580 y=0009 u=18f0 s=1ff2  dt=64
13f0| 313f        LEAY  -1,Y                cc=e0 a=00 b=00 dp=00 x=a580 y=0008 u=18f0 s=1ff2  dt=40
13f2| 26f8        BNE   $13ec               cc=e0 a=00 b=00 dp=00 x=a580 y=0008 u=18f0 s=1ff2  dt=24
13ec| ec81        LDD   ,X++                cc=e0 a=44 b=00 dp=00 x=a582 y=0008 u=18f0 s=1ff2  dt=64
13ee| edc1        STD   ,U++                cc=e0 a=44 b=00 dp=00 x=a582 y=0008 u=18f2 s=1ff2  dt=64
13f0| 313f        LEAY  -1,Y                cc=e0 a=44 b=00 dp=00 x=a582 y=0007 u=18f2 s=1ff2  dt=40
13f2| 26f8        BNE   $13ec               cc=e0 a=44 b=00 dp=00 x=a582 y=0007 u=18f2 s=1ff2  dt=24
13ec| ec81        LDD   ,X++                cc=e4 a=00 b=00 dp=00 x=a584 y=0007 u=18f2 s=1ff2  dt=64
13ee| edc1        STD   ,U++                cc=e4 a=00 b=00 dp=00 x=a584 y=0007 u=18f4 s=1ff2  dt=64
13f0| 313f        LEAY  -1,Y                cc=e0 a=00 b=00 dp=00 x=a584 y=0006 u=18f4 s=1ff2  dt=40
13f2| 26f8        BNE   $13ec               cc=e0 a=00 b=00 dp=00 x=a584 y=0006 u=18f4 s=1ff2  dt=24
13ec| ec81        LDD   ,X++                cc=e4 a=00 b=00 dp=00 x=a586 y=0006 u=18f4 s=1ff2  dt=64
13ee| edc1        STD   ,U++                cc=e4 a=00 b=00 dp=00 x=a586 y=0006 u=18f6 s=1ff2  dt=64
13f0| 313f        LEAY  -1,Y                cc=e0 a=00 b=00 dp=00 x=a586 y=0005 u=18f6 s=1ff2  dt=40
13f2| 26f8        BNE   $13ec               cc=e0 a=00 b=00 dp=00 x=a586 y=0005 u=18f6 s=1ff2  dt=24
13ec| ec81        LDD   ,X++                cc=e4 a=00 b=00 dp=00 x=a588 y=0005 u=18f6 s=1ff2  dt=64
13ee| edc1        STD   ,U++                cc=e4 a=00 b=00 dp=00 x=a588 y=0005 u=18f8 s=1ff2  dt=64
13f0| 313f        LEAY  -1,Y                cc=e0 a=00 b=00 dp=00 x=a588 y=0004 u=18f8 s=1ff2  dt=40
13f2| 26f8        BNE   $13ec               cc=e0 a=00 b=00 dp=00 x=a588 y=0004 u=18f8 s=1ff2  dt=24
13ec| ec81        LDD   ,X++                cc=e0 a=44 b=44 dp=00 x=a58a y=0004 u=18f8 s=1ff2  dt=64
13ee| edc1        STD   ,U++                cc=e0 a=44 b=44 dp=00 x=a58a y=0004 u=18fa s=1ff2  dt=64
13f0| 313f        LEAY  -1,Y                cc=e0 a=44 b=44 dp=00 x=a58a y=0003 u=18fa s=1ff2  dt=40
13f2| 26f8        BNE   $13ec               cc=e0 a=44 b=44 dp=00 x=a58a y=0003 u=18fa s=1ff2  dt=24
13ec| ec81        LDD   ,X++                cc=e0 a=44 b=44 dp=00 x=a58c y=0003 u=18fa s=1ff2  dt=64
13ee| edc1        STD   ,U++                cc=e0 a=44 b=44 dp=00 x=a58c y=0003 u=18fc s=1ff2  dt=64
13f0| 313f        LEAY  -1,Y                cc=e0 a=44 b=44 dp=00 x=a58c y=0002 u=18fc s=1ff2  dt=40
13f2| 26f8        BNE   $13ec               cc=e0 a=44 b=44 dp=00 x=a58c y=0002 u=18fc s=1ff2  dt=24
13ec| ec81        LDD   ,X++                cc=e0 a=44 b=44 dp=00 x=a58e y=0002 u=18fc s=1ff2  dt=64
13ee| edc1        STD   ,U++                cc=e0 a=44 b=44 dp=00 x=a58e y=0002 u=18fe s=1ff2  dt=64
13f0| 313f        LEAY  -1,Y                cc=e0 a=44 b=44 dp=00 x=a58e y=0001 u=18fe s=1ff2  dt=40
13f2| 26f8        BNE   $13ec               cc=e0 a=44 b=44 dp=00 x=a58e y=0001 u=18fe s=1ff2  dt=24
13ec| ec81        LDD   ,X++                cc=e0 a=44 b=44 dp=00 x=a590 y=0001 u=18fe s=1ff2  dt=64
13ee| edc1        STD   ,U++                cc=e0 a=44 b=44 dp=00 x=a590 y=0001 u=1900 s=1ff2  dt=64
13f0| 313f        LEAY  -1,Y                cc=e4 a=44 b=44 dp=00 x=a590 y=0000 u=1900 s=1ff2  dt=40
13f2| 26f8        BNE   $13ec               cc=e4 a=44 b=44 dp=00 x=a590 y=0000 u=1900 s=1ff2  dt=24
13f4| cea470      LDU   #$a470              cc=e8 a=44 b=44 dp=00 x=a590 y=0000 u=a470 s=1ff2  dt=24
13f7| 8604        LDA   #$04                cc=e0 a=04 b=44 dp=00 x=a590 y=0000 u=a470 s=1ff2  dt=16
13f9| 975d        STA   <$5d                cc=e0 a=04 b=44 dp=00 x=a590 y=0000 u=a470 s=1ff2  dt=32
13fb| 6dc4        TST   ,U                  cc=e0 a=04 b=44 dp=00 x=a590 y=0000 u=a470 s=1ff2  dt=48
13fd| 2723        BEQ   $1422               cc=e0 a=04 b=44 dp=00 x=a590 y=0000 u=a470 s=1ff2  dt=24
13ff| 6d46        TST   6,U                 cc=e0 a=04 b=44 dp=00 x=a590 y=0000 u=a470 s=1ff2  dt=56
1401| 261f        BNE   $1422               cc=e0 a=04 b=44 dp=00 x=a590 y=0000 u=a470 s=1ff2  dt=24
1422| 3348        LEAU  8,U                 cc=e0 a=04 b=44 dp=00 x=a590 y=0000 u=a478 s=1ff2  dt=40
1424| 0a5d        DEC   <$5d                cc=e0 a=04 b=44 dp=00 x=a590 y=0000 u=a478 s=1ff2  dt=48
1426| 26d3        BNE   $13fb               cc=e0 a=04 b=44 dp=00 x=a590 y=0000 u=a478 s=1ff2  dt=24
13fb| 6dc4        TST   ,U                  cc=e0 a=04 b=44 dp=00 x=a590 y=0000 u=a478 s=1ff2  dt=48
13fd| 2723        BEQ   $1422               cc=e0 a=04 b=44 dp=00 x=a590 y=0000 u=a478 s=1ff2  dt=24
13ff| 6d46        TST   6,U                 cc=e0 a=04 b=44 dp=00 x=a590 y=0000 u=a478 s=1ff2  dt=56
1401| 261f        BNE   $1422               cc=e0 a=04 b=44 dp=00 x=a590 y=0000 u=a478 s=1ff2  dt=24
1422| 3348        LEAU  8,U                 cc=e0 a=04 b=44 dp=00 x=a590 y=0000 u=a480 s=1ff2  dt=40
1424| 0a5d        DEC   <$5d                cc=e0 a=04 b=44 dp=00 x=a590 y=0000 u=a480 s=1ff2  dt=48
1426| 26d3        BNE   $13fb               cc=e0 a=04 b=44 dp=00 x=a590 y=0000 u=a480 s=1ff2  dt=24
13fb| 6dc4        TST   ,U                  cc=e0 a=04 b=44 dp=00 x=a590 y=0000 u=a480 s=1ff2  dt=48
13fd| 2723        BEQ   $1422               cc=e0 a=04 b=44 dp=00 x=a590 y=0000 u=a480 s=1ff2  dt=24
13ff| 6d46        TST   6,U                 cc=e0 a=04 b=44 dp=00 x=a590 y=0000 u=a480 s=1ff2  dt=56
1401| 261f        BNE   $1422               cc=e0 a=04 b=44 dp=00 x=a590 y=0000 u=a480 s=1ff2  dt=24
1422| 3348        LEAU  8,U                 cc=e0 a=04 b=44 dp=00 x=a590 y=0000 u=a488 s=1ff2  dt=40
1424| 0a5d        DEC   <$5d                cc=e0 a=04 b=44 dp=00 x=a590 y=0000 u=a488 s=1ff2  dt=48
1426| 26d3        BNE   $13fb               cc=e0 a=04 b=44 dp=00 x=a590 y=0000 u=a488 s=1ff2  dt=24
13fb| 6dc4        TST   ,U                  cc=e0 a=04 b=44 dp=00 x=a590 y=0000 u=a488 s=1ff2  dt=48
13fd| 2723        BEQ   $1422               cc=e0 a=04 b=44 dp=00 x=a590 y=0000 u=a488 s=1ff2  dt=24
13ff| 6d46        TST   6,U                 cc=e0 a=04 b=44 dp=00 x=a590 y=0000 u=a488 s=1ff2  dt=56
1401| 261f        BNE   $1422               cc=e0 a=04 b=44 dp=00 x=a590 y=0000 u=a488 s=1ff2  dt=24
1422| 3348        LEAU  8,U                 cc=e0 a=04 b=44 dp=00 x=a590 y=0000 u=a490 s=1ff2  dt=40
1424| 0a5d        DEC   <$5d                cc=e4 a=04 b=44 dp=00 x=a590 y=0000 u=a490 s=1ff2  dt=48
1426| 26d3        BNE   $13fb               cc=e4 a=04 b=44 dp=00 x=a590 y=0000 u=a490 s=1ff2  dt=24
1428| 965a        LDA   <$5a                cc=e0 a=02 b=44 dp=00 x=a590 y=0000 u=a490 s=1ff2  dt=32
142a| 8101        CMPA  #$01                cc=e0 a=02 b=44 dp=00 x=a590 y=0000 u=a490 s=1ff2  dt=16
142c| 2714        BEQ   $1442               cc=e0 a=02 b=44 dp=00 x=a590 y=0000 u=a490 s=1ff2  dt=24
142e| 8102        CMPA  #$02                cc=e4 a=02 b=44 dp=00 x=a590 y=0000 u=a490 s=1ff2  dt=16
1430| 2606        BNE   $1438               cc=e4 a=02 b=44 dp=00 x=a590 y=0000 u=a490 s=1ff2  dt=24
1432| 9658        LDA   <$58                cc=e0 a=04 b=44 dp=00 x=a590 y=0000 u=a490 s=1ff2  dt=32
1434| 8104        CMPA  #$04                cc=e4 a=04 b=44 dp=00 x=a590 y=0000 u=a490 s=1ff2  dt=16
1436| 2710        BEQ   $1448               cc=e4 a=04 b=44 dp=00 x=a590 y=0000 u=a490 s=1ff2  dt=24
1448| 8e1800      LDX   #$1800              cc=e0 a=04 b=44 dp=00 x=1800 y=0000 u=a490 s=1ff2  dt=24
144b| ce4dec      LDU   #$4dec              cc=e0 a=04 b=44 dp=00 x=1800 y=0000 u=4dec s=1ff2  dt=24
144e| 108e0020    LDY   #$0020              cc=e0 a=04 b=44 dp=00 x=1800 y=0020 u=4dec s=1ff2  dt=32
1452| ec81        LDD   ,X++                cc=e0 a=44 b=00 dp=00 x=1802 y=0020 u=4dec s=1ff2  dt=64
1454| edc1        STD   ,U++                cc=e0 a=44 b=00 dp=00 x=1802 y=0020 u=4dee s=1ff2  dt=64
1456| ec81        LDD   ,X++                cc=e4 a=00 b=00 dp=00 x=1804 y=0020 u=4dee s=1ff2  dt=64
1458| edc1        STD   ,U++                cc=e4 a=00 b=00 dp=00 x=1804 y=0020 u=4df0 s=1ff2  dt=64
145a| ec81        LDD   ,X++                cc=e4 a=00 b=00 dp=00 x=1806 y=0020 u=4df0 s=1ff2  dt=64
145c| edc1        STD   ,U++                cc=e4 a=00 b=00 dp=00 x=1806 y=0020 u=4df2 s=1ff2  dt=64
145e| ec81        LDD   ,X++                cc=e4 a=00 b=00 dp=00 x=1808 y=0020 u=4df2 s=1ff2  dt=64
1460| edc1        STD   ,U++                cc=e4 a=00 b=00 dp=00 x=1808 y=0020 u=4df4 s=1ff2  dt=64
1462| 33c90098    LEAU  $0098,U             cc=e4 a=00 b=00 dp=00 x=1808 y=0020 u=4e8c s=1ff2  dt=64
1466| 313f        LEAY  -1,Y                cc=e0 a=00 b=00 dp=00 x=1808 y=001f u=4e8c s=1ff2  dt=40
1468| 26e8        BNE   $1452               cc=e0 a=00 b=00 dp=00 x=1808 y=001f u=4e8c s=1ff2  dt=24
1452| ec81        LDD   ,X++                cc=e4 a=00 b=00 dp=00 x=180a y=001f u=4e8c s=1ff2  dt=64
1454| edc1        STD   ,U++                cc=e4 a=00 b=00 dp=00 x=180a y=001f u=4e8e s=1ff2  dt=64
1456| ec81        LDD   ,X++                cc=e4 a=00 b=00 dp=00 x=180c y=001f u=4e8e s=1ff2  dt=64
1458| edc1        STD   ,U++                cc=e4 a=00 b=00 dp=00 x=180c y=001f u=4e90 s=1ff2  dt=64
145a| ec81        LDD   ,X++                cc=e4 a=00 b=00 dp=00 x=180e y=001f u=4e90 s=1ff2  dt=64
145c| edc1        STD   ,U++                cc=e4 a=00 b=00 dp=00 x=180e y=001f u=4e92 s=1ff2  dt=64
145e| ec81        LDD   ,X++                cc=e4 a=00 b=00 dp=00 x=1810 y=001f u=4e92 s=1ff2  dt=64
1460| edc1        STD   ,U++                cc=e4 a=00 b=00 dp=00 x=1810 y=001f u=4e94 s=1ff2  dt=64
1462| 33c90098    LEAU  $0098,U             cc=e4 a=00 b=00 dp=00 x=1810 y=001f u=4f2c s=1ff2  dt=64
1466| 313f        LEAY  -1,Y                cc=e0 a=00 b=00 dp=00 x=1810 y=001e u=4f2c s=1ff2  dt=40
1468| 26e8        BNE   $1452               cc=e0 a=00 b=00 dp=00 x=1810 y=001e u=4f2c s=1ff2  dt=24
1452| ec81        LDD   ,X++                cc=e4 a=00 b=00 dp=00 x=1812 y=001e u=4f2c s=1ff2  dt=64
1454| edc1        STD   ,U++                cc=e4 a=00 b=00 dp=00 x=1812 y=001e u=4f2e s=1ff2  dt=64
1456| ec81        LDD   ,X++                cc=e4 a=00 b=00 dp=00 x=1814 y=001e u=4f2e s=1ff2  dt=64
1458| edc1        STD   ,U++                cc=e4 a=00 b=00 dp=00 x=1814 y=001e u=4f30 s=1ff2  dt=64
145a| ec81        LDD   ,X++                cc=e4 a=00 b=00 dp=00 x=1816 y=001e u=4f30 s=1ff2  dt=64
145c| edc1        STD   ,U++                cc=e4 a=00 b=00 dp=00 x=1816 y=001e u=4f32 s=1ff2  dt=64
145e| ec81        LDD   ,X++                cc=e4 a=00 b=00 dp=00 x=1818 y=001e u=4f32 s=1ff2  dt=64
1460| edc1        STD   ,U++                cc=e4 a=00 b=00 dp=00 x=1818 y=001e u=4f34 s=1ff2  dt=64
1462| 33c90098    LEAU  $0098,U             cc=e4 a=00 b=00 dp=00 x=1818 y=001e u=4fcc s=1ff2  dt=64
1466| 313f        LEAY  -1,Y                cc=e0 a=00 b=00 dp=00 x=1818 y=001d u=4fcc s=1ff2  dt=40
1468| 26e8        BNE   $1452               cc=e0 a=00 b=00 dp=00 x=1818 y=001d u=4fcc s=1ff2  dt=24
1452| ec81        LDD   ,X++                cc=e4 a=00 b=00 dp=00 x=181a y=001d u=4fcc s=1ff2  dt=64
1454| edc1        STD   ,U++                cc=e4 a=00 b=00 dp=00 x=181a y=001d u=4fce s=1ff2  dt=64
1456| ec81        LDD   ,X++                cc=e4 a=00 b=00 dp=00 x=181c y=001d u=4fce s=1ff2  dt=64
1458| edc1        STD   ,U++                cc=e4 a=00 b=00 dp=00 x=181c y=001d u=4fd0 s=1ff2  dt=64
145a| ec81        LDD   ,X++                cc=e4 a=00 b=00 dp=00 x=181e y=001d u=4fd0 s=1ff2  dt=64
145c| edc1        STD   ,U++                cc=e4 a=00 b=00 dp=00 x=181e y=001d u=4fd2 s=1ff2  dt=64
145e| ec81        LDD   ,X++                cc=e4 a=00 b=00 dp=00 x=1820 y=001d u=4fd2 s=1ff2  dt=64
1460| edc1        STD   ,U++                cc=e4 a=00 b=00 dp=00 x=1820 y=001d u=4fd4 s=1ff2  dt=64
1462| 33c90098    LEAU  $0098,U             cc=e4 a=00 b=00 dp=00 x=1820 y=001d u=506c s=1ff2  dt=64
1466| 313f        LEAY  -1,Y                cc=e0 a=00 b=00 dp=00 x=1820 y=001c u=506c s=1ff2  dt=40
1468| 26e8        BNE   $1452               cc=e0 a=00 b=00 dp=00 x=1820 y=001c u=506c s=1ff2  dt=24
1452| ec81        LDD   ,X++                cc=e4 a=00 b=00 dp=00 x=1822 y=001c u=506c s=1ff2  dt=64
1454| edc1        STD   ,U++                cc=e4 a=00 b=00 dp=00 x=1822 y=001c u=506e s=1ff2  dt=64
1456| ec81        LDD   ,X++                cc=e4 a=00 b=00 dp=00 x=1824 y=001c u=506e s=1ff2  dt=64
1458| edc1        STD   ,U++                cc=e4 a=00 b=00 dp=00 x=1824 y=001c u=5070 s=1ff2  dt=64
145a| ec81        LDD   ,X++                cc=e4 a=00 b=00 dp=00 x=1826 y=001c u=5070 s=1ff2  dt=64
145c| edc1        STD   ,U++                cc=e4 a=00 b=00 dp=00 x=1826 y=001c u=5072 s=1ff2  dt=64
145e| ec81        LDD   ,X++                cc=e4 a=00 b=00 dp=00 x=1828 y=001c u=5072 s=1ff2  dt=64
1460| edc1        STD   ,U++                cc=e4 a=00 b=00 dp=00 x=1828 y=001c u=5074 s=1ff2  dt=64
1462| 33c90098    LEAU  $0098,U             cc=e4 a=00 b=00 dp=00 x=1828 y=001c u=510c s=1ff2  dt=64
1466| 313f        LEAY  -1,Y                cc=e0 a=00 b=00 dp=00 x=1828 y=001b u=510c s=1ff2  dt=40
1468| 26e8        BNE   $1452               cc=e0 a=00 b=00 dp=00 x=1828 y=001b u=510c s=1ff2  dt=24
1452| ec81        LDD   ,X++                cc=e4 a=00 b=00 dp=00 x=182a y=001b u=510c s=1ff2  dt=64
1454| edc1        STD   ,U++                cc=e4 a=00 b=00 dp=00 x=182a y=001b u=510e s=1ff2  dt=64
1456| ec81        LDD   ,X++                cc=e4 a=00 b=00 dp=00 x=182c y=001b u=510e s=1ff2  dt=64
1458| edc1        STD   ,U++                cc=e4 a=00 b=00 dp=00 x=182c y=001b u=5110 s=1ff2  dt=64
145a| ec81        LDD   ,X++                cc=e4 a=00 b=00 dp=00 x=182e y=001b u=5110 s=1ff2  dt=64
145c| edc1        STD   ,U++                cc=e4 a=00 b=00 dp=00 x=182e y=001b u=5112 s=1ff2  dt=64
145e| ec81        LDD   ,X++                cc=e4 a=00 b=00 dp=00 x=1830 y=001b u=5112 s=1ff2  dt=64
1460| edc1        STD   ,U++                cc=e4 a=00 b=00 dp=00 x=1830 y=001b u=5114 s=1ff2  dt=64
1462| 33c90098    LEAU  $0098,U             cc=e4 a=00 b=00 dp=00 x=1830 y=001b u=51ac s=1ff2  dt=64
1466| 313f        LEAY  -1,Y                cc=e0 a=00 b=00 dp=00 x=1830 y=001a u=51ac s=1ff2  dt=40
1468| 26e8        BNE   $1452               cc=e0 a=00 b=00 dp=00 x=1830 y=001a u=51ac s=1ff2  dt=24
1452| ec81        LDD   ,X++                cc=e4 a=00 b=00 dp=00 x=1832 y=001a u=51ac s=1ff2  dt=64
1454| edc1        STD   ,U++                cc=e4 a=00 b=00 dp=00 x=1832 y=001a u=51ae s=1ff2  dt=64
1456| ec81        LDD   ,X++                cc=e4 a=00 b=00 dp=00 x=1834 y=001a u=51ae s=1ff2  dt=64
1458| edc1        STD   ,U++                cc=e4 a=00 b=00 dp=00 x=1834 y=001a u=51b0 s=1ff2  dt=64
145a| ec81        LDD   ,X++                cc=e4 a=00 b=00 dp=00 x=1836 y=001a u=51b0 s=1ff2  dt=64
145c| edc1        STD   ,U++                cc=e4 a=00 b=00 dp=00 x=1836 y=001a u=51b2 s=1ff2  dt=64
145e| ec81        LDD   ,X++                cc=e4 a=00 b=00 dp=00 x=1838 y=001a u=51b2 s=1ff2  dt=64
1460| edc1        STD   ,U++                cc=e4 a=00 b=00 dp=00 x=1838 y=001a u=51b4 s=1ff2  dt=64
1462| 33c90098    LEAU  $0098,U             cc=e4 a=00 b=00 dp=00 x=1838 y=001a u=524c s=1ff2  dt=64
1466| 313f        LEAY  -1,Y                cc=e0 a=00 b=00 dp=00 x=1838 y=0019 u=524c s=1ff2  dt=40
1468| 26e8        BNE   $1452               cc=e0 a=00 b=00 dp=00 x=1838 y=0019 u=524c s=1ff2  dt=24
1452| ec81        LDD   ,X++                cc=e4 a=00 b=00 dp=00 x=183a y=0019 u=524c s=1ff2  dt=64
1454| edc1        STD   ,U++                cc=e4 a=00 b=00 dp=00 x=183a y=0019 u=524e s=1ff2  dt=64
1456| ec81        LDD   ,X++                cc=e4 a=00 b=00 dp=00 x=183c y=0019 u=524e s=1ff2  dt=64
1458| edc1        STD   ,U++                cc=e4 a=00 b=00 dp=00 x=183c y=0019 u=5250 s=1ff2  dt=64
145a| ec81        LDD   ,X++                cc=e8 a=b0 b=b0 dp=00 x=183e y=0019 u=5250 s=1ff2  dt=64
145c| edc1        STD   ,U++                cc=e8 a=b0 b=b0 dp=00 x=183e y=0019 u=5252 s=1ff2  dt=64
145e| ec81        LDD   ,X++                cc=e4 a=00 b=00 dp=00 x=1840 y=0019 u=5252 s=1ff2  dt=64
1460| edc1        STD   ,U++                cc=e4 a=00 b=00 dp=00 x=1840 y=0019 u=5254 s=1ff2  dt=64
1462| 33c90098    LEAU  $0098,U             cc=e4 a=00 b=00 dp=00 x=1840 y=0019 u=52ec s=1ff2  dt=64
1466| 313f        LEAY  -1,Y                cc=e0 a=00 b=00 dp=00 x=1840 y=0018 u=52ec s=1ff2  dt=40
1468| 26e8        BNE   $1452               cc=e0 a=00 b=00 dp=00 x=1840 y=0018 u=52ec s=1ff2  dt=24
1452| ec81        LDD   ,X++                cc=e4 a=00 b=00 dp=00 x=1842 y=0018 u=52ec s=1ff2  dt=64
1454| edc1        STD   ,U++                cc=e4 a=00 b=00 dp=00 x=1842 y=0018 u=52ee s=1ff2  dt=64
1456| ec81        LDD   ,X++                cc=e4 a=00 b=00 dp=00 x=1844 y=0018 u=52ee s=1ff2  dt=64
1458| edc1        STD   ,U++                cc=e4 a=00 b=00 dp=00 x=1844 y=0018 u=52f0 s=1ff2  dt=64
145a| ec81        LDD   ,X++                cc=e0 a=06 b=00 dp=00 x=1846 y=0018 u=52f0 s=1ff2  dt=64
145c| edc1        STD   ,U++                cc=e0 a=06 b=00 dp=00 x=1846 y=0018 u=52f2 s=1ff2  dt=64
145e| ec81        LDD   ,X++                cc=e4 a=00 b=00 dp=00 x=1848 y=0018 u=52f2 s=1ff2  dt=64
1460| edc1        STD   ,U++                cc=e4 a=00 b=00 dp=00 x=1848 y=0018 u=52f4 s=1ff2  dt=64
1462| 33c90098    LEAU  $0098,U             cc=e4 a=00 b=00 dp=00 x=1848 y=0018 u=538c s=1ff2  dt=64
1466| 313f        LEAY  -1,Y                cc=e0 a=00 b=00 dp=00 x=1848 y=0017 u=538c s=1ff2  dt=40
1468| 26e8        BNE   $1452               cc=e0 a=00 b=00 dp=00 x=1848 y=0017 u=538c s=1ff2  dt=24
1452| ec81        LDD   ,X++                cc=e4 a=00 b=00 dp=00 x=184a y=0017 u=538c s=1ff2  dt=64
1454| edc1        STD   ,U++                cc=e4 a=00 b=00 dp=00 x=184a y=0017 u=538e s=1ff2  dt=64
1456| ec81        LDD   ,X++                cc=e4 a=00 b=00 dp=00 x=184c y=0017 u=538e s=1ff2  dt=64
1458| edc1        STD   ,U++                cc=e4 a=00 b=00 dp=00 x=184c y=0017 u=5390 s=1ff2  dt=64
145a| ec81        LDD   ,X++                cc=e8 a=b0 b=b0 dp=00 x=184e y=0017 u=5390 s=1ff2  dt=64
145c| edc1        STD   ,U++                cc=e8 a=b0 b=b0 dp=00 x=184e y=0017 u=5392 s=1ff2  dt=64
145e| ec81        LDD   ,X++                cc=e4 a=00 b=00 dp=00 x=1850 y=0017 u=5392 s=1ff2  dt=64
1460| edc1        STD   ,U++                cc=e4 a=00 b=00 dp=00 x=1850 y=0017 u=5394 s=1ff2  dt=64
1462| 33c90098    LEAU  $0098,U             cc=e4 a=00 b=00 dp=00 x=1850 y=0017 u=542c s=1ff2  dt=64
1466| 313f        LEAY  -1,Y                cc=e0 a=00 b=00 dp=00 x=1850 y=0016 u=542c s=1ff2  dt=40
1468| 26e8        BNE   $1452               cc=e0 a=00 b=00 dp=00 x=1850 y=0016 u=542c s=1ff2  dt=24
1452| ec81        LDD   ,X++                cc=e4 a=00 b=00 dp=00 x=1852 y=0016 u=542c s=1ff2  dt=64
1454| edc1        STD   ,U++                cc=e4 a=00 b=00 dp=00 x=1852 y=0016 u=542e s=1ff2  dt=64
1456| ec81        LDD   ,X++                cc=e4 a=00 b=00 dp=00 x=1854 y=0016 u=542e s=1ff2  dt=64
1458| edc1        STD   ,U++                cc=e4 a=00 b=00 dp=00 x=1854 y=0016 u=5430 s=1ff2  dt=64
145a| ec81        LDD   ,X++                cc=e4 a=00 b=00 dp=00 x=1856 y=0016 u=5430 s=1ff2  dt=64
145c| edc1        STD   ,U++                cc=e4 a=00 b=00 dp=00 x=1856 y=0016 u=5432 s=1ff2  dt=64
145e| ec81        LDD   ,X++                cc=e4 a=00 b=00 dp=00 x=1858 y=0016 u=5432 s=1ff2  dt=64
1460| edc1        STD   ,U++                cc=e4 a=00 b=00 dp=00 x=1858 y=0016 u=5434 s=1ff2  dt=64
1462| 33c90098    LEAU  $0098,U             cc=e4 a=00 b=00 dp=00 x=1858 y=0016 u=54cc s=1ff2  dt=64
1466| 313f        LEAY  -1,Y                cc=e0 a=00 b=00 dp=00 x=1858 y=0015 u=54cc s=1ff2  dt=40
1468| 26e8        BNE   $1452               cc=e0 a=00 b=00 dp=00 x=1858 y=0015 u=54cc s=1ff2  dt=24
1452| ec81        LDD   ,X++                cc=e4 a=00 b=00 dp=00 x=185a y=0015 u=54cc s=1ff2  dt=64
1454| edc1        STD   ,U++                cc=e4 a=00 b=00 dp=00 x=185a y=0015 u=54ce s=1ff2  dt=64
1456| ec81        LDD   ,X++                cc=e4 a=00 b=00 dp=00 x=185c y=0015 u=54ce s=1ff2  dt=64
1458| edc1        STD   ,U++                cc=e4 a=00 b=00 dp=00 x=185c y=0015 u=54d0 s=1ff2  dt=64
145a| ec81        LDD   ,X++                cc=e4 a=00 b=00 dp=00 x=185e y=0015 u=54d0 s=1ff2  dt=64
145c| edc1        STD   ,U++                cc=e4 a=00 b=00 dp=00 x=185e y=0015 u=54d2 s=1ff2  dt=64
145e| ec81        LDD   ,X++                cc=e4 a=00 b=00 dp=00 x=1860 y=0015 u=54d2 s=1ff2  dt=64
1460| edc1        STD   ,U++                cc=e4 a=00 b=00 dp=00 x=1860 y=0015 u=54d4 s=1ff2  dt=64
1462| 33c90098    LEAU  $0098,U             cc=e4 a=00 b=00 dp=00 x=1860 y=0015 u=556c s=1ff2  dt=64
1466| 313f        LEAY  -1,Y                cc=e0 a=00 b=00 dp=00 x=1860 y=0014 u=556c s=1ff2  dt=40
1468| 26e8        BNE   $1452               cc=e0 a=00 b=00 dp=00 x=1860 y=0014 u=556c s=1ff2  dt=24
1452| ec81        LDD   ,X++                cc=e4 a=00 b=00 dp=00 x=1862 y=0014 u=556c s=1ff2  dt=64
1454| edc1        STD   ,U++                cc=e4 a=00 b=00 dp=00 x=1862 y=0014 u=556e s=1ff2  dt=64
1456| ec81        LDD   ,X++                cc=e4 a=00 b=00 dp=00 x=1864 y=0014 u=556e s=1ff2  dt=64
1458| edc1        STD   ,U++                cc=e4 a=00 b=00 dp=00 x=1864 y=0014 u=5570 s=1ff2  dt=64
145a| ec81        LDD   ,X++                cc=e4 a=00 b=00 dp=00 x=1866 y=0014 u=5570 s=1ff2  dt=64
145c| edc1        STD   ,U++                cc=e4 a=00 b=00 dp=00 x=1866 y=0014 u=5572 s=1ff2  dt=64
145e| ec81        LDD   ,X++                cc=e4 a=00 b=00 dp=00 x=1868 y=0014 u=5572 s=1ff2  dt=64
1460| edc1        STD   ,U++                cc=e4 a=00 b=00 dp=00 x=1868 y=0014 u=5574 s=1ff2  dt=64
1462| 33c90098    LEAU  $0098,U             cc=e4 a=00 b=00 dp=00 x=1868 y=0014 u=560c s=1ff2  dt=64
1466| 313f        LEAY  -1,Y                cc=e0 a=00 b=00 dp=00 x=1868 y=0013 u=560c s=1ff2  dt=40
1468| 26e8        BNE   $1452               cc=e0 a=00 b=00 dp=00 x=1868 y=0013 u=560c s=1ff2  dt=24
1452| ec81        LDD   ,X++                cc=e4 a=00 b=00 dp=00 x=186a y=0013 u=560c s=1ff2  dt=64
1454| edc1        STD   ,U++                cc=e4 a=00 b=00 dp=00 x=186a y=0013 u=560e s=1ff2  dt=64
1456| ec81        LDD   ,X++                cc=e4 a=00 b=00 dp=00 x=186c y=0013 u=560e s=1ff2  dt=64
1458| edc1        STD   ,U++                cc=e4 a=00 b=00 dp=00 x=186c y=0013 u=5610 s=1ff2  dt=64
145a| ec81        LDD   ,X++                cc=e4 a=00 b=00 dp=00 x=186e y=0013 u=5610 s=1ff2  dt=64
145c| edc1        STD   ,U++                cc=e4 a=00 b=00 dp=00 x=186e y=0013 u=5612 s=1ff2  dt=64
145e| ec81        LDD   ,X++                cc=e4 a=00 b=00 dp=00 x=1870 y=0013 u=5612 s=1ff2  dt=64
1460| edc1        STD   ,U++                cc=e4 a=00 b=00 dp=00 x=1870 y=0013 u=5614 s=1ff2  dt=64
1462| 33c90098    LEAU  $0098,U             cc=e4 a=00 b=00 dp=00 x=1870 y=0013 u=56ac s=1ff2  dt=64
1466| 313f        LEAY  -1,Y                cc=e0 a=00 b=00 dp=00 x=1870 y=0012 u=56ac s=1ff2  dt=40
1468| 26e8        BNE   $1452               cc=e0 a=00 b=00 dp=00 x=1870 y=0012 u=56ac s=1ff2  dt=24
1452| ec81        LDD   ,X++                cc=e4 a=00 b=00 dp=00 x=1872 y=0012 u=56ac s=1ff2  dt=64
1454| edc1        STD   ,U++                cc=e4 a=00 b=00 dp=00 x=1872 y=0012 u=56ae s=1ff2  dt=64
1456| ec81        LDD   ,X++                cc=e4 a=00 b=00 dp=00 x=1874 y=0012 u=56ae s=1ff2  dt=64
1458| edc1        STD   ,U++                cc=e4 a=00 b=00 dp=00 x=1874 y=0012 u=56b0 s=1ff2  dt=64
145a| ec81        LDD   ,X++                cc=e4 a=00 b=00 dp=00 x=1876 y=0012 u=56b0 s=1ff2  dt=64
145c| edc1        STD   ,U++                cc=e4 a=00 b=00 dp=00 x=1876 y=0012 u=56b2 s=1ff2  dt=64
145e| ec81        LDD   ,X++                cc=e4 a=00 b=00 dp=00 x=1878 y=0012 u=56b2 s=1ff2  dt=64
1460| edc1        STD   ,U++                cc=e4 a=00 b=00 dp=00 x=1878 y=0012 u=56b4 s=1ff2  dt=64
1462| 33c90098    LEAU  $0098,U             cc=e4 a=00 b=00 dp=00 x=1878 y=0012 u=574c s=1ff2  dt=64
1466| 313f        LEAY  -1,Y                cc=e0 a=00 b=00 dp=00 x=1878 y=0011 u=574c s=1ff2  dt=40
1468| 26e8        BNE   $1452               cc=e0 a=00 b=00 dp=00 x=1878 y=0011 u=574c s=1ff2  dt=24
1452| ec81        LDD   ,X++                cc=e0 a=44 b=00 dp=00 x=187a y=0011 u=574c s=1ff2  dt=64
1454| edc1        STD   ,U++                cc=e0 a=44 b=00 dp=00 x=187a y=0011 u=574e s=1ff2  dt=64
1456| ec81        LDD   ,X++                cc=e4 a=00 b=00 dp=00 x=187c y=0011 u=574e s=1ff2  dt=64
1458| edc1        STD   ,U++                cc=e4 a=00 b=00 dp=00 x=187c y=0011 u=5750 s=1ff2  dt=64
145a| ec81        LDD   ,X++                cc=e4 a=00 b=00 dp=00 x=187e y=0011 u=5750 s=1ff2  dt=64
145c| edc1        STD   ,U++                cc=e4 a=00 b=00 dp=00 x=187e y=0011 u=5752 s=1ff2  dt=64
145e| ec81        LDD   ,X++                cc=e4 a=00 b=00 dp=00 x=1880 y=0011 u=5752 s=1ff2  dt=64
1460| edc1        STD   ,U++                cc=e4 a=00 b=00 dp=00 x=1880 y=0011 u=5754 s=1ff2  dt=64
1462| 33c90098    LEAU  $0098,U             cc=e4 a=00 b=00 dp=00 x=1880 y=0011 u=57ec s=1ff2  dt=64
1466| 313f        LEAY  -1,Y                cc=e0 a=00 b=00 dp=00 x=1880 y=0010 u=57ec s=1ff2  dt=40
1468| 26e8        BNE   $1452               cc=e0 a=00 b=00 dp=00 x=1880 y=0010 u=57ec s=1ff2  dt=24
1452| ec81        LDD   ,X++                cc=e0 a=44 b=00 dp=00 x=1882 y=0010 u=57ec s=1ff2  dt=64
1454| edc1        STD   ,U++                cc=e0 a=44 b=00 dp=00 x=1882 y=0010 u=57ee s=1ff2  dt=64
1456| ec81        LDD   ,X++                cc=e4 a=00 b=00 dp=00 x=1884 y=0010 u=57ee s=1ff2  dt=64
1458| edc1        STD   ,U++                cc=e4 a=00 b=00 dp=00 x=1884 y=0010 u=57f0 s=1ff2  dt=64
145a| ec81        LDD   ,X++                cc=e4 a=00 b=00 dp=00 x=1886 y=0010 u=57f0 s=1ff2  dt=64
145c| edc1        STD   ,U++                cc=e4 a=00 b=00 dp=00 x=1886 y=0010 u=57f2 s=1ff2  dt=64
145e| ec81        LDD   ,X++                cc=e4 a=00 b=00 dp=00 x=1888 y=0010 u=57f2 s=1ff2  dt=64
1460| edc1        STD   ,U++                cc=e4 a=00 b=00 dp=00 x=1888 y=0010 u=57f4 s=1ff2  dt=64
1462| 33c90098    LEAU  $0098,U             cc=e4 a=00 b=00 dp=00 x=1888 y=0010 u=588c s=1ff2  dt=64
1466| 313f        LEAY  -1,Y                cc=e0 a=00 b=00 dp=00 x=1888 y=000f u=588c s=1ff2  dt=40
1468| 26e8        BNE   $1452               cc=e0 a=00 b=00 dp=00 x=1888 y=000f u=588c s=1ff2  dt=24
1452| ec81        LDD   ,X++                cc=e0 a=44 b=00 dp=00 x=188a y=000f u=588c s=1ff2  dt=64
1454| edc1        STD   ,U++                cc=e0 a=44 b=00 dp=00 x=188a y=000f u=588e s=1ff2  dt=64
1456| ec81        LDD   ,X++                cc=e4 a=00 b=00 dp=00 x=188c y=000f u=588e s=1ff2  dt=64
1458| edc1        STD   ,U++                cc=e4 a=00 b=00 dp=00 x=188c y=000f u=5890 s=1ff2  dt=64
145a| ec81        LDD   ,X++                cc=e4 a=00 b=00 dp=00 x=188e y=000f u=5890 s=1ff2  dt=64
145c| edc1        STD   ,U++                cc=e4 a=00 b=00 dp=00 x=188e y=000f u=5892 s=1ff2  dt=64
145e| ec81        LDD   ,X++                cc=e4 a=00 b=00 dp=00 x=1890 y=000f u=5892 s=1ff2  dt=64
1460| edc1        STD   ,U++                cc=e4 a=00 b=00 dp=00 x=1890 y=000f u=5894 s=1ff2  dt=64
1462| 33c90098    LEAU  $0098,U             cc=e4 a=00 b=00 dp=00 x=1890 y=000f u=592c s=1ff2  dt=64
1466| 313f        LEAY  -1,Y                cc=e0 a=00 b=00 dp=00 x=1890 y=000e u=592c s=1ff2  dt=40
1468| 26e8        BNE   $1452               cc=e0 a=00 b=00 dp=00 x=1890 y=000e u=592c s=1ff2  dt=24
1452| ec81        LDD   ,X++                cc=e0 a=44 b=00 dp=00 x=1892 y=000e u=592c s=1ff2  dt=64
1454| edc1        STD   ,U++                cc=e0 a=44 b=00 dp=00 x=1892 y=000e u=592e s=1ff2  dt=64
1456| ec81        LDD   ,X++                cc=e4 a=00 b=00 dp=00 x=1894 y=000e u=592e s=1ff2  dt=64
1458| edc1        STD   ,U++                cc=e4 a=00 b=00 dp=00 x=1894 y=000e u=5930 s=1ff2  dt=64
145a| ec81        LDD   ,X++                cc=e4 a=00 b=00 dp=00 x=1896 y=000e u=5930 s=1ff2  dt=64
145c| edc1        STD   ,U++                cc=e4 a=00 b=00 dp=00 x=1896 y=000e u=5932 s=1ff2  dt=64
145e| ec81        LDD   ,X++                cc=e4 a=00 b=00 dp=00 x=1898 y=000e u=5932 s=1ff2  dt=64
1460| edc1        STD   ,U++                cc=e4 a=00 b=00 dp=00 x=1898 y=000e u=5934 s=1ff2  dt=64
1462| 33c90098    LEAU  $0098,U             cc=e4 a=00 b=00 dp=00 x=1898 y=000e u=59cc s=1ff2  dt=64
1466| 313f        LEAY  -1,Y                cc=e0 a=00 b=00 dp=00 x=1898 y=000d u=59cc s=1ff2  dt=40
1468| 26e8        BNE   $1452               cc=e0 a=00 b=00 dp=00 x=1898 y=000d u=59cc s=1ff2  dt=24
1452| ec81        LDD   ,X++                cc=e0 a=44 b=00 dp=00 x=189a y=000d u=59cc s=1ff2  dt=64
1454| edc1        STD   ,U++                cc=e0 a=44 b=00 dp=00 x=189a y=000d u=59ce s=1ff2  dt=64
1456| ec81        LDD   ,X++                cc=e4 a=00 b=00 dp=00 x=189c y=000d u=59ce s=1ff2  dt=64
1458| edc1        STD   ,U++                cc=e4 a=00 b=00 dp=00 x=189c y=000d u=59d0 s=1ff2  dt=64
145a| ec81        LDD   ,X++                cc=e4 a=00 b=00 dp=00 x=189e y=000d u=59d0 s=1ff2  dt=64
145c| edc1        STD   ,U++                cc=e4 a=00 b=00 dp=00 x=189e y=000d u=59d2 s=1ff2  dt=64
145e| ec81        LDD   ,X++                cc=e4 a=00 b=00 dp=00 x=18a0 y=000d u=59d2 s=1ff2  dt=64
1460| edc1        STD   ,U++                cc=e4 a=00 b=00 dp=00 x=18a0 y=000d u=59d4 s=1ff2  dt=64
1462| 33c90098    LEAU  $0098,U             cc=e4 a=00 b=00 dp=00 x=18a0 y=000d u=5a6c s=1ff2  dt=64
1466| 313f        LEAY  -1,Y                cc=e0 a=00 b=00 dp=00 x=18a0 y=000c u=5a6c s=1ff2  dt=40
1468| 26e8        BNE   $1452               cc=e0 a=00 b=00 dp=00 x=18a0 y=000c u=5a6c s=1ff2  dt=24
1452| ec81        LDD   ,X++                cc=e0 a=44 b=00 dp=00 x=18a2 y=000c u=5a6c s=1ff2  dt=64
1454| edc1        STD   ,U++                cc=e0 a=44 b=00 dp=00 x=18a2 y=000c u=5a6e s=1ff2  dt=64
1456| ec81        LDD   ,X++                cc=e4 a=00 b=00 dp=00 x=18a4 y=000c u=5a6e s=1ff2  dt=64
1458| edc1        STD   ,U++                cc=e4 a=00 b=00 dp=00 x=18a4 y=000c u=5a70 s=1ff2  dt=64
145a| ec81        LDD   ,X++                cc=e4 a=00 b=00 dp=00 x=18a6 y=000c u=5a70 s=1ff2  dt=64
145c| edc1        STD   ,U++                cc=e4 a=00 b=00 dp=00 x=18a6 y=000c u=5a72 s=1ff2  dt=64
145e| ec81        LDD   ,X++                cc=e4 a=00 b=00 dp=00 x=18a8 y=000c u=5a72 s=1ff2  dt=64
1460| edc1        STD   ,U++                cc=e4 a=00 b=00 dp=00 x=18a8 y=000c u=5a74 s=1ff2  dt=64
1462| 33c90098    LEAU  $0098,U             cc=e4 a=00 b=00 dp=00 x=18a8 y=000c u=5b0c s=1ff2  dt=64
1466| 313f        LEAY  -1,Y                cc=e0 a=00 b=00 dp=00 x=18a8 y=000b u=5b0c s=1ff2  dt=40
1468| 26e8        BNE   $1452               cc=e0 a=00 b=00 dp=00 x=18a8 y=000b u=5b0c s=1ff2  dt=24
1452| ec81        LDD   ,X++                cc=e0 a=44 b=00 dp=00 x=18aa y=000b u=5b0c s=1ff2  dt=64
1454| edc1        STD   ,U++                cc=e0 a=44 b=00 dp=00 x=18aa y=000b u=5b0e s=1ff2  dt=64
1456| ec81        LDD   ,X++                cc=e4 a=00 b=00 dp=00 x=18ac y=000b u=5b0e s=1ff2  dt=64
1458| edc1        STD   ,U++                cc=e4 a=00 b=00 dp=00 x=18ac y=000b u=5b10 s=1ff2  dt=64
145a| ec81        LDD   ,X++                cc=e4 a=00 b=00 dp=00 x=18ae y=000b u=5b10 s=1ff2  dt=64
145c| edc1        STD   ,U++                cc=e4 a=00 b=00 dp=00 x=18ae y=000b u=5b12 s=1ff2  dt=64
145e| ec81        LDD   ,X++                cc=e4 a=00 b=00 dp=00 x=18b0 y=000b u=5b12 s=1ff2  dt=64
1460| edc1        STD   ,U++                cc=e4 a=00 b=00 dp=00 x=18b0 y=000b u=5b14 s=1ff2  dt=64
1462| 33c90098    LEAU  $0098,U             cc=e4 a=00 b=00 dp=00 x=18b0 y=000b u=5bac s=1ff2  dt=64
1466| 313f        LEAY  -1,Y                cc=e0 a=00 b=00 dp=00 x=18b0 y=000a u=5bac s=1ff2  dt=40
1468| 26e8        BNE   $1452               cc=e0 a=00 b=00 dp=00 x=18b0 y=000a u=5bac s=1ff2  dt=24
1452| ec81        LDD   ,X++                cc=e0 a=44 b=00 dp=00 x=18b2 y=000a u=5bac s=1ff2  dt=64
1454| edc1        STD   ,U++                cc=e0 a=44 b=00 dp=00 x=18b2 y=000a u=5bae s=1ff2  dt=64
1456| ec81        LDD   ,X++                cc=e4 a=00 b=00 dp=00 x=18b4 y=000a u=5bae s=1ff2  dt=64
1458| edc1        STD   ,U++                cc=e4 a=00 b=00 dp=00 x=18b4 y=000a u=5bb0 s=1ff2  dt=64
145a| ec81        LDD   ,X++                cc=e4 a=00 b=00 dp=00 x=18b6 y=000a u=5bb0 s=1ff2  dt=64
145c| edc1        STD   ,U++                cc=e4 a=00 b=00 dp=00 x=18b6 y=000a u=5bb2 s=1ff2  dt=64
145e| ec81        LDD   ,X++                cc=e4 a=00 b=00 dp=00 x=18b8 y=000a u=5bb2 s=1ff2  dt=64
1460| edc1        STD   ,U++                cc=e4 a=00 b=00 dp=00 x=18b8 y=000a u=5bb4 s=1ff2  dt=64
1462| 33c90098    LEAU  $0098,U             cc=e4 a=00 b=00 dp=00 x=18b8 y=000a u=5c4c s=1ff2  dt=64
1466| 313f        LEAY  -1,Y                cc=e0 a=00 b=00 dp=00 x=18b8 y=0009 u=5c4c s=1ff2  dt=40
1468| 26e8        BNE   $1452               cc=e0 a=00 b=00 dp=00 x=18b8 y=0009 u=5c4c s=1ff2  dt=24
1452| ec81        LDD   ,X++                cc=e0 a=44 b=00 dp=00 x=18ba y=0009 u=5c4c s=1ff2  dt=64
1454| edc1        STD   ,U++                cc=e0 a=44 b=00 dp=00 x=18ba y=0009 u=5c4e s=1ff2  dt=64
1456| ec81        LDD   ,X++                cc=e4 a=00 b=00 dp=00 x=18bc y=0009 u=5c4e s=1ff2  dt=64
1458| edc1        STD   ,U++                cc=e4 a=00 b=00 dp=00 x=18bc y=0009 u=5c50 s=1ff2  dt=64
145a| ec81        LDD   ,X++                cc=e4 a=00 b=00 dp=00 x=18be y=0009 u=5c50 s=1ff2  dt=64
145c| edc1        STD   ,U++                cc=e4 a=00 b=00 dp=00 x=18be y=0009 u=5c52 s=1ff2  dt=64
145e| ec81        LDD   ,X++                cc=e4 a=00 b=00 dp=00 x=18c0 y=0009 u=5c52 s=1ff2  dt=64
1460| edc1        STD   ,U++                cc=e4 a=00 b=00 dp=00 x=18c0 y=0009 u=5c54 s=1ff2  dt=64
1462| 33c90098    LEAU  $0098,U             cc=e4 a=00 b=00 dp=00 x=18c0 y=0009 u=5cec s=1ff2  dt=64
1466| 313f        LEAY  -1,Y                cc=e0 a=00 b=00 dp=00 x=18c0 y=0008 u=5cec s=1ff2  dt=40
1468| 26e8        BNE   $1452               cc=e0 a=00 b=00 dp=00 x=18c0 y=0008 u=5cec s=1ff2  dt=24
1452| ec81        LDD   ,X++                cc=e0 a=44 b=00 dp=00 x=18c2 y=0008 u=5cec s=1ff2  dt=64
1454| edc1        STD   ,U++                cc=e0 a=44 b=00 dp=00 x=18c2 y=0008 u=5cee s=1ff2  dt=64
1456| ec81        LDD   ,X++                cc=e4 a=00 b=00 dp=00 x=18c4 y=0008 u=5cee s=1ff2  dt=64
1458| edc1        STD   ,U++                cc=e4 a=00 b=00 dp=00 x=18c4 y=0008 u=5cf0 s=1ff2  dt=64
145a| ec81        LDD   ,X++                cc=e4 a=00 b=00 dp=00 x=18c6 y=0008 u=5cf0 s=1ff2  dt=64
145c| edc1        STD   ,U++                cc=e4 a=00 b=00 dp=00 x=18c6 y=0008 u=5cf2 s=1ff2  dt=64
145e| ec81        LDD   ,X++                cc=e4 a=00 b=00 dp=00 x=18c8 y=0008 u=5cf2 s=1ff2  dt=64
1460| edc1        STD   ,U++                cc=e4 a=00 b=00 dp=00 x=18c8 y=0008 u=5cf4 s=1ff2  dt=64
1462| 33c90098    LEAU  $0098,U             cc=e4 a=00 b=00 dp=00 x=18c8 y=0008 u=5d8c s=1ff2  dt=64
1466| 313f        LEAY  -1,Y                cc=e0 a=00 b=00 dp=00 x=18c8 y=0007 u=5d8c s=1ff2  dt=40
1468| 26e8        BNE   $1452               cc=e0 a=00 b=00 dp=00 x=18c8 y=0007 u=5d8c s=1ff2  dt=24
1452| ec81        LDD   ,X++                cc=e0 a=44 b=00 dp=00 x=18ca y=0007 u=5d8c s=1ff2  dt=64
1454| edc1        STD   ,U++                cc=e0 a=44 b=00 dp=00 x=18ca y=0007 u=5d8e s=1ff2  dt=64
1456| ec81        LDD   ,X++                cc=e4 a=00 b=00 dp=00 x=18cc y=0007 u=5d8e s=1ff2  dt=64
1458| edc1        STD   ,U++                cc=e4 a=00 b=00 dp=00 x=18cc y=0007 u=5d90 s=1ff2  dt=64
145a| ec81        LDD   ,X++                cc=e4 a=00 b=00 dp=00 x=18ce y=0007 u=5d90 s=1ff2  dt=64
145c| edc1        STD   ,U++                cc=e4 a=00 b=00 dp=00 x=18ce y=0007 u=5d92 s=1ff2  dt=64
145e| ec81        LDD   ,X++                cc=e4 a=00 b=00 dp=00 x=18d0 y=0007 u=5d92 s=1ff2  dt=64
1460| edc1        STD   ,U++                cc=e4 a=00 b=00 dp=00 x=18d0 y=0007 u=5d94 s=1ff2  dt=64
1462| 33c90098    LEAU  $0098,U             cc=e4 a=00 b=00 dp=00 x=18d0 y=0007 u=5e2c s=1ff2  dt=64
1466| 313f        LEAY  -1,Y                cc=e0 a=00 b=00 dp=00 x=18d0 y=0006 u=5e2c s=1ff2  dt=40
1468| 26e8        BNE   $1452               cc=e0 a=00 b=00 dp=00 x=18d0 y=0006 u=5e2c s=1ff2  dt=24
1452| ec81        LDD   ,X++                cc=e0 a=44 b=00 dp=00 x=18d2 y=0006 u=5e2c s=1ff2  dt=64
1454| edc1        STD   ,U++                cc=e0 a=44 b=00 dp=00 x=18d2 y=0006 u=5e2e s=1ff2  dt=64
1456| ec81        LDD   ,X++                cc=e4 a=00 b=00 dp=00 x=18d4 y=0006 u=5e2e s=1ff2  dt=64
1458| edc1        STD   ,U++                cc=e4 a=00 b=00 dp=00 x=18d4 y=0006 u=5e30 s=1ff2  dt=64
145a| ec81        LDD   ,X++                cc=e4 a=00 b=00 dp=00 x=18d6 y=0006 u=5e30 s=1ff2  dt=64
145c| edc1        STD   ,U++                cc=e4 a=00 b=00 dp=00 x=18d6 y=0006 u=5e32 s=1ff2  dt=64
145e| ec81        LDD   ,X++                cc=e4 a=00 b=00 dp=00 x=18d8 y=0006 u=5e32 s=1ff2  dt=64
1460| edc1        STD   ,U++                cc=e4 a=00 b=00 dp=00 x=18d8 y=0006 u=5e34 s=1ff2  dt=64
1462| 33c90098    LEAU  $0098,U             cc=e4 a=00 b=00 dp=00 x=18d8 y=0006 u=5ecc s=1ff2  dt=64
1466| 313f        LEAY  -1,Y                cc=e0 a=00 b=00 dp=00 x=18d8 y=0005 u=5ecc s=1ff2  dt=40
1468| 26e8        BNE   $1452               cc=e0 a=00 b=00 dp=00 x=18d8 y=0005 u=5ecc s=1ff2  dt=24
1452| ec81        LDD   ,X++                cc=e0 a=44 b=00 dp=00 x=18da y=0005 u=5ecc s=1ff2  dt=64
1454| edc1        STD   ,U++                cc=e0 a=44 b=00 dp=00 x=18da y=0005 u=5ece s=1ff2  dt=64
1456| ec81        LDD   ,X++                cc=e4 a=00 b=00 dp=00 x=18dc y=0005 u=5ece s=1ff2  dt=64
1458| edc1        STD   ,U++                cc=e4 a=00 b=00 dp=00 x=18dc y=0005 u=5ed0 s=1ff2  dt=64
145a| ec81        LDD   ,X++                cc=e4 a=00 b=00 dp=00 x=18de y=0005 u=5ed0 s=1ff2  dt=64
145c| edc1        STD   ,U++                cc=e4 a=00 b=00 dp=00 x=18de y=0005 u=5ed2 s=1ff2  dt=64
145e| ec81        LDD   ,X++                cc=e4 a=00 b=00 dp=00 x=18e0 y=0005 u=5ed2 s=1ff2  dt=64
1460| edc1        STD   ,U++                cc=e4 a=00 b=00 dp=00 x=18e0 y=0005 u=5ed4 s=1ff2  dt=64
1462| 33c90098    LEAU  $0098,U             cc=e4 a=00 b=00 dp=00 x=18e0 y=0005 u=5f6c s=1ff2  dt=64
1466| 313f        LEAY  -1,Y                cc=e0 a=00 b=00 dp=00 x=18e0 y=0004 u=5f6c s=1ff2  dt=40
1468| 26e8        BNE   $1452               cc=e0 a=00 b=00 dp=00 x=18e0 y=0004 u=5f6c s=1ff2  dt=24
1452| ec81        LDD   ,X++                cc=e0 a=44 b=00 dp=00 x=18e2 y=0004 u=5f6c s=1ff2  dt=64
1454| edc1        STD   ,U++                cc=e0 a=44 b=00 dp=00 x=18e2 y=0004 u=5f6e s=1ff2  dt=64
1456| ec81        LDD   ,X++                cc=e4 a=00 b=00 dp=00 x=18e4 y=0004 u=5f6e s=1ff2  dt=64
1458| edc1        STD   ,U++                cc=e4 a=00 b=00 dp=00 x=18e4 y=0004 u=5f70 s=1ff2  dt=64
145a| ec81        LDD   ,X++                cc=e4 a=00 b=00 dp=00 x=18e6 y=0004 u=5f70 s=1ff2  dt=64
145c| edc1        STD   ,U++                cc=e4 a=00 b=00 dp=00 x=18e6 y=0004 u=5f72 s=1ff2  dt=64
145e| ec81        LDD   ,X++                cc=e4 a=00 b=00 dp=00 x=18e8 y=0004 u=5f72 s=1ff2  dt=64
1460| edc1        STD   ,U++                cc=e4 a=00 b=00 dp=00 x=18e8 y=0004 u=5f74 s=1ff2  dt=64
1462| 33c90098    LEAU  $0098,U             cc=e4 a=00 b=00 dp=00 x=18e8 y=0004 u=600c s=1ff2  dt=64
1466| 313f        LEAY  -1,Y                cc=e0 a=00 b=00 dp=00 x=18e8 y=0003 u=600c s=1ff2  dt=40
1468| 26e8        BNE   $1452               cc=e0 a=00 b=00 dp=00 x=18e8 y=0003 u=600c s=1ff2  dt=24
1452| ec81        LDD   ,X++                cc=e0 a=44 b=00 dp=00 x=18ea y=0003 u=600c s=1ff2  dt=64
1454| edc1        STD   ,U++                cc=e0 a=44 b=00 dp=00 x=18ea y=0003 u=600e s=1ff2  dt=64
1456| ec81        LDD   ,X++                cc=e4 a=00 b=00 dp=00 x=18ec y=0003 u=600e s=1ff2  dt=64
1458| edc1        STD   ,U++                cc=e4 a=00 b=00 dp=00 x=18ec y=0003 u=6010 s=1ff2  dt=64
145a| ec81        LDD   ,X++                cc=e4 a=00 b=00 dp=00 x=18ee y=0003 u=6010 s=1ff2  dt=64
145c| edc1        STD   ,U++                cc=e4 a=00 b=00 dp=00 x=18ee y=0003 u=6012 s=1ff2  dt=64
145e| ec81        LDD   ,X++                cc=e4 a=00 b=00 dp=00 x=18f0 y=0003 u=6012 s=1ff2  dt=64
1460| edc1        STD   ,U++                cc=e4 a=00 b=00 dp=00 x=18f0 y=0003 u=6014 s=1ff2  dt=64
1462| 33c90098    LEAU  $0098,U             cc=e4 a=00 b=00 dp=00 x=18f0 y=0003 u=60ac s=1ff2  dt=64
1466| 313f        LEAY  -1,Y                cc=e0 a=00 b=00 dp=00 x=18f0 y=0002 u=60ac s=1ff2  dt=40
1468| 26e8        BNE   $1452               cc=e0 a=00 b=00 dp=00 x=18f0 y=0002 u=60ac s=1ff2  dt=24
1452| ec81        LDD   ,X++                cc=e0 a=44 b=00 dp=00 x=18f2 y=0002 u=60ac s=1ff2  dt=64
1454| edc1        STD   ,U++                cc=e0 a=44 b=00 dp=00 x=18f2 y=0002 u=60ae s=1ff2  dt=64
1456| ec81        LDD   ,X++                cc=e4 a=00 b=00 dp=00 x=18f4 y=0002 u=60ae s=1ff2  dt=64
1458| edc1        STD   ,U++                cc=e4 a=00 b=00 dp=00 x=18f4 y=0002 u=60b0 s=1ff2  dt=64
145a| ec81        LDD   ,X++                cc=e4 a=00 b=00 dp=00 x=18f6 y=0002 u=60b0 s=1ff2  dt=64
145c| edc1        STD   ,U++                cc=e4 a=00 b=00 dp=00 x=18f6 y=0002 u=60b2 s=1ff2  dt=64
145e| ec81        LDD   ,X++                cc=e4 a=00 b=00 dp=00 x=18f8 y=0002 u=60b2 s=1ff2  dt=64
1460| edc1        STD   ,U++                cc=e4 a=00 b=00 dp=00 x=18f8 y=0002 u=60b4 s=1ff2  dt=64
1462| 33c90098    LEAU  $0098,U             cc=e4 a=00 b=00 dp=00 x=18f8 y=0002 u=614c s=1ff2  dt=64
1466| 313f        LEAY  -1,Y                cc=e0 a=00 b=00 dp=00 x=18f8 y=0001 u=614c s=1ff2  dt=40
1468| 26e8        BNE   $1452               cc=e0 a=00 b=00 dp=00 x=18f8 y=0001 u=614c s=1ff2  dt=24
1452| ec81        LDD   ,X++                cc=e0 a=44 b=44 dp=00 x=18fa y=0001 u=614c s=1ff2  dt=64
1454| edc1        STD   ,U++                cc=e0 a=44 b=44 dp=00 x=18fa y=0001 u=614e s=1ff2  dt=64
1456| ec81        LDD   ,X++                cc=e0 a=44 b=44 dp=00 x=18fc y=0001 u=614e s=1ff2  dt=64
1458| edc1        STD   ,U++                cc=e0 a=44 b=44 dp=00 x=18fc y=0001 u=6150 s=1ff2  dt=64
145a| ec81        LDD   ,X++                cc=e0 a=44 b=44 dp=00 x=18fe y=0001 u=6150 s=1ff2  dt=64
145c| edc1        STD   ,U++                cc=e0 a=44 b=44 dp=00 x=18fe y=0001 u=6152 s=1ff2  dt=64
145e| ec81        LDD   ,X++                cc=e0 a=44 b=44 dp=00 x=1900 y=0001 u=6152 s=1ff2  dt=64
1460| edc1        STD   ,U++                cc=e0 a=44 b=44 dp=00 x=1900 y=0001 u=6154 s=1ff2  dt=64
1462| 33c90098    LEAU  $0098,U             cc=e0 a=44 b=44 dp=00 x=1900 y=0001 u=61ec s=1ff2  dt=64
1466| 313f        LEAY  -1,Y                cc=e4 a=44 b=44 dp=00 x=1900 y=0000 u=61ec s=1ff2  dt=40
1468| 26e8        BNE   $1452               cc=e4 a=44 b=44 dp=00 x=1900 y=0000 u=61ec s=1ff2  dt=24
146a| 39          RTS                       cc=e4 a=44 b=44 dp=00 x=1900 y=0000 u=61ec s=1ff4  dt=40
0a16| 0f60        CLR   <$60                cc=e4 a=44 b=44 dp=00 x=1900 y=0000 u=61ec s=1ff4  dt=48
0a18| 0f87        CLR   <$87                cc=e4 a=44 b=44 dp=00 x=1900 y=0000 u=61ec s=1ff4  dt=48
0a1a| 39          RTS                       cc=e4 a=44 b=44 dp=00 x=1900 y=0000 u=61ec s=1ff6  dt=40
0b5a| 967f        LDA   <$7f                cc=e8 a=80 b=44 dp=00 x=1900 y=0000 u=61ec s=1ff6  dt=32
0b5c| 8502        BITA  #$02                cc=e4 a=80 b=44 dp=00 x=1900 y=0000 u=61ec s=1ff6  dt=16
0b5e| 2703        BEQ   $0b63               cc=e4 a=80 b=44 dp=00 x=1900 y=0000 u=61ec s=1ff6  dt=24
0b63| 967f        LDA   <$7f                cc=e8 a=80 b=44 dp=00 x=1900 y=0000 u=61ec s=1ff6  dt=32
0b65| 8504        BITA  #$04                cc=e4 a=80 b=44 dp=00 x=1900 y=0000 u=61ec s=1ff6  dt=16
0b67| 2703        BEQ   $0b6c               cc=e4 a=80 b=44 dp=00 x=1900 y=0000 u=61ec s=1ff6  dt=24
0b6c| 967f        LDA   <$7f                cc=e8 a=80 b=44 dp=00 x=1900 y=0000 u=61ec s=1ff6  dt=32
0b6e| 8510        BITA  #$10                cc=e4 a=80 b=44 dp=00 x=1900 y=0000 u=61ec s=1ff6  dt=16
0b70| 2716        BEQ   $0b88               cc=e4 a=80 b=44 dp=00 x=1900 y=0000 u=61ec s=1ff6  dt=24
0b88| 9680        LDA   <$80                cc=e4 a=00 b=44 dp=00 x=1900 y=0000 u=61ec s=1ff6  dt=32
0b8a| 8508        BITA  #$08                cc=e4 a=00 b=44 dp=00 x=1900 y=0000 u=61ec s=1ff6  dt=16
0b8c| 2703        BEQ   $0b91               cc=e4 a=00 b=44 dp=00 x=1900 y=0000 u=61ec s=1ff6  dt=24
0b91| 9680        LDA   <$80                cc=e4 a=00 b=44 dp=00 x=1900 y=0000 u=61ec s=1ff6  dt=32
0b93| 8502        BITA  #$02                cc=e4 a=00 b=44 dp=00 x=1900 y=0000 u=61ec s=1ff6  dt=16
0b95| 2703        BEQ   $0b9a               cc=e4 a=00 b=44 dp=00 x=1900 y=0000 u=61ec s=1ff6  dt=24
0b9a| 9680        LDA   <$80                cc=e4 a=00 b=44 dp=00 x=1900 y=0000 u=61ec s=1ff6  dt=32
0b9c| 8504        BITA  #$04                cc=e4 a=00 b=44 dp=00 x=1900 y=0000 u=61ec s=1ff6  dt=16
0b9e| 270f        BEQ   $0baf               cc=e4 a=00 b=44 dp=00 x=1900 y=0000 u=61ec s=1ff6  dt=24
0baf| 9688        LDA   <$88                cc=e4 a=00 b=44 dp=00 x=1900 y=0000 u=61ec s=1ff6  dt=32
0bb1| 271a        BEQ   $0bcd               cc=e4 a=00 b=44 dp=00 x=1900 y=0000 u=61ec s=1ff6  dt=24
0bcd| 39          RTS                       cc=e4 a=00 b=44 dp=00 x=1900 y=0000 u=61ec s=1ff8  dt=40
0b2e| 17012c      LBSR  $0c5d               cc=e4 a=00 b=44 dp=00 x=1900 y=0000 u=61ec s=1ff6  dt=72
0c5d| 8ea470      LDX   #$a470              cc=e8 a=00 b=44 dp=00 x=a470 y=0000 u=61ec s=1ff6  dt=24
0c60| 8604        LDA   #$04                cc=e0 a=04 b=44 dp=00 x=a470 y=0000 u=61ec s=1ff6  dt=16
0c62| 975d        STA   <$5d                cc=e0 a=04 b=44 dp=00 x=a470 y=0000 u=61ec s=1ff6  dt=32
0c64| 6d84        TST   ,X                  cc=e0 a=04 b=44 dp=00 x=a470 y=0000 u=61ec s=1ff6  dt=48
0c66| 2715        BEQ   $0c7d               cc=e0 a=04 b=44 dp=00 x=a470 y=0000 u=61ec s=1ff6  dt=24
0c68| 6d06        TST   6,X                 cc=e0 a=04 b=44 dp=00 x=a470 y=0000 u=61ec s=1ff6  dt=56
0c6a| 2606        BNE   $0c72               cc=e0 a=04 b=44 dp=00 x=a470 y=0000 u=61ec s=1ff6  dt=24
0c72| 3410        PSHS  X                   cc=e0 a=04 b=44 dp=00 x=a470 y=0000 u=61ec s=1ff4  dt=56
0c74| 170459      LBSR  $10d0               cc=e0 a=04 b=44 dp=00 x=a470 y=0000 u=61ec s=1ff2  dt=72
10d0| 0d9b        TST   <$9b                cc=e0 a=04 b=44 dp=00 x=a470 y=0000 u=61ec s=1ff2  dt=48
10d2| 2633        BNE   $1107               cc=e0 a=04 b=44 dp=00 x=a470 y=0000 u=61ec s=1ff2  dt=24
1107| 3410        PSHS  X                   cc=e0 a=04 b=44 dp=00 x=a470 y=0000 u=61ec s=1ff0  dt=56
1109| 17ffba      LBSR  $10c6               cc=e0 a=04 b=44 dp=00 x=a470 y=0000 u=61ec s=1fee  dt=72
10c6| 8604        LDA   #$04                cc=e0 a=04 b=44 dp=00 x=a470 y=0000 u=61ec s=1fee  dt=16
10c8| 905d        SUBA  <$5d                cc=e4 a=00 b=44 dp=00 x=a470 y=0000 u=61ec s=1fee  dt=32
10ca| cea898      LDU   #$a898              cc=e8 a=00 b=44 dp=00 x=a470 y=0000 u=a898 s=1fee  dt=24
10cd| 33c6        LEAU  A,U                 cc=e8 a=00 b=44 dp=00 x=a470 y=0000 u=a898 s=1fee  dt=40
10cf| 39          RTS                       cc=e8 a=00 b=44 dp=00 x=a470 y=0000 u=a898 s=1ff0  dt=40
110c| 6fc4        CLR   ,U                  cc=e4 a=00 b=44 dp=00 x=a470 y=0000 u=a898 s=1ff0  dt=48
110e| 3510        PULS  X                   cc=e4 a=00 b=44 dp=00 x=a470 y=0000 u=a898 s=1ff2  dt=56
1110| 3410        PSHS  X                   cc=e4 a=00 b=44 dp=00 x=a470 y=0000 u=a898 s=1ff0  dt=56
1112| ae01        LDX   1,X                 cc=e0 a=00 b=44 dp=00 x=2fce y=0000 u=a898 s=1ff0  dt=48
1114| 17ff99      LBSR  $10b0               cc=e0 a=00 b=44 dp=00 x=2fce y=0000 u=a898 s=1fee  dt=72
10b0| 8604        LDA   #$04                cc=e0 a=04 b=44 dp=00 x=2fce y=0000 u=a898 s=1fee  dt=16
10b2| 905d        SUBA  <$5d                cc=e4 a=00 b=44 dp=00 x=2fce y=0000 u=a898 s=1fee  dt=32
10b4| c680        LDB   #$80                cc=e8 a=00 b=80 dp=00 x=2fce y=0000 u=a898 s=1fee  dt=16
10b6| 3d          MUL                       cc=ec a=00 b=00 dp=00 x=2fce y=0000 u=a898 s=1fee  dt=88
10b7| 0d90        TST   <$90                cc=e4 a=00 b=00 dp=00 x=2fce y=0000 u=a898 s=1fee  dt=48
10b9| 2605        BNE   $10c0               cc=e4 a=00 b=00 dp=00 x=2fce y=0000 u=a898 s=1fee  dt=24
10bb| c3a690      ADDD  #$a690              cc=e8 a=a6 b=90 dp=00 x=2fce y=0000 u=a898 s=1fee  dt=32
10be| 2003        BRA   $10c3               cc=e8 a=a6 b=90 dp=00 x=2fce y=0000 u=a898 s=1fee  dt=24
10c3| 1f03        TFR   D,U                 cc=e8 a=a6 b=90 dp=00 x=2fce y=0000 u=a690 s=1fee  dt=48
10c5| 39          RTS                       cc=e8 a=a6 b=90 dp=00 x=2fce y=0000 u=a690 s=1ff0  dt=40
1117| 1702a1      LBSR  $13bb               cc=e8 a=a6 b=90 dp=00 x=2fce y=0000 u=a690 s=1fee  dt=72
13bb| 108e0010    LDY   #$0010              cc=e0 a=a6 b=90 dp=00 x=2fce y=0010 u=a690 s=1fee  dt=32
13bf| ec81        LDD   ,X++                cc=e0 a=55 b=55 dp=00 x=2fd0 y=0010 u=a690 s=1fee  dt=64
13c1| edc1        STD   ,U++                cc=e0 a=55 b=55 dp=00 x=2fd0 y=0010 u=a692 s=1fee  dt=64
13c3| ec81        LDD   ,X++                cc=e0 a=55 b=55 dp=00 x=2fd2 y=0010 u=a692 s=1fee  dt=64
13c5| edc1        STD   ,U++                cc=e0 a=55 b=55 dp=00 x=2fd2 y=0010 u=a694 s=1fee  dt=64
13c7| ec81        LDD   ,X++                cc=e0 a=55 b=59 dp=00 x=2fd4 y=0010 u=a694 s=1fee  dt=64
13c9| edc1        STD   ,U++                cc=e0 a=55 b=59 dp=00 x=2fd4 y=0010 u=a696 s=1fee  dt=64
13cb| ec81        LDD   ,X++                cc=e8 a=99 b=95 dp=00 x=2fd6 y=0010 u=a696 s=1fee  dt=64
13cd| edc1        STD   ,U++                cc=e8 a=99 b=95 dp=00 x=2fd6 y=0010 u=a698 s=1fee  dt=64
13cf| 30890098    LEAX  $0098,X             cc=e8 a=99 b=95 dp=00 x=306e y=0010 u=a698 s=1fee  dt=64
13d3| 313f        LEAY  -1,Y                cc=e8 a=99 b=95 dp=00 x=306e y=000f u=a698 s=1fee  dt=40
13d5| 26e8        BNE   $13bf               cc=e8 a=99 b=95 dp=00 x=306e y=000f u=a698 s=1fee  dt=24
13bf| ec81        LDD   ,X++                cc=e4 a=00 b=00 dp=00 x=3070 y=000f u=a698 s=1fee  dt=64
13c1| edc1        STD   ,U++                cc=e4 a=00 b=00 dp=00 x=3070 y=000f u=a69a s=1fee  dt=64
13c3| ec81        LDD   ,X++                cc=e4 a=00 b=00 dp=00 x=3072 y=000f u=a69a s=1fee  dt=64
13c5| edc1        STD   ,U++                cc=e4 a=00 b=00 dp=00 x=3072 y=000f u=a69c s=1fee  dt=64
13c7| ec81        LDD   ,X++                cc=e4 a=00 b=00 dp=00 x=3074 y=000f u=a69c s=1fee  dt=64
13c9| edc1        STD   ,U++                cc=e4 a=00 b=00 dp=00 x=3074 y=000f u=a69e s=1fee  dt=64
13cb| ec81        LDD   ,X++                cc=e8 a=99 b=00 dp=00 x=3076 y=000f u=a69e s=1fee  dt=64
13cd| edc1        STD   ,U++                cc=e8 a=99 b=00 dp=00 x=3076 y=000f u=a6a0 s=1fee  dt=64
13cf| 30890098    LEAX  $0098,X             cc=e8 a=99 b=00 dp=00 x=310e y=000f u=a6a0 s=1fee  dt=64
13d3| 313f        LEAY  -1,Y                cc=e8 a=99 b=00 dp=00 x=310e y=000e u=a6a0 s=1fee  dt=40
13d5| 26e8        BNE   $13bf               cc=e8 a=99 b=00 dp=00 x=310e y=000e u=a6a0 s=1fee  dt=24
13bf| ec81        LDD   ,X++                cc=e4 a=00 b=00 dp=00 x=3110 y=000e u=a6a0 s=1fee  dt=64
13c1| edc1        STD   ,U++                cc=e4 a=00 b=00 dp=00 x=3110 y=000e u=a6a2 s=1fee  dt=64
13c3| ec81        LDD   ,X++                cc=e4 a=00 b=00 dp=00 x=3112 y=000e u=a6a2 s=1fee  dt=64
13c5| edc1        STD   ,U++                cc=e4 a=00 b=00 dp=00 x=3112 y=000e u=a6a4 s=1fee  dt=64
13c7| ec81        LDD   ,X++                cc=e4 a=00 b=00 dp=00 x=3114 y=000e u=a6a4 s=1fee  dt=64
13c9| edc1        STD   ,U++                cc=e4 a=00 b=00 dp=00 x=3114 y=000e u=a6a6 s=1fee  dt=64
13cb| ec81        LDD   ,X++                cc=e4 a=00 b=00 dp=00 x=3116 y=000e u=a6a6 s=1fee  dt=64
13cd| edc1        STD   ,U++                cc=e4 a=00 b=00 dp=00 x=3116 y=000e u=a6a8 s=1fee  dt=64
13cf| 30890098    LEAX  $0098,X             cc=e0 a=00 b=00 dp=00 x=31ae y=000e u=a6a8 s=1fee  dt=64
13d3| 313f        LEAY  -1,Y                cc=e0 a=00 b=00 dp=00 x=31ae y=000d u=a6a8 s=1fee  dt=40
13d5| 26e8        BNE   $13bf               cc=e0 a=00 b=00 dp=00 x=31ae y=000d u=a6a8 s=1fee  dt=24
13bf| ec81        LDD   ,X++                cc=e0 a=00 b=03 dp=00 x=31b0 y=000d u=a6a8 s=1fee  dt=64
13c1| edc1        STD   ,U++                cc=e0 a=00 b=03 dp=00 x=31b0 y=000d u=a6aa s=1fee  dt=64
13c3| ec81        LDD   ,X++                cc=e0 a=33 b=00 dp=00 x=31b2 y=000d u=a6aa s=1fee  dt=64
13c5| edc1        STD   ,U++                cc=e0 a=33 b=00 dp=00 x=31b2 y=000d u=a6ac s=1fee  dt=64
13c7| ec81        LDD   ,X++                cc=e4 a=00 b=00 dp=00 x=31b4 y=000d u=a6ac s=1fee  dt=64
13c9| edc1        STD   ,U++                cc=e4 a=00 b=00 dp=00 x=31b4 y=000d u=a6ae s=1fee  dt=64
13cb| ec81        LDD   ,X++                cc=e4 a=00 b=00 dp=00 x=31b6 y=000d u=a6ae s=1fee  dt=64
13cd| edc1        STD   ,U++                cc=e4 a=00 b=00 dp=00 x=31b6 y=000d u=a6b0 s=1fee  dt=64
13cf| 30890098    LEAX  $0098,X             cc=e0 a=00 b=00 dp=00 x=324e y=000d u=a6b0 s=1fee  dt=64
13d3| 313f        LEAY  -1,Y                cc=e0 a=00 b=00 dp=00 x=324e y=000c u=a6b0 s=1fee  dt=40
13d5| 26e8        BNE   $13bf               cc=e0 a=00 b=00 dp=00 x=324e y=000c u=a6b0 s=1fee  dt=24
13bf| ec81        LDD   ,X++                cc=e0 a=03 b=33 dp=00 x=3250 y=000c u=a6b0 s=1fee  dt=64
13c1| edc1        STD   ,U++                cc=e0 a=03 b=33 dp=00 x=3250 y=000c u=a6b2 s=1fee  dt=64
13c3| ec81        LDD   ,X++                cc=e0 a=33 b=33 dp=00 x=3252 y=000c u=a6b2 s=1fee  dt=64
13c5| edc1        STD   ,U++                cc=e0 a=33 b=33 dp=00 x=3252 y=000c u=a6b4 s=1fee  dt=64
13c7| ec81        LDD   ,X++                cc=e4 a=00 b=00 dp=00 x=3254 y=000c u=a6b4 s=1fee  dt=64
13c9| edc1        STD   ,U++                cc=e4 a=00 b=00 dp=00 x=3254 y=000c u=a6b6 s=1fee  dt=64
13cb| ec81        LDD   ,X++                cc=e4 a=00 b=00 dp=00 x=3256 y=000c u=a6b6 s=1fee  dt=64
13cd| edc1        STD   ,U++                cc=e4 a=00 b=00 dp=00 x=3256 y=000c u=a6b8 s=1fee  dt=64
13cf| 30890098    LEAX  $0098,X             cc=e0 a=00 b=00 dp=00 x=32ee y=000c u=a6b8 s=1fee  dt=64
13d3| 313f        LEAY  -1,Y                cc=e0 a=00 b=00 dp=00 x=32ee y=000b u=a6b8 s=1fee  dt=40
13d5| 26e8        BNE   $13bf               cc=e0 a=00 b=00 dp=00 x=32ee y=000b u=a6b8 s=1fee  dt=24
13bf| ec81        LDD   ,X++                cc=e0 a=03 b=34 dp=00 x=32f0 y=000b u=a6b8 s=1fee  dt=64
13c1| edc1        STD   ,U++                cc=e0 a=03 b=34 dp=00 x=32f0 y=000b u=a6ba s=1fee  dt=64
13c3| ec81        LDD   ,X++                cc=e0 a=34 b=33 dp=00 x=32f2 y=000b u=a6ba s=1fee  dt=64
13c5| edc1        STD   ,U++                cc=e0 a=34 b=33 dp=00 x=32f2 y=000b u=a6bc s=1fee  dt=64
13c7| ec81        LDD   ,X++                cc=e4 a=00 b=00 dp=00 x=32f4 y=000b u=a6bc s=1fee  dt=64
13c9| edc1        STD   ,U++                cc=e4 a=00 b=00 dp=00 x=32f4 y=000b u=a6be s=1fee  dt=64
13cb| ec81        LDD   ,X++                cc=e4 a=00 b=00 dp=00 x=32f6 y=000b u=a6be s=1fee  dt=64
13cd| edc1        STD   ,U++                cc=e4 a=00 b=00 dp=00 x=32f6 y=000b u=a6c0 s=1fee  dt=64
13cf| 30890098    LEAX  $0098,X             cc=e0 a=00 b=00 dp=00 x=338e y=000b u=a6c0 s=1fee  dt=64
13d3| 313f        LEAY  -1,Y                cc=e0 a=00 b=00 dp=00 x=338e y=000a u=a6c0 s=1fee  dt=40
13d5| 26e8        BNE   $13bf               cc=e0 a=00 b=00 dp=00 x=338e y=000a u=a6c0 s=1fee  dt=24
13bf| ec81        LDD   ,X++                cc=e0 a=33 b=44 dp=00 x=3390 y=000a u=a6c0 s=1fee  dt=64
13c1| edc1        STD   ,U++                cc=e0 a=33 b=44 dp=00 x=3390 y=000a u=a6c2 s=1fee  dt=64
13c3| ec81        LDD   ,X++                cc=e0 a=44 b=43 dp=00 x=3392 y=000a u=a6c2 s=1fee  dt=64
13c5| edc1        STD   ,U++                cc=e0 a=44 b=43 dp=00 x=3392 y=000a u=a6c4 s=1fee  dt=64
13c7| ec81        LDD   ,X++                cc=e0 a=30 b=00 dp=00 x=3394 y=000a u=a6c4 s=1fee  dt=64
13c9| edc1        STD   ,U++                cc=e0 a=30 b=00 dp=00 x=3394 y=000a u=a6c6 s=1fee  dt=64
13cb| ec81        LDD   ,X++                cc=e4 a=00 b=00 dp=00 x=3396 y=000a u=a6c6 s=1fee  dt=64
13cd| edc1        STD   ,U++                cc=e4 a=00 b=00 dp=00 x=3396 y=000a u=a6c8 s=1fee  dt=64
13cf| 30890098    LEAX  $0098,X             cc=e0 a=00 b=00 dp=00 x=342e y=000a u=a6c8 s=1fee  dt=64
13d3| 313f        LEAY  -1,Y                cc=e0 a=00 b=00 dp=00 x=342e y=0009 u=a6c8 s=1fee  dt=40
13d5| 26e8        BNE   $13bf               cc=e0 a=00 b=00 dp=00 x=342e y=0009 u=a6c8 s=1fee  dt=24
13bf| ec81        LDD   ,X++                cc=e0 a=33 b=44 dp=00 x=3430 y=0009 u=a6c8 s=1fee  dt=64
13c1| edc1        STD   ,U++                cc=e0 a=33 b=44 dp=00 x=3430 y=0009 u=a6ca s=1fee  dt=64
13c3| ec81        LDD   ,X++                cc=e0 a=44 b=43 dp=00 x=3432 y=0009 u=a6ca s=1fee  dt=64
13c5| edc1        STD   ,U++                cc=e0 a=44 b=43 dp=00 x=3432 y=0009 u=a6cc s=1fee  dt=64
13c7| ec81        LDD   ,X++                cc=e0 a=30 b=00 dp=00 x=3434 y=0009 u=a6cc s=1fee  dt=64
13c9| edc1        STD   ,U++                cc=e0 a=30 b=00 dp=00 x=3434 y=0009 u=a6ce s=1fee  dt=64
13cb| ec81        LDD   ,X++                cc=e4 a=00 b=00 dp=00 x=3436 y=0009 u=a6ce s=1fee  dt=64
13cd| edc1        STD   ,U++                cc=e4 a=00 b=00 dp=00 x=3436 y=0009 u=a6d0 s=1fee  dt=64
13cf| 30890098    LEAX  $0098,X             cc=e0 a=00 b=00 dp=00 x=34ce y=0009 u=a6d0 s=1fee  dt=64
13d3| 313f        LEAY  -1,Y                cc=e0 a=00 b=00 dp=00 x=34ce y=0008 u=a6d0 s=1fee  dt=40
13d5| 26e8        BNE   $13bf               cc=e0 a=00 b=00 dp=00 x=34ce y=0008 u=a6d0 s=1fee  dt=24
13bf| ec81        LDD   ,X++                cc=e0 a=33 b=34 dp=00 x=34d0 y=0008 u=a6d0 s=1fee  dt=64
13c1| edc1        STD   ,U++                cc=e0 a=33 b=34 dp=00 x=34d0 y=0008 u=a6d2 s=1fee  dt=64
13c3| ec81        LDD   ,X++                cc=e0 a=44 b=33 dp=00 x=34d2 y=0008 u=a6d2 s=1fee  dt=64
13c5| edc1        STD   ,U++                cc=e0 a=44 b=33 dp=00 x=34d2 y=0008 u=a6d4 s=1fee  dt=64
13c7| ec81        LDD   ,X++                cc=e0 a=30 b=00 dp=00 x=34d4 y=0008 u=a6d4 s=1fee  dt=64
13c9| edc1        STD   ,U++                cc=e0 a=30 b=00 dp=00 x=34d4 y=0008 u=a6d6 s=1fee  dt=64
13cb| ec81        LDD   ,X++                cc=e4 a=00 b=00 dp=00 x=34d6 y=0008 u=a6d6 s=1fee  dt=64
13cd| edc1        STD   ,U++                cc=e4 a=00 b=00 dp=00 x=34d6 y=0008 u=a6d8 s=1fee  dt=64
13cf| 30890098    LEAX  $0098,X             cc=e0 a=00 b=00 dp=00 x=356e y=0008 u=a6d8 s=1fee  dt=64
13d3| 313f        LEAY  -1,Y                cc=e0 a=00 b=00 dp=00 x=356e y=0007 u=a6d8 s=1fee  dt=40
13d5| 26e8        BNE   $13bf               cc=e0 a=00 b=00 dp=00 x=356e y=0007 u=a6d8 s=1fee  dt=24
13bf| ec81        LDD   ,X++                cc=e0 a=03 b=33 dp=00 x=3570 y=0007 u=a6d8 s=1fee  dt=64
13c1| edc1        STD   ,U++                cc=e0 a=03 b=33 dp=00 x=3570 y=0007 u=a6da s=1fee  dt=64
13c3| ec81        LDD   ,X++                cc=e0 a=43 b=33 dp=00 x=3572 y=0007 u=a6da s=1fee  dt=64
13c5| edc1        STD   ,U++                cc=e0 a=43 b=33 dp=00 x=3572 y=0007 u=a6dc s=1fee  dt=64
13c7| ec81        LDD   ,X++                cc=e4 a=00 b=00 dp=00 x=3574 y=0007 u=a6dc s=1fee  dt=64
13c9| edc1        STD   ,U++                cc=e4 a=00 b=00 dp=00 x=3574 y=0007 u=a6de s=1fee  dt=64
13cb| ec81        LDD   ,X++                cc=e4 a=00 b=00 dp=00 x=3576 y=0007 u=a6de s=1fee  dt=64
13cd| edc1        STD   ,U++                cc=e4 a=00 b=00 dp=00 x=3576 y=0007 u=a6e0 s=1fee  dt=64
13cf| 30890098    LEAX  $0098,X             cc=e0 a=00 b=00 dp=00 x=360e y=0007 u=a6e0 s=1fee  dt=64
13d3| 313f        LEAY  -1,Y                cc=e0 a=00 b=00 dp=00 x=360e y=0006 u=a6e0 s=1fee  dt=40
13d5| 26e8        BNE   $13bf               cc=e0 a=00 b=00 dp=00 x=360e y=0006 u=a6e0 s=1fee  dt=24
13bf| ec81        LDD   ,X++                cc=e0 a=03 b=33 dp=00 x=3610 y=0006 u=a6e0 s=1fee  dt=64
13c1| edc1        STD   ,U++                cc=e0 a=03 b=33 dp=00 x=3610 y=0006 u=a6e2 s=1fee  dt=64
13c3| ec81        LDD   ,X++                cc=e0 a=33 b=33 dp=00 x=3612 y=0006 u=a6e2 s=1fee  dt=64
13c5| edc1        STD   ,U++                cc=e0 a=33 b=33 dp=00 x=3612 y=0006 u=a6e4 s=1fee  dt=64
13c7| ec81        LDD   ,X++                cc=e4 a=00 b=00 dp=00 x=3614 y=0006 u=a6e4 s=1fee  dt=64
13c9| edc1        STD   ,U++                cc=e4 a=00 b=00 dp=00 x=3614 y=0006 u=a6e6 s=1fee  dt=64
13cb| ec81        LDD   ,X++                cc=e4 a=00 b=00 dp=00 x=3616 y=0006 u=a6e6 s=1fee  dt=64
13cd| edc1        STD   ,U++                cc=e4 a=00 b=00 dp=00 x=3616 y=0006 u=a6e8 s=1fee  dt=64
13cf| 30890098    LEAX  $0098,X             cc=e0 a=00 b=00 dp=00 x=36ae y=0006 u=a6e8 s=1fee  dt=64
13d3| 313f        LEAY  -1,Y                cc=e0 a=00 b=00 dp=00 x=36ae y=0005 u=a6e8 s=1fee  dt=40
13d5| 26e8        BNE   $13bf               cc=e0 a=00 b=00 dp=00 x=36ae y=0005 u=a6e8 s=1fee  dt=24
13bf| ec81        LDD   ,X++                cc=e0 a=00 b=03 dp=00 x=36b0 y=0005 u=a6e8 s=1fee  dt=64
13c1| edc1        STD   ,U++                cc=e0 a=00 b=03 dp=00 x=36b0 y=0005 u=a6ea s=1fee  dt=64
13c3| ec81        LDD   ,X++                cc=e0 a=33 b=00 dp=00 x=36b2 y=0005 u=a6ea s=1fee  dt=64
13c5| edc1        STD   ,U++                cc=e0 a=33 b=00 dp=00 x=36b2 y=0005 u=a6ec s=1fee  dt=64
13c7| ec81        LDD   ,X++                cc=e4 a=00 b=00 dp=00 x=36b4 y=0005 u=a6ec s=1fee  dt=64
13c9| edc1        STD   ,U++                cc=e4 a=00 b=00 dp=00 x=36b4 y=0005 u=a6ee s=1fee  dt=64
13cb| ec81        LDD   ,X++                cc=e4 a=00 b=00 dp=00 x=36b6 y=0005 u=a6ee s=1fee  dt=64
13cd| edc1        STD   ,U++                cc=e4 a=00 b=00 dp=00 x=36b6 y=0005 u=a6f0 s=1fee  dt=64
13cf| 30890098    LEAX  $0098,X             cc=e0 a=00 b=00 dp=00 x=374e y=0005 u=a6f0 s=1fee  dt=64
13d3| 313f        LEAY  -1,Y                cc=e0 a=00 b=00 dp=00 x=374e y=0004 u=a6f0 s=1fee  dt=40
13d5| 26e8        BNE   $13bf               cc=e0 a=00 b=00 dp=00 x=374e y=0004 u=a6f0 s=1fee  dt=24
13bf| ec81        LDD   ,X++                cc=e4 a=00 b=00 dp=00 x=3750 y=0004 u=a6f0 s=1fee  dt=64
13c1| edc1        STD   ,U++                cc=e4 a=00 b=00 dp=00 x=3750 y=0004 u=a6f2 s=1fee  dt=64
13c3| ec81        LDD   ,X++                cc=e4 a=00 b=00 dp=00 x=3752 y=0004 u=a6f2 s=1fee  dt=64
13c5| edc1        STD   ,U++                cc=e4 a=00 b=00 dp=00 x=3752 y=0004 u=a6f4 s=1fee  dt=64
13c7| ec81        LDD   ,X++                cc=e4 a=00 b=00 dp=00 x=3754 y=0004 u=a6f4 s=1fee  dt=64
13c9| edc1        STD   ,U++                cc=e4 a=00 b=00 dp=00 x=3754 y=0004 u=a6f6 s=1fee  dt=64
13cb| ec81        LDD   ,X++                cc=e4 a=00 b=00 dp=00 x=3756 y=0004 u=a6f6 s=1fee  dt=64
13cd| edc1        STD   ,U++                cc=e4 a=00 b=00 dp=00 x=3756 y=0004 u=a6f8 s=1fee  dt=64
13cf| 30890098    LEAX  $0098,X             cc=e0 a=00 b=00 dp=00 x=37ee y=0004 u=a6f8 s=1fee  dt=64
13d3| 313f        LEAY  -1,Y                cc=e0 a=00 b=00 dp=00 x=37ee y=0003 u=a6f8 s=1fee  dt=40
13d5| 26e8        BNE   $13bf               cc=e0 a=00 b=00 dp=00 x=37ee y=0003 u=a6f8 s=1fee  dt=24
13bf| ec81        LDD   ,X++                cc=e4 a=00 b=00 dp=00 x=37f0 y=0003 u=a6f8 s=1fee  dt=64
13c1| edc1        STD   ,U++                cc=e4 a=00 b=00 dp=00 x=37f0 y=0003 u=a6fa s=1fee  dt=64
13c3| ec81        LDD   ,X++                cc=e4 a=00 b=00 dp=00 x=37f2 y=0003 u=a6fa s=1fee  dt=64
13c5| edc1        STD   ,U++                cc=e4 a=00 b=00 dp=00 x=37f2 y=0003 u=a6fc s=1fee  dt=64
13c7| ec81        LDD   ,X++                cc=e4 a=00 b=00 dp=00 x=37f4 y=0003 u=a6fc s=1fee  dt=64
13c9| edc1        STD   ,U++                cc=e4 a=00 b=00 dp=00 x=37f4 y=0003 u=a6fe s=1fee  dt=64
13cb| ec81        LDD   ,X++                cc=e4 a=00 b=00 dp=00 x=37f6 y=0003 u=a6fe s=1fee  dt=64
13cd| edc1        STD   ,U++                cc=e4 a=00 b=00 dp=00 x=37f6 y=0003 u=a700 s=1fee  dt=64
13cf| 30890098    LEAX  $0098,X             cc=e0 a=00 b=00 dp=00 x=388e y=0003 u=a700 s=1fee  dt=64
13d3| 313f        LEAY  -1,Y                cc=e0 a=00 b=00 dp=00 x=388e y=0002 u=a700 s=1fee  dt=40
13d5| 26e8        BNE   $13bf               cc=e0 a=00 b=00 dp=00 x=388e y=0002 u=a700 s=1fee  dt=24
13bf| ec81        LDD   ,X++                cc=e4 a=00 b=00 dp=00 x=3890 y=0002 u=a700 s=1fee  dt=64
13c1| edc1        STD   ,U++                cc=e4 a=00 b=00 dp=00 x=3890 y=0002 u=a702 s=1fee  dt=64
13c3| ec81        LDD   ,X++                cc=e4 a=00 b=00 dp=00 x=3892 y=0002 u=a702 s=1fee  dt=64
13c5| edc1        STD   ,U++                cc=e4 a=00 b=00 dp=00 x=3892 y=0002 u=a704 s=1fee  dt=64
13c7| ec81        LDD   ,X++                cc=e4 a=00 b=00 dp=00 x=3894 y=0002 u=a704 s=1fee  dt=64
13c9| edc1        STD   ,U++                cc=e4 a=00 b=00 dp=00 x=3894 y=0002 u=a706 s=1fee  dt=64
13cb| ec81        LDD   ,X++                cc=e4 a=00 b=00 dp=00 x=3896 y=0002 u=a706 s=1fee  dt=64
13cd| edc1        STD   ,U++                cc=e4 a=00 b=00 dp=00 x=3896 y=0002 u=a708 s=1fee  dt=64
13cf| 30890098    LEAX  $0098,X             cc=e0 a=00 b=00 dp=00 x=392e y=0002 u=a708 s=1fee  dt=64
13d3| 313f        LEAY  -1,Y                cc=e0 a=00 b=00 dp=00 x=392e y=0001 u=a708 s=1fee  dt=40
13d5| 26e8        BNE   $13bf               cc=e0 a=00 b=00 dp=00 x=392e y=0001 u=a708 s=1fee  dt=24
13bf| ec81        LDD   ,X++                cc=e0 a=44 b=44 dp=00 x=3930 y=0001 u=a708 s=1fee  dt=64
13c1| edc1        STD   ,U++                cc=e0 a=44 b=44 dp=00 x=3930 y=0001 u=a70a s=1fee  dt=64
13c3| ec81        LDD   ,X++                cc=e0 a=44 b=44 dp=00 x=3932 y=0001 u=a70a s=1fee  dt=64
13c5| edc1        STD   ,U++                cc=e0 a=44 b=44 dp=00 x=3932 y=0001 u=a70c s=1fee  dt=64
13c7| ec81        LDD   ,X++                cc=e0 a=44 b=44 dp=00 x=3934 y=0001 u=a70c s=1fee  dt=64
13c9| edc1        STD   ,U++                cc=e0 a=44 b=44 dp=00 x=3934 y=0001 u=a70e s=1fee  dt=64
13cb| ec81        LDD   ,X++                cc=e0 a=44 b=00 dp=00 x=3936 y=0001 u=a70e s=1fee  dt=64
13cd| edc1        STD   ,U++                cc=e0 a=44 b=00 dp=00 x=3936 y=0001 u=a710 s=1fee  dt=64
13cf| 30890098    LEAX  $0098,X             cc=e0 a=44 b=00 dp=00 x=39ce y=0001 u=a710 s=1fee  dt=64
13d3| 313f        LEAY  -1,Y                cc=e4 a=44 b=00 dp=00 x=39ce y=0000 u=a710 s=1fee  dt=40
13d5| 26e8        BNE   $13bf               cc=e4 a=44 b=00 dp=00 x=39ce y=0000 u=a710 s=1fee  dt=24
13d7| 39          RTS                       cc=e4 a=44 b=00 dp=00 x=39ce y=0000 u=a710 s=1ff0  dt=40
111a| 3510        PULS  X                   cc=e4 a=44 b=00 dp=00 x=a470 y=0000 u=a710 s=1ff2  dt=56
111c| 39          RTS                       cc=e4 a=44 b=00 dp=00 x=a470 y=0000 u=a710 s=1ff4  dt=40
0c77| 3510        PULS  X                   cc=e4 a=44 b=00 dp=00 x=a470 y=0000 u=a710 s=1ff6  dt=56
0c79| 8601        LDA   #$01                cc=e0 a=01 b=00 dp=00 x=a470 y=0000 u=a710 s=1ff6  dt=16
0c7b| a706        STA   6,X                 cc=e0 a=01 b=00 dp=00 x=a470 y=0000 u=a710 s=1ff6  dt=40
0c7d| 3008        LEAX  8,X                 cc=e0 a=01 b=00 dp=00 x=a478 y=0000 u=a710 s=1ff6  dt=40
0c7f| 0a5d        DEC   <$5d                cc=e0 a=01 b=00 dp=00 x=a478 y=0000 u=a710 s=1ff6  dt=48
0c81| 26e1        BNE   $0c64               cc=e0 a=01 b=00 dp=00 x=a478 y=0000 u=a710 s=1ff6  dt=24
0c64| 6d84        TST   ,X                  cc=e0 a=01 b=00 dp=00 x=a478 y=0000 u=a710 s=1ff6  dt=48
0c66| 2715        BEQ   $0c7d               cc=e0 a=01 b=00 dp=00 x=a478 y=0000 u=a710 s=1ff6  dt=24
0c68| 6d06        TST   6,X                 cc=e0 a=01 b=00 dp=00 x=a478 y=0000 u=a710 s=1ff6  dt=56
0c6a| 2606        BNE   $0c72               cc=e0 a=01 b=00 dp=00 x=a478 y=0000 u=a710 s=1ff6  dt=24
0c72| 3410        PSHS  X                   cc=e0 a=01 b=00 dp=00 x=a478 y=0000 u=a710 s=1ff4  dt=56
0c74| 170459      LBSR  $10d0               cc=e0 a=01 b=00 dp=00 x=a478 y=0000 u=a710 s=1ff2  dt=72
10d0| 0d9b        TST   <$9b                cc=e0 a=01 b=00 dp=00 x=a478 y=0000 u=a710 s=1ff2  dt=48
10d2| 2633        BNE   $1107               cc=e0 a=01 b=00 dp=00 x=a478 y=0000 u=a710 s=1ff2  dt=24
1107| 3410        PSHS  X                   cc=e0 a=01 b=00 dp=00 x=a478 y=0000 u=a710 s=1ff0  dt=56
1109| 17ffba      LBSR  $10c6               cc=e0 a=01 b=00 dp=00 x=a478 y=0000 u=a710 s=1fee  dt=72
10c6| 8604        LDA   #$04                cc=e0 a=04 b=00 dp=00 x=a478 y=0000 u=a710 s=1fee  dt=16
10c8| 905d        SUBA  <$5d                cc=e0 a=01 b=00 dp=00 x=a478 y=0000 u=a710 s=1fee  dt=32
10ca| cea898      LDU   #$a898              cc=e8 a=01 b=00 dp=00 x=a478 y=0000 u=a898 s=1fee  dt=24
10cd| 33c6        LEAU  A,U                 cc=e8 a=01 b=00 dp=00 x=a478 y=0000 u=a899 s=1fee  dt=40
10cf| 39          RTS                       cc=e8 a=01 b=00 dp=00 x=a478 y=0000 u=a899 s=1ff0  dt=40
110c| 6fc4        CLR   ,U                  cc=e4 a=01 b=00 dp=00 x=a478 y=0000 u=a899 s=1ff0  dt=48
110e| 3510        PULS  X                   cc=e4 a=01 b=00 dp=00 x=a478 y=0000 u=a899 s=1ff2  dt=56
1110| 3410        PSHS  X                   cc=e4 a=01 b=00 dp=00 x=a478 y=0000 u=a899 s=1ff0  dt=56
1112| ae01        LDX   1,X                 cc=e0 a=01 b=00 dp=00 x=2fee y=0000 u=a899 s=1ff0  dt=48
1114| 17ff99      LBSR  $10b0               cc=e0 a=01 b=00 dp=00 x=2fee y=0000 u=a899 s=1fee  dt=72
10b0| 8604        LDA   #$04                cc=e0 a=04 b=00 dp=00 x=2fee y=0000 u=a899 s=1fee  dt=16
10b2| 905d        SUBA  <$5d                cc=e0 a=01 b=00 dp=00 x=2fee y=0000 u=a899 s=1fee  dt=32
10b4| c680        LDB   #$80                cc=e8 a=01 b=80 dp=00 x=2fee y=0000 u=a899 s=1fee  dt=16
10b6| 3d          MUL                       cc=e9 a=00 b=80 dp=00 x=2fee y=0000 u=a899 s=1fee  dt=88
10b7| 0d90        TST   <$90                cc=e5 a=00 b=80 dp=00 x=2fee y=0000 u=a899 s=1fee  dt=48
10b9| 2605        BNE   $10c0               cc=e5 a=00 b=80 dp=00 x=2fee y=0000 u=a899 s=1fee  dt=24
10bb| c3a690      ADDD  #$a690              cc=e8 a=a7 b=10 dp=00 x=2fee y=0000 u=a899 s=1fee  dt=32
10be| 2003        BRA   $10c3               cc=e8 a=a7 b=10 dp=00 x=2fee y=0000 u=a899 s=1fee  dt=24
10c3| 1f03        TFR   D,U                 cc=e8 a=a7 b=10 dp=00 x=2fee y=0000 u=a710 s=1fee  dt=48
10c5| 39          RTS                       cc=e8 a=a7 b=10 dp=00 x=2fee y=0000 u=a710 s=1ff0  dt=40
1117| 1702a1      LBSR  $13bb               cc=e8 a=a7 b=10 dp=00 x=2fee y=0000 u=a710 s=1fee  dt=72
13bb| 108e0010    LDY   #$0010              cc=e0 a=a7 b=10 dp=00 x=2fee y=0010 u=a710 s=1fee  dt=32
13bf| ec81        LDD   ,X++                cc=e4 a=00 b=00 dp=00 x=2ff0 y=0010 u=a710 s=1fee  dt=64
13c1| edc1        STD   ,U++                cc=e4 a=00 b=00 dp=00 x=2ff0 y=0010 u=a712 s=1fee  dt=64
13c3| ec81        LDD   ,X++                cc=e4 a=00 b=00 dp=00 x=2ff2 y=0010 u=a712 s=1fee  dt=64
13c5| edc1        STD   ,U++                cc=e4 a=00 b=00 dp=00 x=2ff2 y=0010 u=a714 s=1fee  dt=64
13c7| ec81        LDD   ,X++                cc=e4 a=00 b=00 dp=00 x=2ff4 y=0010 u=a714 s=1fee  dt=64
13c9| edc1        STD   ,U++                cc=e4 a=00 b=00 dp=00 x=2ff4 y=0010 u=a716 s=1fee  dt=64
13cb| ec81        LDD   ,X++                cc=e0 a=44 b=44 dp=00 x=2ff6 y=0010 u=a716 s=1fee  dt=64
13cd| edc1        STD   ,U++                cc=e0 a=44 b=44 dp=00 x=2ff6 y=0010 u=a718 s=1fee  dt=64
13cf| 30890098    LEAX  $0098,X             cc=e0 a=44 b=44 dp=00 x=308e y=0010 u=a718 s=1fee  dt=64
13d3| 313f        LEAY  -1,Y                cc=e0 a=44 b=44 dp=00 x=308e y=000f u=a718 s=1fee  dt=40
13d5| 26e8        BNE   $13bf               cc=e0 a=44 b=44 dp=00 x=308e y=000f u=a718 s=1fee  dt=24
13bf| ec81        LDD   ,X++                cc=e4 a=00 b=00 dp=00 x=3090 y=000f u=a718 s=1fee  dt=64
13c1| edc1        STD   ,U++                cc=e4 a=00 b=00 dp=00 x=3090 y=000f u=a71a s=1fee  dt=64
13c3| ec81        LDD   ,X++                cc=e4 a=00 b=00 dp=00 x=3092 y=000f u=a71a s=1fee  dt=64
13c5| edc1        STD   ,U++                cc=e4 a=00 b=00 dp=00 x=3092 y=000f u=a71c s=1fee  dt=64
13c7| ec81        LDD   ,X++                cc=e4 a=00 b=00 dp=00 x=3094 y=000f u=a71c s=1fee  dt=64
13c9| edc1        STD   ,U++                cc=e4 a=00 b=00 dp=00 x=3094 y=000f u=a71e s=1fee  dt=64
13cb| ec81        LDD   ,X++                cc=e0 a=44 b=00 dp=00 x=3096 y=000f u=a71e s=1fee  dt=64
13cd| edc1        STD   ,U++                cc=e0 a=44 b=00 dp=00 x=3096 y=000f u=a720 s=1fee  dt=64
13cf| 30890098    LEAX  $0098,X             cc=e0 a=44 b=00 dp=00 x=312e y=000f u=a720 s=1fee  dt=64
13d3| 313f        LEAY  -1,Y                cc=e0 a=44 b=00 dp=00 x=312e y=000e u=a720 s=1fee  dt=40
13d5| 26e8        BNE   $13bf               cc=e0 a=44 b=00 dp=00 x=312e y=000e u=a720 s=1fee  dt=24
13bf| ec81        LDD   ,X++                cc=e4 a=00 b=00 dp=00 x=3130 y=000e u=a720 s=1fee  dt=64
13c1| edc1        STD   ,U++                cc=e4 a=00 b=00 dp=00 x=3130 y=000e u=a722 s=1fee  dt=64
13c3| ec81        LDD   ,X++                cc=e4 a=00 b=00 dp=00 x=3132 y=000e u=a722 s=1fee  dt=64
13c5| edc1        STD   ,U++                cc=e4 a=00 b=00 dp=00 x=3132 y=000e u=a724 s=1fee  dt=64
13c7| ec81        LDD   ,X++                cc=e4 a=00 b=00 dp=00 x=3134 y=000e u=a724 s=1fee  dt=64
13c9| edc1        STD   ,U++                cc=e4 a=00 b=00 dp=00 x=3134 y=000e u=a726 s=1fee  dt=64
13cb| ec81        LDD   ,X++                cc=e0 a=44 b=00 dp=00 x=3136 y=000e u=a726 s=1fee  dt=64
13cd| edc1        STD   ,U++                cc=e0 a=44 b=00 dp=00 x=3136 y=000e u=a728 s=1fee  dt=64
13cf| 30890098    LEAX  $0098,X             cc=e0 a=44 b=00 dp=00 x=31ce y=000e u=a728 s=1fee  dt=64
13d3| 313f        LEAY  -1,Y                cc=e0 a=44 b=00 dp=00 x=31ce y=000d u=a728 s=1fee  dt=40
13d5| 26e8        BNE   $13bf               cc=e0 a=44 b=00 dp=00 x=31ce y=000d u=a728 s=1fee  dt=24
13bf| ec81        LDD   ,X++                cc=e4 a=00 b=00 dp=00 x=31d0 y=000d u=a728 s=1fee  dt=64
13c1| edc1        STD   ,U++                cc=e4 a=00 b=00 dp=00 x=31d0 y=000d u=a72a s=1fee  dt=64
13c3| ec81        LDD   ,X++                cc=e4 a=00 b=00 dp=00 x=31d2 y=000d u=a72a s=1fee  dt=64
13c5| edc1        STD   ,U++                cc=e4 a=00 b=00 dp=00 x=31d2 y=000d u=a72c s=1fee  dt=64
13c7| ec81        LDD   ,X++                cc=e4 a=00 b=00 dp=00 x=31d4 y=000d u=a72c s=1fee  dt=64
13c9| edc1        STD   ,U++                cc=e4 a=00 b=00 dp=00 x=31d4 y=000d u=a72e s=1fee  dt=64
13cb| ec81        LDD   ,X++                cc=e0 a=44 b=00 dp=00 x=31d6 y=000d u=a72e s=1fee  dt=64
13cd| edc1        STD   ,U++                cc=e0 a=44 b=00 dp=00 x=31d6 y=000d u=a730 s=1fee  dt=64
13cf| 30890098    LEAX  $0098,X             cc=e0 a=44 b=00 dp=00 x=326e y=000d u=a730 s=1fee  dt=64
13d3| 313f        LEAY  -1,Y                cc=e0 a=44 b=00 dp=00 x=326e y=000c u=a730 s=1fee  dt=40
13d5| 26e8        BNE   $13bf               cc=e0 a=44 b=00 dp=00 x=326e y=000c u=a730 s=1fee  dt=24
13bf| ec81        LDD   ,X++                cc=e4 a=00 b=00 dp=00 x=3270 y=000c u=a730 s=1fee  dt=64
13c1| edc1        STD   ,U++                cc=e4 a=00 b=00 dp=00 x=3270 y=000c u=a732 s=1fee  dt=64
13c3| ec81        LDD   ,X++                cc=e4 a=00 b=00 dp=00 x=3272 y=000c u=a732 s=1fee  dt=64
13c5| edc1        STD   ,U++                cc=e4 a=00 b=00 dp=00 x=3272 y=000c u=a734 s=1fee  dt=64
13c7| ec81        LDD   ,X++                cc=e4 a=00 b=00 dp=00 x=3274 y=000c u=a734 s=1fee  dt=64
13c9| edc1        STD   ,U++                cc=e4 a=00 b=00 dp=00 x=3274 y=000c u=a736 s=1fee  dt=64
13cb| ec81        LDD   ,X++                cc=e0 a=44 b=00 dp=00 x=3276 y=000c u=a736 s=1fee  dt=64
13cd| edc1        STD   ,U++                cc=e0 a=44 b=00 dp=00 x=3276 y=000c u=a738 s=1fee  dt=64
13cf| 30890098    LEAX  $0098,X             cc=e0 a=44 b=00 dp=00 x=330e y=000c u=a738 s=1fee  dt=64
13d3| 313f        LEAY  -1,Y                cc=e0 a=44 b=00 dp=00 x=330e y=000b u=a738 s=1fee  dt=40
13d5| 26e8        BNE   $13bf               cc=e0 a=44 b=00 dp=00 x=330e y=000b u=a738 s=1fee  dt=24
13bf| ec81        LDD   ,X++                cc=e4 a=00 b=00 dp=00 x=3310 y=000b u=a738 s=1fee  dt=64
13c1| edc1        STD   ,U++                cc=e4 a=00 b=00 dp=00 x=3310 y=000b u=a73a s=1fee  dt=64
13c3| ec81        LDD   ,X++                cc=e4 a=00 b=00 dp=00 x=3312 y=000b u=a73a s=1fee  dt=64
13c5| edc1        STD   ,U++                cc=e4 a=00 b=00 dp=00 x=3312 y=000b u=a73c s=1fee  dt=64
13c7| ec81        LDD   ,X++                cc=e4 a=00 b=00 dp=00 x=3314 y=000b u=a73c s=1fee  dt=64
13c9| edc1        STD   ,U++                cc=e4 a=00 b=00 dp=00 x=3314 y=000b u=a73e s=1fee  dt=64
13cb| ec81        LDD   ,X++                cc=e0 a=44 b=00 dp=00 x=3316 y=000b u=a73e s=1fee  dt=64
13cd| edc1        STD   ,U++                cc=e0 a=44 b=00 dp=00 x=3316 y=000b u=a740 s=1fee  dt=64
13cf| 30890098    LEAX  $0098,X             cc=e0 a=44 b=00 dp=00 x=33ae y=000b u=a740 s=1fee  dt=64
13d3| 313f        LEAY  -1,Y                cc=e0 a=44 b=00 dp=00 x=33ae y=000a u=a740 s=1fee  dt=40
13d5| 26e8        BNE   $13bf               cc=e0 a=44 b=00 dp=00 x=33ae y=000a u=a740 s=1fee  dt=24
13bf| ec81        LDD   ,X++                cc=e4 a=00 b=00 dp=00 x=33b0 y=000a u=a740 s=1fee  dt=64
13c1| edc1        STD   ,U++                cc=e4 a=00 b=00 dp=00 x=33b0 y=000a u=a742 s=1fee  dt=64
13c3| ec81        LDD   ,X++                cc=e4 a=00 b=00 dp=00 x=33b2 y=000a u=a742 s=1fee  dt=64
13c5| edc1        STD   ,U++                cc=e4 a=00 b=00 dp=00 x=33b2 y=000a u=a744 s=1fee  dt=64
13c7| ec81        LDD   ,X++                cc=e4 a=00 b=00 dp=00 x=33b4 y=000a u=a744 s=1fee  dt=64
13c9| edc1        STD   ,U++                cc=e4 a=00 b=00 dp=00 x=33b4 y=000a u=a746 s=1fee  dt=64
13cb| ec81        LDD   ,X++                cc=e0 a=44 b=00 dp=00 x=33b6 y=000a u=a746 s=1fee  dt=64
13cd| edc1        STD   ,U++                cc=e0 a=44 b=00 dp=00 x=33b6 y=000a u=a748 s=1fee  dt=64
13cf| 30890098    LEAX  $0098,X             cc=e0 a=44 b=00 dp=00 x=344e y=000a u=a748 s=1fee  dt=64
13d3| 313f        LEAY  -1,Y                cc=e0 a=44 b=00 dp=00 x=344e y=0009 u=a748 s=1fee  dt=40
13d5| 26e8        BNE   $13bf               cc=e0 a=44 b=00 dp=00 x=344e y=0009 u=a748 s=1fee  dt=24
13bf| ec81        LDD   ,X++                cc=e4 a=00 b=00 dp=00 x=3450 y=0009 u=a748 s=1fee  dt=64
13c1| edc1        STD   ,U++                cc=e4 a=00 b=00 dp=00 x=3450 y=0009 u=a74a s=1fee  dt=64
13c3| ec81        LDD   ,X++                cc=e8 a=b0 b=b0 dp=00 x=3452 y=0009 u=a74a s=1fee  dt=64
13c5| edc1        STD   ,U++                cc=e8 a=b0 b=b0 dp=00 x=3452 y=0009 u=a74c s=1fee  dt=64
13c7| ec81        LDD   ,X++                cc=e4 a=00 b=00 dp=00 x=3454 y=0009 u=a74c s=1fee  dt=64
13c9| edc1        STD   ,U++                cc=e4 a=00 b=00 dp=00 x=3454 y=0009 u=a74e s=1fee  dt=64
13cb| ec81        LDD   ,X++                cc=e0 a=44 b=00 dp=00 x=3456 y=0009 u=a74e s=1fee  dt=64
13cd| edc1        STD   ,U++                cc=e0 a=44 b=00 dp=00 x=3456 y=0009 u=a750 s=1fee  dt=64
13cf| 30890098    LEAX  $0098,X             cc=e0 a=44 b=00 dp=00 x=34ee y=0009 u=a750 s=1fee  dt=64
13d3| 313f        LEAY  -1,Y                cc=e0 a=44 b=00 dp=00 x=34ee y=0008 u=a750 s=1fee  dt=40
13d5| 26e8        BNE   $13bf               cc=e0 a=44 b=00 dp=00 x=34ee y=0008 u=a750 s=1fee  dt=24
13bf| ec81        LDD   ,X++                cc=e4 a=00 b=00 dp=00 x=34f0 y=0008 u=a750 s=1fee  dt=64
13c1| edc1        STD   ,U++                cc=e4 a=00 b=00 dp=00 x=34f0 y=0008 u=a752 s=1fee  dt=64
13c3| ec81        LDD   ,X++                cc=e0 a=06 b=00 dp=00 x=34f2 y=0008 u=a752 s=1fee  dt=64
13c5| edc1        STD   ,U++                cc=e0 a=06 b=00 dp=00 x=34f2 y=0008 u=a754 s=1fee  dt=64
13c7| ec81        LDD   ,X++                cc=e4 a=00 b=00 dp=00 x=34f4 y=0008 u=a754 s=1fee  dt=64
13c9| edc1        STD   ,U++                cc=e4 a=00 b=00 dp=00 x=34f4 y=0008 u=a756 s=1fee  dt=64
13cb| ec81        LDD   ,X++                cc=e0 a=44 b=00 dp=00 x=34f6 y=0008 u=a756 s=1fee  dt=64
13cd| edc1        STD   ,U++                cc=e0 a=44 b=00 dp=00 x=34f6 y=0008 u=a758 s=1fee  dt=64
13cf| 30890098    LEAX  $0098,X             cc=e0 a=44 b=00 dp=00 x=358e y=0008 u=a758 s=1fee  dt=64
13d3| 313f        LEAY  -1,Y                cc=e0 a=44 b=00 dp=00 x=358e y=0007 u=a758 s=1fee  dt=40
13d5| 26e8        BNE   $13bf               cc=e0 a=44 b=00 dp=00 x=358e y=0007 u=a758 s=1fee  dt=24
13bf| ec81        LDD   ,X++                cc=e4 a=00 b=00 dp=00 x=3590 y=0007 u=a758 s=1fee  dt=64
13c1| edc1        STD   ,U++                cc=e4 a=00 b=00 dp=00 x=3590 y=0007 u=a75a s=1fee  dt=64
13c3| ec81        LDD   ,X++                cc=e8 a=b0 b=b0 dp=00 x=3592 y=0007 u=a75a s=1fee  dt=64
13c5| edc1        STD   ,U++                cc=e8 a=b0 b=b0 dp=00 x=3592 y=0007 u=a75c s=1fee  dt=64
13c7| ec81        LDD   ,X++                cc=e4 a=00 b=00 dp=00 x=3594 y=0007 u=a75c s=1fee  dt=64
13c9| edc1        STD   ,U++                cc=e4 a=00 b=00 dp=00 x=3594 y=0007 u=a75e s=1fee  dt=64
13cb| ec81        LDD   ,X++                cc=e0 a=44 b=00 dp=00 x=3596 y=0007 u=a75e s=1fee  dt=64
13cd| edc1        STD   ,U++                cc=e0 a=44 b=00 dp=00 x=3596 y=0007 u=a760 s=1fee  dt=64
13cf| 30890098    LEAX  $0098,X             cc=e0 a=44 b=00 dp=00 x=362e y=0007 u=a760 s=1fee  dt=64
13d3| 313f        LEAY  -1,Y                cc=e0 a=44 b=00 dp=00 x=362e y=0006 u=a760 s=1fee  dt=40
13d5| 26e8        BNE   $13bf               cc=e0 a=44 b=00 dp=00 x=362e y=0006 u=a760 s=1fee  dt=24
13bf| ec81        LDD   ,X++                cc=e4 a=00 b=00 dp=00 x=3630 y=0006 u=a760 s=1fee  dt=64
13c1| edc1        STD   ,U++                cc=e4 a=00 b=00 dp=00 x=3630 y=0006 u=a762 s=1fee  dt=64
13c3| ec81        LDD   ,X++                cc=e4 a=00 b=00 dp=00 x=3632 y=0006 u=a762 s=1fee  dt=64
13c5| edc1        STD   ,U++                cc=e4 a=00 b=00 dp=00 x=3632 y=0006 u=a764 s=1fee  dt=64
13c7| ec81        LDD   ,X++                cc=e4 a=00 b=00 dp=00 x=3634 y=0006 u=a764 s=1fee  dt=64
13c9| edc1        STD   ,U++                cc=e4 a=00 b=00 dp=00 x=3634 y=0006 u=a766 s=1fee  dt=64
13cb| ec81        LDD   ,X++                cc=e0 a=44 b=00 dp=00 x=3636 y=0006 u=a766 s=1fee  dt=64
13cd| edc1        STD   ,U++                cc=e0 a=44 b=00 dp=00 x=3636 y=0006 u=a768 s=1fee  dt=64
13cf| 30890098    LEAX  $0098,X             cc=e0 a=44 b=00 dp=00 x=36ce y=0006 u=a768 s=1fee  dt=64
13d3| 313f        LEAY  -1,Y                cc=e0 a=44 b=00 dp=00 x=36ce y=0005 u=a768 s=1fee  dt=40
13d5| 26e8        BNE   $13bf               cc=e0 a=44 b=00 dp=00 x=36ce y=0005 u=a768 s=1fee  dt=24
13bf| ec81        LDD   ,X++                cc=e4 a=00 b=00 dp=00 x=36d0 y=0005 u=a768 s=1fee  dt=64
13c1| edc1        STD   ,U++                cc=e4 a=00 b=00 dp=00 x=36d0 y=0005 u=a76a s=1fee  dt=64
13c3| ec81        LDD   ,X++                cc=e4 a=00 b=00 dp=00 x=36d2 y=0005 u=a76a s=1fee  dt=64
13c5| edc1        STD   ,U++                cc=e4 a=00 b=00 dp=00 x=36d2 y=0005 u=a76c s=1fee  dt=64
13c7| ec81        LDD   ,X++                cc=e4 a=00 b=00 dp=00 x=36d4 y=0005 u=a76c s=1fee  dt=64
13c9| edc1        STD   ,U++                cc=e4 a=00 b=00 dp=00 x=36d4 y=0005 u=a76e s=1fee  dt=64
13cb| ec81        LDD   ,X++                cc=e0 a=44 b=00 dp=00 x=36d6 y=0005 u=a76e s=1fee  dt=64
13cd| edc1        STD   ,U++                cc=e0 a=44 b=00 dp=00 x=36d6 y=0005 u=a770 s=1fee  dt=64
13cf| 30890098    LEAX  $0098,X             cc=e0 a=44 b=00 dp=00 x=376e y=0005 u=a770 s=1fee  dt=64
13d3| 313f        LEAY  -1,Y                cc=e0 a=44 b=00 dp=00 x=376e y=0004 u=a770 s=1fee  dt=40
13d5| 26e8        BNE   $13bf               cc=e0 a=44 b=00 dp=00 x=376e y=0004 u=a770 s=1fee  dt=24
13bf| ec81        LDD   ,X++                cc=e4 a=00 b=00 dp=00 x=3770 y=0004 u=a770 s=1fee  dt=64
13c1| edc1        STD   ,U++                cc=e4 a=00 b=00 dp=00 x=3770 y=0004 u=a772 s=1fee  dt=64
13c3| ec81        LDD   ,X++                cc=e4 a=00 b=00 dp=00 x=3772 y=0004 u=a772 s=1fee  dt=64
13c5| edc1        STD   ,U++                cc=e4 a=00 b=00 dp=00 x=3772 y=0004 u=a774 s=1fee  dt=64
13c7| ec81        LDD   ,X++                cc=e4 a=00 b=00 dp=00 x=3774 y=0004 u=a774 s=1fee  dt=64
13c9| edc1        STD   ,U++                cc=e4 a=00 b=00 dp=00 x=3774 y=0004 u=a776 s=1fee  dt=64
13cb| ec81        LDD   ,X++                cc=e0 a=44 b=00 dp=00 x=3776 y=0004 u=a776 s=1fee  dt=64
13cd| edc1        STD   ,U++                cc=e0 a=44 b=00 dp=00 x=3776 y=0004 u=a778 s=1fee  dt=64
13cf| 30890098    LEAX  $0098,X             cc=e0 a=44 b=00 dp=00 x=380e y=0004 u=a778 s=1fee  dt=64
13d3| 313f        LEAY  -1,Y                cc=e0 a=44 b=00 dp=00 x=380e y=0003 u=a778 s=1fee  dt=40
13d5| 26e8        BNE   $13bf               cc=e0 a=44 b=00 dp=00 x=380e y=0003 u=a778 s=1fee  dt=24
13bf| ec81        LDD   ,X++                cc=e4 a=00 b=00 dp=00 x=3810 y=0003 u=a778 s=1fee  dt=64
13c1| edc1        STD   ,U++                cc=e4 a=00 b=00 dp=00 x=3810 y=0003 u=a77a s=1fee  dt=64
13c3| ec81        LDD   ,X++                cc=e4 a=00 b=00 dp=00 x=3812 y=0003 u=a77a s=1fee  dt=64
13c5| edc1        STD   ,U++                cc=e4 a=00 b=00 dp=00 x=3812 y=0003 u=a77c s=1fee  dt=64
13c7| ec81        LDD   ,X++                cc=e4 a=00 b=00 dp=00 x=3814 y=0003 u=a77c s=1fee  dt=64
13c9| edc1        STD   ,U++                cc=e4 a=00 b=00 dp=00 x=3814 y=0003 u=a77e s=1fee  dt=64
13cb| ec81        LDD   ,X++                cc=e0 a=44 b=00 dp=00 x=3816 y=0003 u=a77e s=1fee  dt=64
13cd| edc1        STD   ,U++                cc=e0 a=44 b=00 dp=00 x=3816 y=0003 u=a780 s=1fee  dt=64
13cf| 30890098    LEAX  $0098,X             cc=e0 a=44 b=00 dp=00 x=38ae y=0003 u=a780 s=1fee  dt=64
13d3| 313f        LEAY  -1,Y                cc=e0 a=44 b=00 dp=00 x=38ae y=0002 u=a780 s=1fee  dt=40
13d5| 26e8        BNE   $13bf               cc=e0 a=44 b=00 dp=00 x=38ae y=0002 u=a780 s=1fee  dt=24
13bf| ec81        LDD   ,X++                cc=e4 a=00 b=00 dp=00 x=38b0 y=0002 u=a780 s=1fee  dt=64
13c1| edc1        STD   ,U++                cc=e4 a=00 b=00 dp=00 x=38b0 y=0002 u=a782 s=1fee  dt=64
13c3| ec81        LDD   ,X++                cc=e4 a=00 b=00 dp=00 x=38b2 y=0002 u=a782 s=1fee  dt=64
13c5| edc1        STD   ,U++                cc=e4 a=00 b=00 dp=00 x=38b2 y=0002 u=a784 s=1fee  dt=64
13c7| ec81        LDD   ,X++                cc=e4 a=00 b=00 dp=00 x=38b4 y=0002 u=a784 s=1fee  dt=64
13c9| edc1        STD   ,U++                cc=e4 a=00 b=00 dp=00 x=38b4 y=0002 u=a786 s=1fee  dt=64
13cb| ec81        LDD   ,X++                cc=e0 a=44 b=00 dp=00 x=38b6 y=0002 u=a786 s=1fee  dt=64
13cd| edc1        STD   ,U++                cc=e0 a=44 b=00 dp=00 x=38b6 y=0002 u=a788 s=1fee  dt=64
13cf| 30890098    LEAX  $0098,X             cc=e0 a=44 b=00 dp=00 x=394e y=0002 u=a788 s=1fee  dt=64
13d3| 313f        LEAY  -1,Y                cc=e0 a=44 b=00 dp=00 x=394e y=0001 u=a788 s=1fee  dt=40
13d5| 26e8        BNE   $13bf               cc=e0 a=44 b=00 dp=00 x=394e y=0001 u=a788 s=1fee  dt=24
13bf| ec81        LDD   ,X++                cc=e4 a=00 b=00 dp=00 x=3950 y=0001 u=a788 s=1fee  dt=64
13c1| edc1        STD   ,U++                cc=e4 a=00 b=00 dp=00 x=3950 y=0001 u=a78a s=1fee  dt=64
13c3| ec81        LDD   ,X++                cc=e4 a=00 b=00 dp=00 x=3952 y=0001 u=a78a s=1fee  dt=64
13c5| edc1        STD   ,U++                cc=e4 a=00 b=00 dp=00 x=3952 y=0001 u=a78c s=1fee  dt=64
13c7| ec81        LDD   ,X++                cc=e4 a=00 b=00 dp=00 x=3954 y=0001 u=a78c s=1fee  dt=64
13c9| edc1        STD   ,U++                cc=e4 a=00 b=00 dp=00 x=3954 y=0001 u=a78e s=1fee  dt=64
13cb| ec81        LDD   ,X++                cc=e0 a=44 b=00 dp=00 x=3956 y=0001 u=a78e s=1fee  dt=64
13cd| edc1        STD   ,U++                cc=e0 a=44 b=00 dp=00 x=3956 y=0001 u=a790 s=1fee  dt=64
13cf| 30890098    LEAX  $0098,X             cc=e0 a=44 b=00 dp=00 x=39ee y=0001 u=a790 s=1fee  dt=64
13d3| 313f        LEAY  -1,Y                cc=e4 a=44 b=00 dp=00 x=39ee y=0000 u=a790 s=1fee  dt=40
13d5| 26e8        BNE   $13bf               cc=e4 a=44 b=00 dp=00 x=39ee y=0000 u=a790 s=1fee  dt=24
13d7| 39          RTS                       cc=e4 a=44 b=00 dp=00 x=39ee y=0000 u=a790 s=1ff0  dt=40
111a| 3510        PULS  X                   cc=e4 a=44 b=00 dp=00 x=a478 y=0000 u=a790 s=1ff2  dt=56
111c| 39          RTS                       cc=e4 a=44 b=00 dp=00 x=a478 y=0000 u=a790 s=1ff4  dt=40
0c77| 3510        PULS  X                   cc=e4 a=44 b=00 dp=00 x=a478 y=0000 u=a790 s=1ff6  dt=56
0c79| 8601        LDA   #$01                cc=e0 a=01 b=00 dp=00 x=a478 y=0000 u=a790 s=1ff6  dt=16
0c7b| a706        STA   6,X                 cc=e0 a=01 b=00 dp=00 x=a478 y=0000 u=a790 s=1ff6  dt=40
0c7d| 3008        LEAX  8,X                 cc=e0 a=01 b=00 dp=00 x=a480 y=0000 u=a790 s=1ff6  dt=40
0c7f| 0a5d        DEC   <$5d                cc=e0 a=01 b=00 dp=00 x=a480 y=0000 u=a790 s=1ff6  dt=48
0c81| 26e1        BNE   $0c64               cc=e0 a=01 b=00 dp=00 x=a480 y=0000 u=a790 s=1ff6  dt=24
0c64| 6d84        TST   ,X                  cc=e0 a=01 b=00 dp=00 x=a480 y=0000 u=a790 s=1ff6  dt=48
0c66| 2715        BEQ   $0c7d               cc=e0 a=01 b=00 dp=00 x=a480 y=0000 u=a790 s=1ff6  dt=24
0c68| 6d06        TST   6,X                 cc=e0 a=01 b=00 dp=00 x=a480 y=0000 u=a790 s=1ff6  dt=56
0c6a| 2606        BNE   $0c72               cc=e0 a=01 b=00 dp=00 x=a480 y=0000 u=a790 s=1ff6  dt=24
0c72| 3410        PSHS  X                   cc=e0 a=01 b=00 dp=00 x=a480 y=0000 u=a790 s=1ff4  dt=56
0c74| 170459      LBSR  $10d0               cc=e0 a=01 b=00 dp=00 x=a480 y=0000 u=a790 s=1ff2  dt=72
10d0| 0d9b        TST   <$9b                cc=e0 a=01 b=00 dp=00 x=a480 y=0000 u=a790 s=1ff2  dt=48
10d2| 2633        BNE   $1107               cc=e0 a=01 b=00 dp=00 x=a480 y=0000 u=a790 s=1ff2  dt=24
1107| 3410        PSHS  X                   cc=e0 a=01 b=00 dp=00 x=a480 y=0000 u=a790 s=1ff0  dt=56
1109| 17ffba      LBSR  $10c6               cc=e0 a=01 b=00 dp=00 x=a480 y=0000 u=a790 s=1fee  dt=72
10c6| 8604        LDA   #$04                cc=e0 a=04 b=00 dp=00 x=a480 y=0000 u=a790 s=1fee  dt=16
10c8| 905d        SUBA  <$5d                cc=e0 a=02 b=00 dp=00 x=a480 y=0000 u=a790 s=1fee  dt=32
10ca| cea898      LDU   #$a898              cc=e8 a=02 b=00 dp=00 x=a480 y=0000 u=a898 s=1fee  dt=24
10cd| 33c6        LEAU  A,U                 cc=e8 a=02 b=00 dp=00 x=a480 y=0000 u=a89a s=1fee  dt=40
10cf| 39          RTS                       cc=e8 a=02 b=00 dp=00 x=a480 y=0000 u=a89a s=1ff0  dt=40
110c| 6fc4        CLR   ,U                  cc=e4 a=02 b=00 dp=00 x=a480 y=0000 u=a89a s=1ff0  dt=48
110e| 3510        PULS  X                   cc=e4 a=02 b=00 dp=00 x=a480 y=0000 u=a89a s=1ff2  dt=56
1110| 3410        PSHS  X                   cc=e4 a=02 b=00 dp=00 x=a480 y=0000 u=a89a s=1ff0  dt=56
1112| ae01        LDX   1,X                 cc=e0 a=02 b=00 dp=00 x=6fca y=0000 u=a89a s=1ff0  dt=48
1114| 17ff99      LBSR  $10b0               cc=e0 a=02 b=00 dp=00 x=6fca y=0000 u=a89a s=1fee  dt=72
10b0| 8604        LDA   #$04                cc=e0 a=04 b=00 dp=00 x=6fca y=0000 u=a89a s=1fee  dt=16
10b2| 905d        SUBA  <$5d                cc=e0 a=02 b=00 dp=00 x=6fca y=0000 u=a89a s=1fee  dt=32
10b4| c680        LDB   #$80                cc=e8 a=02 b=80 dp=00 x=6fca y=0000 u=a89a s=1fee  dt=16
10b6| 3d          MUL                       cc=e8 a=01 b=00 dp=00 x=6fca y=0000 u=a89a s=1fee  dt=88
10b7| 0d90        TST   <$90                cc=e4 a=01 b=00 dp=00 x=6fca y=0000 u=a89a s=1fee  dt=48
10b9| 2605        BNE   $10c0               cc=e4 a=01 b=00 dp=00 x=6fca y=0000 u=a89a s=1fee  dt=24
10bb| c3a690      ADDD  #$a690              cc=e8 a=a7 b=90 dp=00 x=6fca y=0000 u=a89a s=1fee  dt=32
10be| 2003        BRA   $10c3               cc=e8 a=a7 b=90 dp=00 x=6fca y=0000 u=a89a s=1fee  dt=24
10c3| 1f03        TFR   D,U                 cc=e8 a=a7 b=90 dp=00 x=6fca y=0000 u=a790 s=1fee  dt=48
10c5| 39          RTS                       cc=e8 a=a7 b=90 dp=00 x=6fca y=0000 u=a790 s=1ff0  dt=40
1117| 1702a1      LBSR  $13bb               cc=e8 a=a7 b=90 dp=00 x=6fca y=0000 u=a790 s=1fee  dt=72
13bb| 108e0010    LDY   #$0010              cc=e0 a=a7 b=90 dp=00 x=6fca y=0010 u=a790 s=1fee  dt=32
13bf| ec81        LDD   ,X++                cc=e4 a=00 b=00 dp=00 x=6fcc y=0010 u=a790 s=1fee  dt=64
13c1| edc1        STD   ,U++                cc=e4 a=00 b=00 dp=00 x=6fcc y=0010 u=a792 s=1fee  dt=64
13c3| ec81        LDD   ,X++                cc=e0 a=55 b=00 dp=00 x=6fce y=0010 u=a792 s=1fee  dt=64
13c5| edc1        STD   ,U++                cc=e0 a=55 b=00 dp=00 x=6fce y=0010 u=a794 s=1fee  dt=64
13c7| ec81        LDD   ,X++                cc=e4 a=00 b=00 dp=00 x=6fd0 y=0010 u=a794 s=1fee  dt=64
13c9| edc1        STD   ,U++                cc=e4 a=00 b=00 dp=00 x=6fd0 y=0010 u=a796 s=1fee  dt=64
13cb| ec81        LDD   ,X++                cc=e4 a=00 b=00 dp=00 x=6fd2 y=0010 u=a796 s=1fee  dt=64
13cd| edc1        STD   ,U++                cc=e4 a=00 b=00 dp=00 x=6fd2 y=0010 u=a798 s=1fee  dt=64
13cf| 30890098    LEAX  $0098,X             cc=e0 a=00 b=00 dp=00 x=706a y=0010 u=a798 s=1fee  dt=64
13d3| 313f        LEAY  -1,Y                cc=e0 a=00 b=00 dp=00 x=706a y=000f u=a798 s=1fee  dt=40
13d5| 26e8        BNE   $13bf               cc=e0 a=00 b=00 dp=00 x=706a y=000f u=a798 s=1fee  dt=24
13bf| ec81        LDD   ,X++                cc=e4 a=00 b=00 dp=00 x=706c y=000f u=a798 s=1fee  dt=64
13c1| edc1        STD   ,U++                cc=e4 a=00 b=00 dp=00 x=706c y=000f u=a79a s=1fee  dt=64
13c3| ec81        LDD   ,X++                cc=e0 a=55 b=00 dp=00 x=706e y=000f u=a79a s=1fee  dt=64
13c5| edc1        STD   ,U++                cc=e0 a=55 b=00 dp=00 x=706e y=000f u=a79c s=1fee  dt=64
13c7| ec81        LDD   ,X++                cc=e4 a=00 b=00 dp=00 x=7070 y=000f u=a79c s=1fee  dt=64
13c9| edc1        STD   ,U++                cc=e4 a=00 b=00 dp=00 x=7070 y=000f u=a79e s=1fee  dt=64
13cb| ec81        LDD   ,X++                cc=e8 a=b0 b=b0 dp=00 x=7072 y=000f u=a79e s=1fee  dt=64
13cd| edc1        STD   ,U++                cc=e8 a=b0 b=b0 dp=00 x=7072 y=000f u=a7a0 s=1fee  dt=64
13cf| 30890098    LEAX  $0098,X             cc=e8 a=b0 b=b0 dp=00 x=710a y=000f u=a7a0 s=1fee  dt=64
13d3| 313f        LEAY  -1,Y                cc=e8 a=b0 b=b0 dp=00 x=710a y=000e u=a7a0 s=1fee  dt=40
13d5| 26e8        BNE   $13bf               cc=e8 a=b0 b=b0 dp=00 x=710a y=000e u=a7a0 s=1fee  dt=24
13bf| ec81        LDD   ,X++                cc=e4 a=00 b=00 dp=00 x=710c y=000e u=a7a0 s=1fee  dt=64
13c1| edc1        STD   ,U++                cc=e4 a=00 b=00 dp=00 x=710c y=000e u=a7a2 s=1fee  dt=64
13c3| ec81        LDD   ,X++                cc=e0 a=55 b=00 dp=00 x=710e y=000e u=a7a2 s=1fee  dt=64
13c5| edc1        STD   ,U++                cc=e0 a=55 b=00 dp=00 x=710e y=000e u=a7a4 s=1fee  dt=64
13c7| ec81        LDD   ,X++                cc=e4 a=00 b=00 dp=00 x=7110 y=000e u=a7a4 s=1fee  dt=64
13c9| edc1        STD   ,U++                cc=e4 a=00 b=00 dp=00 x=7110 y=000e u=a7a6 s=1fee  dt=64
13cb| ec81        LDD   ,X++                cc=e0 a=06 b=00 dp=00 x=7112 y=000e u=a7a6 s=1fee  dt=64
13cd| edc1        STD   ,U++                cc=e0 a=06 b=00 dp=00 x=7112 y=000e u=a7a8 s=1fee  dt=64
13cf| 30890098    LEAX  $0098,X             cc=e0 a=06 b=00 dp=00 x=71aa y=000e u=a7a8 s=1fee  dt=64
13d3| 313f        LEAY  -1,Y                cc=e0 a=06 b=00 dp=00 x=71aa y=000d u=a7a8 s=1fee  dt=40
13d5| 26e8        BNE   $13bf               cc=e0 a=06 b=00 dp=00 x=71aa y=000d u=a7a8 s=1fee  dt=24
13bf| ec81        LDD   ,X++                cc=e4 a=00 b=00 dp=00 x=71ac y=000d u=a7a8 s=1fee  dt=64
13c1| edc1        STD   ,U++                cc=e4 a=00 b=00 dp=00 x=71ac y=000d u=a7aa s=1fee  dt=64
13c3| ec81        LDD   ,X++                cc=e0 a=55 b=00 dp=00 x=71ae y=000d u=a7aa s=1fee  dt=64
13c5| edc1        STD   ,U++                cc=e0 a=55 b=00 dp=00 x=71ae y=000d u=a7ac s=1fee  dt=64
13c7| ec81        LDD   ,X++                cc=e4 a=00 b=00 dp=00 x=71b0 y=000d u=a7ac s=1fee  dt=64
13c9| edc1        STD   ,U++                cc=e4 a=00 b=00 dp=00 x=71b0 y=000d u=a7ae s=1fee  dt=64
13cb| ec81        LDD   ,X++                cc=e8 a=b0 b=b0 dp=00 x=71b2 y=000d u=a7ae s=1fee  dt=64
13cd| edc1        STD   ,U++                cc=e8 a=b0 b=b0 dp=00 x=71b2 y=000d u=a7b0 s=1fee  dt=64
13cf| 30890098    LEAX  $0098,X             cc=e8 a=b0 b=b0 dp=00 x=724a y=000d u=a7b0 s=1fee  dt=64
13d3| 313f        LEAY  -1,Y                cc=e8 a=b0 b=b0 dp=00 x=724a y=000c u=a7b0 s=1fee  dt=40
13d5| 26e8        BNE   $13bf               cc=e8 a=b0 b=b0 dp=00 x=724a y=000c u=a7b0 s=1fee  dt=24
13bf| ec81        LDD   ,X++                cc=e4 a=00 b=00 dp=00 x=724c y=000c u=a7b0 s=1fee  dt=64
13c1| edc1        STD   ,U++                cc=e4 a=00 b=00 dp=00 x=724c y=000c u=a7b2 s=1fee  dt=64
13c3| ec81        LDD   ,X++                cc=e0 a=55 b=00 dp=00 x=724e y=000c u=a7b2 s=1fee  dt=64
13c5| edc1        STD   ,U++                cc=e0 a=55 b=00 dp=00 x=724e y=000c u=a7b4 s=1fee  dt=64
13c7| ec81        LDD   ,X++                cc=e4 a=00 b=00 dp=00 x=7250 y=000c u=a7b4 s=1fee  dt=64
13c9| edc1        STD   ,U++                cc=e4 a=00 b=00 dp=00 x=7250 y=000c u=a7b6 s=1fee  dt=64
13cb| ec81        LDD   ,X++                cc=e4 a=00 b=00 dp=00 x=7252 y=000c u=a7b6 s=1fee  dt=64
13cd| edc1        STD   ,U++                cc=e4 a=00 b=00 dp=00 x=7252 y=000c u=a7b8 s=1fee  dt=64
13cf| 30890098    LEAX  $0098,X             cc=e0 a=00 b=00 dp=00 x=72ea y=000c u=a7b8 s=1fee  dt=64
13d3| 313f        LEAY  -1,Y                cc=e0 a=00 b=00 dp=00 x=72ea y=000b u=a7b8 s=1fee  dt=40
13d5| 26e8        BNE   $13bf               cc=e0 a=00 b=00 dp=00 x=72ea y=000b u=a7b8 s=1fee  dt=24
13bf| ec81        LDD   ,X++                cc=e4 a=00 b=00 dp=00 x=72ec y=000b u=a7b8 s=1fee  dt=64
13c1| edc1        STD   ,U++                cc=e4 a=00 b=00 dp=00 x=72ec y=000b u=a7ba s=1fee  dt=64
13c3| ec81        LDD   ,X++                cc=e0 a=55 b=00 dp=00 x=72ee y=000b u=a7ba s=1fee  dt=64
13c5| edc1        STD   ,U++                cc=e0 a=55 b=00 dp=00 x=72ee y=000b u=a7bc s=1fee  dt=64
13c7| ec81        LDD   ,X++                cc=e4 a=00 b=00 dp=00 x=72f0 y=000b u=a7bc s=1fee  dt=64
13c9| edc1        STD   ,U++                cc=e4 a=00 b=00 dp=00 x=72f0 y=000b u=a7be s=1fee  dt=64
13cb| ec81        LDD   ,X++                cc=e4 a=00 b=00 dp=00 x=72f2 y=000b u=a7be s=1fee  dt=64
13cd| edc1        STD   ,U++                cc=e4 a=00 b=00 dp=00 x=72f2 y=000b u=a7c0 s=1fee  dt=64
13cf| 30890098    LEAX  $0098,X             cc=e0 a=00 b=00 dp=00 x=738a y=000b u=a7c0 s=1fee  dt=64
13d3| 313f        LEAY  -1,Y                cc=e0 a=00 b=00 dp=00 x=738a y=000a u=a7c0 s=1fee  dt=40
13d5| 26e8        BNE   $13bf               cc=e0 a=00 b=00 dp=00 x=738a y=000a u=a7c0 s=1fee  dt=24
13bf| ec81        LDD   ,X++                cc=e4 a=00 b=00 dp=00 x=738c y=000a u=a7c0 s=1fee  dt=64
13c1| edc1        STD   ,U++                cc=e4 a=00 b=00 dp=00 x=738c y=000a u=a7c2 s=1fee  dt=64
13c3| ec81        LDD   ,X++                cc=e0 a=55 b=00 dp=00 x=738e y=000a u=a7c2 s=1fee  dt=64
13c5| edc1        STD   ,U++                cc=e0 a=55 b=00 dp=00 x=738e y=000a u=a7c4 s=1fee  dt=64
13c7| ec81        LDD   ,X++                cc=e4 a=00 b=00 dp=00 x=7390 y=000a u=a7c4 s=1fee  dt=64
13c9| edc1        STD   ,U++                cc=e4 a=00 b=00 dp=00 x=7390 y=000a u=a7c6 s=1fee  dt=64
13cb| ec81        LDD   ,X++                cc=e4 a=00 b=00 dp=00 x=7392 y=000a u=a7c6 s=1fee  dt=64
13cd| edc1        STD   ,U++                cc=e4 a=00 b=00 dp=00 x=7392 y=000a u=a7c8 s=1fee  dt=64
13cf| 30890098    LEAX  $0098,X             cc=e0 a=00 b=00 dp=00 x=742a y=000a u=a7c8 s=1fee  dt=64
13d3| 313f        LEAY  -1,Y                cc=e0 a=00 b=00 dp=00 x=742a y=0009 u=a7c8 s=1fee  dt=40
13d5| 26e8        BNE   $13bf               cc=e0 a=00 b=00 dp=00 x=742a y=0009 u=a7c8 s=1fee  dt=24
13bf| ec81        LDD   ,X++                cc=e4 a=00 b=00 dp=00 x=742c y=0009 u=a7c8 s=1fee  dt=64
13c1| edc1        STD   ,U++                cc=e4 a=00 b=00 dp=00 x=742c y=0009 u=a7ca s=1fee  dt=64
13c3| ec81        LDD   ,X++                cc=e0 a=55 b=00 dp=00 x=742e y=0009 u=a7ca s=1fee  dt=64
13c5| edc1        STD   ,U++                cc=e0 a=55 b=00 dp=00 x=742e y=0009 u=a7cc s=1fee  dt=64
13c7| ec81        LDD   ,X++                cc=e4 a=00 b=00 dp=00 x=7430 y=0009 u=a7cc s=1fee  dt=64
13c9| edc1        STD   ,U++                cc=e4 a=00 b=00 dp=00 x=7430 y=0009 u=a7ce s=1fee  dt=64
13cb| ec81        LDD   ,X++                cc=e4 a=00 b=00 dp=00 x=7432 y=0009 u=a7ce s=1fee  dt=64
13cd| edc1        STD   ,U++                cc=e4 a=00 b=00 dp=00 x=7432 y=0009 u=a7d0 s=1fee  dt=64
13cf| 30890098    LEAX  $0098,X             cc=e0 a=00 b=00 dp=00 x=74ca y=0009 u=a7d0 s=1fee  dt=64
13d3| 313f        LEAY  -1,Y                cc=e0 a=00 b=00 dp=00 x=74ca y=0008 u=a7d0 s=1fee  dt=40
13d5| 26e8        BNE   $13bf               cc=e0 a=00 b=00 dp=00 x=74ca y=0008 u=a7d0 s=1fee  dt=24
13bf| ec81        LDD   ,X++                cc=e4 a=00 b=00 dp=00 x=74cc y=0008 u=a7d0 s=1fee  dt=64
13c1| edc1        STD   ,U++                cc=e4 a=00 b=00 dp=00 x=74cc y=0008 u=a7d2 s=1fee  dt=64
13c3| ec81        LDD   ,X++                cc=e4 a=00 b=00 dp=00 x=74ce y=0008 u=a7d2 s=1fee  dt=64
13c5| edc1        STD   ,U++                cc=e4 a=00 b=00 dp=00 x=74ce y=0008 u=a7d4 s=1fee  dt=64
13c7| ec81        LDD   ,X++                cc=e4 a=00 b=00 dp=00 x=74d0 y=0008 u=a7d4 s=1fee  dt=64
13c9| edc1        STD   ,U++                cc=e4 a=00 b=00 dp=00 x=74d0 y=0008 u=a7d6 s=1fee  dt=64
13cb| ec81        LDD   ,X++                cc=e4 a=00 b=00 dp=00 x=74d2 y=0008 u=a7d6 s=1fee  dt=64
13cd| edc1        STD   ,U++                cc=e4 a=00 b=00 dp=00 x=74d2 y=0008 u=a7d8 s=1fee  dt=64
13cf| 30890098    LEAX  $0098,X             cc=e0 a=00 b=00 dp=00 x=756a y=0008 u=a7d8 s=1fee  dt=64
13d3| 313f        LEAY  -1,Y                cc=e0 a=00 b=00 dp=00 x=756a y=0007 u=a7d8 s=1fee  dt=40
13d5| 26e8        BNE   $13bf               cc=e0 a=00 b=00 dp=00 x=756a y=0007 u=a7d8 s=1fee  dt=24
13bf| ec81        LDD   ,X++                cc=e4 a=00 b=00 dp=00 x=756c y=0007 u=a7d8 s=1fee  dt=64
13c1| edc1        STD   ,U++                cc=e4 a=00 b=00 dp=00 x=756c y=0007 u=a7da s=1fee  dt=64
13c3| ec81        LDD   ,X++                cc=e0 a=44 b=44 dp=00 x=756e y=0007 u=a7da s=1fee  dt=64
13c5| edc1        STD   ,U++                cc=e0 a=44 b=44 dp=00 x=756e y=0007 u=a7dc s=1fee  dt=64
13c7| ec81        LDD   ,X++                cc=e0 a=44 b=44 dp=00 x=7570 y=0007 u=a7dc s=1fee  dt=64
13c9| edc1        STD   ,U++                cc=e0 a=44 b=44 dp=00 x=7570 y=0007 u=a7de s=1fee  dt=64
13cb| ec81        LDD   ,X++                cc=e0 a=44 b=44 dp=00 x=7572 y=0007 u=a7de s=1fee  dt=64
13cd| edc1        STD   ,U++                cc=e0 a=44 b=44 dp=00 x=7572 y=0007 u=a7e0 s=1fee  dt=64
13cf| 30890098    LEAX  $0098,X             cc=e0 a=44 b=44 dp=00 x=760a y=0007 u=a7e0 s=1fee  dt=64
13d3| 313f        LEAY  -1,Y                cc=e0 a=44 b=44 dp=00 x=760a y=0006 u=a7e0 s=1fee  dt=40
13d5| 26e8        BNE   $13bf               cc=e0 a=44 b=44 dp=00 x=760a y=0006 u=a7e0 s=1fee  dt=24
13bf| ec81        LDD   ,X++                cc=e4 a=00 b=00 dp=00 x=760c y=0006 u=a7e0 s=1fee  dt=64
13c1| edc1        STD   ,U++                cc=e4 a=00 b=00 dp=00 x=760c y=0006 u=a7e2 s=1fee  dt=64
13c3| ec81        LDD   ,X++                cc=e0 a=44 b=44 dp=00 x=760e y=0006 u=a7e2 s=1fee  dt=64
13c5| edc1        STD   ,U++                cc=e0 a=44 b=44 dp=00 x=760e y=0006 u=a7e4 s=1fee  dt=64
13c7| ec81        LDD   ,X++                cc=e0 a=44 b=44 dp=00 x=7610 y=0006 u=a7e4 s=1fee  dt=64
13c9| edc1        STD   ,U++                cc=e0 a=44 b=44 dp=00 x=7610 y=0006 u=a7e6 s=1fee  dt=64
13cb| ec81        LDD   ,X++                cc=e0 a=44 b=44 dp=00 x=7612 y=0006 u=a7e6 s=1fee  dt=64
13cd| edc1        STD   ,U++                cc=e0 a=44 b=44 dp=00 x=7612 y=0006 u=a7e8 s=1fee  dt=64
13cf| 30890098    LEAX  $0098,X             cc=e0 a=44 b=44 dp=00 x=76aa y=0006 u=a7e8 s=1fee  dt=64
13d3| 313f        LEAY  -1,Y                cc=e0 a=44 b=44 dp=00 x=76aa y=0005 u=a7e8 s=1fee  dt=40
13d5| 26e8        BNE   $13bf               cc=e0 a=44 b=44 dp=00 x=76aa y=0005 u=a7e8 s=1fee  dt=24
13bf| ec81        LDD   ,X++                cc=e4 a=00 b=00 dp=00 x=76ac y=0005 u=a7e8 s=1fee  dt=64
13c1| edc1        STD   ,U++                cc=e4 a=00 b=00 dp=00 x=76ac y=0005 u=a7ea s=1fee  dt=64
13c3| ec81        LDD   ,X++                cc=e4 a=00 b=00 dp=00 x=76ae y=0005 u=a7ea s=1fee  dt=64
13c5| edc1        STD   ,U++                cc=e4 a=00 b=00 dp=00 x=76ae y=0005 u=a7ec s=1fee  dt=64
13c7| ec81        LDD   ,X++                cc=e4 a=00 b=00 dp=00 x=76b0 y=0005 u=a7ec s=1fee  dt=64
13c9| edc1        STD   ,U++                cc=e4 a=00 b=00 dp=00 x=76b0 y=0005 u=a7ee s=1fee  dt=64
13cb| ec81        LDD   ,X++                cc=e4 a=00 b=00 dp=00 x=76b2 y=0005 u=a7ee s=1fee  dt=64
13cd| edc1        STD   ,U++                cc=e4 a=00 b=00 dp=00 x=76b2 y=0005 u=a7f0 s=1fee  dt=64
13cf| 30890098    LEAX  $0098,X             cc=e0 a=00 b=00 dp=00 x=774a y=0005 u=a7f0 s=1fee  dt=64
13d3| 313f        LEAY  -1,Y                cc=e0 a=00 b=00 dp=00 x=774a y=0004 u=a7f0 s=1fee  dt=40
13d5| 26e8        BNE   $13bf               cc=e0 a=00 b=00 dp=00 x=774a y=0004 u=a7f0 s=1fee  dt=24
13bf| ec81        LDD   ,X++                cc=e4 a=00 b=00 dp=00 x=774c y=0004 u=a7f0 s=1fee  dt=64
13c1| edc1        STD   ,U++                cc=e4 a=00 b=00 dp=00 x=774c y=0004 u=a7f2 s=1fee  dt=64
13c3| ec81        LDD   ,X++                cc=e4 a=00 b=00 dp=00 x=774e y=0004 u=a7f2 s=1fee  dt=64
13c5| edc1        STD   ,U++                cc=e4 a=00 b=00 dp=00 x=774e y=0004 u=a7f4 s=1fee  dt=64
13c7| ec81        LDD   ,X++                cc=e4 a=00 b=00 dp=00 x=7750 y=0004 u=a7f4 s=1fee  dt=64
13c9| edc1        STD   ,U++                cc=e4 a=00 b=00 dp=00 x=7750 y=0004 u=a7f6 s=1fee  dt=64
13cb| ec81        LDD   ,X++                cc=e4 a=00 b=00 dp=00 x=7752 y=0004 u=a7f6 s=1fee  dt=64
13cd| edc1        STD   ,U++                cc=e4 a=00 b=00 dp=00 x=7752 y=0004 u=a7f8 s=1fee  dt=64
13cf| 30890098    LEAX  $0098,X             cc=e0 a=00 b=00 dp=00 x=77ea y=0004 u=a7f8 s=1fee  dt=64
13d3| 313f        LEAY  -1,Y                cc=e0 a=00 b=00 dp=00 x=77ea y=0003 u=a7f8 s=1fee  dt=40
13d5| 26e8        BNE   $13bf               cc=e0 a=00 b=00 dp=00 x=77ea y=0003 u=a7f8 s=1fee  dt=24
13bf| ec81        LDD   ,X++                cc=e4 a=00 b=00 dp=00 x=77ec y=0003 u=a7f8 s=1fee  dt=64
13c1| edc1        STD   ,U++                cc=e4 a=00 b=00 dp=00 x=77ec y=0003 u=a7fa s=1fee  dt=64
13c3| ec81        LDD   ,X++                cc=e4 a=00 b=00 dp=00 x=77ee y=0003 u=a7fa s=1fee  dt=64
13c5| edc1        STD   ,U++                cc=e4 a=00 b=00 dp=00 x=77ee y=0003 u=a7fc s=1fee  dt=64
13c7| ec81        LDD   ,X++                cc=e4 a=00 b=00 dp=00 x=77f0 y=0003 u=a7fc s=1fee  dt=64
13c9| edc1        STD   ,U++                cc=e4 a=00 b=00 dp=00 x=77f0 y=0003 u=a7fe s=1fee  dt=64
13cb| ec81        LDD   ,X++                cc=e4 a=00 b=00 dp=00 x=77f2 y=0003 u=a7fe s=1fee  dt=64
13cd| edc1        STD   ,U++                cc=e4 a=00 b=00 dp=00 x=77f2 y=0003 u=a800 s=1fee  dt=64
13cf| 30890098    LEAX  $0098,X             cc=e0 a=00 b=00 dp=00 x=788a y=0003 u=a800 s=1fee  dt=64
13d3| 313f        LEAY  -1,Y                cc=e0 a=00 b=00 dp=00 x=788a y=0002 u=a800 s=1fee  dt=40
13d5| 26e8        BNE   $13bf               cc=e0 a=00 b=00 dp=00 x=788a y=0002 u=a800 s=1fee  dt=24
13bf| ec81        LDD   ,X++                cc=e4 a=00 b=00 dp=00 x=788c y=0002 u=a800 s=1fee  dt=64
13c1| edc1        STD   ,U++                cc=e4 a=00 b=00 dp=00 x=788c y=0002 u=a802 s=1fee  dt=64
13c3| ec81        LDD   ,X++                cc=e4 a=00 b=00 dp=00 x=788e y=0002 u=a802 s=1fee  dt=64
13c5| edc1        STD   ,U++                cc=e4 a=00 b=00 dp=00 x=788e y=0002 u=a804 s=1fee  dt=64
13c7| ec81        LDD   ,X++                cc=e4 a=00 b=00 dp=00 x=7890 y=0002 u=a804 s=1fee  dt=64
13c9| edc1        STD   ,U++                cc=e4 a=00 b=00 dp=00 x=7890 y=0002 u=a806 s=1fee  dt=64
13cb| ec81        LDD   ,X++                cc=e4 a=00 b=00 dp=00 x=7892 y=0002 u=a806 s=1fee  dt=64
13cd| edc1        STD   ,U++                cc=e4 a=00 b=00 dp=00 x=7892 y=0002 u=a808 s=1fee  dt=64
13cf| 30890098    LEAX  $0098,X             cc=e0 a=00 b=00 dp=00 x=792a y=0002 u=a808 s=1fee  dt=64
13d3| 313f        LEAY  -1,Y                cc=e0 a=00 b=00 dp=00 x=792a y=0001 u=a808 s=1fee  dt=40
13d5| 26e8        BNE   $13bf               cc=e0 a=00 b=00 dp=00 x=792a y=0001 u=a808 s=1fee  dt=24
13bf| ec81        LDD   ,X++                cc=e4 a=00 b=00 dp=00 x=792c y=0001 u=a808 s=1fee  dt=64
13c1| edc1        STD   ,U++                cc=e4 a=00 b=00 dp=00 x=792c y=0001 u=a80a s=1fee  dt=64
13c3| ec81        LDD   ,X++                cc=e4 a=00 b=00 dp=00 x=792e y=0001 u=a80a s=1fee  dt=64
13c5| edc1        STD   ,U++                cc=e4 a=00 b=00 dp=00 x=792e y=0001 u=a80c s=1fee  dt=64
13c7| ec81        LDD   ,X++                cc=e4 a=00 b=00 dp=00 x=7930 y=0001 u=a80c s=1fee  dt=64
13c9| edc1        STD   ,U++                cc=e4 a=00 b=00 dp=00 x=7930 y=0001 u=a80e s=1fee  dt=64
13cb| ec81        LDD   ,X++                cc=e4 a=00 b=00 dp=00 x=7932 y=0001 u=a80e s=1fee  dt=64
13cd| edc1        STD   ,U++                cc=e4 a=00 b=00 dp=00 x=7932 y=0001 u=a810 s=1fee  dt=64
13cf| 30890098    LEAX  $0098,X             cc=e0 a=00 b=00 dp=00 x=79ca y=0001 u=a810 s=1fee  dt=64
13d3| 313f        LEAY  -1,Y                cc=e4 a=00 b=00 dp=00 x=79ca y=0000 u=a810 s=1fee  dt=40
13d5| 26e8        BNE   $13bf               cc=e4 a=00 b=00 dp=00 x=79ca y=0000 u=a810 s=1fee  dt=24
13d7| 39          RTS                       cc=e4 a=00 b=00 dp=00 x=79ca y=0000 u=a810 s=1ff0  dt=40
111a| 3510        PULS  X                   cc=e4 a=00 b=00 dp=00 x=a480 y=0000 u=a810 s=1ff2  dt=56
111c| 39          RTS                       cc=e4 a=00 b=00 dp=00 x=a480 y=0000 u=a810 s=1ff4  dt=40
0c77| 3510        PULS  X                   cc=e4 a=00 b=00 dp=00 x=a480 y=0000 u=a810 s=1ff6  dt=56
0c79| 8601        LDA   #$01                cc=e0 a=01 b=00 dp=00 x=a480 y=0000 u=a810 s=1ff6  dt=16
0c7b| a706        STA   6,X                 cc=e0 a=01 b=00 dp=00 x=a480 y=0000 u=a810 s=1ff6  dt=40
0c7d| 3008        LEAX  8,X                 cc=e0 a=01 b=00 dp=00 x=a488 y=0000 u=a810 s=1ff6  dt=40
0c7f| 0a5d        DEC   <$5d                cc=e0 a=01 b=00 dp=00 x=a488 y=0000 u=a810 s=1ff6  dt=48
0c81| 26e1        BNE   $0c64               cc=e0 a=01 b=00 dp=00 x=a488 y=0000 u=a810 s=1ff6  dt=24
0c64| 6d84        TST   ,X                  cc=e0 a=01 b=00 dp=00 x=a488 y=0000 u=a810 s=1ff6  dt=48
0c66| 2715        BEQ   $0c7d               cc=e0 a=01 b=00 dp=00 x=a488 y=0000 u=a810 s=1ff6  dt=24
0c68| 6d06        TST   6,X                 cc=e0 a=01 b=00 dp=00 x=a488 y=0000 u=a810 s=1ff6  dt=56
0c6a| 2606        BNE   $0c72               cc=e0 a=01 b=00 dp=00 x=a488 y=0000 u=a810 s=1ff6  dt=24
0c72| 3410        PSHS  X                   cc=e0 a=01 b=00 dp=00 x=a488 y=0000 u=a810 s=1ff4  dt=56
0c74| 170459      LBSR  $10d0               cc=e0 a=01 b=00 dp=00 x=a488 y=0000 u=a810 s=1ff2  dt=72
10d0| 0d9b        TST   <$9b                cc=e0 a=01 b=00 dp=00 x=a488 y=0000 u=a810 s=1ff2  dt=48
10d2| 2633        BNE   $1107               cc=e0 a=01 b=00 dp=00 x=a488 y=0000 u=a810 s=1ff2  dt=24
1107| 3410        PSHS  X                   cc=e0 a=01 b=00 dp=00 x=a488 y=0000 u=a810 s=1ff0  dt=56
1109| 17ffba      LBSR  $10c6               cc=e0 a=01 b=00 dp=00 x=a488 y=0000 u=a810 s=1fee  dt=72
10c6| 8604        LDA   #$04                cc=e0 a=04 b=00 dp=00 x=a488 y=0000 u=a810 s=1fee  dt=16
10c8| 905d        SUBA  <$5d                cc=e0 a=03 b=00 dp=00 x=a488 y=0000 u=a810 s=1fee  dt=32
10ca| cea898      LDU   #$a898              cc=e8 a=03 b=00 dp=00 x=a488 y=0000 u=a898 s=1fee  dt=24
10cd| 33c6        LEAU  A,U                 cc=e8 a=03 b=00 dp=00 x=a488 y=0000 u=a89b s=1fee  dt=40
10cf| 39          RTS                       cc=e8 a=03 b=00 dp=00 x=a488 y=0000 u=a89b s=1ff0  dt=40
110c| 6fc4        CLR   ,U                  cc=e4 a=03 b=00 dp=00 x=a488 y=0000 u=a89b s=1ff0  dt=48
110e| 3510        PULS  X                   cc=e4 a=03 b=00 dp=00 x=a488 y=0000 u=a89b s=1ff2  dt=56
1110| 3410        PSHS  X                   cc=e4 a=03 b=00 dp=00 x=a488 y=0000 u=a89b s=1ff0  dt=56
1112| ae01        LDX   1,X                 cc=e0 a=03 b=00 dp=00 x=6fea y=0000 u=a89b s=1ff0  dt=48
1114| 17ff99      LBSR  $10b0               cc=e0 a=03 b=00 dp=00 x=6fea y=0000 u=a89b s=1fee  dt=72
10b0| 8604        LDA   #$04                cc=e0 a=04 b=00 dp=00 x=6fea y=0000 u=a89b s=1fee  dt=16
10b2| 905d        SUBA  <$5d                cc=e0 a=03 b=00 dp=00 x=6fea y=0000 u=a89b s=1fee  dt=32
10b4| c680        LDB   #$80                cc=e8 a=03 b=80 dp=00 x=6fea y=0000 u=a89b s=1fee  dt=16
10b6| 3d          MUL                       cc=e9 a=01 b=80 dp=00 x=6fea y=0000 u=a89b s=1fee  dt=88
10b7| 0d90        TST   <$90                cc=e5 a=01 b=80 dp=00 x=6fea y=0000 u=a89b s=1fee  dt=48
10b9| 2605        BNE   $10c0               cc=e5 a=01 b=80 dp=00 x=6fea y=0000 u=a89b s=1fee  dt=24
10bb| c3a690      ADDD  #$a690              cc=e8 a=a8 b=10 dp=00 x=6fea y=0000 u=a89b s=1fee  dt=32
10be| 2003        BRA   $10c3               cc=e8 a=a8 b=10 dp=00 x=6fea y=0000 u=a89b s=1fee  dt=24
10c3| 1f03        TFR   D,U                 cc=e8 a=a8 b=10 dp=00 x=6fea y=0000 u=a810 s=1fee  dt=48
10c5| 39          RTS                       cc=e8 a=a8 b=10 dp=00 x=6fea y=0000 u=a810 s=1ff0  dt=40
1117| 1702a1      LBSR  $13bb               cc=e8 a=a8 b=10 dp=00 x=6fea y=0000 u=a810 s=1fee  dt=72
13bb| 108e0010    LDY   #$0010              cc=e0 a=a8 b=10 dp=00 x=6fea y=0010 u=a810 s=1fee  dt=32
13bf| ec81        LDD   ,X++                cc=e4 a=00 b=00 dp=00 x=6fec y=0010 u=a810 s=1fee  dt=64
13c1| edc1        STD   ,U++                cc=e4 a=00 b=00 dp=00 x=6fec y=0010 u=a812 s=1fee  dt=64
13c3| ec81        LDD   ,X++                cc=e4 a=00 b=00 dp=00 x=6fee y=0010 u=a812 s=1fee  dt=64
13c5| edc1        STD   ,U++                cc=e4 a=00 b=00 dp=00 x=6fee y=0010 u=a814 s=1fee  dt=64
13c7| ec81        LDD   ,X++                cc=e4 a=00 b=00 dp=00 x=6ff0 y=0010 u=a814 s=1fee  dt=64
13c9| edc1        STD   ,U++                cc=e4 a=00 b=00 dp=00 x=6ff0 y=0010 u=a816 s=1fee  dt=64
13cb| ec81        LDD   ,X++                cc=e4 a=00 b=00 dp=00 x=6ff2 y=0010 u=a816 s=1fee  dt=64
13cd| edc1        STD   ,U++                cc=e4 a=00 b=00 dp=00 x=6ff2 y=0010 u=a818 s=1fee  dt=64
13cf| 30890098    LEAX  $0098,X             cc=e0 a=00 b=00 dp=00 x=708a y=0010 u=a818 s=1fee  dt=64
13d3| 313f        LEAY  -1,Y                cc=e0 a=00 b=00 dp=00 x=708a y=000f u=a818 s=1fee  dt=40
13d5| 26e8        BNE   $13bf               cc=e0 a=00 b=00 dp=00 x=708a y=000f u=a818 s=1fee  dt=24
13bf| ec81        LDD   ,X++                cc=e4 a=00 b=00 dp=00 x=708c y=000f u=a818 s=1fee  dt=64
13c1| edc1        STD   ,U++                cc=e4 a=00 b=00 dp=00 x=708c y=000f u=a81a s=1fee  dt=64
13c3| ec81        LDD   ,X++                cc=e4 a=00 b=00 dp=00 x=708e y=000f u=a81a s=1fee  dt=64
13c5| edc1        STD   ,U++                cc=e4 a=00 b=00 dp=00 x=708e y=000f u=a81c s=1fee  dt=64
13c7| ec81        LDD   ,X++                cc=e4 a=00 b=00 dp=00 x=7090 y=000f u=a81c s=1fee  dt=64
13c9| edc1        STD   ,U++                cc=e4 a=00 b=00 dp=00 x=7090 y=000f u=a81e s=1fee  dt=64
13cb| ec81        LDD   ,X++                cc=e4 a=00 b=00 dp=00 x=7092 y=000f u=a81e s=1fee  dt=64
13cd| edc1        STD   ,U++                cc=e4 a=00 b=00 dp=00 x=7092 y=000f u=a820 s=1fee  dt=64
13cf| 30890098    LEAX  $0098,X             cc=e0 a=00 b=00 dp=00 x=712a y=000f u=a820 s=1fee  dt=64
13d3| 313f        LEAY  -1,Y                cc=e0 a=00 b=00 dp=00 x=712a y=000e u=a820 s=1fee  dt=40
13d5| 26e8        BNE   $13bf               cc=e0 a=00 b=00 dp=00 x=712a y=000e u=a820 s=1fee  dt=24
13bf| ec81        LDD   ,X++                cc=e4 a=00 b=00 dp=00 x=712c y=000e u=a820 s=1fee  dt=64
13c1| edc1        STD   ,U++                cc=e4 a=00 b=00 dp=00 x=712c y=000e u=a822 s=1fee  dt=64
13c3| ec81        LDD   ,X++                cc=e4 a=00 b=00 dp=00 x=712e y=000e u=a822 s=1fee  dt=64
13c5| edc1        STD   ,U++                cc=e4 a=00 b=00 dp=00 x=712e y=000e u=a824 s=1fee  dt=64
13c7| ec81        LDD   ,X++                cc=e4 a=00 b=00 dp=00 x=7130 y=000e u=a824 s=1fee  dt=64
13c9| edc1        STD   ,U++                cc=e4 a=00 b=00 dp=00 x=7130 y=000e u=a826 s=1fee  dt=64
13cb| ec81        LDD   ,X++                cc=e4 a=00 b=00 dp=00 x=7132 y=000e u=a826 s=1fee  dt=64
13cd| edc1        STD   ,U++                cc=e4 a=00 b=00 dp=00 x=7132 y=000e u=a828 s=1fee  dt=64
13cf| 30890098    LEAX  $0098,X             cc=e0 a=00 b=00 dp=00 x=71ca y=000e u=a828 s=1fee  dt=64
13d3| 313f        LEAY  -1,Y                cc=e0 a=00 b=00 dp=00 x=71ca y=000d u=a828 s=1fee  dt=40
13d5| 26e8        BNE   $13bf               cc=e0 a=00 b=00 dp=00 x=71ca y=000d u=a828 s=1fee  dt=24
13bf| ec81        LDD   ,X++                cc=e4 a=00 b=00 dp=00 x=71cc y=000d u=a828 s=1fee  dt=64
13c1| edc1        STD   ,U++                cc=e4 a=00 b=00 dp=00 x=71cc y=000d u=a82a s=1fee  dt=64
13c3| ec81        LDD   ,X++                cc=e4 a=00 b=00 dp=00 x=71ce y=000d u=a82a s=1fee  dt=64
13c5| edc1        STD   ,U++                cc=e4 a=00 b=00 dp=00 x=71ce y=000d u=a82c s=1fee  dt=64
13c7| ec81        LDD   ,X++                cc=e4 a=00 b=00 dp=00 x=71d0 y=000d u=a82c s=1fee  dt=64
13c9| edc1        STD   ,U++                cc=e4 a=00 b=00 dp=00 x=71d0 y=000d u=a82e s=1fee  dt=64
13cb| ec81        LDD   ,X++                cc=e4 a=00 b=00 dp=00 x=71d2 y=000d u=a82e s=1fee  dt=64
13cd| edc1        STD   ,U++                cc=e4 a=00 b=00 dp=00 x=71d2 y=000d u=a830 s=1fee  dt=64
13cf| 30890098    LEAX  $0098,X             cc=e0 a=00 b=00 dp=00 x=726a y=000d u=a830 s=1fee  dt=64
13d3| 313f        LEAY  -1,Y                cc=e0 a=00 b=00 dp=00 x=726a y=000c u=a830 s=1fee  dt=40
13d5| 26e8        BNE   $13bf               cc=e0 a=00 b=00 dp=00 x=726a y=000c u=a830 s=1fee  dt=24
13bf| ec81        LDD   ,X++                cc=e4 a=00 b=00 dp=00 x=726c y=000c u=a830 s=1fee  dt=64
13c1| edc1        STD   ,U++                cc=e4 a=00 b=00 dp=00 x=726c y=000c u=a832 s=1fee  dt=64
13c3| ec81        LDD   ,X++                cc=e4 a=00 b=00 dp=00 x=726e y=000c u=a832 s=1fee  dt=64
13c5| edc1        STD   ,U++                cc=e4 a=00 b=00 dp=00 x=726e y=000c u=a834 s=1fee  dt=64
13c7| ec81        LDD   ,X++                cc=e4 a=00 b=00 dp=00 x=7270 y=000c u=a834 s=1fee  dt=64
13c9| edc1        STD   ,U++                cc=e4 a=00 b=00 dp=00 x=7270 y=000c u=a836 s=1fee  dt=64
13cb| ec81        LDD   ,X++                cc=e4 a=00 b=00 dp=00 x=7272 y=000c u=a836 s=1fee  dt=64
13cd| edc1        STD   ,U++                cc=e4 a=00 b=00 dp=00 x=7272 y=000c u=a838 s=1fee  dt=64
13cf| 30890098    LEAX  $0098,X             cc=e0 a=00 b=00 dp=00 x=730a y=000c u=a838 s=1fee  dt=64
13d3| 313f        LEAY  -1,Y                cc=e0 a=00 b=00 dp=00 x=730a y=000b u=a838 s=1fee  dt=40
13d5| 26e8        BNE   $13bf               cc=e0 a=00 b=00 dp=00 x=730a y=000b u=a838 s=1fee  dt=24
13bf| ec81        LDD   ,X++                cc=e4 a=00 b=00 dp=00 x=730c y=000b u=a838 s=1fee  dt=64
13c1| edc1        STD   ,U++                cc=e4 a=00 b=00 dp=00 x=730c y=000b u=a83a s=1fee  dt=64
13c3| ec81        LDD   ,X++                cc=e4 a=00 b=00 dp=00 x=730e y=000b u=a83a s=1fee  dt=64
13c5| edc1        STD   ,U++                cc=e4 a=00 b=00 dp=00 x=730e y=000b u=a83c s=1fee  dt=64
13c7| ec81        LDD   ,X++                cc=e4 a=00 b=00 dp=00 x=7310 y=000b u=a83c s=1fee  dt=64
13c9| edc1        STD   ,U++                cc=e4 a=00 b=00 dp=00 x=7310 y=000b u=a83e s=1fee  dt=64
13cb| ec81        LDD   ,X++                cc=e4 a=00 b=00 dp=00 x=7312 y=000b u=a83e s=1fee  dt=64
13cd| edc1        STD   ,U++                cc=e4 a=00 b=00 dp=00 x=7312 y=000b u=a840 s=1fee  dt=64
13cf| 30890098    LEAX  $0098,X             cc=e0 a=00 b=00 dp=00 x=73aa y=000b u=a840 s=1fee  dt=64
13d3| 313f        LEAY  -1,Y                cc=e0 a=00 b=00 dp=00 x=73aa y=000a u=a840 s=1fee  dt=40
13d5| 26e8        BNE   $13bf               cc=e0 a=00 b=00 dp=00 x=73aa y=000a u=a840 s=1fee  dt=24
13bf| ec81        LDD   ,X++                cc=e4 a=00 b=00 dp=00 x=73ac y=000a u=a840 s=1fee  dt=64
13c1| edc1        STD   ,U++                cc=e4 a=00 b=00 dp=00 x=73ac y=000a u=a842 s=1fee  dt=64
13c3| ec81        LDD   ,X++                cc=e4 a=00 b=00 dp=00 x=73ae y=000a u=a842 s=1fee  dt=64
13c5| edc1        STD   ,U++                cc=e4 a=00 b=00 dp=00 x=73ae y=000a u=a844 s=1fee  dt=64
13c7| ec81        LDD   ,X++                cc=e4 a=00 b=00 dp=00 x=73b0 y=000a u=a844 s=1fee  dt=64
13c9| edc1        STD   ,U++                cc=e4 a=00 b=00 dp=00 x=73b0 y=000a u=a846 s=1fee  dt=64
13cb| ec81        LDD   ,X++                cc=e4 a=00 b=00 dp=00 x=73b2 y=000a u=a846 s=1fee  dt=64
13cd| edc1        STD   ,U++                cc=e4 a=00 b=00 dp=00 x=73b2 y=000a u=a848 s=1fee  dt=64
13cf| 30890098    LEAX  $0098,X             cc=e0 a=00 b=00 dp=00 x=744a y=000a u=a848 s=1fee  dt=64
13d3| 313f        LEAY  -1,Y                cc=e0 a=00 b=00 dp=00 x=744a y=0009 u=a848 s=1fee  dt=40
13d5| 26e8        BNE   $13bf               cc=e0 a=00 b=00 dp=00 x=744a y=0009 u=a848 s=1fee  dt=24
13bf| ec81        LDD   ,X++                cc=e4 a=00 b=00 dp=00 x=744c y=0009 u=a848 s=1fee  dt=64
13c1| edc1        STD   ,U++                cc=e4 a=00 b=00 dp=00 x=744c y=0009 u=a84a s=1fee  dt=64
13c3| ec81        LDD   ,X++                cc=e4 a=00 b=00 dp=00 x=744e y=0009 u=a84a s=1fee  dt=64
13c5| edc1        STD   ,U++                cc=e4 a=00 b=00 dp=00 x=744e y=0009 u=a84c s=1fee  dt=64
13c7| ec81        LDD   ,X++                cc=e4 a=00 b=00 dp=00 x=7450 y=0009 u=a84c s=1fee  dt=64
13c9| edc1        STD   ,U++                cc=e4 a=00 b=00 dp=00 x=7450 y=0009 u=a84e s=1fee  dt=64
13cb| ec81        LDD   ,X++                cc=e4 a=00 b=00 dp=00 x=7452 y=0009 u=a84e s=1fee  dt=64
13cd| edc1        STD   ,U++                cc=e4 a=00 b=00 dp=00 x=7452 y=0009 u=a850 s=1fee  dt=64
13cf| 30890098    LEAX  $0098,X             cc=e0 a=00 b=00 dp=00 x=74ea y=0009 u=a850 s=1fee  dt=64
13d3| 313f        LEAY  -1,Y                cc=e0 a=00 b=00 dp=00 x=74ea y=0008 u=a850 s=1fee  dt=40
13d5| 26e8        BNE   $13bf               cc=e0 a=00 b=00 dp=00 x=74ea y=0008 u=a850 s=1fee  dt=24
13bf| ec81        LDD   ,X++                cc=e4 a=00 b=00 dp=00 x=74ec y=0008 u=a850 s=1fee  dt=64
13c1| edc1        STD   ,U++                cc=e4 a=00 b=00 dp=00 x=74ec y=0008 u=a852 s=1fee  dt=64
13c3| ec81        LDD   ,X++                cc=e4 a=00 b=00 dp=00 x=74ee y=0008 u=a852 s=1fee  dt=64
13c5| edc1        STD   ,U++                cc=e4 a=00 b=00 dp=00 x=74ee y=0008 u=a854 s=1fee  dt=64
13c7| ec81        LDD   ,X++                cc=e4 a=00 b=00 dp=00 x=74f0 y=0008 u=a854 s=1fee  dt=64
13c9| edc1        STD   ,U++                cc=e4 a=00 b=00 dp=00 x=74f0 y=0008 u=a856 s=1fee  dt=64
13cb| ec81        LDD   ,X++                cc=e4 a=00 b=00 dp=00 x=74f2 y=0008 u=a856 s=1fee  dt=64
13cd| edc1        STD   ,U++                cc=e4 a=00 b=00 dp=00 x=74f2 y=0008 u=a858 s=1fee  dt=64
13cf| 30890098    LEAX  $0098,X             cc=e0 a=00 b=00 dp=00 x=758a y=0008 u=a858 s=1fee  dt=64
13d3| 313f        LEAY  -1,Y                cc=e0 a=00 b=00 dp=00 x=758a y=0007 u=a858 s=1fee  dt=40
13d5| 26e8        BNE   $13bf               cc=e0 a=00 b=00 dp=00 x=758a y=0007 u=a858 s=1fee  dt=24
13bf| ec81        LDD   ,X++                cc=e4 a=00 b=00 dp=00 x=758c y=0007 u=a858 s=1fee  dt=64
13c1| edc1        STD   ,U++                cc=e4 a=00 b=00 dp=00 x=758c y=0007 u=a85a s=1fee  dt=64
13c3| ec81        LDD   ,X++                cc=e4 a=00 b=00 dp=00 x=758e y=0007 u=a85a s=1fee  dt=64
13c5| edc1        STD   ,U++                cc=e4 a=00 b=00 dp=00 x=758e y=0007 u=a85c s=1fee  dt=64
13c7| ec81        LDD   ,X++                cc=e4 a=00 b=00 dp=00 x=7590 y=0007 u=a85c s=1fee  dt=64
13c9| edc1        STD   ,U++                cc=e4 a=00 b=00 dp=00 x=7590 y=0007 u=a85e s=1fee  dt=64
13cb| ec81        LDD   ,X++                cc=e4 a=00 b=00 dp=00 x=7592 y=0007 u=a85e s=1fee  dt=64
13cd| edc1        STD   ,U++                cc=e4 a=00 b=00 dp=00 x=7592 y=0007 u=a860 s=1fee  dt=64
13cf| 30890098    LEAX  $0098,X             cc=e0 a=00 b=00 dp=00 x=762a y=0007 u=a860 s=1fee  dt=64
13d3| 313f        LEAY  -1,Y                cc=e0 a=00 b=00 dp=00 x=762a y=0006 u=a860 s=1fee  dt=40
13d5| 26e8        BNE   $13bf               cc=e0 a=00 b=00 dp=00 x=762a y=0006 u=a860 s=1fee  dt=24
13bf| ec81        LDD   ,X++                cc=e4 a=00 b=00 dp=00 x=762c y=0006 u=a860 s=1fee  dt=64
13c1| edc1        STD   ,U++                cc=e4 a=00 b=00 dp=00 x=762c y=0006 u=a862 s=1fee  dt=64
13c3| ec81        LDD   ,X++                cc=e4 a=00 b=00 dp=00 x=762e y=0006 u=a862 s=1fee  dt=64
13c5| edc1        STD   ,U++                cc=e4 a=00 b=00 dp=00 x=762e y=0006 u=a864 s=1fee  dt=64
13c7| ec81        LDD   ,X++                cc=e4 a=00 b=00 dp=00 x=7630 y=0006 u=a864 s=1fee  dt=64
13c9| edc1        STD   ,U++                cc=e4 a=00 b=00 dp=00 x=7630 y=0006 u=a866 s=1fee  dt=64
13cb| ec81        LDD   ,X++                cc=e4 a=00 b=00 dp=00 x=7632 y=0006 u=a866 s=1fee  dt=64
13cd| edc1        STD   ,U++                cc=e4 a=00 b=00 dp=00 x=7632 y=0006 u=a868 s=1fee  dt=64
13cf| 30890098    LEAX  $0098,X             cc=e0 a=00 b=00 dp=00 x=76ca y=0006 u=a868 s=1fee  dt=64
13d3| 313f        LEAY  -1,Y                cc=e0 a=00 b=00 dp=00 x=76ca y=0005 u=a868 s=1fee  dt=40
13d5| 26e8        BNE   $13bf               cc=e0 a=00 b=00 dp=00 x=76ca y=0005 u=a868 s=1fee  dt=24
13bf| ec81        LDD   ,X++                cc=e4 a=00 b=00 dp=00 x=76cc y=0005 u=a868 s=1fee  dt=64
13c1| edc1        STD   ,U++                cc=e4 a=00 b=00 dp=00 x=76cc y=0005 u=a86a s=1fee  dt=64
13c3| ec81        LDD   ,X++                cc=e4 a=00 b=00 dp=00 x=76ce y=0005 u=a86a s=1fee  dt=64
13c5| edc1        STD   ,U++                cc=e4 a=00 b=00 dp=00 x=76ce y=0005 u=a86c s=1fee  dt=64
13c7| ec81        LDD   ,X++                cc=e4 a=00 b=00 dp=00 x=76d0 y=0005 u=a86c s=1fee  dt=64
13c9| edc1        STD   ,U++                cc=e4 a=00 b=00 dp=00 x=76d0 y=0005 u=a86e s=1fee  dt=64
13cb| ec81        LDD   ,X++                cc=e4 a=00 b=00 dp=00 x=76d2 y=0005 u=a86e s=1fee  dt=64
13cd| edc1        STD   ,U++                cc=e4 a=00 b=00 dp=00 x=76d2 y=0005 u=a870 s=1fee  dt=64
13cf| 30890098    LEAX  $0098,X             cc=e0 a=00 b=00 dp=00 x=776a y=0005 u=a870 s=1fee  dt=64
13d3| 313f        LEAY  -1,Y                cc=e0 a=00 b=00 dp=00 x=776a y=0004 u=a870 s=1fee  dt=40
13d5| 26e8        BNE   $13bf               cc=e0 a=00 b=00 dp=00 x=776a y=0004 u=a870 s=1fee  dt=24
13bf| ec81        LDD   ,X++                cc=e4 a=00 b=00 dp=00 x=776c y=0004 u=a870 s=1fee  dt=64
13c1| edc1        STD   ,U++                cc=e4 a=00 b=00 dp=00 x=776c y=0004 u=a872 s=1fee  dt=64
13c3| ec81        LDD   ,X++                cc=e4 a=00 b=00 dp=00 x=776e y=0004 u=a872 s=1fee  dt=64
13c5| edc1        STD   ,U++                cc=e4 a=00 b=00 dp=00 x=776e y=0004 u=a874 s=1fee  dt=64
13c7| ec81        LDD   ,X++                cc=e4 a=00 b=00 dp=00 x=7770 y=0004 u=a874 s=1fee  dt=64
13c9| edc1        STD   ,U++                cc=e4 a=00 b=00 dp=00 x=7770 y=0004 u=a876 s=1fee  dt=64
13cb| ec81        LDD   ,X++                cc=e4 a=00 b=00 dp=00 x=7772 y=0004 u=a876 s=1fee  dt=64
13cd| edc1        STD   ,U++                cc=e4 a=00 b=00 dp=00 x=7772 y=0004 u=a878 s=1fee  dt=64
13cf| 30890098    LEAX  $0098,X             cc=e0 a=00 b=00 dp=00 x=780a y=0004 u=a878 s=1fee  dt=64
13d3| 313f        LEAY  -1,Y                cc=e0 a=00 b=00 dp=00 x=780a y=0003 u=a878 s=1fee  dt=40
13d5| 26e8        BNE   $13bf               cc=e0 a=00 b=00 dp=00 x=780a y=0003 u=a878 s=1fee  dt=24
13bf| ec81        LDD   ,X++                cc=e4 a=00 b=00 dp=00 x=780c y=0003 u=a878 s=1fee  dt=64
13c1| edc1        STD   ,U++                cc=e4 a=00 b=00 dp=00 x=780c y=0003 u=a87a s=1fee  dt=64
13c3| ec81        LDD   ,X++                cc=e4 a=00 b=00 dp=00 x=780e y=0003 u=a87a s=1fee  dt=64
13c5| edc1        STD   ,U++                cc=e4 a=00 b=00 dp=00 x=780e y=0003 u=a87c s=1fee  dt=64
13c7| ec81        LDD   ,X++                cc=e4 a=00 b=00 dp=00 x=7810 y=0003 u=a87c s=1fee  dt=64
13c9| edc1        STD   ,U++                cc=e4 a=00 b=00 dp=00 x=7810 y=0003 u=a87e s=1fee  dt=64
13cb| ec81        LDD   ,X++                cc=e4 a=00 b=00 dp=00 x=7812 y=0003 u=a87e s=1fee  dt=64
13cd| edc1        STD   ,U++                cc=e4 a=00 b=00 dp=00 x=7812 y=0003 u=a880 s=1fee  dt=64
13cf| 30890098    LEAX  $0098,X             cc=e0 a=00 b=00 dp=00 x=78aa y=0003 u=a880 s=1fee  dt=64
13d3| 313f        LEAY  -1,Y                cc=e0 a=00 b=00 dp=00 x=78aa y=0002 u=a880 s=1fee  dt=40
13d5| 26e8        BNE   $13bf               cc=e0 a=00 b=00 dp=00 x=78aa y=0002 u=a880 s=1fee  dt=24
13bf| ec81        LDD   ,X++                cc=e4 a=00 b=00 dp=00 x=78ac y=0002 u=a880 s=1fee  dt=64
13c1| edc1        STD   ,U++                cc=e4 a=00 b=00 dp=00 x=78ac y=0002 u=a882 s=1fee  dt=64
13c3| ec81        LDD   ,X++                cc=e4 a=00 b=00 dp=00 x=78ae y=0002 u=a882 s=1fee  dt=64
13c5| edc1        STD   ,U++                cc=e4 a=00 b=00 dp=00 x=78ae y=0002 u=a884 s=1fee  dt=64
13c7| ec81        LDD   ,X++                cc=e4 a=00 b=00 dp=00 x=78b0 y=0002 u=a884 s=1fee  dt=64
13c9| edc1        STD   ,U++                cc=e4 a=00 b=00 dp=00 x=78b0 y=0002 u=a886 s=1fee  dt=64
13cb| ec81        LDD   ,X++                cc=e4 a=00 b=00 dp=00 x=78b2 y=0002 u=a886 s=1fee  dt=64
13cd| edc1        STD   ,U++                cc=e4 a=00 b=00 dp=00 x=78b2 y=0002 u=a888 s=1fee  dt=64
13cf| 30890098    LEAX  $0098,X             cc=e0 a=00 b=00 dp=00 x=794a y=0002 u=a888 s=1fee  dt=64
13d3| 313f        LEAY  -1,Y                cc=e0 a=00 b=00 dp=00 x=794a y=0001 u=a888 s=1fee  dt=40
13d5| 26e8        BNE   $13bf               cc=e0 a=00 b=00 dp=00 x=794a y=0001 u=a888 s=1fee  dt=24
13bf| ec81        LDD   ,X++                cc=e4 a=00 b=00 dp=00 x=794c y=0001 u=a888 s=1fee  dt=64
13c1| edc1        STD   ,U++                cc=e4 a=00 b=00 dp=00 x=794c y=0001 u=a88a s=1fee  dt=64
13c3| ec81        LDD   ,X++                cc=e4 a=00 b=00 dp=00 x=794e y=0001 u=a88a s=1fee  dt=64
13c5| edc1        STD   ,U++                cc=e4 a=00 b=00 dp=00 x=794e y=0001 u=a88c s=1fee  dt=64
13c7| ec81        LDD   ,X++                cc=e4 a=00 b=00 dp=00 x=7950 y=0001 u=a88c s=1fee  dt=64
13c9| edc1        STD   ,U++                cc=e4 a=00 b=00 dp=00 x=7950 y=0001 u=a88e s=1fee  dt=64
13cb| ec81        LDD   ,X++                cc=e4 a=00 b=00 dp=00 x=7952 y=0001 u=a88e s=1fee  dt=64
13cd| edc1        STD   ,U++                cc=e4 a=00 b=00 dp=00 x=7952 y=0001 u=a890 s=1fee  dt=64
13cf| 30890098    LEAX  $0098,X             cc=e0 a=00 b=00 dp=00 x=79ea y=0001 u=a890 s=1fee  dt=64
13d3| 313f        LEAY  -1,Y                cc=e4 a=00 b=00 dp=00 x=79ea y=0000 u=a890 s=1fee  dt=40
13d5| 26e8        BNE   $13bf               cc=e4 a=00 b=00 dp=00 x=79ea y=0000 u=a890 s=1fee  dt=24
13d7| 39          RTS                       cc=e4 a=00 b=00 dp=00 x=79ea y=0000 u=a890 s=1ff0  dt=40
111a| 3510        PULS  X                   cc=e4 a=00 b=00 dp=00 x=a488 y=0000 u=a890 s=1ff2  dt=56
111c| 39          RTS                       cc=e4 a=00 b=00 dp=00 x=a488 y=0000 u=a890 s=1ff4  dt=40
0c77| 3510        PULS  X                   cc=e4 a=00 b=00 dp=00 x=a488 y=0000 u=a890 s=1ff6  dt=56
0c79| 8601        LDA   #$01                cc=e0 a=01 b=00 dp=00 x=a488 y=0000 u=a890 s=1ff6  dt=16
0c7b| a706        STA   6,X                 cc=e0 a=01 b=00 dp=00 x=a488 y=0000 u=a890 s=1ff6  dt=40
0c7d| 3008        LEAX  8,X                 cc=e0 a=01 b=00 dp=00 x=a490 y=0000 u=a890 s=1ff6  dt=40
0c7f| 0a5d        DEC   <$5d                cc=e4 a=01 b=00 dp=00 x=a490 y=0000 u=a890 s=1ff6  dt=48
0c81| 26e1        BNE   $0c64               cc=e4 a=01 b=00 dp=00 x=a490 y=0000 u=a890 s=1ff6  dt=24
0c83| 8ea470      LDX   #$a470              cc=e8 a=01 b=00 dp=00 x=a470 y=0000 u=a890 s=1ff6  dt=24
0c86| 8604        LDA   #$04                cc=e0 a=04 b=00 dp=00 x=a470 y=0000 u=a890 s=1ff6  dt=16
0c88| 975d        STA   <$5d                cc=e0 a=04 b=00 dp=00 x=a470 y=0000 u=a890 s=1ff6  dt=32
0c8a| 6d84        TST   ,X                  cc=e0 a=04 b=00 dp=00 x=a470 y=0000 u=a890 s=1ff6  dt=48
0c8c| 270f        BEQ   $0c9d               cc=e0 a=04 b=00 dp=00 x=a470 y=0000 u=a890 s=1ff6  dt=24
0c8e| 6d06        TST   6,X                 cc=e0 a=04 b=00 dp=00 x=a470 y=0000 u=a890 s=1ff6  dt=56
0c90| 270b        BEQ   $0c9d               cc=e0 a=04 b=00 dp=00 x=a470 y=0000 u=a890 s=1ff6  dt=24
0c92| e607        LDB   7,X                 cc=e8 a=04 b=ff dp=00 x=a470 y=0000 u=a890 s=1ff6  dt=40
0c94| 3410        PSHS  X                   cc=e8 a=04 b=ff dp=00 x=a470 y=0000 u=a890 s=1ff4  dt=56
0c96| ae01        LDX   1,X                 cc=e0 a=04 b=ff dp=00 x=2fce y=0000 u=a890 s=1ff4  dt=48
0c98| 17073d      LBSR  $13d8               cc=e0 a=04 b=ff dp=00 x=2fce y=0000 u=a890 s=1ff2  dt=72
13d8| 17022d      LBSR  $1608               cc=e0 a=04 b=ff dp=00 x=2fce y=0000 u=a890 s=1ff0  dt=72
1608| c104        CMPB  #$04                cc=e8 a=04 b=ff dp=00 x=2fce y=0000 u=a890 s=1ff0  dt=16
160a| 2501        BCS   $160d               cc=e8 a=04 b=ff dp=00 x=2fce y=0000 u=a890 s=1ff0  dt=24
160c| 5f          CLRB                      cc=e4 a=04 b=00 dp=00 x=2fce y=0000 u=a890 s=1ff0  dt=16
160d| d766        STB   <$66                cc=e4 a=04 b=00 dp=00 x=2fce y=0000 u=a890 s=1ff0  dt=32
160f| 8604        LDA   #$04                cc=e0 a=04 b=00 dp=00 x=2fce y=0000 u=a890 s=1ff0  dt=16
1611| 905d        SUBA  <$5d                cc=e4 a=00 b=00 dp=00 x=2fce y=0000 u=a890 s=1ff0  dt=32
1613| 8104        CMPA  #$04                cc=e9 a=00 b=00 dp=00 x=2fce y=0000 u=a890 s=1ff0  dt=16
1615| 2302        BLS   $1619               cc=e9 a=00 b=00 dp=00 x=2fce y=0000 u=a890 s=1ff0  dt=24
1619| 9764        STA   <$64                cc=e5 a=00 b=00 dp=00 x=2fce y=0000 u=a890 s=1ff0  dt=32
161b| 9624        LDA   <$24                cc=e1 a=01 b=00 dp=00 x=2fce y=0000 u=a890 s=1ff0  dt=32
161d| 8109        CMPA  #$09                cc=e9 a=01 b=00 dp=00 x=2fce y=0000 u=a890 s=1ff0  dt=16
161f| 2517        BCS   $1638               cc=e9 a=01 b=00 dp=00 x=2fce y=0000 u=a890 s=1ff0  dt=24
1638| 4a          DECA                      cc=e5 a=00 b=00 dp=00 x=2fce y=0000 u=a890 s=1ff0  dt=16
1639| 48          LSLA                      cc=e4 a=00 b=00 dp=00 x=2fce y=0000 u=a890 s=1ff0  dt=16
163a| 48          LSLA                      cc=e4 a=00 b=00 dp=00 x=2fce y=0000 u=a890 s=1ff0  dt=16
163b| 9b66        ADDA  <$66                cc=c4 a=00 b=00 dp=00 x=2fce y=0000 u=a890 s=1ff0  dt=32
163d| 48          LSLA                      cc=c4 a=00 b=00 dp=00 x=2fce y=0000 u=a890 s=1ff0  dt=16
163e| 48          LSLA                      cc=c4 a=00 b=00 dp=00 x=2fce y=0000 u=a890 s=1ff0  dt=16
163f| 9a54        ORA   <$54                cc=c0 a=02 b=00 dp=00 x=2fce y=0000 u=a890 s=1ff0  dt=32
1641| 39          RTS                       cc=c0 a=02 b=00 dp=00 x=2fce y=0000 u=a890 s=1ff2  dt=40
13db| 170271      LBSR  $164f               cc=c0 a=02 b=00 dp=00 x=2fce y=0000 u=a890 s=1ff0  dt=72
164f| c603        LDB   #$03                cc=c0 a=02 b=03 dp=00 x=2fce y=0000 u=a890 s=1ff0  dt=16
1651| 3d          MUL                       cc=c0 a=00 b=06 dp=00 x=2fce y=0000 u=a890 s=1ff0  dt=88
1652| ce0500      LDU   #$0500              cc=c0 a=00 b=06 dp=00 x=2fce y=0000 u=0500 s=1ff0  dt=24
1655| 33cb        LEAU  D,U                 cc=c0 a=00 b=06 dp=00 x=2fce y=0000 u=0506 s=1ff0  dt=64
1657| a6c4        LDA   ,U                  cc=c0 a=35 b=06 dp=00 x=2fce y=0000 u=0506 s=1ff0  dt=32
1659| b7ffa5      STA   $ffa5               cc=c0 a=35 b=06 dp=00 x=2fce y=0000 u=0506 s=1ff0  dt=40
165c| ee41        LDU   1,U                 cc=c8 a=35 b=06 dp=00 x=2fce y=0000 u=a313 s=1ff0  dt=48
165e| 39          RTS                       cc=c8 a=35 b=06 dp=00 x=2fce y=0000 u=a313 s=1ff2  dt=40
13de| 17028e      LBSR  $166f               cc=c8 a=35 b=06 dp=00 x=2fce y=0000 u=a313 s=1ff0  dt=72
166f| 200d        BRA   $167e               cc=c8 a=35 b=06 dp=00 x=2fce y=0000 u=a313 s=1ff0  dt=24
167e| e6c0        LDB   ,U+                 cc=c0 a=35 b=03 dp=00 x=2fce y=0000 u=a314 s=1ff0  dt=48
1680| c1ff        CMPB  #$ff                cc=c1 a=35 b=03 dp=00 x=2fce y=0000 u=a314 s=1ff0  dt=16
1682| 274a        BEQ   $16ce               cc=c1 a=35 b=03 dp=00 x=2fce y=0000 u=a314 s=1ff0  dt=24
1684| 3a          ABX                       cc=c1 a=35 b=03 dp=00 x=2fd1 y=0000 u=a314 s=1ff0  dt=24
1685| e6c0        LDB   ,U+                 cc=c1 a=35 b=01 dp=00 x=2fd1 y=0000 u=a315 s=1ff0  dt=48
1687| 2be8        BMI   $1671               cc=c1 a=35 b=01 dp=00 x=2fd1 y=0000 u=a315 s=1ff0  dt=24
1689| c105        CMPB  #$05                cc=c9 a=35 b=01 dp=00 x=2fd1 y=0000 u=a315 s=1ff0  dt=16
168b| 271b        BEQ   $16a8               cc=c9 a=35 b=01 dp=00 x=2fd1 y=0000 u=a315 s=1ff0  dt=24
168d| c104        CMPB  #$04                cc=c9 a=35 b=01 dp=00 x=2fd1 y=0000 u=a315 s=1ff0  dt=16
168f| 250f        BCS   $16a0               cc=c9 a=35 b=01 dp=00 x=2fd1 y=0000 u=a315 s=1ff0  dt=24
16a0| c102        CMPB  #$02                cc=c9 a=35 b=01 dp=00 x=2fd1 y=0000 u=a315 s=1ff0  dt=16
16a2| 2724        BEQ   $16c8               cc=c9 a=35 b=01 dp=00 x=2fd1 y=0000 u=a315 s=1ff0  dt=24
16a4| 250a        BCS   $16b0               cc=c9 a=35 b=01 dp=00 x=2fd1 y=0000 u=a315 s=1ff0  dt=24
16b0| a6c0        LDA   ,U+                 cc=c9 a=cc b=01 dp=00 x=2fd1 y=0000 u=a316 s=1ff0  dt=48
16b2| a780        STA   ,X+                 cc=c9 a=cc b=01 dp=00 x=2fd2 y=0000 u=a316 s=1ff0  dt=48
16b4| 20c8        BRA   $167e               cc=c9 a=cc b=01 dp=00 x=2fd2 y=0000 u=a316 s=1ff0  dt=24
167e| e6c0        LDB   ,U+                 cc=c1 a=cc b=01 dp=00 x=2fd2 y=0000 u=a317 s=1ff0  dt=48
1680| c1ff        CMPB  #$ff                cc=c1 a=cc b=01 dp=00 x=2fd2 y=0000 u=a317 s=1ff0  dt=16
1682| 274a        BEQ   $16ce               cc=c1 a=cc b=01 dp=00 x=2fd2 y=0000 u=a317 s=1ff0  dt=24
1684| 3a          ABX                       cc=c1 a=cc b=01 dp=00 x=2fd3 y=0000 u=a317 s=1ff0  dt=24
1685| e6c0        LDB   ,U+                 cc=c1 a=cc b=01 dp=00 x=2fd3 y=0000 u=a318 s=1ff0  dt=48
1687| 2be8        BMI   $1671               cc=c1 a=cc b=01 dp=00 x=2fd3 y=0000 u=a318 s=1ff0  dt=24
1689| c105        CMPB  #$05                cc=c9 a=cc b=01 dp=00 x=2fd3 y=0000 u=a318 s=1ff0  dt=16
168b| 271b        BEQ   $16a8               cc=c9 a=cc b=01 dp=00 x=2fd3 y=0000 u=a318 s=1ff0  dt=24
168d| c104        CMPB  #$04                cc=c9 a=cc b=01 dp=00 x=2fd3 y=0000 u=a318 s=1ff0  dt=16
168f| 250f        BCS   $16a0               cc=c9 a=cc b=01 dp=00 x=2fd3 y=0000 u=a318 s=1ff0  dt=24
16a0| c102        CMPB  #$02                cc=c9 a=cc b=01 dp=00 x=2fd3 y=0000 u=a318 s=1ff0  dt=16
16a2| 2724        BEQ   $16c8               cc=c9 a=cc b=01 dp=00 x=2fd3 y=0000 u=a318 s=1ff0  dt=24
16a4| 250a        BCS   $16b0               cc=c9 a=cc b=01 dp=00 x=2fd3 y=0000 u=a318 s=1ff0  dt=24
16b0| a6c0        LDA   ,U+                 cc=c9 a=cc b=01 dp=00 x=2fd3 y=0000 u=a319 s=1ff0  dt=48
16b2| a780        STA   ,X+                 cc=c9 a=cc b=01 dp=00 x=2fd4 y=0000 u=a319 s=1ff0  dt=48
16b4| 20c8        BRA   $167e               cc=c9 a=cc b=01 dp=00 x=2fd4 y=0000 u=a319 s=1ff0  dt=24
167e| e6c0        LDB   ,U+                 cc=c9 a=cc b=9c dp=00 x=2fd4 y=0000 u=a31a s=1ff0  dt=48
1680| c1ff        CMPB  #$ff                cc=c9 a=cc b=9c dp=00 x=2fd4 y=0000 u=a31a s=1ff0  dt=16
1682| 274a        BEQ   $16ce               cc=c9 a=cc b=9c dp=00 x=2fd4 y=0000 u=a31a s=1ff0  dt=24
1684| 3a          ABX                       cc=c9 a=cc b=9c dp=00 x=3070 y=0000 u=a31a s=1ff0  dt=24
1685| e6c0        LDB   ,U+                 cc=c9 a=cc b=81 dp=00 x=3070 y=0000 u=a31b s=1ff0  dt=48
1687| 2be8        BMI   $1671               cc=c9 a=cc b=81 dp=00 x=3070 y=0000 u=a31b s=1ff0  dt=24
1671| c47f        ANDB  #$7f                cc=c1 a=cc b=01 dp=00 x=3070 y=0000 u=a31b s=1ff0  dt=16
1673| a6c0        LDA   ,U+                 cc=c9 a=f0 b=01 dp=00 x=3070 y=0000 u=a31c s=1ff0  dt=48
1675| a484        ANDA  ,X                  cc=c5 a=00 b=01 dp=00 x=3070 y=0000 u=a31c s=1ff0  dt=32
1677| aac0        ORA   ,U+                 cc=c1 a=0c b=01 dp=00 x=3070 y=0000 u=a31d s=1ff0  dt=48
1679| a780        STA   ,X+                 cc=c1 a=0c b=01 dp=00 x=3071 y=0000 u=a31d s=1ff0  dt=48
167b| 5a          DECB                      cc=c5 a=0c b=00 dp=00 x=3071 y=0000 u=a31d s=1ff0  dt=16
167c| 26f5        BNE   $1673               cc=c5 a=0c b=00 dp=00 x=3071 y=0000 u=a31d s=1ff0  dt=24
167e| e6c0        LDB   ,U+                 cc=c1 a=0c b=03 dp=00 x=3071 y=0000 u=a31e s=1ff0  dt=48
1680| c1ff        CMPB  #$ff                cc=c1 a=0c b=03 dp=00 x=3071 y=0000 u=a31e s=1ff0  dt=16
1682| 274a        BEQ   $16ce               cc=c1 a=0c b=03 dp=00 x=3071 y=0000 u=a31e s=1ff0  dt=24
1684| 3a          ABX                       cc=c1 a=0c b=03 dp=00 x=3074 y=0000 u=a31e s=1ff0  dt=24
1685| e6c0        LDB   ,U+                 cc=c9 a=0c b=81 dp=00 x=3074 y=0000 u=a31f s=1ff0  dt=48
1687| 2be8        BMI   $1671               cc=c9 a=0c b=81 dp=00 x=3074 y=0000 u=a31f s=1ff0  dt=24
1671| c47f        ANDB  #$7f                cc=c1 a=0c b=01 dp=00 x=3074 y=0000 u=a31f s=1ff0  dt=16
1673| a6c0        LDA   ,U+                 cc=c1 a=0f b=01 dp=00 x=3074 y=0000 u=a320 s=1ff0  dt=48
1675| a484        ANDA  ,X                  cc=c1 a=09 b=01 dp=00 x=3074 y=0000 u=a320 s=1ff0  dt=32
1677| aac0        ORA   ,U+                 cc=c9 a=c9 b=01 dp=00 x=3074 y=0000 u=a321 s=1ff0  dt=48
1679| a780        STA   ,X+                 cc=c9 a=c9 b=01 dp=00 x=3075 y=0000 u=a321 s=1ff0  dt=48
167b| 5a          DECB                      cc=c5 a=c9 b=00 dp=00 x=3075 y=0000 u=a321 s=1ff0  dt=16
167c| 26f5        BNE   $1673               cc=c5 a=c9 b=00 dp=00 x=3075 y=0000 u=a321 s=1ff0  dt=24
167e| e6c0        LDB   ,U+                 cc=c9 a=c9 b=9b dp=00 x=3075 y=0000 u=a322 s=1ff0  dt=48
1680| c1ff        CMPB  #$ff                cc=c9 a=c9 b=9b dp=00 x=3075 y=0000 u=a322 s=1ff0  dt=16
1682| 274a        BEQ   $16ce               cc=c9 a=c9 b=9b dp=00 x=3075 y=0000 u=a322 s=1ff0  dt=24
1684| 3a          ABX                       cc=c9 a=c9 b=9b dp=00 x=3110 y=0000 u=a322 s=1ff0  dt=24
1685| e6c0        LDB   ,U+                 cc=c9 a=c9 b=82 dp=00 x=3110 y=0000 u=a323 s=1ff0  dt=48
1687| 2be8        BMI   $1671               cc=c9 a=c9 b=82 dp=00 x=3110 y=0000 u=a323 s=1ff0  dt=24
1671| c47f        ANDB  #$7f                cc=c1 a=c9 b=02 dp=00 x=3110 y=0000 u=a323 s=1ff0  dt=16
1673| a6c0        LDA   ,U+                 cc=c9 a=f0 b=02 dp=00 x=3110 y=0000 u=a324 s=1ff0  dt=48
1675| a484        ANDA  ,X                  cc=c5 a=00 b=02 dp=00 x=3110 y=0000 u=a324 s=1ff0  dt=32
1677| aac0        ORA   ,U+                 cc=c1 a=0c b=02 dp=00 x=3110 y=0000 u=a325 s=1ff0  dt=48
1679| a780        STA   ,X+                 cc=c1 a=0c b=02 dp=00 x=3111 y=0000 u=a325 s=1ff0  dt=48
167b| 5a          DECB                      cc=c1 a=0c b=01 dp=00 x=3111 y=0000 u=a325 s=1ff0  dt=16
167c| 26f5        BNE   $1673               cc=c1 a=0c b=01 dp=00 x=3111 y=0000 u=a325 s=1ff0  dt=24
1673| a6c0        LDA   ,U+                 cc=c9 a=f0 b=01 dp=00 x=3111 y=0000 u=a326 s=1ff0  dt=48
1675| a484        ANDA  ,X                  cc=c5 a=00 b=01 dp=00 x=3111 y=0000 u=a326 s=1ff0  dt=32
1677| aac0        ORA   ,U+                 cc=c1 a=0c b=01 dp=00 x=3111 y=0000 u=a327 s=1ff0  dt=48
1679| a780        STA   ,X+                 cc=c1 a=0c b=01 dp=00 x=3112 y=0000 u=a327 s=1ff0  dt=48
167b| 5a          DECB                      cc=c5 a=0c b=00 dp=00 x=3112 y=0000 u=a327 s=1ff0  dt=16
167c| 26f5        BNE   $1673               cc=c5 a=0c b=00 dp=00 x=3112 y=0000 u=a327 s=1ff0  dt=24
167e| e6c0        LDB   ,U+                 cc=c1 a=0c b=01 dp=00 x=3112 y=0000 u=a328 s=1ff0  dt=48
1680| c1ff        CMPB  #$ff                cc=c1 a=0c b=01 dp=00 x=3112 y=0000 u=a328 s=1ff0  dt=16
1682| 274a        BEQ   $16ce               cc=c1 a=0c b=01 dp=00 x=3112 y=0000 u=a328 s=1ff0  dt=24
1684| 3a          ABX                       cc=c1 a=0c b=01 dp=00 x=3113 y=0000 u=a328 s=1ff0  dt=24
1685| e6c0        LDB   ,U+                 cc=c9 a=0c b=82 dp=00 x=3113 y=0000 u=a329 s=1ff0  dt=48
1687| 2be8        BMI   $1671               cc=c9 a=0c b=82 dp=00 x=3113 y=0000 u=a329 s=1ff0  dt=24
1671| c47f        ANDB  #$7f                cc=c1 a=0c b=02 dp=00 x=3113 y=0000 u=a329 s=1ff0  dt=16
1673| a6c0        LDA   ,U+                 cc=c1 a=0f b=02 dp=00 x=3113 y=0000 u=a32a s=1ff0  dt=48
1675| a484        ANDA  ,X                  cc=c5 a=00 b=02 dp=00 x=3113 y=0000 u=a32a s=1ff0  dt=32
1677| aac0        ORA   ,U+                 cc=c9 a=c0 b=02 dp=00 x=3113 y=0000 u=a32b s=1ff0  dt=48
1679| a780        STA   ,X+                 cc=c9 a=c0 b=02 dp=00 x=3114 y=0000 u=a32b s=1ff0  dt=48
167b| 5a          DECB                      cc=c1 a=c0 b=01 dp=00 x=3114 y=0000 u=a32b s=1ff0  dt=16
167c| 26f5        BNE   $1673               cc=c1 a=c0 b=01 dp=00 x=3114 y=0000 u=a32b s=1ff0  dt=24
1673| a6c0        LDA   ,U+                 cc=c1 a=0f b=01 dp=00 x=3114 y=0000 u=a32c s=1ff0  dt=48
1675| a484        ANDA  ,X                  cc=c5 a=00 b=01 dp=00 x=3114 y=0000 u=a32c s=1ff0  dt=32
1677| aac0        ORA   ,U+                 cc=c9 a=c0 b=01 dp=00 x=3114 y=0000 u=a32d s=1ff0  dt=48
1679| a780        STA   ,X+                 cc=c9 a=c0 b=01 dp=00 x=3115 y=0000 u=a32d s=1ff0  dt=48
167b| 5a          DECB                      cc=c5 a=c0 b=00 dp=00 x=3115 y=0000 u=a32d s=1ff0  dt=16
167c| 26f5        BNE   $1673               cc=c5 a=c0 b=00 dp=00 x=3115 y=0000 u=a32d s=1ff0  dt=24
167e| e6c0        LDB   ,U+                 cc=c9 a=c0 b=9a dp=00 x=3115 y=0000 u=a32e s=1ff0  dt=48
1680| c1ff        CMPB  #$ff                cc=c9 a=c0 b=9a dp=00 x=3115 y=0000 u=a32e s=1ff0  dt=16
1682| 274a        BEQ   $16ce               cc=c9 a=c0 b=9a dp=00 x=3115 y=0000 u=a32e s=1ff0  dt=24
1684| 3a          ABX                       cc=c9 a=c0 b=9a dp=00 x=31af y=0000 u=a32e s=1ff0  dt=24
1685| e6c0        LDB   ,U+                 cc=c9 a=c0 b=81 dp=00 x=31af y=0000 u=a32f s=1ff0  dt=48
1687| 2be8        BMI   $1671               cc=c9 a=c0 b=81 dp=00 x=31af y=0000 u=a32f s=1ff0  dt=24
1671| c47f        ANDB  #$7f                cc=c1 a=c0 b=01 dp=00 x=31af y=0000 u=a32f s=1ff0  dt=16
1673| a6c0        LDA   ,U+                 cc=c9 a=f0 b=01 dp=00 x=31af y=0000 u=a330 s=1ff0  dt=48
1675| a484        ANDA  ,X                  cc=c5 a=00 b=01 dp=00 x=31af y=0000 u=a330 s=1ff0  dt=32
1677| aac0        ORA   ,U+                 cc=c1 a=05 b=01 dp=00 x=31af y=0000 u=a331 s=1ff0  dt=48
1679| a780        STA   ,X+                 cc=c1 a=05 b=01 dp=00 x=31b0 y=0000 u=a331 s=1ff0  dt=48
167b| 5a          DECB                      cc=c5 a=05 b=00 dp=00 x=31b0 y=0000 u=a331 s=1ff0  dt=16
167c| 26f5        BNE   $1673               cc=c5 a=05 b=00 dp=00 x=31b0 y=0000 u=a331 s=1ff0  dt=24
167e| e6c0        LDB   ,U+                 cc=c1 a=05 b=01 dp=00 x=31b0 y=0000 u=a332 s=1ff0  dt=48
1680| c1ff        CMPB  #$ff                cc=c1 a=05 b=01 dp=00 x=31b0 y=0000 u=a332 s=1ff0  dt=16
1682| 274a        BEQ   $16ce               cc=c1 a=05 b=01 dp=00 x=31b0 y=0000 u=a332 s=1ff0  dt=24
1684| 3a          ABX                       cc=c1 a=05 b=01 dp=00 x=31b1 y=0000 u=a332 s=1ff0  dt=24
1685| e6c0        LDB   ,U+                 cc=c9 a=05 b=81 dp=00 x=31b1 y=0000 u=a333 s=1ff0  dt=48
1687| 2be8        BMI   $1671               cc=c9 a=05 b=81 dp=00 x=31b1 y=0000 u=a333 s=1ff0  dt=24
1671| c47f        ANDB  #$7f                cc=c1 a=05 b=01 dp=00 x=31b1 y=0000 u=a333 s=1ff0  dt=16
1673| a6c0        LDA   ,U+                 cc=c1 a=0f b=01 dp=00 x=31b1 y=0000 u=a334 s=1ff0  dt=48
1675| a484        ANDA  ,X                  cc=c5 a=00 b=01 dp=00 x=31b1 y=0000 u=a334 s=1ff0  dt=32
1677| aac0        ORA   ,U+                 cc=c9 a=c0 b=01 dp=00 x=31b1 y=0000 u=a335 s=1ff0  dt=48
1679| a780        STA   ,X+                 cc=c9 a=c0 b=01 dp=00 x=31b2 y=0000 u=a335 s=1ff0  dt=48
167b| 5a          DECB                      cc=c5 a=c0 b=00 dp=00 x=31b2 y=0000 u=a335 s=1ff0  dt=16
167c| 26f5        BNE   $1673               cc=c5 a=c0 b=00 dp=00 x=31b2 y=0000 u=a335 s=1ff0  dt=24
167e| e6c0        LDB   ,U+                 cc=c5 a=c0 b=00 dp=00 x=31b2 y=0000 u=a336 s=1ff0  dt=48
1680| c1ff        CMPB  #$ff                cc=c1 a=c0 b=00 dp=00 x=31b2 y=0000 u=a336 s=1ff0  dt=16
1682| 274a        BEQ   $16ce               cc=c1 a=c0 b=00 dp=00 x=31b2 y=0000 u=a336 s=1ff0  dt=24
1684| 3a          ABX                       cc=c1 a=c0 b=00 dp=00 x=31b2 y=0000 u=a336 s=1ff0  dt=24
1685| e6c0        LDB   ,U+                 cc=c1 a=c0 b=01 dp=00 x=31b2 y=0000 u=a337 s=1ff0  dt=48
1687| 2be8        BMI   $1671               cc=c1 a=c0 b=01 dp=00 x=31b2 y=0000 u=a337 s=1ff0  dt=24
1689| c105        CMPB  #$05                cc=c9 a=c0 b=01 dp=00 x=31b2 y=0000 u=a337 s=1ff0  dt=16
168b| 271b        BEQ   $16a8               cc=c9 a=c0 b=01 dp=00 x=31b2 y=0000 u=a337 s=1ff0  dt=24
168d| c104        CMPB  #$04                cc=c9 a=c0 b=01 dp=00 x=31b2 y=0000 u=a337 s=1ff0  dt=16
168f| 250f        BCS   $16a0               cc=c9 a=c0 b=01 dp=00 x=31b2 y=0000 u=a337 s=1ff0  dt=24
16a0| c102        CMPB  #$02                cc=c9 a=c0 b=01 dp=00 x=31b2 y=0000 u=a337 s=1ff0  dt=16
16a2| 2724        BEQ   $16c8               cc=c9 a=c0 b=01 dp=00 x=31b2 y=0000 u=a337 s=1ff0  dt=24
16a4| 250a        BCS   $16b0               cc=c9 a=c0 b=01 dp=00 x=31b2 y=0000 u=a337 s=1ff0  dt=24
16b0| a6c0        LDA   ,U+                 cc=c1 a=55 b=01 dp=00 x=31b2 y=0000 u=a338 s=1ff0  dt=48
16b2| a780        STA   ,X+                 cc=c1 a=55 b=01 dp=00 x=31b3 y=0000 u=a338 s=1ff0  dt=48
16b4| 20c8        BRA   $167e               cc=c1 a=55 b=01 dp=00 x=31b3 y=0000 u=a338 s=1ff0  dt=24
167e| e6c0        LDB   ,U+                 cc=c5 a=55 b=00 dp=00 x=31b3 y=0000 u=a339 s=1ff0  dt=48
1680| c1ff        CMPB  #$ff                cc=c1 a=55 b=00 dp=00 x=31b3 y=0000 u=a339 s=1ff0  dt=16
1682| 274a        BEQ   $16ce               cc=c1 a=55 b=00 dp=00 x=31b3 y=0000 u=a339 s=1ff0  dt=24
1684| 3a          ABX                       cc=c1 a=55 b=00 dp=00 x=31b3 y=0000 u=a339 s=1ff0  dt=24
1685| e6c0        LDB   ,U+                 cc=c9 a=55 b=83 dp=00 x=31b3 y=0000 u=a33a s=1ff0  dt=48
1687| 2be8        BMI   $1671               cc=c9 a=55 b=83 dp=00 x=31b3 y=0000 u=a33a s=1ff0  dt=24
1671| c47f        ANDB  #$7f                cc=c1 a=55 b=03 dp=00 x=31b3 y=0000 u=a33a s=1ff0  dt=16
1673| a6c0        LDA   ,U+                 cc=c9 a=f0 b=03 dp=00 x=31b3 y=0000 u=a33b s=1ff0  dt=48
1675| a484        ANDA  ,X                  cc=c5 a=00 b=03 dp=00 x=31b3 y=0000 u=a33b s=1ff0  dt=32
1677| aac0        ORA   ,U+                 cc=c1 a=0c b=03 dp=00 x=31b3 y=0000 u=a33c s=1ff0  dt=48
1679| a780        STA   ,X+                 cc=c1 a=0c b=03 dp=00 x=31b4 y=0000 u=a33c s=1ff0  dt=48
167b| 5a          DECB                      cc=c1 a=0c b=02 dp=00 x=31b4 y=0000 u=a33c s=1ff0  dt=16
167c| 26f5        BNE   $1673               cc=c1 a=0c b=02 dp=00 x=31b4 y=0000 u=a33c s=1ff0  dt=24
1673| a6c0        LDA   ,U+                 cc=c1 a=0f b=02 dp=00 x=31b4 y=0000 u=a33d s=1ff0  dt=48
1675| a484        ANDA  ,X                  cc=c5 a=00 b=02 dp=00 x=31b4 y=0000 u=a33d s=1ff0  dt=32
1677| aac0        ORA   ,U+                 cc=c9 a=c0 b=02 dp=00 x=31b4 y=0000 u=a33e s=1ff0  dt=48
1679| a780        STA   ,X+                 cc=c9 a=c0 b=02 dp=00 x=31b5 y=0000 u=a33e s=1ff0  dt=48
167b| 5a          DECB                      cc=c1 a=c0 b=01 dp=00 x=31b5 y=0000 u=a33e s=1ff0  dt=16
167c| 26f5        BNE   $1673               cc=c1 a=c0 b=01 dp=00 x=31b5 y=0000 u=a33e s=1ff0  dt=24
1673| a6c0        LDA   ,U+                 cc=c1 a=0f b=01 dp=00 x=31b5 y=0000 u=a33f s=1ff0  dt=48
1675| a484        ANDA  ,X                  cc=c5 a=00 b=01 dp=00 x=31b5 y=0000 u=a33f s=1ff0  dt=32
1677| aac0        ORA   ,U+                 cc=c1 a=50 b=01 dp=00 x=31b5 y=0000 u=a340 s=1ff0  dt=48
1679| a780        STA   ,X+                 cc=c1 a=50 b=01 dp=00 x=31b6 y=0000 u=a340 s=1ff0  dt=48
167b| 5a          DECB                      cc=c5 a=50 b=00 dp=00 x=31b6 y=0000 u=a340 s=1ff0  dt=16
167c| 26f5        BNE   $1673               cc=c5 a=50 b=00 dp=00 x=31b6 y=0000 u=a340 s=1ff0  dt=24
167e| e6c0        LDB   ,U+                 cc=c9 a=50 b=99 dp=00 x=31b6 y=0000 u=a341 s=1ff0  dt=48
1680| c1ff        CMPB  #$ff                cc=c9 a=50 b=99 dp=00 x=31b6 y=0000 u=a341 s=1ff0  dt=16
1682| 274a        BEQ   $16ce               cc=c9 a=50 b=99 dp=00 x=31b6 y=0000 u=a341 s=1ff0  dt=24
1684| 3a          ABX                       cc=c9 a=50 b=99 dp=00 x=324f y=0000 u=a341 s=1ff0  dt=24
1685| e6c0        LDB   ,U+                 cc=c9 a=50 b=81 dp=00 x=324f y=0000 u=a342 s=1ff0  dt=48
1687| 2be8        BMI   $1671               cc=c9 a=50 b=81 dp=00 x=324f y=0000 u=a342 s=1ff0  dt=24
1671| c47f        ANDB  #$7f                cc=c1 a=50 b=01 dp=00 x=324f y=0000 u=a342 s=1ff0  dt=16
1673| a6c0        LDA   ,U+                 cc=c9 a=f0 b=01 dp=00 x=324f y=0000 u=a343 s=1ff0  dt=48
1675| a484        ANDA  ,X                  cc=c1 a=30 b=01 dp=00 x=324f y=0000 u=a343 s=1ff0  dt=32
1677| aac0        ORA   ,U+                 cc=c1 a=35 b=01 dp=00 x=324f y=0000 u=a344 s=1ff0  dt=48
1679| a780        STA   ,X+                 cc=c1 a=35 b=01 dp=00 x=3250 y=0000 u=a344 s=1ff0  dt=48
167b| 5a          DECB                      cc=c5 a=35 b=00 dp=00 x=3250 y=0000 u=a344 s=1ff0  dt=16
167c| 26f5        BNE   $1673               cc=c5 a=35 b=00 dp=00 x=3250 y=0000 u=a344 s=1ff0  dt=24
167e| e6c0        LDB   ,U+                 cc=c1 a=35 b=01 dp=00 x=3250 y=0000 u=a345 s=1ff0  dt=48
1680| c1ff        CMPB  #$ff                cc=c1 a=35 b=01 dp=00 x=3250 y=0000 u=a345 s=1ff0  dt=16
1682| 274a        BEQ   $16ce               cc=c1 a=35 b=01 dp=00 x=3250 y=0000 u=a345 s=1ff0  dt=24
1684| 3a          ABX                       cc=c1 a=35 b=01 dp=00 x=3251 y=0000 u=a345 s=1ff0  dt=24
1685| e6c0        LDB   ,U+                 cc=c1 a=35 b=03 dp=00 x=3251 y=0000 u=a346 s=1ff0  dt=48
1687| 2be8        BMI   $1671               cc=c1 a=35 b=03 dp=00 x=3251 y=0000 u=a346 s=1ff0  dt=24
1689| c105        CMPB  #$05                cc=c9 a=35 b=03 dp=00 x=3251 y=0000 u=a346 s=1ff0  dt=16
168b| 271b        BEQ   $16a8               cc=c9 a=35 b=03 dp=00 x=3251 y=0000 u=a346 s=1ff0  dt=24
168d| c104        CMPB  #$04                cc=c9 a=35 b=03 dp=00 x=3251 y=0000 u=a346 s=1ff0  dt=16
168f| 250f        BCS   $16a0               cc=c9 a=35 b=03 dp=00 x=3251 y=0000 u=a346 s=1ff0  dt=24
16a0| c102        CMPB  #$02                cc=c0 a=35 b=03 dp=00 x=3251 y=0000 u=a346 s=1ff0  dt=16
16a2| 2724        BEQ   $16c8               cc=c0 a=35 b=03 dp=00 x=3251 y=0000 u=a346 s=1ff0  dt=24
16a4| 250a        BCS   $16b0               cc=c0 a=35 b=03 dp=00 x=3251 y=0000 u=a346 s=1ff0  dt=24
16a6| 2004        BRA   $16ac               cc=c0 a=35 b=03 dp=00 x=3251 y=0000 u=a346 s=1ff0  dt=24
16ac| ecc1        LDD   ,U++                cc=c0 a=25 b=55 dp=00 x=3251 y=0000 u=a348 s=1ff0  dt=64
16ae| ed81        STD   ,X++                cc=c0 a=25 b=55 dp=00 x=3253 y=0000 u=a348 s=1ff0  dt=64
16b0| a6c0        LDA   ,U+                 cc=c0 a=52 b=55 dp=00 x=3253 y=0000 u=a349 s=1ff0  dt=48
16b2| a780        STA   ,X+                 cc=c0 a=52 b=55 dp=00 x=3254 y=0000 u=a349 s=1ff0  dt=48
16b4| 20c8        BRA   $167e               cc=c0 a=52 b=55 dp=00 x=3254 y=0000 u=a349 s=1ff0  dt=24
167e| e6c0        LDB   ,U+                 cc=c0 a=52 b=01 dp=00 x=3254 y=0000 u=a34a s=1ff0  dt=48
1680| c1ff        CMPB  #$ff                cc=c1 a=52 b=01 dp=00 x=3254 y=0000 u=a34a s=1ff0  dt=16
1682| 274a        BEQ   $16ce               cc=c1 a=52 b=01 dp=00 x=3254 y=0000 u=a34a s=1ff0  dt=24
1684| 3a          ABX                       cc=c1 a=52 b=01 dp=00 x=3255 y=0000 u=a34a s=1ff0  dt=24
1685| e6c0        LDB   ,U+                 cc=c9 a=52 b=81 dp=00 x=3255 y=0000 u=a34b s=1ff0  dt=48
1687| 2be8        BMI   $1671               cc=c9 a=52 b=81 dp=00 x=3255 y=0000 u=a34b s=1ff0  dt=24
1671| c47f        ANDB  #$7f                cc=c1 a=52 b=01 dp=00 x=3255 y=0000 u=a34b s=1ff0  dt=16
1673| a6c0        LDA   ,U+                 cc=c1 a=0f b=01 dp=00 x=3255 y=0000 u=a34c s=1ff0  dt=48
1675| a484        ANDA  ,X                  cc=c5 a=00 b=01 dp=00 x=3255 y=0000 u=a34c s=1ff0  dt=32
1677| aac0        ORA   ,U+                 cc=c1 a=50 b=01 dp=00 x=3255 y=0000 u=a34d s=1ff0  dt=48
1679| a780        STA   ,X+                 cc=c1 a=50 b=01 dp=00 x=3256 y=0000 u=a34d s=1ff0  dt=48
167b| 5a          DECB                      cc=c5 a=50 b=00 dp=00 x=3256 y=0000 u=a34d s=1ff0  dt=16
167c| 26f5        BNE   $1673               cc=c5 a=50 b=00 dp=00 x=3256 y=0000 u=a34d s=1ff0  dt=24
167e| e6c0        LDB   ,U+                 cc=c9 a=50 b=99 dp=00 x=3256 y=0000 u=a34e s=1ff0  dt=48
1680| c1ff        CMPB  #$ff                cc=c9 a=50 b=99 dp=00 x=3256 y=0000 u=a34e s=1ff0  dt=16
1682| 274a        BEQ   $16ce               cc=c9 a=50 b=99 dp=00 x=3256 y=0000 u=a34e s=1ff0  dt=24
1684| 3a          ABX                       cc=c9 a=50 b=99 dp=00 x=32ef y=0000 u=a34e s=1ff0  dt=24
1685| e6c0        LDB   ,U+                 cc=c9 a=50 b=82 dp=00 x=32ef y=0000 u=a34f s=1ff0  dt=48
1687| 2be8        BMI   $1671               cc=c9 a=50 b=82 dp=00 x=32ef y=0000 u=a34f s=1ff0  dt=24
1671| c47f        ANDB  #$7f                cc=c1 a=50 b=02 dp=00 x=32ef y=0000 u=a34f s=1ff0  dt=16
1673| a6c0        LDA   ,U+                 cc=c9 a=f0 b=02 dp=00 x=32ef y=0000 u=a350 s=1ff0  dt=48
1675| a484        ANDA  ,X                  cc=c1 a=30 b=02 dp=00 x=32ef y=0000 u=a350 s=1ff0  dt=32
1677| aac0        ORA   ,U+                 cc=c1 a=35 b=02 dp=00 x=32ef y=0000 u=a351 s=1ff0  dt=48
1679| a780        STA   ,X+                 cc=c1 a=35 b=02 dp=00 x=32f0 y=0000 u=a351 s=1ff0  dt=48
167b| 5a          DECB                      cc=c1 a=35 b=01 dp=00 x=32f0 y=0000 u=a351 s=1ff0  dt=16
167c| 26f5        BNE   $1673               cc=c1 a=35 b=01 dp=00 x=32f0 y=0000 u=a351 s=1ff0  dt=24
1673| a6c0        LDA   ,U+                 cc=c9 a=f0 b=01 dp=00 x=32f0 y=0000 u=a352 s=1ff0  dt=48
1675| a484        ANDA  ,X                  cc=c1 a=30 b=01 dp=00 x=32f0 y=0000 u=a352 s=1ff0  dt=32
1677| aac0        ORA   ,U+                 cc=c1 a=3c b=01 dp=00 x=32f0 y=0000 u=a353 s=1ff0  dt=48
1679| a780        STA   ,X+                 cc=c1 a=3c b=01 dp=00 x=32f1 y=0000 u=a353 s=1ff0  dt=48
167b| 5a          DECB                      cc=c5 a=3c b=00 dp=00 x=32f1 y=0000 u=a353 s=1ff0  dt=16
167c| 26f5        BNE   $1673               cc=c5 a=3c b=00 dp=00 x=32f1 y=0000 u=a353 s=1ff0  dt=24
167e| e6c0        LDB   ,U+                 cc=c5 a=3c b=00 dp=00 x=32f1 y=0000 u=a354 s=1ff0  dt=48
1680| c1ff        CMPB  #$ff                cc=c1 a=3c b=00 dp=00 x=32f1 y=0000 u=a354 s=1ff0  dt=16
1682| 274a        BEQ   $16ce               cc=c1 a=3c b=00 dp=00 x=32f1 y=0000 u=a354 s=1ff0  dt=24
1684| 3a          ABX                       cc=c1 a=3c b=00 dp=00 x=32f1 y=0000 u=a354 s=1ff0  dt=24
1685| e6c0        LDB   ,U+                 cc=c1 a=3c b=03 dp=00 x=32f1 y=0000 u=a355 s=1ff0  dt=48
1687| 2be8        BMI   $1671               cc=c1 a=3c b=03 dp=00 x=32f1 y=0000 u=a355 s=1ff0  dt=24
1689| c105        CMPB  #$05                cc=c9 a=3c b=03 dp=00 x=32f1 y=0000 u=a355 s=1ff0  dt=16
168b| 271b        BEQ   $16a8               cc=c9 a=3c b=03 dp=00 x=32f1 y=0000 u=a355 s=1ff0  dt=24
168d| c104        CMPB  #$04                cc=c9 a=3c b=03 dp=00 x=32f1 y=0000 u=a355 s=1ff0  dt=16
168f| 250f        BCS   $16a0               cc=c9 a=3c b=03 dp=00 x=32f1 y=0000 u=a355 s=1ff0  dt=24
16a0| c102        CMPB  #$02                cc=c0 a=3c b=03 dp=00 x=32f1 y=0000 u=a355 s=1ff0  dt=16
16a2| 2724        BEQ   $16c8               cc=c0 a=3c b=03 dp=00 x=32f1 y=0000 u=a355 s=1ff0  dt=24
16a4| 250a        BCS   $16b0               cc=c0 a=3c b=03 dp=00 x=32f1 y=0000 u=a355 s=1ff0  dt=24
16a6| 2004        BRA   $16ac               cc=c0 a=3c b=03 dp=00 x=32f1 y=0000 u=a355 s=1ff0  dt=24
16ac| ecc1        LDD   ,U++                cc=c8 a=cc b=cc dp=00 x=32f1 y=0000 u=a357 s=1ff0  dt=64
16ae| ed81        STD   ,X++                cc=c8 a=cc b=cc dp=00 x=32f3 y=0000 u=a357 s=1ff0  dt=64
16b0| a6c0        LDA   ,U+                 cc=c8 a=cc b=cc dp=00 x=32f3 y=0000 u=a358 s=1ff0  dt=48
16b2| a780        STA   ,X+                 cc=c8 a=cc b=cc dp=00 x=32f4 y=0000 u=a358 s=1ff0  dt=48
16b4| 20c8        BRA   $167e               cc=c8 a=cc b=cc dp=00 x=32f4 y=0000 u=a358 s=1ff0  dt=24
167e| e6c0        LDB   ,U+                 cc=c4 a=cc b=00 dp=00 x=32f4 y=0000 u=a359 s=1ff0  dt=48
1680| c1ff        CMPB  #$ff                cc=c1 a=cc b=00 dp=00 x=32f4 y=0000 u=a359 s=1ff0  dt=16
1682| 274a        BEQ   $16ce               cc=c1 a=cc b=00 dp=00 x=32f4 y=0000 u=a359 s=1ff0  dt=24
1684| 3a          ABX                       cc=c1 a=cc b=00 dp=00 x=32f4 y=0000 u=a359 s=1ff0  dt=24
1685| e6c0        LDB   ,U+                 cc=c9 a=cc b=82 dp=00 x=32f4 y=0000 u=a35a s=1ff0  dt=48
1687| 2be8        BMI   $1671               cc=c9 a=cc b=82 dp=00 x=32f4 y=0000 u=a35a s=1ff0  dt=24
1671| c47f        ANDB  #$7f                cc=c1 a=cc b=02 dp=00 x=32f4 y=0000 u=a35a s=1ff0  dt=16
1673| a6c0        LDA   ,U+                 cc=c1 a=0f b=02 dp=00 x=32f4 y=0000 u=a35b s=1ff0  dt=48
1675| a484        ANDA  ,X                  cc=c5 a=00 b=02 dp=00 x=32f4 y=0000 u=a35b s=1ff0  dt=32
1677| aac0        ORA   ,U+                 cc=c9 a=c0 b=02 dp=00 x=32f4 y=0000 u=a35c s=1ff0  dt=48
1679| a780        STA   ,X+                 cc=c9 a=c0 b=02 dp=00 x=32f5 y=0000 u=a35c s=1ff0  dt=48
167b| 5a          DECB                      cc=c1 a=c0 b=01 dp=00 x=32f5 y=0000 u=a35c s=1ff0  dt=16
167c| 26f5        BNE   $1673               cc=c1 a=c0 b=01 dp=00 x=32f5 y=0000 u=a35c s=1ff0  dt=24
1673| a6c0        LDA   ,U+                 cc=c1 a=0f b=01 dp=00 x=32f5 y=0000 u=a35d s=1ff0  dt=48
1675| a484        ANDA  ,X                  cc=c5 a=00 b=01 dp=00 x=32f5 y=0000 u=a35d s=1ff0  dt=32
1677| aac0        ORA   ,U+                 cc=c1 a=50 b=01 dp=00 x=32f5 y=0000 u=a35e s=1ff0  dt=48
1679| a780        STA   ,X+                 cc=c1 a=50 b=01 dp=00 x=32f6 y=0000 u=a35e s=1ff0  dt=48
167b| 5a          DECB                      cc=c5 a=50 b=00 dp=00 x=32f6 y=0000 u=a35e s=1ff0  dt=16
167c| 26f5        BNE   $1673               cc=c5 a=50 b=00 dp=00 x=32f6 y=0000 u=a35e s=1ff0  dt=24
167e| e6c0        LDB   ,U+                 cc=c9 a=50 b=9a dp=00 x=32f6 y=0000 u=a35f s=1ff0  dt=48
1680| c1ff        CMPB  #$ff                cc=c9 a=50 b=9a dp=00 x=32f6 y=0000 u=a35f s=1ff0  dt=16
1682| 274a        BEQ   $16ce               cc=c9 a=50 b=9a dp=00 x=32f6 y=0000 u=a35f s=1ff0  dt=24
1684| 3a          ABX                       cc=c9 a=50 b=9a dp=00 x=3390 y=0000 u=a35f s=1ff0  dt=24
1685| e6c0        LDB   ,U+                 cc=c1 a=50 b=05 dp=00 x=3390 y=0000 u=a360 s=1ff0  dt=48
1687| 2be8        BMI   $1671               cc=c1 a=50 b=05 dp=00 x=3390 y=0000 u=a360 s=1ff0  dt=24
1689| c105        CMPB  #$05                cc=c4 a=50 b=05 dp=00 x=3390 y=0000 u=a360 s=1ff0  dt=16
168b| 271b        BEQ   $16a8               cc=c4 a=50 b=05 dp=00 x=3390 y=0000 u=a360 s=1ff0  dt=24
16a8| ecc1        LDD   ,U++                cc=c8 a=cc b=cc dp=00 x=3390 y=0000 u=a362 s=1ff0  dt=64
16aa| ed81        STD   ,X++                cc=c8 a=cc b=cc dp=00 x=3392 y=0000 u=a362 s=1ff0  dt=64
16ac| ecc1        LDD   ,U++                cc=c8 a=cc b=cc dp=00 x=3392 y=0000 u=a364 s=1ff0  dt=64
16ae| ed81        STD   ,X++                cc=c8 a=cc b=cc dp=00 x=3394 y=0000 u=a364 s=1ff0  dt=64
16b0| a6c0        LDA   ,U+                 cc=c8 a=cc b=cc dp=00 x=3394 y=0000 u=a365 s=1ff0  dt=48
16b2| a780        STA   ,X+                 cc=c8 a=cc b=cc dp=00 x=3395 y=0000 u=a365 s=1ff0  dt=48
16b4| 20c8        BRA   $167e               cc=c8 a=cc b=cc dp=00 x=3395 y=0000 u=a365 s=1ff0  dt=24
167e| e6c0        LDB   ,U+                 cc=c8 a=cc b=9a dp=00 x=3395 y=0000 u=a366 s=1ff0  dt=48
1680| c1ff        CMPB  #$ff                cc=c9 a=cc b=9a dp=00 x=3395 y=0000 u=a366 s=1ff0  dt=16
1682| 274a        BEQ   $16ce               cc=c9 a=cc b=9a dp=00 x=3395 y=0000 u=a366 s=1ff0  dt=24
1684| 3a          ABX                       cc=c9 a=cc b=9a dp=00 x=342f y=0000 u=a366 s=1ff0  dt=24
1685| e6c0        LDB   ,U+                 cc=c9 a=cc b=81 dp=00 x=342f y=0000 u=a367 s=1ff0  dt=48
1687| 2be8        BMI   $1671               cc=c9 a=cc b=81 dp=00 x=342f y=0000 u=a367 s=1ff0  dt=24
1671| c47f        ANDB  #$7f                cc=c1 a=cc b=01 dp=00 x=342f y=0000 u=a367 s=1ff0  dt=16
1673| a6c0        LDA   ,U+                 cc=c9 a=f0 b=01 dp=00 x=342f y=0000 u=a368 s=1ff0  dt=48
1675| a484        ANDA  ,X                  cc=c1 a=40 b=01 dp=00 x=342f y=0000 u=a368 s=1ff0  dt=32
1677| aac0        ORA   ,U+                 cc=c1 a=4c b=01 dp=00 x=342f y=0000 u=a369 s=1ff0  dt=48
1679| a780        STA   ,X+                 cc=c1 a=4c b=01 dp=00 x=3430 y=0000 u=a369 s=1ff0  dt=48
167b| 5a          DECB                      cc=c5 a=4c b=00 dp=00 x=3430 y=0000 u=a369 s=1ff0  dt=16
167c| 26f5        BNE   $1673               cc=c5 a=4c b=00 dp=00 x=3430 y=0000 u=a369 s=1ff0  dt=24
167e| e6c0        LDB   ,U+                 cc=c5 a=4c b=00 dp=00 x=3430 y=0000 u=a36a s=1ff0  dt=48
1680| c1ff        CMPB  #$ff                cc=c1 a=4c b=00 dp=00 x=3430 y=0000 u=a36a s=1ff0  dt=16
1682| 274a        BEQ   $16ce               cc=c1 a=4c b=00 dp=00 x=3430 y=0000 u=a36a s=1ff0  dt=24
1684| 3a          ABX                       cc=c1 a=4c b=00 dp=00 x=3430 y=0000 u=a36a s=1ff0  dt=24
1685| e6c0        LDB   ,U+                 cc=c1 a=4c b=05 dp=00 x=3430 y=0000 u=a36b s=1ff0  dt=48
1687| 2be8        BMI   $1671               cc=c1 a=4c b=05 dp=00 x=3430 y=0000 u=a36b s=1ff0  dt=24
1689| c105        CMPB  #$05                cc=c4 a=4c b=05 dp=00 x=3430 y=0000 u=a36b s=1ff0  dt=16
168b| 271b        BEQ   $16a8               cc=c4 a=4c b=05 dp=00 x=3430 y=0000 u=a36b s=1ff0  dt=24
16a8| ecc1        LDD   ,U++                cc=c8 a=cc b=c2 dp=00 x=3430 y=0000 u=a36d s=1ff0  dt=64
16aa| ed81        STD   ,X++                cc=c8 a=cc b=c2 dp=00 x=3432 y=0000 u=a36d s=1ff0  dt=64
16ac| ecc1        LDD   ,U++                cc=c8 a=cc b=2c dp=00 x=3432 y=0000 u=a36f s=1ff0  dt=64
16ae| ed81        STD   ,X++                cc=c8 a=cc b=2c dp=00 x=3434 y=0000 u=a36f s=1ff0  dt=64
16b0| a6c0        LDA   ,U+                 cc=c8 a=cc b=2c dp=00 x=3434 y=0000 u=a370 s=1ff0  dt=48
16b2| a780        STA   ,X+                 cc=c8 a=cc b=2c dp=00 x=3435 y=0000 u=a370 s=1ff0  dt=48
16b4| 20c8        BRA   $167e               cc=c8 a=cc b=2c dp=00 x=3435 y=0000 u=a370 s=1ff0  dt=24
167e| e6c0        LDB   ,U+                 cc=c4 a=cc b=00 dp=00 x=3435 y=0000 u=a371 s=1ff0  dt=48
1680| c1ff        CMPB  #$ff                cc=c1 a=cc b=00 dp=00 x=3435 y=0000 u=a371 s=1ff0  dt=16
1682| 274a        BEQ   $16ce               cc=c1 a=cc b=00 dp=00 x=3435 y=0000 u=a371 s=1ff0  dt=24
1684| 3a          ABX                       cc=c1 a=cc b=00 dp=00 x=3435 y=0000 u=a371 s=1ff0  dt=24
1685| e6c0        LDB   ,U+                 cc=c9 a=cc b=81 dp=00 x=3435 y=0000 u=a372 s=1ff0  dt=48
1687| 2be8        BMI   $1671               cc=c9 a=cc b=81 dp=00 x=3435 y=0000 u=a372 s=1ff0  dt=24
1671| c47f        ANDB  #$7f                cc=c1 a=cc b=01 dp=00 x=3435 y=0000 u=a372 s=1ff0  dt=16
1673| a6c0        LDA   ,U+                 cc=c1 a=0f b=01 dp=00 x=3435 y=0000 u=a373 s=1ff0  dt=48
1675| a484        ANDA  ,X                  cc=c5 a=00 b=01 dp=00 x=3435 y=0000 u=a373 s=1ff0  dt=32
1677| aac0        ORA   ,U+                 cc=c9 a=c0 b=01 dp=00 x=3435 y=0000 u=a374 s=1ff0  dt=48
1679| a780        STA   ,X+                 cc=c9 a=c0 b=01 dp=00 x=3436 y=0000 u=a374 s=1ff0  dt=48
167b| 5a          DECB                      cc=c5 a=c0 b=00 dp=00 x=3436 y=0000 u=a374 s=1ff0  dt=16
167c| 26f5        BNE   $1673               cc=c5 a=c0 b=00 dp=00 x=3436 y=0000 u=a374 s=1ff0  dt=24
167e| e6c0        LDB   ,U+                 cc=c9 a=c0 b=99 dp=00 x=3436 y=0000 u=a375 s=1ff0  dt=48
1680| c1ff        CMPB  #$ff                cc=c9 a=c0 b=99 dp=00 x=3436 y=0000 u=a375 s=1ff0  dt=16
1682| 274a        BEQ   $16ce               cc=c9 a=c0 b=99 dp=00 x=3436 y=0000 u=a375 s=1ff0  dt=24
1684| 3a          ABX                       cc=c9 a=c0 b=99 dp=00 x=34cf y=0000 u=a375 s=1ff0  dt=24
1685| e6c0        LDB   ,U+                 cc=c9 a=c0 b=81 dp=00 x=34cf y=0000 u=a376 s=1ff0  dt=48
1687| 2be8        BMI   $1671               cc=c9 a=c0 b=81 dp=00 x=34cf y=0000 u=a376 s=1ff0  dt=24
1671| c47f        ANDB  #$7f                cc=c1 a=c0 b=01 dp=00 x=34cf y=0000 u=a376 s=1ff0  dt=16
1673| a6c0        LDA   ,U+                 cc=c9 a=f0 b=01 dp=00 x=34cf y=0000 u=a377 s=1ff0  dt=48
1675| a484        ANDA  ,X                  cc=c1 a=30 b=01 dp=00 x=34cf y=0000 u=a377 s=1ff0  dt=32
1677| aac0        ORA   ,U+                 cc=c1 a=3c b=01 dp=00 x=34cf y=0000 u=a378 s=1ff0  dt=48
1679| a780        STA   ,X+                 cc=c1 a=3c b=01 dp=00 x=34d0 y=0000 u=a378 s=1ff0  dt=48
167b| 5a          DECB                      cc=c5 a=3c b=00 dp=00 x=34d0 y=0000 u=a378 s=1ff0  dt=16
167c| 26f5        BNE   $1673               cc=c5 a=3c b=00 dp=00 x=34d0 y=0000 u=a378 s=1ff0  dt=24
167e| e6c0        LDB   ,U+                 cc=c5 a=3c b=00 dp=00 x=34d0 y=0000 u=a379 s=1ff0  dt=48
1680| c1ff        CMPB  #$ff                cc=c1 a=3c b=00 dp=00 x=34d0 y=0000 u=a379 s=1ff0  dt=16
1682| 274a        BEQ   $16ce               cc=c1 a=3c b=00 dp=00 x=34d0 y=0000 u=a379 s=1ff0  dt=24
1684| 3a          ABX                       cc=c1 a=3c b=00 dp=00 x=34d0 y=0000 u=a379 s=1ff0  dt=24
1685| e6c0        LDB   ,U+                 cc=c1 a=3c b=05 dp=00 x=34d0 y=0000 u=a37a s=1ff0  dt=48
1687| 2be8        BMI   $1671               cc=c1 a=3c b=05 dp=00 x=34d0 y=0000 u=a37a s=1ff0  dt=24
1689| c105        CMPB  #$05                cc=c4 a=3c b=05 dp=00 x=34d0 y=0000 u=a37a s=1ff0  dt=16
168b| 271b        BEQ   $16a8               cc=c4 a=3c b=05 dp=00 x=34d0 y=0000 u=a37a s=1ff0  dt=24
16a8| ecc1        LDD   ,U++                cc=c8 a=cc b=cc dp=00 x=34d0 y=0000 u=a37c s=1ff0  dt=64
16aa| ed81        STD   ,X++                cc=c8 a=cc b=cc dp=00 x=34d2 y=0000 u=a37c s=1ff0  dt=64
16ac| ecc1        LDD   ,U++                cc=c8 a=cc b=cc dp=00 x=34d2 y=0000 u=a37e s=1ff0  dt=64
16ae| ed81        STD   ,X++                cc=c8 a=cc b=cc dp=00 x=34d4 y=0000 u=a37e s=1ff0  dt=64
16b0| a6c0        LDA   ,U+                 cc=c8 a=cc b=cc dp=00 x=34d4 y=0000 u=a37f s=1ff0  dt=48
16b2| a780        STA   ,X+                 cc=c8 a=cc b=cc dp=00 x=34d5 y=0000 u=a37f s=1ff0  dt=48
16b4| 20c8        BRA   $167e               cc=c8 a=cc b=cc dp=00 x=34d5 y=0000 u=a37f s=1ff0  dt=24
167e| e6c0        LDB   ,U+                 cc=c4 a=cc b=00 dp=00 x=34d5 y=0000 u=a380 s=1ff0  dt=48
1680| c1ff        CMPB  #$ff                cc=c1 a=cc b=00 dp=00 x=34d5 y=0000 u=a380 s=1ff0  dt=16
1682| 274a        BEQ   $16ce               cc=c1 a=cc b=00 dp=00 x=34d5 y=0000 u=a380 s=1ff0  dt=24
1684| 3a          ABX                       cc=c1 a=cc b=00 dp=00 x=34d5 y=0000 u=a380 s=1ff0  dt=24
1685| e6c0        LDB   ,U+                 cc=c9 a=cc b=81 dp=00 x=34d5 y=0000 u=a381 s=1ff0  dt=48
1687| 2be8        BMI   $1671               cc=c9 a=cc b=81 dp=00 x=34d5 y=0000 u=a381 s=1ff0  dt=24
1671| c47f        ANDB  #$7f                cc=c1 a=cc b=01 dp=00 x=34d5 y=0000 u=a381 s=1ff0  dt=16
1673| a6c0        LDA   ,U+                 cc=c1 a=0f b=01 dp=00 x=34d5 y=0000 u=a382 s=1ff0  dt=48
1675| a484        ANDA  ,X                  cc=c5 a=00 b=01 dp=00 x=34d5 y=0000 u=a382 s=1ff0  dt=32
1677| aac0        ORA   ,U+                 cc=c9 a=c0 b=01 dp=00 x=34d5 y=0000 u=a383 s=1ff0  dt=48
1679| a780        STA   ,X+                 cc=c9 a=c0 b=01 dp=00 x=34d6 y=0000 u=a383 s=1ff0  dt=48
167b| 5a          DECB                      cc=c5 a=c0 b=00 dp=00 x=34d6 y=0000 u=a383 s=1ff0  dt=16
167c| 26f5        BNE   $1673               cc=c5 a=c0 b=00 dp=00 x=34d6 y=0000 u=a383 s=1ff0  dt=24
167e| e6c0        LDB   ,U+                 cc=c9 a=c0 b=99 dp=00 x=34d6 y=0000 u=a384 s=1ff0  dt=48
1680| c1ff        CMPB  #$ff                cc=c9 a=c0 b=99 dp=00 x=34d6 y=0000 u=a384 s=1ff0  dt=16
1682| 274a        BEQ   $16ce               cc=c9 a=c0 b=99 dp=00 x=34d6 y=0000 u=a384 s=1ff0  dt=24
1684| 3a          ABX                       cc=c9 a=c0 b=99 dp=00 x=356f y=0000 u=a384 s=1ff0  dt=24
1685| e6c0        LDB   ,U+                 cc=c9 a=c0 b=81 dp=00 x=356f y=0000 u=a385 s=1ff0  dt=48
1687| 2be8        BMI   $1671               cc=c9 a=c0 b=81 dp=00 x=356f y=0000 u=a385 s=1ff0  dt=24
1671| c47f        ANDB  #$7f                cc=c1 a=c0 b=01 dp=00 x=356f y=0000 u=a385 s=1ff0  dt=16
1673| a6c0        LDA   ,U+                 cc=c9 a=f0 b=01 dp=00 x=356f y=0000 u=a386 s=1ff0  dt=48
1675| a484        ANDA  ,X                  cc=c1 a=30 b=01 dp=00 x=356f y=0000 u=a386 s=1ff0  dt=32
1677| aac0        ORA   ,U+                 cc=c1 a=3c b=01 dp=00 x=356f y=0000 u=a387 s=1ff0  dt=48
1679| a780        STA   ,X+                 cc=c1 a=3c b=01 dp=00 x=3570 y=0000 u=a387 s=1ff0  dt=48
167b| 5a          DECB                      cc=c5 a=3c b=00 dp=00 x=3570 y=0000 u=a387 s=1ff0  dt=16
167c| 26f5        BNE   $1673               cc=c5 a=3c b=00 dp=00 x=3570 y=0000 u=a387 s=1ff0  dt=24
167e| e6c0        LDB   ,U+                 cc=c5 a=3c b=00 dp=00 x=3570 y=0000 u=a388 s=1ff0  dt=48
1680| c1ff        CMPB  #$ff                cc=c1 a=3c b=00 dp=00 x=3570 y=0000 u=a388 s=1ff0  dt=16
1682| 274a        BEQ   $16ce               cc=c1 a=3c b=00 dp=00 x=3570 y=0000 u=a388 s=1ff0  dt=24
1684| 3a          ABX                       cc=c1 a=3c b=00 dp=00 x=3570 y=0000 u=a388 s=1ff0  dt=24
1685| e6c0        LDB   ,U+                 cc=c1 a=3c b=05 dp=00 x=3570 y=0000 u=a389 s=1ff0  dt=48
1687| 2be8        BMI   $1671               cc=c1 a=3c b=05 dp=00 x=3570 y=0000 u=a389 s=1ff0  dt=24
1689| c105        CMPB  #$05                cc=c4 a=3c b=05 dp=00 x=3570 y=0000 u=a389 s=1ff0  dt=16
168b| 271b        BEQ   $16a8               cc=c4 a=3c b=05 dp=00 x=3570 y=0000 u=a389 s=1ff0  dt=24
16a8| ecc1        LDD   ,U++                cc=c8 a=cc b=c2 dp=00 x=3570 y=0000 u=a38b s=1ff0  dt=64
16aa| ed81        STD   ,X++                cc=c8 a=cc b=c2 dp=00 x=3572 y=0000 u=a38b s=1ff0  dt=64
16ac| ecc1        LDD   ,U++                cc=c8 a=cc b=2c dp=00 x=3572 y=0000 u=a38d s=1ff0  dt=64
16ae| ed81        STD   ,X++                cc=c8 a=cc b=2c dp=00 x=3574 y=0000 u=a38d s=1ff0  dt=64
16b0| a6c0        LDA   ,U+                 cc=c8 a=cc b=2c dp=00 x=3574 y=0000 u=a38e s=1ff0  dt=48
16b2| a780        STA   ,X+                 cc=c8 a=cc b=2c dp=00 x=3575 y=0000 u=a38e s=1ff0  dt=48
16b4| 20c8        BRA   $167e               cc=c8 a=cc b=2c dp=00 x=3575 y=0000 u=a38e s=1ff0  dt=24
167e| e6c0        LDB   ,U+                 cc=c4 a=cc b=00 dp=00 x=3575 y=0000 u=a38f s=1ff0  dt=48
1680| c1ff        CMPB  #$ff                cc=c1 a=cc b=00 dp=00 x=3575 y=0000 u=a38f s=1ff0  dt=16
1682| 274a        BEQ   $16ce               cc=c1 a=cc b=00 dp=00 x=3575 y=0000 u=a38f s=1ff0  dt=24
1684| 3a          ABX                       cc=c1 a=cc b=00 dp=00 x=3575 y=0000 u=a38f s=1ff0  dt=24
1685| e6c0        LDB   ,U+                 cc=c9 a=cc b=81 dp=00 x=3575 y=0000 u=a390 s=1ff0  dt=48
1687| 2be8        BMI   $1671               cc=c9 a=cc b=81 dp=00 x=3575 y=0000 u=a390 s=1ff0  dt=24
1671| c47f        ANDB  #$7f                cc=c1 a=cc b=01 dp=00 x=3575 y=0000 u=a390 s=1ff0  dt=16
1673| a6c0        LDA   ,U+                 cc=c1 a=0f b=01 dp=00 x=3575 y=0000 u=a391 s=1ff0  dt=48
1675| a484        ANDA  ,X                  cc=c5 a=00 b=01 dp=00 x=3575 y=0000 u=a391 s=1ff0  dt=32
1677| aac0        ORA   ,U+                 cc=c9 a=c0 b=01 dp=00 x=3575 y=0000 u=a392 s=1ff0  dt=48
1679| a780        STA   ,X+                 cc=c9 a=c0 b=01 dp=00 x=3576 y=0000 u=a392 s=1ff0  dt=48
167b| 5a          DECB                      cc=c5 a=c0 b=00 dp=00 x=3576 y=0000 u=a392 s=1ff0  dt=16
167c| 26f5        BNE   $1673               cc=c5 a=c0 b=00 dp=00 x=3576 y=0000 u=a392 s=1ff0  dt=24
167e| e6c0        LDB   ,U+                 cc=c9 a=c0 b=99 dp=00 x=3576 y=0000 u=a393 s=1ff0  dt=48
1680| c1ff        CMPB  #$ff                cc=c9 a=c0 b=99 dp=00 x=3576 y=0000 u=a393 s=1ff0  dt=16
1682| 274a        BEQ   $16ce               cc=c9 a=c0 b=99 dp=00 x=3576 y=0000 u=a393 s=1ff0  dt=24
1684| 3a          ABX                       cc=c9 a=c0 b=99 dp=00 x=360f y=0000 u=a393 s=1ff0  dt=24
1685| e6c0        LDB   ,U+                 cc=c9 a=c0 b=81 dp=00 x=360f y=0000 u=a394 s=1ff0  dt=48
1687| 2be8        BMI   $1671               cc=c9 a=c0 b=81 dp=00 x=360f y=0000 u=a394 s=1ff0  dt=24
1671| c47f        ANDB  #$7f                cc=c1 a=c0 b=01 dp=00 x=360f y=0000 u=a394 s=1ff0  dt=16
1673| a6c0        LDA   ,U+                 cc=c9 a=f0 b=01 dp=00 x=360f y=0000 u=a395 s=1ff0  dt=48
1675| a484        ANDA  ,X                  cc=c1 a=30 b=01 dp=00 x=360f y=0000 u=a395 s=1ff0  dt=32
1677| aac0        ORA   ,U+                 cc=c1 a=3c b=01 dp=00 x=360f y=0000 u=a396 s=1ff0  dt=48
1679| a780        STA   ,X+                 cc=c1 a=3c b=01 dp=00 x=3610 y=0000 u=a396 s=1ff0  dt=48
167b| 5a          DECB                      cc=c5 a=3c b=00 dp=00 x=3610 y=0000 u=a396 s=1ff0  dt=16
167c| 26f5        BNE   $1673               cc=c5 a=3c b=00 dp=00 x=3610 y=0000 u=a396 s=1ff0  dt=24
167e| e6c0        LDB   ,U+                 cc=c5 a=3c b=00 dp=00 x=3610 y=0000 u=a397 s=1ff0  dt=48
1680| c1ff        CMPB  #$ff                cc=c1 a=3c b=00 dp=00 x=3610 y=0000 u=a397 s=1ff0  dt=16
1682| 274a        BEQ   $16ce               cc=c1 a=3c b=00 dp=00 x=3610 y=0000 u=a397 s=1ff0  dt=24
1684| 3a          ABX                       cc=c1 a=3c b=00 dp=00 x=3610 y=0000 u=a397 s=1ff0  dt=24
1685| e6c0        LDB   ,U+                 cc=c1 a=3c b=05 dp=00 x=3610 y=0000 u=a398 s=1ff0  dt=48
1687| 2be8        BMI   $1671               cc=c1 a=3c b=05 dp=00 x=3610 y=0000 u=a398 s=1ff0  dt=24
1689| c105        CMPB  #$05                cc=c4 a=3c b=05 dp=00 x=3610 y=0000 u=a398 s=1ff0  dt=16
168b| 271b        BEQ   $16a8               cc=c4 a=3c b=05 dp=00 x=3610 y=0000 u=a398 s=1ff0  dt=24
16a8| ecc1        LDD   ,U++                cc=c8 a=cc b=cc dp=00 x=3610 y=0000 u=a39a s=1ff0  dt=64
16aa| ed81        STD   ,X++                cc=c8 a=cc b=cc dp=00 x=3612 y=0000 u=a39a s=1ff0  dt=64
16ac| ecc1        LDD   ,U++                cc=c8 a=cc b=cc dp=00 x=3612 y=0000 u=a39c s=1ff0  dt=64
16ae| ed81        STD   ,X++                cc=c8 a=cc b=cc dp=00 x=3614 y=0000 u=a39c s=1ff0  dt=64
16b0| a6c0        LDA   ,U+                 cc=c8 a=cc b=cc dp=00 x=3614 y=0000 u=a39d s=1ff0  dt=48
16b2| a780        STA   ,X+                 cc=c8 a=cc b=cc dp=00 x=3615 y=0000 u=a39d s=1ff0  dt=48
16b4| 20c8        BRA   $167e               cc=c8 a=cc b=cc dp=00 x=3615 y=0000 u=a39d s=1ff0  dt=24
167e| e6c0        LDB   ,U+                 cc=c4 a=cc b=00 dp=00 x=3615 y=0000 u=a39e s=1ff0  dt=48
1680| c1ff        CMPB  #$ff                cc=c1 a=cc b=00 dp=00 x=3615 y=0000 u=a39e s=1ff0  dt=16
1682| 274a        BEQ   $16ce               cc=c1 a=cc b=00 dp=00 x=3615 y=0000 u=a39e s=1ff0  dt=24
1684| 3a          ABX                       cc=c1 a=cc b=00 dp=00 x=3615 y=0000 u=a39e s=1ff0  dt=24
1685| e6c0        LDB   ,U+                 cc=c9 a=cc b=81 dp=00 x=3615 y=0000 u=a39f s=1ff0  dt=48
1687| 2be8        BMI   $1671               cc=c9 a=cc b=81 dp=00 x=3615 y=0000 u=a39f s=1ff0  dt=24
1671| c47f        ANDB  #$7f                cc=c1 a=cc b=01 dp=00 x=3615 y=0000 u=a39f s=1ff0  dt=16
1673| a6c0        LDA   ,U+                 cc=c1 a=0f b=01 dp=00 x=3615 y=0000 u=a3a0 s=1ff0  dt=48
1675| a484        ANDA  ,X                  cc=c5 a=00 b=01 dp=00 x=3615 y=0000 u=a3a0 s=1ff0  dt=32
1677| aac0        ORA   ,U+                 cc=c9 a=c0 b=01 dp=00 x=3615 y=0000 u=a3a1 s=1ff0  dt=48
1679| a780        STA   ,X+                 cc=c9 a=c0 b=01 dp=00 x=3616 y=0000 u=a3a1 s=1ff0  dt=48
167b| 5a          DECB                      cc=c5 a=c0 b=00 dp=00 x=3616 y=0000 u=a3a1 s=1ff0  dt=16
167c| 26f5        BNE   $1673               cc=c5 a=c0 b=00 dp=00 x=3616 y=0000 u=a3a1 s=1ff0  dt=24
167e| e6c0        LDB   ,U+                 cc=c9 a=c0 b=99 dp=00 x=3616 y=0000 u=a3a2 s=1ff0  dt=48
1680| c1ff        CMPB  #$ff                cc=c9 a=c0 b=99 dp=00 x=3616 y=0000 u=a3a2 s=1ff0  dt=16
1682| 274a        BEQ   $16ce               cc=c9 a=c0 b=99 dp=00 x=3616 y=0000 u=a3a2 s=1ff0  dt=24
1684| 3a          ABX                       cc=c9 a=c0 b=99 dp=00 x=36af y=0000 u=a3a2 s=1ff0  dt=24
1685| e6c0        LDB   ,U+                 cc=c9 a=c0 b=81 dp=00 x=36af y=0000 u=a3a3 s=1ff0  dt=48
1687| 2be8        BMI   $1671               cc=c9 a=c0 b=81 dp=00 x=36af y=0000 u=a3a3 s=1ff0  dt=24
1671| c47f        ANDB  #$7f                cc=c1 a=c0 b=01 dp=00 x=36af y=0000 u=a3a3 s=1ff0  dt=16
1673| a6c0        LDA   ,U+                 cc=c9 a=f0 b=01 dp=00 x=36af y=0000 u=a3a4 s=1ff0  dt=48
1675| a484        ANDA  ,X                  cc=c5 a=00 b=01 dp=00 x=36af y=0000 u=a3a4 s=1ff0  dt=32
1677| aac0        ORA   ,U+                 cc=c1 a=05 b=01 dp=00 x=36af y=0000 u=a3a5 s=1ff0  dt=48
1679| a780        STA   ,X+                 cc=c1 a=05 b=01 dp=00 x=36b0 y=0000 u=a3a5 s=1ff0  dt=48
167b| 5a          DECB                      cc=c5 a=05 b=00 dp=00 x=36b0 y=0000 u=a3a5 s=1ff0  dt=16
167c| 26f5        BNE   $1673               cc=c5 a=05 b=00 dp=00 x=36b0 y=0000 u=a3a5 s=1ff0  dt=24
167e| e6c0        LDB   ,U+                 cc=c5 a=05 b=00 dp=00 x=36b0 y=0000 u=a3a6 s=1ff0  dt=48
1680| c1ff        CMPB  #$ff                cc=c1 a=05 b=00 dp=00 x=36b0 y=0000 u=a3a6 s=1ff0  dt=16
1682| 274a        BEQ   $16ce               cc=c1 a=05 b=00 dp=00 x=36b0 y=0000 u=a3a6 s=1ff0  dt=24
1684| 3a          ABX                       cc=c1 a=05 b=00 dp=00 x=36b0 y=0000 u=a3a6 s=1ff0  dt=24
1685| e6c0        LDB   ,U+                 cc=c1 a=05 b=05 dp=00 x=36b0 y=0000 u=a3a7 s=1ff0  dt=48
1687| 2be8        BMI   $1671               cc=c1 a=05 b=05 dp=00 x=36b0 y=0000 u=a3a7 s=1ff0  dt=24
1689| c105        CMPB  #$05                cc=c4 a=05 b=05 dp=00 x=36b0 y=0000 u=a3a7 s=1ff0  dt=16
168b| 271b        BEQ   $16a8               cc=c4 a=05 b=05 dp=00 x=36b0 y=0000 u=a3a7 s=1ff0  dt=24
16a8| ecc1        LDD   ,U++                cc=c8 a=cc b=c2 dp=00 x=36b0 y=0000 u=a3a9 s=1ff0  dt=64
16aa| ed81        STD   ,X++                cc=c8 a=cc b=c2 dp=00 x=36b2 y=0000 u=a3a9 s=1ff0  dt=64
16ac| ecc1        LDD   ,U++                cc=c8 a=cc b=2c dp=00 x=36b2 y=0000 u=a3ab s=1ff0  dt=64
16ae| ed81        STD   ,X++                cc=c8 a=cc b=2c dp=00 x=36b4 y=0000 u=a3ab s=1ff0  dt=64
16b0| a6c0        LDA   ,U+                 cc=c8 a=cc b=2c dp=00 x=36b4 y=0000 u=a3ac s=1ff0  dt=48
16b2| a780        STA   ,X+                 cc=c8 a=cc b=2c dp=00 x=36b5 y=0000 u=a3ac s=1ff0  dt=48
16b4| 20c8        BRA   $167e               cc=c8 a=cc b=2c dp=00 x=36b5 y=0000 u=a3ac s=1ff0  dt=24
167e| e6c0        LDB   ,U+                 cc=c4 a=cc b=00 dp=00 x=36b5 y=0000 u=a3ad s=1ff0  dt=48
1680| c1ff        CMPB  #$ff                cc=c1 a=cc b=00 dp=00 x=36b5 y=0000 u=a3ad s=1ff0  dt=16
1682| 274a        BEQ   $16ce               cc=c1 a=cc b=00 dp=00 x=36b5 y=0000 u=a3ad s=1ff0  dt=24
1684| 3a          ABX                       cc=c1 a=cc b=00 dp=00 x=36b5 y=0000 u=a3ad s=1ff0  dt=24
1685| e6c0        LDB   ,U+                 cc=c9 a=cc b=81 dp=00 x=36b5 y=0000 u=a3ae s=1ff0  dt=48
1687| 2be8        BMI   $1671               cc=c9 a=cc b=81 dp=00 x=36b5 y=0000 u=a3ae s=1ff0  dt=24
1671| c47f        ANDB  #$7f                cc=c1 a=cc b=01 dp=00 x=36b5 y=0000 u=a3ae s=1ff0  dt=16
1673| a6c0        LDA   ,U+                 cc=c1 a=0f b=01 dp=00 x=36b5 y=0000 u=a3af s=1ff0  dt=48
1675| a484        ANDA  ,X                  cc=c5 a=00 b=01 dp=00 x=36b5 y=0000 u=a3af s=1ff0  dt=32
1677| aac0        ORA   ,U+                 cc=c1 a=50 b=01 dp=00 x=36b5 y=0000 u=a3b0 s=1ff0  dt=48
1679| a780        STA   ,X+                 cc=c1 a=50 b=01 dp=00 x=36b6 y=0000 u=a3b0 s=1ff0  dt=48
167b| 5a          DECB                      cc=c5 a=50 b=00 dp=00 x=36b6 y=0000 u=a3b0 s=1ff0  dt=16
167c| 26f5        BNE   $1673               cc=c5 a=50 b=00 dp=00 x=36b6 y=0000 u=a3b0 s=1ff0  dt=24
167e| e6c0        LDB   ,U+                 cc=c9 a=50 b=99 dp=00 x=36b6 y=0000 u=a3b1 s=1ff0  dt=48
1680| c1ff        CMPB  #$ff                cc=c9 a=50 b=99 dp=00 x=36b6 y=0000 u=a3b1 s=1ff0  dt=16
1682| 274a        BEQ   $16ce               cc=c9 a=50 b=99 dp=00 x=36b6 y=0000 u=a3b1 s=1ff0  dt=24
1684| 3a          ABX                       cc=c9 a=50 b=99 dp=00 x=374f y=0000 u=a3b1 s=1ff0  dt=24
1685| e6c0        LDB   ,U+                 cc=c9 a=50 b=81 dp=00 x=374f y=0000 u=a3b2 s=1ff0  dt=48
1687| 2be8        BMI   $1671               cc=c9 a=50 b=81 dp=00 x=374f y=0000 u=a3b2 s=1ff0  dt=24
1671| c47f        ANDB  #$7f                cc=c1 a=50 b=01 dp=00 x=374f y=0000 u=a3b2 s=1ff0  dt=16
1673| a6c0        LDA   ,U+                 cc=c9 a=f0 b=01 dp=00 x=374f y=0000 u=a3b3 s=1ff0  dt=48
1675| a484        ANDA  ,X                  cc=c5 a=00 b=01 dp=00 x=374f y=0000 u=a3b3 s=1ff0  dt=32
1677| aac0        ORA   ,U+                 cc=c1 a=05 b=01 dp=00 x=374f y=0000 u=a3b4 s=1ff0  dt=48
1679| a780        STA   ,X+                 cc=c1 a=05 b=01 dp=00 x=3750 y=0000 u=a3b4 s=1ff0  dt=48
167b| 5a          DECB                      cc=c5 a=05 b=00 dp=00 x=3750 y=0000 u=a3b4 s=1ff0  dt=16
167c| 26f5        BNE   $1673               cc=c5 a=05 b=00 dp=00 x=3750 y=0000 u=a3b4 s=1ff0  dt=24
167e| e6c0        LDB   ,U+                 cc=c5 a=05 b=00 dp=00 x=3750 y=0000 u=a3b5 s=1ff0  dt=48
1680| c1ff        CMPB  #$ff                cc=c1 a=05 b=00 dp=00 x=3750 y=0000 u=a3b5 s=1ff0  dt=16
1682| 274a        BEQ   $16ce               cc=c1 a=05 b=00 dp=00 x=3750 y=0000 u=a3b5 s=1ff0  dt=24
1684| 3a          ABX                       cc=c1 a=05 b=00 dp=00 x=3750 y=0000 u=a3b5 s=1ff0  dt=24
1685| e6c0        LDB   ,U+                 cc=c1 a=05 b=05 dp=00 x=3750 y=0000 u=a3b6 s=1ff0  dt=48
1687| 2be8        BMI   $1671               cc=c1 a=05 b=05 dp=00 x=3750 y=0000 u=a3b6 s=1ff0  dt=24
1689| c105        CMPB  #$05                cc=c4 a=05 b=05 dp=00 x=3750 y=0000 u=a3b6 s=1ff0  dt=16
168b| 271b        BEQ   $16a8               cc=c4 a=05 b=05 dp=00 x=3750 y=0000 u=a3b6 s=1ff0  dt=24
16a8| ecc1        LDD   ,U++                cc=c8 a=cc b=cc dp=00 x=3750 y=0000 u=a3b8 s=1ff0  dt=64
16aa| ed81        STD   ,X++                cc=c8 a=cc b=cc dp=00 x=3752 y=0000 u=a3b8 s=1ff0  dt=64
16ac| ecc1        LDD   ,U++                cc=c8 a=cc b=cc dp=00 x=3752 y=0000 u=a3ba s=1ff0  dt=64
16ae| ed81        STD   ,X++                cc=c8 a=cc b=cc dp=00 x=3754 y=0000 u=a3ba s=1ff0  dt=64
16b0| a6c0        LDA   ,U+                 cc=c8 a=cc b=cc dp=00 x=3754 y=0000 u=a3bb s=1ff0  dt=48
16b2| a780        STA   ,X+                 cc=c8 a=cc b=cc dp=00 x=3755 y=0000 u=a3bb s=1ff0  dt=48
16b4| 20c8        BRA   $167e               cc=c8 a=cc b=cc dp=00 x=3755 y=0000 u=a3bb s=1ff0  dt=24
167e| e6c0        LDB   ,U+                 cc=c4 a=cc b=00 dp=00 x=3755 y=0000 u=a3bc s=1ff0  dt=48
1680| c1ff        CMPB  #$ff                cc=c1 a=cc b=00 dp=00 x=3755 y=0000 u=a3bc s=1ff0  dt=16
1682| 274a        BEQ   $16ce               cc=c1 a=cc b=00 dp=00 x=3755 y=0000 u=a3bc s=1ff0  dt=24
1684| 3a          ABX                       cc=c1 a=cc b=00 dp=00 x=3755 y=0000 u=a3bc s=1ff0  dt=24
1685| e6c0        LDB   ,U+                 cc=c9 a=cc b=81 dp=00 x=3755 y=0000 u=a3bd s=1ff0  dt=48
1687| 2be8        BMI   $1671               cc=c9 a=cc b=81 dp=00 x=3755 y=0000 u=a3bd s=1ff0  dt=24
1671| c47f        ANDB  #$7f                cc=c1 a=cc b=01 dp=00 x=3755 y=0000 u=a3bd s=1ff0  dt=16
1673| a6c0        LDA   ,U+                 cc=c1 a=0f b=01 dp=00 x=3755 y=0000 u=a3be s=1ff0  dt=48
1675| a484        ANDA  ,X                  cc=c5 a=00 b=01 dp=00 x=3755 y=0000 u=a3be s=1ff0  dt=32
1677| aac0        ORA   ,U+                 cc=c1 a=50 b=01 dp=00 x=3755 y=0000 u=a3bf s=1ff0  dt=48
1679| a780        STA   ,X+                 cc=c1 a=50 b=01 dp=00 x=3756 y=0000 u=a3bf s=1ff0  dt=48
167b| 5a          DECB                      cc=c5 a=50 b=00 dp=00 x=3756 y=0000 u=a3bf s=1ff0  dt=16
167c| 26f5        BNE   $1673               cc=c5 a=50 b=00 dp=00 x=3756 y=0000 u=a3bf s=1ff0  dt=24
167e| e6c0        LDB   ,U+                 cc=c9 a=50 b=9a dp=00 x=3756 y=0000 u=a3c0 s=1ff0  dt=48
1680| c1ff        CMPB  #$ff                cc=c9 a=50 b=9a dp=00 x=3756 y=0000 u=a3c0 s=1ff0  dt=16
1682| 274a        BEQ   $16ce               cc=c9 a=50 b=9a dp=00 x=3756 y=0000 u=a3c0 s=1ff0  dt=24
1684| 3a          ABX                       cc=c9 a=50 b=9a dp=00 x=37f0 y=0000 u=a3c0 s=1ff0  dt=24
1685| e6c0        LDB   ,U+                 cc=c9 a=50 b=81 dp=00 x=37f0 y=0000 u=a3c1 s=1ff0  dt=48
1687| 2be8        BMI   $1671               cc=c9 a=50 b=81 dp=00 x=37f0 y=0000 u=a3c1 s=1ff0  dt=24
1671| c47f        ANDB  #$7f                cc=c1 a=50 b=01 dp=00 x=37f0 y=0000 u=a3c1 s=1ff0  dt=16
1673| a6c0        LDA   ,U+                 cc=c9 a=f0 b=01 dp=00 x=37f0 y=0000 u=a3c2 s=1ff0  dt=48
1675| a484        ANDA  ,X                  cc=c5 a=00 b=01 dp=00 x=37f0 y=0000 u=a3c2 s=1ff0  dt=32
1677| aac0        ORA   ,U+                 cc=c1 a=0c b=01 dp=00 x=37f0 y=0000 u=a3c3 s=1ff0  dt=48
1679| a780        STA   ,X+                 cc=c1 a=0c b=01 dp=00 x=37f1 y=0000 u=a3c3 s=1ff0  dt=48
167b| 5a          DECB                      cc=c5 a=0c b=00 dp=00 x=37f1 y=0000 u=a3c3 s=1ff0  dt=16
167c| 26f5        BNE   $1673               cc=c5 a=0c b=00 dp=00 x=37f1 y=0000 u=a3c3 s=1ff0  dt=24
167e| e6c0        LDB   ,U+                 cc=c5 a=0c b=00 dp=00 x=37f1 y=0000 u=a3c4 s=1ff0  dt=48
1680| c1ff        CMPB  #$ff                cc=c1 a=0c b=00 dp=00 x=37f1 y=0000 u=a3c4 s=1ff0  dt=16
1682| 274a        BEQ   $16ce               cc=c1 a=0c b=00 dp=00 x=37f1 y=0000 u=a3c4 s=1ff0  dt=24
1684| 3a          ABX                       cc=c1 a=0c b=00 dp=00 x=37f1 y=0000 u=a3c4 s=1ff0  dt=24
1685| e6c0        LDB   ,U+                 cc=c1 a=0c b=03 dp=00 x=37f1 y=0000 u=a3c5 s=1ff0  dt=48
1687| 2be8        BMI   $1671               cc=c1 a=0c b=03 dp=00 x=37f1 y=0000 u=a3c5 s=1ff0  dt=24
1689| c105        CMPB  #$05                cc=c9 a=0c b=03 dp=00 x=37f1 y=0000 u=a3c5 s=1ff0  dt=16
168b| 271b        BEQ   $16a8               cc=c9 a=0c b=03 dp=00 x=37f1 y=0000 u=a3c5 s=1ff0  dt=24
168d| c104        CMPB  #$04                cc=c9 a=0c b=03 dp=00 x=37f1 y=0000 u=a3c5 s=1ff0  dt=16
168f| 250f        BCS   $16a0               cc=c9 a=0c b=03 dp=00 x=37f1 y=0000 u=a3c5 s=1ff0  dt=24
16a0| c102        CMPB  #$02                cc=c0 a=0c b=03 dp=00 x=37f1 y=0000 u=a3c5 s=1ff0  dt=16
16a2| 2724        BEQ   $16c8               cc=c0 a=0c b=03 dp=00 x=37f1 y=0000 u=a3c5 s=1ff0  dt=24
16a4| 250a        BCS   $16b0               cc=c0 a=0c b=03 dp=00 x=37f1 y=0000 u=a3c5 s=1ff0  dt=24
16a6| 2004        BRA   $16ac               cc=c0 a=0c b=03 dp=00 x=37f1 y=0000 u=a3c5 s=1ff0  dt=24
16ac| ecc1        LDD   ,U++                cc=c8 a=c2 b=cc dp=00 x=37f1 y=0000 u=a3c7 s=1ff0  dt=64
16ae| ed81        STD   ,X++                cc=c8 a=c2 b=cc dp=00 x=37f3 y=0000 u=a3c7 s=1ff0  dt=64
16b0| a6c0        LDA   ,U+                 cc=c0 a=2c b=cc dp=00 x=37f3 y=0000 u=a3c8 s=1ff0  dt=48
16b2| a780        STA   ,X+                 cc=c0 a=2c b=cc dp=00 x=37f4 y=0000 u=a3c8 s=1ff0  dt=48
16b4| 20c8        BRA   $167e               cc=c0 a=2c b=cc dp=00 x=37f4 y=0000 u=a3c8 s=1ff0  dt=24
167e| e6c0        LDB   ,U+                 cc=c4 a=2c b=00 dp=00 x=37f4 y=0000 u=a3c9 s=1ff0  dt=48
1680| c1ff        CMPB  #$ff                cc=c1 a=2c b=00 dp=00 x=37f4 y=0000 u=a3c9 s=1ff0  dt=16
1682| 274a        BEQ   $16ce               cc=c1 a=2c b=00 dp=00 x=37f4 y=0000 u=a3c9 s=1ff0  dt=24
1684| 3a          ABX                       cc=c1 a=2c b=00 dp=00 x=37f4 y=0000 u=a3c9 s=1ff0  dt=24
1685| e6c0        LDB   ,U+                 cc=c9 a=2c b=81 dp=00 x=37f4 y=0000 u=a3ca s=1ff0  dt=48
1687| 2be8        BMI   $1671               cc=c9 a=2c b=81 dp=00 x=37f4 y=0000 u=a3ca s=1ff0  dt=24
1671| c47f        ANDB  #$7f                cc=c1 a=2c b=01 dp=00 x=37f4 y=0000 u=a3ca s=1ff0  dt=16
1673| a6c0        LDA   ,U+                 cc=c1 a=0f b=01 dp=00 x=37f4 y=0000 u=a3cb s=1ff0  dt=48
1675| a484        ANDA  ,X                  cc=c5 a=00 b=01 dp=00 x=37f4 y=0000 u=a3cb s=1ff0  dt=32
1677| aac0        ORA   ,U+                 cc=c9 a=c0 b=01 dp=00 x=37f4 y=0000 u=a3cc s=1ff0  dt=48
1679| a780        STA   ,X+                 cc=c9 a=c0 b=01 dp=00 x=37f5 y=0000 u=a3cc s=1ff0  dt=48
167b| 5a          DECB                      cc=c5 a=c0 b=00 dp=00 x=37f5 y=0000 u=a3cc s=1ff0  dt=16
167c| 26f5        BNE   $1673               cc=c5 a=c0 b=00 dp=00 x=37f5 y=0000 u=a3cc s=1ff0  dt=24
167e| e6c0        LDB   ,U+                 cc=c9 a=c0 b=9c dp=00 x=37f5 y=0000 u=a3cd s=1ff0  dt=48
1680| c1ff        CMPB  #$ff                cc=c9 a=c0 b=9c dp=00 x=37f5 y=0000 u=a3cd s=1ff0  dt=16
1682| 274a        BEQ   $16ce               cc=c9 a=c0 b=9c dp=00 x=37f5 y=0000 u=a3cd s=1ff0  dt=24
1684| 3a          ABX                       cc=c9 a=c0 b=9c dp=00 x=3891 y=0000 u=a3cd s=1ff0  dt=24
1685| e6c0        LDB   ,U+                 cc=c9 a=c0 b=81 dp=00 x=3891 y=0000 u=a3ce s=1ff0  dt=48
1687| 2be8        BMI   $1671               cc=c9 a=c0 b=81 dp=00 x=3891 y=0000 u=a3ce s=1ff0  dt=24
1671| c47f        ANDB  #$7f                cc=c1 a=c0 b=01 dp=00 x=3891 y=0000 u=a3ce s=1ff0  dt=16
1673| a6c0        LDA   ,U+                 cc=c9 a=f0 b=01 dp=00 x=3891 y=0000 u=a3cf s=1ff0  dt=48
1675| a484        ANDA  ,X                  cc=c5 a=00 b=01 dp=00 x=3891 y=0000 u=a3cf s=1ff0  dt=32
1677| aac0        ORA   ,U+                 cc=c1 a=0c b=01 dp=00 x=3891 y=0000 u=a3d0 s=1ff0  dt=48
1679| a780        STA   ,X+                 cc=c1 a=0c b=01 dp=00 x=3892 y=0000 u=a3d0 s=1ff0  dt=48
167b| 5a          DECB                      cc=c5 a=0c b=00 dp=00 x=3892 y=0000 u=a3d0 s=1ff0  dt=16
167c| 26f5        BNE   $1673               cc=c5 a=0c b=00 dp=00 x=3892 y=0000 u=a3d0 s=1ff0  dt=24
167e| e6c0        LDB   ,U+                 cc=c5 a=0c b=00 dp=00 x=3892 y=0000 u=a3d1 s=1ff0  dt=48
1680| c1ff        CMPB  #$ff                cc=c1 a=0c b=00 dp=00 x=3892 y=0000 u=a3d1 s=1ff0  dt=16
1682| 274a        BEQ   $16ce               cc=c1 a=0c b=00 dp=00 x=3892 y=0000 u=a3d1 s=1ff0  dt=24
1684| 3a          ABX                       cc=c1 a=0c b=00 dp=00 x=3892 y=0000 u=a3d1 s=1ff0  dt=24
1685| e6c0        LDB   ,U+                 cc=c1 a=0c b=01 dp=00 x=3892 y=0000 u=a3d2 s=1ff0  dt=48
1687| 2be8        BMI   $1671               cc=c1 a=0c b=01 dp=00 x=3892 y=0000 u=a3d2 s=1ff0  dt=24
1689| c105        CMPB  #$05                cc=c9 a=0c b=01 dp=00 x=3892 y=0000 u=a3d2 s=1ff0  dt=16
168b| 271b        BEQ   $16a8               cc=c9 a=0c b=01 dp=00 x=3892 y=0000 u=a3d2 s=1ff0  dt=24
168d| c104        CMPB  #$04                cc=c9 a=0c b=01 dp=00 x=3892 y=0000 u=a3d2 s=1ff0  dt=16
168f| 250f        BCS   $16a0               cc=c9 a=0c b=01 dp=00 x=3892 y=0000 u=a3d2 s=1ff0  dt=24
16a0| c102        CMPB  #$02                cc=c9 a=0c b=01 dp=00 x=3892 y=0000 u=a3d2 s=1ff0  dt=16
16a2| 2724        BEQ   $16c8               cc=c9 a=0c b=01 dp=00 x=3892 y=0000 u=a3d2 s=1ff0  dt=24
16a4| 250a        BCS   $16b0               cc=c9 a=0c b=01 dp=00 x=3892 y=0000 u=a3d2 s=1ff0  dt=24
16b0| a6c0        LDA   ,U+                 cc=c9 a=cc b=01 dp=00 x=3892 y=0000 u=a3d3 s=1ff0  dt=48
16b2| a780        STA   ,X+                 cc=c9 a=cc b=01 dp=00 x=3893 y=0000 u=a3d3 s=1ff0  dt=48
16b4| 20c8        BRA   $167e               cc=c9 a=cc b=01 dp=00 x=3893 y=0000 u=a3d3 s=1ff0  dt=24
167e| e6c0        LDB   ,U+                 cc=c5 a=cc b=00 dp=00 x=3893 y=0000 u=a3d4 s=1ff0  dt=48
1680| c1ff        CMPB  #$ff                cc=c1 a=cc b=00 dp=00 x=3893 y=0000 u=a3d4 s=1ff0  dt=16
1682| 274a        BEQ   $16ce               cc=c1 a=cc b=00 dp=00 x=3893 y=0000 u=a3d4 s=1ff0  dt=24
1684| 3a          ABX                       cc=c1 a=cc b=00 dp=00 x=3893 y=0000 u=a3d4 s=1ff0  dt=24
1685| e6c0        LDB   ,U+                 cc=c9 a=cc b=81 dp=00 x=3893 y=0000 u=a3d5 s=1ff0  dt=48
1687| 2be8        BMI   $1671               cc=c9 a=cc b=81 dp=00 x=3893 y=0000 u=a3d5 s=1ff0  dt=24
1671| c47f        ANDB  #$7f                cc=c1 a=cc b=01 dp=00 x=3893 y=0000 u=a3d5 s=1ff0  dt=16
1673| a6c0        LDA   ,U+                 cc=c1 a=0f b=01 dp=00 x=3893 y=0000 u=a3d6 s=1ff0  dt=48
1675| a484        ANDA  ,X                  cc=c5 a=00 b=01 dp=00 x=3893 y=0000 u=a3d6 s=1ff0  dt=32
1677| aac0        ORA   ,U+                 cc=c9 a=c0 b=01 dp=00 x=3893 y=0000 u=a3d7 s=1ff0  dt=48
1679| a780        STA   ,X+                 cc=c9 a=c0 b=01 dp=00 x=3894 y=0000 u=a3d7 s=1ff0  dt=48
167b| 5a          DECB                      cc=c5 a=c0 b=00 dp=00 x=3894 y=0000 u=a3d7 s=1ff0  dt=16
167c| 26f5        BNE   $1673               cc=c5 a=c0 b=00 dp=00 x=3894 y=0000 u=a3d7 s=1ff0  dt=24
167e| e6c0        LDB   ,U+                 cc=c9 a=c0 b=ff dp=00 x=3894 y=0000 u=a3d8 s=1ff0  dt=48
1680| c1ff        CMPB  #$ff                cc=c4 a=c0 b=ff dp=00 x=3894 y=0000 u=a3d8 s=1ff0  dt=16
1682| 274a        BEQ   $16ce               cc=c4 a=c0 b=ff dp=00 x=3894 y=0000 u=a3d8 s=1ff0  dt=24
16ce| ecc1        LDD   ,U++                cc=c4 a=00 b=00 dp=00 x=3894 y=0000 u=a3da s=1ff0  dt=64
16d0| 2706        BEQ   $16d8               cc=c4 a=00 b=00 dp=00 x=3894 y=0000 u=a3da s=1ff0  dt=24
16d8| 8634        LDA   #$34                cc=c0 a=34 b=00 dp=00 x=3894 y=0000 u=a3da s=1ff0  dt=16
16da| b7ffa5      STA   $ffa5               cc=c0 a=34 b=00 dp=00 x=3894 y=0000 u=a3da s=1ff0  dt=40
16dd| 39          RTS                       cc=c0 a=34 b=00 dp=00 x=3894 y=0000 u=a3da s=1ff2  dt=40
13e1| 39          RTS                       cc=c0 a=34 b=00 dp=00 x=3894 y=0000 u=a3da s=1ff4  dt=40
0c9b| 3510        PULS  X                   cc=c0 a=34 b=00 dp=00 x=a470 y=0000 u=a3da s=1ff6  dt=56
0c9d| 3008        LEAX  8,X                 cc=c0 a=34 b=00 dp=00 x=a478 y=0000 u=a3da s=1ff6  dt=40
0c9f| 0a5d        DEC   <$5d                cc=c0 a=34 b=00 dp=00 x=a478 y=0000 u=a3da s=1ff6  dt=48
0ca1| 26e7        BNE   $0c8a               cc=c0 a=34 b=00 dp=00 x=a478 y=0000 u=a3da s=1ff6  dt=24
0c8a| 6d84        TST   ,X                  cc=c0 a=34 b=00 dp=00 x=a478 y=0000 u=a3da s=1ff6  dt=48
0c8c| 270f        BEQ   $0c9d               cc=c0 a=34 b=00 dp=00 x=a478 y=0000 u=a3da s=1ff6  dt=24
0c8e| 6d06        TST   6,X                 cc=c0 a=34 b=00 dp=00 x=a478 y=0000 u=a3da s=1ff6  dt=56
0c90| 270b        BEQ   $0c9d               cc=c0 a=34 b=00 dp=00 x=a478 y=0000 u=a3da s=1ff6  dt=24
0c92| e607        LDB   7,X                 cc=c8 a=34 b=ff dp=00 x=a478 y=0000 u=a3da s=1ff6  dt=40
0c94| 3410        PSHS  X                   cc=c8 a=34 b=ff dp=00 x=a478 y=0000 u=a3da s=1ff4  dt=56
0c96| ae01        LDX   1,X                 cc=c0 a=34 b=ff dp=00 x=2fee y=0000 u=a3da s=1ff4  dt=48
0c98| 17073d      LBSR  $13d8               cc=c0 a=34 b=ff dp=00 x=2fee y=0000 u=a3da s=1ff2  dt=72
13d8| 17022d      LBSR  $1608               cc=c0 a=34 b=ff dp=00 x=2fee y=0000 u=a3da s=1ff0  dt=72
1608| c104        CMPB  #$04                cc=c8 a=34 b=ff dp=00 x=2fee y=0000 u=a3da s=1ff0  dt=16
160a| 2501        BCS   $160d               cc=c8 a=34 b=ff dp=00 x=2fee y=0000 u=a3da s=1ff0  dt=24
160c| 5f          CLRB                      cc=c4 a=34 b=00 dp=00 x=2fee y=0000 u=a3da s=1ff0  dt=16
160d| d766        STB   <$66                cc=c4 a=34 b=00 dp=00 x=2fee y=0000 u=a3da s=1ff0  dt=32
160f| 8604        LDA   #$04                cc=c0 a=04 b=00 dp=00 x=2fee y=0000 u=a3da s=1ff0  dt=16
1611| 905d        SUBA  <$5d                cc=c0 a=01 b=00 dp=00 x=2fee y=0000 u=a3da s=1ff0  dt=32
1613| 8104        CMPA  #$04                cc=c9 a=01 b=00 dp=00 x=2fee y=0000 u=a3da s=1ff0  dt=16
1615| 2302        BLS   $1619               cc=c9 a=01 b=00 dp=00 x=2fee y=0000 u=a3da s=1ff0  dt=24
1619| 9764        STA   <$64                cc=c1 a=01 b=00 dp=00 x=2fee y=0000 u=a3da s=1ff0  dt=32
161b| 9624        LDA   <$24                cc=c1 a=01 b=00 dp=00 x=2fee y=0000 u=a3da s=1ff0  dt=32
161d| 8109        CMPA  #$09                cc=c9 a=01 b=00 dp=00 x=2fee y=0000 u=a3da s=1ff0  dt=16
161f| 2517        BCS   $1638               cc=c9 a=01 b=00 dp=00 x=2fee y=0000 u=a3da s=1ff0  dt=24
1638| 4a          DECA                      cc=c5 a=00 b=00 dp=00 x=2fee y=0000 u=a3da s=1ff0  dt=16
1639| 48          LSLA                      cc=c4 a=00 b=00 dp=00 x=2fee y=0000 u=a3da s=1ff0  dt=16
163a| 48          LSLA                      cc=c4 a=00 b=00 dp=00 x=2fee y=0000 u=a3da s=1ff0  dt=16
163b| 9b66        ADDA  <$66                cc=c4 a=00 b=00 dp=00 x=2fee y=0000 u=a3da s=1ff0  dt=32
163d| 48          LSLA                      cc=c4 a=00 b=00 dp=00 x=2fee y=0000 u=a3da s=1ff0  dt=16
163e| 48          LSLA                      cc=c4 a=00 b=00 dp=00 x=2fee y=0000 u=a3da s=1ff0  dt=16
163f| 9a54        ORA   <$54                cc=c0 a=02 b=00 dp=00 x=2fee y=0000 u=a3da s=1ff0  dt=32
1641| 39          RTS                       cc=c0 a=02 b=00 dp=00 x=2fee y=0000 u=a3da s=1ff2  dt=40
13db| 170271      LBSR  $164f               cc=c0 a=02 b=00 dp=00 x=2fee y=0000 u=a3da s=1ff0  dt=72
164f| c603        LDB   #$03                cc=c0 a=02 b=03 dp=00 x=2fee y=0000 u=a3da s=1ff0  dt=16
1651| 3d          MUL                       cc=c0 a=00 b=06 dp=00 x=2fee y=0000 u=a3da s=1ff0  dt=88
1652| ce0500      LDU   #$0500              cc=c0 a=00 b=06 dp=00 x=2fee y=0000 u=0500 s=1ff0  dt=24
1655| 33cb        LEAU  D,U                 cc=c0 a=00 b=06 dp=00 x=2fee y=0000 u=0506 s=1ff0  dt=64
1657| a6c4        LDA   ,U                  cc=c0 a=35 b=06 dp=00 x=2fee y=0000 u=0506 s=1ff0  dt=32
1659| b7ffa5      STA   $ffa5               cc=c0 a=35 b=06 dp=00 x=2fee y=0000 u=0506 s=1ff0  dt=40
165c| ee41        LDU   1,U                 cc=c8 a=35 b=06 dp=00 x=2fee y=0000 u=a313 s=1ff0  dt=48
165e| 39          RTS                       cc=c8 a=35 b=06 dp=00 x=2fee y=0000 u=a313 s=1ff2  dt=40
13de| 17028e      LBSR  $166f               cc=c8 a=35 b=06 dp=00 x=2fee y=0000 u=a313 s=1ff0  dt=72
166f| 200d        BRA   $167e               cc=c8 a=35 b=06 dp=00 x=2fee y=0000 u=a313 s=1ff0  dt=24
167e| e6c0        LDB   ,U+                 cc=c0 a=35 b=03 dp=00 x=2fee y=0000 u=a314 s=1ff0  dt=48
1680| c1ff        CMPB  #$ff                cc=c1 a=35 b=03 dp=00 x=2fee y=0000 u=a314 s=1ff0  dt=16
1682| 274a        BEQ   $16ce               cc=c1 a=35 b=03 dp=00 x=2fee y=0000 u=a314 s=1ff0  dt=24
1684| 3a          ABX                       cc=c1 a=35 b=03 dp=00 x=2ff1 y=0000 u=a314 s=1ff0  dt=24
1685| e6c0        LDB   ,U+                 cc=c1 a=35 b=01 dp=00 x=2ff1 y=0000 u=a315 s=1ff0  dt=48
1687| 2be8        BMI   $1671               cc=c1 a=35 b=01 dp=00 x=2ff1 y=0000 u=a315 s=1ff0  dt=24
1689| c105        CMPB  #$05                cc=c9 a=35 b=01 dp=00 x=2ff1 y=0000 u=a315 s=1ff0  dt=16
168b| 271b        BEQ   $16a8               cc=c9 a=35 b=01 dp=00 x=2ff1 y=0000 u=a315 s=1ff0  dt=24
168d| c104        CMPB  #$04                cc=c9 a=35 b=01 dp=00 x=2ff1 y=0000 u=a315 s=1ff0  dt=16
168f| 250f        BCS   $16a0               cc=c9 a=35 b=01 dp=00 x=2ff1 y=0000 u=a315 s=1ff0  dt=24
16a0| c102        CMPB  #$02                cc=c9 a=35 b=01 dp=00 x=2ff1 y=0000 u=a315 s=1ff0  dt=16
16a2| 2724        BEQ   $16c8               cc=c9 a=35 b=01 dp=00 x=2ff1 y=0000 u=a315 s=1ff0  dt=24
16a4| 250a        BCS   $16b0               cc=c9 a=35 b=01 dp=00 x=2ff1 y=0000 u=a315 s=1ff0  dt=24
16b0| a6c0        LDA   ,U+                 cc=c9 a=cc b=01 dp=00 x=2ff1 y=0000 u=a316 s=1ff0  dt=48
16b2| a780        STA   ,X+                 cc=c9 a=cc b=01 dp=00 x=2ff2 y=0000 u=a316 s=1ff0  dt=48
16b4| 20c8        BRA   $167e               cc=c9 a=cc b=01 dp=00 x=2ff2 y=0000 u=a316 s=1ff0  dt=24
167e| e6c0        LDB   ,U+                 cc=c1 a=cc b=01 dp=00 x=2ff2 y=0000 u=a317 s=1ff0  dt=48
1680| c1ff        CMPB  #$ff                cc=c1 a=cc b=01 dp=00 x=2ff2 y=0000 u=a317 s=1ff0  dt=16
1682| 274a        BEQ   $16ce               cc=c1 a=cc b=01 dp=00 x=2ff2 y=0000 u=a317 s=1ff0  dt=24
1684| 3a          ABX                       cc=c1 a=cc b=01 dp=00 x=2ff3 y=0000 u=a317 s=1ff0  dt=24
1685| e6c0        LDB   ,U+                 cc=c1 a=cc b=01 dp=00 x=2ff3 y=0000 u=a318 s=1ff0  dt=48
1687| 2be8        BMI   $1671               cc=c1 a=cc b=01 dp=00 x=2ff3 y=0000 u=a318 s=1ff0  dt=24
1689| c105        CMPB  #$05                cc=c9 a=cc b=01 dp=00 x=2ff3 y=0000 u=a318 s=1ff0  dt=16
168b| 271b        BEQ   $16a8               cc=c9 a=cc b=01 dp=00 x=2ff3 y=0000 u=a318 s=1ff0  dt=24
168d| c104        CMPB  #$04                cc=c9 a=cc b=01 dp=00 x=2ff3 y=0000 u=a318 s=1ff0  dt=16
168f| 250f        BCS   $16a0               cc=c9 a=cc b=01 dp=00 x=2ff3 y=0000 u=a318 s=1ff0  dt=24
16a0| c102        CMPB  #$02                cc=c9 a=cc b=01 dp=00 x=2ff3 y=0000 u=a318 s=1ff0  dt=16
16a2| 2724        BEQ   $16c8               cc=c9 a=cc b=01 dp=00 x=2ff3 y=0000 u=a318 s=1ff0  dt=24
16a4| 250a        BCS   $16b0               cc=c9 a=cc b=01 dp=00 x=2ff3 y=0000 u=a318 s=1ff0  dt=24
16b0| a6c0        LDA   ,U+                 cc=c9 a=cc b=01 dp=00 x=2ff3 y=0000 u=a319 s=1ff0  dt=48
16b2| a780        STA   ,X+                 cc=c9 a=cc b=01 dp=00 x=2ff4 y=0000 u=a319 s=1ff0  dt=48
16b4| 20c8        BRA   $167e               cc=c9 a=cc b=01 dp=00 x=2ff4 y=0000 u=a319 s=1ff0  dt=24
167e| e6c0        LDB   ,U+                 cc=c9 a=cc b=9c dp=00 x=2ff4 y=0000 u=a31a s=1ff0  dt=48
1680| c1ff        CMPB  #$ff                cc=c9 a=cc b=9c dp=00 x=2ff4 y=0000 u=a31a s=1ff0  dt=16
1682| 274a        BEQ   $16ce               cc=c9 a=cc b=9c dp=00 x=2ff4 y=0000 u=a31a s=1ff0  dt=24
1684| 3a          ABX                       cc=c9 a=cc b=9c dp=00 x=3090 y=0000 u=a31a s=1ff0  dt=24
1685| e6c0        LDB   ,U+                 cc=c9 a=cc b=81 dp=00 x=3090 y=0000 u=a31b s=1ff0  dt=48
1687| 2be8        BMI   $1671               cc=c9 a=cc b=81 dp=00 x=3090 y=0000 u=a31b s=1ff0  dt=24
1671| c47f        ANDB  #$7f                cc=c1 a=cc b=01 dp=00 x=3090 y=0000 u=a31b s=1ff0  dt=16
1673| a6c0        LDA   ,U+                 cc=c9 a=f0 b=01 dp=00 x=3090 y=0000 u=a31c s=1ff0  dt=48
1675| a484        ANDA  ,X                  cc=c5 a=00 b=01 dp=00 x=3090 y=0000 u=a31c s=1ff0  dt=32
1677| aac0        ORA   ,U+                 cc=c1 a=0c b=01 dp=00 x=3090 y=0000 u=a31d s=1ff0  dt=48
1679| a780        STA   ,X+                 cc=c1 a=0c b=01 dp=00 x=3091 y=0000 u=a31d s=1ff0  dt=48
167b| 5a          DECB                      cc=c5 a=0c b=00 dp=00 x=3091 y=0000 u=a31d s=1ff0  dt=16
167c| 26f5        BNE   $1673               cc=c5 a=0c b=00 dp=00 x=3091 y=0000 u=a31d s=1ff0  dt=24
167e| e6c0        LDB   ,U+                 cc=c1 a=0c b=03 dp=00 x=3091 y=0000 u=a31e s=1ff0  dt=48
1680| c1ff        CMPB  #$ff                cc=c1 a=0c b=03 dp=00 x=3091 y=0000 u=a31e s=1ff0  dt=16
1682| 274a        BEQ   $16ce               cc=c1 a=0c b=03 dp=00 x=3091 y=0000 u=a31e s=1ff0  dt=24
1684| 3a          ABX                       cc=c1 a=0c b=03 dp=00 x=3094 y=0000 u=a31e s=1ff0  dt=24
1685| e6c0        LDB   ,U+                 cc=c9 a=0c b=81 dp=00 x=3094 y=0000 u=a31f s=1ff0  dt=48
1687| 2be8        BMI   $1671               cc=c9 a=0c b=81 dp=00 x=3094 y=0000 u=a31f s=1ff0  dt=24
1671| c47f        ANDB  #$7f                cc=c1 a=0c b=01 dp=00 x=3094 y=0000 u=a31f s=1ff0  dt=16
1673| a6c0        LDA   ,U+                 cc=c1 a=0f b=01 dp=00 x=3094 y=0000 u=a320 s=1ff0  dt=48
1675| a484        ANDA  ,X                  cc=c1 a=04 b=01 dp=00 x=3094 y=0000 u=a320 s=1ff0  dt=32
1677| aac0        ORA   ,U+                 cc=c9 a=c4 b=01 dp=00 x=3094 y=0000 u=a321 s=1ff0  dt=48
1679| a780        STA   ,X+                 cc=c9 a=c4 b=01 dp=00 x=3095 y=0000 u=a321 s=1ff0  dt=48
167b| 5a          DECB                      cc=c5 a=c4 b=00 dp=00 x=3095 y=0000 u=a321 s=1ff0  dt=16
167c| 26f5        BNE   $1673               cc=c5 a=c4 b=00 dp=00 x=3095 y=0000 u=a321 s=1ff0  dt=24
167e| e6c0        LDB   ,U+                 cc=c9 a=c4 b=9b dp=00 x=3095 y=0000 u=a322 s=1ff0  dt=48
1680| c1ff        CMPB  #$ff                cc=c9 a=c4 b=9b dp=00 x=3095 y=0000 u=a322 s=1ff0  dt=16
1682| 274a        BEQ   $16ce               cc=c9 a=c4 b=9b dp=00 x=3095 y=0000 u=a322 s=1ff0  dt=24
1684| 3a          ABX                       cc=c9 a=c4 b=9b dp=00 x=3130 y=0000 u=a322 s=1ff0  dt=24
1685| e6c0        LDB   ,U+                 cc=c9 a=c4 b=82 dp=00 x=3130 y=0000 u=a323 s=1ff0  dt=48
1687| 2be8        BMI   $1671               cc=c9 a=c4 b=82 dp=00 x=3130 y=0000 u=a323 s=1ff0  dt=24
1671| c47f        ANDB  #$7f                cc=c1 a=c4 b=02 dp=00 x=3130 y=0000 u=a323 s=1ff0  dt=16
1673| a6c0        LDA   ,U+                 cc=c9 a=f0 b=02 dp=00 x=3130 y=0000 u=a324 s=1ff0  dt=48
1675| a484        ANDA  ,X                  cc=c5 a=00 b=02 dp=00 x=3130 y=0000 u=a324 s=1ff0  dt=32
1677| aac0        ORA   ,U+                 cc=c1 a=0c b=02 dp=00 x=3130 y=0000 u=a325 s=1ff0  dt=48
1679| a780        STA   ,X+                 cc=c1 a=0c b=02 dp=00 x=3131 y=0000 u=a325 s=1ff0  dt=48
167b| 5a          DECB                      cc=c1 a=0c b=01 dp=00 x=3131 y=0000 u=a325 s=1ff0  dt=16
167c| 26f5        BNE   $1673               cc=c1 a=0c b=01 dp=00 x=3131 y=0000 u=a325 s=1ff0  dt=24
1673| a6c0        LDA   ,U+                 cc=c9 a=f0 b=01 dp=00 x=3131 y=0000 u=a326 s=1ff0  dt=48
1675| a484        ANDA  ,X                  cc=c5 a=00 b=01 dp=00 x=3131 y=0000 u=a326 s=1ff0  dt=32
1677| aac0        ORA   ,U+                 cc=c1 a=0c b=01 dp=00 x=3131 y=0000 u=a327 s=1ff0  dt=48
1679| a780        STA   ,X+                 cc=c1 a=0c b=01 dp=00 x=3132 y=0000 u=a327 s=1ff0  dt=48
167b| 5a          DECB                      cc=c5 a=0c b=00 dp=00 x=3132 y=0000 u=a327 s=1ff0  dt=16
167c| 26f5        BNE   $1673               cc=c5 a=0c b=00 dp=00 x=3132 y=0000 u=a327 s=1ff0  dt=24
167e| e6c0        LDB   ,U+                 cc=c1 a=0c b=01 dp=00 x=3132 y=0000 u=a328 s=1ff0  dt=48
1680| c1ff        CMPB  #$ff                cc=c1 a=0c b=01 dp=00 x=3132 y=0000 u=a328 s=1ff0  dt=16
1682| 274a        BEQ   $16ce               cc=c1 a=0c b=01 dp=00 x=3132 y=0000 u=a328 s=1ff0  dt=24
1684| 3a          ABX                       cc=c1 a=0c b=01 dp=00 x=3133 y=0000 u=a328 s=1ff0  dt=24
1685| e6c0        LDB   ,U+                 cc=c9 a=0c b=82 dp=00 x=3133 y=0000 u=a329 s=1ff0  dt=48
1687| 2be8        BMI   $1671               cc=c9 a=0c b=82 dp=00 x=3133 y=0000 u=a329 s=1ff0  dt=24
1671| c47f        ANDB  #$7f                cc=c1 a=0c b=02 dp=00 x=3133 y=0000 u=a329 s=1ff0  dt=16
1673| a6c0        LDA   ,U+                 cc=c1 a=0f b=02 dp=00 x=3133 y=0000 u=a32a s=1ff0  dt=48
1675| a484        ANDA  ,X                  cc=c5 a=00 b=02 dp=00 x=3133 y=0000 u=a32a s=1ff0  dt=32
1677| aac0        ORA   ,U+                 cc=c9 a=c0 b=02 dp=00 x=3133 y=0000 u=a32b s=1ff0  dt=48
1679| a780        STA   ,X+                 cc=c9 a=c0 b=02 dp=00 x=3134 y=0000 u=a32b s=1ff0  dt=48
167b| 5a          DECB                      cc=c1 a=c0 b=01 dp=00 x=3134 y=0000 u=a32b s=1ff0  dt=16
167c| 26f5        BNE   $1673               cc=c1 a=c0 b=01 dp=00 x=3134 y=0000 u=a32b s=1ff0  dt=24
1673| a6c0        LDA   ,U+                 cc=c1 a=0f b=01 dp=00 x=3134 y=0000 u=a32c s=1ff0  dt=48
1675| a484        ANDA  ,X                  cc=c1 a=04 b=01 dp=00 x=3134 y=0000 u=a32c s=1ff0  dt=32
1677| aac0        ORA   ,U+                 cc=c9 a=c4 b=01 dp=00 x=3134 y=0000 u=a32d s=1ff0  dt=48
1679| a780        STA   ,X+                 cc=c9 a=c4 b=01 dp=00 x=3135 y=0000 u=a32d s=1ff0  dt=48
167b| 5a          DECB                      cc=c5 a=c4 b=00 dp=00 x=3135 y=0000 u=a32d s=1ff0  dt=16
167c| 26f5        BNE   $1673               cc=c5 a=c4 b=00 dp=00 x=3135 y=0000 u=a32d s=1ff0  dt=24
167e| e6c0        LDB   ,U+                 cc=c9 a=c4 b=9a dp=00 x=3135 y=0000 u=a32e s=1ff0  dt=48
1680| c1ff        CMPB  #$ff                cc=c9 a=c4 b=9a dp=00 x=3135 y=0000 u=a32e s=1ff0  dt=16
1682| 274a        BEQ   $16ce               cc=c9 a=c4 b=9a dp=00 x=3135 y=0000 u=a32e s=1ff0  dt=24
1684| 3a          ABX                       cc=c9 a=c4 b=9a dp=00 x=31cf y=0000 u=a32e s=1ff0  dt=24
1685| e6c0        LDB   ,U+                 cc=c9 a=c4 b=81 dp=00 x=31cf y=0000 u=a32f s=1ff0  dt=48
1687| 2be8        BMI   $1671               cc=c9 a=c4 b=81 dp=00 x=31cf y=0000 u=a32f s=1ff0  dt=24
1671| c47f        ANDB  #$7f                cc=c1 a=c4 b=01 dp=00 x=31cf y=0000 u=a32f s=1ff0  dt=16
1673| a6c0        LDA   ,U+                 cc=c9 a=f0 b=01 dp=00 x=31cf y=0000 u=a330 s=1ff0  dt=48
1675| a484        ANDA  ,X                  cc=c5 a=00 b=01 dp=00 x=31cf y=0000 u=a330 s=1ff0  dt=32
1677| aac0        ORA   ,U+                 cc=c1 a=05 b=01 dp=00 x=31cf y=0000 u=a331 s=1ff0  dt=48
1679| a780        STA   ,X+                 cc=c1 a=05 b=01 dp=00 x=31d0 y=0000 u=a331 s=1ff0  dt=48
167b| 5a          DECB                      cc=c5 a=05 b=00 dp=00 x=31d0 y=0000 u=a331 s=1ff0  dt=16
167c| 26f5        BNE   $1673               cc=c5 a=05 b=00 dp=00 x=31d0 y=0000 u=a331 s=1ff0  dt=24
167e| e6c0        LDB   ,U+                 cc=c1 a=05 b=01 dp=00 x=31d0 y=0000 u=a332 s=1ff0  dt=48
1680| c1ff        CMPB  #$ff                cc=c1 a=05 b=01 dp=00 x=31d0 y=0000 u=a332 s=1ff0  dt=16
1682| 274a        BEQ   $16ce               cc=c1 a=05 b=01 dp=00 x=31d0 y=0000 u=a332 s=1ff0  dt=24
1684| 3a          ABX                       cc=c1 a=05 b=01 dp=00 x=31d1 y=0000 u=a332 s=1ff0  dt=24
1685| e6c0        LDB   ,U+                 cc=c9 a=05 b=81 dp=00 x=31d1 y=0000 u=a333 s=1ff0  dt=48
1687| 2be8        BMI   $1671               cc=c9 a=05 b=81 dp=00 x=31d1 y=0000 u=a333 s=1ff0  dt=24
1671| c47f        ANDB  #$7f                cc=c1 a=05 b=01 dp=00 x=31d1 y=0000 u=a333 s=1ff0  dt=16
1673| a6c0        LDA   ,U+                 cc=c1 a=0f b=01 dp=00 x=31d1 y=0000 u=a334 s=1ff0  dt=48
1675| a484        ANDA  ,X                  cc=c5 a=00 b=01 dp=00 x=31d1 y=0000 u=a334 s=1ff0  dt=32
1677| aac0        ORA   ,U+                 cc=c9 a=c0 b=01 dp=00 x=31d1 y=0000 u=a335 s=1ff0  dt=48
1679| a780        STA   ,X+                 cc=c9 a=c0 b=01 dp=00 x=31d2 y=0000 u=a335 s=1ff0  dt=48
167b| 5a          DECB                      cc=c5 a=c0 b=00 dp=00 x=31d2 y=0000 u=a335 s=1ff0  dt=16
167c| 26f5        BNE   $1673               cc=c5 a=c0 b=00 dp=00 x=31d2 y=0000 u=a335 s=1ff0  dt=24
167e| e6c0        LDB   ,U+                 cc=c5 a=c0 b=00 dp=00 x=31d2 y=0000 u=a336 s=1ff0  dt=48
1680| c1ff        CMPB  #$ff                cc=c1 a=c0 b=00 dp=00 x=31d2 y=0000 u=a336 s=1ff0  dt=16
1682| 274a        BEQ   $16ce               cc=c1 a=c0 b=00 dp=00 x=31d2 y=0000 u=a336 s=1ff0  dt=24
1684| 3a          ABX                       cc=c1 a=c0 b=00 dp=00 x=31d2 y=0000 u=a336 s=1ff0  dt=24
1685| e6c0        LDB   ,U+                 cc=c1 a=c0 b=01 dp=00 x=31d2 y=0000 u=a337 s=1ff0  dt=48
1687| 2be8        BMI   $1671               cc=c1 a=c0 b=01 dp=00 x=31d2 y=0000 u=a337 s=1ff0  dt=24
1689| c105        CMPB  #$05                cc=c9 a=c0 b=01 dp=00 x=31d2 y=0000 u=a337 s=1ff0  dt=16
168b| 271b        BEQ   $16a8               cc=c9 a=c0 b=01 dp=00 x=31d2 y=0000 u=a337 s=1ff0  dt=24
168d| c104        CMPB  #$04                cc=c9 a=c0 b=01 dp=00 x=31d2 y=0000 u=a337 s=1ff0  dt=16
168f| 250f        BCS   $16a0               cc=c9 a=c0 b=01 dp=00 x=31d2 y=0000 u=a337 s=1ff0  dt=24
16a0| c102        CMPB  #$02                cc=c9 a=c0 b=01 dp=00 x=31d2 y=0000 u=a337 s=1ff0  dt=16
16a2| 2724        BEQ   $16c8               cc=c9 a=c0 b=01 dp=00 x=31d2 y=0000 u=a337 s=1ff0  dt=24
16a4| 250a        BCS   $16b0               cc=c9 a=c0 b=01 dp=00 x=31d2 y=0000 u=a337 s=1ff0  dt=24
16b0| a6c0        LDA   ,U+                 cc=c1 a=55 b=01 dp=00 x=31d2 y=0000 u=a338 s=1ff0  dt=48
16b2| a780        STA   ,X+                 cc=c1 a=55 b=01 dp=00 x=31d3 y=0000 u=a338 s=1ff0  dt=48
16b4| 20c8        BRA   $167e               cc=c1 a=55 b=01 dp=00 x=31d3 y=0000 u=a338 s=1ff0  dt=24
167e| e6c0        LDB   ,U+                 cc=c5 a=55 b=00 dp=00 x=31d3 y=0000 u=a339 s=1ff0  dt=48
1680| c1ff        CMPB  #$ff                cc=c1 a=55 b=00 dp=00 x=31d3 y=0000 u=a339 s=1ff0  dt=16
1682| 274a        BEQ   $16ce               cc=c1 a=55 b=00 dp=00 x=31d3 y=0000 u=a339 s=1ff0  dt=24
1684| 3a          ABX                       cc=c1 a=55 b=00 dp=00 x=31d3 y=0000 u=a339 s=1ff0  dt=24
1685| e6c0        LDB   ,U+                 cc=c9 a=55 b=83 dp=00 x=31d3 y=0000 u=a33a s=1ff0  dt=48
1687| 2be8        BMI   $1671               cc=c9 a=55 b=83 dp=00 x=31d3 y=0000 u=a33a s=1ff0  dt=24
1671| c47f        ANDB  #$7f                cc=c1 a=55 b=03 dp=00 x=31d3 y=0000 u=a33a s=1ff0  dt=16
1673| a6c0        LDA   ,U+                 cc=c9 a=f0 b=03 dp=00 x=31d3 y=0000 u=a33b s=1ff0  dt=48
1675| a484        ANDA  ,X                  cc=c5 a=00 b=03 dp=00 x=31d3 y=0000 u=a33b s=1ff0  dt=32
1677| aac0        ORA   ,U+                 cc=c1 a=0c b=03 dp=00 x=31d3 y=0000 u=a33c s=1ff0  dt=48
1679| a780        STA   ,X+                 cc=c1 a=0c b=03 dp=00 x=31d4 y=0000 u=a33c s=1ff0  dt=48
167b| 5a          DECB                      cc=c1 a=0c b=02 dp=00 x=31d4 y=0000 u=a33c s=1ff0  dt=16
167c| 26f5        BNE   $1673               cc=c1 a=0c b=02 dp=00 x=31d4 y=0000 u=a33c s=1ff0  dt=24
1673| a6c0        LDA   ,U+                 cc=c1 a=0f b=02 dp=00 x=31d4 y=0000 u=a33d s=1ff0  dt=48
1675| a484        ANDA  ,X                  cc=c1 a=04 b=02 dp=00 x=31d4 y=0000 u=a33d s=1ff0  dt=32
1677| aac0        ORA   ,U+                 cc=c9 a=c4 b=02 dp=00 x=31d4 y=0000 u=a33e s=1ff0  dt=48
1679| a780        STA   ,X+                 cc=c9 a=c4 b=02 dp=00 x=31d5 y=0000 u=a33e s=1ff0  dt=48
167b| 5a          DECB                      cc=c1 a=c4 b=01 dp=00 x=31d5 y=0000 u=a33e s=1ff0  dt=16
167c| 26f5        BNE   $1673               cc=c1 a=c4 b=01 dp=00 x=31d5 y=0000 u=a33e s=1ff0  dt=24
1673| a6c0        LDA   ,U+                 cc=c1 a=0f b=01 dp=00 x=31d5 y=0000 u=a33f s=1ff0  dt=48
1675| a484        ANDA  ,X                  cc=c5 a=00 b=01 dp=00 x=31d5 y=0000 u=a33f s=1ff0  dt=32
1677| aac0        ORA   ,U+                 cc=c1 a=50 b=01 dp=00 x=31d5 y=0000 u=a340 s=1ff0  dt=48
1679| a780        STA   ,X+                 cc=c1 a=50 b=01 dp=00 x=31d6 y=0000 u=a340 s=1ff0  dt=48
167b| 5a          DECB                      cc=c5 a=50 b=00 dp=00 x=31d6 y=0000 u=a340 s=1ff0  dt=16
167c| 26f5        BNE   $1673               cc=c5 a=50 b=00 dp=00 x=31d6 y=0000 u=a340 s=1ff0  dt=24
167e| e6c0        LDB   ,U+                 cc=c9 a=50 b=99 dp=00 x=31d6 y=0000 u=a341 s=1ff0  dt=48
1680| c1ff        CMPB  #$ff                cc=c9 a=50 b=99 dp=00 x=31d6 y=0000 u=a341 s=1ff0  dt=16
1682| 274a        BEQ   $16ce               cc=c9 a=50 b=99 dp=00 x=31d6 y=0000 u=a341 s=1ff0  dt=24
1684| 3a          ABX                       cc=c9 a=50 b=99 dp=00 x=326f y=0000 u=a341 s=1ff0  dt=24
1685| e6c0        LDB   ,U+                 cc=c9 a=50 b=81 dp=00 x=326f y=0000 u=a342 s=1ff0  dt=48
1687| 2be8        BMI   $1671               cc=c9 a=50 b=81 dp=00 x=326f y=0000 u=a342 s=1ff0  dt=24
1671| c47f        ANDB  #$7f                cc=c1 a=50 b=01 dp=00 x=326f y=0000 u=a342 s=1ff0  dt=16
1673| a6c0        LDA   ,U+                 cc=c9 a=f0 b=01 dp=00 x=326f y=0000 u=a343 s=1ff0  dt=48
1675| a484        ANDA  ,X                  cc=c5 a=00 b=01 dp=00 x=326f y=0000 u=a343 s=1ff0  dt=32
1677| aac0        ORA   ,U+                 cc=c1 a=05 b=01 dp=00 x=326f y=0000 u=a344 s=1ff0  dt=48
1679| a780        STA   ,X+                 cc=c1 a=05 b=01 dp=00 x=3270 y=0000 u=a344 s=1ff0  dt=48
167b| 5a          DECB                      cc=c5 a=05 b=00 dp=00 x=3270 y=0000 u=a344 s=1ff0  dt=16
167c| 26f5        BNE   $1673               cc=c5 a=05 b=00 dp=00 x=3270 y=0000 u=a344 s=1ff0  dt=24
167e| e6c0        LDB   ,U+                 cc=c1 a=05 b=01 dp=00 x=3270 y=0000 u=a345 s=1ff0  dt=48
1680| c1ff        CMPB  #$ff                cc=c1 a=05 b=01 dp=00 x=3270 y=0000 u=a345 s=1ff0  dt=16
1682| 274a        BEQ   $16ce               cc=c1 a=05 b=01 dp=00 x=3270 y=0000 u=a345 s=1ff0  dt=24
1684| 3a          ABX                       cc=c1 a=05 b=01 dp=00 x=3271 y=0000 u=a345 s=1ff0  dt=24
1685| e6c0        LDB   ,U+                 cc=c1 a=05 b=03 dp=00 x=3271 y=0000 u=a346 s=1ff0  dt=48
1687| 2be8        BMI   $1671               cc=c1 a=05 b=03 dp=00 x=3271 y=0000 u=a346 s=1ff0  dt=24
1689| c105        CMPB  #$05                cc=c9 a=05 b=03 dp=00 x=3271 y=0000 u=a346 s=1ff0  dt=16
168b| 271b        BEQ   $16a8               cc=c9 a=05 b=03 dp=00 x=3271 y=0000 u=a346 s=1ff0  dt=24
168d| c104        CMPB  #$04                cc=c9 a=05 b=03 dp=00 x=3271 y=0000 u=a346 s=1ff0  dt=16
168f| 250f        BCS   $16a0               cc=c9 a=05 b=03 dp=00 x=3271 y=0000 u=a346 s=1ff0  dt=24
16a0| c102        CMPB  #$02                cc=c0 a=05 b=03 dp=00 x=3271 y=0000 u=a346 s=1ff0  dt=16
16a2| 2724        BEQ   $16c8               cc=c0 a=05 b=03 dp=00 x=3271 y=0000 u=a346 s=1ff0  dt=24
16a4| 250a        BCS   $16b0               cc=c0 a=05 b=03 dp=00 x=3271 y=0000 u=a346 s=1ff0  dt=24
16a6| 2004        BRA   $16ac               cc=c0 a=05 b=03 dp=00 x=3271 y=0000 u=a346 s=1ff0  dt=24
16ac| ecc1        LDD   ,U++                cc=c0 a=25 b=55 dp=00 x=3271 y=0000 u=a348 s=1ff0  dt=64
16ae| ed81        STD   ,X++                cc=c0 a=25 b=55 dp=00 x=3273 y=0000 u=a348 s=1ff0  dt=64
16b0| a6c0        LDA   ,U+                 cc=c0 a=52 b=55 dp=00 x=3273 y=0000 u=a349 s=1ff0  dt=48
16b2| a780        STA   ,X+                 cc=c0 a=52 b=55 dp=00 x=3274 y=0000 u=a349 s=1ff0  dt=48
16b4| 20c8        BRA   $167e               cc=c0 a=52 b=55 dp=00 x=3274 y=0000 u=a349 s=1ff0  dt=24
167e| e6c0        LDB   ,U+                 cc=c0 a=52 b=01 dp=00 x=3274 y=0000 u=a34a s=1ff0  dt=48
1680| c1ff        CMPB  #$ff                cc=c1 a=52 b=01 dp=00 x=3274 y=0000 u=a34a s=1ff0  dt=16
1682| 274a        BEQ   $16ce               cc=c1 a=52 b=01 dp=00 x=3274 y=0000 u=a34a s=1ff0  dt=24
1684| 3a          ABX                       cc=c1 a=52 b=01 dp=00 x=3275 y=0000 u=a34a s=1ff0  dt=24
1685| e6c0        LDB   ,U+                 cc=c9 a=52 b=81 dp=00 x=3275 y=0000 u=a34b s=1ff0  dt=48
1687| 2be8        BMI   $1671               cc=c9 a=52 b=81 dp=00 x=3275 y=0000 u=a34b s=1ff0  dt=24
1671| c47f        ANDB  #$7f                cc=c1 a=52 b=01 dp=00 x=3275 y=0000 u=a34b s=1ff0  dt=16
1673| a6c0        LDA   ,U+                 cc=c1 a=0f b=01 dp=00 x=3275 y=0000 u=a34c s=1ff0  dt=48
1675| a484        ANDA  ,X                  cc=c5 a=00 b=01 dp=00 x=3275 y=0000 u=a34c s=1ff0  dt=32
1677| aac0        ORA   ,U+                 cc=c1 a=50 b=01 dp=00 x=3275 y=0000 u=a34d s=1ff0  dt=48
1679| a780        STA   ,X+                 cc=c1 a=50 b=01 dp=00 x=3276 y=0000 u=a34d s=1ff0  dt=48
167b| 5a          DECB                      cc=c5 a=50 b=00 dp=00 x=3276 y=0000 u=a34d s=1ff0  dt=16
167c| 26f5        BNE   $1673               cc=c5 a=50 b=00 dp=00 x=3276 y=0000 u=a34d s=1ff0  dt=24
167e| e6c0        LDB   ,U+                 cc=c9 a=50 b=99 dp=00 x=3276 y=0000 u=a34e s=1ff0  dt=48
1680| c1ff        CMPB  #$ff                cc=c9 a=50 b=99 dp=00 x=3276 y=0000 u=a34e s=1ff0  dt=16
1682| 274a        BEQ   $16ce               cc=c9 a=50 b=99 dp=00 x=3276 y=0000 u=a34e s=1ff0  dt=24
1684| 3a          ABX                       cc=c9 a=50 b=99 dp=00 x=330f y=0000 u=a34e s=1ff0  dt=24
1685| e6c0        LDB   ,U+                 cc=c9 a=50 b=82 dp=00 x=330f y=0000 u=a34f s=1ff0  dt=48
1687| 2be8        BMI   $1671               cc=c9 a=50 b=82 dp=00 x=330f y=0000 u=a34f s=1ff0  dt=24
1671| c47f        ANDB  #$7f                cc=c1 a=50 b=02 dp=00 x=330f y=0000 u=a34f s=1ff0  dt=16
1673| a6c0        LDA   ,U+                 cc=c9 a=f0 b=02 dp=00 x=330f y=0000 u=a350 s=1ff0  dt=48
1675| a484        ANDA  ,X                  cc=c5 a=00 b=02 dp=00 x=330f y=0000 u=a350 s=1ff0  dt=32
1677| aac0        ORA   ,U+                 cc=c1 a=05 b=02 dp=00 x=330f y=0000 u=a351 s=1ff0  dt=48
1679| a780        STA   ,X+                 cc=c1 a=05 b=02 dp=00 x=3310 y=0000 u=a351 s=1ff0  dt=48
167b| 5a          DECB                      cc=c1 a=05 b=01 dp=00 x=3310 y=0000 u=a351 s=1ff0  dt=16
167c| 26f5        BNE   $1673               cc=c1 a=05 b=01 dp=00 x=3310 y=0000 u=a351 s=1ff0  dt=24
1673| a6c0        LDA   ,U+                 cc=c9 a=f0 b=01 dp=00 x=3310 y=0000 u=a352 s=1ff0  dt=48
1675| a484        ANDA  ,X                  cc=c5 a=00 b=01 dp=00 x=3310 y=0000 u=a352 s=1ff0  dt=32
1677| aac0        ORA   ,U+                 cc=c1 a=0c b=01 dp=00 x=3310 y=0000 u=a353 s=1ff0  dt=48
1679| a780        STA   ,X+                 cc=c1 a=0c b=01 dp=00 x=3311 y=0000 u=a353 s=1ff0  dt=48
167b| 5a          DECB                      cc=c5 a=0c b=00 dp=00 x=3311 y=0000 u=a353 s=1ff0  dt=16
167c| 26f5        BNE   $1673               cc=c5 a=0c b=00 dp=00 x=3311 y=0000 u=a353 s=1ff0  dt=24
167e| e6c0        LDB   ,U+                 cc=c5 a=0c b=00 dp=00 x=3311 y=0000 u=a354 s=1ff0  dt=48
1680| c1ff        CMPB  #$ff                cc=c1 a=0c b=00 dp=00 x=3311 y=0000 u=a354 s=1ff0  dt=16
1682| 274a        BEQ   $16ce               cc=c1 a=0c b=00 dp=00 x=3311 y=0000 u=a354 s=1ff0  dt=24
1684| 3a          ABX                       cc=c1 a=0c b=00 dp=00 x=3311 y=0000 u=a354 s=1ff0  dt=24
1685| e6c0        LDB   ,U+                 cc=c1 a=0c b=03 dp=00 x=3311 y=0000 u=a355 s=1ff0  dt=48
1687| 2be8        BMI   $1671               cc=c1 a=0c b=03 dp=00 x=3311 y=0000 u=a355 s=1ff0  dt=24
1689| c105        CMPB  #$05                cc=c9 a=0c b=03 dp=00 x=3311 y=0000 u=a355 s=1ff0  dt=16
168b| 271b        BEQ   $16a8               cc=c9 a=0c b=03 dp=00 x=3311 y=0000 u=a355 s=1ff0  dt=24
168d| c104        CMPB  #$04                cc=c9 a=0c b=03 dp=00 x=3311 y=0000 u=a355 s=1ff0  dt=16
168f| 250f        BCS   $16a0               cc=c9 a=0c b=03 dp=00 x=3311 y=0000 u=a355 s=1ff0  dt=24
16a0| c102        CMPB  #$02                cc=c0 a=0c b=03 dp=00 x=3311 y=0000 u=a355 s=1ff0  dt=16
16a2| 2724        BEQ   $16c8               cc=c0 a=0c b=03 dp=00 x=3311 y=0000 u=a355 s=1ff0  dt=24
16a4| 250a        BCS   $16b0               cc=c0 a=0c b=03 dp=00 x=3311 y=0000 u=a355 s=1ff0  dt=24
16a6| 2004        BRA   $16ac               cc=c0 a=0c b=03 dp=00 x=3311 y=0000 u=a355 s=1ff0  dt=24
16ac| ecc1        LDD   ,U++                cc=c8 a=cc b=cc dp=00 x=3311 y=0000 u=a357 s=1ff0  dt=64
16ae| ed81        STD   ,X++                cc=c8 a=cc b=cc dp=00 x=3313 y=0000 u=a357 s=1ff0  dt=64
16b0| a6c0        LDA   ,U+                 cc=c8 a=cc b=cc dp=00 x=3313 y=0000 u=a358 s=1ff0  dt=48
16b2| a780        STA   ,X+                 cc=c8 a=cc b=cc dp=00 x=3314 y=0000 u=a358 s=1ff0  dt=48
16b4| 20c8        BRA   $167e               cc=c8 a=cc b=cc dp=00 x=3314 y=0000 u=a358 s=1ff0  dt=24
167e| e6c0        LDB   ,U+                 cc=c4 a=cc b=00 dp=00 x=3314 y=0000 u=a359 s=1ff0  dt=48
1680| c1ff        CMPB  #$ff                cc=c1 a=cc b=00 dp=00 x=3314 y=0000 u=a359 s=1ff0  dt=16
1682| 274a        BEQ   $16ce               cc=c1 a=cc b=00 dp=00 x=3314 y=0000 u=a359 s=1ff0  dt=24
1684| 3a          ABX                       cc=c1 a=cc b=00 dp=00 x=3314 y=0000 u=a359 s=1ff0  dt=24
1685| e6c0        LDB   ,U+                 cc=c9 a=cc b=82 dp=00 x=3314 y=0000 u=a35a s=1ff0  dt=48
1687| 2be8        BMI   $1671               cc=c9 a=cc b=82 dp=00 x=3314 y=0000 u=a35a s=1ff0  dt=24
1671| c47f        ANDB  #$7f                cc=c1 a=cc b=02 dp=00 x=3314 y=0000 u=a35a s=1ff0  dt=16
1673| a6c0        LDA   ,U+                 cc=c1 a=0f b=02 dp=00 x=3314 y=0000 u=a35b s=1ff0  dt=48
1675| a484        ANDA  ,X                  cc=c1 a=04 b=02 dp=00 x=3314 y=0000 u=a35b s=1ff0  dt=32
1677| aac0        ORA   ,U+                 cc=c9 a=c4 b=02 dp=00 x=3314 y=0000 u=a35c s=1ff0  dt=48
1679| a780        STA   ,X+                 cc=c9 a=c4 b=02 dp=00 x=3315 y=0000 u=a35c s=1ff0  dt=48
167b| 5a          DECB                      cc=c1 a=c4 b=01 dp=00 x=3315 y=0000 u=a35c s=1ff0  dt=16
167c| 26f5        BNE   $1673               cc=c1 a=c4 b=01 dp=00 x=3315 y=0000 u=a35c s=1ff0  dt=24
1673| a6c0        LDA   ,U+                 cc=c1 a=0f b=01 dp=00 x=3315 y=0000 u=a35d s=1ff0  dt=48
1675| a484        ANDA  ,X                  cc=c5 a=00 b=01 dp=00 x=3315 y=0000 u=a35d s=1ff0  dt=32
1677| aac0        ORA   ,U+                 cc=c1 a=50 b=01 dp=00 x=3315 y=0000 u=a35e s=1ff0  dt=48
1679| a780        STA   ,X+                 cc=c1 a=50 b=01 dp=00 x=3316 y=0000 u=a35e s=1ff0  dt=48
167b| 5a          DECB                      cc=c5 a=50 b=00 dp=00 x=3316 y=0000 u=a35e s=1ff0  dt=16
167c| 26f5        BNE   $1673               cc=c5 a=50 b=00 dp=00 x=3316 y=0000 u=a35e s=1ff0  dt=24
167e| e6c0        LDB   ,U+                 cc=c9 a=50 b=9a dp=00 x=3316 y=0000 u=a35f s=1ff0  dt=48
1680| c1ff        CMPB  #$ff                cc=c9 a=50 b=9a dp=00 x=3316 y=0000 u=a35f s=1ff0  dt=16
1682| 274a        BEQ   $16ce               cc=c9 a=50 b=9a dp=00 x=3316 y=0000 u=a35f s=1ff0  dt=24
1684| 3a          ABX                       cc=c9 a=50 b=9a dp=00 x=33b0 y=0000 u=a35f s=1ff0  dt=24
1685| e6c0        LDB   ,U+                 cc=c1 a=50 b=05 dp=00 x=33b0 y=0000 u=a360 s=1ff0  dt=48
1687| 2be8        BMI   $1671               cc=c1 a=50 b=05 dp=00 x=33b0 y=0000 u=a360 s=1ff0  dt=24
1689| c105        CMPB  #$05                cc=c4 a=50 b=05 dp=00 x=33b0 y=0000 u=a360 s=1ff0  dt=16
168b| 271b        BEQ   $16a8               cc=c4 a=50 b=05 dp=00 x=33b0 y=0000 u=a360 s=1ff0  dt=24
16a8| ecc1        LDD   ,U++                cc=c8 a=cc b=cc dp=00 x=33b0 y=0000 u=a362 s=1ff0  dt=64
16aa| ed81        STD   ,X++                cc=c8 a=cc b=cc dp=00 x=33b2 y=0000 u=a362 s=1ff0  dt=64
16ac| ecc1        LDD   ,U++                cc=c8 a=cc b=cc dp=00 x=33b2 y=0000 u=a364 s=1ff0  dt=64
16ae| ed81        STD   ,X++                cc=c8 a=cc b=cc dp=00 x=33b4 y=0000 u=a364 s=1ff0  dt=64
16b0| a6c0        LDA   ,U+                 cc=c8 a=cc b=cc dp=00 x=33b4 y=0000 u=a365 s=1ff0  dt=48
16b2| a780        STA   ,X+                 cc=c8 a=cc b=cc dp=00 x=33b5 y=0000 u=a365 s=1ff0  dt=48
16b4| 20c8        BRA   $167e               cc=c8 a=cc b=cc dp=00 x=33b5 y=0000 u=a365 s=1ff0  dt=24
167e| e6c0        LDB   ,U+                 cc=c8 a=cc b=9a dp=00 x=33b5 y=0000 u=a366 s=1ff0  dt=48
1680| c1ff        CMPB  #$ff                cc=c9 a=cc b=9a dp=00 x=33b5 y=0000 u=a366 s=1ff0  dt=16
1682| 274a        BEQ   $16ce               cc=c9 a=cc b=9a dp=00 x=33b5 y=0000 u=a366 s=1ff0  dt=24
1684| 3a          ABX                       cc=c9 a=cc b=9a dp=00 x=344f y=0000 u=a366 s=1ff0  dt=24
1685| e6c0        LDB   ,U+                 cc=c9 a=cc b=81 dp=00 x=344f y=0000 u=a367 s=1ff0  dt=48
1687| 2be8        BMI   $1671               cc=c9 a=cc b=81 dp=00 x=344f y=0000 u=a367 s=1ff0  dt=24
1671| c47f        ANDB  #$7f                cc=c1 a=cc b=01 dp=00 x=344f y=0000 u=a367 s=1ff0  dt=16
1673| a6c0        LDA   ,U+                 cc=c9 a=f0 b=01 dp=00 x=344f y=0000 u=a368 s=1ff0  dt=48
1675| a484        ANDA  ,X                  cc=c5 a=00 b=01 dp=00 x=344f y=0000 u=a368 s=1ff0  dt=32
1677| aac0        ORA   ,U+                 cc=c1 a=0c b=01 dp=00 x=344f y=0000 u=a369 s=1ff0  dt=48
1679| a780        STA   ,X+                 cc=c1 a=0c b=01 dp=00 x=3450 y=0000 u=a369 s=1ff0  dt=48
167b| 5a          DECB                      cc=c5 a=0c b=00 dp=00 x=3450 y=0000 u=a369 s=1ff0  dt=16
167c| 26f5        BNE   $1673               cc=c5 a=0c b=00 dp=00 x=3450 y=0000 u=a369 s=1ff0  dt=24
167e| e6c0        LDB   ,U+                 cc=c5 a=0c b=00 dp=00 x=3450 y=0000 u=a36a s=1ff0  dt=48
1680| c1ff        CMPB  #$ff                cc=c1 a=0c b=00 dp=00 x=3450 y=0000 u=a36a s=1ff0  dt=16
1682| 274a        BEQ   $16ce               cc=c1 a=0c b=00 dp=00 x=3450 y=0000 u=a36a s=1ff0  dt=24
1684| 3a          ABX                       cc=c1 a=0c b=00 dp=00 x=3450 y=0000 u=a36a s=1ff0  dt=24
1685| e6c0        LDB   ,U+                 cc=c1 a=0c b=05 dp=00 x=3450 y=0000 u=a36b s=1ff0  dt=48
1687| 2be8        BMI   $1671               cc=c1 a=0c b=05 dp=00 x=3450 y=0000 u=a36b s=1ff0  dt=24
1689| c105        CMPB  #$05                cc=c4 a=0c b=05 dp=00 x=3450 y=0000 u=a36b s=1ff0  dt=16
168b| 271b        BEQ   $16a8               cc=c4 a=0c b=05 dp=00 x=3450 y=0000 u=a36b s=1ff0  dt=24
16a8| ecc1        LDD   ,U++                cc=c8 a=cc b=c2 dp=00 x=3450 y=0000 u=a36d s=1ff0  dt=64
16aa| ed81        STD   ,X++                cc=c8 a=cc b=c2 dp=00 x=3452 y=0000 u=a36d s=1ff0  dt=64
16ac| ecc1        LDD   ,U++                cc=c8 a=cc b=2c dp=00 x=3452 y=0000 u=a36f s=1ff0  dt=64
16ae| ed81        STD   ,X++                cc=c8 a=cc b=2c dp=00 x=3454 y=0000 u=a36f s=1ff0  dt=64
16b0| a6c0        LDA   ,U+                 cc=c8 a=cc b=2c dp=00 x=3454 y=0000 u=a370 s=1ff0  dt=48
16b2| a780        STA   ,X+                 cc=c8 a=cc b=2c dp=00 x=3455 y=0000 u=a370 s=1ff0  dt=48
16b4| 20c8        BRA   $167e               cc=c8 a=cc b=2c dp=00 x=3455 y=0000 u=a370 s=1ff0  dt=24
167e| e6c0        LDB   ,U+                 cc=c4 a=cc b=00 dp=00 x=3455 y=0000 u=a371 s=1ff0  dt=48
1680| c1ff        CMPB  #$ff                cc=c1 a=cc b=00 dp=00 x=3455 y=0000 u=a371 s=1ff0  dt=16
1682| 274a        BEQ   $16ce               cc=c1 a=cc b=00 dp=00 x=3455 y=0000 u=a371 s=1ff0  dt=24
1684| 3a          ABX                       cc=c1 a=cc b=00 dp=00 x=3455 y=0000 u=a371 s=1ff0  dt=24
1685| e6c0        LDB   ,U+                 cc=c9 a=cc b=81 dp=00 x=3455 y=0000 u=a372 s=1ff0  dt=48
1687| 2be8        BMI   $1671               cc=c9 a=cc b=81 dp=00 x=3455 y=0000 u=a372 s=1ff0  dt=24
1671| c47f        ANDB  #$7f                cc=c1 a=cc b=01 dp=00 x=3455 y=0000 u=a372 s=1ff0  dt=16
1673| a6c0        LDA   ,U+                 cc=c1 a=0f b=01 dp=00 x=3455 y=0000 u=a373 s=1ff0  dt=48
1675| a484        ANDA  ,X                  cc=c5 a=00 b=01 dp=00 x=3455 y=0000 u=a373 s=1ff0  dt=32
1677| aac0        ORA   ,U+                 cc=c9 a=c0 b=01 dp=00 x=3455 y=0000 u=a374 s=1ff0  dt=48
1679| a780        STA   ,X+                 cc=c9 a=c0 b=01 dp=00 x=3456 y=0000 u=a374 s=1ff0  dt=48
167b| 5a          DECB                      cc=c5 a=c0 b=00 dp=00 x=3456 y=0000 u=a374 s=1ff0  dt=16
167c| 26f5        BNE   $1673               cc=c5 a=c0 b=00 dp=00 x=3456 y=0000 u=a374 s=1ff0  dt=24
167e| e6c0        LDB   ,U+                 cc=c9 a=c0 b=99 dp=00 x=3456 y=0000 u=a375 s=1ff0  dt=48
1680| c1ff        CMPB  #$ff                cc=c9 a=c0 b=99 dp=00 x=3456 y=0000 u=a375 s=1ff0  dt=16
1682| 274a        BEQ   $16ce               cc=c9 a=c0 b=99 dp=00 x=3456 y=0000 u=a375 s=1ff0  dt=24
1684| 3a          ABX                       cc=c9 a=c0 b=99 dp=00 x=34ef y=0000 u=a375 s=1ff0  dt=24
1685| e6c0        LDB   ,U+                 cc=c9 a=c0 b=81 dp=00 x=34ef y=0000 u=a376 s=1ff0  dt=48
1687| 2be8        BMI   $1671               cc=c9 a=c0 b=81 dp=00 x=34ef y=0000 u=a376 s=1ff0  dt=24
1671| c47f        ANDB  #$7f                cc=c1 a=c0 b=01 dp=00 x=34ef y=0000 u=a376 s=1ff0  dt=16
1673| a6c0        LDA   ,U+                 cc=c9 a=f0 b=01 dp=00 x=34ef y=0000 u=a377 s=1ff0  dt=48
1675| a484        ANDA  ,X                  cc=c5 a=00 b=01 dp=00 x=34ef y=0000 u=a377 s=1ff0  dt=32
1677| aac0        ORA   ,U+                 cc=c1 a=0c b=01 dp=00 x=34ef y=0000 u=a378 s=1ff0  dt=48
1679| a780        STA   ,X+                 cc=c1 a=0c b=01 dp=00 x=34f0 y=0000 u=a378 s=1ff0  dt=48
167b| 5a          DECB                      cc=c5 a=0c b=00 dp=00 x=34f0 y=0000 u=a378 s=1ff0  dt=16
167c| 26f5        BNE   $1673               cc=c5 a=0c b=00 dp=00 x=34f0 y=0000 u=a378 s=1ff0  dt=24
167e| e6c0        LDB   ,U+                 cc=c5 a=0c b=00 dp=00 x=34f0 y=0000 u=a379 s=1ff0  dt=48
1680| c1ff        CMPB  #$ff                cc=c1 a=0c b=00 dp=00 x=34f0 y=0000 u=a379 s=1ff0  dt=16
1682| 274a        BEQ   $16ce               cc=c1 a=0c b=00 dp=00 x=34f0 y=0000 u=a379 s=1ff0  dt=24
1684| 3a          ABX                       cc=c1 a=0c b=00 dp=00 x=34f0 y=0000 u=a379 s=1ff0  dt=24
1685| e6c0        LDB   ,U+                 cc=c1 a=0c b=05 dp=00 x=34f0 y=0000 u=a37a s=1ff0  dt=48
1687| 2be8        BMI   $1671               cc=c1 a=0c b=05 dp=00 x=34f0 y=0000 u=a37a s=1ff0  dt=24
1689| c105        CMPB  #$05                cc=c4 a=0c b=05 dp=00 x=34f0 y=0000 u=a37a s=1ff0  dt=16
168b| 271b        BEQ   $16a8               cc=c4 a=0c b=05 dp=00 x=34f0 y=0000 u=a37a s=1ff0  dt=24
16a8| ecc1        LDD   ,U++                cc=c8 a=cc b=cc dp=00 x=34f0 y=0000 u=a37c s=1ff0  dt=64
16aa| ed81        STD   ,X++                cc=c8 a=cc b=cc dp=00 x=34f2 y=0000 u=a37c s=1ff0  dt=64
16ac| ecc1        LDD   ,U++                cc=c8 a=cc b=cc dp=00 x=34f2 y=0000 u=a37e s=1ff0  dt=64
16ae| ed81        STD   ,X++                cc=c8 a=cc b=cc dp=00 x=34f4 y=0000 u=a37e s=1ff0  dt=64
16b0| a6c0        LDA   ,U+                 cc=c8 a=cc b=cc dp=00 x=34f4 y=0000 u=a37f s=1ff0  dt=48
16b2| a780        STA   ,X+                 cc=c8 a=cc b=cc dp=00 x=34f5 y=0000 u=a37f s=1ff0  dt=48
16b4| 20c8        BRA   $167e               cc=c8 a=cc b=cc dp=00 x=34f5 y=0000 u=a37f s=1ff0  dt=24
167e| e6c0        LDB   ,U+                 cc=c4 a=cc b=00 dp=00 x=34f5 y=0000 u=a380 s=1ff0  dt=48
1680| c1ff        CMPB  #$ff                cc=c1 a=cc b=00 dp=00 x=34f5 y=0000 u=a380 s=1ff0  dt=16
1682| 274a        BEQ   $16ce               cc=c1 a=cc b=00 dp=00 x=34f5 y=0000 u=a380 s=1ff0  dt=24
1684| 3a          ABX                       cc=c1 a=cc b=00 dp=00 x=34f5 y=0000 u=a380 s=1ff0  dt=24
1685| e6c0        LDB   ,U+                 cc=c9 a=cc b=81 dp=00 x=34f5 y=0000 u=a381 s=1ff0  dt=48
1687| 2be8        BMI   $1671               cc=c9 a=cc b=81 dp=00 x=34f5 y=0000 u=a381 s=1ff0  dt=24
1671| c47f        ANDB  #$7f                cc=c1 a=cc b=01 dp=00 x=34f5 y=0000 u=a381 s=1ff0  dt=16
1673| a6c0        LDA   ,U+                 cc=c1 a=0f b=01 dp=00 x=34f5 y=0000 u=a382 s=1ff0  dt=48
1675| a484        ANDA  ,X                  cc=c5 a=00 b=01 dp=00 x=34f5 y=0000 u=a382 s=1ff0  dt=32
1677| aac0        ORA   ,U+                 cc=c9 a=c0 b=01 dp=00 x=34f5 y=0000 u=a383 s=1ff0  dt=48
1679| a780        STA   ,X+                 cc=c9 a=c0 b=01 dp=00 x=34f6 y=0000 u=a383 s=1ff0  dt=48
167b| 5a          DECB                      cc=c5 a=c0 b=00 dp=00 x=34f6 y=0000 u=a383 s=1ff0  dt=16
167c| 26f5        BNE   $1673               cc=c5 a=c0 b=00 dp=00 x=34f6 y=0000 u=a383 s=1ff0  dt=24
167e| e6c0        LDB   ,U+                 cc=c9 a=c0 b=99 dp=00 x=34f6 y=0000 u=a384 s=1ff0  dt=48
1680| c1ff        CMPB  #$ff                cc=c9 a=c0 b=99 dp=00 x=34f6 y=0000 u=a384 s=1ff0  dt=16
1682| 274a        BEQ   $16ce               cc=c9 a=c0 b=99 dp=00 x=34f6 y=0000 u=a384 s=1ff0  dt=24
1684| 3a          ABX                       cc=c9 a=c0 b=99 dp=00 x=358f y=0000 u=a384 s=1ff0  dt=24
1685| e6c0        LDB   ,U+                 cc=c9 a=c0 b=81 dp=00 x=358f y=0000 u=a385 s=1ff0  dt=48
1687| 2be8        BMI   $1671               cc=c9 a=c0 b=81 dp=00 x=358f y=0000 u=a385 s=1ff0  dt=24
1671| c47f        ANDB  #$7f                cc=c1 a=c0 b=01 dp=00 x=358f y=0000 u=a385 s=1ff0  dt=16
1673| a6c0        LDA   ,U+                 cc=c9 a=f0 b=01 dp=00 x=358f y=0000 u=a386 s=1ff0  dt=48
1675| a484        ANDA  ,X                  cc=c5 a=00 b=01 dp=00 x=358f y=0000 u=a386 s=1ff0  dt=32
1677| aac0        ORA   ,U+                 cc=c1 a=0c b=01 dp=00 x=358f y=0000 u=a387 s=1ff0  dt=48
1679| a780        STA   ,X+                 cc=c1 a=0c b=01 dp=00 x=3590 y=0000 u=a387 s=1ff0  dt=48
167b| 5a          DECB                      cc=c5 a=0c b=00 dp=00 x=3590 y=0000 u=a387 s=1ff0  dt=16
167c| 26f5        BNE   $1673               cc=c5 a=0c b=00 dp=00 x=3590 y=0000 u=a387 s=1ff0  dt=24
167e| e6c0        LDB   ,U+                 cc=c5 a=0c b=00 dp=00 x=3590 y=0000 u=a388 s=1ff0  dt=48
1680| c1ff        CMPB  #$ff                cc=c1 a=0c b=00 dp=00 x=3590 y=0000 u=a388 s=1ff0  dt=16
1682| 274a        BEQ   $16ce               cc=c1 a=0c b=00 dp=00 x=3590 y=0000 u=a388 s=1ff0  dt=24
1684| 3a          ABX                       cc=c1 a=0c b=00 dp=00 x=3590 y=0000 u=a388 s=1ff0  dt=24
1685| e6c0        LDB   ,U+                 cc=c1 a=0c b=05 dp=00 x=3590 y=0000 u=a389 s=1ff0  dt=48
1687| 2be8        BMI   $1671               cc=c1 a=0c b=05 dp=00 x=3590 y=0000 u=a389 s=1ff0  dt=24
1689| c105        CMPB  #$05                cc=c4 a=0c b=05 dp=00 x=3590 y=0000 u=a389 s=1ff0  dt=16
168b| 271b        BEQ   $16a8               cc=c4 a=0c b=05 dp=00 x=3590 y=0000 u=a389 s=1ff0  dt=24
16a8| ecc1        LDD   ,U++                cc=c8 a=cc b=c2 dp=00 x=3590 y=0000 u=a38b s=1ff0  dt=64
16aa| ed81        STD   ,X++                cc=c8 a=cc b=c2 dp=00 x=3592 y=0000 u=a38b s=1ff0  dt=64
16ac| ecc1        LDD   ,U++                cc=c8 a=cc b=2c dp=00 x=3592 y=0000 u=a38d s=1ff0  dt=64
16ae| ed81        STD   ,X++                cc=c8 a=cc b=2c dp=00 x=3594 y=0000 u=a38d s=1ff0  dt=64
16b0| a6c0        LDA   ,U+                 cc=c8 a=cc b=2c dp=00 x=3594 y=0000 u=a38e s=1ff0  dt=48
16b2| a780        STA   ,X+                 cc=c8 a=cc b=2c dp=00 x=3595 y=0000 u=a38e s=1ff0  dt=48
16b4| 20c8        BRA   $167e               cc=c8 a=cc b=2c dp=00 x=3595 y=0000 u=a38e s=1ff0  dt=24
167e| e6c0        LDB   ,U+                 cc=c4 a=cc b=00 dp=00 x=3595 y=0000 u=a38f s=1ff0  dt=48
1680| c1ff        CMPB  #$ff                cc=c1 a=cc b=00 dp=00 x=3595 y=0000 u=a38f s=1ff0  dt=16
1682| 274a        BEQ   $16ce               cc=c1 a=cc b=00 dp=00 x=3595 y=0000 u=a38f s=1ff0  dt=24
1684| 3a          ABX                       cc=c1 a=cc b=00 dp=00 x=3595 y=0000 u=a38f s=1ff0  dt=24
1685| e6c0        LDB   ,U+                 cc=c9 a=cc b=81 dp=00 x=3595 y=0000 u=a390 s=1ff0  dt=48
1687| 2be8        BMI   $1671               cc=c9 a=cc b=81 dp=00 x=3595 y=0000 u=a390 s=1ff0  dt=24
1671| c47f        ANDB  #$7f                cc=c1 a=cc b=01 dp=00 x=3595 y=0000 u=a390 s=1ff0  dt=16
1673| a6c0        LDA   ,U+                 cc=c1 a=0f b=01 dp=00 x=3595 y=0000 u=a391 s=1ff0  dt=48
1675| a484        ANDA  ,X                  cc=c5 a=00 b=01 dp=00 x=3595 y=0000 u=a391 s=1ff0  dt=32
1677| aac0        ORA   ,U+                 cc=c9 a=c0 b=01 dp=00 x=3595 y=0000 u=a392 s=1ff0  dt=48
1679| a780        STA   ,X+                 cc=c9 a=c0 b=01 dp=00 x=3596 y=0000 u=a392 s=1ff0  dt=48
167b| 5a          DECB                      cc=c5 a=c0 b=00 dp=00 x=3596 y=0000 u=a392 s=1ff0  dt=16
167c| 26f5        BNE   $1673               cc=c5 a=c0 b=00 dp=00 x=3596 y=0000 u=a392 s=1ff0  dt=24
167e| e6c0        LDB   ,U+                 cc=c9 a=c0 b=99 dp=00 x=3596 y=0000 u=a393 s=1ff0  dt=48
1680| c1ff        CMPB  #$ff                cc=c9 a=c0 b=99 dp=00 x=3596 y=0000 u=a393 s=1ff0  dt=16
1682| 274a        BEQ   $16ce               cc=c9 a=c0 b=99 dp=00 x=3596 y=0000 u=a393 s=1ff0  dt=24
1684| 3a          ABX                       cc=c9 a=c0 b=99 dp=00 x=362f y=0000 u=a393 s=1ff0  dt=24
1685| e6c0        LDB   ,U+                 cc=c9 a=c0 b=81 dp=00 x=362f y=0000 u=a394 s=1ff0  dt=48
1687| 2be8        BMI   $1671               cc=c9 a=c0 b=81 dp=00 x=362f y=0000 u=a394 s=1ff0  dt=24
1671| c47f        ANDB  #$7f                cc=c1 a=c0 b=01 dp=00 x=362f y=0000 u=a394 s=1ff0  dt=16
1673| a6c0        LDA   ,U+                 cc=c9 a=f0 b=01 dp=00 x=362f y=0000 u=a395 s=1ff0  dt=48
1675| a484        ANDA  ,X                  cc=c5 a=00 b=01 dp=00 x=362f y=0000 u=a395 s=1ff0  dt=32
1677| aac0        ORA   ,U+                 cc=c1 a=0c b=01 dp=00 x=362f y=0000 u=a396 s=1ff0  dt=48
1679| a780        STA   ,X+                 cc=c1 a=0c b=01 dp=00 x=3630 y=0000 u=a396 s=1ff0  dt=48
167b| 5a          DECB                      cc=c5 a=0c b=00 dp=00 x=3630 y=0000 u=a396 s=1ff0  dt=16
167c| 26f5        BNE   $1673               cc=c5 a=0c b=00 dp=00 x=3630 y=0000 u=a396 s=1ff0  dt=24
167e| e6c0        LDB   ,U+                 cc=c5 a=0c b=00 dp=00 x=3630 y=0000 u=a397 s=1ff0  dt=48
1680| c1ff        CMPB  #$ff                cc=c1 a=0c b=00 dp=00 x=3630 y=0000 u=a397 s=1ff0  dt=16
1682| 274a        BEQ   $16ce               cc=c1 a=0c b=00 dp=00 x=3630 y=0000 u=a397 s=1ff0  dt=24
1684| 3a          ABX                       cc=c1 a=0c b=00 dp=00 x=3630 y=0000 u=a397 s=1ff0  dt=24
1685| e6c0        LDB   ,U+                 cc=c1 a=0c b=05 dp=00 x=3630 y=0000 u=a398 s=1ff0  dt=48
1687| 2be8        BMI   $1671               cc=c1 a=0c b=05 dp=00 x=3630 y=0000 u=a398 s=1ff0  dt=24
1689| c105        CMPB  #$05                cc=c4 a=0c b=05 dp=00 x=3630 y=0000 u=a398 s=1ff0  dt=16
168b| 271b        BEQ   $16a8               cc=c4 a=0c b=05 dp=00 x=3630 y=0000 u=a398 s=1ff0  dt=24
16a8| ecc1        LDD   ,U++                cc=c8 a=cc b=cc dp=00 x=3630 y=0000 u=a39a s=1ff0  dt=64
16aa| ed81        STD   ,X++                cc=c8 a=cc b=cc dp=00 x=3632 y=0000 u=a39a s=1ff0  dt=64
16ac| ecc1        LDD   ,U++                cc=c8 a=cc b=cc dp=00 x=3632 y=0000 u=a39c s=1ff0  dt=64
16ae| ed81        STD   ,X++                cc=c8 a=cc b=cc dp=00 x=3634 y=0000 u=a39c s=1ff0  dt=64
16b0| a6c0        LDA   ,U+                 cc=c8 a=cc b=cc dp=00 x=3634 y=0000 u=a39d s=1ff0  dt=48
16b2| a780        STA   ,X+                 cc=c8 a=cc b=cc dp=00 x=3635 y=0000 u=a39d s=1ff0  dt=48
16b4| 20c8        BRA   $167e               cc=c8 a=cc b=cc dp=00 x=3635 y=0000 u=a39d s=1ff0  dt=24
167e| e6c0        LDB   ,U+                 cc=c4 a=cc b=00 dp=00 x=3635 y=0000 u=a39e s=1ff0  dt=48
1680| c1ff        CMPB  #$ff                cc=c1 a=cc b=00 dp=00 x=3635 y=0000 u=a39e s=1ff0  dt=16
1682| 274a        BEQ   $16ce               cc=c1 a=cc b=00 dp=00 x=3635 y=0000 u=a39e s=1ff0  dt=24
1684| 3a          ABX                       cc=c1 a=cc b=00 dp=00 x=3635 y=0000 u=a39e s=1ff0  dt=24
1685| e6c0        LDB   ,U+                 cc=c9 a=cc b=81 dp=00 x=3635 y=0000 u=a39f s=1ff0  dt=48
1687| 2be8        BMI   $1671               cc=c9 a=cc b=81 dp=00 x=3635 y=0000 u=a39f s=1ff0  dt=24
1671| c47f        ANDB  #$7f                cc=c1 a=cc b=01 dp=00 x=3635 y=0000 u=a39f s=1ff0  dt=16
1673| a6c0        LDA   ,U+                 cc=c1 a=0f b=01 dp=00 x=3635 y=0000 u=a3a0 s=1ff0  dt=48
1675| a484        ANDA  ,X                  cc=c5 a=00 b=01 dp=00 x=3635 y=0000 u=a3a0 s=1ff0  dt=32
1677| aac0        ORA   ,U+                 cc=c9 a=c0 b=01 dp=00 x=3635 y=0000 u=a3a1 s=1ff0  dt=48
1679| a780        STA   ,X+                 cc=c9 a=c0 b=01 dp=00 x=3636 y=0000 u=a3a1 s=1ff0  dt=48
167b| 5a          DECB                      cc=c5 a=c0 b=00 dp=00 x=3636 y=0000 u=a3a1 s=1ff0  dt=16
167c| 26f5        BNE   $1673               cc=c5 a=c0 b=00 dp=00 x=3636 y=0000 u=a3a1 s=1ff0  dt=24
167e| e6c0        LDB   ,U+                 cc=c9 a=c0 b=99 dp=00 x=3636 y=0000 u=a3a2 s=1ff0  dt=48
1680| c1ff        CMPB  #$ff                cc=c9 a=c0 b=99 dp=00 x=3636 y=0000 u=a3a2 s=1ff0  dt=16
1682| 274a        BEQ   $16ce               cc=c9 a=c0 b=99 dp=00 x=3636 y=0000 u=a3a2 s=1ff0  dt=24
1684| 3a          ABX                       cc=c9 a=c0 b=99 dp=00 x=36cf y=0000 u=a3a2 s=1ff0  dt=24
1685| e6c0        LDB   ,U+                 cc=c9 a=c0 b=81 dp=00 x=36cf y=0000 u=a3a3 s=1ff0  dt=48
1687| 2be8        BMI   $1671               cc=c9 a=c0 b=81 dp=00 x=36cf y=0000 u=a3a3 s=1ff0  dt=24
1671| c47f        ANDB  #$7f                cc=c1 a=c0 b=01 dp=00 x=36cf y=0000 u=a3a3 s=1ff0  dt=16
1673| a6c0        LDA   ,U+                 cc=c9 a=f0 b=01 dp=00 x=36cf y=0000 u=a3a4 s=1ff0  dt=48
1675| a484        ANDA  ,X                  cc=c5 a=00 b=01 dp=00 x=36cf y=0000 u=a3a4 s=1ff0  dt=32
1677| aac0        ORA   ,U+                 cc=c1 a=05 b=01 dp=00 x=36cf y=0000 u=a3a5 s=1ff0  dt=48
1679| a780        STA   ,X+                 cc=c1 a=05 b=01 dp=00 x=36d0 y=0000 u=a3a5 s=1ff0  dt=48
167b| 5a          DECB                      cc=c5 a=05 b=00 dp=00 x=36d0 y=0000 u=a3a5 s=1ff0  dt=16
167c| 26f5        BNE   $1673               cc=c5 a=05 b=00 dp=00 x=36d0 y=0000 u=a3a5 s=1ff0  dt=24
167e| e6c0        LDB   ,U+                 cc=c5 a=05 b=00 dp=00 x=36d0 y=0000 u=a3a6 s=1ff0  dt=48
1680| c1ff        CMPB  #$ff                cc=c1 a=05 b=00 dp=00 x=36d0 y=0000 u=a3a6 s=1ff0  dt=16
1682| 274a        BEQ   $16ce               cc=c1 a=05 b=00 dp=00 x=36d0 y=0000 u=a3a6 s=1ff0  dt=24
1684| 3a          ABX                       cc=c1 a=05 b=00 dp=00 x=36d0 y=0000 u=a3a6 s=1ff0  dt=24
1685| e6c0        LDB   ,U+                 cc=c1 a=05 b=05 dp=00 x=36d0 y=0000 u=a3a7 s=1ff0  dt=48
1687| 2be8        BMI   $1671               cc=c1 a=05 b=05 dp=00 x=36d0 y=0000 u=a3a7 s=1ff0  dt=24
1689| c105        CMPB  #$05                cc=c4 a=05 b=05 dp=00 x=36d0 y=0000 u=a3a7 s=1ff0  dt=16
168b| 271b        BEQ   $16a8               cc=c4 a=05 b=05 dp=00 x=36d0 y=0000 u=a3a7 s=1ff0  dt=24
16a8| ecc1        LDD   ,U++                cc=c8 a=cc b=c2 dp=00 x=36d0 y=0000 u=a3a9 s=1ff0  dt=64
16aa| ed81        STD   ,X++                cc=c8 a=cc b=c2 dp=00 x=36d2 y=0000 u=a3a9 s=1ff0  dt=64
16ac| ecc1        LDD   ,U++                cc=c8 a=cc b=2c dp=00 x=36d2 y=0000 u=a3ab s=1ff0  dt=64
16ae| ed81        STD   ,X++                cc=c8 a=cc b=2c dp=00 x=36d4 y=0000 u=a3ab s=1ff0  dt=64
16b0| a6c0        LDA   ,U+                 cc=c8 a=cc b=2c dp=00 x=36d4 y=0000 u=a3ac s=1ff0  dt=48
16b2| a780        STA   ,X+                 cc=c8 a=cc b=2c dp=00 x=36d5 y=0000 u=a3ac s=1ff0  dt=48
16b4| 20c8        BRA   $167e               cc=c8 a=cc b=2c dp=00 x=36d5 y=0000 u=a3ac s=1ff0  dt=24
167e| e6c0        LDB   ,U+                 cc=c4 a=cc b=00 dp=00 x=36d5 y=0000 u=a3ad s=1ff0  dt=48
1680| c1ff        CMPB  #$ff                cc=c1 a=cc b=00 dp=00 x=36d5 y=0000 u=a3ad s=1ff0  dt=16
1682| 274a        BEQ   $16ce               cc=c1 a=cc b=00 dp=00 x=36d5 y=0000 u=a3ad s=1ff0  dt=24
1684| 3a          ABX                       cc=c1 a=cc b=00 dp=00 x=36d5 y=0000 u=a3ad s=1ff0  dt=24
1685| e6c0        LDB   ,U+                 cc=c9 a=cc b=81 dp=00 x=36d5 y=0000 u=a3ae s=1ff0  dt=48
1687| 2be8        BMI   $1671               cc=c9 a=cc b=81 dp=00 x=36d5 y=0000 u=a3ae s=1ff0  dt=24
1671| c47f        ANDB  #$7f                cc=c1 a=cc b=01 dp=00 x=36d5 y=0000 u=a3ae s=1ff0  dt=16
1673| a6c0        LDA   ,U+                 cc=c1 a=0f b=01 dp=00 x=36d5 y=0000 u=a3af s=1ff0  dt=48
1675| a484        ANDA  ,X                  cc=c5 a=00 b=01 dp=00 x=36d5 y=0000 u=a3af s=1ff0  dt=32
1677| aac0        ORA   ,U+                 cc=c1 a=50 b=01 dp=00 x=36d5 y=0000 u=a3b0 s=1ff0  dt=48
1679| a780        STA   ,X+                 cc=c1 a=50 b=01 dp=00 x=36d6 y=0000 u=a3b0 s=1ff0  dt=48
167b| 5a          DECB                      cc=c5 a=50 b=00 dp=00 x=36d6 y=0000 u=a3b0 s=1ff0  dt=16
167c| 26f5        BNE   $1673               cc=c5 a=50 b=00 dp=00 x=36d6 y=0000 u=a3b0 s=1ff0  dt=24
167e| e6c0        LDB   ,U+                 cc=c9 a=50 b=99 dp=00 x=36d6 y=0000 u=a3b1 s=1ff0  dt=48
1680| c1ff        CMPB  #$ff                cc=c9 a=50 b=99 dp=00 x=36d6 y=0000 u=a3b1 s=1ff0  dt=16
1682| 274a        BEQ   $16ce               cc=c9 a=50 b=99 dp=00 x=36d6 y=0000 u=a3b1 s=1ff0  dt=24
1684| 3a          ABX                       cc=c9 a=50 b=99 dp=00 x=376f y=0000 u=a3b1 s=1ff0  dt=24
1685| e6c0        LDB   ,U+                 cc=c9 a=50 b=81 dp=00 x=376f y=0000 u=a3b2 s=1ff0  dt=48
1687| 2be8        BMI   $1671               cc=c9 a=50 b=81 dp=00 x=376f y=0000 u=a3b2 s=1ff0  dt=24
1671| c47f        ANDB  #$7f                cc=c1 a=50 b=01 dp=00 x=376f y=0000 u=a3b2 s=1ff0  dt=16
1673| a6c0        LDA   ,U+                 cc=c9 a=f0 b=01 dp=00 x=376f y=0000 u=a3b3 s=1ff0  dt=48
1675| a484        ANDA  ,X                  cc=c5 a=00 b=01 dp=00 x=376f y=0000 u=a3b3 s=1ff0  dt=32
1677| aac0        ORA   ,U+                 cc=c1 a=05 b=01 dp=00 x=376f y=0000 u=a3b4 s=1ff0  dt=48
1679| a780        STA   ,X+                 cc=c1 a=05 b=01 dp=00 x=3770 y=0000 u=a3b4 s=1ff0  dt=48
167b| 5a          DECB                      cc=c5 a=05 b=00 dp=00 x=3770 y=0000 u=a3b4 s=1ff0  dt=16
167c| 26f5        BNE   $1673               cc=c5 a=05 b=00 dp=00 x=3770 y=0000 u=a3b4 s=1ff0  dt=24
167e| e6c0        LDB   ,U+                 cc=c5 a=05 b=00 dp=00 x=3770 y=0000 u=a3b5 s=1ff0  dt=48
1680| c1ff        CMPB  #$ff                cc=c1 a=05 b=00 dp=00 x=3770 y=0000 u=a3b5 s=1ff0  dt=16
1682| 274a        BEQ   $16ce               cc=c1 a=05 b=00 dp=00 x=3770 y=0000 u=a3b5 s=1ff0  dt=24
1684| 3a          ABX                       cc=c1 a=05 b=00 dp=00 x=3770 y=0000 u=a3b5 s=1ff0  dt=24
1685| e6c0        LDB   ,U+                 cc=c1 a=05 b=05 dp=00 x=3770 y=0000 u=a3b6 s=1ff0  dt=48
1687| 2be8        BMI   $1671               cc=c1 a=05 b=05 dp=00 x=3770 y=0000 u=a3b6 s=1ff0  dt=24
1689| c105        CMPB  #$05                cc=c4 a=05 b=05 dp=00 x=3770 y=0000 u=a3b6 s=1ff0  dt=16
168b| 271b        BEQ   $16a8               cc=c4 a=05 b=05 dp=00 x=3770 y=0000 u=a3b6 s=1ff0  dt=24
16a8| ecc1        LDD   ,U++                cc=c8 a=cc b=cc dp=00 x=3770 y=0000 u=a3b8 s=1ff0  dt=64
16aa| ed81        STD   ,X++                cc=c8 a=cc b=cc dp=00 x=3772 y=0000 u=a3b8 s=1ff0  dt=64
16ac| ecc1        LDD   ,U++                cc=c8 a=cc b=cc dp=00 x=3772 y=0000 u=a3ba s=1ff0  dt=64
16ae| ed81        STD   ,X++                cc=c8 a=cc b=cc dp=00 x=3774 y=0000 u=a3ba s=1ff0  dt=64
16b0| a6c0        LDA   ,U+                 cc=c8 a=cc b=cc dp=00 x=3774 y=0000 u=a3bb s=1ff0  dt=48
16b2| a780        STA   ,X+                 cc=c8 a=cc b=cc dp=00 x=3775 y=0000 u=a3bb s=1ff0  dt=48
16b4| 20c8        BRA   $167e               cc=c8 a=cc b=cc dp=00 x=3775 y=0000 u=a3bb s=1ff0  dt=24
167e| e6c0        LDB   ,U+                 cc=c4 a=cc b=00 dp=00 x=3775 y=0000 u=a3bc s=1ff0  dt=48
1680| c1ff        CMPB  #$ff                cc=c1 a=cc b=00 dp=00 x=3775 y=0000 u=a3bc s=1ff0  dt=16
1682| 274a        BEQ   $16ce               cc=c1 a=cc b=00 dp=00 x=3775 y=0000 u=a3bc s=1ff0  dt=24
1684| 3a          ABX                       cc=c1 a=cc b=00 dp=00 x=3775 y=0000 u=a3bc s=1ff0  dt=24
1685| e6c0        LDB   ,U+                 cc=c9 a=cc b=81 dp=00 x=3775 y=0000 u=a3bd s=1ff0  dt=48
1687| 2be8        BMI   $1671               cc=c9 a=cc b=81 dp=00 x=3775 y=0000 u=a3bd s=1ff0  dt=24
1671| c47f        ANDB  #$7f                cc=c1 a=cc b=01 dp=00 x=3775 y=0000 u=a3bd s=1ff0  dt=16
1673| a6c0        LDA   ,U+                 cc=c1 a=0f b=01 dp=00 x=3775 y=0000 u=a3be s=1ff0  dt=48
1675| a484        ANDA  ,X                  cc=c5 a=00 b=01 dp=00 x=3775 y=0000 u=a3be s=1ff0  dt=32
1677| aac0        ORA   ,U+                 cc=c1 a=50 b=01 dp=00 x=3775 y=0000 u=a3bf s=1ff0  dt=48
1679| a780        STA   ,X+                 cc=c1 a=50 b=01 dp=00 x=3776 y=0000 u=a3bf s=1ff0  dt=48
167b| 5a          DECB                      cc=c5 a=50 b=00 dp=00 x=3776 y=0000 u=a3bf s=1ff0  dt=16
167c| 26f5        BNE   $1673               cc=c5 a=50 b=00 dp=00 x=3776 y=0000 u=a3bf s=1ff0  dt=24
167e| e6c0        LDB   ,U+                 cc=c9 a=50 b=9a dp=00 x=3776 y=0000 u=a3c0 s=1ff0  dt=48
1680| c1ff        CMPB  #$ff                cc=c9 a=50 b=9a dp=00 x=3776 y=0000 u=a3c0 s=1ff0  dt=16
1682| 274a        BEQ   $16ce               cc=c9 a=50 b=9a dp=00 x=3776 y=0000 u=a3c0 s=1ff0  dt=24
1684| 3a          ABX                       cc=c9 a=50 b=9a dp=00 x=3810 y=0000 u=a3c0 s=1ff0  dt=24
1685| e6c0        LDB   ,U+                 cc=c9 a=50 b=81 dp=00 x=3810 y=0000 u=a3c1 s=1ff0  dt=48
1687| 2be8        BMI   $1671               cc=c9 a=50 b=81 dp=00 x=3810 y=0000 u=a3c1 s=1ff0  dt=24
1671| c47f        ANDB  #$7f                cc=c1 a=50 b=01 dp=00 x=3810 y=0000 u=a3c1 s=1ff0  dt=16
1673| a6c0        LDA   ,U+                 cc=c9 a=f0 b=01 dp=00 x=3810 y=0000 u=a3c2 s=1ff0  dt=48
1675| a484        ANDA  ,X                  cc=c5 a=00 b=01 dp=00 x=3810 y=0000 u=a3c2 s=1ff0  dt=32
1677| aac0        ORA   ,U+                 cc=c1 a=0c b=01 dp=00 x=3810 y=0000 u=a3c3 s=1ff0  dt=48
1679| a780        STA   ,X+                 cc=c1 a=0c b=01 dp=00 x=3811 y=0000 u=a3c3 s=1ff0  dt=48
167b| 5a          DECB                      cc=c5 a=0c b=00 dp=00 x=3811 y=0000 u=a3c3 s=1ff0  dt=16
167c| 26f5        BNE   $1673               cc=c5 a=0c b=00 dp=00 x=3811 y=0000 u=a3c3 s=1ff0  dt=24
167e| e6c0        LDB   ,U+                 cc=c5 a=0c b=00 dp=00 x=3811 y=0000 u=a3c4 s=1ff0  dt=48
1680| c1ff        CMPB  #$ff                cc=c1 a=0c b=00 dp=00 x=3811 y=0000 u=a3c4 s=1ff0  dt=16
1682| 274a        BEQ   $16ce               cc=c1 a=0c b=00 dp=00 x=3811 y=0000 u=a3c4 s=1ff0  dt=24
1684| 3a          ABX                       cc=c1 a=0c b=00 dp=00 x=3811 y=0000 u=a3c4 s=1ff0  dt=24
1685| e6c0        LDB   ,U+                 cc=c1 a=0c b=03 dp=00 x=3811 y=0000 u=a3c5 s=1ff0  dt=48
1687| 2be8        BMI   $1671               cc=c1 a=0c b=03 dp=00 x=3811 y=0000 u=a3c5 s=1ff0  dt=24
1689| c105        CMPB  #$05                cc=c9 a=0c b=03 dp=00 x=3811 y=0000 u=a3c5 s=1ff0  dt=16
168b| 271b        BEQ   $16a8               cc=c9 a=0c b=03 dp=00 x=3811 y=0000 u=a3c5 s=1ff0  dt=24
168d| c104        CMPB  #$04                cc=c9 a=0c b=03 dp=00 x=3811 y=0000 u=a3c5 s=1ff0  dt=16
168f| 250f        BCS   $16a0               cc=c9 a=0c b=03 dp=00 x=3811 y=0000 u=a3c5 s=1ff0  dt=24
16a0| c102        CMPB  #$02                cc=c0 a=0c b=03 dp=00 x=3811 y=0000 u=a3c5 s=1ff0  dt=16
16a2| 2724        BEQ   $16c8               cc=c0 a=0c b=03 dp=00 x=3811 y=0000 u=a3c5 s=1ff0  dt=24
16a4| 250a        BCS   $16b0               cc=c0 a=0c b=03 dp=00 x=3811 y=0000 u=a3c5 s=1ff0  dt=24
16a6| 2004        BRA   $16ac               cc=c0 a=0c b=03 dp=00 x=3811 y=0000 u=a3c5 s=1ff0  dt=24
16ac| ecc1        LDD   ,U++                cc=c8 a=c2 b=cc dp=00 x=3811 y=0000 u=a3c7 s=1ff0  dt=64
16ae| ed81        STD   ,X++                cc=c8 a=c2 b=cc dp=00 x=3813 y=0000 u=a3c7 s=1ff0  dt=64
16b0| a6c0        LDA   ,U+                 cc=c0 a=2c b=cc dp=00 x=3813 y=0000 u=a3c8 s=1ff0  dt=48
16b2| a780        STA   ,X+                 cc=c0 a=2c b=cc dp=00 x=3814 y=0000 u=a3c8 s=1ff0  dt=48
16b4| 20c8        BRA   $167e               cc=c0 a=2c b=cc dp=00 x=3814 y=0000 u=a3c8 s=1ff0  dt=24
167e| e6c0        LDB   ,U+                 cc=c4 a=2c b=00 dp=00 x=3814 y=0000 u=a3c9 s=1ff0  dt=48
1680| c1ff        CMPB  #$ff                cc=c1 a=2c b=00 dp=00 x=3814 y=0000 u=a3c9 s=1ff0  dt=16
1682| 274a        BEQ   $16ce               cc=c1 a=2c b=00 dp=00 x=3814 y=0000 u=a3c9 s=1ff0  dt=24
1684| 3a          ABX                       cc=c1 a=2c b=00 dp=00 x=3814 y=0000 u=a3c9 s=1ff0  dt=24
1685| e6c0        LDB   ,U+                 cc=c9 a=2c b=81 dp=00 x=3814 y=0000 u=a3ca s=1ff0  dt=48
1687| 2be8        BMI   $1671               cc=c9 a=2c b=81 dp=00 x=3814 y=0000 u=a3ca s=1ff0  dt=24
1671| c47f        ANDB  #$7f                cc=c1 a=2c b=01 dp=00 x=3814 y=0000 u=a3ca s=1ff0  dt=16
1673| a6c0        LDA   ,U+                 cc=c1 a=0f b=01 dp=00 x=3814 y=0000 u=a3cb s=1ff0  dt=48
1675| a484        ANDA  ,X                  cc=c1 a=04 b=01 dp=00 x=3814 y=0000 u=a3cb s=1ff0  dt=32
1677| aac0        ORA   ,U+                 cc=c9 a=c4 b=01 dp=00 x=3814 y=0000 u=a3cc s=1ff0  dt=48
1679| a780        STA   ,X+                 cc=c9 a=c4 b=01 dp=00 x=3815 y=0000 u=a3cc s=1ff0  dt=48
167b| 5a          DECB                      cc=c5 a=c4 b=00 dp=00 x=3815 y=0000 u=a3cc s=1ff0  dt=16
167c| 26f5        BNE   $1673               cc=c5 a=c4 b=00 dp=00 x=3815 y=0000 u=a3cc s=1ff0  dt=24
167e| e6c0        LDB   ,U+                 cc=c9 a=c4 b=9c dp=00 x=3815 y=0000 u=a3cd s=1ff0  dt=48
1680| c1ff        CMPB  #$ff                cc=c9 a=c4 b=9c dp=00 x=3815 y=0000 u=a3cd s=1ff0  dt=16
1682| 274a        BEQ   $16ce               cc=c9 a=c4 b=9c dp=00 x=3815 y=0000 u=a3cd s=1ff0  dt=24
1684| 3a          ABX                       cc=c9 a=c4 b=9c dp=00 x=38b1 y=0000 u=a3cd s=1ff0  dt=24
1685| e6c0        LDB   ,U+                 cc=c9 a=c4 b=81 dp=00 x=38b1 y=0000 u=a3ce s=1ff0  dt=48
1687| 2be8        BMI   $1671               cc=c9 a=c4 b=81 dp=00 x=38b1 y=0000 u=a3ce s=1ff0  dt=24
1671| c47f        ANDB  #$7f                cc=c1 a=c4 b=01 dp=00 x=38b1 y=0000 u=a3ce s=1ff0  dt=16
1673| a6c0        LDA   ,U+                 cc=c9 a=f0 b=01 dp=00 x=38b1 y=0000 u=a3cf s=1ff0  dt=48
1675| a484        ANDA  ,X                  cc=c5 a=00 b=01 dp=00 x=38b1 y=0000 u=a3cf s=1ff0  dt=32
1677| aac0        ORA   ,U+                 cc=c1 a=0c b=01 dp=00 x=38b1 y=0000 u=a3d0 s=1ff0  dt=48
1679| a780        STA   ,X+                 cc=c1 a=0c b=01 dp=00 x=38b2 y=0000 u=a3d0 s=1ff0  dt=48
167b| 5a          DECB                      cc=c5 a=0c b=00 dp=00 x=38b2 y=0000 u=a3d0 s=1ff0  dt=16
167c| 26f5        BNE   $1673               cc=c5 a=0c b=00 dp=00 x=38b2 y=0000 u=a3d0 s=1ff0  dt=24
167e| e6c0        LDB   ,U+                 cc=c5 a=0c b=00 dp=00 x=38b2 y=0000 u=a3d1 s=1ff0  dt=48
1680| c1ff        CMPB  #$ff                cc=c1 a=0c b=00 dp=00 x=38b2 y=0000 u=a3d1 s=1ff0  dt=16
1682| 274a        BEQ   $16ce               cc=c1 a=0c b=00 dp=00 x=38b2 y=0000 u=a3d1 s=1ff0  dt=24
1684| 3a          ABX                       cc=c1 a=0c b=00 dp=00 x=38b2 y=0000 u=a3d1 s=1ff0  dt=24
1685| e6c0        LDB   ,U+                 cc=c1 a=0c b=01 dp=00 x=38b2 y=0000 u=a3d2 s=1ff0  dt=48
1687| 2be8        BMI   $1671               cc=c1 a=0c b=01 dp=00 x=38b2 y=0000 u=a3d2 s=1ff0  dt=24
1689| c105        CMPB  #$05                cc=c9 a=0c b=01 dp=00 x=38b2 y=0000 u=a3d2 s=1ff0  dt=16
168b| 271b        BEQ   $16a8               cc=c9 a=0c b=01 dp=00 x=38b2 y=0000 u=a3d2 s=1ff0  dt=24
168d| c104        CMPB  #$04                cc=c9 a=0c b=01 dp=00 x=38b2 y=0000 u=a3d2 s=1ff0  dt=16
168f| 250f        BCS   $16a0               cc=c9 a=0c b=01 dp=00 x=38b2 y=0000 u=a3d2 s=1ff0  dt=24
16a0| c102        CMPB  #$02                cc=c9 a=0c b=01 dp=00 x=38b2 y=0000 u=a3d2 s=1ff0  dt=16
16a2| 2724        BEQ   $16c8               cc=c9 a=0c b=01 dp=00 x=38b2 y=0000 u=a3d2 s=1ff0  dt=24
16a4| 250a        BCS   $16b0               cc=c9 a=0c b=01 dp=00 x=38b2 y=0000 u=a3d2 s=1ff0  dt=24
16b0| a6c0        LDA   ,U+                 cc=c9 a=cc b=01 dp=00 x=38b2 y=0000 u=a3d3 s=1ff0  dt=48
16b2| a780        STA   ,X+                 cc=c9 a=cc b=01 dp=00 x=38b3 y=0000 u=a3d3 s=1ff0  dt=48
16b4| 20c8        BRA   $167e               cc=c9 a=cc b=01 dp=00 x=38b3 y=0000 u=a3d3 s=1ff0  dt=24
167e| e6c0        LDB   ,U+                 cc=c5 a=cc b=00 dp=00 x=38b3 y=0000 u=a3d4 s=1ff0  dt=48
1680| c1ff        CMPB  #$ff                cc=c1 a=cc b=00 dp=00 x=38b3 y=0000 u=a3d4 s=1ff0  dt=16
1682| 274a        BEQ   $16ce               cc=c1 a=cc b=00 dp=00 x=38b3 y=0000 u=a3d4 s=1ff0  dt=24
1684| 3a          ABX                       cc=c1 a=cc b=00 dp=00 x=38b3 y=0000 u=a3d4 s=1ff0  dt=24
1685| e6c0        LDB   ,U+                 cc=c9 a=cc b=81 dp=00 x=38b3 y=0000 u=a3d5 s=1ff0  dt=48
1687| 2be8        BMI   $1671               cc=c9 a=cc b=81 dp=00 x=38b3 y=0000 u=a3d5 s=1ff0  dt=24
1671| c47f        ANDB  #$7f                cc=c1 a=cc b=01 dp=00 x=38b3 y=0000 u=a3d5 s=1ff0  dt=16
1673| a6c0        LDA   ,U+                 cc=c1 a=0f b=01 dp=00 x=38b3 y=0000 u=a3d6 s=1ff0  dt=48
1675| a484        ANDA  ,X                  cc=c5 a=00 b=01 dp=00 x=38b3 y=0000 u=a3d6 s=1ff0  dt=32
1677| aac0        ORA   ,U+                 cc=c9 a=c0 b=01 dp=00 x=38b3 y=0000 u=a3d7 s=1ff0  dt=48
1679| a780        STA   ,X+                 cc=c9 a=c0 b=01 dp=00 x=38b4 y=0000 u=a3d7 s=1ff0  dt=48
167b| 5a          DECB                      cc=c5 a=c0 b=00 dp=00 x=38b4 y=0000 u=a3d7 s=1ff0  dt=16
167c| 26f5        BNE   $1673               cc=c5 a=c0 b=00 dp=00 x=38b4 y=0000 u=a3d7 s=1ff0  dt=24
167e| e6c0        LDB   ,U+                 cc=c9 a=c0 b=ff dp=00 x=38b4 y=0000 u=a3d8 s=1ff0  dt=48
1680| c1ff        CMPB  #$ff                cc=c4 a=c0 b=ff dp=00 x=38b4 y=0000 u=a3d8 s=1ff0  dt=16
1682| 274a        BEQ   $16ce               cc=c4 a=c0 b=ff dp=00 x=38b4 y=0000 u=a3d8 s=1ff0  dt=24
16ce| ecc1        LDD   ,U++                cc=c4 a=00 b=00 dp=00 x=38b4 y=0000 u=a3da s=1ff0  dt=64
16d0| 2706        BEQ   $16d8               cc=c4 a=00 b=00 dp=00 x=38b4 y=0000 u=a3da s=1ff0  dt=24
16d8| 8634        LDA   #$34                cc=c0 a=34 b=00 dp=00 x=38b4 y=0000 u=a3da s=1ff0  dt=16
16da| b7ffa5      STA   $ffa5               cc=c0 a=34 b=00 dp=00 x=38b4 y=0000 u=a3da s=1ff0  dt=40
16dd| 39          RTS                       cc=c0 a=34 b=00 dp=00 x=38b4 y=0000 u=a3da s=1ff2  dt=40
13e1| 39          RTS                       cc=c0 a=34 b=00 dp=00 x=38b4 y=0000 u=a3da s=1ff4  dt=40
0c9b| 3510        PULS  X                   cc=c0 a=34 b=00 dp=00 x=a478 y=0000 u=a3da s=1ff6  dt=56
0c9d| 3008        LEAX  8,X                 cc=c0 a=34 b=00 dp=00 x=a480 y=0000 u=a3da s=1ff6  dt=40
0c9f| 0a5d        DEC   <$5d                cc=c0 a=34 b=00 dp=00 x=a480 y=0000 u=a3da s=1ff6  dt=48
0ca1| 26e7        BNE   $0c8a               cc=c0 a=34 b=00 dp=00 x=a480 y=0000 u=a3da s=1ff6  dt=24
0c8a| 6d84        TST   ,X                  cc=c0 a=34 b=00 dp=00 x=a480 y=0000 u=a3da s=1ff6  dt=48
0c8c| 270f        BEQ   $0c9d               cc=c0 a=34 b=00 dp=00 x=a480 y=0000 u=a3da s=1ff6  dt=24
0c8e| 6d06        TST   6,X                 cc=c0 a=34 b=00 dp=00 x=a480 y=0000 u=a3da s=1ff6  dt=56
0c90| 270b        BEQ   $0c9d               cc=c0 a=34 b=00 dp=00 x=a480 y=0000 u=a3da s=1ff6  dt=24
0c92| e607        LDB   7,X                 cc=c8 a=34 b=ff dp=00 x=a480 y=0000 u=a3da s=1ff6  dt=40
0c94| 3410        PSHS  X                   cc=c8 a=34 b=ff dp=00 x=a480 y=0000 u=a3da s=1ff4  dt=56
0c96| ae01        LDX   1,X                 cc=c0 a=34 b=ff dp=00 x=6fca y=0000 u=a3da s=1ff4  dt=48
0c98| 17073d      LBSR  $13d8               cc=c0 a=34 b=ff dp=00 x=6fca y=0000 u=a3da s=1ff2  dt=72
13d8| 17022d      LBSR  $1608               cc=c0 a=34 b=ff dp=00 x=6fca y=0000 u=a3da s=1ff0  dt=72
1608| c104        CMPB  #$04                cc=c8 a=34 b=ff dp=00 x=6fca y=0000 u=a3da s=1ff0  dt=16
160a| 2501        BCS   $160d               cc=c8 a=34 b=ff dp=00 x=6fca y=0000 u=a3da s=1ff0  dt=24
160c| 5f          CLRB                      cc=c4 a=34 b=00 dp=00 x=6fca y=0000 u=a3da s=1ff0  dt=16
160d| d766        STB   <$66                cc=c4 a=34 b=00 dp=00 x=6fca y=0000 u=a3da s=1ff0  dt=32
160f| 8604        LDA   #$04                cc=c0 a=04 b=00 dp=00 x=6fca y=0000 u=a3da s=1ff0  dt=16
1611| 905d        SUBA  <$5d                cc=c0 a=02 b=00 dp=00 x=6fca y=0000 u=a3da s=1ff0  dt=32
1613| 8104        CMPA  #$04                cc=c9 a=02 b=00 dp=00 x=6fca y=0000 u=a3da s=1ff0  dt=16
1615| 2302        BLS   $1619               cc=c9 a=02 b=00 dp=00 x=6fca y=0000 u=a3da s=1ff0  dt=24
1619| 9764        STA   <$64                cc=c1 a=02 b=00 dp=00 x=6fca y=0000 u=a3da s=1ff0  dt=32
161b| 9624        LDA   <$24                cc=c1 a=01 b=00 dp=00 x=6fca y=0000 u=a3da s=1ff0  dt=32
161d| 8109        CMPA  #$09                cc=c9 a=01 b=00 dp=00 x=6fca y=0000 u=a3da s=1ff0  dt=16
161f| 2517        BCS   $1638               cc=c9 a=01 b=00 dp=00 x=6fca y=0000 u=a3da s=1ff0  dt=24
1638| 4a          DECA                      cc=c5 a=00 b=00 dp=00 x=6fca y=0000 u=a3da s=1ff0  dt=16
1639| 48          LSLA                      cc=c4 a=00 b=00 dp=00 x=6fca y=0000 u=a3da s=1ff0  dt=16
163a| 48          LSLA                      cc=c4 a=00 b=00 dp=00 x=6fca y=0000 u=a3da s=1ff0  dt=16
163b| 9b66        ADDA  <$66                cc=c4 a=00 b=00 dp=00 x=6fca y=0000 u=a3da s=1ff0  dt=32
163d| 48          LSLA                      cc=c4 a=00 b=00 dp=00 x=6fca y=0000 u=a3da s=1ff0  dt=16
163e| 48          LSLA                      cc=c4 a=00 b=00 dp=00 x=6fca y=0000 u=a3da s=1ff0  dt=16
163f| 9a54        ORA   <$54                cc=c0 a=02 b=00 dp=00 x=6fca y=0000 u=a3da s=1ff0  dt=32
1641| 39          RTS                       cc=c0 a=02 b=00 dp=00 x=6fca y=0000 u=a3da s=1ff2  dt=40
13db| 170271      LBSR  $164f               cc=c0 a=02 b=00 dp=00 x=6fca y=0000 u=a3da s=1ff0  dt=72
164f| c603        LDB   #$03                cc=c0 a=02 b=03 dp=00 x=6fca y=0000 u=a3da s=1ff0  dt=16
1651| 3d          MUL                       cc=c0 a=00 b=06 dp=00 x=6fca y=0000 u=a3da s=1ff0  dt=88
1652| ce0500      LDU   #$0500              cc=c0 a=00 b=06 dp=00 x=6fca y=0000 u=0500 s=1ff0  dt=24
1655| 33cb        LEAU  D,U                 cc=c0 a=00 b=06 dp=00 x=6fca y=0000 u=0506 s=1ff0  dt=64
1657| a6c4        LDA   ,U                  cc=c0 a=35 b=06 dp=00 x=6fca y=0000 u=0506 s=1ff0  dt=32
1659| b7ffa5      STA   $ffa5               cc=c0 a=35 b=06 dp=00 x=6fca y=0000 u=0506 s=1ff0  dt=40
165c| ee41        LDU   1,U                 cc=c8 a=35 b=06 dp=00 x=6fca y=0000 u=a313 s=1ff0  dt=48
165e| 39          RTS                       cc=c8 a=35 b=06 dp=00 x=6fca y=0000 u=a313 s=1ff2  dt=40
13de| 17028e      LBSR  $166f               cc=c8 a=35 b=06 dp=00 x=6fca y=0000 u=a313 s=1ff0  dt=72
166f| 200d        BRA   $167e               cc=c8 a=35 b=06 dp=00 x=6fca y=0000 u=a313 s=1ff0  dt=24
167e| e6c0        LDB   ,U+                 cc=c0 a=35 b=03 dp=00 x=6fca y=0000 u=a314 s=1ff0  dt=48
1680| c1ff        CMPB  #$ff                cc=c1 a=35 b=03 dp=00 x=6fca y=0000 u=a314 s=1ff0  dt=16
1682| 274a        BEQ   $16ce               cc=c1 a=35 b=03 dp=00 x=6fca y=0000 u=a314 s=1ff0  dt=24
1684| 3a          ABX                       cc=c1 a=35 b=03 dp=00 x=6fcd y=0000 u=a314 s=1ff0  dt=24
1685| e6c0        LDB   ,U+                 cc=c1 a=35 b=01 dp=00 x=6fcd y=0000 u=a315 s=1ff0  dt=48
1687| 2be8        BMI   $1671               cc=c1 a=35 b=01 dp=00 x=6fcd y=0000 u=a315 s=1ff0  dt=24
1689| c105        CMPB  #$05                cc=c9 a=35 b=01 dp=00 x=6fcd y=0000 u=a315 s=1ff0  dt=16
168b| 271b        BEQ   $16a8               cc=c9 a=35 b=01 dp=00 x=6fcd y=0000 u=a315 s=1ff0  dt=24
168d| c104        CMPB  #$04                cc=c9 a=35 b=01 dp=00 x=6fcd y=0000 u=a315 s=1ff0  dt=16
168f| 250f        BCS   $16a0               cc=c9 a=35 b=01 dp=00 x=6fcd y=0000 u=a315 s=1ff0  dt=24
16a0| c102        CMPB  #$02                cc=c9 a=35 b=01 dp=00 x=6fcd y=0000 u=a315 s=1ff0  dt=16
16a2| 2724        BEQ   $16c8               cc=c9 a=35 b=01 dp=00 x=6fcd y=0000 u=a315 s=1ff0  dt=24
16a4| 250a        BCS   $16b0               cc=c9 a=35 b=01 dp=00 x=6fcd y=0000 u=a315 s=1ff0  dt=24
16b0| a6c0        LDA   ,U+                 cc=c9 a=cc b=01 dp=00 x=6fcd y=0000 u=a316 s=1ff0  dt=48
16b2| a780        STA   ,X+                 cc=c9 a=cc b=01 dp=00 x=6fce y=0000 u=a316 s=1ff0  dt=48
16b4| 20c8        BRA   $167e               cc=c9 a=cc b=01 dp=00 x=6fce y=0000 u=a316 s=1ff0  dt=24
167e| e6c0        LDB   ,U+                 cc=c1 a=cc b=01 dp=00 x=6fce y=0000 u=a317 s=1ff0  dt=48
1680| c1ff        CMPB  #$ff                cc=c1 a=cc b=01 dp=00 x=6fce y=0000 u=a317 s=1ff0  dt=16
1682| 274a        BEQ   $16ce               cc=c1 a=cc b=01 dp=00 x=6fce y=0000 u=a317 s=1ff0  dt=24
1684| 3a          ABX                       cc=c1 a=cc b=01 dp=00 x=6fcf y=0000 u=a317 s=1ff0  dt=24
1685| e6c0        LDB   ,U+                 cc=c1 a=cc b=01 dp=00 x=6fcf y=0000 u=a318 s=1ff0  dt=48
1687| 2be8        BMI   $1671               cc=c1 a=cc b=01 dp=00 x=6fcf y=0000 u=a318 s=1ff0  dt=24
1689| c105        CMPB  #$05                cc=c9 a=cc b=01 dp=00 x=6fcf y=0000 u=a318 s=1ff0  dt=16
168b| 271b        BEQ   $16a8               cc=c9 a=cc b=01 dp=00 x=6fcf y=0000 u=a318 s=1ff0  dt=24
168d| c104        CMPB  #$04                cc=c9 a=cc b=01 dp=00 x=6fcf y=0000 u=a318 s=1ff0  dt=16
168f| 250f        BCS   $16a0               cc=c9 a=cc b=01 dp=00 x=6fcf y=0000 u=a318 s=1ff0  dt=24
16a0| c102        CMPB  #$02                cc=c9 a=cc b=01 dp=00 x=6fcf y=0000 u=a318 s=1ff0  dt=16
16a2| 2724        BEQ   $16c8               cc=c9 a=cc b=01 dp=00 x=6fcf y=0000 u=a318 s=1ff0  dt=24
16a4| 250a        BCS   $16b0               cc=c9 a=cc b=01 dp=00 x=6fcf y=0000 u=a318 s=1ff0  dt=24
16b0| a6c0        LDA   ,U+                 cc=c9 a=cc b=01 dp=00 x=6fcf y=0000 u=a319 s=1ff0  dt=48
16b2| a780        STA   ,X+                 cc=c9 a=cc b=01 dp=00 x=6fd0 y=0000 u=a319 s=1ff0  dt=48
16b4| 20c8        BRA   $167e               cc=c9 a=cc b=01 dp=00 x=6fd0 y=0000 u=a319 s=1ff0  dt=24
167e| e6c0        LDB   ,U+                 cc=c9 a=cc b=9c dp=00 x=6fd0 y=0000 u=a31a s=1ff0  dt=48
1680| c1ff        CMPB  #$ff                cc=c9 a=cc b=9c dp=00 x=6fd0 y=0000 u=a31a s=1ff0  dt=16
1682| 274a        BEQ   $16ce               cc=c9 a=cc b=9c dp=00 x=6fd0 y=0000 u=a31a s=1ff0  dt=24
1684| 3a          ABX                       cc=c9 a=cc b=9c dp=00 x=706c y=0000 u=a31a s=1ff0  dt=24
1685| e6c0        LDB   ,U+                 cc=c9 a=cc b=81 dp=00 x=706c y=0000 u=a31b s=1ff0  dt=48
1687| 2be8        BMI   $1671               cc=c9 a=cc b=81 dp=00 x=706c y=0000 u=a31b s=1ff0  dt=24
1671| c47f        ANDB  #$7f                cc=c1 a=cc b=01 dp=00 x=706c y=0000 u=a31b s=1ff0  dt=16
1673| a6c0        LDA   ,U+                 cc=c9 a=f0 b=01 dp=00 x=706c y=0000 u=a31c s=1ff0  dt=48
1675| a484        ANDA  ,X                  cc=c1 a=50 b=01 dp=00 x=706c y=0000 u=a31c s=1ff0  dt=32
1677| aac0        ORA   ,U+                 cc=c1 a=5c b=01 dp=00 x=706c y=0000 u=a31d s=1ff0  dt=48
1679| a780        STA   ,X+                 cc=c1 a=5c b=01 dp=00 x=706d y=0000 u=a31d s=1ff0  dt=48
167b| 5a          DECB                      cc=c5 a=5c b=00 dp=00 x=706d y=0000 u=a31d s=1ff0  dt=16
167c| 26f5        BNE   $1673               cc=c5 a=5c b=00 dp=00 x=706d y=0000 u=a31d s=1ff0  dt=24
167e| e6c0        LDB   ,U+                 cc=c1 a=5c b=03 dp=00 x=706d y=0000 u=a31e s=1ff0  dt=48
1680| c1ff        CMPB  #$ff                cc=c1 a=5c b=03 dp=00 x=706d y=0000 u=a31e s=1ff0  dt=16
1682| 274a        BEQ   $16ce               cc=c1 a=5c b=03 dp=00 x=706d y=0000 u=a31e s=1ff0  dt=24
1684| 3a          ABX                       cc=c1 a=5c b=03 dp=00 x=7070 y=0000 u=a31e s=1ff0  dt=24
1685| e6c0        LDB   ,U+                 cc=c9 a=5c b=81 dp=00 x=7070 y=0000 u=a31f s=1ff0  dt=48
1687| 2be8        BMI   $1671               cc=c9 a=5c b=81 dp=00 x=7070 y=0000 u=a31f s=1ff0  dt=24
1671| c47f        ANDB  #$7f                cc=c1 a=5c b=01 dp=00 x=7070 y=0000 u=a31f s=1ff0  dt=16
1673| a6c0        LDA   ,U+                 cc=c1 a=0f b=01 dp=00 x=7070 y=0000 u=a320 s=1ff0  dt=48
1675| a484        ANDA  ,X                  cc=c5 a=00 b=01 dp=00 x=7070 y=0000 u=a320 s=1ff0  dt=32
1677| aac0        ORA   ,U+                 cc=c9 a=c0 b=01 dp=00 x=7070 y=0000 u=a321 s=1ff0  dt=48
1679| a780        STA   ,X+                 cc=c9 a=c0 b=01 dp=00 x=7071 y=0000 u=a321 s=1ff0  dt=48
167b| 5a          DECB                      cc=c5 a=c0 b=00 dp=00 x=7071 y=0000 u=a321 s=1ff0  dt=16
167c| 26f5        BNE   $1673               cc=c5 a=c0 b=00 dp=00 x=7071 y=0000 u=a321 s=1ff0  dt=24
167e| e6c0        LDB   ,U+                 cc=c9 a=c0 b=9b dp=00 x=7071 y=0000 u=a322 s=1ff0  dt=48
1680| c1ff        CMPB  #$ff                cc=c9 a=c0 b=9b dp=00 x=7071 y=0000 u=a322 s=1ff0  dt=16
1682| 274a        BEQ   $16ce               cc=c9 a=c0 b=9b dp=00 x=7071 y=0000 u=a322 s=1ff0  dt=24
1684| 3a          ABX                       cc=c9 a=c0 b=9b dp=00 x=710c y=0000 u=a322 s=1ff0  dt=24
1685| e6c0        LDB   ,U+                 cc=c9 a=c0 b=82 dp=00 x=710c y=0000 u=a323 s=1ff0  dt=48
1687| 2be8        BMI   $1671               cc=c9 a=c0 b=82 dp=00 x=710c y=0000 u=a323 s=1ff0  dt=24
1671| c47f        ANDB  #$7f                cc=c1 a=c0 b=02 dp=00 x=710c y=0000 u=a323 s=1ff0  dt=16
1673| a6c0        LDA   ,U+                 cc=c9 a=f0 b=02 dp=00 x=710c y=0000 u=a324 s=1ff0  dt=48
1675| a484        ANDA  ,X                  cc=c1 a=50 b=02 dp=00 x=710c y=0000 u=a324 s=1ff0  dt=32
1677| aac0        ORA   ,U+                 cc=c1 a=5c b=02 dp=00 x=710c y=0000 u=a325 s=1ff0  dt=48
1679| a780        STA   ,X+                 cc=c1 a=5c b=02 dp=00 x=710d y=0000 u=a325 s=1ff0  dt=48
167b| 5a          DECB                      cc=c1 a=5c b=01 dp=00 x=710d y=0000 u=a325 s=1ff0  dt=16
167c| 26f5        BNE   $1673               cc=c1 a=5c b=01 dp=00 x=710d y=0000 u=a325 s=1ff0  dt=24
1673| a6c0        LDA   ,U+                 cc=c9 a=f0 b=01 dp=00 x=710d y=0000 u=a326 s=1ff0  dt=48
1675| a484        ANDA  ,X                  cc=c5 a=00 b=01 dp=00 x=710d y=0000 u=a326 s=1ff0  dt=32
1677| aac0        ORA   ,U+                 cc=c1 a=0c b=01 dp=00 x=710d y=0000 u=a327 s=1ff0  dt=48
1679| a780        STA   ,X+                 cc=c1 a=0c b=01 dp=00 x=710e y=0000 u=a327 s=1ff0  dt=48
167b| 5a          DECB                      cc=c5 a=0c b=00 dp=00 x=710e y=0000 u=a327 s=1ff0  dt=16
167c| 26f5        BNE   $1673               cc=c5 a=0c b=00 dp=00 x=710e y=0000 u=a327 s=1ff0  dt=24
167e| e6c0        LDB   ,U+                 cc=c1 a=0c b=01 dp=00 x=710e y=0000 u=a328 s=1ff0  dt=48
1680| c1ff        CMPB  #$ff                cc=c1 a=0c b=01 dp=00 x=710e y=0000 u=a328 s=1ff0  dt=16
1682| 274a        BEQ   $16ce               cc=c1 a=0c b=01 dp=00 x=710e y=0000 u=a328 s=1ff0  dt=24
1684| 3a          ABX                       cc=c1 a=0c b=01 dp=00 x=710f y=0000 u=a328 s=1ff0  dt=24
1685| e6c0        LDB   ,U+                 cc=c9 a=0c b=82 dp=00 x=710f y=0000 u=a329 s=1ff0  dt=48
1687| 2be8        BMI   $1671               cc=c9 a=0c b=82 dp=00 x=710f y=0000 u=a329 s=1ff0  dt=24
1671| c47f        ANDB  #$7f                cc=c1 a=0c b=02 dp=00 x=710f y=0000 u=a329 s=1ff0  dt=16
1673| a6c0        LDA   ,U+                 cc=c1 a=0f b=02 dp=00 x=710f y=0000 u=a32a s=1ff0  dt=48
1675| a484        ANDA  ,X                  cc=c5 a=00 b=02 dp=00 x=710f y=0000 u=a32a s=1ff0  dt=32
1677| aac0        ORA   ,U+                 cc=c9 a=c0 b=02 dp=00 x=710f y=0000 u=a32b s=1ff0  dt=48
1679| a780        STA   ,X+                 cc=c9 a=c0 b=02 dp=00 x=7110 y=0000 u=a32b s=1ff0  dt=48
167b| 5a          DECB                      cc=c1 a=c0 b=01 dp=00 x=7110 y=0000 u=a32b s=1ff0  dt=16
167c| 26f5        BNE   $1673               cc=c1 a=c0 b=01 dp=00 x=7110 y=0000 u=a32b s=1ff0  dt=24
1673| a6c0        LDA   ,U+                 cc=c1 a=0f b=01 dp=00 x=7110 y=0000 u=a32c s=1ff0  dt=48
1675| a484        ANDA  ,X                  cc=c1 a=06 b=01 dp=00 x=7110 y=0000 u=a32c s=1ff0  dt=32
1677| aac0        ORA   ,U+                 cc=c9 a=c6 b=01 dp=00 x=7110 y=0000 u=a32d s=1ff0  dt=48
1679| a780        STA   ,X+                 cc=c9 a=c6 b=01 dp=00 x=7111 y=0000 u=a32d s=1ff0  dt=48
167b| 5a          DECB                      cc=c5 a=c6 b=00 dp=00 x=7111 y=0000 u=a32d s=1ff0  dt=16
167c| 26f5        BNE   $1673               cc=c5 a=c6 b=00 dp=00 x=7111 y=0000 u=a32d s=1ff0  dt=24
167e| e6c0        LDB   ,U+                 cc=c9 a=c6 b=9a dp=00 x=7111 y=0000 u=a32e s=1ff0  dt=48
1680| c1ff        CMPB  #$ff                cc=c9 a=c6 b=9a dp=00 x=7111 y=0000 u=a32e s=1ff0  dt=16
1682| 274a        BEQ   $16ce               cc=c9 a=c6 b=9a dp=00 x=7111 y=0000 u=a32e s=1ff0  dt=24
1684| 3a          ABX                       cc=c9 a=c6 b=9a dp=00 x=71ab y=0000 u=a32e s=1ff0  dt=24
1685| e6c0        LDB   ,U+                 cc=c9 a=c6 b=81 dp=00 x=71ab y=0000 u=a32f s=1ff0  dt=48
1687| 2be8        BMI   $1671               cc=c9 a=c6 b=81 dp=00 x=71ab y=0000 u=a32f s=1ff0  dt=24
1671| c47f        ANDB  #$7f                cc=c1 a=c6 b=01 dp=00 x=71ab y=0000 u=a32f s=1ff0  dt=16
1673| a6c0        LDA   ,U+                 cc=c9 a=f0 b=01 dp=00 x=71ab y=0000 u=a330 s=1ff0  dt=48
1675| a484        ANDA  ,X                  cc=c5 a=00 b=01 dp=00 x=71ab y=0000 u=a330 s=1ff0  dt=32
1677| aac0        ORA   ,U+                 cc=c1 a=05 b=01 dp=00 x=71ab y=0000 u=a331 s=1ff0  dt=48
1679| a780        STA   ,X+                 cc=c1 a=05 b=01 dp=00 x=71ac y=0000 u=a331 s=1ff0  dt=48
167b| 5a          DECB                      cc=c5 a=05 b=00 dp=00 x=71ac y=0000 u=a331 s=1ff0  dt=16
167c| 26f5        BNE   $1673               cc=c5 a=05 b=00 dp=00 x=71ac y=0000 u=a331 s=1ff0  dt=24
167e| e6c0        LDB   ,U+                 cc=c1 a=05 b=01 dp=00 x=71ac y=0000 u=a332 s=1ff0  dt=48
1680| c1ff        CMPB  #$ff                cc=c1 a=05 b=01 dp=00 x=71ac y=0000 u=a332 s=1ff0  dt=16
1682| 274a        BEQ   $16ce               cc=c1 a=05 b=01 dp=00 x=71ac y=0000 u=a332 s=1ff0  dt=24
1684| 3a          ABX                       cc=c1 a=05 b=01 dp=00 x=71ad y=0000 u=a332 s=1ff0  dt=24
1685| e6c0        LDB   ,U+                 cc=c9 a=05 b=81 dp=00 x=71ad y=0000 u=a333 s=1ff0  dt=48
1687| 2be8        BMI   $1671               cc=c9 a=05 b=81 dp=00 x=71ad y=0000 u=a333 s=1ff0  dt=24
1671| c47f        ANDB  #$7f                cc=c1 a=05 b=01 dp=00 x=71ad y=0000 u=a333 s=1ff0  dt=16
1673| a6c0        LDA   ,U+                 cc=c1 a=0f b=01 dp=00 x=71ad y=0000 u=a334 s=1ff0  dt=48
1675| a484        ANDA  ,X                  cc=c5 a=00 b=01 dp=00 x=71ad y=0000 u=a334 s=1ff0  dt=32
1677| aac0        ORA   ,U+                 cc=c9 a=c0 b=01 dp=00 x=71ad y=0000 u=a335 s=1ff0  dt=48
1679| a780        STA   ,X+                 cc=c9 a=c0 b=01 dp=00 x=71ae y=0000 u=a335 s=1ff0  dt=48
167b| 5a          DECB                      cc=c5 a=c0 b=00 dp=00 x=71ae y=0000 u=a335 s=1ff0  dt=16
167c| 26f5        BNE   $1673               cc=c5 a=c0 b=00 dp=00 x=71ae y=0000 u=a335 s=1ff0  dt=24
167e| e6c0        LDB   ,U+                 cc=c5 a=c0 b=00 dp=00 x=71ae y=0000 u=a336 s=1ff0  dt=48
1680| c1ff        CMPB  #$ff                cc=c1 a=c0 b=00 dp=00 x=71ae y=0000 u=a336 s=1ff0  dt=16
1682| 274a        BEQ   $16ce               cc=c1 a=c0 b=00 dp=00 x=71ae y=0000 u=a336 s=1ff0  dt=24
1684| 3a          ABX                       cc=c1 a=c0 b=00 dp=00 x=71ae y=0000 u=a336 s=1ff0  dt=24
1685| e6c0        LDB   ,U+                 cc=c1 a=c0 b=01 dp=00 x=71ae y=0000 u=a337 s=1ff0  dt=48
1687| 2be8        BMI   $1671               cc=c1 a=c0 b=01 dp=00 x=71ae y=0000 u=a337 s=1ff0  dt=24
1689| c105        CMPB  #$05                cc=c9 a=c0 b=01 dp=00 x=71ae y=0000 u=a337 s=1ff0  dt=16
168b| 271b        BEQ   $16a8               cc=c9 a=c0 b=01 dp=00 x=71ae y=0000 u=a337 s=1ff0  dt=24
168d| c104        CMPB  #$04                cc=c9 a=c0 b=01 dp=00 x=71ae y=0000 u=a337 s=1ff0  dt=16
168f| 250f        BCS   $16a0               cc=c9 a=c0 b=01 dp=00 x=71ae y=0000 u=a337 s=1ff0  dt=24
16a0| c102        CMPB  #$02                cc=c9 a=c0 b=01 dp=00 x=71ae y=0000 u=a337 s=1ff0  dt=16
16a2| 2724        BEQ   $16c8               cc=c9 a=c0 b=01 dp=00 x=71ae y=0000 u=a337 s=1ff0  dt=24
16a4| 250a        BCS   $16b0               cc=c9 a=c0 b=01 dp=00 x=71ae y=0000 u=a337 s=1ff0  dt=24
16b0| a6c0        LDA   ,U+                 cc=c1 a=55 b=01 dp=00 x=71ae y=0000 u=a338 s=1ff0  dt=48
16b2| a780        STA   ,X+                 cc=c1 a=55 b=01 dp=00 x=71af y=0000 u=a338 s=1ff0  dt=48
16b4| 20c8        BRA   $167e               cc=c1 a=55 b=01 dp=00 x=71af y=0000 u=a338 s=1ff0  dt=24
167e| e6c0        LDB   ,U+                 cc=c5 a=55 b=00 dp=00 x=71af y=0000 u=a339 s=1ff0  dt=48
1680| c1ff        CMPB  #$ff                cc=c1 a=55 b=00 dp=00 x=71af y=0000 u=a339 s=1ff0  dt=16
1682| 274a        BEQ   $16ce               cc=c1 a=55 b=00 dp=00 x=71af y=0000 u=a339 s=1ff0  dt=24
1684| 3a          ABX                       cc=c1 a=55 b=00 dp=00 x=71af y=0000 u=a339 s=1ff0  dt=24
1685| e6c0        LDB   ,U+                 cc=c9 a=55 b=83 dp=00 x=71af y=0000 u=a33a s=1ff0  dt=48
1687| 2be8        BMI   $1671               cc=c9 a=55 b=83 dp=00 x=71af y=0000 u=a33a s=1ff0  dt=24
1671| c47f        ANDB  #$7f                cc=c1 a=55 b=03 dp=00 x=71af y=0000 u=a33a s=1ff0  dt=16
1673| a6c0        LDA   ,U+                 cc=c9 a=f0 b=03 dp=00 x=71af y=0000 u=a33b s=1ff0  dt=48
1675| a484        ANDA  ,X                  cc=c5 a=00 b=03 dp=00 x=71af y=0000 u=a33b s=1ff0  dt=32
1677| aac0        ORA   ,U+                 cc=c1 a=0c b=03 dp=00 x=71af y=0000 u=a33c s=1ff0  dt=48
1679| a780        STA   ,X+                 cc=c1 a=0c b=03 dp=00 x=71b0 y=0000 u=a33c s=1ff0  dt=48
167b| 5a          DECB                      cc=c1 a=0c b=02 dp=00 x=71b0 y=0000 u=a33c s=1ff0  dt=16
167c| 26f5        BNE   $1673               cc=c1 a=0c b=02 dp=00 x=71b0 y=0000 u=a33c s=1ff0  dt=24
1673| a6c0        LDA   ,U+                 cc=c1 a=0f b=02 dp=00 x=71b0 y=0000 u=a33d s=1ff0  dt=48
1675| a484        ANDA  ,X                  cc=c5 a=00 b=02 dp=00 x=71b0 y=0000 u=a33d s=1ff0  dt=32
1677| aac0        ORA   ,U+                 cc=c9 a=c0 b=02 dp=00 x=71b0 y=0000 u=a33e s=1ff0  dt=48
1679| a780        STA   ,X+                 cc=c9 a=c0 b=02 dp=00 x=71b1 y=0000 u=a33e s=1ff0  dt=48
167b| 5a          DECB                      cc=c1 a=c0 b=01 dp=00 x=71b1 y=0000 u=a33e s=1ff0  dt=16
167c| 26f5        BNE   $1673               cc=c1 a=c0 b=01 dp=00 x=71b1 y=0000 u=a33e s=1ff0  dt=24
1673| a6c0        LDA   ,U+                 cc=c1 a=0f b=01 dp=00 x=71b1 y=0000 u=a33f s=1ff0  dt=48
1675| a484        ANDA  ,X                  cc=c5 a=00 b=01 dp=00 x=71b1 y=0000 u=a33f s=1ff0  dt=32
1677| aac0        ORA   ,U+                 cc=c1 a=50 b=01 dp=00 x=71b1 y=0000 u=a340 s=1ff0  dt=48
1679| a780        STA   ,X+                 cc=c1 a=50 b=01 dp=00 x=71b2 y=0000 u=a340 s=1ff0  dt=48
167b| 5a          DECB                      cc=c5 a=50 b=00 dp=00 x=71b2 y=0000 u=a340 s=1ff0  dt=16
167c| 26f5        BNE   $1673               cc=c5 a=50 b=00 dp=00 x=71b2 y=0000 u=a340 s=1ff0  dt=24
167e| e6c0        LDB   ,U+                 cc=c9 a=50 b=99 dp=00 x=71b2 y=0000 u=a341 s=1ff0  dt=48
1680| c1ff        CMPB  #$ff                cc=c9 a=50 b=99 dp=00 x=71b2 y=0000 u=a341 s=1ff0  dt=16
1682| 274a        BEQ   $16ce               cc=c9 a=50 b=99 dp=00 x=71b2 y=0000 u=a341 s=1ff0  dt=24
1684| 3a          ABX                       cc=c9 a=50 b=99 dp=00 x=724b y=0000 u=a341 s=1ff0  dt=24
1685| e6c0        LDB   ,U+                 cc=c9 a=50 b=81 dp=00 x=724b y=0000 u=a342 s=1ff0  dt=48
1687| 2be8        BMI   $1671               cc=c9 a=50 b=81 dp=00 x=724b y=0000 u=a342 s=1ff0  dt=24
1671| c47f        ANDB  #$7f                cc=c1 a=50 b=01 dp=00 x=724b y=0000 u=a342 s=1ff0  dt=16
1673| a6c0        LDA   ,U+                 cc=c9 a=f0 b=01 dp=00 x=724b y=0000 u=a343 s=1ff0  dt=48
1675| a484        ANDA  ,X                  cc=c5 a=00 b=01 dp=00 x=724b y=0000 u=a343 s=1ff0  dt=32
1677| aac0        ORA   ,U+                 cc=c1 a=05 b=01 dp=00 x=724b y=0000 u=a344 s=1ff0  dt=48
1679| a780        STA   ,X+                 cc=c1 a=05 b=01 dp=00 x=724c y=0000 u=a344 s=1ff0  dt=48
167b| 5a          DECB                      cc=c5 a=05 b=00 dp=00 x=724c y=0000 u=a344 s=1ff0  dt=16
167c| 26f5        BNE   $1673               cc=c5 a=05 b=00 dp=00 x=724c y=0000 u=a344 s=1ff0  dt=24
167e| e6c0        LDB   ,U+                 cc=c1 a=05 b=01 dp=00 x=724c y=0000 u=a345 s=1ff0  dt=48
1680| c1ff        CMPB  #$ff                cc=c1 a=05 b=01 dp=00 x=724c y=0000 u=a345 s=1ff0  dt=16
1682| 274a        BEQ   $16ce               cc=c1 a=05 b=01 dp=00 x=724c y=0000 u=a345 s=1ff0  dt=24
1684| 3a          ABX                       cc=c1 a=05 b=01 dp=00 x=724d y=0000 u=a345 s=1ff0  dt=24
1685| e6c0        LDB   ,U+                 cc=c1 a=05 b=03 dp=00 x=724d y=0000 u=a346 s=1ff0  dt=48
1687| 2be8        BMI   $1671               cc=c1 a=05 b=03 dp=00 x=724d y=0000 u=a346 s=1ff0  dt=24
1689| c105        CMPB  #$05                cc=c9 a=05 b=03 dp=00 x=724d y=0000 u=a346 s=1ff0  dt=16
168b| 271b        BEQ   $16a8               cc=c9 a=05 b=03 dp=00 x=724d y=0000 u=a346 s=1ff0  dt=24
168d| c104        CMPB  #$04                cc=c9 a=05 b=03 dp=00 x=724d y=0000 u=a346 s=1ff0  dt=16
168f| 250f        BCS   $16a0               cc=c9 a=05 b=03 dp=00 x=724d y=0000 u=a346 s=1ff0  dt=24
16a0| c102        CMPB  #$02                cc=c0 a=05 b=03 dp=00 x=724d y=0000 u=a346 s=1ff0  dt=16
16a2| 2724        BEQ   $16c8               cc=c0 a=05 b=03 dp=00 x=724d y=0000 u=a346 s=1ff0  dt=24
16a4| 250a        BCS   $16b0               cc=c0 a=05 b=03 dp=00 x=724d y=0000 u=a346 s=1ff0  dt=24
16a6| 2004        BRA   $16ac               cc=c0 a=05 b=03 dp=00 x=724d y=0000 u=a346 s=1ff0  dt=24
16ac| ecc1        LDD   ,U++                cc=c0 a=25 b=55 dp=00 x=724d y=0000 u=a348 s=1ff0  dt=64
16ae| ed81        STD   ,X++                cc=c0 a=25 b=55 dp=00 x=724f y=0000 u=a348 s=1ff0  dt=64
16b0| a6c0        LDA   ,U+                 cc=c0 a=52 b=55 dp=00 x=724f y=0000 u=a349 s=1ff0  dt=48
16b2| a780        STA   ,X+                 cc=c0 a=52 b=55 dp=00 x=7250 y=0000 u=a349 s=1ff0  dt=48
16b4| 20c8        BRA   $167e               cc=c0 a=52 b=55 dp=00 x=7250 y=0000 u=a349 s=1ff0  dt=24
167e| e6c0        LDB   ,U+                 cc=c0 a=52 b=01 dp=00 x=7250 y=0000 u=a34a s=1ff0  dt=48
1680| c1ff        CMPB  #$ff                cc=c1 a=52 b=01 dp=00 x=7250 y=0000 u=a34a s=1ff0  dt=16
1682| 274a        BEQ   $16ce               cc=c1 a=52 b=01 dp=00 x=7250 y=0000 u=a34a s=1ff0  dt=24
1684| 3a          ABX                       cc=c1 a=52 b=01 dp=00 x=7251 y=0000 u=a34a s=1ff0  dt=24
1685| e6c0        LDB   ,U+                 cc=c9 a=52 b=81 dp=00 x=7251 y=0000 u=a34b s=1ff0  dt=48
1687| 2be8        BMI   $1671               cc=c9 a=52 b=81 dp=00 x=7251 y=0000 u=a34b s=1ff0  dt=24
1671| c47f        ANDB  #$7f                cc=c1 a=52 b=01 dp=00 x=7251 y=0000 u=a34b s=1ff0  dt=16
1673| a6c0        LDA   ,U+                 cc=c1 a=0f b=01 dp=00 x=7251 y=0000 u=a34c s=1ff0  dt=48
1675| a484        ANDA  ,X                  cc=c5 a=00 b=01 dp=00 x=7251 y=0000 u=a34c s=1ff0  dt=32
1677| aac0        ORA   ,U+                 cc=c1 a=50 b=01 dp=00 x=7251 y=0000 u=a34d s=1ff0  dt=48
1679| a780        STA   ,X+                 cc=c1 a=50 b=01 dp=00 x=7252 y=0000 u=a34d s=1ff0  dt=48
167b| 5a          DECB                      cc=c5 a=50 b=00 dp=00 x=7252 y=0000 u=a34d s=1ff0  dt=16
167c| 26f5        BNE   $1673               cc=c5 a=50 b=00 dp=00 x=7252 y=0000 u=a34d s=1ff0  dt=24
167e| e6c0        LDB   ,U+                 cc=c9 a=50 b=99 dp=00 x=7252 y=0000 u=a34e s=1ff0  dt=48
1680| c1ff        CMPB  #$ff                cc=c9 a=50 b=99 dp=00 x=7252 y=0000 u=a34e s=1ff0  dt=16
1682| 274a        BEQ   $16ce               cc=c9 a=50 b=99 dp=00 x=7252 y=0000 u=a34e s=1ff0  dt=24
1684| 3a          ABX                       cc=c9 a=50 b=99 dp=00 x=72eb y=0000 u=a34e s=1ff0  dt=24
1685| e6c0        LDB   ,U+                 cc=c9 a=50 b=82 dp=00 x=72eb y=0000 u=a34f s=1ff0  dt=48
fff8| fef7        [IRQ]                     dt=152
fef7| 7ed51e      JMP   $d51e               cc=d9 a=50 b=82 dp=00 x=72eb y=0000 u=a34f s=1fe4  dt=32
d51e| bd081e      JSR   $081e               cc=d9 a=50 b=82 dp=00 x=72eb y=0000 u=a34f s=1fe2  dt=64
081e| 7e0e1b      JMP   $0e1b               cc=d9 a=50 b=82 dp=00 x=72eb y=0000 u=a34f s=1fe2  dt=32
0e1b| b6ff92      LDA   $ff92               cc=d1 a=08 b=82 dp=00 x=72eb y=0000 u=a34f s=1fe2  dt=40
0e1e| 0c03        INC   <$03                cc=d9 a=08 b=82 dp=00 x=72eb y=0000 u=a34f s=1fe2  dt=48
0e20| 2602        BNE   $0e24               cc=d9 a=08 b=82 dp=00 x=72eb y=0000 u=a34f s=1fe2  dt=24
0e24| 0d91        TST   <$91                cc=d5 a=08 b=82 dp=00 x=72eb y=0000 u=a34f s=1fe2  dt=48
0e26| 2722        BEQ   $0e4a               cc=d5 a=08 b=82 dp=00 x=72eb y=0000 u=a34f s=1fe2  dt=24
0e4a| 0d98        TST   <$98                cc=d1 a=08 b=82 dp=00 x=72eb y=0000 u=a34f s=1fe2  dt=48
0e4c| 27fb        BEQ   $0e49               cc=d1 a=08 b=82 dp=00 x=72eb y=0000 u=a34f s=1fe2  dt=24
0e4e| 0c97        INC   <$97                cc=d1 a=08 b=82 dp=00 x=72eb y=0000 u=a34f s=1fe2  dt=48
0e50| 26f7        BNE   $0e49               cc=d1 a=08 b=82 dp=00 x=72eb y=0000 u=a34f s=1fe2  dt=24
0e49| 39          RTS                       cc=d1 a=08 b=82 dp=00 x=72eb y=0000 u=a34f s=1fe4  dt=40
d521| 3b          RTI                       cc=c9 a=50 b=82 dp=00 x=72eb y=0000 u=a34f s=1ff0  dt=120
1687| 2be8        BMI   $1671               cc=c9 a=50 b=82 dp=00 x=72eb y=0000 u=a34f s=1ff0  dt=24
1671| c47f        ANDB  #$7f                cc=c1 a=50 b=02 dp=00 x=72eb y=0000 u=a34f s=1ff0  dt=16
1673| a6c0        LDA   ,U+                 cc=c9 a=f0 b=02 dp=00 x=72eb y=0000 u=a350 s=1ff0  dt=48
1675| a484        ANDA  ,X                  cc=c5 a=00 b=02 dp=00 x=72eb y=0000 u=a350 s=1ff0  dt=32
1677| aac0        ORA   ,U+                 cc=c1 a=05 b=02 dp=00 x=72eb y=0000 u=a351 s=1ff0  dt=48
1679| a780        STA   ,X+                 cc=c1 a=05 b=02 dp=00 x=72ec y=0000 u=a351 s=1ff0  dt=48
167b| 5a          DECB                      cc=c1 a=05 b=01 dp=00 x=72ec y=0000 u=a351 s=1ff0  dt=16
167c| 26f5        BNE   $1673               cc=c1 a=05 b=01 dp=00 x=72ec y=0000 u=a351 s=1ff0  dt=24
1673| a6c0        LDA   ,U+                 cc=c9 a=f0 b=01 dp=00 x=72ec y=0000 u=a352 s=1ff0  dt=48
1675| a484        ANDA  ,X                  cc=c1 a=50 b=01 dp=00 x=72ec y=0000 u=a352 s=1ff0  dt=32
1677| aac0        ORA   ,U+                 cc=c1 a=5c b=01 dp=00 x=72ec y=0000 u=a353 s=1ff0  dt=48
1679| a780        STA   ,X+                 cc=c1 a=5c b=01 dp=00 x=72ed y=0000 u=a353 s=1ff0  dt=48
167b| 5a          DECB                      cc=c5 a=5c b=00 dp=00 x=72ed y=0000 u=a353 s=1ff0  dt=16
167c| 26f5        BNE   $1673               cc=c5 a=5c b=00 dp=00 x=72ed y=0000 u=a353 s=1ff0  dt=24
167e| e6c0        LDB   ,U+                 cc=c5 a=5c b=00 dp=00 x=72ed y=0000 u=a354 s=1ff0  dt=48
1680| c1ff        CMPB  #$ff                cc=c1 a=5c b=00 dp=00 x=72ed y=0000 u=a354 s=1ff0  dt=16
1682| 274a        BEQ   $16ce               cc=c1 a=5c b=00 dp=00 x=72ed y=0000 u=a354 s=1ff0  dt=24
1684| 3a          ABX                       cc=c1 a=5c b=00 dp=00 x=72ed y=0000 u=a354 s=1ff0  dt=24
1685| e6c0        LDB   ,U+                 cc=c1 a=5c b=03 dp=00 x=72ed y=0000 u=a355 s=1ff0  dt=48
1687| 2be8        BMI   $1671               cc=c1 a=5c b=03 dp=00 x=72ed y=0000 u=a355 s=1ff0  dt=24
1689| c105        CMPB  #$05                cc=c9 a=5c b=03 dp=00 x=72ed y=0000 u=a355 s=1ff0  dt=16
168b| 271b        BEQ   $16a8               cc=c9 a=5c b=03 dp=00 x=72ed y=0000 u=a355 s=1ff0  dt=24
168d| c104        CMPB  #$04                cc=c9 a=5c b=03 dp=00 x=72ed y=0000 u=a355 s=1ff0  dt=16
168f| 250f        BCS   $16a0               cc=c9 a=5c b=03 dp=00 x=72ed y=0000 u=a355 s=1ff0  dt=24
16a0| c102        CMPB  #$02                cc=c0 a=5c b=03 dp=00 x=72ed y=0000 u=a355 s=1ff0  dt=16
16a2| 2724        BEQ   $16c8               cc=c0 a=5c b=03 dp=00 x=72ed y=0000 u=a355 s=1ff0  dt=24
16a4| 250a        BCS   $16b0               cc=c0 a=5c b=03 dp=00 x=72ed y=0000 u=a355 s=1ff0  dt=24
16a6| 2004        BRA   $16ac               cc=c0 a=5c b=03 dp=00 x=72ed y=0000 u=a355 s=1ff0  dt=24
16ac| ecc1        LDD   ,U++                cc=c8 a=cc b=cc dp=00 x=72ed y=0000 u=a357 s=1ff0  dt=64
16ae| ed81        STD   ,X++                cc=c8 a=cc b=cc dp=00 x=72ef y=0000 u=a357 s=1ff0  dt=64
16b0| a6c0        LDA   ,U+                 cc=c8 a=cc b=cc dp=00 x=72ef y=0000 u=a358 s=1ff0  dt=48
16b2| a780        STA   ,X+                 cc=c8 a=cc b=cc dp=00 x=72f0 y=0000 u=a358 s=1ff0  dt=48
16b4| 20c8        BRA   $167e               cc=c8 a=cc b=cc dp=00 x=72f0 y=0000 u=a358 s=1ff0  dt=24
167e| e6c0        LDB   ,U+                 cc=c4 a=cc b=00 dp=00 x=72f0 y=0000 u=a359 s=1ff0  dt=48
1680| c1ff        CMPB  #$ff                cc=c1 a=cc b=00 dp=00 x=72f0 y=0000 u=a359 s=1ff0  dt=16
1682| 274a        BEQ   $16ce               cc=c1 a=cc b=00 dp=00 x=72f0 y=0000 u=a359 s=1ff0  dt=24
1684| 3a          ABX                       cc=c1 a=cc b=00 dp=00 x=72f0 y=0000 u=a359 s=1ff0  dt=24
1685| e6c0        LDB   ,U+                 cc=c9 a=cc b=82 dp=00 x=72f0 y=0000 u=a35a s=1ff0  dt=48
1687| 2be8        BMI   $1671               cc=c9 a=cc b=82 dp=00 x=72f0 y=0000 u=a35a s=1ff0  dt=24
1671| c47f        ANDB  #$7f                cc=c1 a=cc b=02 dp=00 x=72f0 y=0000 u=a35a s=1ff0  dt=16
1673| a6c0        LDA   ,U+                 cc=c1 a=0f b=02 dp=00 x=72f0 y=0000 u=a35b s=1ff0  dt=48
1675| a484        ANDA  ,X                  cc=c5 a=00 b=02 dp=00 x=72f0 y=0000 u=a35b s=1ff0  dt=32
1677| aac0        ORA   ,U+                 cc=c9 a=c0 b=02 dp=00 x=72f0 y=0000 u=a35c s=1ff0  dt=48
1679| a780        STA   ,X+                 cc=c9 a=c0 b=02 dp=00 x=72f1 y=0000 u=a35c s=1ff0  dt=48
167b| 5a          DECB                      cc=c1 a=c0 b=01 dp=00 x=72f1 y=0000 u=a35c s=1ff0  dt=16
167c| 26f5        BNE   $1673               cc=c1 a=c0 b=01 dp=00 x=72f1 y=0000 u=a35c s=1ff0  dt=24
1673| a6c0        LDA   ,U+                 cc=c1 a=0f b=01 dp=00 x=72f1 y=0000 u=a35d s=1ff0  dt=48
1675| a484        ANDA  ,X                  cc=c5 a=00 b=01 dp=00 x=72f1 y=0000 u=a35d s=1ff0  dt=32
1677| aac0        ORA   ,U+                 cc=c1 a=50 b=01 dp=00 x=72f1 y=0000 u=a35e s=1ff0  dt=48
1679| a780        STA   ,X+                 cc=c1 a=50 b=01 dp=00 x=72f2 y=0000 u=a35e s=1ff0  dt=48
167b| 5a          DECB                      cc=c5 a=50 b=00 dp=00 x=72f2 y=0000 u=a35e s=1ff0  dt=16
167c| 26f5        BNE   $1673               cc=c5 a=50 b=00 dp=00 x=72f2 y=0000 u=a35e s=1ff0  dt=24
167e| e6c0        LDB   ,U+                 cc=c9 a=50 b=9a dp=00 x=72f2 y=0000 u=a35f s=1ff0  dt=48
1680| c1ff        CMPB  #$ff                cc=c9 a=50 b=9a dp=00 x=72f2 y=0000 u=a35f s=1ff0  dt=16
1682| 274a        BEQ   $16ce               cc=c9 a=50 b=9a dp=00 x=72f2 y=0000 u=a35f s=1ff0  dt=24
1684| 3a          ABX                       cc=c9 a=50 b=9a dp=00 x=738c y=0000 u=a35f s=1ff0  dt=24
1685| e6c0        LDB   ,U+                 cc=c1 a=50 b=05 dp=00 x=738c y=0000 u=a360 s=1ff0  dt=48
1687| 2be8        BMI   $1671               cc=c1 a=50 b=05 dp=00 x=738c y=0000 u=a360 s=1ff0  dt=24
1689| c105        CMPB  #$05                cc=c4 a=50 b=05 dp=00 x=738c y=0000 u=a360 s=1ff0  dt=16
168b| 271b        BEQ   $16a8               cc=c4 a=50 b=05 dp=00 x=738c y=0000 u=a360 s=1ff0  dt=24
16a8| ecc1        LDD   ,U++                cc=c8 a=cc b=cc dp=00 x=738c y=0000 u=a362 s=1ff0  dt=64
16aa| ed81        STD   ,X++                cc=c8 a=cc b=cc dp=00 x=738e y=0000 u=a362 s=1ff0  dt=64
16ac| ecc1        LDD   ,U++                cc=c8 a=cc b=cc dp=00 x=738e y=0000 u=a364 s=1ff0  dt=64
16ae| ed81        STD   ,X++                cc=c8 a=cc b=cc dp=00 x=7390 y=0000 u=a364 s=1ff0  dt=64
16b0| a6c0        LDA   ,U+                 cc=c8 a=cc b=cc dp=00 x=7390 y=0000 u=a365 s=1ff0  dt=48
16b2| a780        STA   ,X+                 cc=c8 a=cc b=cc dp=00 x=7391 y=0000 u=a365 s=1ff0  dt=48
16b4| 20c8        BRA   $167e               cc=c8 a=cc b=cc dp=00 x=7391 y=0000 u=a365 s=1ff0  dt=24
167e| e6c0        LDB   ,U+                 cc=c8 a=cc b=9a dp=00 x=7391 y=0000 u=a366 s=1ff0  dt=48
1680| c1ff        CMPB  #$ff                cc=c9 a=cc b=9a dp=00 x=7391 y=0000 u=a366 s=1ff0  dt=16
1682| 274a        BEQ   $16ce               cc=c9 a=cc b=9a dp=00 x=7391 y=0000 u=a366 s=1ff0  dt=24
1684| 3a          ABX                       cc=c9 a=cc b=9a dp=00 x=742b y=0000 u=a366 s=1ff0  dt=24
1685| e6c0        LDB   ,U+                 cc=c9 a=cc b=81 dp=00 x=742b y=0000 u=a367 s=1ff0  dt=48
1687| 2be8        BMI   $1671               cc=c9 a=cc b=81 dp=00 x=742b y=0000 u=a367 s=1ff0  dt=24
1671| c47f        ANDB  #$7f                cc=c1 a=cc b=01 dp=00 x=742b y=0000 u=a367 s=1ff0  dt=16
1673| a6c0        LDA   ,U+                 cc=c9 a=f0 b=01 dp=00 x=742b y=0000 u=a368 s=1ff0  dt=48
1675| a484        ANDA  ,X                  cc=c5 a=00 b=01 dp=00 x=742b y=0000 u=a368 s=1ff0  dt=32
1677| aac0        ORA   ,U+                 cc=c1 a=0c b=01 dp=00 x=742b y=0000 u=a369 s=1ff0  dt=48
1679| a780        STA   ,X+                 cc=c1 a=0c b=01 dp=00 x=742c y=0000 u=a369 s=1ff0  dt=48
167b| 5a          DECB                      cc=c5 a=0c b=00 dp=00 x=742c y=0000 u=a369 s=1ff0  dt=16
167c| 26f5        BNE   $1673               cc=c5 a=0c b=00 dp=00 x=742c y=0000 u=a369 s=1ff0  dt=24
167e| e6c0        LDB   ,U+                 cc=c5 a=0c b=00 dp=00 x=742c y=0000 u=a36a s=1ff0  dt=48
1680| c1ff        CMPB  #$ff                cc=c1 a=0c b=00 dp=00 x=742c y=0000 u=a36a s=1ff0  dt=16
1682| 274a        BEQ   $16ce               cc=c1 a=0c b=00 dp=00 x=742c y=0000 u=a36a s=1ff0  dt=24
1684| 3a          ABX                       cc=c1 a=0c b=00 dp=00 x=742c y=0000 u=a36a s=1ff0  dt=24
1685| e6c0        LDB   ,U+                 cc=c1 a=0c b=05 dp=00 x=742c y=0000 u=a36b s=1ff0  dt=48
1687| 2be8        BMI   $1671               cc=c1 a=0c b=05 dp=00 x=742c y=0000 u=a36b s=1ff0  dt=24
1689| c105        CMPB  #$05                cc=c4 a=0c b=05 dp=00 x=742c y=0000 u=a36b s=1ff0  dt=16
168b| 271b        BEQ   $16a8               cc=c4 a=0c b=05 dp=00 x=742c y=0000 u=a36b s=1ff0  dt=24
16a8| ecc1        LDD   ,U++                cc=c8 a=cc b=c2 dp=00 x=742c y=0000 u=a36d s=1ff0  dt=64
16aa| ed81        STD   ,X++                cc=c8 a=cc b=c2 dp=00 x=742e y=0000 u=a36d s=1ff0  dt=64
16ac| ecc1        LDD   ,U++                cc=c8 a=cc b=2c dp=00 x=742e y=0000 u=a36f s=1ff0  dt=64
16ae| ed81        STD   ,X++                cc=c8 a=cc b=2c dp=00 x=7430 y=0000 u=a36f s=1ff0  dt=64
16b0| a6c0        LDA   ,U+                 cc=c8 a=cc b=2c dp=00 x=7430 y=0000 u=a370 s=1ff0  dt=48
16b2| a780        STA   ,X+                 cc=c8 a=cc b=2c dp=00 x=7431 y=0000 u=a370 s=1ff0  dt=48
16b4| 20c8        BRA   $167e               cc=c8 a=cc b=2c dp=00 x=7431 y=0000 u=a370 s=1ff0  dt=24
167e| e6c0        LDB   ,U+                 cc=c4 a=cc b=00 dp=00 x=7431 y=0000 u=a371 s=1ff0  dt=48
1680| c1ff        CMPB  #$ff                cc=c1 a=cc b=00 dp=00 x=7431 y=0000 u=a371 s=1ff0  dt=16
1682| 274a        BEQ   $16ce               cc=c1 a=cc b=00 dp=00 x=7431 y=0000 u=a371 s=1ff0  dt=24
1684| 3a          ABX                       cc=c1 a=cc b=00 dp=00 x=7431 y=0000 u=a371 s=1ff0  dt=24
1685| e6c0        LDB   ,U+                 cc=c9 a=cc b=81 dp=00 x=7431 y=0000 u=a372 s=1ff0  dt=48
1687| 2be8        BMI   $1671               cc=c9 a=cc b=81 dp=00 x=7431 y=0000 u=a372 s=1ff0  dt=24
1671| c47f        ANDB  #$7f                cc=c1 a=cc b=01 dp=00 x=7431 y=0000 u=a372 s=1ff0  dt=16
1673| a6c0        LDA   ,U+                 cc=c1 a=0f b=01 dp=00 x=7431 y=0000 u=a373 s=1ff0  dt=48
1675| a484        ANDA  ,X                  cc=c5 a=00 b=01 dp=00 x=7431 y=0000 u=a373 s=1ff0  dt=32
1677| aac0        ORA   ,U+                 cc=c9 a=c0 b=01 dp=00 x=7431 y=0000 u=a374 s=1ff0  dt=48
1679| a780        STA   ,X+                 cc=c9 a=c0 b=01 dp=00 x=7432 y=0000 u=a374 s=1ff0  dt=48
167b| 5a          DECB                      cc=c5 a=c0 b=00 dp=00 x=7432 y=0000 u=a374 s=1ff0  dt=16
167c| 26f5        BNE   $1673               cc=c5 a=c0 b=00 dp=00 x=7432 y=0000 u=a374 s=1ff0  dt=24
167e| e6c0        LDB   ,U+                 cc=c9 a=c0 b=99 dp=00 x=7432 y=0000 u=a375 s=1ff0  dt=48
1680| c1ff        CMPB  #$ff                cc=c9 a=c0 b=99 dp=00 x=7432 y=0000 u=a375 s=1ff0  dt=16
1682| 274a        BEQ   $16ce               cc=c9 a=c0 b=99 dp=00 x=7432 y=0000 u=a375 s=1ff0  dt=24
1684| 3a          ABX                       cc=c9 a=c0 b=99 dp=00 x=74cb y=0000 u=a375 s=1ff0  dt=24
1685| e6c0        LDB   ,U+                 cc=c9 a=c0 b=81 dp=00 x=74cb y=0000 u=a376 s=1ff0  dt=48
1687| 2be8        BMI   $1671               cc=c9 a=c0 b=81 dp=00 x=74cb y=0000 u=a376 s=1ff0  dt=24
1671| c47f        ANDB  #$7f                cc=c1 a=c0 b=01 dp=00 x=74cb y=0000 u=a376 s=1ff0  dt=16
1673| a6c0        LDA   ,U+                 cc=c9 a=f0 b=01 dp=00 x=74cb y=0000 u=a377 s=1ff0  dt=48
1675| a484        ANDA  ,X                  cc=c5 a=00 b=01 dp=00 x=74cb y=0000 u=a377 s=1ff0  dt=32
1677| aac0        ORA   ,U+                 cc=c1 a=0c b=01 dp=00 x=74cb y=0000 u=a378 s=1ff0  dt=48
1679| a780        STA   ,X+                 cc=c1 a=0c b=01 dp=00 x=74cc y=0000 u=a378 s=1ff0  dt=48
167b| 5a          DECB                      cc=c5 a=0c b=00 dp=00 x=74cc y=0000 u=a378 s=1ff0  dt=16
167c| 26f5        BNE   $1673               cc=c5 a=0c b=00 dp=00 x=74cc y=0000 u=a378 s=1ff0  dt=24
167e| e6c0        LDB   ,U+                 cc=c5 a=0c b=00 dp=00 x=74cc y=0000 u=a379 s=1ff0  dt=48
1680| c1ff        CMPB  #$ff                cc=c1 a=0c b=00 dp=00 x=74cc y=0000 u=a379 s=1ff0  dt=16
1682| 274a        BEQ   $16ce               cc=c1 a=0c b=00 dp=00 x=74cc y=0000 u=a379 s=1ff0  dt=24
1684| 3a          ABX                       cc=c1 a=0c b=00 dp=00 x=74cc y=0000 u=a379 s=1ff0  dt=24
1685| e6c0        LDB   ,U+                 cc=c1 a=0c b=05 dp=00 x=74cc y=0000 u=a37a s=1ff0  dt=48
1687| 2be8        BMI   $1671               cc=c1 a=0c b=05 dp=00 x=74cc y=0000 u=a37a s=1ff0  dt=24
1689| c105        CMPB  #$05                cc=c4 a=0c b=05 dp=00 x=74cc y=0000 u=a37a s=1ff0  dt=16
168b| 271b        BEQ   $16a8               cc=c4 a=0c b=05 dp=00 x=74cc y=0000 u=a37a s=1ff0  dt=24
16a8| ecc1        LDD   ,U++                cc=c8 a=cc b=cc dp=00 x=74cc y=0000 u=a37c s=1ff0  dt=64
16aa| ed81        STD   ,X++                cc=c8 a=cc b=cc dp=00 x=74ce y=0000 u=a37c s=1ff0  dt=64
16ac| ecc1        LDD   ,U++                cc=c8 a=cc b=cc dp=00 x=74ce y=0000 u=a37e s=1ff0  dt=64
16ae| ed81        STD   ,X++                cc=c8 a=cc b=cc dp=00 x=74d0 y=0000 u=a37e s=1ff0  dt=64
16b0| a6c0        LDA   ,U+                 cc=c8 a=cc b=cc dp=00 x=74d0 y=0000 u=a37f s=1ff0  dt=48
16b2| a780        STA   ,X+                 cc=c8 a=cc b=cc dp=00 x=74d1 y=0000 u=a37f s=1ff0  dt=48
16b4| 20c8        BRA   $167e               cc=c8 a=cc b=cc dp=00 x=74d1 y=0000 u=a37f s=1ff0  dt=24
167e| e6c0        LDB   ,U+                 cc=c4 a=cc b=00 dp=00 x=74d1 y=0000 u=a380 s=1ff0  dt=48
1680| c1ff        CMPB  #$ff                cc=c1 a=cc b=00 dp=00 x=74d1 y=0000 u=a380 s=1ff0  dt=16
1682| 274a        BEQ   $16ce               cc=c1 a=cc b=00 dp=00 x=74d1 y=0000 u=a380 s=1ff0  dt=24
1684| 3a          ABX                       cc=c1 a=cc b=00 dp=00 x=74d1 y=0000 u=a380 s=1ff0  dt=24
1685| e6c0        LDB   ,U+                 cc=c9 a=cc b=81 dp=00 x=74d1 y=0000 u=a381 s=1ff0  dt=48
1687| 2be8        BMI   $1671               cc=c9 a=cc b=81 dp=00 x=74d1 y=0000 u=a381 s=1ff0  dt=24
1671| c47f        ANDB  #$7f                cc=c1 a=cc b=01 dp=00 x=74d1 y=0000 u=a381 s=1ff0  dt=16
1673| a6c0        LDA   ,U+                 cc=c1 a=0f b=01 dp=00 x=74d1 y=0000 u=a382 s=1ff0  dt=48
1675| a484        ANDA  ,X                  cc=c5 a=00 b=01 dp=00 x=74d1 y=0000 u=a382 s=1ff0  dt=32
1677| aac0        ORA   ,U+                 cc=c9 a=c0 b=01 dp=00 x=74d1 y=0000 u=a383 s=1ff0  dt=48
1679| a780        STA   ,X+                 cc=c9 a=c0 b=01 dp=00 x=74d2 y=0000 u=a383 s=1ff0  dt=48
167b| 5a          DECB                      cc=c5 a=c0 b=00 dp=00 x=74d2 y=0000 u=a383 s=1ff0  dt=16
167c| 26f5        BNE   $1673               cc=c5 a=c0 b=00 dp=00 x=74d2 y=0000 u=a383 s=1ff0  dt=24
167e| e6c0        LDB   ,U+                 cc=c9 a=c0 b=99 dp=00 x=74d2 y=0000 u=a384 s=1ff0  dt=48
1680| c1ff        CMPB  #$ff                cc=c9 a=c0 b=99 dp=00 x=74d2 y=0000 u=a384 s=1ff0  dt=16
1682| 274a        BEQ   $16ce               cc=c9 a=c0 b=99 dp=00 x=74d2 y=0000 u=a384 s=1ff0  dt=24
1684| 3a          ABX                       cc=c9 a=c0 b=99 dp=00 x=756b y=0000 u=a384 s=1ff0  dt=24
1685| e6c0        LDB   ,U+                 cc=c9 a=c0 b=81 dp=00 x=756b y=0000 u=a385 s=1ff0  dt=48
1687| 2be8        BMI   $1671               cc=c9 a=c0 b=81 dp=00 x=756b y=0000 u=a385 s=1ff0  dt=24
1671| c47f        ANDB  #$7f                cc=c1 a=c0 b=01 dp=00 x=756b y=0000 u=a385 s=1ff0  dt=16
1673| a6c0        LDA   ,U+                 cc=c9 a=f0 b=01 dp=00 x=756b y=0000 u=a386 s=1ff0  dt=48
1675| a484        ANDA  ,X                  cc=c5 a=00 b=01 dp=00 x=756b y=0000 u=a386 s=1ff0  dt=32
1677| aac0        ORA   ,U+                 cc=c1 a=0c b=01 dp=00 x=756b y=0000 u=a387 s=1ff0  dt=48
1679| a780        STA   ,X+                 cc=c1 a=0c b=01 dp=00 x=756c y=0000 u=a387 s=1ff0  dt=48
167b| 5a          DECB                      cc=c5 a=0c b=00 dp=00 x=756c y=0000 u=a387 s=1ff0  dt=16
167c| 26f5        BNE   $1673               cc=c5 a=0c b=00 dp=00 x=756c y=0000 u=a387 s=1ff0  dt=24
167e| e6c0        LDB   ,U+                 cc=c5 a=0c b=00 dp=00 x=756c y=0000 u=a388 s=1ff0  dt=48
1680| c1ff        CMPB  #$ff                cc=c1 a=0c b=00 dp=00 x=756c y=0000 u=a388 s=1ff0  dt=16
1682| 274a        BEQ   $16ce               cc=c1 a=0c b=00 dp=00 x=756c y=0000 u=a388 s=1ff0  dt=24
1684| 3a          ABX                       cc=c1 a=0c b=00 dp=00 x=756c y=0000 u=a388 s=1ff0  dt=24
1685| e6c0        LDB   ,U+                 cc=c1 a=0c b=05 dp=00 x=756c y=0000 u=a389 s=1ff0  dt=48
1687| 2be8        BMI   $1671               cc=c1 a=0c b=05 dp=00 x=756c y=0000 u=a389 s=1ff0  dt=24
1689| c105        CMPB  #$05                cc=c4 a=0c b=05 dp=00 x=756c y=0000 u=a389 s=1ff0  dt=16
168b| 271b        BEQ   $16a8               cc=c4 a=0c b=05 dp=00 x=756c y=0000 u=a389 s=1ff0  dt=24
16a8| ecc1        LDD   ,U++                cc=c8 a=cc b=c2 dp=00 x=756c y=0000 u=a38b s=1ff0  dt=64
16aa| ed81        STD   ,X++                cc=c8 a=cc b=c2 dp=00 x=756e y=0000 u=a38b s=1ff0  dt=64
16ac| ecc1        LDD   ,U++                cc=c8 a=cc b=2c dp=00 x=756e y=0000 u=a38d s=1ff0  dt=64
16ae| ed81        STD   ,X++                cc=c8 a=cc b=2c dp=00 x=7570 y=0000 u=a38d s=1ff0  dt=64
16b0| a6c0        LDA   ,U+                 cc=c8 a=cc b=2c dp=00 x=7570 y=0000 u=a38e s=1ff0  dt=48
16b2| a780        STA   ,X+                 cc=c8 a=cc b=2c dp=00 x=7571 y=0000 u=a38e s=1ff0  dt=48
16b4| 20c8        BRA   $167e               cc=c8 a=cc b=2c dp=00 x=7571 y=0000 u=a38e s=1ff0  dt=24
167e| e6c0        LDB   ,U+                 cc=c4 a=cc b=00 dp=00 x=7571 y=0000 u=a38f s=1ff0  dt=48
1680| c1ff        CMPB  #$ff                cc=c1 a=cc b=00 dp=00 x=7571 y=0000 u=a38f s=1ff0  dt=16
1682| 274a        BEQ   $16ce               cc=c1 a=cc b=00 dp=00 x=7571 y=0000 u=a38f s=1ff0  dt=24
1684| 3a          ABX                       cc=c1 a=cc b=00 dp=00 x=7571 y=0000 u=a38f s=1ff0  dt=24
1685| e6c0        LDB   ,U+                 cc=c9 a=cc b=81 dp=00 x=7571 y=0000 u=a390 s=1ff0  dt=48
1687| 2be8        BMI   $1671               cc=c9 a=cc b=81 dp=00 x=7571 y=0000 u=a390 s=1ff0  dt=24
1671| c47f        ANDB  #$7f                cc=c1 a=cc b=01 dp=00 x=7571 y=0000 u=a390 s=1ff0  dt=16
1673| a6c0        LDA   ,U+                 cc=c1 a=0f b=01 dp=00 x=7571 y=0000 u=a391 s=1ff0  dt=48
1675| a484        ANDA  ,X                  cc=c1 a=04 b=01 dp=00 x=7571 y=0000 u=a391 s=1ff0  dt=32
1677| aac0        ORA   ,U+                 cc=c9 a=c4 b=01 dp=00 x=7571 y=0000 u=a392 s=1ff0  dt=48
1679| a780        STA   ,X+                 cc=c9 a=c4 b=01 dp=00 x=7572 y=0000 u=a392 s=1ff0  dt=48
167b| 5a          DECB                      cc=c5 a=c4 b=00 dp=00 x=7572 y=0000 u=a392 s=1ff0  dt=16
167c| 26f5        BNE   $1673               cc=c5 a=c4 b=00 dp=00 x=7572 y=0000 u=a392 s=1ff0  dt=24
167e| e6c0        LDB   ,U+                 cc=c9 a=c4 b=99 dp=00 x=7572 y=0000 u=a393 s=1ff0  dt=48
1680| c1ff        CMPB  #$ff                cc=c9 a=c4 b=99 dp=00 x=7572 y=0000 u=a393 s=1ff0  dt=16
1682| 274a        BEQ   $16ce               cc=c9 a=c4 b=99 dp=00 x=7572 y=0000 u=a393 s=1ff0  dt=24
1684| 3a          ABX                       cc=c9 a=c4 b=99 dp=00 x=760b y=0000 u=a393 s=1ff0  dt=24
1685| e6c0        LDB   ,U+                 cc=c9 a=c4 b=81 dp=00 x=760b y=0000 u=a394 s=1ff0  dt=48
1687| 2be8        BMI   $1671               cc=c9 a=c4 b=81 dp=00 x=760b y=0000 u=a394 s=1ff0  dt=24
1671| c47f        ANDB  #$7f                cc=c1 a=c4 b=01 dp=00 x=760b y=0000 u=a394 s=1ff0  dt=16
1673| a6c0        LDA   ,U+                 cc=c9 a=f0 b=01 dp=00 x=760b y=0000 u=a395 s=1ff0  dt=48
1675| a484        ANDA  ,X                  cc=c5 a=00 b=01 dp=00 x=760b y=0000 u=a395 s=1ff0  dt=32
1677| aac0        ORA   ,U+                 cc=c1 a=0c b=01 dp=00 x=760b y=0000 u=a396 s=1ff0  dt=48
1679| a780        STA   ,X+                 cc=c1 a=0c b=01 dp=00 x=760c y=0000 u=a396 s=1ff0  dt=48
167b| 5a          DECB                      cc=c5 a=0c b=00 dp=00 x=760c y=0000 u=a396 s=1ff0  dt=16
167c| 26f5        BNE   $1673               cc=c5 a=0c b=00 dp=00 x=760c y=0000 u=a396 s=1ff0  dt=24
167e| e6c0        LDB   ,U+                 cc=c5 a=0c b=00 dp=00 x=760c y=0000 u=a397 s=1ff0  dt=48
1680| c1ff        CMPB  #$ff                cc=c1 a=0c b=00 dp=00 x=760c y=0000 u=a397 s=1ff0  dt=16
1682| 274a        BEQ   $16ce               cc=c1 a=0c b=00 dp=00 x=760c y=0000 u=a397 s=1ff0  dt=24
1684| 3a          ABX                       cc=c1 a=0c b=00 dp=00 x=760c y=0000 u=a397 s=1ff0  dt=24
1685| e6c0        LDB   ,U+                 cc=c1 a=0c b=05 dp=00 x=760c y=0000 u=a398 s=1ff0  dt=48
1687| 2be8        BMI   $1671               cc=c1 a=0c b=05 dp=00 x=760c y=0000 u=a398 s=1ff0  dt=24
1689| c105        CMPB  #$05                cc=c4 a=0c b=05 dp=00 x=760c y=0000 u=a398 s=1ff0  dt=16
168b| 271b        BEQ   $16a8               cc=c4 a=0c b=05 dp=00 x=760c y=0000 u=a398 s=1ff0  dt=24
16a8| ecc1        LDD   ,U++                cc=c8 a=cc b=cc dp=00 x=760c y=0000 u=a39a s=1ff0  dt=64
16aa| ed81        STD   ,X++                cc=c8 a=cc b=cc dp=00 x=760e y=0000 u=a39a s=1ff0  dt=64
16ac| ecc1        LDD   ,U++                cc=c8 a=cc b=cc dp=00 x=760e y=0000 u=a39c s=1ff0  dt=64
16ae| ed81        STD   ,X++                cc=c8 a=cc b=cc dp=00 x=7610 y=0000 u=a39c s=1ff0  dt=64
16b0| a6c0        LDA   ,U+                 cc=c8 a=cc b=cc dp=00 x=7610 y=0000 u=a39d s=1ff0  dt=48
16b2| a780        STA   ,X+                 cc=c8 a=cc b=cc dp=00 x=7611 y=0000 u=a39d s=1ff0  dt=48
16b4| 20c8        BRA   $167e               cc=c8 a=cc b=cc dp=00 x=7611 y=0000 u=a39d s=1ff0  dt=24
167e| e6c0        LDB   ,U+                 cc=c4 a=cc b=00 dp=00 x=7611 y=0000 u=a39e s=1ff0  dt=48
1680| c1ff        CMPB  #$ff                cc=c1 a=cc b=00 dp=00 x=7611 y=0000 u=a39e s=1ff0  dt=16
1682| 274a        BEQ   $16ce               cc=c1 a=cc b=00 dp=00 x=7611 y=0000 u=a39e s=1ff0  dt=24
1684| 3a          ABX                       cc=c1 a=cc b=00 dp=00 x=7611 y=0000 u=a39e s=1ff0  dt=24
1685| e6c0        LDB   ,U+                 cc=c9 a=cc b=81 dp=00 x=7611 y=0000 u=a39f s=1ff0  dt=48
1687| 2be8        BMI   $1671               cc=c9 a=cc b=81 dp=00 x=7611 y=0000 u=a39f s=1ff0  dt=24
1671| c47f        ANDB  #$7f                cc=c1 a=cc b=01 dp=00 x=7611 y=0000 u=a39f s=1ff0  dt=16
1673| a6c0        LDA   ,U+                 cc=c1 a=0f b=01 dp=00 x=7611 y=0000 u=a3a0 s=1ff0  dt=48
1675| a484        ANDA  ,X                  cc=c1 a=04 b=01 dp=00 x=7611 y=0000 u=a3a0 s=1ff0  dt=32
1677| aac0        ORA   ,U+                 cc=c9 a=c4 b=01 dp=00 x=7611 y=0000 u=a3a1 s=1ff0  dt=48
1679| a780        STA   ,X+                 cc=c9 a=c4 b=01 dp=00 x=7612 y=0000 u=a3a1 s=1ff0  dt=48
167b| 5a          DECB                      cc=c5 a=c4 b=00 dp=00 x=7612 y=0000 u=a3a1 s=1ff0  dt=16
167c| 26f5        BNE   $1673               cc=c5 a=c4 b=00 dp=00 x=7612 y=0000 u=a3a1 s=1ff0  dt=24
167e| e6c0        LDB   ,U+                 cc=c9 a=c4 b=99 dp=00 x=7612 y=0000 u=a3a2 s=1ff0  dt=48
1680| c1ff        CMPB  #$ff                cc=c9 a=c4 b=99 dp=00 x=7612 y=0000 u=a3a2 s=1ff0  dt=16
1682| 274a        BEQ   $16ce               cc=c9 a=c4 b=99 dp=00 x=7612 y=0000 u=a3a2 s=1ff0  dt=24
1684| 3a          ABX                       cc=c9 a=c4 b=99 dp=00 x=76ab y=0000 u=a3a2 s=1ff0  dt=24
1685| e6c0        LDB   ,U+                 cc=c9 a=c4 b=81 dp=00 x=76ab y=0000 u=a3a3 s=1ff0  dt=48
1687| 2be8        BMI   $1671               cc=c9 a=c4 b=81 dp=00 x=76ab y=0000 u=a3a3 s=1ff0  dt=24
1671| c47f        ANDB  #$7f                cc=c1 a=c4 b=01 dp=00 x=76ab y=0000 u=a3a3 s=1ff0  dt=16
1673| a6c0        LDA   ,U+                 cc=c9 a=f0 b=01 dp=00 x=76ab y=0000 u=a3a4 s=1ff0  dt=48
1675| a484        ANDA  ,X                  cc=c5 a=00 b=01 dp=00 x=76ab y=0000 u=a3a4 s=1ff0  dt=32
1677| aac0        ORA   ,U+                 cc=c1 a=05 b=01 dp=00 x=76ab y=0000 u=a3a5 s=1ff0  dt=48
1679| a780        STA   ,X+                 cc=c1 a=05 b=01 dp=00 x=76ac y=0000 u=a3a5 s=1ff0  dt=48
167b| 5a          DECB                      cc=c5 a=05 b=00 dp=00 x=76ac y=0000 u=a3a5 s=1ff0  dt=16
167c| 26f5        BNE   $1673               cc=c5 a=05 b=00 dp=00 x=76ac y=0000 u=a3a5 s=1ff0  dt=24
167e| e6c0        LDB   ,U+                 cc=c5 a=05 b=00 dp=00 x=76ac y=0000 u=a3a6 s=1ff0  dt=48
1680| c1ff        CMPB  #$ff                cc=c1 a=05 b=00 dp=00 x=76ac y=0000 u=a3a6 s=1ff0  dt=16
1682| 274a        BEQ   $16ce               cc=c1 a=05 b=00 dp=00 x=76ac y=0000 u=a3a6 s=1ff0  dt=24
1684| 3a          ABX                       cc=c1 a=05 b=00 dp=00 x=76ac y=0000 u=a3a6 s=1ff0  dt=24
1685| e6c0        LDB   ,U+                 cc=c1 a=05 b=05 dp=00 x=76ac y=0000 u=a3a7 s=1ff0  dt=48
1687| 2be8        BMI   $1671               cc=c1 a=05 b=05 dp=00 x=76ac y=0000 u=a3a7 s=1ff0  dt=24
1689| c105        CMPB  #$05                cc=c4 a=05 b=05 dp=00 x=76ac y=0000 u=a3a7 s=1ff0  dt=16
168b| 271b        BEQ   $16a8               cc=c4 a=05 b=05 dp=00 x=76ac y=0000 u=a3a7 s=1ff0  dt=24
16a8| ecc1        LDD   ,U++                cc=c8 a=cc b=c2 dp=00 x=76ac y=0000 u=a3a9 s=1ff0  dt=64
16aa| ed81        STD   ,X++                cc=c8 a=cc b=c2 dp=00 x=76ae y=0000 u=a3a9 s=1ff0  dt=64
16ac| ecc1        LDD   ,U++                cc=c8 a=cc b=2c dp=00 x=76ae y=0000 u=a3ab s=1ff0  dt=64
16ae| ed81        STD   ,X++                cc=c8 a=cc b=2c dp=00 x=76b0 y=0000 u=a3ab s=1ff0  dt=64
16b0| a6c0        LDA   ,U+                 cc=c8 a=cc b=2c dp=00 x=76b0 y=0000 u=a3ac s=1ff0  dt=48
16b2| a780        STA   ,X+                 cc=c8 a=cc b=2c dp=00 x=76b1 y=0000 u=a3ac s=1ff0  dt=48
16b4| 20c8        BRA   $167e               cc=c8 a=cc b=2c dp=00 x=76b1 y=0000 u=a3ac s=1ff0  dt=24
167e| e6c0        LDB   ,U+                 cc=c4 a=cc b=00 dp=00 x=76b1 y=0000 u=a3ad s=1ff0  dt=48
1680| c1ff        CMPB  #$ff                cc=c1 a=cc b=00 dp=00 x=76b1 y=0000 u=a3ad s=1ff0  dt=16
1682| 274a        BEQ   $16ce               cc=c1 a=cc b=00 dp=00 x=76b1 y=0000 u=a3ad s=1ff0  dt=24
1684| 3a          ABX                       cc=c1 a=cc b=00 dp=00 x=76b1 y=0000 u=a3ad s=1ff0  dt=24
1685| e6c0        LDB   ,U+                 cc=c9 a=cc b=81 dp=00 x=76b1 y=0000 u=a3ae s=1ff0  dt=48
1687| 2be8        BMI   $1671               cc=c9 a=cc b=81 dp=00 x=76b1 y=0000 u=a3ae s=1ff0  dt=24
1671| c47f        ANDB  #$7f                cc=c1 a=cc b=01 dp=00 x=76b1 y=0000 u=a3ae s=1ff0  dt=16
1673| a6c0        LDA   ,U+                 cc=c1 a=0f b=01 dp=00 x=76b1 y=0000 u=a3af s=1ff0  dt=48
1675| a484        ANDA  ,X                  cc=c5 a=00 b=01 dp=00 x=76b1 y=0000 u=a3af s=1ff0  dt=32
1677| aac0        ORA   ,U+                 cc=c1 a=50 b=01 dp=00 x=76b1 y=0000 u=a3b0 s=1ff0  dt=48
1679| a780        STA   ,X+                 cc=c1 a=50 b=01 dp=00 x=76b2 y=0000 u=a3b0 s=1ff0  dt=48
167b| 5a          DECB                      cc=c5 a=50 b=00 dp=00 x=76b2 y=0000 u=a3b0 s=1ff0  dt=16
167c| 26f5        BNE   $1673               cc=c5 a=50 b=00 dp=00 x=76b2 y=0000 u=a3b0 s=1ff0  dt=24
167e| e6c0        LDB   ,U+                 cc=c9 a=50 b=99 dp=00 x=76b2 y=0000 u=a3b1 s=1ff0  dt=48
1680| c1ff        CMPB  #$ff                cc=c9 a=50 b=99 dp=00 x=76b2 y=0000 u=a3b1 s=1ff0  dt=16
1682| 274a        BEQ   $16ce               cc=c9 a=50 b=99 dp=00 x=76b2 y=0000 u=a3b1 s=1ff0  dt=24
1684| 3a          ABX                       cc=c9 a=50 b=99 dp=00 x=774b y=0000 u=a3b1 s=1ff0  dt=24
1685| e6c0        LDB   ,U+                 cc=c9 a=50 b=81 dp=00 x=774b y=0000 u=a3b2 s=1ff0  dt=48
1687| 2be8        BMI   $1671               cc=c9 a=50 b=81 dp=00 x=774b y=0000 u=a3b2 s=1ff0  dt=24
1671| c47f        ANDB  #$7f                cc=c1 a=50 b=01 dp=00 x=774b y=0000 u=a3b2 s=1ff0  dt=16
1673| a6c0        LDA   ,U+                 cc=c9 a=f0 b=01 dp=00 x=774b y=0000 u=a3b3 s=1ff0  dt=48
1675| a484        ANDA  ,X                  cc=c5 a=00 b=01 dp=00 x=774b y=0000 u=a3b3 s=1ff0  dt=32
1677| aac0        ORA   ,U+                 cc=c1 a=05 b=01 dp=00 x=774b y=0000 u=a3b4 s=1ff0  dt=48
1679| a780        STA   ,X+                 cc=c1 a=05 b=01 dp=00 x=774c y=0000 u=a3b4 s=1ff0  dt=48
167b| 5a          DECB                      cc=c5 a=05 b=00 dp=00 x=774c y=0000 u=a3b4 s=1ff0  dt=16
167c| 26f5        BNE   $1673               cc=c5 a=05 b=00 dp=00 x=774c y=0000 u=a3b4 s=1ff0  dt=24
167e| e6c0        LDB   ,U+                 cc=c5 a=05 b=00 dp=00 x=774c y=0000 u=a3b5 s=1ff0  dt=48
1680| c1ff        CMPB  #$ff                cc=c1 a=05 b=00 dp=00 x=774c y=0000 u=a3b5 s=1ff0  dt=16
1682| 274a        BEQ   $16ce               cc=c1 a=05 b=00 dp=00 x=774c y=0000 u=a3b5 s=1ff0  dt=24
1684| 3a          ABX                       cc=c1 a=05 b=00 dp=00 x=774c y=0000 u=a3b5 s=1ff0  dt=24
1685| e6c0        LDB   ,U+                 cc=c1 a=05 b=05 dp=00 x=774c y=0000 u=a3b6 s=1ff0  dt=48
1687| 2be8        BMI   $1671               cc=c1 a=05 b=05 dp=00 x=774c y=0000 u=a3b6 s=1ff0  dt=24
1689| c105        CMPB  #$05                cc=c4 a=05 b=05 dp=00 x=774c y=0000 u=a3b6 s=1ff0  dt=16
168b| 271b        BEQ   $16a8               cc=c4 a=05 b=05 dp=00 x=774c y=0000 u=a3b6 s=1ff0  dt=24
16a8| ecc1        LDD   ,U++                cc=c8 a=cc b=cc dp=00 x=774c y=0000 u=a3b8 s=1ff0  dt=64
16aa| ed81        STD   ,X++                cc=c8 a=cc b=cc dp=00 x=774e y=0000 u=a3b8 s=1ff0  dt=64
16ac| ecc1        LDD   ,U++                cc=c8 a=cc b=cc dp=00 x=774e y=0000 u=a3ba s=1ff0  dt=64
16ae| ed81        STD   ,X++                cc=c8 a=cc b=cc dp=00 x=7750 y=0000 u=a3ba s=1ff0  dt=64
16b0| a6c0        LDA   ,U+                 cc=c8 a=cc b=cc dp=00 x=7750 y=0000 u=a3bb s=1ff0  dt=48
16b2| a780        STA   ,X+                 cc=c8 a=cc b=cc dp=00 x=7751 y=0000 u=a3bb s=1ff0  dt=48
16b4| 20c8        BRA   $167e               cc=c8 a=cc b=cc dp=00 x=7751 y=0000 u=a3bb s=1ff0  dt=24
167e| e6c0        LDB   ,U+                 cc=c4 a=cc b=00 dp=00 x=7751 y=0000 u=a3bc s=1ff0  dt=48
1680| c1ff        CMPB  #$ff                cc=c1 a=cc b=00 dp=00 x=7751 y=0000 u=a3bc s=1ff0  dt=16
1682| 274a        BEQ   $16ce               cc=c1 a=cc b=00 dp=00 x=7751 y=0000 u=a3bc s=1ff0  dt=24
1684| 3a          ABX                       cc=c1 a=cc b=00 dp=00 x=7751 y=0000 u=a3bc s=1ff0  dt=24
1685| e6c0        LDB   ,U+                 cc=c9 a=cc b=81 dp=00 x=7751 y=0000 u=a3bd s=1ff0  dt=48
1687| 2be8        BMI   $1671               cc=c9 a=cc b=81 dp=00 x=7751 y=0000 u=a3bd s=1ff0  dt=24
1671| c47f        ANDB  #$7f                cc=c1 a=cc b=01 dp=00 x=7751 y=0000 u=a3bd s=1ff0  dt=16
1673| a6c0        LDA   ,U+                 cc=c1 a=0f b=01 dp=00 x=7751 y=0000 u=a3be s=1ff0  dt=48
1675| a484        ANDA  ,X                  cc=c5 a=00 b=01 dp=00 x=7751 y=0000 u=a3be s=1ff0  dt=32
1677| aac0        ORA   ,U+                 cc=c1 a=50 b=01 dp=00 x=7751 y=0000 u=a3bf s=1ff0  dt=48
1679| a780        STA   ,X+                 cc=c1 a=50 b=01 dp=00 x=7752 y=0000 u=a3bf s=1ff0  dt=48
167b| 5a          DECB                      cc=c5 a=50 b=00 dp=00 x=7752 y=0000 u=a3bf s=1ff0  dt=16
167c| 26f5        BNE   $1673               cc=c5 a=50 b=00 dp=00 x=7752 y=0000 u=a3bf s=1ff0  dt=24
167e| e6c0        LDB   ,U+                 cc=c9 a=50 b=9a dp=00 x=7752 y=0000 u=a3c0 s=1ff0  dt=48
1680| c1ff        CMPB  #$ff                cc=c9 a=50 b=9a dp=00 x=7752 y=0000 u=a3c0 s=1ff0  dt=16
1682| 274a        BEQ   $16ce               cc=c9 a=50 b=9a dp=00 x=7752 y=0000 u=a3c0 s=1ff0  dt=24
1684| 3a          ABX                       cc=c9 a=50 b=9a dp=00 x=77ec y=0000 u=a3c0 s=1ff0  dt=24
1685| e6c0        LDB   ,U+                 cc=c9 a=50 b=81 dp=00 x=77ec y=0000 u=a3c1 s=1ff0  dt=48
1687| 2be8        BMI   $1671               cc=c9 a=50 b=81 dp=00 x=77ec y=0000 u=a3c1 s=1ff0  dt=24
1671| c47f        ANDB  #$7f                cc=c1 a=50 b=01 dp=00 x=77ec y=0000 u=a3c1 s=1ff0  dt=16
1673| a6c0        LDA   ,U+                 cc=c9 a=f0 b=01 dp=00 x=77ec y=0000 u=a3c2 s=1ff0  dt=48
1675| a484        ANDA  ,X                  cc=c5 a=00 b=01 dp=00 x=77ec y=0000 u=a3c2 s=1ff0  dt=32
1677| aac0        ORA   ,U+                 cc=c1 a=0c b=01 dp=00 x=77ec y=0000 u=a3c3 s=1ff0  dt=48
1679| a780        STA   ,X+                 cc=c1 a=0c b=01 dp=00 x=77ed y=0000 u=a3c3 s=1ff0  dt=48
167b| 5a          DECB                      cc=c5 a=0c b=00 dp=00 x=77ed y=0000 u=a3c3 s=1ff0  dt=16
167c| 26f5        BNE   $1673               cc=c5 a=0c b=00 dp=00 x=77ed y=0000 u=a3c3 s=1ff0  dt=24
167e| e6c0        LDB   ,U+                 cc=c5 a=0c b=00 dp=00 x=77ed y=0000 u=a3c4 s=1ff0  dt=48
1680| c1ff        CMPB  #$ff                cc=c1 a=0c b=00 dp=00 x=77ed y=0000 u=a3c4 s=1ff0  dt=16
1682| 274a        BEQ   $16ce               cc=c1 a=0c b=00 dp=00 x=77ed y=0000 u=a3c4 s=1ff0  dt=24
1684| 3a          ABX                       cc=c1 a=0c b=00 dp=00 x=77ed y=0000 u=a3c4 s=1ff0  dt=24
1685| e6c0        LDB   ,U+                 cc=c1 a=0c b=03 dp=00 x=77ed y=0000 u=a3c5 s=1ff0  dt=48
1687| 2be8        BMI   $1671               cc=c1 a=0c b=03 dp=00 x=77ed y=0000 u=a3c5 s=1ff0  dt=24
1689| c105        CMPB  #$05                cc=c9 a=0c b=03 dp=00 x=77ed y=0000 u=a3c5 s=1ff0  dt=16
168b| 271b        BEQ   $16a8               cc=c9 a=0c b=03 dp=00 x=77ed y=0000 u=a3c5 s=1ff0  dt=24
168d| c104        CMPB  #$04                cc=c9 a=0c b=03 dp=00 x=77ed y=0000 u=a3c5 s=1ff0  dt=16
168f| 250f        BCS   $16a0               cc=c9 a=0c b=03 dp=00 x=77ed y=0000 u=a3c5 s=1ff0  dt=24
16a0| c102        CMPB  #$02                cc=c0 a=0c b=03 dp=00 x=77ed y=0000 u=a3c5 s=1ff0  dt=16
16a2| 2724        BEQ   $16c8               cc=c0 a=0c b=03 dp=00 x=77ed y=0000 u=a3c5 s=1ff0  dt=24
16a4| 250a        BCS   $16b0               cc=c0 a=0c b=03 dp=00 x=77ed y=0000 u=a3c5 s=1ff0  dt=24
16a6| 2004        BRA   $16ac               cc=c0 a=0c b=03 dp=00 x=77ed y=0000 u=a3c5 s=1ff0  dt=24
16ac| ecc1        LDD   ,U++                cc=c8 a=c2 b=cc dp=00 x=77ed y=0000 u=a3c7 s=1ff0  dt=64
16ae| ed81        STD   ,X++                cc=c8 a=c2 b=cc dp=00 x=77ef y=0000 u=a3c7 s=1ff0  dt=64
16b0| a6c0        LDA   ,U+                 cc=c0 a=2c b=cc dp=00 x=77ef y=0000 u=a3c8 s=1ff0  dt=48
16b2| a780        STA   ,X+                 cc=c0 a=2c b=cc dp=00 x=77f0 y=0000 u=a3c8 s=1ff0  dt=48
16b4| 20c8        BRA   $167e               cc=c0 a=2c b=cc dp=00 x=77f0 y=0000 u=a3c8 s=1ff0  dt=24
167e| e6c0        LDB   ,U+                 cc=c4 a=2c b=00 dp=00 x=77f0 y=0000 u=a3c9 s=1ff0  dt=48
1680| c1ff        CMPB  #$ff                cc=c1 a=2c b=00 dp=00 x=77f0 y=0000 u=a3c9 s=1ff0  dt=16
1682| 274a        BEQ   $16ce               cc=c1 a=2c b=00 dp=00 x=77f0 y=0000 u=a3c9 s=1ff0  dt=24
1684| 3a          ABX                       cc=c1 a=2c b=00 dp=00 x=77f0 y=0000 u=a3c9 s=1ff0  dt=24
1685| e6c0        LDB   ,U+                 cc=c9 a=2c b=81 dp=00 x=77f0 y=0000 u=a3ca s=1ff0  dt=48
1687| 2be8        BMI   $1671               cc=c9 a=2c b=81 dp=00 x=77f0 y=0000 u=a3ca s=1ff0  dt=24
1671| c47f        ANDB  #$7f                cc=c1 a=2c b=01 dp=00 x=77f0 y=0000 u=a3ca s=1ff0  dt=16
1673| a6c0        LDA   ,U+                 cc=c1 a=0f b=01 dp=00 x=77f0 y=0000 u=a3cb s=1ff0  dt=48
1675| a484        ANDA  ,X                  cc=c5 a=00 b=01 dp=00 x=77f0 y=0000 u=a3cb s=1ff0  dt=32
1677| aac0        ORA   ,U+                 cc=c9 a=c0 b=01 dp=00 x=77f0 y=0000 u=a3cc s=1ff0  dt=48
1679| a780        STA   ,X+                 cc=c9 a=c0 b=01 dp=00 x=77f1 y=0000 u=a3cc s=1ff0  dt=48
167b| 5a          DECB                      cc=c5 a=c0 b=00 dp=00 x=77f1 y=0000 u=a3cc s=1ff0  dt=16
167c| 26f5        BNE   $1673               cc=c5 a=c0 b=00 dp=00 x=77f1 y=0000 u=a3cc s=1ff0  dt=24
167e| e6c0        LDB   ,U+                 cc=c9 a=c0 b=9c dp=00 x=77f1 y=0000 u=a3cd s=1ff0  dt=48
1680| c1ff        CMPB  #$ff                cc=c9 a=c0 b=9c dp=00 x=77f1 y=0000 u=a3cd s=1ff0  dt=16
1682| 274a        BEQ   $16ce               cc=c9 a=c0 b=9c dp=00 x=77f1 y=0000 u=a3cd s=1ff0  dt=24
1684| 3a          ABX                       cc=c9 a=c0 b=9c dp=00 x=788d y=0000 u=a3cd s=1ff0  dt=24
1685| e6c0        LDB   ,U+                 cc=c9 a=c0 b=81 dp=00 x=788d y=0000 u=a3ce s=1ff0  dt=48
1687| 2be8        BMI   $1671               cc=c9 a=c0 b=81 dp=00 x=788d y=0000 u=a3ce s=1ff0  dt=24
1671| c47f        ANDB  #$7f                cc=c1 a=c0 b=01 dp=00 x=788d y=0000 u=a3ce s=1ff0  dt=16
1673| a6c0        LDA   ,U+                 cc=c9 a=f0 b=01 dp=00 x=788d y=0000 u=a3cf s=1ff0  dt=48
1675| a484        ANDA  ,X                  cc=c5 a=00 b=01 dp=00 x=788d y=0000 u=a3cf s=1ff0  dt=32
1677| aac0        ORA   ,U+                 cc=c1 a=0c b=01 dp=00 x=788d y=0000 u=a3d0 s=1ff0  dt=48
1679| a780        STA   ,X+                 cc=c1 a=0c b=01 dp=00 x=788e y=0000 u=a3d0 s=1ff0  dt=48
167b| 5a          DECB                      cc=c5 a=0c b=00 dp=00 x=788e y=0000 u=a3d0 s=1ff0  dt=16
167c| 26f5        BNE   $1673               cc=c5 a=0c b=00 dp=00 x=788e y=0000 u=a3d0 s=1ff0  dt=24
167e| e6c0        LDB   ,U+                 cc=c5 a=0c b=00 dp=00 x=788e y=0000 u=a3d1 s=1ff0  dt=48
1680| c1ff        CMPB  #$ff                cc=c1 a=0c b=00 dp=00 x=788e y=0000 u=a3d1 s=1ff0  dt=16
1682| 274a        BEQ   $16ce               cc=c1 a=0c b=00 dp=00 x=788e y=0000 u=a3d1 s=1ff0  dt=24
1684| 3a          ABX                       cc=c1 a=0c b=00 dp=00 x=788e y=0000 u=a3d1 s=1ff0  dt=24
1685| e6c0        LDB   ,U+                 cc=c1 a=0c b=01 dp=00 x=788e y=0000 u=a3d2 s=1ff0  dt=48
1687| 2be8        BMI   $1671               cc=c1 a=0c b=01 dp=00 x=788e y=0000 u=a3d2 s=1ff0  dt=24
1689| c105        CMPB  #$05                cc=c9 a=0c b=01 dp=00 x=788e y=0000 u=a3d2 s=1ff0  dt=16
168b| 271b        BEQ   $16a8               cc=c9 a=0c b=01 dp=00 x=788e y=0000 u=a3d2 s=1ff0  dt=24
168d| c104        CMPB  #$04                cc=c9 a=0c b=01 dp=00 x=788e y=0000 u=a3d2 s=1ff0  dt=16
168f| 250f        BCS   $16a0               cc=c9 a=0c b=01 dp=00 x=788e y=0000 u=a3d2 s=1ff0  dt=24
16a0| c102        CMPB  #$02                cc=c9 a=0c b=01 dp=00 x=788e y=0000 u=a3d2 s=1ff0  dt=16
16a2| 2724        BEQ   $16c8               cc=c9 a=0c b=01 dp=00 x=788e y=0000 u=a3d2 s=1ff0  dt=24
16a4| 250a        BCS   $16b0               cc=c9 a=0c b=01 dp=00 x=788e y=0000 u=a3d2 s=1ff0  dt=24
16b0| a6c0        LDA   ,U+                 cc=c9 a=cc b=01 dp=00 x=788e y=0000 u=a3d3 s=1ff0  dt=48
16b2| a780        STA   ,X+                 cc=c9 a=cc b=01 dp=00 x=788f y=0000 u=a3d3 s=1ff0  dt=48
16b4| 20c8        BRA   $167e               cc=c9 a=cc b=01 dp=00 x=788f y=0000 u=a3d3 s=1ff0  dt=24
167e| e6c0        LDB   ,U+                 cc=c5 a=cc b=00 dp=00 x=788f y=0000 u=a3d4 s=1ff0  dt=48
1680| c1ff        CMPB  #$ff                cc=c1 a=cc b=00 dp=00 x=788f y=0000 u=a3d4 s=1ff0  dt=16
1682| 274a        BEQ   $16ce               cc=c1 a=cc b=00 dp=00 x=788f y=0000 u=a3d4 s=1ff0  dt=24
1684| 3a          ABX                       cc=c1 a=cc b=00 dp=00 x=788f y=0000 u=a3d4 s=1ff0  dt=24
1685| e6c0        LDB   ,U+                 cc=c9 a=cc b=81 dp=00 x=788f y=0000 u=a3d5 s=1ff0  dt=48
1687| 2be8        BMI   $1671               cc=c9 a=cc b=81 dp=00 x=788f y=0000 u=a3d5 s=1ff0  dt=24
1671| c47f        ANDB  #$7f                cc=c1 a=cc b=01 dp=00 x=788f y=0000 u=a3d5 s=1ff0  dt=16
1673| a6c0        LDA   ,U+                 cc=c1 a=0f b=01 dp=00 x=788f y=0000 u=a3d6 s=1ff0  dt=48
1675| a484        ANDA  ,X                  cc=c5 a=00 b=01 dp=00 x=788f y=0000 u=a3d6 s=1ff0  dt=32
1677| aac0        ORA   ,U+                 cc=c9 a=c0 b=01 dp=00 x=788f y=0000 u=a3d7 s=1ff0  dt=48
1679| a780        STA   ,X+                 cc=c9 a=c0 b=01 dp=00 x=7890 y=0000 u=a3d7 s=1ff0  dt=48
167b| 5a          DECB                      cc=c5 a=c0 b=00 dp=00 x=7890 y=0000 u=a3d7 s=1ff0  dt=16
167c| 26f5        BNE   $1673               cc=c5 a=c0 b=00 dp=00 x=7890 y=0000 u=a3d7 s=1ff0  dt=24
167e| e6c0        LDB   ,U+                 cc=c9 a=c0 b=ff dp=00 x=7890 y=0000 u=a3d8 s=1ff0  dt=48
1680| c1ff        CMPB  #$ff                cc=c4 a=c0 b=ff dp=00 x=7890 y=0000 u=a3d8 s=1ff0  dt=16
1682| 274a        BEQ   $16ce               cc=c4 a=c0 b=ff dp=00 x=7890 y=0000 u=a3d8 s=1ff0  dt=24
16ce| ecc1        LDD   ,U++                cc=c4 a=00 b=00 dp=00 x=7890 y=0000 u=a3da s=1ff0  dt=64
16d0| 2706        BEQ   $16d8               cc=c4 a=00 b=00 dp=00 x=7890 y=0000 u=a3da s=1ff0  dt=24
16d8| 8634        LDA   #$34                cc=c0 a=34 b=00 dp=00 x=7890 y=0000 u=a3da s=1ff0  dt=16
16da| b7ffa5      STA   $ffa5               cc=c0 a=34 b=00 dp=00 x=7890 y=0000 u=a3da s=1ff0  dt=40
16dd| 39          RTS                       cc=c0 a=34 b=00 dp=00 x=7890 y=0000 u=a3da s=1ff2  dt=40
13e1| 39          RTS                       cc=c0 a=34 b=00 dp=00 x=7890 y=0000 u=a3da s=1ff4  dt=40
0c9b| 3510        PULS  X                   cc=c0 a=34 b=00 dp=00 x=a480 y=0000 u=a3da s=1ff6  dt=56
0c9d| 3008        LEAX  8,X                 cc=c0 a=34 b=00 dp=00 x=a488 y=0000 u=a3da s=1ff6  dt=40
0c9f| 0a5d        DEC   <$5d                cc=c0 a=34 b=00 dp=00 x=a488 y=0000 u=a3da s=1ff6  dt=48
0ca1| 26e7        BNE   $0c8a               cc=c0 a=34 b=00 dp=00 x=a488 y=0000 u=a3da s=1ff6  dt=24
0c8a| 6d84        TST   ,X                  cc=c0 a=34 b=00 dp=00 x=a488 y=0000 u=a3da s=1ff6  dt=48
0c8c| 270f        BEQ   $0c9d               cc=c0 a=34 b=00 dp=00 x=a488 y=0000 u=a3da s=1ff6  dt=24
0c8e| 6d06        TST   6,X                 cc=c0 a=34 b=00 dp=00 x=a488 y=0000 u=a3da s=1ff6  dt=56
0c90| 270b        BEQ   $0c9d               cc=c0 a=34 b=00 dp=00 x=a488 y=0000 u=a3da s=1ff6  dt=24
0c92| e607        LDB   7,X                 cc=c8 a=34 b=ff dp=00 x=a488 y=0000 u=a3da s=1ff6  dt=40
0c94| 3410        PSHS  X                   cc=c8 a=34 b=ff dp=00 x=a488 y=0000 u=a3da s=1ff4  dt=56
0c96| ae01        LDX   1,X                 cc=c0 a=34 b=ff dp=00 x=6fea y=0000 u=a3da s=1ff4  dt=48
0c98| 17073d      LBSR  $13d8               cc=c0 a=34 b=ff dp=00 x=6fea y=0000 u=a3da s=1ff2  dt=72
13d8| 17022d      LBSR  $1608               cc=c0 a=34 b=ff dp=00 x=6fea y=0000 u=a3da s=1ff0  dt=72
1608| c104        CMPB  #$04                cc=c8 a=34 b=ff dp=00 x=6fea y=0000 u=a3da s=1ff0  dt=16
160a| 2501        BCS   $160d               cc=c8 a=34 b=ff dp=00 x=6fea y=0000 u=a3da s=1ff0  dt=24
160c| 5f          CLRB                      cc=c4 a=34 b=00 dp=00 x=6fea y=0000 u=a3da s=1ff0  dt=16
160d| d766        STB   <$66                cc=c4 a=34 b=00 dp=00 x=6fea y=0000 u=a3da s=1ff0  dt=32
160f| 8604        LDA   #$04                cc=c0 a=04 b=00 dp=00 x=6fea y=0000 u=a3da s=1ff0  dt=16
1611| 905d        SUBA  <$5d                cc=c0 a=03 b=00 dp=00 x=6fea y=0000 u=a3da s=1ff0  dt=32
1613| 8104        CMPA  #$04                cc=c9 a=03 b=00 dp=00 x=6fea y=0000 u=a3da s=1ff0  dt=16
1615| 2302        BLS   $1619               cc=c9 a=03 b=00 dp=00 x=6fea y=0000 u=a3da s=1ff0  dt=24
1619| 9764        STA   <$64                cc=c1 a=03 b=00 dp=00 x=6fea y=0000 u=a3da s=1ff0  dt=32
161b| 9624        LDA   <$24                cc=c1 a=01 b=00 dp=00 x=6fea y=0000 u=a3da s=1ff0  dt=32
161d| 8109        CMPA  #$09                cc=c9 a=01 b=00 dp=00 x=6fea y=0000 u=a3da s=1ff0  dt=16
161f| 2517        BCS   $1638               cc=c9 a=01 b=00 dp=00 x=6fea y=0000 u=a3da s=1ff0  dt=24
1638| 4a          DECA                      cc=c5 a=00 b=00 dp=00 x=6fea y=0000 u=a3da s=1ff0  dt=16
1639| 48          LSLA                      cc=c4 a=00 b=00 dp=00 x=6fea y=0000 u=a3da s=1ff0  dt=16
163a| 48          LSLA                      cc=c4 a=00 b=00 dp=00 x=6fea y=0000 u=a3da s=1ff0  dt=16
163b| 9b66        ADDA  <$66                cc=c4 a=00 b=00 dp=00 x=6fea y=0000 u=a3da s=1ff0  dt=32
163d| 48          LSLA                      cc=c4 a=00 b=00 dp=00 x=6fea y=0000 u=a3da s=1ff0  dt=16
163e| 48          LSLA                      cc=c4 a=00 b=00 dp=00 x=6fea y=0000 u=a3da s=1ff0  dt=16
163f| 9a54        ORA   <$54                cc=c0 a=02 b=00 dp=00 x=6fea y=0000 u=a3da s=1ff0  dt=32
1641| 39          RTS                       cc=c0 a=02 b=00 dp=00 x=6fea y=0000 u=a3da s=1ff2  dt=40
13db| 170271      LBSR  $164f               cc=c0 a=02 b=00 dp=00 x=6fea y=0000 u=a3da s=1ff0  dt=72
164f| c603        LDB   #$03                cc=c0 a=02 b=03 dp=00 x=6fea y=0000 u=a3da s=1ff0  dt=16
1651| 3d          MUL                       cc=c0 a=00 b=06 dp=00 x=6fea y=0000 u=a3da s=1ff0  dt=88
1652| ce0500      LDU   #$0500              cc=c0 a=00 b=06 dp=00 x=6fea y=0000 u=0500 s=1ff0  dt=24
1655| 33cb        LEAU  D,U                 cc=c0 a=00 b=06 dp=00 x=6fea y=0000 u=0506 s=1ff0  dt=64
1657| a6c4        LDA   ,U                  cc=c0 a=35 b=06 dp=00 x=6fea y=0000 u=0506 s=1ff0  dt=32
1659| b7ffa5      STA   $ffa5               cc=c0 a=35 b=06 dp=00 x=6fea y=0000 u=0506 s=1ff0  dt=40
165c| ee41        LDU   1,U                 cc=c8 a=35 b=06 dp=00 x=6fea y=0000 u=a313 s=1ff0  dt=48
165e| 39          RTS                       cc=c8 a=35 b=06 dp=00 x=6fea y=0000 u=a313 s=1ff2  dt=40
13de| 17028e      LBSR  $166f               cc=c8 a=35 b=06 dp=00 x=6fea y=0000 u=a313 s=1ff0  dt=72
166f| 200d        BRA   $167e               cc=c8 a=35 b=06 dp=00 x=6fea y=0000 u=a313 s=1ff0  dt=24
167e| e6c0        LDB   ,U+                 cc=c0 a=35 b=03 dp=00 x=6fea y=0000 u=a314 s=1ff0  dt=48
1680| c1ff        CMPB  #$ff                cc=c1 a=35 b=03 dp=00 x=6fea y=0000 u=a314 s=1ff0  dt=16
1682| 274a        BEQ   $16ce               cc=c1 a=35 b=03 dp=00 x=6fea y=0000 u=a314 s=1ff0  dt=24
1684| 3a          ABX                       cc=c1 a=35 b=03 dp=00 x=6fed y=0000 u=a314 s=1ff0  dt=24
1685| e6c0        LDB   ,U+                 cc=c1 a=35 b=01 dp=00 x=6fed y=0000 u=a315 s=1ff0  dt=48
1687| 2be8        BMI   $1671               cc=c1 a=35 b=01 dp=00 x=6fed y=0000 u=a315 s=1ff0  dt=24
1689| c105        CMPB  #$05                cc=c9 a=35 b=01 dp=00 x=6fed y=0000 u=a315 s=1ff0  dt=16
168b| 271b        BEQ   $16a8               cc=c9 a=35 b=01 dp=00 x=6fed y=0000 u=a315 s=1ff0  dt=24
168d| c104        CMPB  #$04                cc=c9 a=35 b=01 dp=00 x=6fed y=0000 u=a315 s=1ff0  dt=16
168f| 250f        BCS   $16a0               cc=c9 a=35 b=01 dp=00 x=6fed y=0000 u=a315 s=1ff0  dt=24
16a0| c102        CMPB  #$02                cc=c9 a=35 b=01 dp=00 x=6fed y=0000 u=a315 s=1ff0  dt=16
16a2| 2724        BEQ   $16c8               cc=c9 a=35 b=01 dp=00 x=6fed y=0000 u=a315 s=1ff0  dt=24
16a4| 250a        BCS   $16b0               cc=c9 a=35 b=01 dp=00 x=6fed y=0000 u=a315 s=1ff0  dt=24
16b0| a6c0        LDA   ,U+                 cc=c9 a=cc b=01 dp=00 x=6fed y=0000 u=a316 s=1ff0  dt=48
16b2| a780        STA   ,X+                 cc=c9 a=cc b=01 dp=00 x=6fee y=0000 u=a316 s=1ff0  dt=48
16b4| 20c8        BRA   $167e               cc=c9 a=cc b=01 dp=00 x=6fee y=0000 u=a316 s=1ff0  dt=24
167e| e6c0        LDB   ,U+                 cc=c1 a=cc b=01 dp=00 x=6fee y=0000 u=a317 s=1ff0  dt=48
1680| c1ff        CMPB  #$ff                cc=c1 a=cc b=01 dp=00 x=6fee y=0000 u=a317 s=1ff0  dt=16
1682| 274a        BEQ   $16ce               cc=c1 a=cc b=01 dp=00 x=6fee y=0000 u=a317 s=1ff0  dt=24
1684| 3a          ABX                       cc=c1 a=cc b=01 dp=00 x=6fef y=0000 u=a317 s=1ff0  dt=24
1685| e6c0        LDB   ,U+                 cc=c1 a=cc b=01 dp=00 x=6fef y=0000 u=a318 s=1ff0  dt=48
1687| 2be8        BMI   $1671               cc=c1 a=cc b=01 dp=00 x=6fef y=0000 u=a318 s=1ff0  dt=24
1689| c105        CMPB  #$05                cc=c9 a=cc b=01 dp=00 x=6fef y=0000 u=a318 s=1ff0  dt=16
168b| 271b        BEQ   $16a8               cc=c9 a=cc b=01 dp=00 x=6fef y=0000 u=a318 s=1ff0  dt=24
168d| c104        CMPB  #$04                cc=c9 a=cc b=01 dp=00 x=6fef y=0000 u=a318 s=1ff0  dt=16
168f| 250f        BCS   $16a0               cc=c9 a=cc b=01 dp=00 x=6fef y=0000 u=a318 s=1ff0  dt=24
16a0| c102        CMPB  #$02                cc=c9 a=cc b=01 dp=00 x=6fef y=0000 u=a318 s=1ff0  dt=16
16a2| 2724        BEQ   $16c8               cc=c9 a=cc b=01 dp=00 x=6fef y=0000 u=a318 s=1ff0  dt=24
16a4| 250a        BCS   $16b0               cc=c9 a=cc b=01 dp=00 x=6fef y=0000 u=a318 s=1ff0  dt=24
16b0| a6c0        LDA   ,U+                 cc=c9 a=cc b=01 dp=00 x=6fef y=0000 u=a319 s=1ff0  dt=48
16b2| a780        STA   ,X+                 cc=c9 a=cc b=01 dp=00 x=6ff0 y=0000 u=a319 s=1ff0  dt=48
16b4| 20c8        BRA   $167e               cc=c9 a=cc b=01 dp=00 x=6ff0 y=0000 u=a319 s=1ff0  dt=24
167e| e6c0        LDB   ,U+                 cc=c9 a=cc b=9c dp=00 x=6ff0 y=0000 u=a31a s=1ff0  dt=48
1680| c1ff        CMPB  #$ff                cc=c9 a=cc b=9c dp=00 x=6ff0 y=0000 u=a31a s=1ff0  dt=16
1682| 274a        BEQ   $16ce               cc=c9 a=cc b=9c dp=00 x=6ff0 y=0000 u=a31a s=1ff0  dt=24
1684| 3a          ABX                       cc=c9 a=cc b=9c dp=00 x=708c y=0000 u=a31a s=1ff0  dt=24
1685| e6c0        LDB   ,U+                 cc=c9 a=cc b=81 dp=00 x=708c y=0000 u=a31b s=1ff0  dt=48
1687| 2be8        BMI   $1671               cc=c9 a=cc b=81 dp=00 x=708c y=0000 u=a31b s=1ff0  dt=24
1671| c47f        ANDB  #$7f                cc=c1 a=cc b=01 dp=00 x=708c y=0000 u=a31b s=1ff0  dt=16
1673| a6c0        LDA   ,U+                 cc=c9 a=f0 b=01 dp=00 x=708c y=0000 u=a31c s=1ff0  dt=48
1675| a484        ANDA  ,X                  cc=c5 a=00 b=01 dp=00 x=708c y=0000 u=a31c s=1ff0  dt=32
1677| aac0        ORA   ,U+                 cc=c1 a=0c b=01 dp=00 x=708c y=0000 u=a31d s=1ff0  dt=48
1679| a780        STA   ,X+                 cc=c1 a=0c b=01 dp=00 x=708d y=0000 u=a31d s=1ff0  dt=48
167b| 5a          DECB                      cc=c5 a=0c b=00 dp=00 x=708d y=0000 u=a31d s=1ff0  dt=16
167c| 26f5        BNE   $1673               cc=c5 a=0c b=00 dp=00 x=708d y=0000 u=a31d s=1ff0  dt=24
167e| e6c0        LDB   ,U+                 cc=c1 a=0c b=03 dp=00 x=708d y=0000 u=a31e s=1ff0  dt=48
1680| c1ff        CMPB  #$ff                cc=c1 a=0c b=03 dp=00 x=708d y=0000 u=a31e s=1ff0  dt=16
1682| 274a        BEQ   $16ce               cc=c1 a=0c b=03 dp=00 x=708d y=0000 u=a31e s=1ff0  dt=24
1684| 3a          ABX                       cc=c1 a=0c b=03 dp=00 x=7090 y=0000 u=a31e s=1ff0  dt=24
1685| e6c0        LDB   ,U+                 cc=c9 a=0c b=81 dp=00 x=7090 y=0000 u=a31f s=1ff0  dt=48
1687| 2be8        BMI   $1671               cc=c9 a=0c b=81 dp=00 x=7090 y=0000 u=a31f s=1ff0  dt=24
1671| c47f        ANDB  #$7f                cc=c1 a=0c b=01 dp=00 x=7090 y=0000 u=a31f s=1ff0  dt=16
1673| a6c0        LDA   ,U+                 cc=c1 a=0f b=01 dp=00 x=7090 y=0000 u=a320 s=1ff0  dt=48
1675| a484        ANDA  ,X                  cc=c5 a=00 b=01 dp=00 x=7090 y=0000 u=a320 s=1ff0  dt=32
1677| aac0        ORA   ,U+                 cc=c9 a=c0 b=01 dp=00 x=7090 y=0000 u=a321 s=1ff0  dt=48
1679| a780        STA   ,X+                 cc=c9 a=c0 b=01 dp=00 x=7091 y=0000 u=a321 s=1ff0  dt=48
167b| 5a          DECB                      cc=c5 a=c0 b=00 dp=00 x=7091 y=0000 u=a321 s=1ff0  dt=16
167c| 26f5        BNE   $1673               cc=c5 a=c0 b=00 dp=00 x=7091 y=0000 u=a321 s=1ff0  dt=24
167e| e6c0        LDB   ,U+                 cc=c9 a=c0 b=9b dp=00 x=7091 y=0000 u=a322 s=1ff0  dt=48
1680| c1ff        CMPB  #$ff                cc=c9 a=c0 b=9b dp=00 x=7091 y=0000 u=a322 s=1ff0  dt=16
1682| 274a        BEQ   $16ce               cc=c9 a=c0 b=9b dp=00 x=7091 y=0000 u=a322 s=1ff0  dt=24
1684| 3a          ABX                       cc=c9 a=c0 b=9b dp=00 x=712c y=0000 u=a322 s=1ff0  dt=24
1685| e6c0        LDB   ,U+                 cc=c9 a=c0 b=82 dp=00 x=712c y=0000 u=a323 s=1ff0  dt=48
1687| 2be8        BMI   $1671               cc=c9 a=c0 b=82 dp=00 x=712c y=0000 u=a323 s=1ff0  dt=24
1671| c47f        ANDB  #$7f                cc=c1 a=c0 b=02 dp=00 x=712c y=0000 u=a323 s=1ff0  dt=16
1673| a6c0        LDA   ,U+                 cc=c9 a=f0 b=02 dp=00 x=712c y=0000 u=a324 s=1ff0  dt=48
1675| a484        ANDA  ,X                  cc=c5 a=00 b=02 dp=00 x=712c y=0000 u=a324 s=1ff0  dt=32
1677| aac0        ORA   ,U+                 cc=c1 a=0c b=02 dp=00 x=712c y=0000 u=a325 s=1ff0  dt=48
1679| a780        STA   ,X+                 cc=c1 a=0c b=02 dp=00 x=712d y=0000 u=a325 s=1ff0  dt=48
167b| 5a          DECB                      cc=c1 a=0c b=01 dp=00 x=712d y=0000 u=a325 s=1ff0  dt=16
167c| 26f5        BNE   $1673               cc=c1 a=0c b=01 dp=00 x=712d y=0000 u=a325 s=1ff0  dt=24
1673| a6c0        LDA   ,U+                 cc=c9 a=f0 b=01 dp=00 x=712d y=0000 u=a326 s=1ff0  dt=48
1675| a484        ANDA  ,X                  cc=c5 a=00 b=01 dp=00 x=712d y=0000 u=a326 s=1ff0  dt=32
1677| aac0        ORA   ,U+                 cc=c1 a=0c b=01 dp=00 x=712d y=0000 u=a327 s=1ff0  dt=48
1679| a780        STA   ,X+                 cc=c1 a=0c b=01 dp=00 x=712e y=0000 u=a327 s=1ff0  dt=48
167b| 5a          DECB                      cc=c5 a=0c b=00 dp=00 x=712e y=0000 u=a327 s=1ff0  dt=16
167c| 26f5        BNE   $1673               cc=c5 a=0c b=00 dp=00 x=712e y=0000 u=a327 s=1ff0  dt=24
167e| e6c0        LDB   ,U+                 cc=c1 a=0c b=01 dp=00 x=712e y=0000 u=a328 s=1ff0  dt=48
1680| c1ff        CMPB  #$ff                cc=c1 a=0c b=01 dp=00 x=712e y=0000 u=a328 s=1ff0  dt=16
1682| 274a        BEQ   $16ce               cc=c1 a=0c b=01 dp=00 x=712e y=0000 u=a328 s=1ff0  dt=24
1684| 3a          ABX                       cc=c1 a=0c b=01 dp=00 x=712f y=0000 u=a328 s=1ff0  dt=24
1685| e6c0        LDB   ,U+                 cc=c9 a=0c b=82 dp=00 x=712f y=0000 u=a329 s=1ff0  dt=48
1687| 2be8        BMI   $1671               cc=c9 a=0c b=82 dp=00 x=712f y=0000 u=a329 s=1ff0  dt=24
1671| c47f        ANDB  #$7f                cc=c1 a=0c b=02 dp=00 x=712f y=0000 u=a329 s=1ff0  dt=16
1673| a6c0        LDA   ,U+                 cc=c1 a=0f b=02 dp=00 x=712f y=0000 u=a32a s=1ff0  dt=48
1675| a484        ANDA  ,X                  cc=c5 a=00 b=02 dp=00 x=712f y=0000 u=a32a s=1ff0  dt=32
1677| aac0        ORA   ,U+                 cc=c9 a=c0 b=02 dp=00 x=712f y=0000 u=a32b s=1ff0  dt=48
1679| a780        STA   ,X+                 cc=c9 a=c0 b=02 dp=00 x=7130 y=0000 u=a32b s=1ff0  dt=48
167b| 5a          DECB                      cc=c1 a=c0 b=01 dp=00 x=7130 y=0000 u=a32b s=1ff0  dt=16
167c| 26f5        BNE   $1673               cc=c1 a=c0 b=01 dp=00 x=7130 y=0000 u=a32b s=1ff0  dt=24
1673| a6c0        LDA   ,U+                 cc=c1 a=0f b=01 dp=00 x=7130 y=0000 u=a32c s=1ff0  dt=48
1675| a484        ANDA  ,X                  cc=c5 a=00 b=01 dp=00 x=7130 y=0000 u=a32c s=1ff0  dt=32
1677| aac0        ORA   ,U+                 cc=c9 a=c0 b=01 dp=00 x=7130 y=0000 u=a32d s=1ff0  dt=48
1679| a780        STA   ,X+                 cc=c9 a=c0 b=01 dp=00 x=7131 y=0000 u=a32d s=1ff0  dt=48
167b| 5a          DECB                      cc=c5 a=c0 b=00 dp=00 x=7131 y=0000 u=a32d s=1ff0  dt=16
167c| 26f5        BNE   $1673               cc=c5 a=c0 b=00 dp=00 x=7131 y=0000 u=a32d s=1ff0  dt=24
167e| e6c0        LDB   ,U+                 cc=c9 a=c0 b=9a dp=00 x=7131 y=0000 u=a32e s=1ff0  dt=48
1680| c1ff        CMPB  #$ff                cc=c9 a=c0 b=9a dp=00 x=7131 y=0000 u=a32e s=1ff0  dt=16
1682| 274a        BEQ   $16ce               cc=c9 a=c0 b=9a dp=00 x=7131 y=0000 u=a32e s=1ff0  dt=24
1684| 3a          ABX                       cc=c9 a=c0 b=9a dp=00 x=71cb y=0000 u=a32e s=1ff0  dt=24
1685| e6c0        LDB   ,U+                 cc=c9 a=c0 b=81 dp=00 x=71cb y=0000 u=a32f s=1ff0  dt=48
1687| 2be8        BMI   $1671               cc=c9 a=c0 b=81 dp=00 x=71cb y=0000 u=a32f s=1ff0  dt=24
1671| c47f        ANDB  #$7f                cc=c1 a=c0 b=01 dp=00 x=71cb y=0000 u=a32f s=1ff0  dt=16
1673| a6c0        LDA   ,U+                 cc=c9 a=f0 b=01 dp=00 x=71cb y=0000 u=a330 s=1ff0  dt=48
1675| a484        ANDA  ,X                  cc=c5 a=00 b=01 dp=00 x=71cb y=0000 u=a330 s=1ff0  dt=32
1677| aac0        ORA   ,U+                 cc=c1 a=05 b=01 dp=00 x=71cb y=0000 u=a331 s=1ff0  dt=48
1679| a780        STA   ,X+                 cc=c1 a=05 b=01 dp=00 x=71cc y=0000 u=a331 s=1ff0  dt=48
167b| 5a          DECB                      cc=c5 a=05 b=00 dp=00 x=71cc y=0000 u=a331 s=1ff0  dt=16
167c| 26f5        BNE   $1673               cc=c5 a=05 b=00 dp=00 x=71cc y=0000 u=a331 s=1ff0  dt=24
167e| e6c0        LDB   ,U+                 cc=c1 a=05 b=01 dp=00 x=71cc y=0000 u=a332 s=1ff0  dt=48
1680| c1ff        CMPB  #$ff                cc=c1 a=05 b=01 dp=00 x=71cc y=0000 u=a332 s=1ff0  dt=16
1682| 274a        BEQ   $16ce               cc=c1 a=05 b=01 dp=00 x=71cc y=0000 u=a332 s=1ff0  dt=24
1684| 3a          ABX                       cc=c1 a=05 b=01 dp=00 x=71cd y=0000 u=a332 s=1ff0  dt=24
1685| e6c0        LDB   ,U+                 cc=c9 a=05 b=81 dp=00 x=71cd y=0000 u=a333 s=1ff0  dt=48
1687| 2be8        BMI   $1671               cc=c9 a=05 b=81 dp=00 x=71cd y=0000 u=a333 s=1ff0  dt=24
1671| c47f        ANDB  #$7f                cc=c1 a=05 b=01 dp=00 x=71cd y=0000 u=a333 s=1ff0  dt=16
1673| a6c0        LDA   ,U+                 cc=c1 a=0f b=01 dp=00 x=71cd y=0000 u=a334 s=1ff0  dt=48
1675| a484        ANDA  ,X                  cc=c5 a=00 b=01 dp=00 x=71cd y=0000 u=a334 s=1ff0  dt=32
1677| aac0        ORA   ,U+                 cc=c9 a=c0 b=01 dp=00 x=71cd y=0000 u=a335 s=1ff0  dt=48
1679| a780        STA   ,X+                 cc=c9 a=c0 b=01 dp=00 x=71ce y=0000 u=a335 s=1ff0  dt=48
167b| 5a          DECB                      cc=c5 a=c0 b=00 dp=00 x=71ce y=0000 u=a335 s=1ff0  dt=16
167c| 26f5        BNE   $1673               cc=c5 a=c0 b=00 dp=00 x=71ce y=0000 u=a335 s=1ff0  dt=24
167e| e6c0        LDB   ,U+                 cc=c5 a=c0 b=00 dp=00 x=71ce y=0000 u=a336 s=1ff0  dt=48
1680| c1ff        CMPB  #$ff                cc=c1 a=c0 b=00 dp=00 x=71ce y=0000 u=a336 s=1ff0  dt=16
1682| 274a        BEQ   $16ce               cc=c1 a=c0 b=00 dp=00 x=71ce y=0000 u=a336 s=1ff0  dt=24
1684| 3a          ABX                       cc=c1 a=c0 b=00 dp=00 x=71ce y=0000 u=a336 s=1ff0  dt=24
1685| e6c0        LDB   ,U+                 cc=c1 a=c0 b=01 dp=00 x=71ce y=0000 u=a337 s=1ff0  dt=48
1687| 2be8        BMI   $1671               cc=c1 a=c0 b=01 dp=00 x=71ce y=0000 u=a337 s=1ff0  dt=24
1689| c105        CMPB  #$05                cc=c9 a=c0 b=01 dp=00 x=71ce y=0000 u=a337 s=1ff0  dt=16
168b| 271b        BEQ   $16a8               cc=c9 a=c0 b=01 dp=00 x=71ce y=0000 u=a337 s=1ff0  dt=24
168d| c104        CMPB  #$04                cc=c9 a=c0 b=01 dp=00 x=71ce y=0000 u=a337 s=1ff0  dt=16
168f| 250f        BCS   $16a0               cc=c9 a=c0 b=01 dp=00 x=71ce y=0000 u=a337 s=1ff0  dt=24
16a0| c102        CMPB  #$02                cc=c9 a=c0 b=01 dp=00 x=71ce y=0000 u=a337 s=1ff0  dt=16
16a2| 2724        BEQ   $16c8               cc=c9 a=c0 b=01 dp=00 x=71ce y=0000 u=a337 s=1ff0  dt=24
16a4| 250a        BCS   $16b0               cc=c9 a=c0 b=01 dp=00 x=71ce y=0000 u=a337 s=1ff0  dt=24
16b0| a6c0        LDA   ,U+                 cc=c1 a=55 b=01 dp=00 x=71ce y=0000 u=a338 s=1ff0  dt=48
16b2| a780        STA   ,X+                 cc=c1 a=55 b=01 dp=00 x=71cf y=0000 u=a338 s=1ff0  dt=48
16b4| 20c8        BRA   $167e               cc=c1 a=55 b=01 dp=00 x=71cf y=0000 u=a338 s=1ff0  dt=24
167e| e6c0        LDB   ,U+                 cc=c5 a=55 b=00 dp=00 x=71cf y=0000 u=a339 s=1ff0  dt=48
1680| c1ff        CMPB  #$ff                cc=c1 a=55 b=00 dp=00 x=71cf y=0000 u=a339 s=1ff0  dt=16
1682| 274a        BEQ   $16ce               cc=c1 a=55 b=00 dp=00 x=71cf y=0000 u=a339 s=1ff0  dt=24
1684| 3a          ABX                       cc=c1 a=55 b=00 dp=00 x=71cf y=0000 u=a339 s=1ff0  dt=24
1685| e6c0        LDB   ,U+                 cc=c9 a=55 b=83 dp=00 x=71cf y=0000 u=a33a s=1ff0  dt=48
1687| 2be8        BMI   $1671               cc=c9 a=55 b=83 dp=00 x=71cf y=0000 u=a33a s=1ff0  dt=24
1671| c47f        ANDB  #$7f                cc=c1 a=55 b=03 dp=00 x=71cf y=0000 u=a33a s=1ff0  dt=16
1673| a6c0        LDA   ,U+                 cc=c9 a=f0 b=03 dp=00 x=71cf y=0000 u=a33b s=1ff0  dt=48
1675| a484        ANDA  ,X                  cc=c5 a=00 b=03 dp=00 x=71cf y=0000 u=a33b s=1ff0  dt=32
1677| aac0        ORA   ,U+                 cc=c1 a=0c b=03 dp=00 x=71cf y=0000 u=a33c s=1ff0  dt=48
1679| a780        STA   ,X+                 cc=c1 a=0c b=03 dp=00 x=71d0 y=0000 u=a33c s=1ff0  dt=48
167b| 5a          DECB                      cc=c1 a=0c b=02 dp=00 x=71d0 y=0000 u=a33c s=1ff0  dt=16
167c| 26f5        BNE   $1673               cc=c1 a=0c b=02 dp=00 x=71d0 y=0000 u=a33c s=1ff0  dt=24
1673| a6c0        LDA   ,U+                 cc=c1 a=0f b=02 dp=00 x=71d0 y=0000 u=a33d s=1ff0  dt=48
1675| a484        ANDA  ,X                  cc=c5 a=00 b=02 dp=00 x=71d0 y=0000 u=a33d s=1ff0  dt=32
1677| aac0        ORA   ,U+                 cc=c9 a=c0 b=02 dp=00 x=71d0 y=0000 u=a33e s=1ff0  dt=48
1679| a780        STA   ,X+                 cc=c9 a=c0 b=02 dp=00 x=71d1 y=0000 u=a33e s=1ff0  dt=48
167b| 5a          DECB                      cc=c1 a=c0 b=01 dp=00 x=71d1 y=0000 u=a33e s=1ff0  dt=16
167c| 26f5        BNE   $1673               cc=c1 a=c0 b=01 dp=00 x=71d1 y=0000 u=a33e s=1ff0  dt=24
1673| a6c0        LDA   ,U+                 cc=c1 a=0f b=01 dp=00 x=71d1 y=0000 u=a33f s=1ff0  dt=48
1675| a484        ANDA  ,X                  cc=c5 a=00 b=01 dp=00 x=71d1 y=0000 u=a33f s=1ff0  dt=32
1677| aac0        ORA   ,U+                 cc=c1 a=50 b=01 dp=00 x=71d1 y=0000 u=a340 s=1ff0  dt=48
1679| a780        STA   ,X+                 cc=c1 a=50 b=01 dp=00 x=71d2 y=0000 u=a340 s=1ff0  dt=48
167b| 5a          DECB                      cc=c5 a=50 b=00 dp=00 x=71d2 y=0000 u=a340 s=1ff0  dt=16
167c| 26f5        BNE   $1673               cc=c5 a=50 b=00 dp=00 x=71d2 y=0000 u=a340 s=1ff0  dt=24
167e| e6c0        LDB   ,U+                 cc=c9 a=50 b=99 dp=00 x=71d2 y=0000 u=a341 s=1ff0  dt=48
1680| c1ff        CMPB  #$ff                cc=c9 a=50 b=99 dp=00 x=71d2 y=0000 u=a341 s=1ff0  dt=16
1682| 274a        BEQ   $16ce               cc=c9 a=50 b=99 dp=00 x=71d2 y=0000 u=a341 s=1ff0  dt=24
1684| 3a          ABX                       cc=c9 a=50 b=99 dp=00 x=726b y=0000 u=a341 s=1ff0  dt=24
1685| e6c0        LDB   ,U+                 cc=c9 a=50 b=81 dp=00 x=726b y=0000 u=a342 s=1ff0  dt=48
1687| 2be8        BMI   $1671               cc=c9 a=50 b=81 dp=00 x=726b y=0000 u=a342 s=1ff0  dt=24
1671| c47f        ANDB  #$7f                cc=c1 a=50 b=01 dp=00 x=726b y=0000 u=a342 s=1ff0  dt=16
1673| a6c0        LDA   ,U+                 cc=c9 a=f0 b=01 dp=00 x=726b y=0000 u=a343 s=1ff0  dt=48
1675| a484        ANDA  ,X                  cc=c5 a=00 b=01 dp=00 x=726b y=0000 u=a343 s=1ff0  dt=32
1677| aac0        ORA   ,U+                 cc=c1 a=05 b=01 dp=00 x=726b y=0000 u=a344 s=1ff0  dt=48
1679| a780        STA   ,X+                 cc=c1 a=05 b=01 dp=00 x=726c y=0000 u=a344 s=1ff0  dt=48
167b| 5a          DECB                      cc=c5 a=05 b=00 dp=00 x=726c y=0000 u=a344 s=1ff0  dt=16
167c| 26f5        BNE   $1673               cc=c5 a=05 b=00 dp=00 x=726c y=0000 u=a344 s=1ff0  dt=24
167e| e6c0        LDB   ,U+                 cc=c1 a=05 b=01 dp=00 x=726c y=0000 u=a345 s=1ff0  dt=48
1680| c1ff        CMPB  #$ff                cc=c1 a=05 b=01 dp=00 x=726c y=0000 u=a345 s=1ff0  dt=16
1682| 274a        BEQ   $16ce               cc=c1 a=05 b=01 dp=00 x=726c y=0000 u=a345 s=1ff0  dt=24
1684| 3a          ABX                       cc=c1 a=05 b=01 dp=00 x=726d y=0000 u=a345 s=1ff0  dt=24
1685| e6c0        LDB   ,U+                 cc=c1 a=05 b=03 dp=00 x=726d y=0000 u=a346 s=1ff0  dt=48
1687| 2be8        BMI   $1671               cc=c1 a=05 b=03 dp=00 x=726d y=0000 u=a346 s=1ff0  dt=24
1689| c105        CMPB  #$05                cc=c9 a=05 b=03 dp=00 x=726d y=0000 u=a346 s=1ff0  dt=16
168b| 271b        BEQ   $16a8               cc=c9 a=05 b=03 dp=00 x=726d y=0000 u=a346 s=1ff0  dt=24
168d| c104        CMPB  #$04                cc=c9 a=05 b=03 dp=00 x=726d y=0000 u=a346 s=1ff0  dt=16
168f| 250f        BCS   $16a0               cc=c9 a=05 b=03 dp=00 x=726d y=0000 u=a346 s=1ff0  dt=24
16a0| c102        CMPB  #$02                cc=c0 a=05 b=03 dp=00 x=726d y=0000 u=a346 s=1ff0  dt=16
16a2| 2724        BEQ   $16c8               cc=c0 a=05 b=03 dp=00 x=726d y=0000 u=a346 s=1ff0  dt=24
16a4| 250a        BCS   $16b0               cc=c0 a=05 b=03 dp=00 x=726d y=0000 u=a346 s=1ff0  dt=24
16a6| 2004        BRA   $16ac               cc=c0 a=05 b=03 dp=00 x=726d y=0000 u=a346 s=1ff0  dt=24
16ac| ecc1        LDD   ,U++                cc=c0 a=25 b=55 dp=00 x=726d y=0000 u=a348 s=1ff0  dt=64
16ae| ed81        STD   ,X++                cc=c0 a=25 b=55 dp=00 x=726f y=0000 u=a348 s=1ff0  dt=64
16b0| a6c0        LDA   ,U+                 cc=c0 a=52 b=55 dp=00 x=726f y=0000 u=a349 s=1ff0  dt=48
16b2| a780        STA   ,X+                 cc=c0 a=52 b=55 dp=00 x=7270 y=0000 u=a349 s=1ff0  dt=48
16b4| 20c8        BRA   $167e               cc=c0 a=52 b=55 dp=00 x=7270 y=0000 u=a349 s=1ff0  dt=24
167e| e6c0        LDB   ,U+                 cc=c0 a=52 b=01 dp=00 x=7270 y=0000 u=a34a s=1ff0  dt=48
1680| c1ff        CMPB  #$ff                cc=c1 a=52 b=01 dp=00 x=7270 y=0000 u=a34a s=1ff0  dt=16
1682| 274a        BEQ   $16ce               cc=c1 a=52 b=01 dp=00 x=7270 y=0000 u=a34a s=1ff0  dt=24
1684| 3a          ABX                       cc=c1 a=52 b=01 dp=00 x=7271 y=0000 u=a34a s=1ff0  dt=24
1685| e6c0        LDB   ,U+                 cc=c9 a=52 b=81 dp=00 x=7271 y=0000 u=a34b s=1ff0  dt=48
1687| 2be8        BMI   $1671               cc=c9 a=52 b=81 dp=00 x=7271 y=0000 u=a34b s=1ff0  dt=24
1671| c47f        ANDB  #$7f                cc=c1 a=52 b=01 dp=00 x=7271 y=0000 u=a34b s=1ff0  dt=16
1673| a6c0        LDA   ,U+                 cc=c1 a=0f b=01 dp=00 x=7271 y=0000 u=a34c s=1ff0  dt=48
1675| a484        ANDA  ,X                  cc=c5 a=00 b=01 dp=00 x=7271 y=0000 u=a34c s=1ff0  dt=32
1677| aac0        ORA   ,U+                 cc=c1 a=50 b=01 dp=00 x=7271 y=0000 u=a34d s=1ff0  dt=48
1679| a780        STA   ,X+                 cc=c1 a=50 b=01 dp=00 x=7272 y=0000 u=a34d s=1ff0  dt=48
167b| 5a          DECB                      cc=c5 a=50 b=00 dp=00 x=7272 y=0000 u=a34d s=1ff0  dt=16
167c| 26f5        BNE   $1673               cc=c5 a=50 b=00 dp=00 x=7272 y=0000 u=a34d s=1ff0  dt=24
167e| e6c0        LDB   ,U+                 cc=c9 a=50 b=99 dp=00 x=7272 y=0000 u=a34e s=1ff0  dt=48
1680| c1ff        CMPB  #$ff                cc=c9 a=50 b=99 dp=00 x=7272 y=0000 u=a34e s=1ff0  dt=16
1682| 274a        BEQ   $16ce               cc=c9 a=50 b=99 dp=00 x=7272 y=0000 u=a34e s=1ff0  dt=24
1684| 3a          ABX                       cc=c9 a=50 b=99 dp=00 x=730b y=0000 u=a34e s=1ff0  dt=24
1685| e6c0        LDB   ,U+                 cc=c9 a=50 b=82 dp=00 x=730b y=0000 u=a34f s=1ff0  dt=48
1687| 2be8        BMI   $1671               cc=c9 a=50 b=82 dp=00 x=730b y=0000 u=a34f s=1ff0  dt=24
1671| c47f        ANDB  #$7f                cc=c1 a=50 b=02 dp=00 x=730b y=0000 u=a34f s=1ff0  dt=16
1673| a6c0        LDA   ,U+                 cc=c9 a=f0 b=02 dp=00 x=730b y=0000 u=a350 s=1ff0  dt=48
1675| a484        ANDA  ,X                  cc=c5 a=00 b=02 dp=00 x=730b y=0000 u=a350 s=1ff0  dt=32
1677| aac0        ORA   ,U+                 cc=c1 a=05 b=02 dp=00 x=730b y=0000 u=a351 s=1ff0  dt=48
1679| a780        STA   ,X+                 cc=c1 a=05 b=02 dp=00 x=730c y=0000 u=a351 s=1ff0  dt=48
167b| 5a          DECB                      cc=c1 a=05 b=01 dp=00 x=730c y=0000 u=a351 s=1ff0  dt=16
167c| 26f5        BNE   $1673               cc=c1 a=05 b=01 dp=00 x=730c y=0000 u=a351 s=1ff0  dt=24
1673| a6c0        LDA   ,U+                 cc=c9 a=f0 b=01 dp=00 x=730c y=0000 u=a352 s=1ff0  dt=48
1675| a484        ANDA  ,X                  cc=c5 a=00 b=01 dp=00 x=730c y=0000 u=a352 s=1ff0  dt=32
1677| aac0        ORA   ,U+                 cc=c1 a=0c b=01 dp=00 x=730c y=0000 u=a353 s=1ff0  dt=48
1679| a780        STA   ,X+                 cc=c1 a=0c b=01 dp=00 x=730d y=0000 u=a353 s=1ff0  dt=48
167b| 5a          DECB                      cc=c5 a=0c b=00 dp=00 x=730d y=0000 u=a353 s=1ff0  dt=16
167c| 26f5        BNE   $1673               cc=c5 a=0c b=00 dp=00 x=730d y=0000 u=a353 s=1ff0  dt=24
167e| e6c0        LDB   ,U+                 cc=c5 a=0c b=00 dp=00 x=730d y=0000 u=a354 s=1ff0  dt=48
1680| c1ff        CMPB  #$ff                cc=c1 a=0c b=00 dp=00 x=730d y=0000 u=a354 s=1ff0  dt=16
1682| 274a        BEQ   $16ce               cc=c1 a=0c b=00 dp=00 x=730d y=0000 u=a354 s=1ff0  dt=24
1684| 3a          ABX                       cc=c1 a=0c b=00 dp=00 x=730d y=0000 u=a354 s=1ff0  dt=24
1685| e6c0        LDB   ,U+                 cc=c1 a=0c b=03 dp=00 x=730d y=0000 u=a355 s=1ff0  dt=48
1687| 2be8        BMI   $1671               cc=c1 a=0c b=03 dp=00 x=730d y=0000 u=a355 s=1ff0  dt=24
1689| c105        CMPB  #$05                cc=c9 a=0c b=03 dp=00 x=730d y=0000 u=a355 s=1ff0  dt=16
168b| 271b        BEQ   $16a8               cc=c9 a=0c b=03 dp=00 x=730d y=0000 u=a355 s=1ff0  dt=24
168d| c104        CMPB  #$04                cc=c9 a=0c b=03 dp=00 x=730d y=0000 u=a355 s=1ff0  dt=16
168f| 250f        BCS   $16a0               cc=c9 a=0c b=03 dp=00 x=730d y=0000 u=a355 s=1ff0  dt=24
16a0| c102        CMPB  #$02                cc=c0 a=0c b=03 dp=00 x=730d y=0000 u=a355 s=1ff0  dt=16
16a2| 2724        BEQ   $16c8               cc=c0 a=0c b=03 dp=00 x=730d y=0000 u=a355 s=1ff0  dt=24
16a4| 250a        BCS   $16b0               cc=c0 a=0c b=03 dp=00 x=730d y=0000 u=a355 s=1ff0  dt=24
16a6| 2004        BRA   $16ac               cc=c0 a=0c b=03 dp=00 x=730d y=0000 u=a355 s=1ff0  dt=24
16ac| ecc1        LDD   ,U++                cc=c8 a=cc b=cc dp=00 x=730d y=0000 u=a357 s=1ff0  dt=64
16ae| ed81        STD   ,X++                cc=c8 a=cc b=cc dp=00 x=730f y=0000 u=a357 s=1ff0  dt=64
16b0| a6c0        LDA   ,U+                 cc=c8 a=cc b=cc dp=00 x=730f y=0000 u=a358 s=1ff0  dt=48
16b2| a780        STA   ,X+                 cc=c8 a=cc b=cc dp=00 x=7310 y=0000 u=a358 s=1ff0  dt=48
16b4| 20c8        BRA   $167e               cc=c8 a=cc b=cc dp=00 x=7310 y=0000 u=a358 s=1ff0  dt=24
167e| e6c0        LDB   ,U+                 cc=c4 a=cc b=00 dp=00 x=7310 y=0000 u=a359 s=1ff0  dt=48
1680| c1ff        CMPB  #$ff                cc=c1 a=cc b=00 dp=00 x=7310 y=0000 u=a359 s=1ff0  dt=16
1682| 274a        BEQ   $16ce               cc=c1 a=cc b=00 dp=00 x=7310 y=0000 u=a359 s=1ff0  dt=24
1684| 3a          ABX                       cc=c1 a=cc b=00 dp=00 x=7310 y=0000 u=a359 s=1ff0  dt=24
1685| e6c0        LDB   ,U+                 cc=c9 a=cc b=82 dp=00 x=7310 y=0000 u=a35a s=1ff0  dt=48
1687| 2be8        BMI   $1671               cc=c9 a=cc b=82 dp=00 x=7310 y=0000 u=a35a s=1ff0  dt=24
1671| c47f        ANDB  #$7f                cc=c1 a=cc b=02 dp=00 x=7310 y=0000 u=a35a s=1ff0  dt=16
1673| a6c0        LDA   ,U+                 cc=c1 a=0f b=02 dp=00 x=7310 y=0000 u=a35b s=1ff0  dt=48
1675| a484        ANDA  ,X                  cc=c5 a=00 b=02 dp=00 x=7310 y=0000 u=a35b s=1ff0  dt=32
1677| aac0        ORA   ,U+                 cc=c9 a=c0 b=02 dp=00 x=7310 y=0000 u=a35c s=1ff0  dt=48
1679| a780        STA   ,X+                 cc=c9 a=c0 b=02 dp=00 x=7311 y=0000 u=a35c s=1ff0  dt=48
167b| 5a          DECB                      cc=c1 a=c0 b=01 dp=00 x=7311 y=0000 u=a35c s=1ff0  dt=16
167c| 26f5        BNE   $1673               cc=c1 a=c0 b=01 dp=00 x=7311 y=0000 u=a35c s=1ff0  dt=24
1673| a6c0        LDA   ,U+                 cc=c1 a=0f b=01 dp=00 x=7311 y=0000 u=a35d s=1ff0  dt=48
1675| a484        ANDA  ,X                  cc=c5 a=00 b=01 dp=00 x=7311 y=0000 u=a35d s=1ff0  dt=32
1677| aac0        ORA   ,U+                 cc=c1 a=50 b=01 dp=00 x=7311 y=0000 u=a35e s=1ff0  dt=48
1679| a780        STA   ,X+                 cc=c1 a=50 b=01 dp=00 x=7312 y=0000 u=a35e s=1ff0  dt=48
167b| 5a          DECB                      cc=c5 a=50 b=00 dp=00 x=7312 y=0000 u=a35e s=1ff0  dt=16
167c| 26f5        BNE   $1673               cc=c5 a=50 b=00 dp=00 x=7312 y=0000 u=a35e s=1ff0  dt=24
167e| e6c0        LDB   ,U+                 cc=c9 a=50 b=9a dp=00 x=7312 y=0000 u=a35f s=1ff0  dt=48
1680| c1ff        CMPB  #$ff                cc=c9 a=50 b=9a dp=00 x=7312 y=0000 u=a35f s=1ff0  dt=16
1682| 274a        BEQ   $16ce               cc=c9 a=50 b=9a dp=00 x=7312 y=0000 u=a35f s=1ff0  dt=24
1684| 3a          ABX                       cc=c9 a=50 b=9a dp=00 x=73ac y=0000 u=a35f s=1ff0  dt=24
1685| e6c0        LDB   ,U+                 cc=c1 a=50 b=05 dp=00 x=73ac y=0000 u=a360 s=1ff0  dt=48
1687| 2be8        BMI   $1671               cc=c1 a=50 b=05 dp=00 x=73ac y=0000 u=a360 s=1ff0  dt=24
1689| c105        CMPB  #$05                cc=c4 a=50 b=05 dp=00 x=73ac y=0000 u=a360 s=1ff0  dt=16
168b| 271b        BEQ   $16a8               cc=c4 a=50 b=05 dp=00 x=73ac y=0000 u=a360 s=1ff0  dt=24
16a8| ecc1        LDD   ,U++                cc=c8 a=cc b=cc dp=00 x=73ac y=0000 u=a362 s=1ff0  dt=64
16aa| ed81        STD   ,X++                cc=c8 a=cc b=cc dp=00 x=73ae y=0000 u=a362 s=1ff0  dt=64
16ac| ecc1        LDD   ,U++                cc=c8 a=cc b=cc dp=00 x=73ae y=0000 u=a364 s=1ff0  dt=64
16ae| ed81        STD   ,X++                cc=c8 a=cc b=cc dp=00 x=73b0 y=0000 u=a364 s=1ff0  dt=64
16b0| a6c0        LDA   ,U+                 cc=c8 a=cc b=cc dp=00 x=73b0 y=0000 u=a365 s=1ff0  dt=48
16b2| a780        STA   ,X+                 cc=c8 a=cc b=cc dp=00 x=73b1 y=0000 u=a365 s=1ff0  dt=48
16b4| 20c8        BRA   $167e               cc=c8 a=cc b=cc dp=00 x=73b1 y=0000 u=a365 s=1ff0  dt=24
167e| e6c0        LDB   ,U+                 cc=c8 a=cc b=9a dp=00 x=73b1 y=0000 u=a366 s=1ff0  dt=48
1680| c1ff        CMPB  #$ff                cc=c9 a=cc b=9a dp=00 x=73b1 y=0000 u=a366 s=1ff0  dt=16
1682| 274a        BEQ   $16ce               cc=c9 a=cc b=9a dp=00 x=73b1 y=0000 u=a366 s=1ff0  dt=24
1684| 3a          ABX                       cc=c9 a=cc b=9a dp=00 x=744b y=0000 u=a366 s=1ff0  dt=24
1685| e6c0        LDB   ,U+                 cc=c9 a=cc b=81 dp=00 x=744b y=0000 u=a367 s=1ff0  dt=48
1687| 2be8        BMI   $1671               cc=c9 a=cc b=81 dp=00 x=744b y=0000 u=a367 s=1ff0  dt=24
1671| c47f        ANDB  #$7f                cc=c1 a=cc b=01 dp=00 x=744b y=0000 u=a367 s=1ff0  dt=16
1673| a6c0        LDA   ,U+                 cc=c9 a=f0 b=01 dp=00 x=744b y=0000 u=a368 s=1ff0  dt=48
1675| a484        ANDA  ,X                  cc=c5 a=00 b=01 dp=00 x=744b y=0000 u=a368 s=1ff0  dt=32
1677| aac0        ORA   ,U+                 cc=c1 a=0c b=01 dp=00 x=744b y=0000 u=a369 s=1ff0  dt=48
1679| a780        STA   ,X+                 cc=c1 a=0c b=01 dp=00 x=744c y=0000 u=a369 s=1ff0  dt=48
167b| 5a          DECB                      cc=c5 a=0c b=00 dp=00 x=744c y=0000 u=a369 s=1ff0  dt=16
167c| 26f5        BNE   $1673               cc=c5 a=0c b=00 dp=00 x=744c y=0000 u=a369 s=1ff0  dt=24
167e| e6c0        LDB   ,U+                 cc=c5 a=0c b=00 dp=00 x=744c y=0000 u=a36a s=1ff0  dt=48
1680| c1ff        CMPB  #$ff                cc=c1 a=0c b=00 dp=00 x=744c y=0000 u=a36a s=1ff0  dt=16
1682| 274a        BEQ   $16ce               cc=c1 a=0c b=00 dp=00 x=744c y=0000 u=a36a s=1ff0  dt=24
1684| 3a          ABX                       cc=c1 a=0c b=00 dp=00 x=744c y=0000 u=a36a s=1ff0  dt=24
1685| e6c0        LDB   ,U+                 cc=c1 a=0c b=05 dp=00 x=744c y=0000 u=a36b s=1ff0  dt=48
1687| 2be8        BMI   $1671               cc=c1 a=0c b=05 dp=00 x=744c y=0000 u=a36b s=1ff0  dt=24
1689| c105        CMPB  #$05                cc=c4 a=0c b=05 dp=00 x=744c y=0000 u=a36b s=1ff0  dt=16
168b| 271b        BEQ   $16a8               cc=c4 a=0c b=05 dp=00 x=744c y=0000 u=a36b s=1ff0  dt=24
16a8| ecc1        LDD   ,U++                cc=c8 a=cc b=c2 dp=00 x=744c y=0000 u=a36d s=1ff0  dt=64
16aa| ed81        STD   ,X++                cc=c8 a=cc b=c2 dp=00 x=744e y=0000 u=a36d s=1ff0  dt=64
16ac| ecc1        LDD   ,U++                cc=c8 a=cc b=2c dp=00 x=744e y=0000 u=a36f s=1ff0  dt=64
16ae| ed81        STD   ,X++                cc=c8 a=cc b=2c dp=00 x=7450 y=0000 u=a36f s=1ff0  dt=64
16b0| a6c0        LDA   ,U+                 cc=c8 a=cc b=2c dp=00 x=7450 y=0000 u=a370 s=1ff0  dt=48
16b2| a780        STA   ,X+                 cc=c8 a=cc b=2c dp=00 x=7451 y=0000 u=a370 s=1ff0  dt=48
16b4| 20c8        BRA   $167e               cc=c8 a=cc b=2c dp=00 x=7451 y=0000 u=a370 s=1ff0  dt=24
167e| e6c0        LDB   ,U+                 cc=c4 a=cc b=00 dp=00 x=7451 y=0000 u=a371 s=1ff0  dt=48
1680| c1ff        CMPB  #$ff                cc=c1 a=cc b=00 dp=00 x=7451 y=0000 u=a371 s=1ff0  dt=16
1682| 274a        BEQ   $16ce               cc=c1 a=cc b=00 dp=00 x=7451 y=0000 u=a371 s=1ff0  dt=24
1684| 3a          ABX                       cc=c1 a=cc b=00 dp=00 x=7451 y=0000 u=a371 s=1ff0  dt=24
1685| e6c0        LDB   ,U+                 cc=c9 a=cc b=81 dp=00 x=7451 y=0000 u=a372 s=1ff0  dt=48
1687| 2be8        BMI   $1671               cc=c9 a=cc b=81 dp=00 x=7451 y=0000 u=a372 s=1ff0  dt=24
1671| c47f        ANDB  #$7f                cc=c1 a=cc b=01 dp=00 x=7451 y=0000 u=a372 s=1ff0  dt=16
1673| a6c0        LDA   ,U+                 cc=c1 a=0f b=01 dp=00 x=7451 y=0000 u=a373 s=1ff0  dt=48
1675| a484        ANDA  ,X                  cc=c5 a=00 b=01 dp=00 x=7451 y=0000 u=a373 s=1ff0  dt=32
1677| aac0        ORA   ,U+                 cc=c9 a=c0 b=01 dp=00 x=7451 y=0000 u=a374 s=1ff0  dt=48
1679| a780        STA   ,X+                 cc=c9 a=c0 b=01 dp=00 x=7452 y=0000 u=a374 s=1ff0  dt=48
167b| 5a          DECB                      cc=c5 a=c0 b=00 dp=00 x=7452 y=0000 u=a374 s=1ff0  dt=16
167c| 26f5        BNE   $1673               cc=c5 a=c0 b=00 dp=00 x=7452 y=0000 u=a374 s=1ff0  dt=24
167e| e6c0        LDB   ,U+                 cc=c9 a=c0 b=99 dp=00 x=7452 y=0000 u=a375 s=1ff0  dt=48
1680| c1ff        CMPB  #$ff                cc=c9 a=c0 b=99 dp=00 x=7452 y=0000 u=a375 s=1ff0  dt=16
1682| 274a        BEQ   $16ce               cc=c9 a=c0 b=99 dp=00 x=7452 y=0000 u=a375 s=1ff0  dt=24
1684| 3a          ABX                       cc=c9 a=c0 b=99 dp=00 x=74eb y=0000 u=a375 s=1ff0  dt=24
1685| e6c0        LDB   ,U+                 cc=c9 a=c0 b=81 dp=00 x=74eb y=0000 u=a376 s=1ff0  dt=48
1687| 2be8        BMI   $1671               cc=c9 a=c0 b=81 dp=00 x=74eb y=0000 u=a376 s=1ff0  dt=24
1671| c47f        ANDB  #$7f                cc=c1 a=c0 b=01 dp=00 x=74eb y=0000 u=a376 s=1ff0  dt=16
1673| a6c0        LDA   ,U+                 cc=c9 a=f0 b=01 dp=00 x=74eb y=0000 u=a377 s=1ff0  dt=48
1675| a484        ANDA  ,X                  cc=c5 a=00 b=01 dp=00 x=74eb y=0000 u=a377 s=1ff0  dt=32
1677| aac0        ORA   ,U+                 cc=c1 a=0c b=01 dp=00 x=74eb y=0000 u=a378 s=1ff0  dt=48
1679| a780        STA   ,X+                 cc=c1 a=0c b=01 dp=00 x=74ec y=0000 u=a378 s=1ff0  dt=48
167b| 5a          DECB                      cc=c5 a=0c b=00 dp=00 x=74ec y=0000 u=a378 s=1ff0  dt=16
167c| 26f5        BNE   $1673               cc=c5 a=0c b=00 dp=00 x=74ec y=0000 u=a378 s=1ff0  dt=24
167e| e6c0        LDB   ,U+                 cc=c5 a=0c b=00 dp=00 x=74ec y=0000 u=a379 s=1ff0  dt=48
1680| c1ff        CMPB  #$ff                cc=c1 a=0c b=00 dp=00 x=74ec y=0000 u=a379 s=1ff0  dt=16
1682| 274a        BEQ   $16ce               cc=c1 a=0c b=00 dp=00 x=74ec y=0000 u=a379 s=1ff0  dt=24
1684| 3a          ABX                       cc=c1 a=0c b=00 dp=00 x=74ec y=0000 u=a379 s=1ff0  dt=24
1685| e6c0        LDB   ,U+                 cc=c1 a=0c b=05 dp=00 x=74ec y=0000 u=a37a s=1ff0  dt=48
1687| 2be8        BMI   $1671               cc=c1 a=0c b=05 dp=00 x=74ec y=0000 u=a37a s=1ff0  dt=24
1689| c105        CMPB  #$05                cc=c4 a=0c b=05 dp=00 x=74ec y=0000 u=a37a s=1ff0  dt=16
168b| 271b        BEQ   $16a8               cc=c4 a=0c b=05 dp=00 x=74ec y=0000 u=a37a s=1ff0  dt=24
16a8| ecc1        LDD   ,U++                cc=c8 a=cc b=cc dp=00 x=74ec y=0000 u=a37c s=1ff0  dt=64
16aa| ed81        STD   ,X++                cc=c8 a=cc b=cc dp=00 x=74ee y=0000 u=a37c s=1ff0  dt=64
16ac| ecc1        LDD   ,U++                cc=c8 a=cc b=cc dp=00 x=74ee y=0000 u=a37e s=1ff0  dt=64
16ae| ed81        STD   ,X++                cc=c8 a=cc b=cc dp=00 x=74f0 y=0000 u=a37e s=1ff0  dt=64
16b0| a6c0        LDA   ,U+                 cc=c8 a=cc b=cc dp=00 x=74f0 y=0000 u=a37f s=1ff0  dt=48
16b2| a780        STA   ,X+                 cc=c8 a=cc b=cc dp=00 x=74f1 y=0000 u=a37f s=1ff0  dt=48
16b4| 20c8        BRA   $167e               cc=c8 a=cc b=cc dp=00 x=74f1 y=0000 u=a37f s=1ff0  dt=24
167e| e6c0        LDB   ,U+                 cc=c4 a=cc b=00 dp=00 x=74f1 y=0000 u=a380 s=1ff0  dt=48
1680| c1ff        CMPB  #$ff                cc=c1 a=cc b=00 dp=00 x=74f1 y=0000 u=a380 s=1ff0  dt=16
1682| 274a        BEQ   $16ce               cc=c1 a=cc b=00 dp=00 x=74f1 y=0000 u=a380 s=1ff0  dt=24
1684| 3a          ABX                       cc=c1 a=cc b=00 dp=00 x=74f1 y=0000 u=a380 s=1ff0  dt=24
1685| e6c0        LDB   ,U+                 cc=c9 a=cc b=81 dp=00 x=74f1 y=0000 u=a381 s=1ff0  dt=48
1687| 2be8        BMI   $1671               cc=c9 a=cc b=81 dp=00 x=74f1 y=0000 u=a381 s=1ff0  dt=24
1671| c47f        ANDB  #$7f                cc=c1 a=cc b=01 dp=00 x=74f1 y=0000 u=a381 s=1ff0  dt=16
1673| a6c0        LDA   ,U+                 cc=c1 a=0f b=01 dp=00 x=74f1 y=0000 u=a382 s=1ff0  dt=48
1675| a484        ANDA  ,X                  cc=c5 a=00 b=01 dp=00 x=74f1 y=0000 u=a382 s=1ff0  dt=32
1677| aac0        ORA   ,U+                 cc=c9 a=c0 b=01 dp=00 x=74f1 y=0000 u=a383 s=1ff0  dt=48
1679| a780        STA   ,X+                 cc=c9 a=c0 b=01 dp=00 x=74f2 y=0000 u=a383 s=1ff0  dt=48
167b| 5a          DECB                      cc=c5 a=c0 b=00 dp=00 x=74f2 y=0000 u=a383 s=1ff0  dt=16
167c| 26f5        BNE   $1673               cc=c5 a=c0 b=00 dp=00 x=74f2 y=0000 u=a383 s=1ff0  dt=24
167e| e6c0        LDB   ,U+                 cc=c9 a=c0 b=99 dp=00 x=74f2 y=0000 u=a384 s=1ff0  dt=48
1680| c1ff        CMPB  #$ff                cc=c9 a=c0 b=99 dp=00 x=74f2 y=0000 u=a384 s=1ff0  dt=16
1682| 274a        BEQ   $16ce               cc=c9 a=c0 b=99 dp=00 x=74f2 y=0000 u=a384 s=1ff0  dt=24
1684| 3a          ABX                       cc=c9 a=c0 b=99 dp=00 x=758b y=0000 u=a384 s=1ff0  dt=24
1685| e6c0        LDB   ,U+                 cc=c9 a=c0 b=81 dp=00 x=758b y=0000 u=a385 s=1ff0  dt=48
1687| 2be8        BMI   $1671               cc=c9 a=c0 b=81 dp=00 x=758b y=0000 u=a385 s=1ff0  dt=24
1671| c47f        ANDB  #$7f                cc=c1 a=c0 b=01 dp=00 x=758b y=0000 u=a385 s=1ff0  dt=16
1673| a6c0        LDA   ,U+                 cc=c9 a=f0 b=01 dp=00 x=758b y=0000 u=a386 s=1ff0  dt=48
1675| a484        ANDA  ,X                  cc=c5 a=00 b=01 dp=00 x=758b y=0000 u=a386 s=1ff0  dt=32
1677| aac0        ORA   ,U+                 cc=c1 a=0c b=01 dp=00 x=758b y=0000 u=a387 s=1ff0  dt=48
1679| a780        STA   ,X+                 cc=c1 a=0c b=01 dp=00 x=758c y=0000 u=a387 s=1ff0  dt=48
167b| 5a          DECB                      cc=c5 a=0c b=00 dp=00 x=758c y=0000 u=a387 s=1ff0  dt=16
167c| 26f5        BNE   $1673               cc=c5 a=0c b=00 dp=00 x=758c y=0000 u=a387 s=1ff0  dt=24
167e| e6c0        LDB   ,U+                 cc=c5 a=0c b=00 dp=00 x=758c y=0000 u=a388 s=1ff0  dt=48
1680| c1ff        CMPB  #$ff                cc=c1 a=0c b=00 dp=00 x=758c y=0000 u=a388 s=1ff0  dt=16
1682| 274a        BEQ   $16ce               cc=c1 a=0c b=00 dp=00 x=758c y=0000 u=a388 s=1ff0  dt=24
1684| 3a          ABX                       cc=c1 a=0c b=00 dp=00 x=758c y=0000 u=a388 s=1ff0  dt=24
1685| e6c0        LDB   ,U+                 cc=c1 a=0c b=05 dp=00 x=758c y=0000 u=a389 s=1ff0  dt=48
1687| 2be8        BMI   $1671               cc=c1 a=0c b=05 dp=00 x=758c y=0000 u=a389 s=1ff0  dt=24
1689| c105        CMPB  #$05                cc=c4 a=0c b=05 dp=00 x=758c y=0000 u=a389 s=1ff0  dt=16
168b| 271b        BEQ   $16a8               cc=c4 a=0c b=05 dp=00 x=758c y=0000 u=a389 s=1ff0  dt=24
16a8| ecc1        LDD   ,U++                cc=c8 a=cc b=c2 dp=00 x=758c y=0000 u=a38b s=1ff0  dt=64
16aa| ed81        STD   ,X++                cc=c8 a=cc b=c2 dp=00 x=758e y=0000 u=a38b s=1ff0  dt=64
16ac| ecc1        LDD   ,U++                cc=c8 a=cc b=2c dp=00 x=758e y=0000 u=a38d s=1ff0  dt=64
16ae| ed81        STD   ,X++                cc=c8 a=cc b=2c dp=00 x=7590 y=0000 u=a38d s=1ff0  dt=64
16b0| a6c0        LDA   ,U+                 cc=c8 a=cc b=2c dp=00 x=7590 y=0000 u=a38e s=1ff0  dt=48
16b2| a780        STA   ,X+                 cc=c8 a=cc b=2c dp=00 x=7591 y=0000 u=a38e s=1ff0  dt=48
16b4| 20c8        BRA   $167e               cc=c8 a=cc b=2c dp=00 x=7591 y=0000 u=a38e s=1ff0  dt=24
167e| e6c0        LDB   ,U+                 cc=c4 a=cc b=00 dp=00 x=7591 y=0000 u=a38f s=1ff0  dt=48
1680| c1ff        CMPB  #$ff                cc=c1 a=cc b=00 dp=00 x=7591 y=0000 u=a38f s=1ff0  dt=16
1682| 274a        BEQ   $16ce               cc=c1 a=cc b=00 dp=00 x=7591 y=0000 u=a38f s=1ff0  dt=24
1684| 3a          ABX                       cc=c1 a=cc b=00 dp=00 x=7591 y=0000 u=a38f s=1ff0  dt=24
1685| e6c0        LDB   ,U+                 cc=c9 a=cc b=81 dp=00 x=7591 y=0000 u=a390 s=1ff0  dt=48
1687| 2be8        BMI   $1671               cc=c9 a=cc b=81 dp=00 x=7591 y=0000 u=a390 s=1ff0  dt=24
1671| c47f        ANDB  #$7f                cc=c1 a=cc b=01 dp=00 x=7591 y=0000 u=a390 s=1ff0  dt=16
1673| a6c0        LDA   ,U+                 cc=c1 a=0f b=01 dp=00 x=7591 y=0000 u=a391 s=1ff0  dt=48
1675| a484        ANDA  ,X                  cc=c5 a=00 b=01 dp=00 x=7591 y=0000 u=a391 s=1ff0  dt=32
1677| aac0        ORA   ,U+                 cc=c9 a=c0 b=01 dp=00 x=7591 y=0000 u=a392 s=1ff0  dt=48
1679| a780        STA   ,X+                 cc=c9 a=c0 b=01 dp=00 x=7592 y=0000 u=a392 s=1ff0  dt=48
167b| 5a          DECB                      cc=c5 a=c0 b=00 dp=00 x=7592 y=0000 u=a392 s=1ff0  dt=16
167c| 26f5        BNE   $1673               cc=c5 a=c0 b=00 dp=00 x=7592 y=0000 u=a392 s=1ff0  dt=24
167e| e6c0        LDB   ,U+                 cc=c9 a=c0 b=99 dp=00 x=7592 y=0000 u=a393 s=1ff0  dt=48
1680| c1ff        CMPB  #$ff                cc=c9 a=c0 b=99 dp=00 x=7592 y=0000 u=a393 s=1ff0  dt=16
1682| 274a        BEQ   $16ce               cc=c9 a=c0 b=99 dp=00 x=7592 y=0000 u=a393 s=1ff0  dt=24
1684| 3a          ABX                       cc=c9 a=c0 b=99 dp=00 x=762b y=0000 u=a393 s=1ff0  dt=24
1685| e6c0        LDB   ,U+                 cc=c9 a=c0 b=81 dp=00 x=762b y=0000 u=a394 s=1ff0  dt=48
1687| 2be8        BMI   $1671               cc=c9 a=c0 b=81 dp=00 x=762b y=0000 u=a394 s=1ff0  dt=24
1671| c47f        ANDB  #$7f                cc=c1 a=c0 b=01 dp=00 x=762b y=0000 u=a394 s=1ff0  dt=16
1673| a6c0        LDA   ,U+                 cc=c9 a=f0 b=01 dp=00 x=762b y=0000 u=a395 s=1ff0  dt=48
1675| a484        ANDA  ,X                  cc=c5 a=00 b=01 dp=00 x=762b y=0000 u=a395 s=1ff0  dt=32
1677| aac0        ORA   ,U+                 cc=c1 a=0c b=01 dp=00 x=762b y=0000 u=a396 s=1ff0  dt=48
1679| a780        STA   ,X+                 cc=c1 a=0c b=01 dp=00 x=762c y=0000 u=a396 s=1ff0  dt=48
167b| 5a          DECB                      cc=c5 a=0c b=00 dp=00 x=762c y=0000 u=a396 s=1ff0  dt=16
167c| 26f5        BNE   $1673               cc=c5 a=0c b=00 dp=00 x=762c y=0000 u=a396 s=1ff0  dt=24
167e| e6c0        LDB   ,U+                 cc=c5 a=0c b=00 dp=00 x=762c y=0000 u=a397 s=1ff0  dt=48
1680| c1ff        CMPB  #$ff                cc=c1 a=0c b=00 dp=00 x=762c y=0000 u=a397 s=1ff0  dt=16
1682| 274a        BEQ   $16ce               cc=c1 a=0c b=00 dp=00 x=762c y=0000 u=a397 s=1ff0  dt=24
1684| 3a          ABX                       cc=c1 a=0c b=00 dp=00 x=762c y=0000 u=a397 s=1ff0  dt=24
1685| e6c0        LDB   ,U+                 cc=c1 a=0c b=05 dp=00 x=762c y=0000 u=a398 s=1ff0  dt=48
1687| 2be8        BMI   $1671               cc=c1 a=0c b=05 dp=00 x=762c y=0000 u=a398 s=1ff0  dt=24
1689| c105        CMPB  #$05                cc=c4 a=0c b=05 dp=00 x=762c y=0000 u=a398 s=1ff0  dt=16
168b| 271b        BEQ   $16a8               cc=c4 a=0c b=05 dp=00 x=762c y=0000 u=a398 s=1ff0  dt=24
16a8| ecc1        LDD   ,U++                cc=c8 a=cc b=cc dp=00 x=762c y=0000 u=a39a s=1ff0  dt=64
16aa| ed81        STD   ,X++                cc=c8 a=cc b=cc dp=00 x=762e y=0000 u=a39a s=1ff0  dt=64
16ac| ecc1        LDD   ,U++                cc=c8 a=cc b=cc dp=00 x=762e y=0000 u=a39c s=1ff0  dt=64
16ae| ed81        STD   ,X++                cc=c8 a=cc b=cc dp=00 x=7630 y=0000 u=a39c s=1ff0  dt=64
16b0| a6c0        LDA   ,U+                 cc=c8 a=cc b=cc dp=00 x=7630 y=0000 u=a39d s=1ff0  dt=48
16b2| a780        STA   ,X+                 cc=c8 a=cc b=cc dp=00 x=7631 y=0000 u=a39d s=1ff0  dt=48
16b4| 20c8        BRA   $167e               cc=c8 a=cc b=cc dp=00 x=7631 y=0000 u=a39d s=1ff0  dt=24
167e| e6c0        LDB   ,U+                 cc=c4 a=cc b=00 dp=00 x=7631 y=0000 u=a39e s=1ff0  dt=48
1680| c1ff        CMPB  #$ff                cc=c1 a=cc b=00 dp=00 x=7631 y=0000 u=a39e s=1ff0  dt=16
1682| 274a        BEQ   $16ce               cc=c1 a=cc b=00 dp=00 x=7631 y=0000 u=a39e s=1ff0  dt=24
1684| 3a          ABX                       cc=c1 a=cc b=00 dp=00 x=7631 y=0000 u=a39e s=1ff0  dt=24
1685| e6c0        LDB   ,U+                 cc=c9 a=cc b=81 dp=00 x=7631 y=0000 u=a39f s=1ff0  dt=48
1687| 2be8        BMI   $1671               cc=c9 a=cc b=81 dp=00 x=7631 y=0000 u=a39f s=1ff0  dt=24
1671| c47f        ANDB  #$7f                cc=c1 a=cc b=01 dp=00 x=7631 y=0000 u=a39f s=1ff0  dt=16
1673| a6c0        LDA   ,U+                 cc=c1 a=0f b=01 dp=00 x=7631 y=0000 u=a3a0 s=1ff0  dt=48
1675| a484        ANDA  ,X                  cc=c5 a=00 b=01 dp=00 x=7631 y=0000 u=a3a0 s=1ff0  dt=32
1677| aac0        ORA   ,U+                 cc=c9 a=c0 b=01 dp=00 x=7631 y=0000 u=a3a1 s=1ff0  dt=48
1679| a780        STA   ,X+                 cc=c9 a=c0 b=01 dp=00 x=7632 y=0000 u=a3a1 s=1ff0  dt=48
167b| 5a          DECB                      cc=c5 a=c0 b=00 dp=00 x=7632 y=0000 u=a3a1 s=1ff0  dt=16
167c| 26f5        BNE   $1673               cc=c5 a=c0 b=00 dp=00 x=7632 y=0000 u=a3a1 s=1ff0  dt=24
167e| e6c0        LDB   ,U+                 cc=c9 a=c0 b=99 dp=00 x=7632 y=0000 u=a3a2 s=1ff0  dt=48
1680| c1ff        CMPB  #$ff                cc=c9 a=c0 b=99 dp=00 x=7632 y=0000 u=a3a2 s=1ff0  dt=16
1682| 274a        BEQ   $16ce               cc=c9 a=c0 b=99 dp=00 x=7632 y=0000 u=a3a2 s=1ff0  dt=24
1684| 3a          ABX                       cc=c9 a=c0 b=99 dp=00 x=76cb y=0000 u=a3a2 s=1ff0  dt=24
1685| e6c0        LDB   ,U+                 cc=c9 a=c0 b=81 dp=00 x=76cb y=0000 u=a3a3 s=1ff0  dt=48
1687| 2be8        BMI   $1671               cc=c9 a=c0 b=81 dp=00 x=76cb y=0000 u=a3a3 s=1ff0  dt=24
1671| c47f        ANDB  #$7f                cc=c1 a=c0 b=01 dp=00 x=76cb y=0000 u=a3a3 s=1ff0  dt=16
1673| a6c0        LDA   ,U+                 cc=c9 a=f0 b=01 dp=00 x=76cb y=0000 u=a3a4 s=1ff0  dt=48
1675| a484        ANDA  ,X                  cc=c5 a=00 b=01 dp=00 x=76cb y=0000 u=a3a4 s=1ff0  dt=32
1677| aac0        ORA   ,U+                 cc=c1 a=05 b=01 dp=00 x=76cb y=0000 u=a3a5 s=1ff0  dt=48
1679| a780        STA   ,X+                 cc=c1 a=05 b=01 dp=00 x=76cc y=0000 u=a3a5 s=1ff0  dt=48
167b| 5a          DECB                      cc=c5 a=05 b=00 dp=00 x=76cc y=0000 u=a3a5 s=1ff0  dt=16
167c| 26f5        BNE   $1673               cc=c5 a=05 b=00 dp=00 x=76cc y=0000 u=a3a5 s=1ff0  dt=24
167e| e6c0        LDB   ,U+                 cc=c5 a=05 b=00 dp=00 x=76cc y=0000 u=a3a6 s=1ff0  dt=48
1680| c1ff        CMPB  #$ff                cc=c1 a=05 b=00 dp=00 x=76cc y=0000 u=a3a6 s=1ff0  dt=16
1682| 274a        BEQ   $16ce               cc=c1 a=05 b=00 dp=00 x=76cc y=0000 u=a3a6 s=1ff0  dt=24
1684| 3a          ABX                       cc=c1 a=05 b=00 dp=00 x=76cc y=0000 u=a3a6 s=1ff0  dt=24
1685| e6c0        LDB   ,U+                 cc=c1 a=05 b=05 dp=00 x=76cc y=0000 u=a3a7 s=1ff0  dt=48
1687| 2be8        BMI   $1671               cc=c1 a=05 b=05 dp=00 x=76cc y=0000 u=a3a7 s=1ff0  dt=24
1689| c105        CMPB  #$05                cc=c4 a=05 b=05 dp=00 x=76cc y=0000 u=a3a7 s=1ff0  dt=16
168b| 271b        BEQ   $16a8               cc=c4 a=05 b=05 dp=00 x=76cc y=0000 u=a3a7 s=1ff0  dt=24
16a8| ecc1        LDD   ,U++                cc=c8 a=cc b=c2 dp=00 x=76cc y=0000 u=a3a9 s=1ff0  dt=64
16aa| ed81        STD   ,X++                cc=c8 a=cc b=c2 dp=00 x=76ce y=0000 u=a3a9 s=1ff0  dt=64
16ac| ecc1        LDD   ,U++                cc=c8 a=cc b=2c dp=00 x=76ce y=0000 u=a3ab s=1ff0  dt=64
16ae| ed81        STD   ,X++                cc=c8 a=cc b=2c dp=00 x=76d0 y=0000 u=a3ab s=1ff0  dt=64
16b0| a6c0        LDA   ,U+                 cc=c8 a=cc b=2c dp=00 x=76d0 y=0000 u=a3ac s=1ff0  dt=48
16b2| a780        STA   ,X+                 cc=c8 a=cc b=2c dp=00 x=76d1 y=0000 u=a3ac s=1ff0  dt=48
16b4| 20c8        BRA   $167e               cc=c8 a=cc b=2c dp=00 x=76d1 y=0000 u=a3ac s=1ff0  dt=24
167e| e6c0        LDB   ,U+                 cc=c4 a=cc b=00 dp=00 x=76d1 y=0000 u=a3ad s=1ff0  dt=48
1680| c1ff        CMPB  #$ff                cc=c1 a=cc b=00 dp=00 x=76d1 y=0000 u=a3ad s=1ff0  dt=16
1682| 274a        BEQ   $16ce               cc=c1 a=cc b=00 dp=00 x=76d1 y=0000 u=a3ad s=1ff0  dt=24
1684| 3a          ABX                       cc=c1 a=cc b=00 dp=00 x=76d1 y=0000 u=a3ad s=1ff0  dt=24
1685| e6c0        LDB   ,U+                 cc=c9 a=cc b=81 dp=00 x=76d1 y=0000 u=a3ae s=1ff0  dt=48
1687| 2be8        BMI   $1671               cc=c9 a=cc b=81 dp=00 x=76d1 y=0000 u=a3ae s=1ff0  dt=24
1671| c47f        ANDB  #$7f                cc=c1 a=cc b=01 dp=00 x=76d1 y=0000 u=a3ae s=1ff0  dt=16
1673| a6c0        LDA   ,U+                 cc=c1 a=0f b=01 dp=00 x=76d1 y=0000 u=a3af s=1ff0  dt=48
1675| a484        ANDA  ,X                  cc=c5 a=00 b=01 dp=00 x=76d1 y=0000 u=a3af s=1ff0  dt=32
1677| aac0        ORA   ,U+                 cc=c1 a=50 b=01 dp=00 x=76d1 y=0000 u=a3b0 s=1ff0  dt=48
1679| a780        STA   ,X+                 cc=c1 a=50 b=01 dp=00 x=76d2 y=0000 u=a3b0 s=1ff0  dt=48
167b| 5a          DECB                      cc=c5 a=50 b=00 dp=00 x=76d2 y=0000 u=a3b0 s=1ff0  dt=16
167c| 26f5        BNE   $1673               cc=c5 a=50 b=00 dp=00 x=76d2 y=0000 u=a3b0 s=1ff0  dt=24
167e| e6c0        LDB   ,U+                 cc=c9 a=50 b=99 dp=00 x=76d2 y=0000 u=a3b1 s=1ff0  dt=48
1680| c1ff        CMPB  #$ff                cc=c9 a=50 b=99 dp=00 x=76d2 y=0000 u=a3b1 s=1ff0  dt=16
1682| 274a        BEQ   $16ce               cc=c9 a=50 b=99 dp=00 x=76d2 y=0000 u=a3b1 s=1ff0  dt=24
1684| 3a          ABX                       cc=c9 a=50 b=99 dp=00 x=776b y=0000 u=a3b1 s=1ff0  dt=24
1685| e6c0        LDB   ,U+                 cc=c9 a=50 b=81 dp=00 x=776b y=0000 u=a3b2 s=1ff0  dt=48
1687| 2be8        BMI   $1671               cc=c9 a=50 b=81 dp=00 x=776b y=0000 u=a3b2 s=1ff0  dt=24
1671| c47f        ANDB  #$7f                cc=c1 a=50 b=01 dp=00 x=776b y=0000 u=a3b2 s=1ff0  dt=16
1673| a6c0        LDA   ,U+                 cc=c9 a=f0 b=01 dp=00 x=776b y=0000 u=a3b3 s=1ff0  dt=48
1675| a484        ANDA  ,X                  cc=c5 a=00 b=01 dp=00 x=776b y=0000 u=a3b3 s=1ff0  dt=32
1677| aac0        ORA   ,U+                 cc=c1 a=05 b=01 dp=00 x=776b y=0000 u=a3b4 s=1ff0  dt=48
1679| a780        STA   ,X+                 cc=c1 a=05 b=01 dp=00 x=776c y=0000 u=a3b4 s=1ff0  dt=48
167b| 5a          DECB                      cc=c5 a=05 b=00 dp=00 x=776c y=0000 u=a3b4 s=1ff0  dt=16
167c| 26f5        BNE   $1673               cc=c5 a=05 b=00 dp=00 x=776c y=0000 u=a3b4 s=1ff0  dt=24
167e| e6c0        LDB   ,U+                 cc=c5 a=05 b=00 dp=00 x=776c y=0000 u=a3b5 s=1ff0  dt=48
1680| c1ff        CMPB  #$ff                cc=c1 a=05 b=00 dp=00 x=776c y=0000 u=a3b5 s=1ff0  dt=16
1682| 274a        BEQ   $16ce               cc=c1 a=05 b=00 dp=00 x=776c y=0000 u=a3b5 s=1ff0  dt=24
1684| 3a          ABX                       cc=c1 a=05 b=00 dp=00 x=776c y=0000 u=a3b5 s=1ff0  dt=24
1685| e6c0        LDB   ,U+                 cc=c1 a=05 b=05 dp=00 x=776c y=0000 u=a3b6 s=1ff0  dt=48
1687| 2be8        BMI   $1671               cc=c1 a=05 b=05 dp=00 x=776c y=0000 u=a3b6 s=1ff0  dt=24
1689| c105        CMPB  #$05                cc=c4 a=05 b=05 dp=00 x=776c y=0000 u=a3b6 s=1ff0  dt=16
168b| 271b        BEQ   $16a8               cc=c4 a=05 b=05 dp=00 x=776c y=0000 u=a3b6 s=1ff0  dt=24
16a8| ecc1        LDD   ,U++                cc=c8 a=cc b=cc dp=00 x=776c y=0000 u=a3b8 s=1ff0  dt=64
16aa| ed81        STD   ,X++                cc=c8 a=cc b=cc dp=00 x=776e y=0000 u=a3b8 s=1ff0  dt=64
16ac| ecc1        LDD   ,U++                cc=c8 a=cc b=cc dp=00 x=776e y=0000 u=a3ba s=1ff0  dt=64
16ae| ed81        STD   ,X++                cc=c8 a=cc b=cc dp=00 x=7770 y=0000 u=a3ba s=1ff0  dt=64
16b0| a6c0        LDA   ,U+                 cc=c8 a=cc b=cc dp=00 x=7770 y=0000 u=a3bb s=1ff0  dt=48
16b2| a780        STA   ,X+                 cc=c8 a=cc b=cc dp=00 x=7771 y=0000 u=a3bb s=1ff0  dt=48
16b4| 20c8        BRA   $167e               cc=c8 a=cc b=cc dp=00 x=7771 y=0000 u=a3bb s=1ff0  dt=24
167e| e6c0        LDB   ,U+                 cc=c4 a=cc b=00 dp=00 x=7771 y=0000 u=a3bc s=1ff0  dt=48
1680| c1ff        CMPB  #$ff                cc=c1 a=cc b=00 dp=00 x=7771 y=0000 u=a3bc s=1ff0  dt=16
1682| 274a        BEQ   $16ce               cc=c1 a=cc b=00 dp=00 x=7771 y=0000 u=a3bc s=1ff0  dt=24
1684| 3a          ABX                       cc=c1 a=cc b=00 dp=00 x=7771 y=0000 u=a3bc s=1ff0  dt=24
1685| e6c0        LDB   ,U+                 cc=c9 a=cc b=81 dp=00 x=7771 y=0000 u=a3bd s=1ff0  dt=48
1687| 2be8        BMI   $1671               cc=c9 a=cc b=81 dp=00 x=7771 y=0000 u=a3bd s=1ff0  dt=24
1671| c47f        ANDB  #$7f                cc=c1 a=cc b=01 dp=00 x=7771 y=0000 u=a3bd s=1ff0  dt=16
1673| a6c0        LDA   ,U+                 cc=c1 a=0f b=01 dp=00 x=7771 y=0000 u=a3be s=1ff0  dt=48
1675| a484        ANDA  ,X                  cc=c5 a=00 b=01 dp=00 x=7771 y=0000 u=a3be s=1ff0  dt=32
1677| aac0        ORA   ,U+                 cc=c1 a=50 b=01 dp=00 x=7771 y=0000 u=a3bf s=1ff0  dt=48
1679| a780        STA   ,X+                 cc=c1 a=50 b=01 dp=00 x=7772 y=0000 u=a3bf s=1ff0  dt=48
167b| 5a          DECB                      cc=c5 a=50 b=00 dp=00 x=7772 y=0000 u=a3bf s=1ff0  dt=16
167c| 26f5        BNE   $1673               cc=c5 a=50 b=00 dp=00 x=7772 y=0000 u=a3bf s=1ff0  dt=24
167e| e6c0        LDB   ,U+                 cc=c9 a=50 b=9a dp=00 x=7772 y=0000 u=a3c0 s=1ff0  dt=48
1680| c1ff        CMPB  #$ff                cc=c9 a=50 b=9a dp=00 x=7772 y=0000 u=a3c0 s=1ff0  dt=16
1682| 274a        BEQ   $16ce               cc=c9 a=50 b=9a dp=00 x=7772 y=0000 u=a3c0 s=1ff0  dt=24
1684| 3a          ABX                       cc=c9 a=50 b=9a dp=00 x=780c y=0000 u=a3c0 s=1ff0  dt=24
1685| e6c0        LDB   ,U+                 cc=c9 a=50 b=81 dp=00 x=780c y=0000 u=a3c1 s=1ff0  dt=48
1687| 2be8        BMI   $1671               cc=c9 a=50 b=81 dp=00 x=780c y=0000 u=a3c1 s=1ff0  dt=24
1671| c47f        ANDB  #$7f                cc=c1 a=50 b=01 dp=00 x=780c y=0000 u=a3c1 s=1ff0  dt=16
1673| a6c0        LDA   ,U+                 cc=c9 a=f0 b=01 dp=00 x=780c y=0000 u=a3c2 s=1ff0  dt=48
1675| a484        ANDA  ,X                  cc=c5 a=00 b=01 dp=00 x=780c y=0000 u=a3c2 s=1ff0  dt=32
1677| aac0        ORA   ,U+                 cc=c1 a=0c b=01 dp=00 x=780c y=0000 u=a3c3 s=1ff0  dt=48
1679| a780        STA   ,X+                 cc=c1 a=0c b=01 dp=00 x=780d y=0000 u=a3c3 s=1ff0  dt=48
167b| 5a          DECB                      cc=c5 a=0c b=00 dp=00 x=780d y=0000 u=a3c3 s=1ff0  dt=16
167c| 26f5        BNE   $1673               cc=c5 a=0c b=00 dp=00 x=780d y=0000 u=a3c3 s=1ff0  dt=24
167e| e6c0        LDB   ,U+                 cc=c5 a=0c b=00 dp=00 x=780d y=0000 u=a3c4 s=1ff0  dt=48
1680| c1ff        CMPB  #$ff                cc=c1 a=0c b=00 dp=00 x=780d y=0000 u=a3c4 s=1ff0  dt=16
1682| 274a        BEQ   $16ce               cc=c1 a=0c b=00 dp=00 x=780d y=0000 u=a3c4 s=1ff0  dt=24
1684| 3a          ABX                       cc=c1 a=0c b=00 dp=00 x=780d y=0000 u=a3c4 s=1ff0  dt=24
1685| e6c0        LDB   ,U+                 cc=c1 a=0c b=03 dp=00 x=780d y=0000 u=a3c5 s=1ff0  dt=48
1687| 2be8        BMI   $1671               cc=c1 a=0c b=03 dp=00 x=780d y=0000 u=a3c5 s=1ff0  dt=24
1689| c105        CMPB  #$05                cc=c9 a=0c b=03 dp=00 x=780d y=0000 u=a3c5 s=1ff0  dt=16
168b| 271b        BEQ   $16a8               cc=c9 a=0c b=03 dp=00 x=780d y=0000 u=a3c5 s=1ff0  dt=24
168d| c104        CMPB  #$04                cc=c9 a=0c b=03 dp=00 x=780d y=0000 u=a3c5 s=1ff0  dt=16
168f| 250f        BCS   $16a0               cc=c9 a=0c b=03 dp=00 x=780d y=0000 u=a3c5 s=1ff0  dt=24
16a0| c102        CMPB  #$02                cc=c0 a=0c b=03 dp=00 x=780d y=0000 u=a3c5 s=1ff0  dt=16
16a2| 2724        BEQ   $16c8               cc=c0 a=0c b=03 dp=00 x=780d y=0000 u=a3c5 s=1ff0  dt=24
16a4| 250a        BCS   $16b0               cc=c0 a=0c b=03 dp=00 x=780d y=0000 u=a3c5 s=1ff0  dt=24
16a6| 2004        BRA   $16ac               cc=c0 a=0c b=03 dp=00 x=780d y=0000 u=a3c5 s=1ff0  dt=24
16ac| ecc1        LDD   ,U++                cc=c8 a=c2 b=cc dp=00 x=780d y=0000 u=a3c7 s=1ff0  dt=64
16ae| ed81        STD   ,X++                cc=c8 a=c2 b=cc dp=00 x=780f y=0000 u=a3c7 s=1ff0  dt=64
16b0| a6c0        LDA   ,U+                 cc=c0 a=2c b=cc dp=00 x=780f y=0000 u=a3c8 s=1ff0  dt=48
16b2| a780        STA   ,X+                 cc=c0 a=2c b=cc dp=00 x=7810 y=0000 u=a3c8 s=1ff0  dt=48
16b4| 20c8        BRA   $167e               cc=c0 a=2c b=cc dp=00 x=7810 y=0000 u=a3c8 s=1ff0  dt=24
167e| e6c0        LDB   ,U+                 cc=c4 a=2c b=00 dp=00 x=7810 y=0000 u=a3c9 s=1ff0  dt=48
1680| c1ff        CMPB  #$ff                cc=c1 a=2c b=00 dp=00 x=7810 y=0000 u=a3c9 s=1ff0  dt=16
1682| 274a        BEQ   $16ce               cc=c1 a=2c b=00 dp=00 x=7810 y=0000 u=a3c9 s=1ff0  dt=24
1684| 3a          ABX                       cc=c1 a=2c b=00 dp=00 x=7810 y=0000 u=a3c9 s=1ff0  dt=24
1685| e6c0        LDB   ,U+                 cc=c9 a=2c b=81 dp=00 x=7810 y=0000 u=a3ca s=1ff0  dt=48
1687| 2be8        BMI   $1671               cc=c9 a=2c b=81 dp=00 x=7810 y=0000 u=a3ca s=1ff0  dt=24
1671| c47f        ANDB  #$7f                cc=c1 a=2c b=01 dp=00 x=7810 y=0000 u=a3ca s=1ff0  dt=16
1673| a6c0        LDA   ,U+                 cc=c1 a=0f b=01 dp=00 x=7810 y=0000 u=a3cb s=1ff0  dt=48
1675| a484        ANDA  ,X                  cc=c5 a=00 b=01 dp=00 x=7810 y=0000 u=a3cb s=1ff0  dt=32
1677| aac0        ORA   ,U+                 cc=c9 a=c0 b=01 dp=00 x=7810 y=0000 u=a3cc s=1ff0  dt=48
1679| a780        STA   ,X+                 cc=c9 a=c0 b=01 dp=00 x=7811 y=0000 u=a3cc s=1ff0  dt=48
167b| 5a          DECB                      cc=c5 a=c0 b=00 dp=00 x=7811 y=0000 u=a3cc s=1ff0  dt=16
167c| 26f5        BNE   $1673               cc=c5 a=c0 b=00 dp=00 x=7811 y=0000 u=a3cc s=1ff0  dt=24
167e| e6c0        LDB   ,U+                 cc=c9 a=c0 b=9c dp=00 x=7811 y=0000 u=a3cd s=1ff0  dt=48
1680| c1ff        CMPB  #$ff                cc=c9 a=c0 b=9c dp=00 x=7811 y=0000 u=a3cd s=1ff0  dt=16
1682| 274a        BEQ   $16ce               cc=c9 a=c0 b=9c dp=00 x=7811 y=0000 u=a3cd s=1ff0  dt=24
1684| 3a          ABX                       cc=c9 a=c0 b=9c dp=00 x=78ad y=0000 u=a3cd s=1ff0  dt=24
1685| e6c0        LDB   ,U+                 cc=c9 a=c0 b=81 dp=00 x=78ad y=0000 u=a3ce s=1ff0  dt=48
1687| 2be8        BMI   $1671               cc=c9 a=c0 b=81 dp=00 x=78ad y=0000 u=a3ce s=1ff0  dt=24
1671| c47f        ANDB  #$7f                cc=c1 a=c0 b=01 dp=00 x=78ad y=0000 u=a3ce s=1ff0  dt=16
1673| a6c0        LDA   ,U+                 cc=c9 a=f0 b=01 dp=00 x=78ad y=0000 u=a3cf s=1ff0  dt=48
1675| a484        ANDA  ,X                  cc=c5 a=00 b=01 dp=00 x=78ad y=0000 u=a3cf s=1ff0  dt=32
1677| aac0        ORA   ,U+                 cc=c1 a=0c b=01 dp=00 x=78ad y=0000 u=a3d0 s=1ff0  dt=48
1679| a780        STA   ,X+                 cc=c1 a=0c b=01 dp=00 x=78ae y=0000 u=a3d0 s=1ff0  dt=48
167b| 5a          DECB                      cc=c5 a=0c b=00 dp=00 x=78ae y=0000 u=a3d0 s=1ff0  dt=16
167c| 26f5        BNE   $1673               cc=c5 a=0c b=00 dp=00 x=78ae y=0000 u=a3d0 s=1ff0  dt=24
167e| e6c0        LDB   ,U+                 cc=c5 a=0c b=00 dp=00 x=78ae y=0000 u=a3d1 s=1ff0  dt=48
1680| c1ff        CMPB  #$ff                cc=c1 a=0c b=00 dp=00 x=78ae y=0000 u=a3d1 s=1ff0  dt=16
1682| 274a        BEQ   $16ce               cc=c1 a=0c b=00 dp=00 x=78ae y=0000 u=a3d1 s=1ff0  dt=24
1684| 3a          ABX                       cc=c1 a=0c b=00 dp=00 x=78ae y=0000 u=a3d1 s=1ff0  dt=24
1685| e6c0        LDB   ,U+                 cc=c1 a=0c b=01 dp=00 x=78ae y=0000 u=a3d2 s=1ff0  dt=48
1687| 2be8        BMI   $1671               cc=c1 a=0c b=01 dp=00 x=78ae y=0000 u=a3d2 s=1ff0  dt=24
1689| c105        CMPB  #$05                cc=c9 a=0c b=01 dp=00 x=78ae y=0000 u=a3d2 s=1ff0  dt=16
168b| 271b        BEQ   $16a8               cc=c9 a=0c b=01 dp=00 x=78ae y=0000 u=a3d2 s=1ff0  dt=24
168d| c104        CMPB  #$04                cc=c9 a=0c b=01 dp=00 x=78ae y=0000 u=a3d2 s=1ff0  dt=16
168f| 250f        BCS   $16a0               cc=c9 a=0c b=01 dp=00 x=78ae y=0000 u=a3d2 s=1ff0  dt=24
16a0| c102        CMPB  #$02                cc=c9 a=0c b=01 dp=00 x=78ae y=0000 u=a3d2 s=1ff0  dt=16
16a2| 2724        BEQ   $16c8               cc=c9 a=0c b=01 dp=00 x=78ae y=0000 u=a3d2 s=1ff0  dt=24
16a4| 250a        BCS   $16b0               cc=c9 a=0c b=01 dp=00 x=78ae y=0000 u=a3d2 s=1ff0  dt=24
16b0| a6c0        LDA   ,U+                 cc=c9 a=cc b=01 dp=00 x=78ae y=0000 u=a3d3 s=1ff0  dt=48
16b2| a780        STA   ,X+                 cc=c9 a=cc b=01 dp=00 x=78af y=0000 u=a3d3 s=1ff0  dt=48
16b4| 20c8        BRA   $167e               cc=c9 a=cc b=01 dp=00 x=78af y=0000 u=a3d3 s=1ff0  dt=24
167e| e6c0        LDB   ,U+                 cc=c5 a=cc b=00 dp=00 x=78af y=0000 u=a3d4 s=1ff0  dt=48
1680| c1ff        CMPB  #$ff                cc=c1 a=cc b=00 dp=00 x=78af y=0000 u=a3d4 s=1ff0  dt=16
1682| 274a        BEQ   $16ce               cc=c1 a=cc b=00 dp=00 x=78af y=0000 u=a3d4 s=1ff0  dt=24
1684| 3a          ABX                       cc=c1 a=cc b=00 dp=00 x=78af y=0000 u=a3d4 s=1ff0  dt=24
1685| e6c0        LDB   ,U+                 cc=c9 a=cc b=81 dp=00 x=78af y=0000 u=a3d5 s=1ff0  dt=48
1687| 2be8        BMI   $1671               cc=c9 a=cc b=81 dp=00 x=78af y=0000 u=a3d5 s=1ff0  dt=24
1671| c47f        ANDB  #$7f                cc=c1 a=cc b=01 dp=00 x=78af y=0000 u=a3d5 s=1ff0  dt=16
1673| a6c0        LDA   ,U+                 cc=c1 a=0f b=01 dp=00 x=78af y=0000 u=a3d6 s=1ff0  dt=48
1675| a484        ANDA  ,X                  cc=c5 a=00 b=01 dp=00 x=78af y=0000 u=a3d6 s=1ff0  dt=32
1677| aac0        ORA   ,U+                 cc=c9 a=c0 b=01 dp=00 x=78af y=0000 u=a3d7 s=1ff0  dt=48
1679| a780        STA   ,X+                 cc=c9 a=c0 b=01 dp=00 x=78b0 y=0000 u=a3d7 s=1ff0  dt=48
167b| 5a          DECB                      cc=c5 a=c0 b=00 dp=00 x=78b0 y=0000 u=a3d7 s=1ff0  dt=16
167c| 26f5        BNE   $1673               cc=c5 a=c0 b=00 dp=00 x=78b0 y=0000 u=a3d7 s=1ff0  dt=24
167e| e6c0        LDB   ,U+                 cc=c9 a=c0 b=ff dp=00 x=78b0 y=0000 u=a3d8 s=1ff0  dt=48
1680| c1ff        CMPB  #$ff                cc=c4 a=c0 b=ff dp=00 x=78b0 y=0000 u=a3d8 s=1ff0  dt=16
1682| 274a        BEQ   $16ce               cc=c4 a=c0 b=ff dp=00 x=78b0 y=0000 u=a3d8 s=1ff0  dt=24
16ce| ecc1        LDD   ,U++                cc=c4 a=00 b=00 dp=00 x=78b0 y=0000 u=a3da s=1ff0  dt=64
16d0| 2706        BEQ   $16d8               cc=c4 a=00 b=00 dp=00 x=78b0 y=0000 u=a3da s=1ff0  dt=24
16d8| 8634        LDA   #$34                cc=c0 a=34 b=00 dp=00 x=78b0 y=0000 u=a3da s=1ff0  dt=16
16da| b7ffa5      STA   $ffa5               cc=c0 a=34 b=00 dp=00 x=78b0 y=0000 u=a3da s=1ff0  dt=40
16dd| 39          RTS                       cc=c0 a=34 b=00 dp=00 x=78b0 y=0000 u=a3da s=1ff2  dt=40
13e1| 39          RTS                       cc=c0 a=34 b=00 dp=00 x=78b0 y=0000 u=a3da s=1ff4  dt=40
0c9b| 3510        PULS  X                   cc=c0 a=34 b=00 dp=00 x=a488 y=0000 u=a3da s=1ff6  dt=56
0c9d| 3008        LEAX  8,X                 cc=c0 a=34 b=00 dp=00 x=a490 y=0000 u=a3da s=1ff6  dt=40
0c9f| 0a5d        DEC   <$5d                cc=c4 a=34 b=00 dp=00 x=a490 y=0000 u=a3da s=1ff6  dt=48
0ca1| 26e7        BNE   $0c8a               cc=c4 a=34 b=00 dp=00 x=a490 y=0000 u=a3da s=1ff6  dt=24
0ca3| 0d51        TST   <$51                cc=c4 a=34 b=00 dp=00 x=a490 y=0000 u=a3da s=1ff6  dt=48
0ca5| 2707        BEQ   $0cae               cc=c4 a=34 b=00 dp=00 x=a490 y=0000 u=a3da s=1ff6  dt=24
0cae| 967f        LDA   <$7f                cc=c8 a=80 b=00 dp=00 x=a490 y=0000 u=a3da s=1ff6  dt=32
0cb0| 8580        BITA  #$80                cc=c8 a=80 b=00 dp=00 x=a490 y=0000 u=a3da s=1ff6  dt=16
0cb2| 2712        BEQ   $0cc6               cc=c8 a=80 b=00 dp=00 x=a490 y=0000 u=a3da s=1ff6  dt=24
0cb4| 964d        LDA   <$4d                cc=c0 a=02 b=00 dp=00 x=a490 y=0000 u=a3da s=1ff6  dt=32
0cb6| 270e        BEQ   $0cc6               cc=c0 a=02 b=00 dp=00 x=a490 y=0000 u=a3da s=1ff6  dt=24
0cb8| 8103        CMPA  #$03                cc=c9 a=02 b=00 dp=00 x=a490 y=0000 u=a3da s=1ff6  dt=16
0cba| 241b        BCC   $0cd7               cc=c9 a=02 b=00 dp=00 x=a490 y=0000 u=a3da s=1ff6  dt=24
0cbc| 964e        LDA   <$4e                cc=c1 a=0d b=00 dp=00 x=a490 y=0000 u=a3da s=1ff6  dt=32
0cbe| 81ff        CMPA  #$ff                cc=c1 a=0d b=00 dp=00 x=a490 y=0000 u=a3da s=1ff6  dt=16
0cc0| 2715        BEQ   $0cd7               cc=c1 a=0d b=00 dp=00 x=a490 y=0000 u=a3da s=1ff6  dt=24
0cc2| bdd21a      JSR   $d21a               cc=c1 a=0d b=00 dp=00 x=a490 y=0000 u=a3da s=1ff4  dt=64
d21a| 17022d      LBSR  $d44a               cc=c1 a=0d b=00 dp=00 x=a490 y=0000 u=a3da s=1ff2  dt=72
d44a| 9e0b        LDX   <$0b                cc=c1 a=0d b=00 dp=00 x=75ec y=0000 u=a3da s=1ff2  dt=40
d44c| dea2        LDU   <$a2                cc=c9 a=0d b=00 dp=00 x=75ec y=0000 u=a300 s=1ff2  dt=40
d44e| 108e0010    LDY   #$0010              cc=c1 a=0d b=00 dp=00 x=75ec y=0010 u=a300 s=1ff2  dt=32
d452| ec81        LDD   ,X++                cc=c1 a=44 b=00 dp=00 x=75ee y=0010 u=a300 s=1ff2  dt=64
d454| edc1        STD   ,U++                cc=c1 a=44 b=00 dp=00 x=75ee y=0010 u=a302 s=1ff2  dt=64
d456| ec81        LDD   ,X++                cc=c5 a=00 b=00 dp=00 x=75f0 y=0010 u=a302 s=1ff2  dt=64
d458| edc1        STD   ,U++                cc=c5 a=00 b=00 dp=00 x=75f0 y=0010 u=a304 s=1ff2  dt=64
d45a| ec81        LDD   ,X++                cc=c5 a=00 b=00 dp=00 x=75f2 y=0010 u=a304 s=1ff2  dt=64
d45c| edc1        STD   ,U++                cc=c5 a=00 b=00 dp=00 x=75f2 y=0010 u=a306 s=1ff2  dt=64
d45e| ec81        LDD   ,X++                cc=c5 a=00 b=00 dp=00 x=75f4 y=0010 u=a306 s=1ff2  dt=64
d460| edc1        STD   ,U++                cc=c5 a=00 b=00 dp=00 x=75f4 y=0010 u=a308 s=1ff2  dt=64
d462| 30890098    LEAX  $0098,X             cc=c1 a=00 b=00 dp=00 x=768c y=0010 u=a308 s=1ff2  dt=64
d466| 313f        LEAY  -1,Y                cc=c1 a=00 b=00 dp=00 x=768c y=000f u=a308 s=1ff2  dt=40
d468| 26e8        BNE   $d452               cc=c1 a=00 b=00 dp=00 x=768c y=000f u=a308 s=1ff2  dt=24
d452| ec81        LDD   ,X++                cc=c5 a=00 b=00 dp=00 x=768e y=000f u=a308 s=1ff2  dt=64
d454| edc1        STD   ,U++                cc=c5 a=00 b=00 dp=00 x=768e y=000f u=a30a s=1ff2  dt=64
d456| ec81        LDD   ,X++                cc=c5 a=00 b=00 dp=00 x=7690 y=000f u=a30a s=1ff2  dt=64
d458| edc1        STD   ,U++                cc=c5 a=00 b=00 dp=00 x=7690 y=000f u=a30c s=1ff2  dt=64
d45a| ec81        LDD   ,X++                cc=c5 a=00 b=00 dp=00 x=7692 y=000f u=a30c s=1ff2  dt=64
d45c| edc1        STD   ,U++                cc=c5 a=00 b=00 dp=00 x=7692 y=000f u=a30e s=1ff2  dt=64
d45e| ec81        LDD   ,X++                cc=c5 a=00 b=00 dp=00 x=7694 y=000f u=a30e s=1ff2  dt=64
d460| edc1        STD   ,U++                cc=c5 a=00 b=00 dp=00 x=7694 y=000f u=a310 s=1ff2  dt=64
d462| 30890098    LEAX  $0098,X             cc=c1 a=00 b=00 dp=00 x=772c y=000f u=a310 s=1ff2  dt=64
d466| 313f        LEAY  -1,Y                cc=c1 a=00 b=00 dp=00 x=772c y=000e u=a310 s=1ff2  dt=40
d468| 26e8        BNE   $d452               cc=c1 a=00 b=00 dp=00 x=772c y=000e u=a310 s=1ff2  dt=24
d452| ec81        LDD   ,X++                cc=c5 a=00 b=00 dp=00 x=772e y=000e u=a310 s=1ff2  dt=64
d454| edc1        STD   ,U++                cc=c5 a=00 b=00 dp=00 x=772e y=000e u=a312 s=1ff2  dt=64
d456| ec81        LDD   ,X++                cc=c5 a=00 b=00 dp=00 x=7730 y=000e u=a312 s=1ff2  dt=64
d458| edc1        STD   ,U++                cc=c5 a=00 b=00 dp=00 x=7730 y=000e u=a314 s=1ff2  dt=64
d45a| ec81        LDD   ,X++                cc=c5 a=00 b=00 dp=00 x=7732 y=000e u=a314 s=1ff2  dt=64
d45c| edc1        STD   ,U++                cc=c5 a=00 b=00 dp=00 x=7732 y=000e u=a316 s=1ff2  dt=64
d45e| ec81        LDD   ,X++                cc=c5 a=00 b=00 dp=00 x=7734 y=000e u=a316 s=1ff2  dt=64
d460| edc1        STD   ,U++                cc=c5 a=00 b=00 dp=00 x=7734 y=000e u=a318 s=1ff2  dt=64
d462| 30890098    LEAX  $0098,X             cc=c1 a=00 b=00 dp=00 x=77cc y=000e u=a318 s=1ff2  dt=64
d466| 313f        LEAY  -1,Y                cc=c1 a=00 b=00 dp=00 x=77cc y=000d u=a318 s=1ff2  dt=40
d468| 26e8        BNE   $d452               cc=c1 a=00 b=00 dp=00 x=77cc y=000d u=a318 s=1ff2  dt=24
d452| ec81        LDD   ,X++                cc=c5 a=00 b=00 dp=00 x=77ce y=000d u=a318 s=1ff2  dt=64
d454| edc1        STD   ,U++                cc=c5 a=00 b=00 dp=00 x=77ce y=000d u=a31a s=1ff2  dt=64
d456| ec81        LDD   ,X++                cc=c5 a=00 b=00 dp=00 x=77d0 y=000d u=a31a s=1ff2  dt=64
d458| edc1        STD   ,U++                cc=c5 a=00 b=00 dp=00 x=77d0 y=000d u=a31c s=1ff2  dt=64
d45a| ec81        LDD   ,X++                cc=c5 a=00 b=00 dp=00 x=77d2 y=000d u=a31c s=1ff2  dt=64
d45c| edc1        STD   ,U++                cc=c5 a=00 b=00 dp=00 x=77d2 y=000d u=a31e s=1ff2  dt=64
d45e| ec81        LDD   ,X++                cc=c5 a=00 b=00 dp=00 x=77d4 y=000d u=a31e s=1ff2  dt=64
d460| edc1        STD   ,U++                cc=c5 a=00 b=00 dp=00 x=77d4 y=000d u=a320 s=1ff2  dt=64
d462| 30890098    LEAX  $0098,X             cc=c1 a=00 b=00 dp=00 x=786c y=000d u=a320 s=1ff2  dt=64
d466| 313f        LEAY  -1,Y                cc=c1 a=00 b=00 dp=00 x=786c y=000c u=a320 s=1ff2  dt=40
d468| 26e8        BNE   $d452               cc=c1 a=00 b=00 dp=00 x=786c y=000c u=a320 s=1ff2  dt=24
d452| ec81        LDD   ,X++                cc=c5 a=00 b=00 dp=00 x=786e y=000c u=a320 s=1ff2  dt=64
d454| edc1        STD   ,U++                cc=c5 a=00 b=00 dp=00 x=786e y=000c u=a322 s=1ff2  dt=64
d456| ec81        LDD   ,X++                cc=c5 a=00 b=00 dp=00 x=7870 y=000c u=a322 s=1ff2  dt=64
d458| edc1        STD   ,U++                cc=c5 a=00 b=00 dp=00 x=7870 y=000c u=a324 s=1ff2  dt=64
d45a| ec81        LDD   ,X++                cc=c5 a=00 b=00 dp=00 x=7872 y=000c u=a324 s=1ff2  dt=64
d45c| edc1        STD   ,U++                cc=c5 a=00 b=00 dp=00 x=7872 y=000c u=a326 s=1ff2  dt=64
d45e| ec81        LDD   ,X++                cc=c5 a=00 b=00 dp=00 x=7874 y=000c u=a326 s=1ff2  dt=64
d460| edc1        STD   ,U++                cc=c5 a=00 b=00 dp=00 x=7874 y=000c u=a328 s=1ff2  dt=64
d462| 30890098    LEAX  $0098,X             cc=c1 a=00 b=00 dp=00 x=790c y=000c u=a328 s=1ff2  dt=64
d466| 313f        LEAY  -1,Y                cc=c1 a=00 b=00 dp=00 x=790c y=000b u=a328 s=1ff2  dt=40
d468| 26e8        BNE   $d452               cc=c1 a=00 b=00 dp=00 x=790c y=000b u=a328 s=1ff2  dt=24
d452| ec81        LDD   ,X++                cc=c5 a=00 b=00 dp=00 x=790e y=000b u=a328 s=1ff2  dt=64
d454| edc1        STD   ,U++                cc=c5 a=00 b=00 dp=00 x=790e y=000b u=a32a s=1ff2  dt=64
d456| ec81        LDD   ,X++                cc=c5 a=00 b=00 dp=00 x=7910 y=000b u=a32a s=1ff2  dt=64
d458| edc1        STD   ,U++                cc=c5 a=00 b=00 dp=00 x=7910 y=000b u=a32c s=1ff2  dt=64
d45a| ec81        LDD   ,X++                cc=c5 a=00 b=00 dp=00 x=7912 y=000b u=a32c s=1ff2  dt=64
d45c| edc1        STD   ,U++                cc=c5 a=00 b=00 dp=00 x=7912 y=000b u=a32e s=1ff2  dt=64
d45e| ec81        LDD   ,X++                cc=c5 a=00 b=00 dp=00 x=7914 y=000b u=a32e s=1ff2  dt=64
d460| edc1        STD   ,U++                cc=c5 a=00 b=00 dp=00 x=7914 y=000b u=a330 s=1ff2  dt=64
d462| 30890098    LEAX  $0098,X             cc=c1 a=00 b=00 dp=00 x=79ac y=000b u=a330 s=1ff2  dt=64
d466| 313f        LEAY  -1,Y                cc=c1 a=00 b=00 dp=00 x=79ac y=000a u=a330 s=1ff2  dt=40
d468| 26e8        BNE   $d452               cc=c1 a=00 b=00 dp=00 x=79ac y=000a u=a330 s=1ff2  dt=24
d452| ec81        LDD   ,X++                cc=c5 a=00 b=00 dp=00 x=79ae y=000a u=a330 s=1ff2  dt=64
d454| edc1        STD   ,U++                cc=c5 a=00 b=00 dp=00 x=79ae y=000a u=a332 s=1ff2  dt=64
d456| ec81        LDD   ,X++                cc=c5 a=00 b=00 dp=00 x=79b0 y=000a u=a332 s=1ff2  dt=64
d458| edc1        STD   ,U++                cc=c5 a=00 b=00 dp=00 x=79b0 y=000a u=a334 s=1ff2  dt=64
d45a| ec81        LDD   ,X++                cc=c5 a=00 b=00 dp=00 x=79b2 y=000a u=a334 s=1ff2  dt=64
d45c| edc1        STD   ,U++                cc=c5 a=00 b=00 dp=00 x=79b2 y=000a u=a336 s=1ff2  dt=64
d45e| ec81        LDD   ,X++                cc=c5 a=00 b=00 dp=00 x=79b4 y=000a u=a336 s=1ff2  dt=64
d460| edc1        STD   ,U++                cc=c5 a=00 b=00 dp=00 x=79b4 y=000a u=a338 s=1ff2  dt=64
d462| 30890098    LEAX  $0098,X             cc=c1 a=00 b=00 dp=00 x=7a4c y=000a u=a338 s=1ff2  dt=64
d466| 313f        LEAY  -1,Y                cc=c1 a=00 b=00 dp=00 x=7a4c y=0009 u=a338 s=1ff2  dt=40
d468| 26e8        BNE   $d452               cc=c1 a=00 b=00 dp=00 x=7a4c y=0009 u=a338 s=1ff2  dt=24
d452| ec81        LDD   ,X++                cc=c5 a=00 b=00 dp=00 x=7a4e y=0009 u=a338 s=1ff2  dt=64
d454| edc1        STD   ,U++                cc=c5 a=00 b=00 dp=00 x=7a4e y=0009 u=a33a s=1ff2  dt=64
d456| ec81        LDD   ,X++                cc=c5 a=00 b=00 dp=00 x=7a50 y=0009 u=a33a s=1ff2  dt=64
d458| edc1        STD   ,U++                cc=c5 a=00 b=00 dp=00 x=7a50 y=0009 u=a33c s=1ff2  dt=64
d45a| ec81        LDD   ,X++                cc=c5 a=00 b=00 dp=00 x=7a52 y=0009 u=a33c s=1ff2  dt=64
d45c| edc1        STD   ,U++                cc=c5 a=00 b=00 dp=00 x=7a52 y=0009 u=a33e s=1ff2  dt=64
d45e| ec81        LDD   ,X++                cc=c5 a=00 b=00 dp=00 x=7a54 y=0009 u=a33e s=1ff2  dt=64
d460| edc1        STD   ,U++                cc=c5 a=00 b=00 dp=00 x=7a54 y=0009 u=a340 s=1ff2  dt=64
d462| 30890098    LEAX  $0098,X             cc=c1 a=00 b=00 dp=00 x=7aec y=0009 u=a340 s=1ff2  dt=64
d466| 313f        LEAY  -1,Y                cc=c1 a=00 b=00 dp=00 x=7aec y=0008 u=a340 s=1ff2  dt=40
d468| 26e8        BNE   $d452               cc=c1 a=00 b=00 dp=00 x=7aec y=0008 u=a340 s=1ff2  dt=24
d452| ec81        LDD   ,X++                cc=c5 a=00 b=00 dp=00 x=7aee y=0008 u=a340 s=1ff2  dt=64
d454| edc1        STD   ,U++                cc=c5 a=00 b=00 dp=00 x=7aee y=0008 u=a342 s=1ff2  dt=64
d456| ec81        LDD   ,X++                cc=c5 a=00 b=00 dp=00 x=7af0 y=0008 u=a342 s=1ff2  dt=64
d458| edc1        STD   ,U++                cc=c5 a=00 b=00 dp=00 x=7af0 y=0008 u=a344 s=1ff2  dt=64
d45a| ec81        LDD   ,X++                cc=c5 a=00 b=00 dp=00 x=7af2 y=0008 u=a344 s=1ff2  dt=64
d45c| edc1        STD   ,U++                cc=c5 a=00 b=00 dp=00 x=7af2 y=0008 u=a346 s=1ff2  dt=64
d45e| ec81        LDD   ,X++                cc=c5 a=00 b=00 dp=00 x=7af4 y=0008 u=a346 s=1ff2  dt=64
d460| edc1        STD   ,U++                cc=c5 a=00 b=00 dp=00 x=7af4 y=0008 u=a348 s=1ff2  dt=64
d462| 30890098    LEAX  $0098,X             cc=c1 a=00 b=00 dp=00 x=7b8c y=0008 u=a348 s=1ff2  dt=64
d466| 313f        LEAY  -1,Y                cc=c1 a=00 b=00 dp=00 x=7b8c y=0007 u=a348 s=1ff2  dt=40
d468| 26e8        BNE   $d452               cc=c1 a=00 b=00 dp=00 x=7b8c y=0007 u=a348 s=1ff2  dt=24
d452| ec81        LDD   ,X++                cc=c5 a=00 b=00 dp=00 x=7b8e y=0007 u=a348 s=1ff2  dt=64
d454| edc1        STD   ,U++                cc=c5 a=00 b=00 dp=00 x=7b8e y=0007 u=a34a s=1ff2  dt=64
d456| ec81        LDD   ,X++                cc=c5 a=00 b=00 dp=00 x=7b90 y=0007 u=a34a s=1ff2  dt=64
d458| edc1        STD   ,U++                cc=c5 a=00 b=00 dp=00 x=7b90 y=0007 u=a34c s=1ff2  dt=64
d45a| ec81        LDD   ,X++                cc=c5 a=00 b=00 dp=00 x=7b92 y=0007 u=a34c s=1ff2  dt=64
d45c| edc1        STD   ,U++                cc=c5 a=00 b=00 dp=00 x=7b92 y=0007 u=a34e s=1ff2  dt=64
d45e| ec81        LDD   ,X++                cc=c5 a=00 b=00 dp=00 x=7b94 y=0007 u=a34e s=1ff2  dt=64
d460| edc1        STD   ,U++                cc=c5 a=00 b=00 dp=00 x=7b94 y=0007 u=a350 s=1ff2  dt=64
d462| 30890098    LEAX  $0098,X             cc=c1 a=00 b=00 dp=00 x=7c2c y=0007 u=a350 s=1ff2  dt=64
d466| 313f        LEAY  -1,Y                cc=c1 a=00 b=00 dp=00 x=7c2c y=0006 u=a350 s=1ff2  dt=40
d468| 26e8        BNE   $d452               cc=c1 a=00 b=00 dp=00 x=7c2c y=0006 u=a350 s=1ff2  dt=24
d452| ec81        LDD   ,X++                cc=c5 a=00 b=00 dp=00 x=7c2e y=0006 u=a350 s=1ff2  dt=64
d454| edc1        STD   ,U++                cc=c5 a=00 b=00 dp=00 x=7c2e y=0006 u=a352 s=1ff2  dt=64
d456| ec81        LDD   ,X++                cc=c5 a=00 b=00 dp=00 x=7c30 y=0006 u=a352 s=1ff2  dt=64
d458| edc1        STD   ,U++                cc=c5 a=00 b=00 dp=00 x=7c30 y=0006 u=a354 s=1ff2  dt=64
d45a| ec81        LDD   ,X++                cc=c5 a=00 b=00 dp=00 x=7c32 y=0006 u=a354 s=1ff2  dt=64
d45c| edc1        STD   ,U++                cc=c5 a=00 b=00 dp=00 x=7c32 y=0006 u=a356 s=1ff2  dt=64
d45e| ec81        LDD   ,X++                cc=c5 a=00 b=00 dp=00 x=7c34 y=0006 u=a356 s=1ff2  dt=64
d460| edc1        STD   ,U++                cc=c5 a=00 b=00 dp=00 x=7c34 y=0006 u=a358 s=1ff2  dt=64
d462| 30890098    LEAX  $0098,X             cc=c1 a=00 b=00 dp=00 x=7ccc y=0006 u=a358 s=1ff2  dt=64
d466| 313f        LEAY  -1,Y                cc=c1 a=00 b=00 dp=00 x=7ccc y=0005 u=a358 s=1ff2  dt=40
d468| 26e8        BNE   $d452               cc=c1 a=00 b=00 dp=00 x=7ccc y=0005 u=a358 s=1ff2  dt=24
d452| ec81        LDD   ,X++                cc=c5 a=00 b=00 dp=00 x=7cce y=0005 u=a358 s=1ff2  dt=64
d454| edc1        STD   ,U++                cc=c5 a=00 b=00 dp=00 x=7cce y=0005 u=a35a s=1ff2  dt=64
d456| ec81        LDD   ,X++                cc=c5 a=00 b=00 dp=00 x=7cd0 y=0005 u=a35a s=1ff2  dt=64
d458| edc1        STD   ,U++                cc=c5 a=00 b=00 dp=00 x=7cd0 y=0005 u=a35c s=1ff2  dt=64
d45a| ec81        LDD   ,X++                cc=c5 a=00 b=00 dp=00 x=7cd2 y=0005 u=a35c s=1ff2  dt=64
d45c| edc1        STD   ,U++                cc=c5 a=00 b=00 dp=00 x=7cd2 y=0005 u=a35e s=1ff2  dt=64
d45e| ec81        LDD   ,X++                cc=c5 a=00 b=00 dp=00 x=7cd4 y=0005 u=a35e s=1ff2  dt=64
d460| edc1        STD   ,U++                cc=c5 a=00 b=00 dp=00 x=7cd4 y=0005 u=a360 s=1ff2  dt=64
d462| 30890098    LEAX  $0098,X             cc=c1 a=00 b=00 dp=00 x=7d6c y=0005 u=a360 s=1ff2  dt=64
d466| 313f        LEAY  -1,Y                cc=c1 a=00 b=00 dp=00 x=7d6c y=0004 u=a360 s=1ff2  dt=40
d468| 26e8        BNE   $d452               cc=c1 a=00 b=00 dp=00 x=7d6c y=0004 u=a360 s=1ff2  dt=24
d452| ec81        LDD   ,X++                cc=c5 a=00 b=00 dp=00 x=7d6e y=0004 u=a360 s=1ff2  dt=64
d454| edc1        STD   ,U++                cc=c5 a=00 b=00 dp=00 x=7d6e y=0004 u=a362 s=1ff2  dt=64
d456| ec81        LDD   ,X++                cc=c5 a=00 b=00 dp=00 x=7d70 y=0004 u=a362 s=1ff2  dt=64
d458| edc1        STD   ,U++                cc=c5 a=00 b=00 dp=00 x=7d70 y=0004 u=a364 s=1ff2  dt=64
d45a| ec81        LDD   ,X++                cc=c5 a=00 b=00 dp=00 x=7d72 y=0004 u=a364 s=1ff2  dt=64
d45c| edc1        STD   ,U++                cc=c5 a=00 b=00 dp=00 x=7d72 y=0004 u=a366 s=1ff2  dt=64
d45e| ec81        LDD   ,X++                cc=c5 a=00 b=00 dp=00 x=7d74 y=0004 u=a366 s=1ff2  dt=64
d460| edc1        STD   ,U++                cc=c5 a=00 b=00 dp=00 x=7d74 y=0004 u=a368 s=1ff2  dt=64
d462| 30890098    LEAX  $0098,X             cc=c1 a=00 b=00 dp=00 x=7e0c y=0004 u=a368 s=1ff2  dt=64
d466| 313f        LEAY  -1,Y                cc=c1 a=00 b=00 dp=00 x=7e0c y=0003 u=a368 s=1ff2  dt=40
d468| 26e8        BNE   $d452               cc=c1 a=00 b=00 dp=00 x=7e0c y=0003 u=a368 s=1ff2  dt=24
d452| ec81        LDD   ,X++                cc=c5 a=00 b=00 dp=00 x=7e0e y=0003 u=a368 s=1ff2  dt=64
d454| edc1        STD   ,U++                cc=c5 a=00 b=00 dp=00 x=7e0e y=0003 u=a36a s=1ff2  dt=64
d456| ec81        LDD   ,X++                cc=c5 a=00 b=00 dp=00 x=7e10 y=0003 u=a36a s=1ff2  dt=64
d458| edc1        STD   ,U++                cc=c5 a=00 b=00 dp=00 x=7e10 y=0003 u=a36c s=1ff2  dt=64
d45a| ec81        LDD   ,X++                cc=c5 a=00 b=00 dp=00 x=7e12 y=0003 u=a36c s=1ff2  dt=64
d45c| edc1        STD   ,U++                cc=c5 a=00 b=00 dp=00 x=7e12 y=0003 u=a36e s=1ff2  dt=64
d45e| ec81        LDD   ,X++                cc=c5 a=00 b=00 dp=00 x=7e14 y=0003 u=a36e s=1ff2  dt=64
d460| edc1        STD   ,U++                cc=c5 a=00 b=00 dp=00 x=7e14 y=0003 u=a370 s=1ff2  dt=64
d462| 30890098    LEAX  $0098,X             cc=c1 a=00 b=00 dp=00 x=7eac y=0003 u=a370 s=1ff2  dt=64
d466| 313f        LEAY  -1,Y                cc=c1 a=00 b=00 dp=00 x=7eac y=0002 u=a370 s=1ff2  dt=40
d468| 26e8        BNE   $d452               cc=c1 a=00 b=00 dp=00 x=7eac y=0002 u=a370 s=1ff2  dt=24
d452| ec81        LDD   ,X++                cc=c5 a=00 b=00 dp=00 x=7eae y=0002 u=a370 s=1ff2  dt=64
d454| edc1        STD   ,U++                cc=c5 a=00 b=00 dp=00 x=7eae y=0002 u=a372 s=1ff2  dt=64
d456| ec81        LDD   ,X++                cc=c5 a=00 b=00 dp=00 x=7eb0 y=0002 u=a372 s=1ff2  dt=64
d458| edc1        STD   ,U++                cc=c5 a=00 b=00 dp=00 x=7eb0 y=0002 u=a374 s=1ff2  dt=64
d45a| ec81        LDD   ,X++                cc=c5 a=00 b=00 dp=00 x=7eb2 y=0002 u=a374 s=1ff2  dt=64
d45c| edc1        STD   ,U++                cc=c5 a=00 b=00 dp=00 x=7eb2 y=0002 u=a376 s=1ff2  dt=64
d45e| ec81        LDD   ,X++                cc=c5 a=00 b=00 dp=00 x=7eb4 y=0002 u=a376 s=1ff2  dt=64
d460| edc1        STD   ,U++                cc=c5 a=00 b=00 dp=00 x=7eb4 y=0002 u=a378 s=1ff2  dt=64
d462| 30890098    LEAX  $0098,X             cc=c1 a=00 b=00 dp=00 x=7f4c y=0002 u=a378 s=1ff2  dt=64
d466| 313f        LEAY  -1,Y                cc=c1 a=00 b=00 dp=00 x=7f4c y=0001 u=a378 s=1ff2  dt=40
d468| 26e8        BNE   $d452               cc=c1 a=00 b=00 dp=00 x=7f4c y=0001 u=a378 s=1ff2  dt=24
d452| ec81        LDD   ,X++                cc=c1 a=44 b=00 dp=00 x=7f4e y=0001 u=a378 s=1ff2  dt=64
d454| edc1        STD   ,U++                cc=c1 a=44 b=00 dp=00 x=7f4e y=0001 u=a37a s=1ff2  dt=64
d456| ec81        LDD   ,X++                cc=c5 a=00 b=00 dp=00 x=7f50 y=0001 u=a37a s=1ff2  dt=64
d458| edc1        STD   ,U++                cc=c5 a=00 b=00 dp=00 x=7f50 y=0001 u=a37c s=1ff2  dt=64
d45a| ec81        LDD   ,X++                cc=c5 a=00 b=00 dp=00 x=7f52 y=0001 u=a37c s=1ff2  dt=64
d45c| edc1        STD   ,U++                cc=c5 a=00 b=00 dp=00 x=7f52 y=0001 u=a37e s=1ff2  dt=64
d45e| ec81        LDD   ,X++                cc=c5 a=00 b=00 dp=00 x=7f54 y=0001 u=a37e s=1ff2  dt=64
d460| edc1        STD   ,U++                cc=c5 a=00 b=00 dp=00 x=7f54 y=0001 u=a380 s=1ff2  dt=64
d462| 30890098    LEAX  $0098,X             cc=c1 a=00 b=00 dp=00 x=7fec y=0001 u=a380 s=1ff2  dt=64
d466| 313f        LEAY  -1,Y                cc=c5 a=00 b=00 dp=00 x=7fec y=0000 u=a380 s=1ff2  dt=40
d468| 26e8        BNE   $d452               cc=c5 a=00 b=00 dp=00 x=7fec y=0000 u=a380 s=1ff2  dt=24
d46a| 8601        LDA   #$01                cc=c1 a=01 b=00 dp=00 x=7fec y=0000 u=a380 s=1ff2  dt=16
d46c| 976a        STA   <$6a                cc=c1 a=01 b=00 dp=00 x=7fec y=0000 u=a380 s=1ff2  dt=32
d46e| 39          RTS                       cc=c1 a=01 b=00 dp=00 x=7fec y=0000 u=a380 s=1ff4  dt=40
d21d| 964e        LDA   <$4e                cc=c1 a=0d b=00 dp=00 x=7fec y=0000 u=a380 s=1ff4  dt=32
d21f| c640        LDB   #$40                cc=c1 a=0d b=40 dp=00 x=7fec y=0000 u=a380 s=1ff4  dt=16
d221| 3d          MUL                       cc=c0 a=03 b=40 dp=00 x=7fec y=0000 u=a380 s=1ff4  dt=88
d222| 318d0304    LEAY  >$d52a,PCR          cc=c0 a=03 b=40 dp=00 x=7fec y=d52a u=a380 s=1ff4  dt=72
d226| 31ab        LEAY  D,Y                 cc=c0 a=03 b=40 dp=00 x=7fec y=d86a u=a380 s=1ff4  dt=64
d228| 9e0b        LDX   <$0b                cc=c0 a=03 b=40 dp=00 x=75ec y=d86a u=a380 s=1ff4  dt=40
d22a| 964e        LDA   <$4e                cc=c0 a=0d b=40 dp=00 x=75ec y=d86a u=a380 s=1ff4  dt=32
d22c| 8107        CMPA  #$07                cc=c0 a=0d b=40 dp=00 x=75ec y=d86a u=a380 s=1ff4  dt=16
d22e| 2406        BCC   $d236               cc=c0 a=0d b=40 dp=00 x=75ec y=d86a u=a380 s=1ff4  dt=24
d236| 338d01d0    LEAU  >$d40a,PCR          cc=c0 a=0d b=40 dp=00 x=75ec y=d86a u=d40a s=1ff4  dt=72
d23a| 17014c      LBSR  $d389               cc=c0 a=0d b=40 dp=00 x=75ec y=d86a u=d40a s=1ff2  dt=72
d389| 8610        LDA   #$10                cc=c0 a=10 b=40 dp=00 x=75ec y=d86a u=d40a s=1ff2  dt=16
d38b| 971b        STA   <$1b                cc=c0 a=10 b=40 dp=00 x=75ec y=d86a u=d40a s=1ff2  dt=32
d38d| 8604        LDA   #$04                cc=c0 a=04 b=40 dp=00 x=75ec y=d86a u=d40a s=1ff2  dt=16
d38f| 971c        STA   <$1c                cc=c0 a=04 b=40 dp=00 x=75ec y=d86a u=d40a s=1ff2  dt=32
d391| a6a0        LDA   ,Y+                 cc=c4 a=00 b=40 dp=00 x=75ec y=d86b u=d40a s=1ff2  dt=48
d393| 9744        STA   <$44                cc=c4 a=00 b=40 dp=00 x=75ec y=d86b u=d40a s=1ff2  dt=32
d395| 44          LSRA                      cc=c4 a=00 b=40 dp=00 x=75ec y=d86b u=d40a s=1ff2  dt=16
d396| 44          LSRA                      cc=c4 a=00 b=40 dp=00 x=75ec y=d86b u=d40a s=1ff2  dt=16
d397| 44          LSRA                      cc=c4 a=00 b=40 dp=00 x=75ec y=d86b u=d40a s=1ff2  dt=16
d398| 44          LSRA                      cc=c4 a=00 b=40 dp=00 x=75ec y=d86b u=d40a s=1ff2  dt=16
d399| a6c6        LDA   A,U                 cc=c4 a=00 b=40 dp=00 x=75ec y=d86b u=d40a s=1ff2  dt=40
d39b| 170016      LBSR  $d3b4               cc=c4 a=00 b=40 dp=00 x=75ec y=d86b u=d40a s=1ff0  dt=72
d3b4| 972a        STA   <$2a                cc=c4 a=00 b=40 dp=00 x=75ec y=d86b u=d40a s=1ff0  dt=32
d3b6| 5f          CLRB                      cc=c4 a=00 b=00 dp=00 x=75ec y=d86b u=d40a s=1ff0  dt=16
d3b7| 85f0        BITA  #$f0                cc=c4 a=00 b=00 dp=00 x=75ec y=d86b u=d40a s=1ff0  dt=16
d3b9| 2602        BNE   $d3bd               cc=c4 a=00 b=00 dp=00 x=75ec y=d86b u=d40a s=1ff0  dt=24
d3bb| caf0        ORB   #$f0                cc=c8 a=00 b=f0 dp=00 x=75ec y=d86b u=d40a s=1ff0  dt=16
d3bd| 850f        BITA  #$0f                cc=c4 a=00 b=f0 dp=00 x=75ec y=d86b u=d40a s=1ff0  dt=16
d3bf| 2602        BNE   $d3c3               cc=c4 a=00 b=f0 dp=00 x=75ec y=d86b u=d40a s=1ff0  dt=24
d3c1| ca0f        ORB   #$0f                cc=c8 a=00 b=ff dp=00 x=75ec y=d86b u=d40a s=1ff0  dt=16
d3c3| e484        ANDB  ,X                  cc=c0 a=00 b=44 dp=00 x=75ec y=d86b u=d40a s=1ff0  dt=32
d3c5| da2a        ORB   <$2a                cc=c0 a=00 b=44 dp=00 x=75ec y=d86b u=d40a s=1ff0  dt=32
d3c7| e780        STB   ,X+                 cc=c0 a=00 b=44 dp=00 x=75ed y=d86b u=d40a s=1ff0  dt=48
d3c9| 39          RTS                       cc=c0 a=00 b=44 dp=00 x=75ed y=d86b u=d40a s=1ff2  dt=40
d39e| 9644        LDA   <$44                cc=c4 a=00 b=44 dp=00 x=75ed y=d86b u=d40a s=1ff2  dt=32
d3a0| 840f        ANDA  #$0f                cc=c4 a=00 b=44 dp=00 x=75ed y=d86b u=d40a s=1ff2  dt=16
d3a2| a6c6        LDA   A,U                 cc=c4 a=00 b=44 dp=00 x=75ed y=d86b u=d40a s=1ff2  dt=40
d3a4| 17000d      LBSR  $d3b4               cc=c4 a=00 b=44 dp=00 x=75ed y=d86b u=d40a s=1ff0  dt=72
d3b4| 972a        STA   <$2a                cc=c4 a=00 b=44 dp=00 x=75ed y=d86b u=d40a s=1ff0  dt=32
d3b6| 5f          CLRB                      cc=c4 a=00 b=00 dp=00 x=75ed y=d86b u=d40a s=1ff0  dt=16
d3b7| 85f0        BITA  #$f0                cc=c4 a=00 b=00 dp=00 x=75ed y=d86b u=d40a s=1ff0  dt=16
d3b9| 2602        BNE   $d3bd               cc=c4 a=00 b=00 dp=00 x=75ed y=d86b u=d40a s=1ff0  dt=24
d3bb| caf0        ORB   #$f0                cc=c8 a=00 b=f0 dp=00 x=75ed y=d86b u=d40a s=1ff0  dt=16
d3bd| 850f        BITA  #$0f                cc=c4 a=00 b=f0 dp=00 x=75ed y=d86b u=d40a s=1ff0  dt=16
d3bf| 2602        BNE   $d3c3               cc=c4 a=00 b=f0 dp=00 x=75ed y=d86b u=d40a s=1ff0  dt=24
d3c1| ca0f        ORB   #$0f                cc=c8 a=00 b=ff dp=00 x=75ed y=d86b u=d40a s=1ff0  dt=16
d3c3| e484        ANDB  ,X                  cc=c4 a=00 b=00 dp=00 x=75ed y=d86b u=d40a s=1ff0  dt=32
d3c5| da2a        ORB   <$2a                cc=c4 a=00 b=00 dp=00 x=75ed y=d86b u=d40a s=1ff0  dt=32
d3c7| e780        STB   ,X+                 cc=c4 a=00 b=00 dp=00 x=75ee y=d86b u=d40a s=1ff0  dt=48
d3c9| 39          RTS                       cc=c4 a=00 b=00 dp=00 x=75ee y=d86b u=d40a s=1ff2  dt=40
d3a7| 0a1c        DEC   <$1c                cc=c0 a=00 b=00 dp=00 x=75ee y=d86b u=d40a s=1ff2  dt=48
d3a9| 26e6        BNE   $d391               cc=c0 a=00 b=00 dp=00 x=75ee y=d86b u=d40a s=1ff2  dt=24
d391| a6a0        LDA   ,Y+                 cc=c0 a=15 b=00 dp=00 x=75ee y=d86c u=d40a s=1ff2  dt=48
d393| 9744        STA   <$44                cc=c0 a=15 b=00 dp=00 x=75ee y=d86c u=d40a s=1ff2  dt=32
d395| 44          LSRA                      cc=c1 a=0a b=00 dp=00 x=75ee y=d86c u=d40a s=1ff2  dt=16
d396| 44          LSRA                      cc=c0 a=05 b=00 dp=00 x=75ee y=d86c u=d40a s=1ff2  dt=16
d397| 44          LSRA                      cc=c1 a=02 b=00 dp=00 x=75ee y=d86c u=d40a s=1ff2  dt=16
d398| 44          LSRA                      cc=c0 a=01 b=00 dp=00 x=75ee y=d86c u=d40a s=1ff2  dt=16
d399| a6c6        LDA   A,U                 cc=c0 a=06 b=00 dp=00 x=75ee y=d86c u=d40a s=1ff2  dt=40
d39b| 170016      LBSR  $d3b4               cc=c0 a=06 b=00 dp=00 x=75ee y=d86c u=d40a s=1ff0  dt=72
d3b4| 972a        STA   <$2a                cc=c0 a=06 b=00 dp=00 x=75ee y=d86c u=d40a s=1ff0  dt=32
d3b6| 5f          CLRB                      cc=c4 a=06 b=00 dp=00 x=75ee y=d86c u=d40a s=1ff0  dt=16
d3b7| 85f0        BITA  #$f0                cc=c4 a=06 b=00 dp=00 x=75ee y=d86c u=d40a s=1ff0  dt=16
d3b9| 2602        BNE   $d3bd               cc=c4 a=06 b=00 dp=00 x=75ee y=d86c u=d40a s=1ff0  dt=24
d3bb| caf0        ORB   #$f0                cc=c8 a=06 b=f0 dp=00 x=75ee y=d86c u=d40a s=1ff0  dt=16
d3bd| 850f        BITA  #$0f                cc=c0 a=06 b=f0 dp=00 x=75ee y=d86c u=d40a s=1ff0  dt=16
d3bf| 2602        BNE   $d3c3               cc=c0 a=06 b=f0 dp=00 x=75ee y=d86c u=d40a s=1ff0  dt=24
d3c3| e484        ANDB  ,X                  cc=c4 a=06 b=00 dp=00 x=75ee y=d86c u=d40a s=1ff0  dt=32
d3c5| da2a        ORB   <$2a                cc=c0 a=06 b=06 dp=00 x=75ee y=d86c u=d40a s=1ff0  dt=32
d3c7| e780        STB   ,X+                 cc=c0 a=06 b=06 dp=00 x=75ef y=d86c u=d40a s=1ff0  dt=48
d3c9| 39          RTS                       cc=c0 a=06 b=06 dp=00 x=75ef y=d86c u=d40a s=1ff2  dt=40
d39e| 9644        LDA   <$44                cc=c0 a=15 b=06 dp=00 x=75ef y=d86c u=d40a s=1ff2  dt=32
d3a0| 840f        ANDA  #$0f                cc=c0 a=05 b=06 dp=00 x=75ef y=d86c u=d40a s=1ff2  dt=16
d3a2| a6c6        LDA   A,U                 cc=c0 a=66 b=06 dp=00 x=75ef y=d86c u=d40a s=1ff2  dt=40
d3a4| 17000d      LBSR  $d3b4               cc=c0 a=66 b=06 dp=00 x=75ef y=d86c u=d40a s=1ff0  dt=72
d3b4| 972a        STA   <$2a                cc=c0 a=66 b=06 dp=00 x=75ef y=d86c u=d40a s=1ff0  dt=32
d3b6| 5f          CLRB                      cc=c4 a=66 b=00 dp=00 x=75ef y=d86c u=d40a s=1ff0  dt=16
d3b7| 85f0        BITA  #$f0                cc=c0 a=66 b=00 dp=00 x=75ef y=d86c u=d40a s=1ff0  dt=16
d3b9| 2602        BNE   $d3bd               cc=c0 a=66 b=00 dp=00 x=75ef y=d86c u=d40a s=1ff0  dt=24
d3bd| 850f        BITA  #$0f                cc=c0 a=66 b=00 dp=00 x=75ef y=d86c u=d40a s=1ff0  dt=16
d3bf| 2602        BNE   $d3c3               cc=c0 a=66 b=00 dp=00 x=75ef y=d86c u=d40a s=1ff0  dt=24
d3c3| e484        ANDB  ,X                  cc=c4 a=66 b=00 dp=00 x=75ef y=d86c u=d40a s=1ff0  dt=32
d3c5| da2a        ORB   <$2a                cc=c0 a=66 b=66 dp=00 x=75ef y=d86c u=d40a s=1ff0  dt=32
d3c7| e780        STB   ,X+                 cc=c0 a=66 b=66 dp=00 x=75f0 y=d86c u=d40a s=1ff0  dt=48
d3c9| 39          RTS                       cc=c0 a=66 b=66 dp=00 x=75f0 y=d86c u=d40a s=1ff2  dt=40
d3a7| 0a1c        DEC   <$1c                cc=c0 a=66 b=66 dp=00 x=75f0 y=d86c u=d40a s=1ff2  dt=48
d3a9| 26e6        BNE   $d391               cc=c0 a=66 b=66 dp=00 x=75f0 y=d86c u=d40a s=1ff2  dt=24
d391| a6a0        LDA   ,Y+                 cc=c0 a=54 b=66 dp=00 x=75f0 y=d86d u=d40a s=1ff2  dt=48
d393| 9744        STA   <$44                cc=c0 a=54 b=66 dp=00 x=75f0 y=d86d u=d40a s=1ff2  dt=32
d395| 44          LSRA                      cc=c0 a=2a b=66 dp=00 x=75f0 y=d86d u=d40a s=1ff2  dt=16
d396| 44          LSRA                      cc=c0 a=15 b=66 dp=00 x=75f0 y=d86d u=d40a s=1ff2  dt=16
d397| 44          LSRA                      cc=c1 a=0a b=66 dp=00 x=75f0 y=d86d u=d40a s=1ff2  dt=16
d398| 44          LSRA                      cc=c0 a=05 b=66 dp=00 x=75f0 y=d86d u=d40a s=1ff2  dt=16
d399| a6c6        LDA   A,U                 cc=c0 a=66 b=66 dp=00 x=75f0 y=d86d u=d40a s=1ff2  dt=40
d39b| 170016      LBSR  $d3b4               cc=c0 a=66 b=66 dp=00 x=75f0 y=d86d u=d40a s=1ff0  dt=72
d3b4| 972a        STA   <$2a                cc=c0 a=66 b=66 dp=00 x=75f0 y=d86d u=d40a s=1ff0  dt=32
d3b6| 5f          CLRB                      cc=c4 a=66 b=00 dp=00 x=75f0 y=d86d u=d40a s=1ff0  dt=16
d3b7| 85f0        BITA  #$f0                cc=c0 a=66 b=00 dp=00 x=75f0 y=d86d u=d40a s=1ff0  dt=16
d3b9| 2602        BNE   $d3bd               cc=c0 a=66 b=00 dp=00 x=75f0 y=d86d u=d40a s=1ff0  dt=24
d3bd| 850f        BITA  #$0f                cc=c0 a=66 b=00 dp=00 x=75f0 y=d86d u=d40a s=1ff0  dt=16
d3bf| 2602        BNE   $d3c3               cc=c0 a=66 b=00 dp=00 x=75f0 y=d86d u=d40a s=1ff0  dt=24
d3c3| e484        ANDB  ,X                  cc=c4 a=66 b=00 dp=00 x=75f0 y=d86d u=d40a s=1ff0  dt=32
d3c5| da2a        ORB   <$2a                cc=c0 a=66 b=66 dp=00 x=75f0 y=d86d u=d40a s=1ff0  dt=32
d3c7| e780        STB   ,X+                 cc=c0 a=66 b=66 dp=00 x=75f1 y=d86d u=d40a s=1ff0  dt=48
d3c9| 39          RTS                       cc=c0 a=66 b=66 dp=00 x=75f1 y=d86d u=d40a s=1ff2  dt=40
d39e| 9644        LDA   <$44                cc=c0 a=54 b=66 dp=00 x=75f1 y=d86d u=d40a s=1ff2  dt=32
d3a0| 840f        ANDA  #$0f                cc=c0 a=04 b=66 dp=00 x=75f1 y=d86d u=d40a s=1ff2  dt=16
d3a2| a6c6        LDA   A,U                 cc=c0 a=60 b=66 dp=00 x=75f1 y=d86d u=d40a s=1ff2  dt=40
d3a4| 17000d      LBSR  $d3b4               cc=c0 a=60 b=66 dp=00 x=75f1 y=d86d u=d40a s=1ff0  dt=72
d3b4| 972a        STA   <$2a                cc=c0 a=60 b=66 dp=00 x=75f1 y=d86d u=d40a s=1ff0  dt=32
d3b6| 5f          CLRB                      cc=c4 a=60 b=00 dp=00 x=75f1 y=d86d u=d40a s=1ff0  dt=16
d3b7| 85f0        BITA  #$f0                cc=c0 a=60 b=00 dp=00 x=75f1 y=d86d u=d40a s=1ff0  dt=16
d3b9| 2602        BNE   $d3bd               cc=c0 a=60 b=00 dp=00 x=75f1 y=d86d u=d40a s=1ff0  dt=24
d3bd| 850f        BITA  #$0f                cc=c4 a=60 b=00 dp=00 x=75f1 y=d86d u=d40a s=1ff0  dt=16
d3bf| 2602        BNE   $d3c3               cc=c4 a=60 b=00 dp=00 x=75f1 y=d86d u=d40a s=1ff0  dt=24
d3c1| ca0f        ORB   #$0f                cc=c0 a=60 b=0f dp=00 x=75f1 y=d86d u=d40a s=1ff0  dt=16
d3c3| e484        ANDB  ,X                  cc=c4 a=60 b=00 dp=00 x=75f1 y=d86d u=d40a s=1ff0  dt=32
d3c5| da2a        ORB   <$2a                cc=c0 a=60 b=60 dp=00 x=75f1 y=d86d u=d40a s=1ff0  dt=32
d3c7| e780        STB   ,X+                 cc=c0 a=60 b=60 dp=00 x=75f2 y=d86d u=d40a s=1ff0  dt=48
d3c9| 39          RTS                       cc=c0 a=60 b=60 dp=00 x=75f2 y=d86d u=d40a s=1ff2  dt=40
d3a7| 0a1c        DEC   <$1c                cc=c0 a=60 b=60 dp=00 x=75f2 y=d86d u=d40a s=1ff2  dt=48
d3a9| 26e6        BNE   $d391               cc=c0 a=60 b=60 dp=00 x=75f2 y=d86d u=d40a s=1ff2  dt=24
d391| a6a0        LDA   ,Y+                 cc=c4 a=00 b=60 dp=00 x=75f2 y=d86e u=d40a s=1ff2  dt=48
d393| 9744        STA   <$44                cc=c4 a=00 b=60 dp=00 x=75f2 y=d86e u=d40a s=1ff2  dt=32
d395| 44          LSRA                      cc=c4 a=00 b=60 dp=00 x=75f2 y=d86e u=d40a s=1ff2  dt=16
d396| 44          LSRA                      cc=c4 a=00 b=60 dp=00 x=75f2 y=d86e u=d40a s=1ff2  dt=16
d397| 44          LSRA                      cc=c4 a=00 b=60 dp=00 x=75f2 y=d86e u=d40a s=1ff2  dt=16
d398| 44          LSRA                      cc=c4 a=00 b=60 dp=00 x=75f2 y=d86e u=d40a s=1ff2  dt=16
d399| a6c6        LDA   A,U                 cc=c4 a=00 b=60 dp=00 x=75f2 y=d86e u=d40a s=1ff2  dt=40
d39b| 170016      LBSR  $d3b4               cc=c4 a=00 b=60 dp=00 x=75f2 y=d86e u=d40a s=1ff0  dt=72
d3b4| 972a        STA   <$2a                cc=c4 a=00 b=60 dp=00 x=75f2 y=d86e u=d40a s=1ff0  dt=32
d3b6| 5f          CLRB                      cc=c4 a=00 b=00 dp=00 x=75f2 y=d86e u=d40a s=1ff0  dt=16
d3b7| 85f0        BITA  #$f0                cc=c4 a=00 b=00 dp=00 x=75f2 y=d86e u=d40a s=1ff0  dt=16
d3b9| 2602        BNE   $d3bd               cc=c4 a=00 b=00 dp=00 x=75f2 y=d86e u=d40a s=1ff0  dt=24
d3bb| caf0        ORB   #$f0                cc=c8 a=00 b=f0 dp=00 x=75f2 y=d86e u=d40a s=1ff0  dt=16
d3bd| 850f        BITA  #$0f                cc=c4 a=00 b=f0 dp=00 x=75f2 y=d86e u=d40a s=1ff0  dt=16
d3bf| 2602        BNE   $d3c3               cc=c4 a=00 b=f0 dp=00 x=75f2 y=d86e u=d40a s=1ff0  dt=24
d3c1| ca0f        ORB   #$0f                cc=c8 a=00 b=ff dp=00 x=75f2 y=d86e u=d40a s=1ff0  dt=16
d3c3| e484        ANDB  ,X                  cc=c4 a=00 b=00 dp=00 x=75f2 y=d86e u=d40a s=1ff0  dt=32
d3c5| da2a        ORB   <$2a                cc=c4 a=00 b=00 dp=00 x=75f2 y=d86e u=d40a s=1ff0  dt=32
d3c7| e780        STB   ,X+                 cc=c4 a=00 b=00 dp=00 x=75f3 y=d86e u=d40a s=1ff0  dt=48
d3c9| 39          RTS                       cc=c4 a=00 b=00 dp=00 x=75f3 y=d86e u=d40a s=1ff2  dt=40
d39e| 9644        LDA   <$44                cc=c4 a=00 b=00 dp=00 x=75f3 y=d86e u=d40a s=1ff2  dt=32
d3a0| 840f        ANDA  #$0f                cc=c4 a=00 b=00 dp=00 x=75f3 y=d86e u=d40a s=1ff2  dt=16
d3a2| a6c6        LDA   A,U                 cc=c4 a=00 b=00 dp=00 x=75f3 y=d86e u=d40a s=1ff2  dt=40
d3a4| 17000d      LBSR  $d3b4               cc=c4 a=00 b=00 dp=00 x=75f3 y=d86e u=d40a s=1ff0  dt=72
d3b4| 972a        STA   <$2a                cc=c4 a=00 b=00 dp=00 x=75f3 y=d86e u=d40a s=1ff0  dt=32
d3b6| 5f          CLRB                      cc=c4 a=00 b=00 dp=00 x=75f3 y=d86e u=d40a s=1ff0  dt=16
d3b7| 85f0        BITA  #$f0                cc=c4 a=00 b=00 dp=00 x=75f3 y=d86e u=d40a s=1ff0  dt=16
d3b9| 2602        BNE   $d3bd               cc=c4 a=00 b=00 dp=00 x=75f3 y=d86e u=d40a s=1ff0  dt=24
d3bb| caf0        ORB   #$f0                cc=c8 a=00 b=f0 dp=00 x=75f3 y=d86e u=d40a s=1ff0  dt=16
d3bd| 850f        BITA  #$0f                cc=c4 a=00 b=f0 dp=00 x=75f3 y=d86e u=d40a s=1ff0  dt=16
d3bf| 2602        BNE   $d3c3               cc=c4 a=00 b=f0 dp=00 x=75f3 y=d86e u=d40a s=1ff0  dt=24
d3c1| ca0f        ORB   #$0f                cc=c8 a=00 b=ff dp=00 x=75f3 y=d86e u=d40a s=1ff0  dt=16
d3c3| e484        ANDB  ,X                  cc=c4 a=00 b=00 dp=00 x=75f3 y=d86e u=d40a s=1ff0  dt=32
d3c5| da2a        ORB   <$2a                cc=c4 a=00 b=00 dp=00 x=75f3 y=d86e u=d40a s=1ff0  dt=32
d3c7| e780        STB   ,X+                 cc=c4 a=00 b=00 dp=00 x=75f4 y=d86e u=d40a s=1ff0  dt=48
d3c9| 39          RTS                       cc=c4 a=00 b=00 dp=00 x=75f4 y=d86e u=d40a s=1ff2  dt=40
d3a7| 0a1c        DEC   <$1c                cc=c4 a=00 b=00 dp=00 x=75f4 y=d86e u=d40a s=1ff2  dt=48
d3a9| 26e6        BNE   $d391               cc=c4 a=00 b=00 dp=00 x=75f4 y=d86e u=d40a s=1ff2  dt=24
d3ab| 30890098    LEAX  $0098,X             cc=c0 a=00 b=00 dp=00 x=768c y=d86e u=d40a s=1ff2  dt=64
d3af| 0a1b        DEC   <$1b                cc=c0 a=00 b=00 dp=00 x=768c y=d86e u=d40a s=1ff2  dt=48
d3b1| 26da        BNE   $d38d               cc=c0 a=00 b=00 dp=00 x=768c y=d86e u=d40a s=1ff2  dt=24
d38d| 8604        LDA   #$04                cc=c0 a=04 b=00 dp=00 x=768c y=d86e u=d40a s=1ff2  dt=16
d38f| 971c        STA   <$1c                cc=c0 a=04 b=00 dp=00 x=768c y=d86e u=d40a s=1ff2  dt=32
d391| a6a0        LDA   ,Y+                 cc=c4 a=00 b=00 dp=00 x=768c y=d86f u=d40a s=1ff2  dt=48
d393| 9744        STA   <$44                cc=c4 a=00 b=00 dp=00 x=768c y=d86f u=d40a s=1ff2  dt=32
d395| 44          LSRA                      cc=c4 a=00 b=00 dp=00 x=768c y=d86f u=d40a s=1ff2  dt=16
d396| 44          LSRA                      cc=c4 a=00 b=00 dp=00 x=768c y=d86f u=d40a s=1ff2  dt=16
d397| 44          LSRA                      cc=c4 a=00 b=00 dp=00 x=768c y=d86f u=d40a s=1ff2  dt=16
d398| 44          LSRA                      cc=c4 a=00 b=00 dp=00 x=768c y=d86f u=d40a s=1ff2  dt=16
d399| a6c6        LDA   A,U                 cc=c4 a=00 b=00 dp=00 x=768c y=d86f u=d40a s=1ff2  dt=40
d39b| 170016      LBSR  $d3b4               cc=c4 a=00 b=00 dp=00 x=768c y=d86f u=d40a s=1ff0  dt=72
d3b4| 972a        STA   <$2a                cc=c4 a=00 b=00 dp=00 x=768c y=d86f u=d40a s=1ff0  dt=32
d3b6| 5f          CLRB                      cc=c4 a=00 b=00 dp=00 x=768c y=d86f u=d40a s=1ff0  dt=16
d3b7| 85f0        BITA  #$f0                cc=c4 a=00 b=00 dp=00 x=768c y=d86f u=d40a s=1ff0  dt=16
d3b9| 2602        BNE   $d3bd               cc=c4 a=00 b=00 dp=00 x=768c y=d86f u=d40a s=1ff0  dt=24
d3bb| caf0        ORB   #$f0                cc=c8 a=00 b=f0 dp=00 x=768c y=d86f u=d40a s=1ff0  dt=16
d3bd| 850f        BITA  #$0f                cc=c4 a=00 b=f0 dp=00 x=768c y=d86f u=d40a s=1ff0  dt=16
d3bf| 2602        BNE   $d3c3               cc=c4 a=00 b=f0 dp=00 x=768c y=d86f u=d40a s=1ff0  dt=24
d3c1| ca0f        ORB   #$0f                cc=c8 a=00 b=ff dp=00 x=768c y=d86f u=d40a s=1ff0  dt=16
d3c3| e484        ANDB  ,X                  cc=c4 a=00 b=00 dp=00 x=768c y=d86f u=d40a s=1ff0  dt=32
d3c5| da2a        ORB   <$2a                cc=c4 a=00 b=00 dp=00 x=768c y=d86f u=d40a s=1ff0  dt=32
d3c7| e780        STB   ,X+                 cc=c4 a=00 b=00 dp=00 x=768d y=d86f u=d40a s=1ff0  dt=48
d3c9| 39          RTS                       cc=c4 a=00 b=00 dp=00 x=768d y=d86f u=d40a s=1ff2  dt=40
d39e| 9644        LDA   <$44                cc=c4 a=00 b=00 dp=00 x=768d y=d86f u=d40a s=1ff2  dt=32
d3a0| 840f        ANDA  #$0f                cc=c4 a=00 b=00 dp=00 x=768d y=d86f u=d40a s=1ff2  dt=16
d3a2| a6c6        LDA   A,U                 cc=c4 a=00 b=00 dp=00 x=768d y=d86f u=d40a s=1ff2  dt=40
d3a4| 17000d      LBSR  $d3b4               cc=c4 a=00 b=00 dp=00 x=768d y=d86f u=d40a s=1ff0  dt=72
d3b4| 972a        STA   <$2a                cc=c4 a=00 b=00 dp=00 x=768d y=d86f u=d40a s=1ff0  dt=32
d3b6| 5f          CLRB                      cc=c4 a=00 b=00 dp=00 x=768d y=d86f u=d40a s=1ff0  dt=16
d3b7| 85f0        BITA  #$f0                cc=c4 a=00 b=00 dp=00 x=768d y=d86f u=d40a s=1ff0  dt=16
d3b9| 2602        BNE   $d3bd               cc=c4 a=00 b=00 dp=00 x=768d y=d86f u=d40a s=1ff0  dt=24
d3bb| caf0        ORB   #$f0                cc=c8 a=00 b=f0 dp=00 x=768d y=d86f u=d40a s=1ff0  dt=16
d3bd| 850f        BITA  #$0f                cc=c4 a=00 b=f0 dp=00 x=768d y=d86f u=d40a s=1ff0  dt=16
d3bf| 2602        BNE   $d3c3               cc=c4 a=00 b=f0 dp=00 x=768d y=d86f u=d40a s=1ff0  dt=24
d3c1| ca0f        ORB   #$0f                cc=c8 a=00 b=ff dp=00 x=768d y=d86f u=d40a s=1ff0  dt=16
d3c3| e484        ANDB  ,X                  cc=c4 a=00 b=00 dp=00 x=768d y=d86f u=d40a s=1ff0  dt=32
d3c5| da2a        ORB   <$2a                cc=c4 a=00 b=00 dp=00 x=768d y=d86f u=d40a s=1ff0  dt=32
d3c7| e780        STB   ,X+                 cc=c4 a=00 b=00 dp=00 x=768e y=d86f u=d40a s=1ff0  dt=48
d3c9| 39          RTS                       cc=c4 a=00 b=00 dp=00 x=768e y=d86f u=d40a s=1ff2  dt=40
d3a7| 0a1c        DEC   <$1c                cc=c0 a=00 b=00 dp=00 x=768e y=d86f u=d40a s=1ff2  dt=48
d3a9| 26e6        BNE   $d391               cc=c0 a=00 b=00 dp=00 x=768e y=d86f u=d40a s=1ff2  dt=24
d391| a6a0        LDA   ,Y+                 cc=c0 a=50 b=00 dp=00 x=768e y=d870 u=d40a s=1ff2  dt=48
d393| 9744        STA   <$44                cc=c0 a=50 b=00 dp=00 x=768e y=d870 u=d40a s=1ff2  dt=32
d395| 44          LSRA                      cc=c0 a=28 b=00 dp=00 x=768e y=d870 u=d40a s=1ff2  dt=16
d396| 44          LSRA                      cc=c0 a=14 b=00 dp=00 x=768e y=d870 u=d40a s=1ff2  dt=16
d397| 44          LSRA                      cc=c0 a=0a b=00 dp=00 x=768e y=d870 u=d40a s=1ff2  dt=16
d398| 44          LSRA                      cc=c0 a=05 b=00 dp=00 x=768e y=d870 u=d40a s=1ff2  dt=16
d399| a6c6        LDA   A,U                 cc=c0 a=66 b=00 dp=00 x=768e y=d870 u=d40a s=1ff2  dt=40
d39b| 170016      LBSR  $d3b4               cc=c0 a=66 b=00 dp=00 x=768e y=d870 u=d40a s=1ff0  dt=72
d3b4| 972a        STA   <$2a                cc=c0 a=66 b=00 dp=00 x=768e y=d870 u=d40a s=1ff0  dt=32
d3b6| 5f          CLRB                      cc=c4 a=66 b=00 dp=00 x=768e y=d870 u=d40a s=1ff0  dt=16
d3b7| 85f0        BITA  #$f0                cc=c0 a=66 b=00 dp=00 x=768e y=d870 u=d40a s=1ff0  dt=16
d3b9| 2602        BNE   $d3bd               cc=c0 a=66 b=00 dp=00 x=768e y=d870 u=d40a s=1ff0  dt=24
d3bd| 850f        BITA  #$0f                cc=c0 a=66 b=00 dp=00 x=768e y=d870 u=d40a s=1ff0  dt=16
d3bf| 2602        BNE   $d3c3               cc=c0 a=66 b=00 dp=00 x=768e y=d870 u=d40a s=1ff0  dt=24
d3c3| e484        ANDB  ,X                  cc=c4 a=66 b=00 dp=00 x=768e y=d870 u=d40a s=1ff0  dt=32
d3c5| da2a        ORB   <$2a                cc=c0 a=66 b=66 dp=00 x=768e y=d870 u=d40a s=1ff0  dt=32
d3c7| e780        STB   ,X+                 cc=c0 a=66 b=66 dp=00 x=768f y=d870 u=d40a s=1ff0  dt=48
d3c9| 39          RTS                       cc=c0 a=66 b=66 dp=00 x=768f y=d870 u=d40a s=1ff2  dt=40
d39e| 9644        LDA   <$44                cc=c0 a=50 b=66 dp=00 x=768f y=d870 u=d40a s=1ff2  dt=32
d3a0| 840f        ANDA  #$0f                cc=c4 a=00 b=66 dp=00 x=768f y=d870 u=d40a s=1ff2  dt=16
d3a2| a6c6        LDA   A,U                 cc=c4 a=00 b=66 dp=00 x=768f y=d870 u=d40a s=1ff2  dt=40
d3a4| 17000d      LBSR  $d3b4               cc=c4 a=00 b=66 dp=00 x=768f y=d870 u=d40a s=1ff0  dt=72
d3b4| 972a        STA   <$2a                cc=c4 a=00 b=66 dp=00 x=768f y=d870 u=d40a s=1ff0  dt=32
d3b6| 5f          CLRB                      cc=c4 a=00 b=00 dp=00 x=768f y=d870 u=d40a s=1ff0  dt=16
d3b7| 85f0        BITA  #$f0                cc=c4 a=00 b=00 dp=00 x=768f y=d870 u=d40a s=1ff0  dt=16
d3b9| 2602        BNE   $d3bd               cc=c4 a=00 b=00 dp=00 x=768f y=d870 u=d40a s=1ff0  dt=24
d3bb| caf0        ORB   #$f0                cc=c8 a=00 b=f0 dp=00 x=768f y=d870 u=d40a s=1ff0  dt=16
d3bd| 850f        BITA  #$0f                cc=c4 a=00 b=f0 dp=00 x=768f y=d870 u=d40a s=1ff0  dt=16
d3bf| 2602        BNE   $d3c3               cc=c4 a=00 b=f0 dp=00 x=768f y=d870 u=d40a s=1ff0  dt=24
d3c1| ca0f        ORB   #$0f                cc=c8 a=00 b=ff dp=00 x=768f y=d870 u=d40a s=1ff0  dt=16
d3c3| e484        ANDB  ,X                  cc=c4 a=00 b=00 dp=00 x=768f y=d870 u=d40a s=1ff0  dt=32
d3c5| da2a        ORB   <$2a                cc=c4 a=00 b=00 dp=00 x=768f y=d870 u=d40a s=1ff0  dt=32
d3c7| e780        STB   ,X+                 cc=c4 a=00 b=00 dp=00 x=7690 y=d870 u=d40a s=1ff0  dt=48
d3c9| 39          RTS                       cc=c4 a=00 b=00 dp=00 x=7690 y=d870 u=d40a s=1ff2  dt=40
d3a7| 0a1c        DEC   <$1c                cc=c0 a=00 b=00 dp=00 x=7690 y=d870 u=d40a s=1ff2  dt=48
d3a9| 26e6        BNE   $d391               cc=c0 a=00 b=00 dp=00 x=7690 y=d870 u=d40a s=1ff2  dt=24
d391| a6a0        LDA   ,Y+                 cc=c0 a=05 b=00 dp=00 x=7690 y=d871 u=d40a s=1ff2  dt=48
d393| 9744        STA   <$44                cc=c0 a=05 b=00 dp=00 x=7690 y=d871 u=d40a s=1ff2  dt=32
d395| 44          LSRA                      cc=c1 a=02 b=00 dp=00 x=7690 y=d871 u=d40a s=1ff2  dt=16
d396| 44          LSRA                      cc=c0 a=01 b=00 dp=00 x=7690 y=d871 u=d40a s=1ff2  dt=16
d397| 44          LSRA                      cc=c5 a=00 b=00 dp=00 x=7690 y=d871 u=d40a s=1ff2  dt=16
d398| 44          LSRA                      cc=c4 a=00 b=00 dp=00 x=7690 y=d871 u=d40a s=1ff2  dt=16
d399| a6c6        LDA   A,U                 cc=c4 a=00 b=00 dp=00 x=7690 y=d871 u=d40a s=1ff2  dt=40
d39b| 170016      LBSR  $d3b4               cc=c4 a=00 b=00 dp=00 x=7690 y=d871 u=d40a s=1ff0  dt=72
d3b4| 972a        STA   <$2a                cc=c4 a=00 b=00 dp=00 x=7690 y=d871 u=d40a s=1ff0  dt=32
d3b6| 5f          CLRB                      cc=c4 a=00 b=00 dp=00 x=7690 y=d871 u=d40a s=1ff0  dt=16
d3b7| 85f0        BITA  #$f0                cc=c4 a=00 b=00 dp=00 x=7690 y=d871 u=d40a s=1ff0  dt=16
d3b9| 2602        BNE   $d3bd               cc=c4 a=00 b=00 dp=00 x=7690 y=d871 u=d40a s=1ff0  dt=24
d3bb| caf0        ORB   #$f0                cc=c8 a=00 b=f0 dp=00 x=7690 y=d871 u=d40a s=1ff0  dt=16
d3bd| 850f        BITA  #$0f                cc=c4 a=00 b=f0 dp=00 x=7690 y=d871 u=d40a s=1ff0  dt=16
d3bf| 2602        BNE   $d3c3               cc=c4 a=00 b=f0 dp=00 x=7690 y=d871 u=d40a s=1ff0  dt=24
d3c1| ca0f        ORB   #$0f                cc=c8 a=00 b=ff dp=00 x=7690 y=d871 u=d40a s=1ff0  dt=16
d3c3| e484        ANDB  ,X                  cc=c4 a=00 b=00 dp=00 x=7690 y=d871 u=d40a s=1ff0  dt=32
d3c5| da2a        ORB   <$2a                cc=c4 a=00 b=00 dp=00 x=7690 y=d871 u=d40a s=1ff0  dt=32
d3c7| e780        STB   ,X+                 cc=c4 a=00 b=00 dp=00 x=7691 y=d871 u=d40a s=1ff0  dt=48
d3c9| 39          RTS                       cc=c4 a=00 b=00 dp=00 x=7691 y=d871 u=d40a s=1ff2  dt=40
d39e| 9644        LDA   <$44                cc=c0 a=05 b=00 dp=00 x=7691 y=d871 u=d40a s=1ff2  dt=32
d3a0| 840f        ANDA  #$0f                cc=c0 a=05 b=00 dp=00 x=7691 y=d871 u=d40a s=1ff2  dt=16
d3a2| a6c6        LDA   A,U                 cc=c0 a=66 b=00 dp=00 x=7691 y=d871 u=d40a s=1ff2  dt=40
d3a4| 17000d      LBSR  $d3b4               cc=c0 a=66 b=00 dp=00 x=7691 y=d871 u=d40a s=1ff0  dt=72
d3b4| 972a        STA   <$2a                cc=c0 a=66 b=00 dp=00 x=7691 y=d871 u=d40a s=1ff0  dt=32
d3b6| 5f          CLRB                      cc=c4 a=66 b=00 dp=00 x=7691 y=d871 u=d40a s=1ff0  dt=16
d3b7| 85f0        BITA  #$f0                cc=c0 a=66 b=00 dp=00 x=7691 y=d871 u=d40a s=1ff0  dt=16
d3b9| 2602        BNE   $d3bd               cc=c0 a=66 b=00 dp=00 x=7691 y=d871 u=d40a s=1ff0  dt=24
d3bd| 850f        BITA  #$0f                cc=c0 a=66 b=00 dp=00 x=7691 y=d871 u=d40a s=1ff0  dt=16
d3bf| 2602        BNE   $d3c3               cc=c0 a=66 b=00 dp=00 x=7691 y=d871 u=d40a s=1ff0  dt=24
d3c3| e484        ANDB  ,X                  cc=c4 a=66 b=00 dp=00 x=7691 y=d871 u=d40a s=1ff0  dt=32
d3c5| da2a        ORB   <$2a                cc=c0 a=66 b=66 dp=00 x=7691 y=d871 u=d40a s=1ff0  dt=32
d3c7| e780        STB   ,X+                 cc=c0 a=66 b=66 dp=00 x=7692 y=d871 u=d40a s=1ff0  dt=48
d3c9| 39          RTS                       cc=c0 a=66 b=66 dp=00 x=7692 y=d871 u=d40a s=1ff2  dt=40
d3a7| 0a1c        DEC   <$1c                cc=c0 a=66 b=66 dp=00 x=7692 y=d871 u=d40a s=1ff2  dt=48
d3a9| 26e6        BNE   $d391               cc=c0 a=66 b=66 dp=00 x=7692 y=d871 u=d40a s=1ff2  dt=24
d391| a6a0        LDA   ,Y+                 cc=c4 a=00 b=66 dp=00 x=7692 y=d872 u=d40a s=1ff2  dt=48
d393| 9744        STA   <$44                cc=c4 a=00 b=66 dp=00 x=7692 y=d872 u=d40a s=1ff2  dt=32
d395| 44          LSRA                      cc=c4 a=00 b=66 dp=00 x=7692 y=d872 u=d40a s=1ff2  dt=16
d396| 44          LSRA                      cc=c4 a=00 b=66 dp=00 x=7692 y=d872 u=d40a s=1ff2  dt=16
d397| 44          LSRA                      cc=c4 a=00 b=66 dp=00 x=7692 y=d872 u=d40a s=1ff2  dt=16
d398| 44          LSRA                      cc=c4 a=00 b=66 dp=00 x=7692 y=d872 u=d40a s=1ff2  dt=16
d399| a6c6        LDA   A,U                 cc=c4 a=00 b=66 dp=00 x=7692 y=d872 u=d40a s=1ff2  dt=40
d39b| 170016      LBSR  $d3b4               cc=c4 a=00 b=66 dp=00 x=7692 y=d872 u=d40a s=1ff0  dt=72
d3b4| 972a        STA   <$2a                cc=c4 a=00 b=66 dp=00 x=7692 y=d872 u=d40a s=1ff0  dt=32
d3b6| 5f          CLRB                      cc=c4 a=00 b=00 dp=00 x=7692 y=d872 u=d40a s=1ff0  dt=16
d3b7| 85f0        BITA  #$f0                cc=c4 a=00 b=00 dp=00 x=7692 y=d872 u=d40a s=1ff0  dt=16
d3b9| 2602        BNE   $d3bd               cc=c4 a=00 b=00 dp=00 x=7692 y=d872 u=d40a s=1ff0  dt=24
d3bb| caf0        ORB   #$f0                cc=c8 a=00 b=f0 dp=00 x=7692 y=d872 u=d40a s=1ff0  dt=16
d3bd| 850f        BITA  #$0f                cc=c4 a=00 b=f0 dp=00 x=7692 y=d872 u=d40a s=1ff0  dt=16
d3bf| 2602        BNE   $d3c3               cc=c4 a=00 b=f0 dp=00 x=7692 y=d872 u=d40a s=1ff0  dt=24
d3c1| ca0f        ORB   #$0f                cc=c8 a=00 b=ff dp=00 x=7692 y=d872 u=d40a s=1ff0  dt=16
d3c3| e484        ANDB  ,X                  cc=c4 a=00 b=00 dp=00 x=7692 y=d872 u=d40a s=1ff0  dt=32
d3c5| da2a        ORB   <$2a                cc=c4 a=00 b=00 dp=00 x=7692 y=d872 u=d40a s=1ff0  dt=32
d3c7| e780        STB   ,X+                 cc=c4 a=00 b=00 dp=00 x=7693 y=d872 u=d40a s=1ff0  dt=48
d3c9| 39          RTS                       cc=c4 a=00 b=00 dp=00 x=7693 y=d872 u=d40a s=1ff2  dt=40
d39e| 9644        LDA   <$44                cc=c4 a=00 b=00 dp=00 x=7693 y=d872 u=d40a s=1ff2  dt=32
d3a0| 840f        ANDA  #$0f                cc=c4 a=00 b=00 dp=00 x=7693 y=d872 u=d40a s=1ff2  dt=16
d3a2| a6c6        LDA   A,U                 cc=c4 a=00 b=00 dp=00 x=7693 y=d872 u=d40a s=1ff2  dt=40
d3a4| 17000d      LBSR  $d3b4               cc=c4 a=00 b=00 dp=00 x=7693 y=d872 u=d40a s=1ff0  dt=72
d3b4| 972a        STA   <$2a                cc=c4 a=00 b=00 dp=00 x=7693 y=d872 u=d40a s=1ff0  dt=32
d3b6| 5f          CLRB                      cc=c4 a=00 b=00 dp=00 x=7693 y=d872 u=d40a s=1ff0  dt=16
d3b7| 85f0        BITA  #$f0                cc=c4 a=00 b=00 dp=00 x=7693 y=d872 u=d40a s=1ff0  dt=16
d3b9| 2602        BNE   $d3bd               cc=c4 a=00 b=00 dp=00 x=7693 y=d872 u=d40a s=1ff0  dt=24
d3bb| caf0        ORB   #$f0                cc=c8 a=00 b=f0 dp=00 x=7693 y=d872 u=d40a s=1ff0  dt=16
d3bd| 850f        BITA  #$0f                cc=c4 a=00 b=f0 dp=00 x=7693 y=d872 u=d40a s=1ff0  dt=16
d3bf| 2602        BNE   $d3c3               cc=c4 a=00 b=f0 dp=00 x=7693 y=d872 u=d40a s=1ff0  dt=24
d3c1| ca0f        ORB   #$0f                cc=c8 a=00 b=ff dp=00 x=7693 y=d872 u=d40a s=1ff0  dt=16
d3c3| e484        ANDB  ,X                  cc=c4 a=00 b=00 dp=00 x=7693 y=d872 u=d40a s=1ff0  dt=32
d3c5| da2a        ORB   <$2a                cc=c4 a=00 b=00 dp=00 x=7693 y=d872 u=d40a s=1ff0  dt=32
d3c7| e780        STB   ,X+                 cc=c4 a=00 b=00 dp=00 x=7694 y=d872 u=d40a s=1ff0  dt=48
d3c9| 39          RTS                       cc=c4 a=00 b=00 dp=00 x=7694 y=d872 u=d40a s=1ff2  dt=40
d3a7| 0a1c        DEC   <$1c                cc=c4 a=00 b=00 dp=00 x=7694 y=d872 u=d40a s=1ff2  dt=48
d3a9| 26e6        BNE   $d391               cc=c4 a=00 b=00 dp=00 x=7694 y=d872 u=d40a s=1ff2  dt=24
d3ab| 30890098    LEAX  $0098,X             cc=c0 a=00 b=00 dp=00 x=772c y=d872 u=d40a s=1ff2  dt=64
d3af| 0a1b        DEC   <$1b                cc=c0 a=00 b=00 dp=00 x=772c y=d872 u=d40a s=1ff2  dt=48
d3b1| 26da        BNE   $d38d               cc=c0 a=00 b=00 dp=00 x=772c y=d872 u=d40a s=1ff2  dt=24
d38d| 8604        LDA   #$04                cc=c0 a=04 b=00 dp=00 x=772c y=d872 u=d40a s=1ff2  dt=16
d38f| 971c        STA   <$1c                cc=c0 a=04 b=00 dp=00 x=772c y=d872 u=d40a s=1ff2  dt=32
d391| a6a0        LDA   ,Y+                 cc=c4 a=00 b=00 dp=00 x=772c y=d873 u=d40a s=1ff2  dt=48
d393| 9744        STA   <$44                cc=c4 a=00 b=00 dp=00 x=772c y=d873 u=d40a s=1ff2  dt=32
d395| 44          LSRA                      cc=c4 a=00 b=00 dp=00 x=772c y=d873 u=d40a s=1ff2  dt=16
d396| 44          LSRA                      cc=c4 a=00 b=00 dp=00 x=772c y=d873 u=d40a s=1ff2  dt=16
d397| 44          LSRA                      cc=c4 a=00 b=00 dp=00 x=772c y=d873 u=d40a s=1ff2  dt=16
d398| 44          LSRA                      cc=c4 a=00 b=00 dp=00 x=772c y=d873 u=d40a s=1ff2  dt=16
d399| a6c6        LDA   A,U                 cc=c4 a=00 b=00 dp=00 x=772c y=d873 u=d40a s=1ff2  dt=40
d39b| 170016      LBSR  $d3b4               cc=c4 a=00 b=00 dp=00 x=772c y=d873 u=d40a s=1ff0  dt=72
d3b4| 972a        STA   <$2a                cc=c4 a=00 b=00 dp=00 x=772c y=d873 u=d40a s=1ff0  dt=32
d3b6| 5f          CLRB                      cc=c4 a=00 b=00 dp=00 x=772c y=d873 u=d40a s=1ff0  dt=16
d3b7| 85f0        BITA  #$f0                cc=c4 a=00 b=00 dp=00 x=772c y=d873 u=d40a s=1ff0  dt=16
d3b9| 2602        BNE   $d3bd               cc=c4 a=00 b=00 dp=00 x=772c y=d873 u=d40a s=1ff0  dt=24
d3bb| caf0        ORB   #$f0                cc=c8 a=00 b=f0 dp=00 x=772c y=d873 u=d40a s=1ff0  dt=16
d3bd| 850f        BITA  #$0f                cc=c4 a=00 b=f0 dp=00 x=772c y=d873 u=d40a s=1ff0  dt=16
d3bf| 2602        BNE   $d3c3               cc=c4 a=00 b=f0 dp=00 x=772c y=d873 u=d40a s=1ff0  dt=24
d3c1| ca0f        ORB   #$0f                cc=c8 a=00 b=ff dp=00 x=772c y=d873 u=d40a s=1ff0  dt=16
d3c3| e484        ANDB  ,X                  cc=c4 a=00 b=00 dp=00 x=772c y=d873 u=d40a s=1ff0  dt=32
d3c5| da2a        ORB   <$2a                cc=c4 a=00 b=00 dp=00 x=772c y=d873 u=d40a s=1ff0  dt=32
d3c7| e780        STB   ,X+                 cc=c4 a=00 b=00 dp=00 x=772d y=d873 u=d40a s=1ff0  dt=48
d3c9| 39          RTS                       cc=c4 a=00 b=00 dp=00 x=772d y=d873 u=d40a s=1ff2  dt=40
d39e| 9644        LDA   <$44                cc=c4 a=00 b=00 dp=00 x=772d y=d873 u=d40a s=1ff2  dt=32
d3a0| 840f        ANDA  #$0f                cc=c4 a=00 b=00 dp=00 x=772d y=d873 u=d40a s=1ff2  dt=16
d3a2| a6c6        LDA   A,U                 cc=c4 a=00 b=00 dp=00 x=772d y=d873 u=d40a s=1ff2  dt=40
d3a4| 17000d      LBSR  $d3b4               cc=c4 a=00 b=00 dp=00 x=772d y=d873 u=d40a s=1ff0  dt=72
d3b4| 972a        STA   <$2a                cc=c4 a=00 b=00 dp=00 x=772d y=d873 u=d40a s=1ff0  dt=32
d3b6| 5f          CLRB                      cc=c4 a=00 b=00 dp=00 x=772d y=d873 u=d40a s=1ff0  dt=16
d3b7| 85f0        BITA  #$f0                cc=c4 a=00 b=00 dp=00 x=772d y=d873 u=d40a s=1ff0  dt=16
d3b9| 2602        BNE   $d3bd               cc=c4 a=00 b=00 dp=00 x=772d y=d873 u=d40a s=1ff0  dt=24
d3bb| caf0        ORB   #$f0                cc=c8 a=00 b=f0 dp=00 x=772d y=d873 u=d40a s=1ff0  dt=16
d3bd| 850f        BITA  #$0f                cc=c4 a=00 b=f0 dp=00 x=772d y=d873 u=d40a s=1ff0  dt=16
d3bf| 2602        BNE   $d3c3               cc=c4 a=00 b=f0 dp=00 x=772d y=d873 u=d40a s=1ff0  dt=24
d3c1| ca0f        ORB   #$0f                cc=c8 a=00 b=ff dp=00 x=772d y=d873 u=d40a s=1ff0  dt=16
d3c3| e484        ANDB  ,X                  cc=c4 a=00 b=00 dp=00 x=772d y=d873 u=d40a s=1ff0  dt=32
d3c5| da2a        ORB   <$2a                cc=c4 a=00 b=00 dp=00 x=772d y=d873 u=d40a s=1ff0  dt=32
d3c7| e780        STB   ,X+                 cc=c4 a=00 b=00 dp=00 x=772e y=d873 u=d40a s=1ff0  dt=48
d3c9| 39          RTS                       cc=c4 a=00 b=00 dp=00 x=772e y=d873 u=d40a s=1ff2  dt=40
d3a7| 0a1c        DEC   <$1c                cc=c0 a=00 b=00 dp=00 x=772e y=d873 u=d40a s=1ff2  dt=48
d3a9| 26e6        BNE   $d391               cc=c0 a=00 b=00 dp=00 x=772e y=d873 u=d40a s=1ff2  dt=24
d391| a6a0        LDA   ,Y+                 cc=c0 a=15 b=00 dp=00 x=772e y=d874 u=d40a s=1ff2  dt=48
d393| 9744        STA   <$44                cc=c0 a=15 b=00 dp=00 x=772e y=d874 u=d40a s=1ff2  dt=32
d395| 44          LSRA                      cc=c1 a=0a b=00 dp=00 x=772e y=d874 u=d40a s=1ff2  dt=16
d396| 44          LSRA                      cc=c0 a=05 b=00 dp=00 x=772e y=d874 u=d40a s=1ff2  dt=16
d397| 44          LSRA                      cc=c1 a=02 b=00 dp=00 x=772e y=d874 u=d40a s=1ff2  dt=16
d398| 44          LSRA                      cc=c0 a=01 b=00 dp=00 x=772e y=d874 u=d40a s=1ff2  dt=16
d399| a6c6        LDA   A,U                 cc=c0 a=06 b=00 dp=00 x=772e y=d874 u=d40a s=1ff2  dt=40
d39b| 170016      LBSR  $d3b4               cc=c0 a=06 b=00 dp=00 x=772e y=d874 u=d40a s=1ff0  dt=72
d3b4| 972a        STA   <$2a                cc=c0 a=06 b=00 dp=00 x=772e y=d874 u=d40a s=1ff0  dt=32
d3b6| 5f          CLRB                      cc=c4 a=06 b=00 dp=00 x=772e y=d874 u=d40a s=1ff0  dt=16
d3b7| 85f0        BITA  #$f0                cc=c4 a=06 b=00 dp=00 x=772e y=d874 u=d40a s=1ff0  dt=16
d3b9| 2602        BNE   $d3bd               cc=c4 a=06 b=00 dp=00 x=772e y=d874 u=d40a s=1ff0  dt=24
d3bb| caf0        ORB   #$f0                cc=c8 a=06 b=f0 dp=00 x=772e y=d874 u=d40a s=1ff0  dt=16
d3bd| 850f        BITA  #$0f                cc=c0 a=06 b=f0 dp=00 x=772e y=d874 u=d40a s=1ff0  dt=16
d3bf| 2602        BNE   $d3c3               cc=c0 a=06 b=f0 dp=00 x=772e y=d874 u=d40a s=1ff0  dt=24
d3c3| e484        ANDB  ,X                  cc=c4 a=06 b=00 dp=00 x=772e y=d874 u=d40a s=1ff0  dt=32
d3c5| da2a        ORB   <$2a                cc=c0 a=06 b=06 dp=00 x=772e y=d874 u=d40a s=1ff0  dt=32
d3c7| e780        STB   ,X+                 cc=c0 a=06 b=06 dp=00 x=772f y=d874 u=d40a s=1ff0  dt=48
d3c9| 39          RTS                       cc=c0 a=06 b=06 dp=00 x=772f y=d874 u=d40a s=1ff2  dt=40
d39e| 9644        LDA   <$44                cc=c0 a=15 b=06 dp=00 x=772f y=d874 u=d40a s=1ff2  dt=32
d3a0| 840f        ANDA  #$0f                cc=c0 a=05 b=06 dp=00 x=772f y=d874 u=d40a s=1ff2  dt=16
d3a2| a6c6        LDA   A,U                 cc=c0 a=66 b=06 dp=00 x=772f y=d874 u=d40a s=1ff2  dt=40
d3a4| 17000d      LBSR  $d3b4               cc=c0 a=66 b=06 dp=00 x=772f y=d874 u=d40a s=1ff0  dt=72
d3b4| 972a        STA   <$2a                cc=c0 a=66 b=06 dp=00 x=772f y=d874 u=d40a s=1ff0  dt=32
d3b6| 5f          CLRB                      cc=c4 a=66 b=00 dp=00 x=772f y=d874 u=d40a s=1ff0  dt=16
d3b7| 85f0        BITA  #$f0                cc=c0 a=66 b=00 dp=00 x=772f y=d874 u=d40a s=1ff0  dt=16
d3b9| 2602        BNE   $d3bd               cc=c0 a=66 b=00 dp=00 x=772f y=d874 u=d40a s=1ff0  dt=24
d3bd| 850f        BITA  #$0f                cc=c0 a=66 b=00 dp=00 x=772f y=d874 u=d40a s=1ff0  dt=16
d3bf| 2602        BNE   $d3c3               cc=c0 a=66 b=00 dp=00 x=772f y=d874 u=d40a s=1ff0  dt=24
d3c3| e484        ANDB  ,X                  cc=c4 a=66 b=00 dp=00 x=772f y=d874 u=d40a s=1ff0  dt=32
d3c5| da2a        ORB   <$2a                cc=c0 a=66 b=66 dp=00 x=772f y=d874 u=d40a s=1ff0  dt=32
d3c7| e780        STB   ,X+                 cc=c0 a=66 b=66 dp=00 x=7730 y=d874 u=d40a s=1ff0  dt=48
d3c9| 39          RTS                       cc=c0 a=66 b=66 dp=00 x=7730 y=d874 u=d40a s=1ff2  dt=40
d3a7| 0a1c        DEC   <$1c                cc=c0 a=66 b=66 dp=00 x=7730 y=d874 u=d40a s=1ff2  dt=48
d3a9| 26e6        BNE   $d391               cc=c0 a=66 b=66 dp=00 x=7730 y=d874 u=d40a s=1ff2  dt=24
d391| a6a0        LDA   ,Y+                 cc=c0 a=54 b=66 dp=00 x=7730 y=d875 u=d40a s=1ff2  dt=48
d393| 9744        STA   <$44                cc=c0 a=54 b=66 dp=00 x=7730 y=d875 u=d40a s=1ff2  dt=32
d395| 44          LSRA                      cc=c0 a=2a b=66 dp=00 x=7730 y=d875 u=d40a s=1ff2  dt=16
d396| 44          LSRA                      cc=c0 a=15 b=66 dp=00 x=7730 y=d875 u=d40a s=1ff2  dt=16
d397| 44          LSRA                      cc=c1 a=0a b=66 dp=00 x=7730 y=d875 u=d40a s=1ff2  dt=16
d398| 44          LSRA                      cc=c0 a=05 b=66 dp=00 x=7730 y=d875 u=d40a s=1ff2  dt=16
d399| a6c6        LDA   A,U                 cc=c0 a=66 b=66 dp=00 x=7730 y=d875 u=d40a s=1ff2  dt=40
d39b| 170016      LBSR  $d3b4               cc=c0 a=66 b=66 dp=00 x=7730 y=d875 u=d40a s=1ff0  dt=72
d3b4| 972a        STA   <$2a                cc=c0 a=66 b=66 dp=00 x=7730 y=d875 u=d40a s=1ff0  dt=32
d3b6| 5f          CLRB                      cc=c4 a=66 b=00 dp=00 x=7730 y=d875 u=d40a s=1ff0  dt=16
d3b7| 85f0        BITA  #$f0                cc=c0 a=66 b=00 dp=00 x=7730 y=d875 u=d40a s=1ff0  dt=16
d3b9| 2602        BNE   $d3bd               cc=c0 a=66 b=00 dp=00 x=7730 y=d875 u=d40a s=1ff0  dt=24
d3bd| 850f        BITA  #$0f                cc=c0 a=66 b=00 dp=00 x=7730 y=d875 u=d40a s=1ff0  dt=16
d3bf| 2602        BNE   $d3c3               cc=c0 a=66 b=00 dp=00 x=7730 y=d875 u=d40a s=1ff0  dt=24
d3c3| e484        ANDB  ,X                  cc=c4 a=66 b=00 dp=00 x=7730 y=d875 u=d40a s=1ff0  dt=32
d3c5| da2a        ORB   <$2a                cc=c0 a=66 b=66 dp=00 x=7730 y=d875 u=d40a s=1ff0  dt=32
d3c7| e780        STB   ,X+                 cc=c0 a=66 b=66 dp=00 x=7731 y=d875 u=d40a s=1ff0  dt=48
d3c9| 39          RTS                       cc=c0 a=66 b=66 dp=00 x=7731 y=d875 u=d40a s=1ff2  dt=40
d39e| 9644        LDA   <$44                cc=c0 a=54 b=66 dp=00 x=7731 y=d875 u=d40a s=1ff2  dt=32
d3a0| 840f        ANDA  #$0f                cc=c0 a=04 b=66 dp=00 x=7731 y=d875 u=d40a s=1ff2  dt=16
d3a2| a6c6        LDA   A,U                 cc=c0 a=60 b=66 dp=00 x=7731 y=d875 u=d40a s=1ff2  dt=40
d3a4| 17000d      LBSR  $d3b4               cc=c0 a=60 b=66 dp=00 x=7731 y=d875 u=d40a s=1ff0  dt=72
d3b4| 972a        STA   <$2a                cc=c0 a=60 b=66 dp=00 x=7731 y=d875 u=d40a s=1ff0  dt=32
d3b6| 5f          CLRB                      cc=c4 a=60 b=00 dp=00 x=7731 y=d875 u=d40a s=1ff0  dt=16
d3b7| 85f0        BITA  #$f0                cc=c0 a=60 b=00 dp=00 x=7731 y=d875 u=d40a s=1ff0  dt=16
d3b9| 2602        BNE   $d3bd               cc=c0 a=60 b=00 dp=00 x=7731 y=d875 u=d40a s=1ff0  dt=24
d3bd| 850f        BITA  #$0f                cc=c4 a=60 b=00 dp=00 x=7731 y=d875 u=d40a s=1ff0  dt=16
d3bf| 2602        BNE   $d3c3               cc=c4 a=60 b=00 dp=00 x=7731 y=d875 u=d40a s=1ff0  dt=24
d3c1| ca0f        ORB   #$0f                cc=c0 a=60 b=0f dp=00 x=7731 y=d875 u=d40a s=1ff0  dt=16
d3c3| e484        ANDB  ,X                  cc=c4 a=60 b=00 dp=00 x=7731 y=d875 u=d40a s=1ff0  dt=32
d3c5| da2a        ORB   <$2a                cc=c0 a=60 b=60 dp=00 x=7731 y=d875 u=d40a s=1ff0  dt=32
d3c7| e780        STB   ,X+                 cc=c0 a=60 b=60 dp=00 x=7732 y=d875 u=d40a s=1ff0  dt=48
d3c9| 39          RTS                       cc=c0 a=60 b=60 dp=00 x=7732 y=d875 u=d40a s=1ff2  dt=40
d3a7| 0a1c        DEC   <$1c                cc=c0 a=60 b=60 dp=00 x=7732 y=d875 u=d40a s=1ff2  dt=48
d3a9| 26e6        BNE   $d391               cc=c0 a=60 b=60 dp=00 x=7732 y=d875 u=d40a s=1ff2  dt=24
d391| a6a0        LDA   ,Y+                 cc=c4 a=00 b=60 dp=00 x=7732 y=d876 u=d40a s=1ff2  dt=48
d393| 9744        STA   <$44                cc=c4 a=00 b=60 dp=00 x=7732 y=d876 u=d40a s=1ff2  dt=32
d395| 44          LSRA                      cc=c4 a=00 b=60 dp=00 x=7732 y=d876 u=d40a s=1ff2  dt=16
d396| 44          LSRA                      cc=c4 a=00 b=60 dp=00 x=7732 y=d876 u=d40a s=1ff2  dt=16
d397| 44          LSRA                      cc=c4 a=00 b=60 dp=00 x=7732 y=d876 u=d40a s=1ff2  dt=16
d398| 44          LSRA                      cc=c4 a=00 b=60 dp=00 x=7732 y=d876 u=d40a s=1ff2  dt=16
d399| a6c6        LDA   A,U                 cc=c4 a=00 b=60 dp=00 x=7732 y=d876 u=d40a s=1ff2  dt=40
d39b| 170016      LBSR  $d3b4               cc=c4 a=00 b=60 dp=00 x=7732 y=d876 u=d40a s=1ff0  dt=72
d3b4| 972a        STA   <$2a                cc=c4 a=00 b=60 dp=00 x=7732 y=d876 u=d40a s=1ff0  dt=32
d3b6| 5f          CLRB                      cc=c4 a=00 b=00 dp=00 x=7732 y=d876 u=d40a s=1ff0  dt=16
d3b7| 85f0        BITA  #$f0                cc=c4 a=00 b=00 dp=00 x=7732 y=d876 u=d40a s=1ff0  dt=16
d3b9| 2602        BNE   $d3bd               cc=c4 a=00 b=00 dp=00 x=7732 y=d876 u=d40a s=1ff0  dt=24
d3bb| caf0        ORB   #$f0                cc=c8 a=00 b=f0 dp=00 x=7732 y=d876 u=d40a s=1ff0  dt=16
d3bd| 850f        BITA  #$0f                cc=c4 a=00 b=f0 dp=00 x=7732 y=d876 u=d40a s=1ff0  dt=16
d3bf| 2602        BNE   $d3c3               cc=c4 a=00 b=f0 dp=00 x=7732 y=d876 u=d40a s=1ff0  dt=24
d3c1| ca0f        ORB   #$0f                cc=c8 a=00 b=ff dp=00 x=7732 y=d876 u=d40a s=1ff0  dt=16
d3c3| e484        ANDB  ,X                  cc=c4 a=00 b=00 dp=00 x=7732 y=d876 u=d40a s=1ff0  dt=32
d3c5| da2a        ORB   <$2a                cc=c4 a=00 b=00 dp=00 x=7732 y=d876 u=d40a s=1ff0  dt=32
d3c7| e780        STB   ,X+                 cc=c4 a=00 b=00 dp=00 x=7733 y=d876 u=d40a s=1ff0  dt=48
d3c9| 39          RTS                       cc=c4 a=00 b=00 dp=00 x=7733 y=d876 u=d40a s=1ff2  dt=40
d39e| 9644        LDA   <$44                cc=c4 a=00 b=00 dp=00 x=7733 y=d876 u=d40a s=1ff2  dt=32
d3a0| 840f        ANDA  #$0f                cc=c4 a=00 b=00 dp=00 x=7733 y=d876 u=d40a s=1ff2  dt=16
d3a2| a6c6        LDA   A,U                 cc=c4 a=00 b=00 dp=00 x=7733 y=d876 u=d40a s=1ff2  dt=40
d3a4| 17000d      LBSR  $d3b4               cc=c4 a=00 b=00 dp=00 x=7733 y=d876 u=d40a s=1ff0  dt=72
d3b4| 972a        STA   <$2a                cc=c4 a=00 b=00 dp=00 x=7733 y=d876 u=d40a s=1ff0  dt=32
d3b6| 5f          CLRB                      cc=c4 a=00 b=00 dp=00 x=7733 y=d876 u=d40a s=1ff0  dt=16
d3b7| 85f0        BITA  #$f0                cc=c4 a=00 b=00 dp=00 x=7733 y=d876 u=d40a s=1ff0  dt=16
d3b9| 2602        BNE   $d3bd               cc=c4 a=00 b=00 dp=00 x=7733 y=d876 u=d40a s=1ff0  dt=24
d3bb| caf0        ORB   #$f0                cc=c8 a=00 b=f0 dp=00 x=7733 y=d876 u=d40a s=1ff0  dt=16
d3bd| 850f        BITA  #$0f                cc=c4 a=00 b=f0 dp=00 x=7733 y=d876 u=d40a s=1ff0  dt=16
d3bf| 2602        BNE   $d3c3               cc=c4 a=00 b=f0 dp=00 x=7733 y=d876 u=d40a s=1ff0  dt=24
d3c1| ca0f        ORB   #$0f                cc=c8 a=00 b=ff dp=00 x=7733 y=d876 u=d40a s=1ff0  dt=16
d3c3| e484        ANDB  ,X                  cc=c4 a=00 b=00 dp=00 x=7733 y=d876 u=d40a s=1ff0  dt=32
d3c5| da2a        ORB   <$2a                cc=c4 a=00 b=00 dp=00 x=7733 y=d876 u=d40a s=1ff0  dt=32
d3c7| e780        STB   ,X+                 cc=c4 a=00 b=00 dp=00 x=7734 y=d876 u=d40a s=1ff0  dt=48
d3c9| 39          RTS                       cc=c4 a=00 b=00 dp=00 x=7734 y=d876 u=d40a s=1ff2  dt=40
d3a7| 0a1c        DEC   <$1c                cc=c4 a=00 b=00 dp=00 x=7734 y=d876 u=d40a s=1ff2  dt=48
d3a9| 26e6        BNE   $d391               cc=c4 a=00 b=00 dp=00 x=7734 y=d876 u=d40a s=1ff2  dt=24
d3ab| 30890098    LEAX  $0098,X             cc=c0 a=00 b=00 dp=00 x=77cc y=d876 u=d40a s=1ff2  dt=64
d3af| 0a1b        DEC   <$1b                cc=c0 a=00 b=00 dp=00 x=77cc y=d876 u=d40a s=1ff2  dt=48
d3b1| 26da        BNE   $d38d               cc=c0 a=00 b=00 dp=00 x=77cc y=d876 u=d40a s=1ff2  dt=24
d38d| 8604        LDA   #$04                cc=c0 a=04 b=00 dp=00 x=77cc y=d876 u=d40a s=1ff2  dt=16
d38f| 971c        STA   <$1c                cc=c0 a=04 b=00 dp=00 x=77cc y=d876 u=d40a s=1ff2  dt=32
d391| a6a0        LDA   ,Y+                 cc=c4 a=00 b=00 dp=00 x=77cc y=d877 u=d40a s=1ff2  dt=48
d393| 9744        STA   <$44                cc=c4 a=00 b=00 dp=00 x=77cc y=d877 u=d40a s=1ff2  dt=32
d395| 44          LSRA                      cc=c4 a=00 b=00 dp=00 x=77cc y=d877 u=d40a s=1ff2  dt=16
d396| 44          LSRA                      cc=c4 a=00 b=00 dp=00 x=77cc y=d877 u=d40a s=1ff2  dt=16
d397| 44          LSRA                      cc=c4 a=00 b=00 dp=00 x=77cc y=d877 u=d40a s=1ff2  dt=16
d398| 44          LSRA                      cc=c4 a=00 b=00 dp=00 x=77cc y=d877 u=d40a s=1ff2  dt=16
d399| a6c6        LDA   A,U                 cc=c4 a=00 b=00 dp=00 x=77cc y=d877 u=d40a s=1ff2  dt=40
d39b| 170016      LBSR  $d3b4               cc=c4 a=00 b=00 dp=00 x=77cc y=d877 u=d40a s=1ff0  dt=72
d3b4| 972a        STA   <$2a                cc=c4 a=00 b=00 dp=00 x=77cc y=d877 u=d40a s=1ff0  dt=32
d3b6| 5f          CLRB                      cc=c4 a=00 b=00 dp=00 x=77cc y=d877 u=d40a s=1ff0  dt=16
d3b7| 85f0        BITA  #$f0                cc=c4 a=00 b=00 dp=00 x=77cc y=d877 u=d40a s=1ff0  dt=16
d3b9| 2602        BNE   $d3bd               cc=c4 a=00 b=00 dp=00 x=77cc y=d877 u=d40a s=1ff0  dt=24
d3bb| caf0        ORB   #$f0                cc=c8 a=00 b=f0 dp=00 x=77cc y=d877 u=d40a s=1ff0  dt=16
d3bd| 850f        BITA  #$0f                cc=c4 a=00 b=f0 dp=00 x=77cc y=d877 u=d40a s=1ff0  dt=16
d3bf| 2602        BNE   $d3c3               cc=c4 a=00 b=f0 dp=00 x=77cc y=d877 u=d40a s=1ff0  dt=24
d3c1| ca0f        ORB   #$0f                cc=c8 a=00 b=ff dp=00 x=77cc y=d877 u=d40a s=1ff0  dt=16
d3c3| e484        ANDB  ,X                  cc=c4 a=00 b=00 dp=00 x=77cc y=d877 u=d40a s=1ff0  dt=32
d3c5| da2a        ORB   <$2a                cc=c4 a=00 b=00 dp=00 x=77cc y=d877 u=d40a s=1ff0  dt=32
d3c7| e780        STB   ,X+                 cc=c4 a=00 b=00 dp=00 x=77cd y=d877 u=d40a s=1ff0  dt=48
d3c9| 39          RTS                       cc=c4 a=00 b=00 dp=00 x=77cd y=d877 u=d40a s=1ff2  dt=40
d39e| 9644        LDA   <$44                cc=c4 a=00 b=00 dp=00 x=77cd y=d877 u=d40a s=1ff2  dt=32
d3a0| 840f        ANDA  #$0f                cc=c4 a=00 b=00 dp=00 x=77cd y=d877 u=d40a s=1ff2  dt=16
d3a2| a6c6        LDA   A,U                 cc=c4 a=00 b=00 dp=00 x=77cd y=d877 u=d40a s=1ff2  dt=40
d3a4| 17000d      LBSR  $d3b4               cc=c4 a=00 b=00 dp=00 x=77cd y=d877 u=d40a s=1ff0  dt=72
d3b4| 972a        STA   <$2a                cc=c4 a=00 b=00 dp=00 x=77cd y=d877 u=d40a s=1ff0  dt=32
d3b6| 5f          CLRB                      cc=c4 a=00 b=00 dp=00 x=77cd y=d877 u=d40a s=1ff0  dt=16
d3b7| 85f0        BITA  #$f0                cc=c4 a=00 b=00 dp=00 x=77cd y=d877 u=d40a s=1ff0  dt=16
d3b9| 2602        BNE   $d3bd               cc=c4 a=00 b=00 dp=00 x=77cd y=d877 u=d40a s=1ff0  dt=24
d3bb| caf0        ORB   #$f0                cc=c8 a=00 b=f0 dp=00 x=77cd y=d877 u=d40a s=1ff0  dt=16
d3bd| 850f        BITA  #$0f                cc=c4 a=00 b=f0 dp=00 x=77cd y=d877 u=d40a s=1ff0  dt=16
d3bf| 2602        BNE   $d3c3               cc=c4 a=00 b=f0 dp=00 x=77cd y=d877 u=d40a s=1ff0  dt=24
d3c1| ca0f        ORB   #$0f                cc=c8 a=00 b=ff dp=00 x=77cd y=d877 u=d40a s=1ff0  dt=16
d3c3| e484        ANDB  ,X                  cc=c4 a=00 b=00 dp=00 x=77cd y=d877 u=d40a s=1ff0  dt=32
d3c5| da2a        ORB   <$2a                cc=c4 a=00 b=00 dp=00 x=77cd y=d877 u=d40a s=1ff0  dt=32
d3c7| e780        STB   ,X+                 cc=c4 a=00 b=00 dp=00 x=77ce y=d877 u=d40a s=1ff0  dt=48
d3c9| 39          RTS                       cc=c4 a=00 b=00 dp=00 x=77ce y=d877 u=d40a s=1ff2  dt=40
d3a7| 0a1c        DEC   <$1c                cc=c0 a=00 b=00 dp=00 x=77ce y=d877 u=d40a s=1ff2  dt=48
d3a9| 26e6        BNE   $d391               cc=c0 a=00 b=00 dp=00 x=77ce y=d877 u=d40a s=1ff2  dt=24
d391| a6a0        LDA   ,Y+                 cc=c4 a=00 b=00 dp=00 x=77ce y=d878 u=d40a s=1ff2  dt=48
d393| 9744        STA   <$44                cc=c4 a=00 b=00 dp=00 x=77ce y=d878 u=d40a s=1ff2  dt=32
d395| 44          LSRA                      cc=c4 a=00 b=00 dp=00 x=77ce y=d878 u=d40a s=1ff2  dt=16
d396| 44          LSRA                      cc=c4 a=00 b=00 dp=00 x=77ce y=d878 u=d40a s=1ff2  dt=16
d397| 44          LSRA                      cc=c4 a=00 b=00 dp=00 x=77ce y=d878 u=d40a s=1ff2  dt=16
d398| 44          LSRA                      cc=c4 a=00 b=00 dp=00 x=77ce y=d878 u=d40a s=1ff2  dt=16
d399| a6c6        LDA   A,U                 cc=c4 a=00 b=00 dp=00 x=77ce y=d878 u=d40a s=1ff2  dt=40
d39b| 170016      LBSR  $d3b4               cc=c4 a=00 b=00 dp=00 x=77ce y=d878 u=d40a s=1ff0  dt=72
d3b4| 972a        STA   <$2a                cc=c4 a=00 b=00 dp=00 x=77ce y=d878 u=d40a s=1ff0  dt=32
d3b6| 5f          CLRB                      cc=c4 a=00 b=00 dp=00 x=77ce y=d878 u=d40a s=1ff0  dt=16
d3b7| 85f0        BITA  #$f0                cc=c4 a=00 b=00 dp=00 x=77ce y=d878 u=d40a s=1ff0  dt=16
d3b9| 2602        BNE   $d3bd               cc=c4 a=00 b=00 dp=00 x=77ce y=d878 u=d40a s=1ff0  dt=24
d3bb| caf0        ORB   #$f0                cc=c8 a=00 b=f0 dp=00 x=77ce y=d878 u=d40a s=1ff0  dt=16
d3bd| 850f        BITA  #$0f                cc=c4 a=00 b=f0 dp=00 x=77ce y=d878 u=d40a s=1ff0  dt=16
d3bf| 2602        BNE   $d3c3               cc=c4 a=00 b=f0 dp=00 x=77ce y=d878 u=d40a s=1ff0  dt=24
d3c1| ca0f        ORB   #$0f                cc=c8 a=00 b=ff dp=00 x=77ce y=d878 u=d40a s=1ff0  dt=16
d3c3| e484        ANDB  ,X                  cc=c4 a=00 b=00 dp=00 x=77ce y=d878 u=d40a s=1ff0  dt=32
d3c5| da2a        ORB   <$2a                cc=c4 a=00 b=00 dp=00 x=77ce y=d878 u=d40a s=1ff0  dt=32
d3c7| e780        STB   ,X+                 cc=c4 a=00 b=00 dp=00 x=77cf y=d878 u=d40a s=1ff0  dt=48
d3c9| 39          RTS                       cc=c4 a=00 b=00 dp=00 x=77cf y=d878 u=d40a s=1ff2  dt=40
d39e| 9644        LDA   <$44                cc=c4 a=00 b=00 dp=00 x=77cf y=d878 u=d40a s=1ff2  dt=32
d3a0| 840f        ANDA  #$0f                cc=c4 a=00 b=00 dp=00 x=77cf y=d878 u=d40a s=1ff2  dt=16
d3a2| a6c6        LDA   A,U                 cc=c4 a=00 b=00 dp=00 x=77cf y=d878 u=d40a s=1ff2  dt=40
d3a4| 17000d      LBSR  $d3b4               cc=c4 a=00 b=00 dp=00 x=77cf y=d878 u=d40a s=1ff0  dt=72
d3b4| 972a        STA   <$2a                cc=c4 a=00 b=00 dp=00 x=77cf y=d878 u=d40a s=1ff0  dt=32
d3b6| 5f          CLRB                      cc=c4 a=00 b=00 dp=00 x=77cf y=d878 u=d40a s=1ff0  dt=16
d3b7| 85f0        BITA  #$f0                cc=c4 a=00 b=00 dp=00 x=77cf y=d878 u=d40a s=1ff0  dt=16
d3b9| 2602        BNE   $d3bd               cc=c4 a=00 b=00 dp=00 x=77cf y=d878 u=d40a s=1ff0  dt=24
d3bb| caf0        ORB   #$f0                cc=c8 a=00 b=f0 dp=00 x=77cf y=d878 u=d40a s=1ff0  dt=16
d3bd| 850f        BITA  #$0f                cc=c4 a=00 b=f0 dp=00 x=77cf y=d878 u=d40a s=1ff0  dt=16
d3bf| 2602        BNE   $d3c3               cc=c4 a=00 b=f0 dp=00 x=77cf y=d878 u=d40a s=1ff0  dt=24
d3c1| ca0f        ORB   #$0f                cc=c8 a=00 b=ff dp=00 x=77cf y=d878 u=d40a s=1ff0  dt=16
d3c3| e484        ANDB  ,X                  cc=c4 a=00 b=00 dp=00 x=77cf y=d878 u=d40a s=1ff0  dt=32
d3c5| da2a        ORB   <$2a                cc=c4 a=00 b=00 dp=00 x=77cf y=d878 u=d40a s=1ff0  dt=32
d3c7| e780        STB   ,X+                 cc=c4 a=00 b=00 dp=00 x=77d0 y=d878 u=d40a s=1ff0  dt=48
d3c9| 39          RTS                       cc=c4 a=00 b=00 dp=00 x=77d0 y=d878 u=d40a s=1ff2  dt=40
d3a7| 0a1c        DEC   <$1c                cc=c0 a=00 b=00 dp=00 x=77d0 y=d878 u=d40a s=1ff2  dt=48
d3a9| 26e6        BNE   $d391               cc=c0 a=00 b=00 dp=00 x=77d0 y=d878 u=d40a s=1ff2  dt=24
d391| a6a0        LDA   ,Y+                 cc=c4 a=00 b=00 dp=00 x=77d0 y=d879 u=d40a s=1ff2  dt=48
d393| 9744        STA   <$44                cc=c4 a=00 b=00 dp=00 x=77d0 y=d879 u=d40a s=1ff2  dt=32
d395| 44          LSRA                      cc=c4 a=00 b=00 dp=00 x=77d0 y=d879 u=d40a s=1ff2  dt=16
d396| 44          LSRA                      cc=c4 a=00 b=00 dp=00 x=77d0 y=d879 u=d40a s=1ff2  dt=16
d397| 44          LSRA                      cc=c4 a=00 b=00 dp=00 x=77d0 y=d879 u=d40a s=1ff2  dt=16
d398| 44          LSRA                      cc=c4 a=00 b=00 dp=00 x=77d0 y=d879 u=d40a s=1ff2  dt=16
d399| a6c6        LDA   A,U                 cc=c4 a=00 b=00 dp=00 x=77d0 y=d879 u=d40a s=1ff2  dt=40
d39b| 170016      LBSR  $d3b4               cc=c4 a=00 b=00 dp=00 x=77d0 y=d879 u=d40a s=1ff0  dt=72
d3b4| 972a        STA   <$2a                cc=c4 a=00 b=00 dp=00 x=77d0 y=d879 u=d40a s=1ff0  dt=32
d3b6| 5f          CLRB                      cc=c4 a=00 b=00 dp=00 x=77d0 y=d879 u=d40a s=1ff0  dt=16
d3b7| 85f0        BITA  #$f0                cc=c4 a=00 b=00 dp=00 x=77d0 y=d879 u=d40a s=1ff0  dt=16
d3b9| 2602        BNE   $d3bd               cc=c4 a=00 b=00 dp=00 x=77d0 y=d879 u=d40a s=1ff0  dt=24
d3bb| caf0        ORB   #$f0                cc=c8 a=00 b=f0 dp=00 x=77d0 y=d879 u=d40a s=1ff0  dt=16
d3bd| 850f        BITA  #$0f                cc=c4 a=00 b=f0 dp=00 x=77d0 y=d879 u=d40a s=1ff0  dt=16
d3bf| 2602        BNE   $d3c3               cc=c4 a=00 b=f0 dp=00 x=77d0 y=d879 u=d40a s=1ff0  dt=24
d3c1| ca0f        ORB   #$0f                cc=c8 a=00 b=ff dp=00 x=77d0 y=d879 u=d40a s=1ff0  dt=16
d3c3| e484        ANDB  ,X                  cc=c4 a=00 b=00 dp=00 x=77d0 y=d879 u=d40a s=1ff0  dt=32
d3c5| da2a        ORB   <$2a                cc=c4 a=00 b=00 dp=00 x=77d0 y=d879 u=d40a s=1ff0  dt=32
d3c7| e780        STB   ,X+                 cc=c4 a=00 b=00 dp=00 x=77d1 y=d879 u=d40a s=1ff0  dt=48
d3c9| 39          RTS                       cc=c4 a=00 b=00 dp=00 x=77d1 y=d879 u=d40a s=1ff2  dt=40
d39e| 9644        LDA   <$44                cc=c4 a=00 b=00 dp=00 x=77d1 y=d879 u=d40a s=1ff2  dt=32
d3a0| 840f        ANDA  #$0f                cc=c4 a=00 b=00 dp=00 x=77d1 y=d879 u=d40a s=1ff2  dt=16
d3a2| a6c6        LDA   A,U                 cc=c4 a=00 b=00 dp=00 x=77d1 y=d879 u=d40a s=1ff2  dt=40
d3a4| 17000d      LBSR  $d3b4               cc=c4 a=00 b=00 dp=00 x=77d1 y=d879 u=d40a s=1ff0  dt=72
d3b4| 972a        STA   <$2a                cc=c4 a=00 b=00 dp=00 x=77d1 y=d879 u=d40a s=1ff0  dt=32
d3b6| 5f          CLRB                      cc=c4 a=00 b=00 dp=00 x=77d1 y=d879 u=d40a s=1ff0  dt=16
d3b7| 85f0        BITA  #$f0                cc=c4 a=00 b=00 dp=00 x=77d1 y=d879 u=d40a s=1ff0  dt=16
d3b9| 2602        BNE   $d3bd               cc=c4 a=00 b=00 dp=00 x=77d1 y=d879 u=d40a s=1ff0  dt=24
d3bb| caf0        ORB   #$f0                cc=c8 a=00 b=f0 dp=00 x=77d1 y=d879 u=d40a s=1ff0  dt=16
d3bd| 850f        BITA  #$0f                cc=c4 a=00 b=f0 dp=00 x=77d1 y=d879 u=d40a s=1ff0  dt=16
d3bf| 2602        BNE   $d3c3               cc=c4 a=00 b=f0 dp=00 x=77d1 y=d879 u=d40a s=1ff0  dt=24
d3c1| ca0f        ORB   #$0f                cc=c8 a=00 b=ff dp=00 x=77d1 y=d879 u=d40a s=1ff0  dt=16
d3c3| e484        ANDB  ,X                  cc=c4 a=00 b=00 dp=00 x=77d1 y=d879 u=d40a s=1ff0  dt=32
d3c5| da2a        ORB   <$2a                cc=c4 a=00 b=00 dp=00 x=77d1 y=d879 u=d40a s=1ff0  dt=32
d3c7| e780        STB   ,X+                 cc=c4 a=00 b=00 dp=00 x=77d2 y=d879 u=d40a s=1ff0  dt=48
d3c9| 39          RTS                       cc=c4 a=00 b=00 dp=00 x=77d2 y=d879 u=d40a s=1ff2  dt=40
d3a7| 0a1c        DEC   <$1c                cc=c0 a=00 b=00 dp=00 x=77d2 y=d879 u=d40a s=1ff2  dt=48
d3a9| 26e6        BNE   $d391               cc=c0 a=00 b=00 dp=00 x=77d2 y=d879 u=d40a s=1ff2  dt=24
d391| a6a0        LDA   ,Y+                 cc=c4 a=00 b=00 dp=00 x=77d2 y=d87a u=d40a s=1ff2  dt=48
d393| 9744        STA   <$44                cc=c4 a=00 b=00 dp=00 x=77d2 y=d87a u=d40a s=1ff2  dt=32
d395| 44          LSRA                      cc=c4 a=00 b=00 dp=00 x=77d2 y=d87a u=d40a s=1ff2  dt=16
d396| 44          LSRA                      cc=c4 a=00 b=00 dp=00 x=77d2 y=d87a u=d40a s=1ff2  dt=16
d397| 44          LSRA                      cc=c4 a=00 b=00 dp=00 x=77d2 y=d87a u=d40a s=1ff2  dt=16
d398| 44          LSRA                      cc=c4 a=00 b=00 dp=00 x=77d2 y=d87a u=d40a s=1ff2  dt=16
d399| a6c6        LDA   A,U                 cc=c4 a=00 b=00 dp=00 x=77d2 y=d87a u=d40a s=1ff2  dt=40
d39b| 170016      LBSR  $d3b4               cc=c4 a=00 b=00 dp=00 x=77d2 y=d87a u=d40a s=1ff0  dt=72
d3b4| 972a        STA   <$2a                cc=c4 a=00 b=00 dp=00 x=77d2 y=d87a u=d40a s=1ff0  dt=32
d3b6| 5f          CLRB                      cc=c4 a=00 b=00 dp=00 x=77d2 y=d87a u=d40a s=1ff0  dt=16
d3b7| 85f0        BITA  #$f0                cc=c4 a=00 b=00 dp=00 x=77d2 y=d87a u=d40a s=1ff0  dt=16
d3b9| 2602        BNE   $d3bd               cc=c4 a=00 b=00 dp=00 x=77d2 y=d87a u=d40a s=1ff0  dt=24
d3bb| caf0        ORB   #$f0                cc=c8 a=00 b=f0 dp=00 x=77d2 y=d87a u=d40a s=1ff0  dt=16
d3bd| 850f        BITA  #$0f                cc=c4 a=00 b=f0 dp=00 x=77d2 y=d87a u=d40a s=1ff0  dt=16
d3bf| 2602        BNE   $d3c3               cc=c4 a=00 b=f0 dp=00 x=77d2 y=d87a u=d40a s=1ff0  dt=24
d3c1| ca0f        ORB   #$0f                cc=c8 a=00 b=ff dp=00 x=77d2 y=d87a u=d40a s=1ff0  dt=16
d3c3| e484        ANDB  ,X                  cc=c4 a=00 b=00 dp=00 x=77d2 y=d87a u=d40a s=1ff0  dt=32
d3c5| da2a        ORB   <$2a                cc=c4 a=00 b=00 dp=00 x=77d2 y=d87a u=d40a s=1ff0  dt=32
d3c7| e780        STB   ,X+                 cc=c4 a=00 b=00 dp=00 x=77d3 y=d87a u=d40a s=1ff0  dt=48
d3c9| 39          RTS                       cc=c4 a=00 b=00 dp=00 x=77d3 y=d87a u=d40a s=1ff2  dt=40
d39e| 9644        LDA   <$44                cc=c4 a=00 b=00 dp=00 x=77d3 y=d87a u=d40a s=1ff2  dt=32
d3a0| 840f        ANDA  #$0f                cc=c4 a=00 b=00 dp=00 x=77d3 y=d87a u=d40a s=1ff2  dt=16
d3a2| a6c6        LDA   A,U                 cc=c4 a=00 b=00 dp=00 x=77d3 y=d87a u=d40a s=1ff2  dt=40
d3a4| 17000d      LBSR  $d3b4               cc=c4 a=00 b=00 dp=00 x=77d3 y=d87a u=d40a s=1ff0  dt=72
d3b4| 972a        STA   <$2a                cc=c4 a=00 b=00 dp=00 x=77d3 y=d87a u=d40a s=1ff0  dt=32
d3b6| 5f          CLRB                      cc=c4 a=00 b=00 dp=00 x=77d3 y=d87a u=d40a s=1ff0  dt=16
d3b7| 85f0        BITA  #$f0                cc=c4 a=00 b=00 dp=00 x=77d3 y=d87a u=d40a s=1ff0  dt=16
d3b9| 2602        BNE   $d3bd               cc=c4 a=00 b=00 dp=00 x=77d3 y=d87a u=d40a s=1ff0  dt=24
d3bb| caf0        ORB   #$f0                cc=c8 a=00 b=f0 dp=00 x=77d3 y=d87a u=d40a s=1ff0  dt=16
d3bd| 850f        BITA  #$0f                cc=c4 a=00 b=f0 dp=00 x=77d3 y=d87a u=d40a s=1ff0  dt=16
d3bf| 2602        BNE   $d3c3               cc=c4 a=00 b=f0 dp=00 x=77d3 y=d87a u=d40a s=1ff0  dt=24
d3c1| ca0f        ORB   #$0f                cc=c8 a=00 b=ff dp=00 x=77d3 y=d87a u=d40a s=1ff0  dt=16
d3c3| e484        ANDB  ,X                  cc=c4 a=00 b=00 dp=00 x=77d3 y=d87a u=d40a s=1ff0  dt=32
d3c5| da2a        ORB   <$2a                cc=c4 a=00 b=00 dp=00 x=77d3 y=d87a u=d40a s=1ff0  dt=32
d3c7| e780        STB   ,X+                 cc=c4 a=00 b=00 dp=00 x=77d4 y=d87a u=d40a s=1ff0  dt=48
d3c9| 39          RTS                       cc=c4 a=00 b=00 dp=00 x=77d4 y=d87a u=d40a s=1ff2  dt=40
d3a7| 0a1c        DEC   <$1c                cc=c4 a=00 b=00 dp=00 x=77d4 y=d87a u=d40a s=1ff2  dt=48
d3a9| 26e6        BNE   $d391               cc=c4 a=00 b=00 dp=00 x=77d4 y=d87a u=d40a s=1ff2  dt=24
d3ab| 30890098    LEAX  $0098,X             cc=c0 a=00 b=00 dp=00 x=786c y=d87a u=d40a s=1ff2  dt=64
d3af| 0a1b        DEC   <$1b                cc=c0 a=00 b=00 dp=00 x=786c y=d87a u=d40a s=1ff2  dt=48
d3b1| 26da        BNE   $d38d               cc=c0 a=00 b=00 dp=00 x=786c y=d87a u=d40a s=1ff2  dt=24
d38d| 8604        LDA   #$04                cc=c0 a=04 b=00 dp=00 x=786c y=d87a u=d40a s=1ff2  dt=16
d38f| 971c        STA   <$1c                cc=c0 a=04 b=00 dp=00 x=786c y=d87a u=d40a s=1ff2  dt=32
d391| a6a0        LDA   ,Y+                 cc=c4 a=00 b=00 dp=00 x=786c y=d87b u=d40a s=1ff2  dt=48
d393| 9744        STA   <$44                cc=c4 a=00 b=00 dp=00 x=786c y=d87b u=d40a s=1ff2  dt=32
d395| 44          LSRA                      cc=c4 a=00 b=00 dp=00 x=786c y=d87b u=d40a s=1ff2  dt=16
d396| 44          LSRA                      cc=c4 a=00 b=00 dp=00 x=786c y=d87b u=d40a s=1ff2  dt=16
d397| 44          LSRA                      cc=c4 a=00 b=00 dp=00 x=786c y=d87b u=d40a s=1ff2  dt=16
d398| 44          LSRA                      cc=c4 a=00 b=00 dp=00 x=786c y=d87b u=d40a s=1ff2  dt=16
d399| a6c6        LDA   A,U                 cc=c4 a=00 b=00 dp=00 x=786c y=d87b u=d40a s=1ff2  dt=40
d39b| 170016      LBSR  $d3b4               cc=c4 a=00 b=00 dp=00 x=786c y=d87b u=d40a s=1ff0  dt=72
d3b4| 972a        STA   <$2a                cc=c4 a=00 b=00 dp=00 x=786c y=d87b u=d40a s=1ff0  dt=32
d3b6| 5f          CLRB                      cc=c4 a=00 b=00 dp=00 x=786c y=d87b u=d40a s=1ff0  dt=16
d3b7| 85f0        BITA  #$f0                cc=c4 a=00 b=00 dp=00 x=786c y=d87b u=d40a s=1ff0  dt=16
d3b9| 2602        BNE   $d3bd               cc=c4 a=00 b=00 dp=00 x=786c y=d87b u=d40a s=1ff0  dt=24
d3bb| caf0        ORB   #$f0                cc=c8 a=00 b=f0 dp=00 x=786c y=d87b u=d40a s=1ff0  dt=16
d3bd| 850f        BITA  #$0f                cc=c4 a=00 b=f0 dp=00 x=786c y=d87b u=d40a s=1ff0  dt=16
d3bf| 2602        BNE   $d3c3               cc=c4 a=00 b=f0 dp=00 x=786c y=d87b u=d40a s=1ff0  dt=24
d3c1| ca0f        ORB   #$0f                cc=c8 a=00 b=ff dp=00 x=786c y=d87b u=d40a s=1ff0  dt=16
d3c3| e484        ANDB  ,X                  cc=c4 a=00 b=00 dp=00 x=786c y=d87b u=d40a s=1ff0  dt=32
d3c5| da2a        ORB   <$2a                cc=c4 a=00 b=00 dp=00 x=786c y=d87b u=d40a s=1ff0  dt=32
d3c7| e780        STB   ,X+                 cc=c4 a=00 b=00 dp=00 x=786d y=d87b u=d40a s=1ff0  dt=48
d3c9| 39          RTS                       cc=c4 a=00 b=00 dp=00 x=786d y=d87b u=d40a s=1ff2  dt=40
d39e| 9644        LDA   <$44                cc=c4 a=00 b=00 dp=00 x=786d y=d87b u=d40a s=1ff2  dt=32
d3a0| 840f        ANDA  #$0f                cc=c4 a=00 b=00 dp=00 x=786d y=d87b u=d40a s=1ff2  dt=16
d3a2| a6c6        LDA   A,U                 cc=c4 a=00 b=00 dp=00 x=786d y=d87b u=d40a s=1ff2  dt=40
d3a4| 17000d      LBSR  $d3b4               cc=c4 a=00 b=00 dp=00 x=786d y=d87b u=d40a s=1ff0  dt=72
d3b4| 972a        STA   <$2a                cc=c4 a=00 b=00 dp=00 x=786d y=d87b u=d40a s=1ff0  dt=32
d3b6| 5f          CLRB                      cc=c4 a=00 b=00 dp=00 x=786d y=d87b u=d40a s=1ff0  dt=16
d3b7| 85f0        BITA  #$f0                cc=c4 a=00 b=00 dp=00 x=786d y=d87b u=d40a s=1ff0  dt=16
d3b9| 2602        BNE   $d3bd               cc=c4 a=00 b=00 dp=00 x=786d y=d87b u=d40a s=1ff0  dt=24
d3bb| caf0        ORB   #$f0                cc=c8 a=00 b=f0 dp=00 x=786d y=d87b u=d40a s=1ff0  dt=16
d3bd| 850f        BITA  #$0f                cc=c4 a=00 b=f0 dp=00 x=786d y=d87b u=d40a s=1ff0  dt=16
d3bf| 2602        BNE   $d3c3               cc=c4 a=00 b=f0 dp=00 x=786d y=d87b u=d40a s=1ff0  dt=24
d3c1| ca0f        ORB   #$0f                cc=c8 a=00 b=ff dp=00 x=786d y=d87b u=d40a s=1ff0  dt=16
d3c3| e484        ANDB  ,X                  cc=c4 a=00 b=00 dp=00 x=786d y=d87b u=d40a s=1ff0  dt=32
d3c5| da2a        ORB   <$2a                cc=c4 a=00 b=00 dp=00 x=786d y=d87b u=d40a s=1ff0  dt=32
d3c7| e780        STB   ,X+                 cc=c4 a=00 b=00 dp=00 x=786e y=d87b u=d40a s=1ff0  dt=48
d3c9| 39          RTS                       cc=c4 a=00 b=00 dp=00 x=786e y=d87b u=d40a s=1ff2  dt=40
d3a7| 0a1c        DEC   <$1c                cc=c0 a=00 b=00 dp=00 x=786e y=d87b u=d40a s=1ff2  dt=48
d3a9| 26e6        BNE   $d391               cc=c0 a=00 b=00 dp=00 x=786e y=d87b u=d40a s=1ff2  dt=24
d391| a6a0        LDA   ,Y+                 cc=c4 a=00 b=00 dp=00 x=786e y=d87c u=d40a s=1ff2  dt=48
d393| 9744        STA   <$44                cc=c4 a=00 b=00 dp=00 x=786e y=d87c u=d40a s=1ff2  dt=32
d395| 44          LSRA                      cc=c4 a=00 b=00 dp=00 x=786e y=d87c u=d40a s=1ff2  dt=16
d396| 44          LSRA                      cc=c4 a=00 b=00 dp=00 x=786e y=d87c u=d40a s=1ff2  dt=16
d397| 44          LSRA                      cc=c4 a=00 b=00 dp=00 x=786e y=d87c u=d40a s=1ff2  dt=16
d398| 44          LSRA                      cc=c4 a=00 b=00 dp=00 x=786e y=d87c u=d40a s=1ff2  dt=16
d399| a6c6        LDA   A,U                 cc=c4 a=00 b=00 dp=00 x=786e y=d87c u=d40a s=1ff2  dt=40
d39b| 170016      LBSR  $d3b4               cc=c4 a=00 b=00 dp=00 x=786e y=d87c u=d40a s=1ff0  dt=72
d3b4| 972a        STA   <$2a                cc=c4 a=00 b=00 dp=00 x=786e y=d87c u=d40a s=1ff0  dt=32
d3b6| 5f          CLRB                      cc=c4 a=00 b=00 dp=00 x=786e y=d87c u=d40a s=1ff0  dt=16
d3b7| 85f0        BITA  #$f0                cc=c4 a=00 b=00 dp=00 x=786e y=d87c u=d40a s=1ff0  dt=16
d3b9| 2602        BNE   $d3bd               cc=c4 a=00 b=00 dp=00 x=786e y=d87c u=d40a s=1ff0  dt=24
d3bb| caf0        ORB   #$f0                cc=c8 a=00 b=f0 dp=00 x=786e y=d87c u=d40a s=1ff0  dt=16
d3bd| 850f        BITA  #$0f                cc=c4 a=00 b=f0 dp=00 x=786e y=d87c u=d40a s=1ff0  dt=16
d3bf| 2602        BNE   $d3c3               cc=c4 a=00 b=f0 dp=00 x=786e y=d87c u=d40a s=1ff0  dt=24
d3c1| ca0f        ORB   #$0f                cc=c8 a=00 b=ff dp=00 x=786e y=d87c u=d40a s=1ff0  dt=16
d3c3| e484        ANDB  ,X                  cc=c4 a=00 b=00 dp=00 x=786e y=d87c u=d40a s=1ff0  dt=32
d3c5| da2a        ORB   <$2a                cc=c4 a=00 b=00 dp=00 x=786e y=d87c u=d40a s=1ff0  dt=32
d3c7| e780        STB   ,X+                 cc=c4 a=00 b=00 dp=00 x=786f y=d87c u=d40a s=1ff0  dt=48
d3c9| 39          RTS                       cc=c4 a=00 b=00 dp=00 x=786f y=d87c u=d40a s=1ff2  dt=40
d39e| 9644        LDA   <$44                cc=c4 a=00 b=00 dp=00 x=786f y=d87c u=d40a s=1ff2  dt=32
d3a0| 840f        ANDA  #$0f                cc=c4 a=00 b=00 dp=00 x=786f y=d87c u=d40a s=1ff2  dt=16
d3a2| a6c6        LDA   A,U                 cc=c4 a=00 b=00 dp=00 x=786f y=d87c u=d40a s=1ff2  dt=40
d3a4| 17000d      LBSR  $d3b4               cc=c4 a=00 b=00 dp=00 x=786f y=d87c u=d40a s=1ff0  dt=72
d3b4| 972a        STA   <$2a                cc=c4 a=00 b=00 dp=00 x=786f y=d87c u=d40a s=1ff0  dt=32
d3b6| 5f          CLRB                      cc=c4 a=00 b=00 dp=00 x=786f y=d87c u=d40a s=1ff0  dt=16
d3b7| 85f0        BITA  #$f0                cc=c4 a=00 b=00 dp=00 x=786f y=d87c u=d40a s=1ff0  dt=16
d3b9| 2602        BNE   $d3bd               cc=c4 a=00 b=00 dp=00 x=786f y=d87c u=d40a s=1ff0  dt=24
d3bb| caf0        ORB   #$f0                cc=c8 a=00 b=f0 dp=00 x=786f y=d87c u=d40a s=1ff0  dt=16
d3bd| 850f        BITA  #$0f                cc=c4 a=00 b=f0 dp=00 x=786f y=d87c u=d40a s=1ff0  dt=16
d3bf| 2602        BNE   $d3c3               cc=c4 a=00 b=f0 dp=00 x=786f y=d87c u=d40a s=1ff0  dt=24
d3c1| ca0f        ORB   #$0f                cc=c8 a=00 b=ff dp=00 x=786f y=d87c u=d40a s=1ff0  dt=16
d3c3| e484        ANDB  ,X                  cc=c4 a=00 b=00 dp=00 x=786f y=d87c u=d40a s=1ff0  dt=32
d3c5| da2a        ORB   <$2a                cc=c4 a=00 b=00 dp=00 x=786f y=d87c u=d40a s=1ff0  dt=32
d3c7| e780        STB   ,X+                 cc=c4 a=00 b=00 dp=00 x=7870 y=d87c u=d40a s=1ff0  dt=48
d3c9| 39          RTS                       cc=c4 a=00 b=00 dp=00 x=7870 y=d87c u=d40a s=1ff2  dt=40
d3a7| 0a1c        DEC   <$1c                cc=c0 a=00 b=00 dp=00 x=7870 y=d87c u=d40a s=1ff2  dt=48
d3a9| 26e6        BNE   $d391               cc=c0 a=00 b=00 dp=00 x=7870 y=d87c u=d40a s=1ff2  dt=24
d391| a6a0        LDA   ,Y+                 cc=c4 a=00 b=00 dp=00 x=7870 y=d87d u=d40a s=1ff2  dt=48
d393| 9744        STA   <$44                cc=c4 a=00 b=00 dp=00 x=7870 y=d87d u=d40a s=1ff2  dt=32
d395| 44          LSRA                      cc=c4 a=00 b=00 dp=00 x=7870 y=d87d u=d40a s=1ff2  dt=16
d396| 44          LSRA                      cc=c4 a=00 b=00 dp=00 x=7870 y=d87d u=d40a s=1ff2  dt=16
d397| 44          LSRA                      cc=c4 a=00 b=00 dp=00 x=7870 y=d87d u=d40a s=1ff2  dt=16
d398| 44          LSRA                      cc=c4 a=00 b=00 dp=00 x=7870 y=d87d u=d40a s=1ff2  dt=16
d399| a6c6        LDA   A,U                 cc=c4 a=00 b=00 dp=00 x=7870 y=d87d u=d40a s=1ff2  dt=40
d39b| 170016      LBSR  $d3b4               cc=c4 a=00 b=00 dp=00 x=7870 y=d87d u=d40a s=1ff0  dt=72
d3b4| 972a        STA   <$2a                cc=c4 a=00 b=00 dp=00 x=7870 y=d87d u=d40a s=1ff0  dt=32
d3b6| 5f          CLRB                      cc=c4 a=00 b=00 dp=00 x=7870 y=d87d u=d40a s=1ff0  dt=16
d3b7| 85f0        BITA  #$f0                cc=c4 a=00 b=00 dp=00 x=7870 y=d87d u=d40a s=1ff0  dt=16
d3b9| 2602        BNE   $d3bd               cc=c4 a=00 b=00 dp=00 x=7870 y=d87d u=d40a s=1ff0  dt=24
d3bb| caf0        ORB   #$f0                cc=c8 a=00 b=f0 dp=00 x=7870 y=d87d u=d40a s=1ff0  dt=16
d3bd| 850f        BITA  #$0f                cc=c4 a=00 b=f0 dp=00 x=7870 y=d87d u=d40a s=1ff0  dt=16
d3bf| 2602        BNE   $d3c3               cc=c4 a=00 b=f0 dp=00 x=7870 y=d87d u=d40a s=1ff0  dt=24
d3c1| ca0f        ORB   #$0f                cc=c8 a=00 b=ff dp=00 x=7870 y=d87d u=d40a s=1ff0  dt=16
d3c3| e484        ANDB  ,X                  cc=c4 a=00 b=00 dp=00 x=7870 y=d87d u=d40a s=1ff0  dt=32
d3c5| da2a        ORB   <$2a                cc=c4 a=00 b=00 dp=00 x=7870 y=d87d u=d40a s=1ff0  dt=32
d3c7| e780        STB   ,X+                 cc=c4 a=00 b=00 dp=00 x=7871 y=d87d u=d40a s=1ff0  dt=48
d3c9| 39          RTS                       cc=c4 a=00 b=00 dp=00 x=7871 y=d87d u=d40a s=1ff2  dt=40
d39e| 9644        LDA   <$44                cc=c4 a=00 b=00 dp=00 x=7871 y=d87d u=d40a s=1ff2  dt=32
d3a0| 840f        ANDA  #$0f                cc=c4 a=00 b=00 dp=00 x=7871 y=d87d u=d40a s=1ff2  dt=16
d3a2| a6c6        LDA   A,U                 cc=c4 a=00 b=00 dp=00 x=7871 y=d87d u=d40a s=1ff2  dt=40
d3a4| 17000d      LBSR  $d3b4               cc=c4 a=00 b=00 dp=00 x=7871 y=d87d u=d40a s=1ff0  dt=72
d3b4| 972a        STA   <$2a                cc=c4 a=00 b=00 dp=00 x=7871 y=d87d u=d40a s=1ff0  dt=32
d3b6| 5f          CLRB                      cc=c4 a=00 b=00 dp=00 x=7871 y=d87d u=d40a s=1ff0  dt=16
d3b7| 85f0        BITA  #$f0                cc=c4 a=00 b=00 dp=00 x=7871 y=d87d u=d40a s=1ff0  dt=16
d3b9| 2602        BNE   $d3bd               cc=c4 a=00 b=00 dp=00 x=7871 y=d87d u=d40a s=1ff0  dt=24
d3bb| caf0        ORB   #$f0                cc=c8 a=00 b=f0 dp=00 x=7871 y=d87d u=d40a s=1ff0  dt=16
d3bd| 850f        BITA  #$0f                cc=c4 a=00 b=f0 dp=00 x=7871 y=d87d u=d40a s=1ff0  dt=16
d3bf| 2602        BNE   $d3c3               cc=c4 a=00 b=f0 dp=00 x=7871 y=d87d u=d40a s=1ff0  dt=24
d3c1| ca0f        ORB   #$0f                cc=c8 a=00 b=ff dp=00 x=7871 y=d87d u=d40a s=1ff0  dt=16
d3c3| e484        ANDB  ,X                  cc=c4 a=00 b=00 dp=00 x=7871 y=d87d u=d40a s=1ff0  dt=32
d3c5| da2a        ORB   <$2a                cc=c4 a=00 b=00 dp=00 x=7871 y=d87d u=d40a s=1ff0  dt=32
d3c7| e780        STB   ,X+                 cc=c4 a=00 b=00 dp=00 x=7872 y=d87d u=d40a s=1ff0  dt=48
d3c9| 39          RTS                       cc=c4 a=00 b=00 dp=00 x=7872 y=d87d u=d40a s=1ff2  dt=40
d3a7| 0a1c        DEC   <$1c                cc=c0 a=00 b=00 dp=00 x=7872 y=d87d u=d40a s=1ff2  dt=48
d3a9| 26e6        BNE   $d391               cc=c0 a=00 b=00 dp=00 x=7872 y=d87d u=d40a s=1ff2  dt=24
d391| a6a0        LDA   ,Y+                 cc=c4 a=00 b=00 dp=00 x=7872 y=d87e u=d40a s=1ff2  dt=48
d393| 9744        STA   <$44                cc=c4 a=00 b=00 dp=00 x=7872 y=d87e u=d40a s=1ff2  dt=32
d395| 44          LSRA                      cc=c4 a=00 b=00 dp=00 x=7872 y=d87e u=d40a s=1ff2  dt=16
d396| 44          LSRA                      cc=c4 a=00 b=00 dp=00 x=7872 y=d87e u=d40a s=1ff2  dt=16
d397| 44          LSRA                      cc=c4 a=00 b=00 dp=00 x=7872 y=d87e u=d40a s=1ff2  dt=16
d398| 44          LSRA                      cc=c4 a=00 b=00 dp=00 x=7872 y=d87e u=d40a s=1ff2  dt=16
d399| a6c6        LDA   A,U                 cc=c4 a=00 b=00 dp=00 x=7872 y=d87e u=d40a s=1ff2  dt=40
d39b| 170016      LBSR  $d3b4               cc=c4 a=00 b=00 dp=00 x=7872 y=d87e u=d40a s=1ff0  dt=72
d3b4| 972a        STA   <$2a                cc=c4 a=00 b=00 dp=00 x=7872 y=d87e u=d40a s=1ff0  dt=32
d3b6| 5f          CLRB                      cc=c4 a=00 b=00 dp=00 x=7872 y=d87e u=d40a s=1ff0  dt=16
d3b7| 85f0        BITA  #$f0                cc=c4 a=00 b=00 dp=00 x=7872 y=d87e u=d40a s=1ff0  dt=16
d3b9| 2602        BNE   $d3bd               cc=c4 a=00 b=00 dp=00 x=7872 y=d87e u=d40a s=1ff0  dt=24
d3bb| caf0        ORB   #$f0                cc=c8 a=00 b=f0 dp=00 x=7872 y=d87e u=d40a s=1ff0  dt=16
d3bd| 850f        BITA  #$0f                cc=c4 a=00 b=f0 dp=00 x=7872 y=d87e u=d40a s=1ff0  dt=16
d3bf| 2602        BNE   $d3c3               cc=c4 a=00 b=f0 dp=00 x=7872 y=d87e u=d40a s=1ff0  dt=24
d3c1| ca0f        ORB   #$0f                cc=c8 a=00 b=ff dp=00 x=7872 y=d87e u=d40a s=1ff0  dt=16
d3c3| e484        ANDB  ,X                  cc=c4 a=00 b=00 dp=00 x=7872 y=d87e u=d40a s=1ff0  dt=32
d3c5| da2a        ORB   <$2a                cc=c4 a=00 b=00 dp=00 x=7872 y=d87e u=d40a s=1ff0  dt=32
d3c7| e780        STB   ,X+                 cc=c4 a=00 b=00 dp=00 x=7873 y=d87e u=d40a s=1ff0  dt=48
d3c9| 39          RTS                       cc=c4 a=00 b=00 dp=00 x=7873 y=d87e u=d40a s=1ff2  dt=40
d39e| 9644        LDA   <$44                cc=c4 a=00 b=00 dp=00 x=7873 y=d87e u=d40a s=1ff2  dt=32
d3a0| 840f        ANDA  #$0f                cc=c4 a=00 b=00 dp=00 x=7873 y=d87e u=d40a s=1ff2  dt=16
d3a2| a6c6        LDA   A,U                 cc=c4 a=00 b=00 dp=00 x=7873 y=d87e u=d40a s=1ff2  dt=40
d3a4| 17000d      LBSR  $d3b4               cc=c4 a=00 b=00 dp=00 x=7873 y=d87e u=d40a s=1ff0  dt=72
d3b4| 972a        STA   <$2a                cc=c4 a=00 b=00 dp=00 x=7873 y=d87e u=d40a s=1ff0  dt=32
d3b6| 5f          CLRB                      cc=c4 a=00 b=00 dp=00 x=7873 y=d87e u=d40a s=1ff0  dt=16
d3b7| 85f0        BITA  #$f0                cc=c4 a=00 b=00 dp=00 x=7873 y=d87e u=d40a s=1ff0  dt=16
d3b9| 2602        BNE   $d3bd               cc=c4 a=00 b=00 dp=00 x=7873 y=d87e u=d40a s=1ff0  dt=24
d3bb| caf0        ORB   #$f0                cc=c8 a=00 b=f0 dp=00 x=7873 y=d87e u=d40a s=1ff0  dt=16
d3bd| 850f        BITA  #$0f                cc=c4 a=00 b=f0 dp=00 x=7873 y=d87e u=d40a s=1ff0  dt=16
d3bf| 2602        BNE   $d3c3               cc=c4 a=00 b=f0 dp=00 x=7873 y=d87e u=d40a s=1ff0  dt=24
d3c1| ca0f        ORB   #$0f                cc=c8 a=00 b=ff dp=00 x=7873 y=d87e u=d40a s=1ff0  dt=16
d3c3| e484        ANDB  ,X                  cc=c4 a=00 b=00 dp=00 x=7873 y=d87e u=d40a s=1ff0  dt=32
d3c5| da2a        ORB   <$2a                cc=c4 a=00 b=00 dp=00 x=7873 y=d87e u=d40a s=1ff0  dt=32
d3c7| e780        STB   ,X+                 cc=c4 a=00 b=00 dp=00 x=7874 y=d87e u=d40a s=1ff0  dt=48
d3c9| 39          RTS                       cc=c4 a=00 b=00 dp=00 x=7874 y=d87e u=d40a s=1ff2  dt=40
d3a7| 0a1c        DEC   <$1c                cc=c4 a=00 b=00 dp=00 x=7874 y=d87e u=d40a s=1ff2  dt=48
d3a9| 26e6        BNE   $d391               cc=c4 a=00 b=00 dp=00 x=7874 y=d87e u=d40a s=1ff2  dt=24
d3ab| 30890098    LEAX  $0098,X             cc=c0 a=00 b=00 dp=00 x=790c y=d87e u=d40a s=1ff2  dt=64
d3af| 0a1b        DEC   <$1b                cc=c0 a=00 b=00 dp=00 x=790c y=d87e u=d40a s=1ff2  dt=48
d3b1| 26da        BNE   $d38d               cc=c0 a=00 b=00 dp=00 x=790c y=d87e u=d40a s=1ff2  dt=24
d38d| 8604        LDA   #$04                cc=c0 a=04 b=00 dp=00 x=790c y=d87e u=d40a s=1ff2  dt=16
d38f| 971c        STA   <$1c                cc=c0 a=04 b=00 dp=00 x=790c y=d87e u=d40a s=1ff2  dt=32
d391| a6a0        LDA   ,Y+                 cc=c0 a=14 b=00 dp=00 x=790c y=d87f u=d40a s=1ff2  dt=48
d393| 9744        STA   <$44                cc=c0 a=14 b=00 dp=00 x=790c y=d87f u=d40a s=1ff2  dt=32
d395| 44          LSRA                      cc=c0 a=0a b=00 dp=00 x=790c y=d87f u=d40a s=1ff2  dt=16
d396| 44          LSRA                      cc=c0 a=05 b=00 dp=00 x=790c y=d87f u=d40a s=1ff2  dt=16
d397| 44          LSRA                      cc=c1 a=02 b=00 dp=00 x=790c y=d87f u=d40a s=1ff2  dt=16
d398| 44          LSRA                      cc=c0 a=01 b=00 dp=00 x=790c y=d87f u=d40a s=1ff2  dt=16
d399| a6c6        LDA   A,U                 cc=c0 a=06 b=00 dp=00 x=790c y=d87f u=d40a s=1ff2  dt=40
d39b| 170016      LBSR  $d3b4               cc=c0 a=06 b=00 dp=00 x=790c y=d87f u=d40a s=1ff0  dt=72
d3b4| 972a        STA   <$2a                cc=c0 a=06 b=00 dp=00 x=790c y=d87f u=d40a s=1ff0  dt=32
d3b6| 5f          CLRB                      cc=c4 a=06 b=00 dp=00 x=790c y=d87f u=d40a s=1ff0  dt=16
d3b7| 85f0        BITA  #$f0                cc=c4 a=06 b=00 dp=00 x=790c y=d87f u=d40a s=1ff0  dt=16
d3b9| 2602        BNE   $d3bd               cc=c4 a=06 b=00 dp=00 x=790c y=d87f u=d40a s=1ff0  dt=24
d3bb| caf0        ORB   #$f0                cc=c8 a=06 b=f0 dp=00 x=790c y=d87f u=d40a s=1ff0  dt=16
d3bd| 850f        BITA  #$0f                cc=c0 a=06 b=f0 dp=00 x=790c y=d87f u=d40a s=1ff0  dt=16
d3bf| 2602        BNE   $d3c3               cc=c0 a=06 b=f0 dp=00 x=790c y=d87f u=d40a s=1ff0  dt=24
d3c3| e484        ANDB  ,X                  cc=c4 a=06 b=00 dp=00 x=790c y=d87f u=d40a s=1ff0  dt=32
d3c5| da2a        ORB   <$2a                cc=c0 a=06 b=06 dp=00 x=790c y=d87f u=d40a s=1ff0  dt=32
d3c7| e780        STB   ,X+                 cc=c0 a=06 b=06 dp=00 x=790d y=d87f u=d40a s=1ff0  dt=48
d3c9| 39          RTS                       cc=c0 a=06 b=06 dp=00 x=790d y=d87f u=d40a s=1ff2  dt=40
d39e| 9644        LDA   <$44                cc=c0 a=14 b=06 dp=00 x=790d y=d87f u=d40a s=1ff2  dt=32
d3a0| 840f        ANDA  #$0f                cc=c0 a=04 b=06 dp=00 x=790d y=d87f u=d40a s=1ff2  dt=16
d3a2| a6c6        LDA   A,U                 cc=c0 a=60 b=06 dp=00 x=790d y=d87f u=d40a s=1ff2  dt=40
d3a4| 17000d      LBSR  $d3b4               cc=c0 a=60 b=06 dp=00 x=790d y=d87f u=d40a s=1ff0  dt=72
d3b4| 972a        STA   <$2a                cc=c0 a=60 b=06 dp=00 x=790d y=d87f u=d40a s=1ff0  dt=32
d3b6| 5f          CLRB                      cc=c4 a=60 b=00 dp=00 x=790d y=d87f u=d40a s=1ff0  dt=16
d3b7| 85f0        BITA  #$f0                cc=c0 a=60 b=00 dp=00 x=790d y=d87f u=d40a s=1ff0  dt=16
d3b9| 2602        BNE   $d3bd               cc=c0 a=60 b=00 dp=00 x=790d y=d87f u=d40a s=1ff0  dt=24
d3bd| 850f        BITA  #$0f                cc=c4 a=60 b=00 dp=00 x=790d y=d87f u=d40a s=1ff0  dt=16
d3bf| 2602        BNE   $d3c3               cc=c4 a=60 b=00 dp=00 x=790d y=d87f u=d40a s=1ff0  dt=24
d3c1| ca0f        ORB   #$0f                cc=c0 a=60 b=0f dp=00 x=790d y=d87f u=d40a s=1ff0  dt=16
d3c3| e484        ANDB  ,X                  cc=c4 a=60 b=00 dp=00 x=790d y=d87f u=d40a s=1ff0  dt=32
d3c5| da2a        ORB   <$2a                cc=c0 a=60 b=60 dp=00 x=790d y=d87f u=d40a s=1ff0  dt=32
d3c7| e780        STB   ,X+                 cc=c0 a=60 b=60 dp=00 x=790e y=d87f u=d40a s=1ff0  dt=48
d3c9| 39          RTS                       cc=c0 a=60 b=60 dp=00 x=790e y=d87f u=d40a s=1ff2  dt=40
d3a7| 0a1c        DEC   <$1c                cc=c0 a=60 b=60 dp=00 x=790e y=d87f u=d40a s=1ff2  dt=48
d3a9| 26e6        BNE   $d391               cc=c0 a=60 b=60 dp=00 x=790e y=d87f u=d40a s=1ff2  dt=24
d391| a6a0        LDA   ,Y+                 cc=c4 a=00 b=60 dp=00 x=790e y=d880 u=d40a s=1ff2  dt=48
d393| 9744        STA   <$44                cc=c4 a=00 b=60 dp=00 x=790e y=d880 u=d40a s=1ff2  dt=32
d395| 44          LSRA                      cc=c4 a=00 b=60 dp=00 x=790e y=d880 u=d40a s=1ff2  dt=16
d396| 44          LSRA                      cc=c4 a=00 b=60 dp=00 x=790e y=d880 u=d40a s=1ff2  dt=16
d397| 44          LSRA                      cc=c4 a=00 b=60 dp=00 x=790e y=d880 u=d40a s=1ff2  dt=16
d398| 44          LSRA                      cc=c4 a=00 b=60 dp=00 x=790e y=d880 u=d40a s=1ff2  dt=16
d399| a6c6        LDA   A,U                 cc=c4 a=00 b=60 dp=00 x=790e y=d880 u=d40a s=1ff2  dt=40
d39b| 170016      LBSR  $d3b4               cc=c4 a=00 b=60 dp=00 x=790e y=d880 u=d40a s=1ff0  dt=72
d3b4| 972a        STA   <$2a                cc=c4 a=00 b=60 dp=00 x=790e y=d880 u=d40a s=1ff0  dt=32
d3b6| 5f          CLRB                      cc=c4 a=00 b=00 dp=00 x=790e y=d880 u=d40a s=1ff0  dt=16
d3b7| 85f0        BITA  #$f0                cc=c4 a=00 b=00 dp=00 x=790e y=d880 u=d40a s=1ff0  dt=16
d3b9| 2602        BNE   $d3bd               cc=c4 a=00 b=00 dp=00 x=790e y=d880 u=d40a s=1ff0  dt=24
d3bb| caf0        ORB   #$f0                cc=c8 a=00 b=f0 dp=00 x=790e y=d880 u=d40a s=1ff0  dt=16
d3bd| 850f        BITA  #$0f                cc=c4 a=00 b=f0 dp=00 x=790e y=d880 u=d40a s=1ff0  dt=16
d3bf| 2602        BNE   $d3c3               cc=c4 a=00 b=f0 dp=00 x=790e y=d880 u=d40a s=1ff0  dt=24
d3c1| ca0f        ORB   #$0f                cc=c8 a=00 b=ff dp=00 x=790e y=d880 u=d40a s=1ff0  dt=16
d3c3| e484        ANDB  ,X                  cc=c4 a=00 b=00 dp=00 x=790e y=d880 u=d40a s=1ff0  dt=32
d3c5| da2a        ORB   <$2a                cc=c4 a=00 b=00 dp=00 x=790e y=d880 u=d40a s=1ff0  dt=32
d3c7| e780        STB   ,X+                 cc=c4 a=00 b=00 dp=00 x=790f y=d880 u=d40a s=1ff0  dt=48
d3c9| 39          RTS                       cc=c4 a=00 b=00 dp=00 x=790f y=d880 u=d40a s=1ff2  dt=40
d39e| 9644        LDA   <$44                cc=c4 a=00 b=00 dp=00 x=790f y=d880 u=d40a s=1ff2  dt=32
d3a0| 840f        ANDA  #$0f                cc=c4 a=00 b=00 dp=00 x=790f y=d880 u=d40a s=1ff2  dt=16
d3a2| a6c6        LDA   A,U                 cc=c4 a=00 b=00 dp=00 x=790f y=d880 u=d40a s=1ff2  dt=40
d3a4| 17000d      LBSR  $d3b4               cc=c4 a=00 b=00 dp=00 x=790f y=d880 u=d40a s=1ff0  dt=72
d3b4| 972a        STA   <$2a                cc=c4 a=00 b=00 dp=00 x=790f y=d880 u=d40a s=1ff0  dt=32
d3b6| 5f          CLRB                      cc=c4 a=00 b=00 dp=00 x=790f y=d880 u=d40a s=1ff0  dt=16
d3b7| 85f0        BITA  #$f0                cc=c4 a=00 b=00 dp=00 x=790f y=d880 u=d40a s=1ff0  dt=16
d3b9| 2602        BNE   $d3bd               cc=c4 a=00 b=00 dp=00 x=790f y=d880 u=d40a s=1ff0  dt=24
d3bb| caf0        ORB   #$f0                cc=c8 a=00 b=f0 dp=00 x=790f y=d880 u=d40a s=1ff0  dt=16
d3bd| 850f        BITA  #$0f                cc=c4 a=00 b=f0 dp=00 x=790f y=d880 u=d40a s=1ff0  dt=16
d3bf| 2602        BNE   $d3c3               cc=c4 a=00 b=f0 dp=00 x=790f y=d880 u=d40a s=1ff0  dt=24
d3c1| ca0f        ORB   #$0f                cc=c8 a=00 b=ff dp=00 x=790f y=d880 u=d40a s=1ff0  dt=16
d3c3| e484        ANDB  ,X                  cc=c4 a=00 b=00 dp=00 x=790f y=d880 u=d40a s=1ff0  dt=32
d3c5| da2a        ORB   <$2a                cc=c4 a=00 b=00 dp=00 x=790f y=d880 u=d40a s=1ff0  dt=32
d3c7| e780        STB   ,X+                 cc=c4 a=00 b=00 dp=00 x=7910 y=d880 u=d40a s=1ff0  dt=48
d3c9| 39          RTS                       cc=c4 a=00 b=00 dp=00 x=7910 y=d880 u=d40a s=1ff2  dt=40
d3a7| 0a1c        DEC   <$1c                cc=c0 a=00 b=00 dp=00 x=7910 y=d880 u=d40a s=1ff2  dt=48
d3a9| 26e6        BNE   $d391               cc=c0 a=00 b=00 dp=00 x=7910 y=d880 u=d40a s=1ff2  dt=24
d391| a6a0        LDA   ,Y+                 cc=c4 a=00 b=00 dp=00 x=7910 y=d881 u=d40a s=1ff2  dt=48
d393| 9744        STA   <$44                cc=c4 a=00 b=00 dp=00 x=7910 y=d881 u=d40a s=1ff2  dt=32
d395| 44          LSRA                      cc=c4 a=00 b=00 dp=00 x=7910 y=d881 u=d40a s=1ff2  dt=16
d396| 44          LSRA                      cc=c4 a=00 b=00 dp=00 x=7910 y=d881 u=d40a s=1ff2  dt=16
d397| 44          LSRA                      cc=c4 a=00 b=00 dp=00 x=7910 y=d881 u=d40a s=1ff2  dt=16
d398| 44          LSRA                      cc=c4 a=00 b=00 dp=00 x=7910 y=d881 u=d40a s=1ff2  dt=16
d399| a6c6        LDA   A,U                 cc=c4 a=00 b=00 dp=00 x=7910 y=d881 u=d40a s=1ff2  dt=40
d39b| 170016      LBSR  $d3b4               cc=c4 a=00 b=00 dp=00 x=7910 y=d881 u=d40a s=1ff0  dt=72
d3b4| 972a        STA   <$2a                cc=c4 a=00 b=00 dp=00 x=7910 y=d881 u=d40a s=1ff0  dt=32
d3b6| 5f          CLRB                      cc=c4 a=00 b=00 dp=00 x=7910 y=d881 u=d40a s=1ff0  dt=16
d3b7| 85f0        BITA  #$f0                cc=c4 a=00 b=00 dp=00 x=7910 y=d881 u=d40a s=1ff0  dt=16
d3b9| 2602        BNE   $d3bd               cc=c4 a=00 b=00 dp=00 x=7910 y=d881 u=d40a s=1ff0  dt=24
d3bb| caf0        ORB   #$f0                cc=c8 a=00 b=f0 dp=00 x=7910 y=d881 u=d40a s=1ff0  dt=16
d3bd| 850f        BITA  #$0f                cc=c4 a=00 b=f0 dp=00 x=7910 y=d881 u=d40a s=1ff0  dt=16
d3bf| 2602        BNE   $d3c3               cc=c4 a=00 b=f0 dp=00 x=7910 y=d881 u=d40a s=1ff0  dt=24
d3c1| ca0f        ORB   #$0f                cc=c8 a=00 b=ff dp=00 x=7910 y=d881 u=d40a s=1ff0  dt=16
d3c3| e484        ANDB  ,X                  cc=c4 a=00 b=00 dp=00 x=7910 y=d881 u=d40a s=1ff0  dt=32
d3c5| da2a        ORB   <$2a                cc=c4 a=00 b=00 dp=00 x=7910 y=d881 u=d40a s=1ff0  dt=32
d3c7| e780        STB   ,X+                 cc=c4 a=00 b=00 dp=00 x=7911 y=d881 u=d40a s=1ff0  dt=48
d3c9| 39          RTS                       cc=c4 a=00 b=00 dp=00 x=7911 y=d881 u=d40a s=1ff2  dt=40
d39e| 9644        LDA   <$44                cc=c4 a=00 b=00 dp=00 x=7911 y=d881 u=d40a s=1ff2  dt=32
d3a0| 840f        ANDA  #$0f                cc=c4 a=00 b=00 dp=00 x=7911 y=d881 u=d40a s=1ff2  dt=16
d3a2| a6c6        LDA   A,U                 cc=c4 a=00 b=00 dp=00 x=7911 y=d881 u=d40a s=1ff2  dt=40
d3a4| 17000d      LBSR  $d3b4               cc=c4 a=00 b=00 dp=00 x=7911 y=d881 u=d40a s=1ff0  dt=72
d3b4| 972a        STA   <$2a                cc=c4 a=00 b=00 dp=00 x=7911 y=d881 u=d40a s=1ff0  dt=32
d3b6| 5f          CLRB                      cc=c4 a=00 b=00 dp=00 x=7911 y=d881 u=d40a s=1ff0  dt=16
d3b7| 85f0        BITA  #$f0                cc=c4 a=00 b=00 dp=00 x=7911 y=d881 u=d40a s=1ff0  dt=16
d3b9| 2602        BNE   $d3bd               cc=c4 a=00 b=00 dp=00 x=7911 y=d881 u=d40a s=1ff0  dt=24
d3bb| caf0        ORB   #$f0                cc=c8 a=00 b=f0 dp=00 x=7911 y=d881 u=d40a s=1ff0  dt=16
d3bd| 850f        BITA  #$0f                cc=c4 a=00 b=f0 dp=00 x=7911 y=d881 u=d40a s=1ff0  dt=16
d3bf| 2602        BNE   $d3c3               cc=c4 a=00 b=f0 dp=00 x=7911 y=d881 u=d40a s=1ff0  dt=24
d3c1| ca0f        ORB   #$0f                cc=c8 a=00 b=ff dp=00 x=7911 y=d881 u=d40a s=1ff0  dt=16
d3c3| e484        ANDB  ,X                  cc=c4 a=00 b=00 dp=00 x=7911 y=d881 u=d40a s=1ff0  dt=32
d3c5| da2a        ORB   <$2a                cc=c4 a=00 b=00 dp=00 x=7911 y=d881 u=d40a s=1ff0  dt=32
d3c7| e780        STB   ,X+                 cc=c4 a=00 b=00 dp=00 x=7912 y=d881 u=d40a s=1ff0  dt=48
d3c9| 39          RTS                       cc=c4 a=00 b=00 dp=00 x=7912 y=d881 u=d40a s=1ff2  dt=40
d3a7| 0a1c        DEC   <$1c                cc=c0 a=00 b=00 dp=00 x=7912 y=d881 u=d40a s=1ff2  dt=48
d3a9| 26e6        BNE   $d391               cc=c0 a=00 b=00 dp=00 x=7912 y=d881 u=d40a s=1ff2  dt=24
d391| a6a0        LDA   ,Y+                 cc=c0 a=14 b=00 dp=00 x=7912 y=d882 u=d40a s=1ff2  dt=48
d393| 9744        STA   <$44                cc=c0 a=14 b=00 dp=00 x=7912 y=d882 u=d40a s=1ff2  dt=32
d395| 44          LSRA                      cc=c0 a=0a b=00 dp=00 x=7912 y=d882 u=d40a s=1ff2  dt=16
d396| 44          LSRA                      cc=c0 a=05 b=00 dp=00 x=7912 y=d882 u=d40a s=1ff2  dt=16
d397| 44          LSRA                      cc=c1 a=02 b=00 dp=00 x=7912 y=d882 u=d40a s=1ff2  dt=16
d398| 44          LSRA                      cc=c0 a=01 b=00 dp=00 x=7912 y=d882 u=d40a s=1ff2  dt=16
d399| a6c6        LDA   A,U                 cc=c0 a=06 b=00 dp=00 x=7912 y=d882 u=d40a s=1ff2  dt=40
d39b| 170016      LBSR  $d3b4               cc=c0 a=06 b=00 dp=00 x=7912 y=d882 u=d40a s=1ff0  dt=72
d3b4| 972a        STA   <$2a                cc=c0 a=06 b=00 dp=00 x=7912 y=d882 u=d40a s=1ff0  dt=32
d3b6| 5f          CLRB                      cc=c4 a=06 b=00 dp=00 x=7912 y=d882 u=d40a s=1ff0  dt=16
d3b7| 85f0        BITA  #$f0                cc=c4 a=06 b=00 dp=00 x=7912 y=d882 u=d40a s=1ff0  dt=16
d3b9| 2602        BNE   $d3bd               cc=c4 a=06 b=00 dp=00 x=7912 y=d882 u=d40a s=1ff0  dt=24
d3bb| caf0        ORB   #$f0                cc=c8 a=06 b=f0 dp=00 x=7912 y=d882 u=d40a s=1ff0  dt=16
d3bd| 850f        BITA  #$0f                cc=c0 a=06 b=f0 dp=00 x=7912 y=d882 u=d40a s=1ff0  dt=16
d3bf| 2602        BNE   $d3c3               cc=c0 a=06 b=f0 dp=00 x=7912 y=d882 u=d40a s=1ff0  dt=24
d3c3| e484        ANDB  ,X                  cc=c4 a=06 b=00 dp=00 x=7912 y=d882 u=d40a s=1ff0  dt=32
d3c5| da2a        ORB   <$2a                cc=c0 a=06 b=06 dp=00 x=7912 y=d882 u=d40a s=1ff0  dt=32
d3c7| e780        STB   ,X+                 cc=c0 a=06 b=06 dp=00 x=7913 y=d882 u=d40a s=1ff0  dt=48
d3c9| 39          RTS                       cc=c0 a=06 b=06 dp=00 x=7913 y=d882 u=d40a s=1ff2  dt=40
d39e| 9644        LDA   <$44                cc=c0 a=14 b=06 dp=00 x=7913 y=d882 u=d40a s=1ff2  dt=32
d3a0| 840f        ANDA  #$0f                cc=c0 a=04 b=06 dp=00 x=7913 y=d882 u=d40a s=1ff2  dt=16
d3a2| a6c6        LDA   A,U                 cc=c0 a=60 b=06 dp=00 x=7913 y=d882 u=d40a s=1ff2  dt=40
d3a4| 17000d      LBSR  $d3b4               cc=c0 a=60 b=06 dp=00 x=7913 y=d882 u=d40a s=1ff0  dt=72
d3b4| 972a        STA   <$2a                cc=c0 a=60 b=06 dp=00 x=7913 y=d882 u=d40a s=1ff0  dt=32
d3b6| 5f          CLRB                      cc=c4 a=60 b=00 dp=00 x=7913 y=d882 u=d40a s=1ff0  dt=16
d3b7| 85f0        BITA  #$f0                cc=c0 a=60 b=00 dp=00 x=7913 y=d882 u=d40a s=1ff0  dt=16
d3b9| 2602        BNE   $d3bd               cc=c0 a=60 b=00 dp=00 x=7913 y=d882 u=d40a s=1ff0  dt=24
d3bd| 850f        BITA  #$0f                cc=c4 a=60 b=00 dp=00 x=7913 y=d882 u=d40a s=1ff0  dt=16
d3bf| 2602        BNE   $d3c3               cc=c4 a=60 b=00 dp=00 x=7913 y=d882 u=d40a s=1ff0  dt=24
d3c1| ca0f        ORB   #$0f                cc=c0 a=60 b=0f dp=00 x=7913 y=d882 u=d40a s=1ff0  dt=16
d3c3| e484        ANDB  ,X                  cc=c4 a=60 b=00 dp=00 x=7913 y=d882 u=d40a s=1ff0  dt=32
d3c5| da2a        ORB   <$2a                cc=c0 a=60 b=60 dp=00 x=7913 y=d882 u=d40a s=1ff0  dt=32
d3c7| e780        STB   ,X+                 cc=c0 a=60 b=60 dp=00 x=7914 y=d882 u=d40a s=1ff0  dt=48
d3c9| 39          RTS                       cc=c0 a=60 b=60 dp=00 x=7914 y=d882 u=d40a s=1ff2  dt=40
d3a7| 0a1c        DEC   <$1c                cc=c4 a=60 b=60 dp=00 x=7914 y=d882 u=d40a s=1ff2  dt=48
d3a9| 26e6        BNE   $d391               cc=c4 a=60 b=60 dp=00 x=7914 y=d882 u=d40a s=1ff2  dt=24
d3ab| 30890098    LEAX  $0098,X             cc=c0 a=60 b=60 dp=00 x=79ac y=d882 u=d40a s=1ff2  dt=64
d3af| 0a1b        DEC   <$1b                cc=c0 a=60 b=60 dp=00 x=79ac y=d882 u=d40a s=1ff2  dt=48
d3b1| 26da        BNE   $d38d               cc=c0 a=60 b=60 dp=00 x=79ac y=d882 u=d40a s=1ff2  dt=24
d38d| 8604        LDA   #$04                cc=c0 a=04 b=60 dp=00 x=79ac y=d882 u=d40a s=1ff2  dt=16
d38f| 971c        STA   <$1c                cc=c0 a=04 b=60 dp=00 x=79ac y=d882 u=d40a s=1ff2  dt=32
d391| a6a0        LDA   ,Y+                 cc=c0 a=55 b=60 dp=00 x=79ac y=d883 u=d40a s=1ff2  dt=48
d393| 9744        STA   <$44                cc=c0 a=55 b=60 dp=00 x=79ac y=d883 u=d40a s=1ff2  dt=32
d395| 44          LSRA                      cc=c1 a=2a b=60 dp=00 x=79ac y=d883 u=d40a s=1ff2  dt=16
d396| 44          LSRA                      cc=c0 a=15 b=60 dp=00 x=79ac y=d883 u=d40a s=1ff2  dt=16
d397| 44          LSRA                      cc=c1 a=0a b=60 dp=00 x=79ac y=d883 u=d40a s=1ff2  dt=16
d398| 44          LSRA                      cc=c0 a=05 b=60 dp=00 x=79ac y=d883 u=d40a s=1ff2  dt=16
d399| a6c6        LDA   A,U                 cc=c0 a=66 b=60 dp=00 x=79ac y=d883 u=d40a s=1ff2  dt=40
d39b| 170016      LBSR  $d3b4               cc=c0 a=66 b=60 dp=00 x=79ac y=d883 u=d40a s=1ff0  dt=72
d3b4| 972a        STA   <$2a                cc=c0 a=66 b=60 dp=00 x=79ac y=d883 u=d40a s=1ff0  dt=32
d3b6| 5f          CLRB                      cc=c4 a=66 b=00 dp=00 x=79ac y=d883 u=d40a s=1ff0  dt=16
d3b7| 85f0        BITA  #$f0                cc=c0 a=66 b=00 dp=00 x=79ac y=d883 u=d40a s=1ff0  dt=16
d3b9| 2602        BNE   $d3bd               cc=c0 a=66 b=00 dp=00 x=79ac y=d883 u=d40a s=1ff0  dt=24
d3bd| 850f        BITA  #$0f                cc=c0 a=66 b=00 dp=00 x=79ac y=d883 u=d40a s=1ff0  dt=16
d3bf| 2602        BNE   $d3c3               cc=c0 a=66 b=00 dp=00 x=79ac y=d883 u=d40a s=1ff0  dt=24
d3c3| e484        ANDB  ,X                  cc=c4 a=66 b=00 dp=00 x=79ac y=d883 u=d40a s=1ff0  dt=32
d3c5| da2a        ORB   <$2a                cc=c0 a=66 b=66 dp=00 x=79ac y=d883 u=d40a s=1ff0  dt=32
d3c7| e780        STB   ,X+                 cc=c0 a=66 b=66 dp=00 x=79ad y=d883 u=d40a s=1ff0  dt=48
d3c9| 39          RTS                       cc=c0 a=66 b=66 dp=00 x=79ad y=d883 u=d40a s=1ff2  dt=40
d39e| 9644        LDA   <$44                cc=c0 a=55 b=66 dp=00 x=79ad y=d883 u=d40a s=1ff2  dt=32
d3a0| 840f        ANDA  #$0f                cc=c0 a=05 b=66 dp=00 x=79ad y=d883 u=d40a s=1ff2  dt=16
d3a2| a6c6        LDA   A,U                 cc=c0 a=66 b=66 dp=00 x=79ad y=d883 u=d40a s=1ff2  dt=40
d3a4| 17000d      LBSR  $d3b4               cc=c0 a=66 b=66 dp=00 x=79ad y=d883 u=d40a s=1ff0  dt=72
d3b4| 972a        STA   <$2a                cc=c0 a=66 b=66 dp=00 x=79ad y=d883 u=d40a s=1ff0  dt=32
d3b6| 5f          CLRB                      cc=c4 a=66 b=00 dp=00 x=79ad y=d883 u=d40a s=1ff0  dt=16
d3b7| 85f0        BITA  #$f0                cc=c0 a=66 b=00 dp=00 x=79ad y=d883 u=d40a s=1ff0  dt=16
d3b9| 2602        BNE   $d3bd               cc=c0 a=66 b=00 dp=00 x=79ad y=d883 u=d40a s=1ff0  dt=24
d3bd| 850f        BITA  #$0f                cc=c0 a=66 b=00 dp=00 x=79ad y=d883 u=d40a s=1ff0  dt=16
d3bf| 2602        BNE   $d3c3               cc=c0 a=66 b=00 dp=00 x=79ad y=d883 u=d40a s=1ff0  dt=24
d3c3| e484        ANDB  ,X                  cc=c4 a=66 b=00 dp=00 x=79ad y=d883 u=d40a s=1ff0  dt=32
d3c5| da2a        ORB   <$2a                cc=c0 a=66 b=66 dp=00 x=79ad y=d883 u=d40a s=1ff0  dt=32
d3c7| e780        STB   ,X+                 cc=c0 a=66 b=66 dp=00 x=79ae y=d883 u=d40a s=1ff0  dt=48
d3c9| 39          RTS                       cc=c0 a=66 b=66 dp=00 x=79ae y=d883 u=d40a s=1ff2  dt=40
d3a7| 0a1c        DEC   <$1c                cc=c0 a=66 b=66 dp=00 x=79ae y=d883 u=d40a s=1ff2  dt=48
d3a9| 26e6        BNE   $d391               cc=c0 a=66 b=66 dp=00 x=79ae y=d883 u=d40a s=1ff2  dt=24
d391| a6a0        LDA   ,Y+                 cc=c4 a=00 b=66 dp=00 x=79ae y=d884 u=d40a s=1ff2  dt=48
d393| 9744        STA   <$44                cc=c4 a=00 b=66 dp=00 x=79ae y=d884 u=d40a s=1ff2  dt=32
d395| 44          LSRA                      cc=c4 a=00 b=66 dp=00 x=79ae y=d884 u=d40a s=1ff2  dt=16
d396| 44          LSRA                      cc=c4 a=00 b=66 dp=00 x=79ae y=d884 u=d40a s=1ff2  dt=16
d397| 44          LSRA                      cc=c4 a=00 b=66 dp=00 x=79ae y=d884 u=d40a s=1ff2  dt=16
d398| 44          LSRA                      cc=c4 a=00 b=66 dp=00 x=79ae y=d884 u=d40a s=1ff2  dt=16
d399| a6c6        LDA   A,U                 cc=c4 a=00 b=66 dp=00 x=79ae y=d884 u=d40a s=1ff2  dt=40
d39b| 170016      LBSR  $d3b4               cc=c4 a=00 b=66 dp=00 x=79ae y=d884 u=d40a s=1ff0  dt=72
d3b4| 972a        STA   <$2a                cc=c4 a=00 b=66 dp=00 x=79ae y=d884 u=d40a s=1ff0  dt=32
d3b6| 5f          CLRB                      cc=c4 a=00 b=00 dp=00 x=79ae y=d884 u=d40a s=1ff0  dt=16
d3b7| 85f0        BITA  #$f0                cc=c4 a=00 b=00 dp=00 x=79ae y=d884 u=d40a s=1ff0  dt=16
d3b9| 2602        BNE   $d3bd               cc=c4 a=00 b=00 dp=00 x=79ae y=d884 u=d40a s=1ff0  dt=24
d3bb| caf0        ORB   #$f0                cc=c8 a=00 b=f0 dp=00 x=79ae y=d884 u=d40a s=1ff0  dt=16
d3bd| 850f        BITA  #$0f                cc=c4 a=00 b=f0 dp=00 x=79ae y=d884 u=d40a s=1ff0  dt=16
d3bf| 2602        BNE   $d3c3               cc=c4 a=00 b=f0 dp=00 x=79ae y=d884 u=d40a s=1ff0  dt=24
d3c1| ca0f        ORB   #$0f                cc=c8 a=00 b=ff dp=00 x=79ae y=d884 u=d40a s=1ff0  dt=16
d3c3| e484        ANDB  ,X                  cc=c4 a=00 b=00 dp=00 x=79ae y=d884 u=d40a s=1ff0  dt=32
d3c5| da2a        ORB   <$2a                cc=c4 a=00 b=00 dp=00 x=79ae y=d884 u=d40a s=1ff0  dt=32
d3c7| e780        STB   ,X+                 cc=c4 a=00 b=00 dp=00 x=79af y=d884 u=d40a s=1ff0  dt=48
d3c9| 39          RTS                       cc=c4 a=00 b=00 dp=00 x=79af y=d884 u=d40a s=1ff2  dt=40
d39e| 9644        LDA   <$44                cc=c4 a=00 b=00 dp=00 x=79af y=d884 u=d40a s=1ff2  dt=32
d3a0| 840f        ANDA  #$0f                cc=c4 a=00 b=00 dp=00 x=79af y=d884 u=d40a s=1ff2  dt=16
d3a2| a6c6        LDA   A,U                 cc=c4 a=00 b=00 dp=00 x=79af y=d884 u=d40a s=1ff2  dt=40
d3a4| 17000d      LBSR  $d3b4               cc=c4 a=00 b=00 dp=00 x=79af y=d884 u=d40a s=1ff0  dt=72
d3b4| 972a        STA   <$2a                cc=c4 a=00 b=00 dp=00 x=79af y=d884 u=d40a s=1ff0  dt=32
d3b6| 5f          CLRB                      cc=c4 a=00 b=00 dp=00 x=79af y=d884 u=d40a s=1ff0  dt=16
d3b7| 85f0        BITA  #$f0                cc=c4 a=00 b=00 dp=00 x=79af y=d884 u=d40a s=1ff0  dt=16
d3b9| 2602        BNE   $d3bd               cc=c4 a=00 b=00 dp=00 x=79af y=d884 u=d40a s=1ff0  dt=24
d3bb| caf0        ORB   #$f0                cc=c8 a=00 b=f0 dp=00 x=79af y=d884 u=d40a s=1ff0  dt=16
d3bd| 850f        BITA  #$0f                cc=c4 a=00 b=f0 dp=00 x=79af y=d884 u=d40a s=1ff0  dt=16
d3bf| 2602        BNE   $d3c3               cc=c4 a=00 b=f0 dp=00 x=79af y=d884 u=d40a s=1ff0  dt=24
d3c1| ca0f        ORB   #$0f                cc=c8 a=00 b=ff dp=00 x=79af y=d884 u=d40a s=1ff0  dt=16
d3c3| e484        ANDB  ,X                  cc=c4 a=00 b=00 dp=00 x=79af y=d884 u=d40a s=1ff0  dt=32
d3c5| da2a        ORB   <$2a                cc=c4 a=00 b=00 dp=00 x=79af y=d884 u=d40a s=1ff0  dt=32
d3c7| e780        STB   ,X+                 cc=c4 a=00 b=00 dp=00 x=79b0 y=d884 u=d40a s=1ff0  dt=48
d3c9| 39          RTS                       cc=c4 a=00 b=00 dp=00 x=79b0 y=d884 u=d40a s=1ff2  dt=40
d3a7| 0a1c        DEC   <$1c                cc=c0 a=00 b=00 dp=00 x=79b0 y=d884 u=d40a s=1ff2  dt=48
d3a9| 26e6        BNE   $d391               cc=c0 a=00 b=00 dp=00 x=79b0 y=d884 u=d40a s=1ff2  dt=24
d391| a6a0        LDA   ,Y+                 cc=c4 a=00 b=00 dp=00 x=79b0 y=d885 u=d40a s=1ff2  dt=48
d393| 9744        STA   <$44                cc=c4 a=00 b=00 dp=00 x=79b0 y=d885 u=d40a s=1ff2  dt=32
d395| 44          LSRA                      cc=c4 a=00 b=00 dp=00 x=79b0 y=d885 u=d40a s=1ff2  dt=16
d396| 44          LSRA                      cc=c4 a=00 b=00 dp=00 x=79b0 y=d885 u=d40a s=1ff2  dt=16
d397| 44          LSRA                      cc=c4 a=00 b=00 dp=00 x=79b0 y=d885 u=d40a s=1ff2  dt=16
d398| 44          LSRA                      cc=c4 a=00 b=00 dp=00 x=79b0 y=d885 u=d40a s=1ff2  dt=16
d399| a6c6        LDA   A,U                 cc=c4 a=00 b=00 dp=00 x=79b0 y=d885 u=d40a s=1ff2  dt=40
d39b| 170016      LBSR  $d3b4               cc=c4 a=00 b=00 dp=00 x=79b0 y=d885 u=d40a s=1ff0  dt=72
d3b4| 972a        STA   <$2a                cc=c4 a=00 b=00 dp=00 x=79b0 y=d885 u=d40a s=1ff0  dt=32
d3b6| 5f          CLRB                      cc=c4 a=00 b=00 dp=00 x=79b0 y=d885 u=d40a s=1ff0  dt=16
d3b7| 85f0        BITA  #$f0                cc=c4 a=00 b=00 dp=00 x=79b0 y=d885 u=d40a s=1ff0  dt=16
d3b9| 2602        BNE   $d3bd               cc=c4 a=00 b=00 dp=00 x=79b0 y=d885 u=d40a s=1ff0  dt=24
d3bb| caf0        ORB   #$f0                cc=c8 a=00 b=f0 dp=00 x=79b0 y=d885 u=d40a s=1ff0  dt=16
d3bd| 850f        BITA  #$0f                cc=c4 a=00 b=f0 dp=00 x=79b0 y=d885 u=d40a s=1ff0  dt=16
d3bf| 2602        BNE   $d3c3               cc=c4 a=00 b=f0 dp=00 x=79b0 y=d885 u=d40a s=1ff0  dt=24
d3c1| ca0f        ORB   #$0f                cc=c8 a=00 b=ff dp=00 x=79b0 y=d885 u=d40a s=1ff0  dt=16
d3c3| e484        ANDB  ,X                  cc=c4 a=00 b=00 dp=00 x=79b0 y=d885 u=d40a s=1ff0  dt=32
d3c5| da2a        ORB   <$2a                cc=c4 a=00 b=00 dp=00 x=79b0 y=d885 u=d40a s=1ff0  dt=32
d3c7| e780        STB   ,X+                 cc=c4 a=00 b=00 dp=00 x=79b1 y=d885 u=d40a s=1ff0  dt=48
d3c9| 39          RTS                       cc=c4 a=00 b=00 dp=00 x=79b1 y=d885 u=d40a s=1ff2  dt=40
d39e| 9644        LDA   <$44                cc=c4 a=00 b=00 dp=00 x=79b1 y=d885 u=d40a s=1ff2  dt=32
d3a0| 840f        ANDA  #$0f                cc=c4 a=00 b=00 dp=00 x=79b1 y=d885 u=d40a s=1ff2  dt=16
d3a2| a6c6        LDA   A,U                 cc=c4 a=00 b=00 dp=00 x=79b1 y=d885 u=d40a s=1ff2  dt=40
d3a4| 17000d      LBSR  $d3b4               cc=c4 a=00 b=00 dp=00 x=79b1 y=d885 u=d40a s=1ff0  dt=72
d3b4| 972a        STA   <$2a                cc=c4 a=00 b=00 dp=00 x=79b1 y=d885 u=d40a s=1ff0  dt=32
d3b6| 5f          CLRB                      cc=c4 a=00 b=00 dp=00 x=79b1 y=d885 u=d40a s=1ff0  dt=16
d3b7| 85f0        BITA  #$f0                cc=c4 a=00 b=00 dp=00 x=79b1 y=d885 u=d40a s=1ff0  dt=16
d3b9| 2602        BNE   $d3bd               cc=c4 a=00 b=00 dp=00 x=79b1 y=d885 u=d40a s=1ff0  dt=24
d3bb| caf0        ORB   #$f0                cc=c8 a=00 b=f0 dp=00 x=79b1 y=d885 u=d40a s=1ff0  dt=16
d3bd| 850f        BITA  #$0f                cc=c4 a=00 b=f0 dp=00 x=79b1 y=d885 u=d40a s=1ff0  dt=16
d3bf| 2602        BNE   $d3c3               cc=c4 a=00 b=f0 dp=00 x=79b1 y=d885 u=d40a s=1ff0  dt=24
d3c1| ca0f        ORB   #$0f                cc=c8 a=00 b=ff dp=00 x=79b1 y=d885 u=d40a s=1ff0  dt=16
d3c3| e484        ANDB  ,X                  cc=c4 a=00 b=00 dp=00 x=79b1 y=d885 u=d40a s=1ff0  dt=32
d3c5| da2a        ORB   <$2a                cc=c4 a=00 b=00 dp=00 x=79b1 y=d885 u=d40a s=1ff0  dt=32
d3c7| e780        STB   ,X+                 cc=c4 a=00 b=00 dp=00 x=79b2 y=d885 u=d40a s=1ff0  dt=48
d3c9| 39          RTS                       cc=c4 a=00 b=00 dp=00 x=79b2 y=d885 u=d40a s=1ff2  dt=40
d3a7| 0a1c        DEC   <$1c                cc=c0 a=00 b=00 dp=00 x=79b2 y=d885 u=d40a s=1ff2  dt=48
d3a9| 26e6        BNE   $d391               cc=c0 a=00 b=00 dp=00 x=79b2 y=d885 u=d40a s=1ff2  dt=24
d391| a6a0        LDA   ,Y+                 cc=c0 a=55 b=00 dp=00 x=79b2 y=d886 u=d40a s=1ff2  dt=48
d393| 9744        STA   <$44                cc=c0 a=55 b=00 dp=00 x=79b2 y=d886 u=d40a s=1ff2  dt=32
d395| 44          LSRA                      cc=c1 a=2a b=00 dp=00 x=79b2 y=d886 u=d40a s=1ff2  dt=16
d396| 44          LSRA                      cc=c0 a=15 b=00 dp=00 x=79b2 y=d886 u=d40a s=1ff2  dt=16
d397| 44          LSRA                      cc=c1 a=0a b=00 dp=00 x=79b2 y=d886 u=d40a s=1ff2  dt=16
d398| 44          LSRA                      cc=c0 a=05 b=00 dp=00 x=79b2 y=d886 u=d40a s=1ff2  dt=16
d399| a6c6        LDA   A,U                 cc=c0 a=66 b=00 dp=00 x=79b2 y=d886 u=d40a s=1ff2  dt=40
d39b| 170016      LBSR  $d3b4               cc=c0 a=66 b=00 dp=00 x=79b2 y=d886 u=d40a s=1ff0  dt=72
d3b4| 972a        STA   <$2a                cc=c0 a=66 b=00 dp=00 x=79b2 y=d886 u=d40a s=1ff0  dt=32
d3b6| 5f          CLRB                      cc=c4 a=66 b=00 dp=00 x=79b2 y=d886 u=d40a s=1ff0  dt=16
d3b7| 85f0        BITA  #$f0                cc=c0 a=66 b=00 dp=00 x=79b2 y=d886 u=d40a s=1ff0  dt=16
d3b9| 2602        BNE   $d3bd               cc=c0 a=66 b=00 dp=00 x=79b2 y=d886 u=d40a s=1ff0  dt=24
d3bd| 850f        BITA  #$0f                cc=c0 a=66 b=00 dp=00 x=79b2 y=d886 u=d40a s=1ff0  dt=16
d3bf| 2602        BNE   $d3c3               cc=c0 a=66 b=00 dp=00 x=79b2 y=d886 u=d40a s=1ff0  dt=24
d3c3| e484        ANDB  ,X                  cc=c4 a=66 b=00 dp=00 x=79b2 y=d886 u=d40a s=1ff0  dt=32
d3c5| da2a        ORB   <$2a                cc=c0 a=66 b=66 dp=00 x=79b2 y=d886 u=d40a s=1ff0  dt=32
d3c7| e780        STB   ,X+                 cc=c0 a=66 b=66 dp=00 x=79b3 y=d886 u=d40a s=1ff0  dt=48
d3c9| 39          RTS                       cc=c0 a=66 b=66 dp=00 x=79b3 y=d886 u=d40a s=1ff2  dt=40
d39e| 9644        LDA   <$44                cc=c0 a=55 b=66 dp=00 x=79b3 y=d886 u=d40a s=1ff2  dt=32
d3a0| 840f        ANDA  #$0f                cc=c0 a=05 b=66 dp=00 x=79b3 y=d886 u=d40a s=1ff2  dt=16
d3a2| a6c6        LDA   A,U                 cc=c0 a=66 b=66 dp=00 x=79b3 y=d886 u=d40a s=1ff2  dt=40
d3a4| 17000d      LBSR  $d3b4               cc=c0 a=66 b=66 dp=00 x=79b3 y=d886 u=d40a s=1ff0  dt=72
d3b4| 972a        STA   <$2a                cc=c0 a=66 b=66 dp=00 x=79b3 y=d886 u=d40a s=1ff0  dt=32
d3b6| 5f          CLRB                      cc=c4 a=66 b=00 dp=00 x=79b3 y=d886 u=d40a s=1ff0  dt=16
d3b7| 85f0        BITA  #$f0                cc=c0 a=66 b=00 dp=00 x=79b3 y=d886 u=d40a s=1ff0  dt=16
d3b9| 2602        BNE   $d3bd               cc=c0 a=66 b=00 dp=00 x=79b3 y=d886 u=d40a s=1ff0  dt=24
d3bd| 850f        BITA  #$0f                cc=c0 a=66 b=00 dp=00 x=79b3 y=d886 u=d40a s=1ff0  dt=16
d3bf| 2602        BNE   $d3c3               cc=c0 a=66 b=00 dp=00 x=79b3 y=d886 u=d40a s=1ff0  dt=24
d3c3| e484        ANDB  ,X                  cc=c4 a=66 b=00 dp=00 x=79b3 y=d886 u=d40a s=1ff0  dt=32
d3c5| da2a        ORB   <$2a                cc=c0 a=66 b=66 dp=00 x=79b3 y=d886 u=d40a s=1ff0  dt=32
d3c7| e780        STB   ,X+                 cc=c0 a=66 b=66 dp=00 x=79b4 y=d886 u=d40a s=1ff0  dt=48
d3c9| 39          RTS                       cc=c0 a=66 b=66 dp=00 x=79b4 y=d886 u=d40a s=1ff2  dt=40
d3a7| 0a1c        DEC   <$1c                cc=c4 a=66 b=66 dp=00 x=79b4 y=d886 u=d40a s=1ff2  dt=48
d3a9| 26e6        BNE   $d391               cc=c4 a=66 b=66 dp=00 x=79b4 y=d886 u=d40a s=1ff2  dt=24
d3ab| 30890098    LEAX  $0098,X             cc=c0 a=66 b=66 dp=00 x=7a4c y=d886 u=d40a s=1ff2  dt=64
d3af| 0a1b        DEC   <$1b                cc=c0 a=66 b=66 dp=00 x=7a4c y=d886 u=d40a s=1ff2  dt=48
d3b1| 26da        BNE   $d38d               cc=c0 a=66 b=66 dp=00 x=7a4c y=d886 u=d40a s=1ff2  dt=24
d38d| 8604        LDA   #$04                cc=c0 a=04 b=66 dp=00 x=7a4c y=d886 u=d40a s=1ff2  dt=16
d38f| 971c        STA   <$1c                cc=c0 a=04 b=66 dp=00 x=7a4c y=d886 u=d40a s=1ff2  dt=32
d391| a6a0        LDA   ,Y+                 cc=c0 a=54 b=66 dp=00 x=7a4c y=d887 u=d40a s=1ff2  dt=48
d393| 9744        STA   <$44                cc=c0 a=54 b=66 dp=00 x=7a4c y=d887 u=d40a s=1ff2  dt=32
d395| 44          LSRA                      cc=c0 a=2a b=66 dp=00 x=7a4c y=d887 u=d40a s=1ff2  dt=16
d396| 44          LSRA                      cc=c0 a=15 b=66 dp=00 x=7a4c y=d887 u=d40a s=1ff2  dt=16
d397| 44          LSRA                      cc=c1 a=0a b=66 dp=00 x=7a4c y=d887 u=d40a s=1ff2  dt=16
d398| 44          LSRA                      cc=c0 a=05 b=66 dp=00 x=7a4c y=d887 u=d40a s=1ff2  dt=16
d399| a6c6        LDA   A,U                 cc=c0 a=66 b=66 dp=00 x=7a4c y=d887 u=d40a s=1ff2  dt=40
d39b| 170016      LBSR  $d3b4               cc=c0 a=66 b=66 dp=00 x=7a4c y=d887 u=d40a s=1ff0  dt=72
d3b4| 972a        STA   <$2a                cc=c0 a=66 b=66 dp=00 x=7a4c y=d887 u=d40a s=1ff0  dt=32
d3b6| 5f          CLRB                      cc=c4 a=66 b=00 dp=00 x=7a4c y=d887 u=d40a s=1ff0  dt=16
d3b7| 85f0        BITA  #$f0                cc=c0 a=66 b=00 dp=00 x=7a4c y=d887 u=d40a s=1ff0  dt=16
d3b9| 2602        BNE   $d3bd               cc=c0 a=66 b=00 dp=00 x=7a4c y=d887 u=d40a s=1ff0  dt=24
d3bd| 850f        BITA  #$0f                cc=c0 a=66 b=00 dp=00 x=7a4c y=d887 u=d40a s=1ff0  dt=16
d3bf| 2602        BNE   $d3c3               cc=c0 a=66 b=00 dp=00 x=7a4c y=d887 u=d40a s=1ff0  dt=24
d3c3| e484        ANDB  ,X                  cc=c4 a=66 b=00 dp=00 x=7a4c y=d887 u=d40a s=1ff0  dt=32
d3c5| da2a        ORB   <$2a                cc=c0 a=66 b=66 dp=00 x=7a4c y=d887 u=d40a s=1ff0  dt=32
d3c7| e780        STB   ,X+                 cc=c0 a=66 b=66 dp=00 x=7a4d y=d887 u=d40a s=1ff0  dt=48
d3c9| 39          RTS                       cc=c0 a=66 b=66 dp=00 x=7a4d y=d887 u=d40a s=1ff2  dt=40
d39e| 9644        LDA   <$44                cc=c0 a=54 b=66 dp=00 x=7a4d y=d887 u=d40a s=1ff2  dt=32
d3a0| 840f        ANDA  #$0f                cc=c0 a=04 b=66 dp=00 x=7a4d y=d887 u=d40a s=1ff2  dt=16
d3a2| a6c6        LDA   A,U                 cc=c0 a=60 b=66 dp=00 x=7a4d y=d887 u=d40a s=1ff2  dt=40
d3a4| 17000d      LBSR  $d3b4               cc=c0 a=60 b=66 dp=00 x=7a4d y=d887 u=d40a s=1ff0  dt=72
d3b4| 972a        STA   <$2a                cc=c0 a=60 b=66 dp=00 x=7a4d y=d887 u=d40a s=1ff0  dt=32
d3b6| 5f          CLRB                      cc=c4 a=60 b=00 dp=00 x=7a4d y=d887 u=d40a s=1ff0  dt=16
d3b7| 85f0        BITA  #$f0                cc=c0 a=60 b=00 dp=00 x=7a4d y=d887 u=d40a s=1ff0  dt=16
d3b9| 2602        BNE   $d3bd               cc=c0 a=60 b=00 dp=00 x=7a4d y=d887 u=d40a s=1ff0  dt=24
d3bd| 850f        BITA  #$0f                cc=c4 a=60 b=00 dp=00 x=7a4d y=d887 u=d40a s=1ff0  dt=16
d3bf| 2602        BNE   $d3c3               cc=c4 a=60 b=00 dp=00 x=7a4d y=d887 u=d40a s=1ff0  dt=24
d3c1| ca0f        ORB   #$0f                cc=c0 a=60 b=0f dp=00 x=7a4d y=d887 u=d40a s=1ff0  dt=16
d3c3| e484        ANDB  ,X                  cc=c4 a=60 b=00 dp=00 x=7a4d y=d887 u=d40a s=1ff0  dt=32
d3c5| da2a        ORB   <$2a                cc=c0 a=60 b=60 dp=00 x=7a4d y=d887 u=d40a s=1ff0  dt=32
d3c7| e780        STB   ,X+                 cc=c0 a=60 b=60 dp=00 x=7a4e y=d887 u=d40a s=1ff0  dt=48
d3c9| 39          RTS                       cc=c0 a=60 b=60 dp=00 x=7a4e y=d887 u=d40a s=1ff2  dt=40
d3a7| 0a1c        DEC   <$1c                cc=c0 a=60 b=60 dp=00 x=7a4e y=d887 u=d40a s=1ff2  dt=48
d3a9| 26e6        BNE   $d391               cc=c0 a=60 b=60 dp=00 x=7a4e y=d887 u=d40a s=1ff2  dt=24
d391| a6a0        LDA   ,Y+                 cc=c4 a=00 b=60 dp=00 x=7a4e y=d888 u=d40a s=1ff2  dt=48
d393| 9744        STA   <$44                cc=c4 a=00 b=60 dp=00 x=7a4e y=d888 u=d40a s=1ff2  dt=32
d395| 44          LSRA                      cc=c4 a=00 b=60 dp=00 x=7a4e y=d888 u=d40a s=1ff2  dt=16
d396| 44          LSRA                      cc=c4 a=00 b=60 dp=00 x=7a4e y=d888 u=d40a s=1ff2  dt=16
d397| 44          LSRA                      cc=c4 a=00 b=60 dp=00 x=7a4e y=d888 u=d40a s=1ff2  dt=16
d398| 44          LSRA                      cc=c4 a=00 b=60 dp=00 x=7a4e y=d888 u=d40a s=1ff2  dt=16
d399| a6c6        LDA   A,U                 cc=c4 a=00 b=60 dp=00 x=7a4e y=d888 u=d40a s=1ff2  dt=40
d39b| 170016      LBSR  $d3b4               cc=c4 a=00 b=60 dp=00 x=7a4e y=d888 u=d40a s=1ff0  dt=72
d3b4| 972a        STA   <$2a                cc=c4 a=00 b=60 dp=00 x=7a4e y=d888 u=d40a s=1ff0  dt=32
d3b6| 5f          CLRB                      cc=c4 a=00 b=00 dp=00 x=7a4e y=d888 u=d40a s=1ff0  dt=16
d3b7| 85f0        BITA  #$f0                cc=c4 a=00 b=00 dp=00 x=7a4e y=d888 u=d40a s=1ff0  dt=16
d3b9| 2602        BNE   $d3bd               cc=c4 a=00 b=00 dp=00 x=7a4e y=d888 u=d40a s=1ff0  dt=24
d3bb| caf0        ORB   #$f0                cc=c8 a=00 b=f0 dp=00 x=7a4e y=d888 u=d40a s=1ff0  dt=16
d3bd| 850f        BITA  #$0f                cc=c4 a=00 b=f0 dp=00 x=7a4e y=d888 u=d40a s=1ff0  dt=16
d3bf| 2602        BNE   $d3c3               cc=c4 a=00 b=f0 dp=00 x=7a4e y=d888 u=d40a s=1ff0  dt=24
d3c1| ca0f        ORB   #$0f                cc=c8 a=00 b=ff dp=00 x=7a4e y=d888 u=d40a s=1ff0  dt=16
d3c3| e484        ANDB  ,X                  cc=c4 a=00 b=00 dp=00 x=7a4e y=d888 u=d40a s=1ff0  dt=32
d3c5| da2a        ORB   <$2a                cc=c4 a=00 b=00 dp=00 x=7a4e y=d888 u=d40a s=1ff0  dt=32
d3c7| e780        STB   ,X+                 cc=c4 a=00 b=00 dp=00 x=7a4f y=d888 u=d40a s=1ff0  dt=48
d3c9| 39          RTS                       cc=c4 a=00 b=00 dp=00 x=7a4f y=d888 u=d40a s=1ff2  dt=40
d39e| 9644        LDA   <$44                cc=c4 a=00 b=00 dp=00 x=7a4f y=d888 u=d40a s=1ff2  dt=32
d3a0| 840f        ANDA  #$0f                cc=c4 a=00 b=00 dp=00 x=7a4f y=d888 u=d40a s=1ff2  dt=16
d3a2| a6c6        LDA   A,U                 cc=c4 a=00 b=00 dp=00 x=7a4f y=d888 u=d40a s=1ff2  dt=40
d3a4| 17000d      LBSR  $d3b4               cc=c4 a=00 b=00 dp=00 x=7a4f y=d888 u=d40a s=1ff0  dt=72
d3b4| 972a        STA   <$2a                cc=c4 a=00 b=00 dp=00 x=7a4f y=d888 u=d40a s=1ff0  dt=32
d3b6| 5f          CLRB                      cc=c4 a=00 b=00 dp=00 x=7a4f y=d888 u=d40a s=1ff0  dt=16
d3b7| 85f0        BITA  #$f0                cc=c4 a=00 b=00 dp=00 x=7a4f y=d888 u=d40a s=1ff0  dt=16
d3b9| 2602        BNE   $d3bd               cc=c4 a=00 b=00 dp=00 x=7a4f y=d888 u=d40a s=1ff0  dt=24
d3bb| caf0        ORB   #$f0                cc=c8 a=00 b=f0 dp=00 x=7a4f y=d888 u=d40a s=1ff0  dt=16
d3bd| 850f        BITA  #$0f                cc=c4 a=00 b=f0 dp=00 x=7a4f y=d888 u=d40a s=1ff0  dt=16
d3bf| 2602        BNE   $d3c3               cc=c4 a=00 b=f0 dp=00 x=7a4f y=d888 u=d40a s=1ff0  dt=24
d3c1| ca0f        ORB   #$0f                cc=c8 a=00 b=ff dp=00 x=7a4f y=d888 u=d40a s=1ff0  dt=16
d3c3| e484        ANDB  ,X                  cc=c4 a=00 b=00 dp=00 x=7a4f y=d888 u=d40a s=1ff0  dt=32
d3c5| da2a        ORB   <$2a                cc=c4 a=00 b=00 dp=00 x=7a4f y=d888 u=d40a s=1ff0  dt=32
d3c7| e780        STB   ,X+                 cc=c4 a=00 b=00 dp=00 x=7a50 y=d888 u=d40a s=1ff0  dt=48
d3c9| 39          RTS                       cc=c4 a=00 b=00 dp=00 x=7a50 y=d888 u=d40a s=1ff2  dt=40
d3a7| 0a1c        DEC   <$1c                cc=c0 a=00 b=00 dp=00 x=7a50 y=d888 u=d40a s=1ff2  dt=48
d3a9| 26e6        BNE   $d391               cc=c0 a=00 b=00 dp=00 x=7a50 y=d888 u=d40a s=1ff2  dt=24
d391| a6a0        LDA   ,Y+                 cc=c4 a=00 b=00 dp=00 x=7a50 y=d889 u=d40a s=1ff2  dt=48
d393| 9744        STA   <$44                cc=c4 a=00 b=00 dp=00 x=7a50 y=d889 u=d40a s=1ff2  dt=32
d395| 44          LSRA                      cc=c4 a=00 b=00 dp=00 x=7a50 y=d889 u=d40a s=1ff2  dt=16
d396| 44          LSRA                      cc=c4 a=00 b=00 dp=00 x=7a50 y=d889 u=d40a s=1ff2  dt=16
d397| 44          LSRA                      cc=c4 a=00 b=00 dp=00 x=7a50 y=d889 u=d40a s=1ff2  dt=16
d398| 44          LSRA                      cc=c4 a=00 b=00 dp=00 x=7a50 y=d889 u=d40a s=1ff2  dt=16
d399| a6c6        LDA   A,U                 cc=c4 a=00 b=00 dp=00 x=7a50 y=d889 u=d40a s=1ff2  dt=40
d39b| 170016      LBSR  $d3b4               cc=c4 a=00 b=00 dp=00 x=7a50 y=d889 u=d40a s=1ff0  dt=72
d3b4| 972a        STA   <$2a                cc=c4 a=00 b=00 dp=00 x=7a50 y=d889 u=d40a s=1ff0  dt=32
d3b6| 5f          CLRB                      cc=c4 a=00 b=00 dp=00 x=7a50 y=d889 u=d40a s=1ff0  dt=16
d3b7| 85f0        BITA  #$f0                cc=c4 a=00 b=00 dp=00 x=7a50 y=d889 u=d40a s=1ff0  dt=16
d3b9| 2602        BNE   $d3bd               cc=c4 a=00 b=00 dp=00 x=7a50 y=d889 u=d40a s=1ff0  dt=24
d3bb| caf0        ORB   #$f0                cc=c8 a=00 b=f0 dp=00 x=7a50 y=d889 u=d40a s=1ff0  dt=16
d3bd| 850f        BITA  #$0f                cc=c4 a=00 b=f0 dp=00 x=7a50 y=d889 u=d40a s=1ff0  dt=16
d3bf| 2602        BNE   $d3c3               cc=c4 a=00 b=f0 dp=00 x=7a50 y=d889 u=d40a s=1ff0  dt=24
d3c1| ca0f        ORB   #$0f                cc=c8 a=00 b=ff dp=00 x=7a50 y=d889 u=d40a s=1ff0  dt=16
d3c3| e484        ANDB  ,X                  cc=c4 a=00 b=00 dp=00 x=7a50 y=d889 u=d40a s=1ff0  dt=32
d3c5| da2a        ORB   <$2a                cc=c4 a=00 b=00 dp=00 x=7a50 y=d889 u=d40a s=1ff0  dt=32
d3c7| e780        STB   ,X+                 cc=c4 a=00 b=00 dp=00 x=7a51 y=d889 u=d40a s=1ff0  dt=48
d3c9| 39          RTS                       cc=c4 a=00 b=00 dp=00 x=7a51 y=d889 u=d40a s=1ff2  dt=40
d39e| 9644        LDA   <$44                cc=c4 a=00 b=00 dp=00 x=7a51 y=d889 u=d40a s=1ff2  dt=32
d3a0| 840f        ANDA  #$0f                cc=c4 a=00 b=00 dp=00 x=7a51 y=d889 u=d40a s=1ff2  dt=16
d3a2| a6c6        LDA   A,U                 cc=c4 a=00 b=00 dp=00 x=7a51 y=d889 u=d40a s=1ff2  dt=40
d3a4| 17000d      LBSR  $d3b4               cc=c4 a=00 b=00 dp=00 x=7a51 y=d889 u=d40a s=1ff0  dt=72
d3b4| 972a        STA   <$2a                cc=c4 a=00 b=00 dp=00 x=7a51 y=d889 u=d40a s=1ff0  dt=32
d3b6| 5f          CLRB                      cc=c4 a=00 b=00 dp=00 x=7a51 y=d889 u=d40a s=1ff0  dt=16
d3b7| 85f0        BITA  #$f0                cc=c4 a=00 b=00 dp=00 x=7a51 y=d889 u=d40a s=1ff0  dt=16
d3b9| 2602        BNE   $d3bd               cc=c4 a=00 b=00 dp=00 x=7a51 y=d889 u=d40a s=1ff0  dt=24
d3bb| caf0        ORB   #$f0                cc=c8 a=00 b=f0 dp=00 x=7a51 y=d889 u=d40a s=1ff0  dt=16
d3bd| 850f        BITA  #$0f                cc=c4 a=00 b=f0 dp=00 x=7a51 y=d889 u=d40a s=1ff0  dt=16
d3bf| 2602        BNE   $d3c3               cc=c4 a=00 b=f0 dp=00 x=7a51 y=d889 u=d40a s=1ff0  dt=24
d3c1| ca0f        ORB   #$0f                cc=c8 a=00 b=ff dp=00 x=7a51 y=d889 u=d40a s=1ff0  dt=16
d3c3| e484        ANDB  ,X                  cc=c4 a=00 b=00 dp=00 x=7a51 y=d889 u=d40a s=1ff0  dt=32
d3c5| da2a        ORB   <$2a                cc=c4 a=00 b=00 dp=00 x=7a51 y=d889 u=d40a s=1ff0  dt=32
d3c7| e780        STB   ,X+                 cc=c4 a=00 b=00 dp=00 x=7a52 y=d889 u=d40a s=1ff0  dt=48
d3c9| 39          RTS                       cc=c4 a=00 b=00 dp=00 x=7a52 y=d889 u=d40a s=1ff2  dt=40
d3a7| 0a1c        DEC   <$1c                cc=c0 a=00 b=00 dp=00 x=7a52 y=d889 u=d40a s=1ff2  dt=48
d3a9| 26e6        BNE   $d391               cc=c0 a=00 b=00 dp=00 x=7a52 y=d889 u=d40a s=1ff2  dt=24
d391| a6a0        LDA   ,Y+                 cc=c0 a=15 b=00 dp=00 x=7a52 y=d88a u=d40a s=1ff2  dt=48
d393| 9744        STA   <$44                cc=c0 a=15 b=00 dp=00 x=7a52 y=d88a u=d40a s=1ff2  dt=32
d395| 44          LSRA                      cc=c1 a=0a b=00 dp=00 x=7a52 y=d88a u=d40a s=1ff2  dt=16
d396| 44          LSRA                      cc=c0 a=05 b=00 dp=00 x=7a52 y=d88a u=d40a s=1ff2  dt=16
d397| 44          LSRA                      cc=c1 a=02 b=00 dp=00 x=7a52 y=d88a u=d40a s=1ff2  dt=16
d398| 44          LSRA                      cc=c0 a=01 b=00 dp=00 x=7a52 y=d88a u=d40a s=1ff2  dt=16
d399| a6c6        LDA   A,U                 cc=c0 a=06 b=00 dp=00 x=7a52 y=d88a u=d40a s=1ff2  dt=40
d39b| 170016      LBSR  $d3b4               cc=c0 a=06 b=00 dp=00 x=7a52 y=d88a u=d40a s=1ff0  dt=72
d3b4| 972a        STA   <$2a                cc=c0 a=06 b=00 dp=00 x=7a52 y=d88a u=d40a s=1ff0  dt=32
d3b6| 5f          CLRB                      cc=c4 a=06 b=00 dp=00 x=7a52 y=d88a u=d40a s=1ff0  dt=16
d3b7| 85f0        BITA  #$f0                cc=c4 a=06 b=00 dp=00 x=7a52 y=d88a u=d40a s=1ff0  dt=16
d3b9| 2602        BNE   $d3bd               cc=c4 a=06 b=00 dp=00 x=7a52 y=d88a u=d40a s=1ff0  dt=24
d3bb| caf0        ORB   #$f0                cc=c8 a=06 b=f0 dp=00 x=7a52 y=d88a u=d40a s=1ff0  dt=16
d3bd| 850f        BITA  #$0f                cc=c0 a=06 b=f0 dp=00 x=7a52 y=d88a u=d40a s=1ff0  dt=16
d3bf| 2602        BNE   $d3c3               cc=c0 a=06 b=f0 dp=00 x=7a52 y=d88a u=d40a s=1ff0  dt=24
d3c3| e484        ANDB  ,X                  cc=c4 a=06 b=00 dp=00 x=7a52 y=d88a u=d40a s=1ff0  dt=32
d3c5| da2a        ORB   <$2a                cc=c0 a=06 b=06 dp=00 x=7a52 y=d88a u=d40a s=1ff0  dt=32
d3c7| e780        STB   ,X+                 cc=c0 a=06 b=06 dp=00 x=7a53 y=d88a u=d40a s=1ff0  dt=48
d3c9| 39          RTS                       cc=c0 a=06 b=06 dp=00 x=7a53 y=d88a u=d40a s=1ff2  dt=40
d39e| 9644        LDA   <$44                cc=c0 a=15 b=06 dp=00 x=7a53 y=d88a u=d40a s=1ff2  dt=32
d3a0| 840f        ANDA  #$0f                cc=c0 a=05 b=06 dp=00 x=7a53 y=d88a u=d40a s=1ff2  dt=16
d3a2| a6c6        LDA   A,U                 cc=c0 a=66 b=06 dp=00 x=7a53 y=d88a u=d40a s=1ff2  dt=40
d3a4| 17000d      LBSR  $d3b4               cc=c0 a=66 b=06 dp=00 x=7a53 y=d88a u=d40a s=1ff0  dt=72
d3b4| 972a        STA   <$2a                cc=c0 a=66 b=06 dp=00 x=7a53 y=d88a u=d40a s=1ff0  dt=32
d3b6| 5f          CLRB                      cc=c4 a=66 b=00 dp=00 x=7a53 y=d88a u=d40a s=1ff0  dt=16
d3b7| 85f0        BITA  #$f0                cc=c0 a=66 b=00 dp=00 x=7a53 y=d88a u=d40a s=1ff0  dt=16
d3b9| 2602        BNE   $d3bd               cc=c0 a=66 b=00 dp=00 x=7a53 y=d88a u=d40a s=1ff0  dt=24
d3bd| 850f        BITA  #$0f                cc=c0 a=66 b=00 dp=00 x=7a53 y=d88a u=d40a s=1ff0  dt=16
d3bf| 2602        BNE   $d3c3               cc=c0 a=66 b=00 dp=00 x=7a53 y=d88a u=d40a s=1ff0  dt=24
d3c3| e484        ANDB  ,X                  cc=c4 a=66 b=00 dp=00 x=7a53 y=d88a u=d40a s=1ff0  dt=32
d3c5| da2a        ORB   <$2a                cc=c0 a=66 b=66 dp=00 x=7a53 y=d88a u=d40a s=1ff0  dt=32
d3c7| e780        STB   ,X+                 cc=c0 a=66 b=66 dp=00 x=7a54 y=d88a u=d40a s=1ff0  dt=48
d3c9| 39          RTS                       cc=c0 a=66 b=66 dp=00 x=7a54 y=d88a u=d40a s=1ff2  dt=40
d3a7| 0a1c        DEC   <$1c                cc=c4 a=66 b=66 dp=00 x=7a54 y=d88a u=d40a s=1ff2  dt=48
d3a9| 26e6        BNE   $d391               cc=c4 a=66 b=66 dp=00 x=7a54 y=d88a u=d40a s=1ff2  dt=24
d3ab| 30890098    LEAX  $0098,X             cc=c0 a=66 b=66 dp=00 x=7aec y=d88a u=d40a s=1ff2  dt=64
d3af| 0a1b        DEC   <$1b                cc=c0 a=66 b=66 dp=00 x=7aec y=d88a u=d40a s=1ff2  dt=48
d3b1| 26da        BNE   $d38d               cc=c0 a=66 b=66 dp=00 x=7aec y=d88a u=d40a s=1ff2  dt=24
d38d| 8604        LDA   #$04                cc=c0 a=04 b=66 dp=00 x=7aec y=d88a u=d40a s=1ff2  dt=16
d38f| 971c        STA   <$1c                cc=c0 a=04 b=66 dp=00 x=7aec y=d88a u=d40a s=1ff2  dt=32
d391| a6a0        LDA   ,Y+                 cc=c0 a=50 b=66 dp=00 x=7aec y=d88b u=d40a s=1ff2  dt=48
d393| 9744        STA   <$44                cc=c0 a=50 b=66 dp=00 x=7aec y=d88b u=d40a s=1ff2  dt=32
d395| 44          LSRA                      cc=c0 a=28 b=66 dp=00 x=7aec y=d88b u=d40a s=1ff2  dt=16
d396| 44          LSRA                      cc=c0 a=14 b=66 dp=00 x=7aec y=d88b u=d40a s=1ff2  dt=16
d397| 44          LSRA                      cc=c0 a=0a b=66 dp=00 x=7aec y=d88b u=d40a s=1ff2  dt=16
d398| 44          LSRA                      cc=c0 a=05 b=66 dp=00 x=7aec y=d88b u=d40a s=1ff2  dt=16
d399| a6c6        LDA   A,U                 cc=c0 a=66 b=66 dp=00 x=7aec y=d88b u=d40a s=1ff2  dt=40
d39b| 170016      LBSR  $d3b4               cc=c0 a=66 b=66 dp=00 x=7aec y=d88b u=d40a s=1ff0  dt=72
d3b4| 972a        STA   <$2a                cc=c0 a=66 b=66 dp=00 x=7aec y=d88b u=d40a s=1ff0  dt=32
d3b6| 5f          CLRB                      cc=c4 a=66 b=00 dp=00 x=7aec y=d88b u=d40a s=1ff0  dt=16
d3b7| 85f0        BITA  #$f0                cc=c0 a=66 b=00 dp=00 x=7aec y=d88b u=d40a s=1ff0  dt=16
d3b9| 2602        BNE   $d3bd               cc=c0 a=66 b=00 dp=00 x=7aec y=d88b u=d40a s=1ff0  dt=24
d3bd| 850f        BITA  #$0f                cc=c0 a=66 b=00 dp=00 x=7aec y=d88b u=d40a s=1ff0  dt=16
d3bf| 2602        BNE   $d3c3               cc=c0 a=66 b=00 dp=00 x=7aec y=d88b u=d40a s=1ff0  dt=24
d3c3| e484        ANDB  ,X                  cc=c4 a=66 b=00 dp=00 x=7aec y=d88b u=d40a s=1ff0  dt=32
d3c5| da2a        ORB   <$2a                cc=c0 a=66 b=66 dp=00 x=7aec y=d88b u=d40a s=1ff0  dt=32
d3c7| e780        STB   ,X+                 cc=c0 a=66 b=66 dp=00 x=7aed y=d88b u=d40a s=1ff0  dt=48
d3c9| 39          RTS                       cc=c0 a=66 b=66 dp=00 x=7aed y=d88b u=d40a s=1ff2  dt=40
d39e| 9644        LDA   <$44                cc=c0 a=50 b=66 dp=00 x=7aed y=d88b u=d40a s=1ff2  dt=32
d3a0| 840f        ANDA  #$0f                cc=c4 a=00 b=66 dp=00 x=7aed y=d88b u=d40a s=1ff2  dt=16
d3a2| a6c6        LDA   A,U                 cc=c4 a=00 b=66 dp=00 x=7aed y=d88b u=d40a s=1ff2  dt=40
d3a4| 17000d      LBSR  $d3b4               cc=c4 a=00 b=66 dp=00 x=7aed y=d88b u=d40a s=1ff0  dt=72
d3b4| 972a        STA   <$2a                cc=c4 a=00 b=66 dp=00 x=7aed y=d88b u=d40a s=1ff0  dt=32
d3b6| 5f          CLRB                      cc=c4 a=00 b=00 dp=00 x=7aed y=d88b u=d40a s=1ff0  dt=16
d3b7| 85f0        BITA  #$f0                cc=c4 a=00 b=00 dp=00 x=7aed y=d88b u=d40a s=1ff0  dt=16
d3b9| 2602        BNE   $d3bd               cc=c4 a=00 b=00 dp=00 x=7aed y=d88b u=d40a s=1ff0  dt=24
d3bb| caf0        ORB   #$f0                cc=c8 a=00 b=f0 dp=00 x=7aed y=d88b u=d40a s=1ff0  dt=16
d3bd| 850f        BITA  #$0f                cc=c4 a=00 b=f0 dp=00 x=7aed y=d88b u=d40a s=1ff0  dt=16
d3bf| 2602        BNE   $d3c3               cc=c4 a=00 b=f0 dp=00 x=7aed y=d88b u=d40a s=1ff0  dt=24
d3c1| ca0f        ORB   #$0f                cc=c8 a=00 b=ff dp=00 x=7aed y=d88b u=d40a s=1ff0  dt=16
d3c3| e484        ANDB  ,X                  cc=c4 a=00 b=00 dp=00 x=7aed y=d88b u=d40a s=1ff0  dt=32
d3c5| da2a        ORB   <$2a                cc=c4 a=00 b=00 dp=00 x=7aed y=d88b u=d40a s=1ff0  dt=32
d3c7| e780        STB   ,X+                 cc=c4 a=00 b=00 dp=00 x=7aee y=d88b u=d40a s=1ff0  dt=48
d3c9| 39          RTS                       cc=c4 a=00 b=00 dp=00 x=7aee y=d88b u=d40a s=1ff2  dt=40
d3a7| 0a1c        DEC   <$1c                cc=c0 a=00 b=00 dp=00 x=7aee y=d88b u=d40a s=1ff2  dt=48
d3a9| 26e6        BNE   $d391               cc=c0 a=00 b=00 dp=00 x=7aee y=d88b u=d40a s=1ff2  dt=24
d391| a6a0        LDA   ,Y+                 cc=c4 a=00 b=00 dp=00 x=7aee y=d88c u=d40a s=1ff2  dt=48
d393| 9744        STA   <$44                cc=c4 a=00 b=00 dp=00 x=7aee y=d88c u=d40a s=1ff2  dt=32
d395| 44          LSRA                      cc=c4 a=00 b=00 dp=00 x=7aee y=d88c u=d40a s=1ff2  dt=16
d396| 44          LSRA                      cc=c4 a=00 b=00 dp=00 x=7aee y=d88c u=d40a s=1ff2  dt=16
d397| 44          LSRA                      cc=c4 a=00 b=00 dp=00 x=7aee y=d88c u=d40a s=1ff2  dt=16
d398| 44          LSRA                      cc=c4 a=00 b=00 dp=00 x=7aee y=d88c u=d40a s=1ff2  dt=16
d399| a6c6        LDA   A,U                 cc=c4 a=00 b=00 dp=00 x=7aee y=d88c u=d40a s=1ff2  dt=40
d39b| 170016      LBSR  $d3b4               cc=c4 a=00 b=00 dp=00 x=7aee y=d88c u=d40a s=1ff0  dt=72
d3b4| 972a        STA   <$2a                cc=c4 a=00 b=00 dp=00 x=7aee y=d88c u=d40a s=1ff0  dt=32
d3b6| 5f          CLRB                      cc=c4 a=00 b=00 dp=00 x=7aee y=d88c u=d40a s=1ff0  dt=16
d3b7| 85f0        BITA  #$f0                cc=c4 a=00 b=00 dp=00 x=7aee y=d88c u=d40a s=1ff0  dt=16
d3b9| 2602        BNE   $d3bd               cc=c4 a=00 b=00 dp=00 x=7aee y=d88c u=d40a s=1ff0  dt=24
d3bb| caf0        ORB   #$f0                cc=c8 a=00 b=f0 dp=00 x=7aee y=d88c u=d40a s=1ff0  dt=16
d3bd| 850f        BITA  #$0f                cc=c4 a=00 b=f0 dp=00 x=7aee y=d88c u=d40a s=1ff0  dt=16
d3bf| 2602        BNE   $d3c3               cc=c4 a=00 b=f0 dp=00 x=7aee y=d88c u=d40a s=1ff0  dt=24
d3c1| ca0f        ORB   #$0f                cc=c8 a=00 b=ff dp=00 x=7aee y=d88c u=d40a s=1ff0  dt=16
d3c3| e484        ANDB  ,X                  cc=c4 a=00 b=00 dp=00 x=7aee y=d88c u=d40a s=1ff0  dt=32
d3c5| da2a        ORB   <$2a                cc=c4 a=00 b=00 dp=00 x=7aee y=d88c u=d40a s=1ff0  dt=32
d3c7| e780        STB   ,X+                 cc=c4 a=00 b=00 dp=00 x=7aef y=d88c u=d40a s=1ff0  dt=48
d3c9| 39          RTS                       cc=c4 a=00 b=00 dp=00 x=7aef y=d88c u=d40a s=1ff2  dt=40
d39e| 9644        LDA   <$44                cc=c4 a=00 b=00 dp=00 x=7aef y=d88c u=d40a s=1ff2  dt=32
d3a0| 840f        ANDA  #$0f                cc=c4 a=00 b=00 dp=00 x=7aef y=d88c u=d40a s=1ff2  dt=16
d3a2| a6c6        LDA   A,U                 cc=c4 a=00 b=00 dp=00 x=7aef y=d88c u=d40a s=1ff2  dt=40
d3a4| 17000d      LBSR  $d3b4               cc=c4 a=00 b=00 dp=00 x=7aef y=d88c u=d40a s=1ff0  dt=72
d3b4| 972a        STA   <$2a                cc=c4 a=00 b=00 dp=00 x=7aef y=d88c u=d40a s=1ff0  dt=32
d3b6| 5f          CLRB                      cc=c4 a=00 b=00 dp=00 x=7aef y=d88c u=d40a s=1ff0  dt=16
d3b7| 85f0        BITA  #$f0                cc=c4 a=00 b=00 dp=00 x=7aef y=d88c u=d40a s=1ff0  dt=16
d3b9| 2602        BNE   $d3bd               cc=c4 a=00 b=00 dp=00 x=7aef y=d88c u=d40a s=1ff0  dt=24
d3bb| caf0        ORB   #$f0                cc=c8 a=00 b=f0 dp=00 x=7aef y=d88c u=d40a s=1ff0  dt=16
d3bd| 850f        BITA  #$0f                cc=c4 a=00 b=f0 dp=00 x=7aef y=d88c u=d40a s=1ff0  dt=16
d3bf| 2602        BNE   $d3c3               cc=c4 a=00 b=f0 dp=00 x=7aef y=d88c u=d40a s=1ff0  dt=24
d3c1| ca0f        ORB   #$0f                cc=c8 a=00 b=ff dp=00 x=7aef y=d88c u=d40a s=1ff0  dt=16
d3c3| e484        ANDB  ,X                  cc=c4 a=00 b=00 dp=00 x=7aef y=d88c u=d40a s=1ff0  dt=32
d3c5| da2a        ORB   <$2a                cc=c4 a=00 b=00 dp=00 x=7aef y=d88c u=d40a s=1ff0  dt=32
d3c7| e780        STB   ,X+                 cc=c4 a=00 b=00 dp=00 x=7af0 y=d88c u=d40a s=1ff0  dt=48
d3c9| 39          RTS                       cc=c4 a=00 b=00 dp=00 x=7af0 y=d88c u=d40a s=1ff2  dt=40
d3a7| 0a1c        DEC   <$1c                cc=c0 a=00 b=00 dp=00 x=7af0 y=d88c u=d40a s=1ff2  dt=48
d3a9| 26e6        BNE   $d391               cc=c0 a=00 b=00 dp=00 x=7af0 y=d88c u=d40a s=1ff2  dt=24
d391| a6a0        LDA   ,Y+                 cc=c4 a=00 b=00 dp=00 x=7af0 y=d88d u=d40a s=1ff2  dt=48
d393| 9744        STA   <$44                cc=c4 a=00 b=00 dp=00 x=7af0 y=d88d u=d40a s=1ff2  dt=32
d395| 44          LSRA                      cc=c4 a=00 b=00 dp=00 x=7af0 y=d88d u=d40a s=1ff2  dt=16
d396| 44          LSRA                      cc=c4 a=00 b=00 dp=00 x=7af0 y=d88d u=d40a s=1ff2  dt=16
d397| 44          LSRA                      cc=c4 a=00 b=00 dp=00 x=7af0 y=d88d u=d40a s=1ff2  dt=16
d398| 44          LSRA                      cc=c4 a=00 b=00 dp=00 x=7af0 y=d88d u=d40a s=1ff2  dt=16
d399| a6c6        LDA   A,U                 cc=c4 a=00 b=00 dp=00 x=7af0 y=d88d u=d40a s=1ff2  dt=40
d39b| 170016      LBSR  $d3b4               cc=c4 a=00 b=00 dp=00 x=7af0 y=d88d u=d40a s=1ff0  dt=72
d3b4| 972a        STA   <$2a                cc=c4 a=00 b=00 dp=00 x=7af0 y=d88d u=d40a s=1ff0  dt=32
d3b6| 5f          CLRB                      cc=c4 a=00 b=00 dp=00 x=7af0 y=d88d u=d40a s=1ff0  dt=16
d3b7| 85f0        BITA  #$f0                cc=c4 a=00 b=00 dp=00 x=7af0 y=d88d u=d40a s=1ff0  dt=16
d3b9| 2602        BNE   $d3bd               cc=c4 a=00 b=00 dp=00 x=7af0 y=d88d u=d40a s=1ff0  dt=24
d3bb| caf0        ORB   #$f0                cc=c8 a=00 b=f0 dp=00 x=7af0 y=d88d u=d40a s=1ff0  dt=16
d3bd| 850f        BITA  #$0f                cc=c4 a=00 b=f0 dp=00 x=7af0 y=d88d u=d40a s=1ff0  dt=16
d3bf| 2602        BNE   $d3c3               cc=c4 a=00 b=f0 dp=00 x=7af0 y=d88d u=d40a s=1ff0  dt=24
d3c1| ca0f        ORB   #$0f                cc=c8 a=00 b=ff dp=00 x=7af0 y=d88d u=d40a s=1ff0  dt=16
d3c3| e484        ANDB  ,X                  cc=c4 a=00 b=00 dp=00 x=7af0 y=d88d u=d40a s=1ff0  dt=32
d3c5| da2a        ORB   <$2a                cc=c4 a=00 b=00 dp=00 x=7af0 y=d88d u=d40a s=1ff0  dt=32
d3c7| e780        STB   ,X+                 cc=c4 a=00 b=00 dp=00 x=7af1 y=d88d u=d40a s=1ff0  dt=48
d3c9| 39          RTS                       cc=c4 a=00 b=00 dp=00 x=7af1 y=d88d u=d40a s=1ff2  dt=40
d39e| 9644        LDA   <$44                cc=c4 a=00 b=00 dp=00 x=7af1 y=d88d u=d40a s=1ff2  dt=32
d3a0| 840f        ANDA  #$0f                cc=c4 a=00 b=00 dp=00 x=7af1 y=d88d u=d40a s=1ff2  dt=16
d3a2| a6c6        LDA   A,U                 cc=c4 a=00 b=00 dp=00 x=7af1 y=d88d u=d40a s=1ff2  dt=40
d3a4| 17000d      LBSR  $d3b4               cc=c4 a=00 b=00 dp=00 x=7af1 y=d88d u=d40a s=1ff0  dt=72
d3b4| 972a        STA   <$2a                cc=c4 a=00 b=00 dp=00 x=7af1 y=d88d u=d40a s=1ff0  dt=32
d3b6| 5f          CLRB                      cc=c4 a=00 b=00 dp=00 x=7af1 y=d88d u=d40a s=1ff0  dt=16
d3b7| 85f0        BITA  #$f0                cc=c4 a=00 b=00 dp=00 x=7af1 y=d88d u=d40a s=1ff0  dt=16
d3b9| 2602        BNE   $d3bd               cc=c4 a=00 b=00 dp=00 x=7af1 y=d88d u=d40a s=1ff0  dt=24
d3bb| caf0        ORB   #$f0                cc=c8 a=00 b=f0 dp=00 x=7af1 y=d88d u=d40a s=1ff0  dt=16
d3bd| 850f        BITA  #$0f                cc=c4 a=00 b=f0 dp=00 x=7af1 y=d88d u=d40a s=1ff0  dt=16
d3bf| 2602        BNE   $d3c3               cc=c4 a=00 b=f0 dp=00 x=7af1 y=d88d u=d40a s=1ff0  dt=24
d3c1| ca0f        ORB   #$0f                cc=c8 a=00 b=ff dp=00 x=7af1 y=d88d u=d40a s=1ff0  dt=16
d3c3| e484        ANDB  ,X                  cc=c4 a=00 b=00 dp=00 x=7af1 y=d88d u=d40a s=1ff0  dt=32
d3c5| da2a        ORB   <$2a                cc=c4 a=00 b=00 dp=00 x=7af1 y=d88d u=d40a s=1ff0  dt=32
d3c7| e780        STB   ,X+                 cc=c4 a=00 b=00 dp=00 x=7af2 y=d88d u=d40a s=1ff0  dt=48
d3c9| 39          RTS                       cc=c4 a=00 b=00 dp=00 x=7af2 y=d88d u=d40a s=1ff2  dt=40
d3a7| 0a1c        DEC   <$1c                cc=c0 a=00 b=00 dp=00 x=7af2 y=d88d u=d40a s=1ff2  dt=48
d3a9| 26e6        BNE   $d391               cc=c0 a=00 b=00 dp=00 x=7af2 y=d88d u=d40a s=1ff2  dt=24
d391| a6a0        LDA   ,Y+                 cc=c0 a=05 b=00 dp=00 x=7af2 y=d88e u=d40a s=1ff2  dt=48
d393| 9744        STA   <$44                cc=c0 a=05 b=00 dp=00 x=7af2 y=d88e u=d40a s=1ff2  dt=32
d395| 44          LSRA                      cc=c1 a=02 b=00 dp=00 x=7af2 y=d88e u=d40a s=1ff2  dt=16
d396| 44          LSRA                      cc=c0 a=01 b=00 dp=00 x=7af2 y=d88e u=d40a s=1ff2  dt=16
d397| 44          LSRA                      cc=c5 a=00 b=00 dp=00 x=7af2 y=d88e u=d40a s=1ff2  dt=16
d398| 44          LSRA                      cc=c4 a=00 b=00 dp=00 x=7af2 y=d88e u=d40a s=1ff2  dt=16
d399| a6c6        LDA   A,U                 cc=c4 a=00 b=00 dp=00 x=7af2 y=d88e u=d40a s=1ff2  dt=40
d39b| 170016      LBSR  $d3b4               cc=c4 a=00 b=00 dp=00 x=7af2 y=d88e u=d40a s=1ff0  dt=72
d3b4| 972a        STA   <$2a                cc=c4 a=00 b=00 dp=00 x=7af2 y=d88e u=d40a s=1ff0  dt=32
d3b6| 5f          CLRB                      cc=c4 a=00 b=00 dp=00 x=7af2 y=d88e u=d40a s=1ff0  dt=16
d3b7| 85f0        BITA  #$f0                cc=c4 a=00 b=00 dp=00 x=7af2 y=d88e u=d40a s=1ff0  dt=16
d3b9| 2602        BNE   $d3bd               cc=c4 a=00 b=00 dp=00 x=7af2 y=d88e u=d40a s=1ff0  dt=24
d3bb| caf0        ORB   #$f0                cc=c8 a=00 b=f0 dp=00 x=7af2 y=d88e u=d40a s=1ff0  dt=16
d3bd| 850f        BITA  #$0f                cc=c4 a=00 b=f0 dp=00 x=7af2 y=d88e u=d40a s=1ff0  dt=16
d3bf| 2602        BNE   $d3c3               cc=c4 a=00 b=f0 dp=00 x=7af2 y=d88e u=d40a s=1ff0  dt=24
d3c1| ca0f        ORB   #$0f                cc=c8 a=00 b=ff dp=00 x=7af2 y=d88e u=d40a s=1ff0  dt=16
d3c3| e484        ANDB  ,X                  cc=c4 a=00 b=00 dp=00 x=7af2 y=d88e u=d40a s=1ff0  dt=32
d3c5| da2a        ORB   <$2a                cc=c4 a=00 b=00 dp=00 x=7af2 y=d88e u=d40a s=1ff0  dt=32
d3c7| e780        STB   ,X+                 cc=c4 a=00 b=00 dp=00 x=7af3 y=d88e u=d40a s=1ff0  dt=48
d3c9| 39          RTS                       cc=c4 a=00 b=00 dp=00 x=7af3 y=d88e u=d40a s=1ff2  dt=40
d39e| 9644        LDA   <$44                cc=c0 a=05 b=00 dp=00 x=7af3 y=d88e u=d40a s=1ff2  dt=32
d3a0| 840f        ANDA  #$0f                cc=c0 a=05 b=00 dp=00 x=7af3 y=d88e u=d40a s=1ff2  dt=16
d3a2| a6c6        LDA   A,U                 cc=c0 a=66 b=00 dp=00 x=7af3 y=d88e u=d40a s=1ff2  dt=40
d3a4| 17000d      LBSR  $d3b4               cc=c0 a=66 b=00 dp=00 x=7af3 y=d88e u=d40a s=1ff0  dt=72
d3b4| 972a        STA   <$2a                cc=c0 a=66 b=00 dp=00 x=7af3 y=d88e u=d40a s=1ff0  dt=32
d3b6| 5f          CLRB                      cc=c4 a=66 b=00 dp=00 x=7af3 y=d88e u=d40a s=1ff0  dt=16
d3b7| 85f0        BITA  #$f0                cc=c0 a=66 b=00 dp=00 x=7af3 y=d88e u=d40a s=1ff0  dt=16
d3b9| 2602        BNE   $d3bd               cc=c0 a=66 b=00 dp=00 x=7af3 y=d88e u=d40a s=1ff0  dt=24
d3bd| 850f        BITA  #$0f                cc=c0 a=66 b=00 dp=00 x=7af3 y=d88e u=d40a s=1ff0  dt=16
d3bf| 2602        BNE   $d3c3               cc=c0 a=66 b=00 dp=00 x=7af3 y=d88e u=d40a s=1ff0  dt=24
d3c3| e484        ANDB  ,X                  cc=c4 a=66 b=00 dp=00 x=7af3 y=d88e u=d40a s=1ff0  dt=32
d3c5| da2a        ORB   <$2a                cc=c0 a=66 b=66 dp=00 x=7af3 y=d88e u=d40a s=1ff0  dt=32
d3c7| e780        STB   ,X+                 cc=c0 a=66 b=66 dp=00 x=7af4 y=d88e u=d40a s=1ff0  dt=48
d3c9| 39          RTS                       cc=c0 a=66 b=66 dp=00 x=7af4 y=d88e u=d40a s=1ff2  dt=40
d3a7| 0a1c        DEC   <$1c                cc=c4 a=66 b=66 dp=00 x=7af4 y=d88e u=d40a s=1ff2  dt=48
d3a9| 26e6        BNE   $d391               cc=c4 a=66 b=66 dp=00 x=7af4 y=d88e u=d40a s=1ff2  dt=24
d3ab| 30890098    LEAX  $0098,X             cc=c0 a=66 b=66 dp=00 x=7b8c y=d88e u=d40a s=1ff2  dt=64
d3af| 0a1b        DEC   <$1b                cc=c0 a=66 b=66 dp=00 x=7b8c y=d88e u=d40a s=1ff2  dt=48
d3b1| 26da        BNE   $d38d               cc=c0 a=66 b=66 dp=00 x=7b8c y=d88e u=d40a s=1ff2  dt=24
d38d| 8604        LDA   #$04                cc=c0 a=04 b=66 dp=00 x=7b8c y=d88e u=d40a s=1ff2  dt=16
d38f| 971c        STA   <$1c                cc=c0 a=04 b=66 dp=00 x=7b8c y=d88e u=d40a s=1ff2  dt=32
d391| a6a0        LDA   ,Y+                 cc=c0 a=40 b=66 dp=00 x=7b8c y=d88f u=d40a s=1ff2  dt=48
d393| 9744        STA   <$44                cc=c0 a=40 b=66 dp=00 x=7b8c y=d88f u=d40a s=1ff2  dt=32
d395| 44          LSRA                      cc=c0 a=20 b=66 dp=00 x=7b8c y=d88f u=d40a s=1ff2  dt=16
d396| 44          LSRA                      cc=c0 a=10 b=66 dp=00 x=7b8c y=d88f u=d40a s=1ff2  dt=16
d397| 44          LSRA                      cc=c0 a=08 b=66 dp=00 x=7b8c y=d88f u=d40a s=1ff2  dt=16
d398| 44          LSRA                      cc=c0 a=04 b=66 dp=00 x=7b8c y=d88f u=d40a s=1ff2  dt=16
d399| a6c6        LDA   A,U                 cc=c0 a=60 b=66 dp=00 x=7b8c y=d88f u=d40a s=1ff2  dt=40
d39b| 170016      LBSR  $d3b4               cc=c0 a=60 b=66 dp=00 x=7b8c y=d88f u=d40a s=1ff0  dt=72
d3b4| 972a        STA   <$2a                cc=c0 a=60 b=66 dp=00 x=7b8c y=d88f u=d40a s=1ff0  dt=32
d3b6| 5f          CLRB                      cc=c4 a=60 b=00 dp=00 x=7b8c y=d88f u=d40a s=1ff0  dt=16
d3b7| 85f0        BITA  #$f0                cc=c0 a=60 b=00 dp=00 x=7b8c y=d88f u=d40a s=1ff0  dt=16
d3b9| 2602        BNE   $d3bd               cc=c0 a=60 b=00 dp=00 x=7b8c y=d88f u=d40a s=1ff0  dt=24
d3bd| 850f        BITA  #$0f                cc=c4 a=60 b=00 dp=00 x=7b8c y=d88f u=d40a s=1ff0  dt=16
d3bf| 2602        BNE   $d3c3               cc=c4 a=60 b=00 dp=00 x=7b8c y=d88f u=d40a s=1ff0  dt=24
d3c1| ca0f        ORB   #$0f                cc=c0 a=60 b=0f dp=00 x=7b8c y=d88f u=d40a s=1ff0  dt=16
d3c3| e484        ANDB  ,X                  cc=c4 a=60 b=00 dp=00 x=7b8c y=d88f u=d40a s=1ff0  dt=32
d3c5| da2a        ORB   <$2a                cc=c0 a=60 b=60 dp=00 x=7b8c y=d88f u=d40a s=1ff0  dt=32
d3c7| e780        STB   ,X+                 cc=c0 a=60 b=60 dp=00 x=7b8d y=d88f u=d40a s=1ff0  dt=48
d3c9| 39          RTS                       cc=c0 a=60 b=60 dp=00 x=7b8d y=d88f u=d40a s=1ff2  dt=40
d39e| 9644        LDA   <$44                cc=c0 a=40 b=60 dp=00 x=7b8d y=d88f u=d40a s=1ff2  dt=32
d3a0| 840f        ANDA  #$0f                cc=c4 a=00 b=60 dp=00 x=7b8d y=d88f u=d40a s=1ff2  dt=16
d3a2| a6c6        LDA   A,U                 cc=c4 a=00 b=60 dp=00 x=7b8d y=d88f u=d40a s=1ff2  dt=40
d3a4| 17000d      LBSR  $d3b4               cc=c4 a=00 b=60 dp=00 x=7b8d y=d88f u=d40a s=1ff0  dt=72
d3b4| 972a        STA   <$2a                cc=c4 a=00 b=60 dp=00 x=7b8d y=d88f u=d40a s=1ff0  dt=32
d3b6| 5f          CLRB                      cc=c4 a=00 b=00 dp=00 x=7b8d y=d88f u=d40a s=1ff0  dt=16
d3b7| 85f0        BITA  #$f0                cc=c4 a=00 b=00 dp=00 x=7b8d y=d88f u=d40a s=1ff0  dt=16
d3b9| 2602        BNE   $d3bd               cc=c4 a=00 b=00 dp=00 x=7b8d y=d88f u=d40a s=1ff0  dt=24
d3bb| caf0        ORB   #$f0                cc=c8 a=00 b=f0 dp=00 x=7b8d y=d88f u=d40a s=1ff0  dt=16
d3bd| 850f        BITA  #$0f                cc=c4 a=00 b=f0 dp=00 x=7b8d y=d88f u=d40a s=1ff0  dt=16
d3bf| 2602        BNE   $d3c3               cc=c4 a=00 b=f0 dp=00 x=7b8d y=d88f u=d40a s=1ff0  dt=24
d3c1| ca0f        ORB   #$0f                cc=c8 a=00 b=ff dp=00 x=7b8d y=d88f u=d40a s=1ff0  dt=16
d3c3| e484        ANDB  ,X                  cc=c4 a=00 b=00 dp=00 x=7b8d y=d88f u=d40a s=1ff0  dt=32
d3c5| da2a        ORB   <$2a                cc=c4 a=00 b=00 dp=00 x=7b8d y=d88f u=d40a s=1ff0  dt=32
d3c7| e780        STB   ,X+                 cc=c4 a=00 b=00 dp=00 x=7b8e y=d88f u=d40a s=1ff0  dt=48
d3c9| 39          RTS                       cc=c4 a=00 b=00 dp=00 x=7b8e y=d88f u=d40a s=1ff2  dt=40
d3a7| 0a1c        DEC   <$1c                cc=c0 a=00 b=00 dp=00 x=7b8e y=d88f u=d40a s=1ff2  dt=48
d3a9| 26e6        BNE   $d391               cc=c0 a=00 b=00 dp=00 x=7b8e y=d88f u=d40a s=1ff2  dt=24
d391| a6a0        LDA   ,Y+                 cc=c4 a=00 b=00 dp=00 x=7b8e y=d890 u=d40a s=1ff2  dt=48
d393| 9744        STA   <$44                cc=c4 a=00 b=00 dp=00 x=7b8e y=d890 u=d40a s=1ff2  dt=32
d395| 44          LSRA                      cc=c4 a=00 b=00 dp=00 x=7b8e y=d890 u=d40a s=1ff2  dt=16
d396| 44          LSRA                      cc=c4 a=00 b=00 dp=00 x=7b8e y=d890 u=d40a s=1ff2  dt=16
d397| 44          LSRA                      cc=c4 a=00 b=00 dp=00 x=7b8e y=d890 u=d40a s=1ff2  dt=16
d398| 44          LSRA                      cc=c4 a=00 b=00 dp=00 x=7b8e y=d890 u=d40a s=1ff2  dt=16
d399| a6c6        LDA   A,U                 cc=c4 a=00 b=00 dp=00 x=7b8e y=d890 u=d40a s=1ff2  dt=40
d39b| 170016      LBSR  $d3b4               cc=c4 a=00 b=00 dp=00 x=7b8e y=d890 u=d40a s=1ff0  dt=72
d3b4| 972a        STA   <$2a                cc=c4 a=00 b=00 dp=00 x=7b8e y=d890 u=d40a s=1ff0  dt=32
d3b6| 5f          CLRB                      cc=c4 a=00 b=00 dp=00 x=7b8e y=d890 u=d40a s=1ff0  dt=16
d3b7| 85f0        BITA  #$f0                cc=c4 a=00 b=00 dp=00 x=7b8e y=d890 u=d40a s=1ff0  dt=16
d3b9| 2602        BNE   $d3bd               cc=c4 a=00 b=00 dp=00 x=7b8e y=d890 u=d40a s=1ff0  dt=24
d3bb| caf0        ORB   #$f0                cc=c8 a=00 b=f0 dp=00 x=7b8e y=d890 u=d40a s=1ff0  dt=16
d3bd| 850f        BITA  #$0f                cc=c4 a=00 b=f0 dp=00 x=7b8e y=d890 u=d40a s=1ff0  dt=16
d3bf| 2602        BNE   $d3c3               cc=c4 a=00 b=f0 dp=00 x=7b8e y=d890 u=d40a s=1ff0  dt=24
d3c1| ca0f        ORB   #$0f                cc=c8 a=00 b=ff dp=00 x=7b8e y=d890 u=d40a s=1ff0  dt=16
d3c3| e484        ANDB  ,X                  cc=c4 a=00 b=00 dp=00 x=7b8e y=d890 u=d40a s=1ff0  dt=32
d3c5| da2a        ORB   <$2a                cc=c4 a=00 b=00 dp=00 x=7b8e y=d890 u=d40a s=1ff0  dt=32
d3c7| e780        STB   ,X+                 cc=c4 a=00 b=00 dp=00 x=7b8f y=d890 u=d40a s=1ff0  dt=48
d3c9| 39          RTS                       cc=c4 a=00 b=00 dp=00 x=7b8f y=d890 u=d40a s=1ff2  dt=40
d39e| 9644        LDA   <$44                cc=c4 a=00 b=00 dp=00 x=7b8f y=d890 u=d40a s=1ff2  dt=32
d3a0| 840f        ANDA  #$0f                cc=c4 a=00 b=00 dp=00 x=7b8f y=d890 u=d40a s=1ff2  dt=16
d3a2| a6c6        LDA   A,U                 cc=c4 a=00 b=00 dp=00 x=7b8f y=d890 u=d40a s=1ff2  dt=40
d3a4| 17000d      LBSR  $d3b4               cc=c4 a=00 b=00 dp=00 x=7b8f y=d890 u=d40a s=1ff0  dt=72
d3b4| 972a        STA   <$2a                cc=c4 a=00 b=00 dp=00 x=7b8f y=d890 u=d40a s=1ff0  dt=32
d3b6| 5f          CLRB                      cc=c4 a=00 b=00 dp=00 x=7b8f y=d890 u=d40a s=1ff0  dt=16
d3b7| 85f0        BITA  #$f0                cc=c4 a=00 b=00 dp=00 x=7b8f y=d890 u=d40a s=1ff0  dt=16
d3b9| 2602        BNE   $d3bd               cc=c4 a=00 b=00 dp=00 x=7b8f y=d890 u=d40a s=1ff0  dt=24
d3bb| caf0        ORB   #$f0                cc=c8 a=00 b=f0 dp=00 x=7b8f y=d890 u=d40a s=1ff0  dt=16
d3bd| 850f        BITA  #$0f                cc=c4 a=00 b=f0 dp=00 x=7b8f y=d890 u=d40a s=1ff0  dt=16
d3bf| 2602        BNE   $d3c3               cc=c4 a=00 b=f0 dp=00 x=7b8f y=d890 u=d40a s=1ff0  dt=24
d3c1| ca0f        ORB   #$0f                cc=c8 a=00 b=ff dp=00 x=7b8f y=d890 u=d40a s=1ff0  dt=16
d3c3| e484        ANDB  ,X                  cc=c4 a=00 b=00 dp=00 x=7b8f y=d890 u=d40a s=1ff0  dt=32
d3c5| da2a        ORB   <$2a                cc=c4 a=00 b=00 dp=00 x=7b8f y=d890 u=d40a s=1ff0  dt=32
d3c7| e780        STB   ,X+                 cc=c4 a=00 b=00 dp=00 x=7b90 y=d890 u=d40a s=1ff0  dt=48
d3c9| 39          RTS                       cc=c4 a=00 b=00 dp=00 x=7b90 y=d890 u=d40a s=1ff2  dt=40
d3a7| 0a1c        DEC   <$1c                cc=c0 a=00 b=00 dp=00 x=7b90 y=d890 u=d40a s=1ff2  dt=48
d3a9| 26e6        BNE   $d391               cc=c0 a=00 b=00 dp=00 x=7b90 y=d890 u=d40a s=1ff2  dt=24
d391| a6a0        LDA   ,Y+                 cc=c4 a=00 b=00 dp=00 x=7b90 y=d891 u=d40a s=1ff2  dt=48
d393| 9744        STA   <$44                cc=c4 a=00 b=00 dp=00 x=7b90 y=d891 u=d40a s=1ff2  dt=32
d395| 44          LSRA                      cc=c4 a=00 b=00 dp=00 x=7b90 y=d891 u=d40a s=1ff2  dt=16
d396| 44          LSRA                      cc=c4 a=00 b=00 dp=00 x=7b90 y=d891 u=d40a s=1ff2  dt=16
d397| 44          LSRA                      cc=c4 a=00 b=00 dp=00 x=7b90 y=d891 u=d40a s=1ff2  dt=16
d398| 44          LSRA                      cc=c4 a=00 b=00 dp=00 x=7b90 y=d891 u=d40a s=1ff2  dt=16
d399| a6c6        LDA   A,U                 cc=c4 a=00 b=00 dp=00 x=7b90 y=d891 u=d40a s=1ff2  dt=40
d39b| 170016      LBSR  $d3b4               cc=c4 a=00 b=00 dp=00 x=7b90 y=d891 u=d40a s=1ff0  dt=72
d3b4| 972a        STA   <$2a                cc=c4 a=00 b=00 dp=00 x=7b90 y=d891 u=d40a s=1ff0  dt=32
d3b6| 5f          CLRB                      cc=c4 a=00 b=00 dp=00 x=7b90 y=d891 u=d40a s=1ff0  dt=16
d3b7| 85f0        BITA  #$f0                cc=c4 a=00 b=00 dp=00 x=7b90 y=d891 u=d40a s=1ff0  dt=16
d3b9| 2602        BNE   $d3bd               cc=c4 a=00 b=00 dp=00 x=7b90 y=d891 u=d40a s=1ff0  dt=24
d3bb| caf0        ORB   #$f0                cc=c8 a=00 b=f0 dp=00 x=7b90 y=d891 u=d40a s=1ff0  dt=16
d3bd| 850f        BITA  #$0f                cc=c4 a=00 b=f0 dp=00 x=7b90 y=d891 u=d40a s=1ff0  dt=16
d3bf| 2602        BNE   $d3c3               cc=c4 a=00 b=f0 dp=00 x=7b90 y=d891 u=d40a s=1ff0  dt=24
d3c1| ca0f        ORB   #$0f                cc=c8 a=00 b=ff dp=00 x=7b90 y=d891 u=d40a s=1ff0  dt=16
d3c3| e484        ANDB  ,X                  cc=c4 a=00 b=00 dp=00 x=7b90 y=d891 u=d40a s=1ff0  dt=32
d3c5| da2a        ORB   <$2a                cc=c4 a=00 b=00 dp=00 x=7b90 y=d891 u=d40a s=1ff0  dt=32
d3c7| e780        STB   ,X+                 cc=c4 a=00 b=00 dp=00 x=7b91 y=d891 u=d40a s=1ff0  dt=48
d3c9| 39          RTS                       cc=c4 a=00 b=00 dp=00 x=7b91 y=d891 u=d40a s=1ff2  dt=40
d39e| 9644        LDA   <$44                cc=c4 a=00 b=00 dp=00 x=7b91 y=d891 u=d40a s=1ff2  dt=32
d3a0| 840f        ANDA  #$0f                cc=c4 a=00 b=00 dp=00 x=7b91 y=d891 u=d40a s=1ff2  dt=16
d3a2| a6c6        LDA   A,U                 cc=c4 a=00 b=00 dp=00 x=7b91 y=d891 u=d40a s=1ff2  dt=40
d3a4| 17000d      LBSR  $d3b4               cc=c4 a=00 b=00 dp=00 x=7b91 y=d891 u=d40a s=1ff0  dt=72
d3b4| 972a        STA   <$2a                cc=c4 a=00 b=00 dp=00 x=7b91 y=d891 u=d40a s=1ff0  dt=32
d3b6| 5f          CLRB                      cc=c4 a=00 b=00 dp=00 x=7b91 y=d891 u=d40a s=1ff0  dt=16
d3b7| 85f0        BITA  #$f0                cc=c4 a=00 b=00 dp=00 x=7b91 y=d891 u=d40a s=1ff0  dt=16
d3b9| 2602        BNE   $d3bd               cc=c4 a=00 b=00 dp=00 x=7b91 y=d891 u=d40a s=1ff0  dt=24
d3bb| caf0        ORB   #$f0                cc=c8 a=00 b=f0 dp=00 x=7b91 y=d891 u=d40a s=1ff0  dt=16
d3bd| 850f        BITA  #$0f                cc=c4 a=00 b=f0 dp=00 x=7b91 y=d891 u=d40a s=1ff0  dt=16
d3bf| 2602        BNE   $d3c3               cc=c4 a=00 b=f0 dp=00 x=7b91 y=d891 u=d40a s=1ff0  dt=24
d3c1| ca0f        ORB   #$0f                cc=c8 a=00 b=ff dp=00 x=7b91 y=d891 u=d40a s=1ff0  dt=16
d3c3| e484        ANDB  ,X                  cc=c4 a=00 b=00 dp=00 x=7b91 y=d891 u=d40a s=1ff0  dt=32
d3c5| da2a        ORB   <$2a                cc=c4 a=00 b=00 dp=00 x=7b91 y=d891 u=d40a s=1ff0  dt=32
d3c7| e780        STB   ,X+                 cc=c4 a=00 b=00 dp=00 x=7b92 y=d891 u=d40a s=1ff0  dt=48
d3c9| 39          RTS                       cc=c4 a=00 b=00 dp=00 x=7b92 y=d891 u=d40a s=1ff2  dt=40
d3a7| 0a1c        DEC   <$1c                cc=c0 a=00 b=00 dp=00 x=7b92 y=d891 u=d40a s=1ff2  dt=48
d3a9| 26e6        BNE   $d391               cc=c0 a=00 b=00 dp=00 x=7b92 y=d891 u=d40a s=1ff2  dt=24
d391| a6a0        LDA   ,Y+                 cc=c0 a=01 b=00 dp=00 x=7b92 y=d892 u=d40a s=1ff2  dt=48
d393| 9744        STA   <$44                cc=c0 a=01 b=00 dp=00 x=7b92 y=d892 u=d40a s=1ff2  dt=32
d395| 44          LSRA                      cc=c5 a=00 b=00 dp=00 x=7b92 y=d892 u=d40a s=1ff2  dt=16
d396| 44          LSRA                      cc=c4 a=00 b=00 dp=00 x=7b92 y=d892 u=d40a s=1ff2  dt=16
d397| 44          LSRA                      cc=c4 a=00 b=00 dp=00 x=7b92 y=d892 u=d40a s=1ff2  dt=16
d398| 44          LSRA                      cc=c4 a=00 b=00 dp=00 x=7b92 y=d892 u=d40a s=1ff2  dt=16
d399| a6c6        LDA   A,U                 cc=c4 a=00 b=00 dp=00 x=7b92 y=d892 u=d40a s=1ff2  dt=40
d39b| 170016      LBSR  $d3b4               cc=c4 a=00 b=00 dp=00 x=7b92 y=d892 u=d40a s=1ff0  dt=72
d3b4| 972a        STA   <$2a                cc=c4 a=00 b=00 dp=00 x=7b92 y=d892 u=d40a s=1ff0  dt=32
d3b6| 5f          CLRB                      cc=c4 a=00 b=00 dp=00 x=7b92 y=d892 u=d40a s=1ff0  dt=16
d3b7| 85f0        BITA  #$f0                cc=c4 a=00 b=00 dp=00 x=7b92 y=d892 u=d40a s=1ff0  dt=16
d3b9| 2602        BNE   $d3bd               cc=c4 a=00 b=00 dp=00 x=7b92 y=d892 u=d40a s=1ff0  dt=24
d3bb| caf0        ORB   #$f0                cc=c8 a=00 b=f0 dp=00 x=7b92 y=d892 u=d40a s=1ff0  dt=16
d3bd| 850f        BITA  #$0f                cc=c4 a=00 b=f0 dp=00 x=7b92 y=d892 u=d40a s=1ff0  dt=16
d3bf| 2602        BNE   $d3c3               cc=c4 a=00 b=f0 dp=00 x=7b92 y=d892 u=d40a s=1ff0  dt=24
d3c1| ca0f        ORB   #$0f                cc=c8 a=00 b=ff dp=00 x=7b92 y=d892 u=d40a s=1ff0  dt=16
d3c3| e484        ANDB  ,X                  cc=c4 a=00 b=00 dp=00 x=7b92 y=d892 u=d40a s=1ff0  dt=32
d3c5| da2a        ORB   <$2a                cc=c4 a=00 b=00 dp=00 x=7b92 y=d892 u=d40a s=1ff0  dt=32
d3c7| e780        STB   ,X+                 cc=c4 a=00 b=00 dp=00 x=7b93 y=d892 u=d40a s=1ff0  dt=48
d3c9| 39          RTS                       cc=c4 a=00 b=00 dp=00 x=7b93 y=d892 u=d40a s=1ff2  dt=40
d39e| 9644        LDA   <$44                cc=c0 a=01 b=00 dp=00 x=7b93 y=d892 u=d40a s=1ff2  dt=32
d3a0| 840f        ANDA  #$0f                cc=c0 a=01 b=00 dp=00 x=7b93 y=d892 u=d40a s=1ff2  dt=16
d3a2| a6c6        LDA   A,U                 cc=c0 a=06 b=00 dp=00 x=7b93 y=d892 u=d40a s=1ff2  dt=40
d3a4| 17000d      LBSR  $d3b4               cc=c0 a=06 b=00 dp=00 x=7b93 y=d892 u=d40a s=1ff0  dt=72
d3b4| 972a        STA   <$2a                cc=c0 a=06 b=00 dp=00 x=7b93 y=d892 u=d40a s=1ff0  dt=32
d3b6| 5f          CLRB                      cc=c4 a=06 b=00 dp=00 x=7b93 y=d892 u=d40a s=1ff0  dt=16
d3b7| 85f0        BITA  #$f0                cc=c4 a=06 b=00 dp=00 x=7b93 y=d892 u=d40a s=1ff0  dt=16
d3b9| 2602        BNE   $d3bd               cc=c4 a=06 b=00 dp=00 x=7b93 y=d892 u=d40a s=1ff0  dt=24
d3bb| caf0        ORB   #$f0                cc=c8 a=06 b=f0 dp=00 x=7b93 y=d892 u=d40a s=1ff0  dt=16
d3bd| 850f        BITA  #$0f                cc=c0 a=06 b=f0 dp=00 x=7b93 y=d892 u=d40a s=1ff0  dt=16
d3bf| 2602        BNE   $d3c3               cc=c0 a=06 b=f0 dp=00 x=7b93 y=d892 u=d40a s=1ff0  dt=24
d3c3| e484        ANDB  ,X                  cc=c4 a=06 b=00 dp=00 x=7b93 y=d892 u=d40a s=1ff0  dt=32
d3c5| da2a        ORB   <$2a                cc=c0 a=06 b=06 dp=00 x=7b93 y=d892 u=d40a s=1ff0  dt=32
d3c7| e780        STB   ,X+                 cc=c0 a=06 b=06 dp=00 x=7b94 y=d892 u=d40a s=1ff0  dt=48
d3c9| 39          RTS                       cc=c0 a=06 b=06 dp=00 x=7b94 y=d892 u=d40a s=1ff2  dt=40
d3a7| 0a1c        DEC   <$1c                cc=c4 a=06 b=06 dp=00 x=7b94 y=d892 u=d40a s=1ff2  dt=48
d3a9| 26e6        BNE   $d391               cc=c4 a=06 b=06 dp=00 x=7b94 y=d892 u=d40a s=1ff2  dt=24
d3ab| 30890098    LEAX  $0098,X             cc=c0 a=06 b=06 dp=00 x=7c2c y=d892 u=d40a s=1ff2  dt=64
d3af| 0a1b        DEC   <$1b                cc=c0 a=06 b=06 dp=00 x=7c2c y=d892 u=d40a s=1ff2  dt=48
d3b1| 26da        BNE   $d38d               cc=c0 a=06 b=06 dp=00 x=7c2c y=d892 u=d40a s=1ff2  dt=24
d38d| 8604        LDA   #$04                cc=c0 a=04 b=06 dp=00 x=7c2c y=d892 u=d40a s=1ff2  dt=16
d38f| 971c        STA   <$1c                cc=c0 a=04 b=06 dp=00 x=7c2c y=d892 u=d40a s=1ff2  dt=32
d391| a6a0        LDA   ,Y+                 cc=c4 a=00 b=06 dp=00 x=7c2c y=d893 u=d40a s=1ff2  dt=48
d393| 9744        STA   <$44                cc=c4 a=00 b=06 dp=00 x=7c2c y=d893 u=d40a s=1ff2  dt=32
d395| 44          LSRA                      cc=c4 a=00 b=06 dp=00 x=7c2c y=d893 u=d40a s=1ff2  dt=16
d396| 44          LSRA                      cc=c4 a=00 b=06 dp=00 x=7c2c y=d893 u=d40a s=1ff2  dt=16
d397| 44          LSRA                      cc=c4 a=00 b=06 dp=00 x=7c2c y=d893 u=d40a s=1ff2  dt=16
d398| 44          LSRA                      cc=c4 a=00 b=06 dp=00 x=7c2c y=d893 u=d40a s=1ff2  dt=16
d399| a6c6        LDA   A,U                 cc=c4 a=00 b=06 dp=00 x=7c2c y=d893 u=d40a s=1ff2  dt=40
d39b| 170016      LBSR  $d3b4               cc=c4 a=00 b=06 dp=00 x=7c2c y=d893 u=d40a s=1ff0  dt=72
d3b4| 972a        STA   <$2a                cc=c4 a=00 b=06 dp=00 x=7c2c y=d893 u=d40a s=1ff0  dt=32
d3b6| 5f          CLRB                      cc=c4 a=00 b=00 dp=00 x=7c2c y=d893 u=d40a s=1ff0  dt=16
d3b7| 85f0        BITA  #$f0                cc=c4 a=00 b=00 dp=00 x=7c2c y=d893 u=d40a s=1ff0  dt=16
d3b9| 2602        BNE   $d3bd               cc=c4 a=00 b=00 dp=00 x=7c2c y=d893 u=d40a s=1ff0  dt=24
d3bb| caf0        ORB   #$f0                cc=c8 a=00 b=f0 dp=00 x=7c2c y=d893 u=d40a s=1ff0  dt=16
d3bd| 850f        BITA  #$0f                cc=c4 a=00 b=f0 dp=00 x=7c2c y=d893 u=d40a s=1ff0  dt=16
d3bf| 2602        BNE   $d3c3               cc=c4 a=00 b=f0 dp=00 x=7c2c y=d893 u=d40a s=1ff0  dt=24
d3c1| ca0f        ORB   #$0f                cc=c8 a=00 b=ff dp=00 x=7c2c y=d893 u=d40a s=1ff0  dt=16
d3c3| e484        ANDB  ,X                  cc=c4 a=00 b=00 dp=00 x=7c2c y=d893 u=d40a s=1ff0  dt=32
d3c5| da2a        ORB   <$2a                cc=c4 a=00 b=00 dp=00 x=7c2c y=d893 u=d40a s=1ff0  dt=32
d3c7| e780        STB   ,X+                 cc=c4 a=00 b=00 dp=00 x=7c2d y=d893 u=d40a s=1ff0  dt=48
d3c9| 39          RTS                       cc=c4 a=00 b=00 dp=00 x=7c2d y=d893 u=d40a s=1ff2  dt=40
d39e| 9644        LDA   <$44                cc=c4 a=00 b=00 dp=00 x=7c2d y=d893 u=d40a s=1ff2  dt=32
d3a0| 840f        ANDA  #$0f                cc=c4 a=00 b=00 dp=00 x=7c2d y=d893 u=d40a s=1ff2  dt=16
d3a2| a6c6        LDA   A,U                 cc=c4 a=00 b=00 dp=00 x=7c2d y=d893 u=d40a s=1ff2  dt=40
d3a4| 17000d      LBSR  $d3b4               cc=c4 a=00 b=00 dp=00 x=7c2d y=d893 u=d40a s=1ff0  dt=72
d3b4| 972a        STA   <$2a                cc=c4 a=00 b=00 dp=00 x=7c2d y=d893 u=d40a s=1ff0  dt=32
d3b6| 5f          CLRB                      cc=c4 a=00 b=00 dp=00 x=7c2d y=d893 u=d40a s=1ff0  dt=16
d3b7| 85f0        BITA  #$f0                cc=c4 a=00 b=00 dp=00 x=7c2d y=d893 u=d40a s=1ff0  dt=16
d3b9| 2602        BNE   $d3bd               cc=c4 a=00 b=00 dp=00 x=7c2d y=d893 u=d40a s=1ff0  dt=24
d3bb| caf0        ORB   #$f0                cc=c8 a=00 b=f0 dp=00 x=7c2d y=d893 u=d40a s=1ff0  dt=16
d3bd| 850f        BITA  #$0f                cc=c4 a=00 b=f0 dp=00 x=7c2d y=d893 u=d40a s=1ff0  dt=16
d3bf| 2602        BNE   $d3c3               cc=c4 a=00 b=f0 dp=00 x=7c2d y=d893 u=d40a s=1ff0  dt=24
d3c1| ca0f        ORB   #$0f                cc=c8 a=00 b=ff dp=00 x=7c2d y=d893 u=d40a s=1ff0  dt=16
d3c3| e484        ANDB  ,X                  cc=c4 a=00 b=00 dp=00 x=7c2d y=d893 u=d40a s=1ff0  dt=32
d3c5| da2a        ORB   <$2a                cc=c4 a=00 b=00 dp=00 x=7c2d y=d893 u=d40a s=1ff0  dt=32
d3c7| e780        STB   ,X+                 cc=c4 a=00 b=00 dp=00 x=7c2e y=d893 u=d40a s=1ff0  dt=48
d3c9| 39          RTS                       cc=c4 a=00 b=00 dp=00 x=7c2e y=d893 u=d40a s=1ff2  dt=40
d3a7| 0a1c        DEC   <$1c                cc=c0 a=00 b=00 dp=00 x=7c2e y=d893 u=d40a s=1ff2  dt=48
d3a9| 26e6        BNE   $d391               cc=c0 a=00 b=00 dp=00 x=7c2e y=d893 u=d40a s=1ff2  dt=24
d391| a6a0        LDA   ,Y+                 cc=c4 a=00 b=00 dp=00 x=7c2e y=d894 u=d40a s=1ff2  dt=48
d393| 9744        STA   <$44                cc=c4 a=00 b=00 dp=00 x=7c2e y=d894 u=d40a s=1ff2  dt=32
d395| 44          LSRA                      cc=c4 a=00 b=00 dp=00 x=7c2e y=d894 u=d40a s=1ff2  dt=16
d396| 44          LSRA                      cc=c4 a=00 b=00 dp=00 x=7c2e y=d894 u=d40a s=1ff2  dt=16
d397| 44          LSRA                      cc=c4 a=00 b=00 dp=00 x=7c2e y=d894 u=d40a s=1ff2  dt=16
d398| 44          LSRA                      cc=c4 a=00 b=00 dp=00 x=7c2e y=d894 u=d40a s=1ff2  dt=16
d399| a6c6        LDA   A,U                 cc=c4 a=00 b=00 dp=00 x=7c2e y=d894 u=d40a s=1ff2  dt=40
d39b| 170016      LBSR  $d3b4               cc=c4 a=00 b=00 dp=00 x=7c2e y=d894 u=d40a s=1ff0  dt=72
d3b4| 972a        STA   <$2a                cc=c4 a=00 b=00 dp=00 x=7c2e y=d894 u=d40a s=1ff0  dt=32
d3b6| 5f          CLRB                      cc=c4 a=00 b=00 dp=00 x=7c2e y=d894 u=d40a s=1ff0  dt=16
d3b7| 85f0        BITA  #$f0                cc=c4 a=00 b=00 dp=00 x=7c2e y=d894 u=d40a s=1ff0  dt=16
d3b9| 2602        BNE   $d3bd               cc=c4 a=00 b=00 dp=00 x=7c2e y=d894 u=d40a s=1ff0  dt=24
d3bb| caf0        ORB   #$f0                cc=c8 a=00 b=f0 dp=00 x=7c2e y=d894 u=d40a s=1ff0  dt=16
d3bd| 850f        BITA  #$0f                cc=c4 a=00 b=f0 dp=00 x=7c2e y=d894 u=d40a s=1ff0  dt=16
d3bf| 2602        BNE   $d3c3               cc=c4 a=00 b=f0 dp=00 x=7c2e y=d894 u=d40a s=1ff0  dt=24
d3c1| ca0f        ORB   #$0f                cc=c8 a=00 b=ff dp=00 x=7c2e y=d894 u=d40a s=1ff0  dt=16
d3c3| e484        ANDB  ,X                  cc=c4 a=00 b=00 dp=00 x=7c2e y=d894 u=d40a s=1ff0  dt=32
d3c5| da2a        ORB   <$2a                cc=c4 a=00 b=00 dp=00 x=7c2e y=d894 u=d40a s=1ff0  dt=32
d3c7| e780        STB   ,X+                 cc=c4 a=00 b=00 dp=00 x=7c2f y=d894 u=d40a s=1ff0  dt=48
d3c9| 39          RTS                       cc=c4 a=00 b=00 dp=00 x=7c2f y=d894 u=d40a s=1ff2  dt=40
d39e| 9644        LDA   <$44                cc=c4 a=00 b=00 dp=00 x=7c2f y=d894 u=d40a s=1ff2  dt=32
d3a0| 840f        ANDA  #$0f                cc=c4 a=00 b=00 dp=00 x=7c2f y=d894 u=d40a s=1ff2  dt=16
d3a2| a6c6        LDA   A,U                 cc=c4 a=00 b=00 dp=00 x=7c2f y=d894 u=d40a s=1ff2  dt=40
d3a4| 17000d      LBSR  $d3b4               cc=c4 a=00 b=00 dp=00 x=7c2f y=d894 u=d40a s=1ff0  dt=72
d3b4| 972a        STA   <$2a                cc=c4 a=00 b=00 dp=00 x=7c2f y=d894 u=d40a s=1ff0  dt=32
d3b6| 5f          CLRB                      cc=c4 a=00 b=00 dp=00 x=7c2f y=d894 u=d40a s=1ff0  dt=16
d3b7| 85f0        BITA  #$f0                cc=c4 a=00 b=00 dp=00 x=7c2f y=d894 u=d40a s=1ff0  dt=16
d3b9| 2602        BNE   $d3bd               cc=c4 a=00 b=00 dp=00 x=7c2f y=d894 u=d40a s=1ff0  dt=24
d3bb| caf0        ORB   #$f0                cc=c8 a=00 b=f0 dp=00 x=7c2f y=d894 u=d40a s=1ff0  dt=16
d3bd| 850f        BITA  #$0f                cc=c4 a=00 b=f0 dp=00 x=7c2f y=d894 u=d40a s=1ff0  dt=16
d3bf| 2602        BNE   $d3c3               cc=c4 a=00 b=f0 dp=00 x=7c2f y=d894 u=d40a s=1ff0  dt=24
d3c1| ca0f        ORB   #$0f                cc=c8 a=00 b=ff dp=00 x=7c2f y=d894 u=d40a s=1ff0  dt=16
d3c3| e484        ANDB  ,X                  cc=c4 a=00 b=00 dp=00 x=7c2f y=d894 u=d40a s=1ff0  dt=32
d3c5| da2a        ORB   <$2a                cc=c4 a=00 b=00 dp=00 x=7c2f y=d894 u=d40a s=1ff0  dt=32
d3c7| e780        STB   ,X+                 cc=c4 a=00 b=00 dp=00 x=7c30 y=d894 u=d40a s=1ff0  dt=48
d3c9| 39          RTS                       cc=c4 a=00 b=00 dp=00 x=7c30 y=d894 u=d40a s=1ff2  dt=40
d3a7| 0a1c        DEC   <$1c                cc=c0 a=00 b=00 dp=00 x=7c30 y=d894 u=d40a s=1ff2  dt=48
d3a9| 26e6        BNE   $d391               cc=c0 a=00 b=00 dp=00 x=7c30 y=d894 u=d40a s=1ff2  dt=24
d391| a6a0        LDA   ,Y+                 cc=c4 a=00 b=00 dp=00 x=7c30 y=d895 u=d40a s=1ff2  dt=48
d393| 9744        STA   <$44                cc=c4 a=00 b=00 dp=00 x=7c30 y=d895 u=d40a s=1ff2  dt=32
d395| 44          LSRA                      cc=c4 a=00 b=00 dp=00 x=7c30 y=d895 u=d40a s=1ff2  dt=16
d396| 44          LSRA                      cc=c4 a=00 b=00 dp=00 x=7c30 y=d895 u=d40a s=1ff2  dt=16
d397| 44          LSRA                      cc=c4 a=00 b=00 dp=00 x=7c30 y=d895 u=d40a s=1ff2  dt=16
d398| 44          LSRA                      cc=c4 a=00 b=00 dp=00 x=7c30 y=d895 u=d40a s=1ff2  dt=16
d399| a6c6        LDA   A,U                 cc=c4 a=00 b=00 dp=00 x=7c30 y=d895 u=d40a s=1ff2  dt=40
d39b| 170016      LBSR  $d3b4               cc=c4 a=00 b=00 dp=00 x=7c30 y=d895 u=d40a s=1ff0  dt=72
d3b4| 972a        STA   <$2a                cc=c4 a=00 b=00 dp=00 x=7c30 y=d895 u=d40a s=1ff0  dt=32
d3b6| 5f          CLRB                      cc=c4 a=00 b=00 dp=00 x=7c30 y=d895 u=d40a s=1ff0  dt=16
d3b7| 85f0        BITA  #$f0                cc=c4 a=00 b=00 dp=00 x=7c30 y=d895 u=d40a s=1ff0  dt=16
d3b9| 2602        BNE   $d3bd               cc=c4 a=00 b=00 dp=00 x=7c30 y=d895 u=d40a s=1ff0  dt=24
d3bb| caf0        ORB   #$f0                cc=c8 a=00 b=f0 dp=00 x=7c30 y=d895 u=d40a s=1ff0  dt=16
d3bd| 850f        BITA  #$0f                cc=c4 a=00 b=f0 dp=00 x=7c30 y=d895 u=d40a s=1ff0  dt=16
d3bf| 2602        BNE   $d3c3               cc=c4 a=00 b=f0 dp=00 x=7c30 y=d895 u=d40a s=1ff0  dt=24
d3c1| ca0f        ORB   #$0f                cc=c8 a=00 b=ff dp=00 x=7c30 y=d895 u=d40a s=1ff0  dt=16
d3c3| e484        ANDB  ,X                  cc=c4 a=00 b=00 dp=00 x=7c30 y=d895 u=d40a s=1ff0  dt=32
d3c5| da2a        ORB   <$2a                cc=c4 a=00 b=00 dp=00 x=7c30 y=d895 u=d40a s=1ff0  dt=32
d3c7| e780        STB   ,X+                 cc=c4 a=00 b=00 dp=00 x=7c31 y=d895 u=d40a s=1ff0  dt=48
d3c9| 39          RTS                       cc=c4 a=00 b=00 dp=00 x=7c31 y=d895 u=d40a s=1ff2  dt=40
d39e| 9644        LDA   <$44                cc=c4 a=00 b=00 dp=00 x=7c31 y=d895 u=d40a s=1ff2  dt=32
d3a0| 840f        ANDA  #$0f                cc=c4 a=00 b=00 dp=00 x=7c31 y=d895 u=d40a s=1ff2  dt=16
d3a2| a6c6        LDA   A,U                 cc=c4 a=00 b=00 dp=00 x=7c31 y=d895 u=d40a s=1ff2  dt=40
d3a4| 17000d      LBSR  $d3b4               cc=c4 a=00 b=00 dp=00 x=7c31 y=d895 u=d40a s=1ff0  dt=72
d3b4| 972a        STA   <$2a                cc=c4 a=00 b=00 dp=00 x=7c31 y=d895 u=d40a s=1ff0  dt=32
d3b6| 5f          CLRB                      cc=c4 a=00 b=00 dp=00 x=7c31 y=d895 u=d40a s=1ff0  dt=16
d3b7| 85f0        BITA  #$f0                cc=c4 a=00 b=00 dp=00 x=7c31 y=d895 u=d40a s=1ff0  dt=16
d3b9| 2602        BNE   $d3bd               cc=c4 a=00 b=00 dp=00 x=7c31 y=d895 u=d40a s=1ff0  dt=24
d3bb| caf0        ORB   #$f0                cc=c8 a=00 b=f0 dp=00 x=7c31 y=d895 u=d40a s=1ff0  dt=16
d3bd| 850f        BITA  #$0f                cc=c4 a=00 b=f0 dp=00 x=7c31 y=d895 u=d40a s=1ff0  dt=16
d3bf| 2602        BNE   $d3c3               cc=c4 a=00 b=f0 dp=00 x=7c31 y=d895 u=d40a s=1ff0  dt=24
d3c1| ca0f        ORB   #$0f                cc=c8 a=00 b=ff dp=00 x=7c31 y=d895 u=d40a s=1ff0  dt=16
d3c3| e484        ANDB  ,X                  cc=c4 a=00 b=00 dp=00 x=7c31 y=d895 u=d40a s=1ff0  dt=32
d3c5| da2a        ORB   <$2a                cc=c4 a=00 b=00 dp=00 x=7c31 y=d895 u=d40a s=1ff0  dt=32
d3c7| e780        STB   ,X+                 cc=c4 a=00 b=00 dp=00 x=7c32 y=d895 u=d40a s=1ff0  dt=48
d3c9| 39          RTS                       cc=c4 a=00 b=00 dp=00 x=7c32 y=d895 u=d40a s=1ff2  dt=40
d3a7| 0a1c        DEC   <$1c                cc=c0 a=00 b=00 dp=00 x=7c32 y=d895 u=d40a s=1ff2  dt=48
d3a9| 26e6        BNE   $d391               cc=c0 a=00 b=00 dp=00 x=7c32 y=d895 u=d40a s=1ff2  dt=24
d391| a6a0        LDA   ,Y+                 cc=c4 a=00 b=00 dp=00 x=7c32 y=d896 u=d40a s=1ff2  dt=48
d393| 9744        STA   <$44                cc=c4 a=00 b=00 dp=00 x=7c32 y=d896 u=d40a s=1ff2  dt=32
d395| 44          LSRA                      cc=c4 a=00 b=00 dp=00 x=7c32 y=d896 u=d40a s=1ff2  dt=16
d396| 44          LSRA                      cc=c4 a=00 b=00 dp=00 x=7c32 y=d896 u=d40a s=1ff2  dt=16
d397| 44          LSRA                      cc=c4 a=00 b=00 dp=00 x=7c32 y=d896 u=d40a s=1ff2  dt=16
d398| 44          LSRA                      cc=c4 a=00 b=00 dp=00 x=7c32 y=d896 u=d40a s=1ff2  dt=16
d399| a6c6        LDA   A,U                 cc=c4 a=00 b=00 dp=00 x=7c32 y=d896 u=d40a s=1ff2  dt=40
d39b| 170016      LBSR  $d3b4               cc=c4 a=00 b=00 dp=00 x=7c32 y=d896 u=d40a s=1ff0  dt=72
d3b4| 972a        STA   <$2a                cc=c4 a=00 b=00 dp=00 x=7c32 y=d896 u=d40a s=1ff0  dt=32
d3b6| 5f          CLRB                      cc=c4 a=00 b=00 dp=00 x=7c32 y=d896 u=d40a s=1ff0  dt=16
d3b7| 85f0        BITA  #$f0                cc=c4 a=00 b=00 dp=00 x=7c32 y=d896 u=d40a s=1ff0  dt=16
d3b9| 2602        BNE   $d3bd               cc=c4 a=00 b=00 dp=00 x=7c32 y=d896 u=d40a s=1ff0  dt=24
d3bb| caf0        ORB   #$f0                cc=c8 a=00 b=f0 dp=00 x=7c32 y=d896 u=d40a s=1ff0  dt=16
d3bd| 850f        BITA  #$0f                cc=c4 a=00 b=f0 dp=00 x=7c32 y=d896 u=d40a s=1ff0  dt=16
d3bf| 2602        BNE   $d3c3               cc=c4 a=00 b=f0 dp=00 x=7c32 y=d896 u=d40a s=1ff0  dt=24
d3c1| ca0f        ORB   #$0f                cc=c8 a=00 b=ff dp=00 x=7c32 y=d896 u=d40a s=1ff0  dt=16
d3c3| e484        ANDB  ,X                  cc=c4 a=00 b=00 dp=00 x=7c32 y=d896 u=d40a s=1ff0  dt=32
d3c5| da2a        ORB   <$2a                cc=c4 a=00 b=00 dp=00 x=7c32 y=d896 u=d40a s=1ff0  dt=32
d3c7| e780        STB   ,X+                 cc=c4 a=00 b=00 dp=00 x=7c33 y=d896 u=d40a s=1ff0  dt=48
d3c9| 39          RTS                       cc=c4 a=00 b=00 dp=00 x=7c33 y=d896 u=d40a s=1ff2  dt=40
d39e| 9644        LDA   <$44                cc=c4 a=00 b=00 dp=00 x=7c33 y=d896 u=d40a s=1ff2  dt=32
d3a0| 840f        ANDA  #$0f                cc=c4 a=00 b=00 dp=00 x=7c33 y=d896 u=d40a s=1ff2  dt=16
d3a2| a6c6        LDA   A,U                 cc=c4 a=00 b=00 dp=00 x=7c33 y=d896 u=d40a s=1ff2  dt=40
d3a4| 17000d      LBSR  $d3b4               cc=c4 a=00 b=00 dp=00 x=7c33 y=d896 u=d40a s=1ff0  dt=72
d3b4| 972a        STA   <$2a                cc=c4 a=00 b=00 dp=00 x=7c33 y=d896 u=d40a s=1ff0  dt=32
d3b6| 5f          CLRB                      cc=c4 a=00 b=00 dp=00 x=7c33 y=d896 u=d40a s=1ff0  dt=16
d3b7| 85f0        BITA  #$f0                cc=c4 a=00 b=00 dp=00 x=7c33 y=d896 u=d40a s=1ff0  dt=16
d3b9| 2602        BNE   $d3bd               cc=c4 a=00 b=00 dp=00 x=7c33 y=d896 u=d40a s=1ff0  dt=24
d3bb| caf0        ORB   #$f0                cc=c8 a=00 b=f0 dp=00 x=7c33 y=d896 u=d40a s=1ff0  dt=16
d3bd| 850f        BITA  #$0f                cc=c4 a=00 b=f0 dp=00 x=7c33 y=d896 u=d40a s=1ff0  dt=16
d3bf| 2602        BNE   $d3c3               cc=c4 a=00 b=f0 dp=00 x=7c33 y=d896 u=d40a s=1ff0  dt=24
d3c1| ca0f        ORB   #$0f                cc=c8 a=00 b=ff dp=00 x=7c33 y=d896 u=d40a s=1ff0  dt=16
d3c3| e484        ANDB  ,X                  cc=c4 a=00 b=00 dp=00 x=7c33 y=d896 u=d40a s=1ff0  dt=32
d3c5| da2a        ORB   <$2a                cc=c4 a=00 b=00 dp=00 x=7c33 y=d896 u=d40a s=1ff0  dt=32
d3c7| e780        STB   ,X+                 cc=c4 a=00 b=00 dp=00 x=7c34 y=d896 u=d40a s=1ff0  dt=48
d3c9| 39          RTS                       cc=c4 a=00 b=00 dp=00 x=7c34 y=d896 u=d40a s=1ff2  dt=40
d3a7| 0a1c        DEC   <$1c                cc=c4 a=00 b=00 dp=00 x=7c34 y=d896 u=d40a s=1ff2  dt=48
d3a9| 26e6        BNE   $d391               cc=c4 a=00 b=00 dp=00 x=7c34 y=d896 u=d40a s=1ff2  dt=24
d3ab| 30890098    LEAX  $0098,X             cc=c0 a=00 b=00 dp=00 x=7ccc y=d896 u=d40a s=1ff2  dt=64
d3af| 0a1b        DEC   <$1b                cc=c0 a=00 b=00 dp=00 x=7ccc y=d896 u=d40a s=1ff2  dt=48
d3b1| 26da        BNE   $d38d               cc=c0 a=00 b=00 dp=00 x=7ccc y=d896 u=d40a s=1ff2  dt=24
d38d| 8604        LDA   #$04                cc=c0 a=04 b=00 dp=00 x=7ccc y=d896 u=d40a s=1ff2  dt=16
d38f| 971c        STA   <$1c                cc=c0 a=04 b=00 dp=00 x=7ccc y=d896 u=d40a s=1ff2  dt=32
d391| a6a0        LDA   ,Y+                 cc=c4 a=00 b=00 dp=00 x=7ccc y=d897 u=d40a s=1ff2  dt=48
d393| 9744        STA   <$44                cc=c4 a=00 b=00 dp=00 x=7ccc y=d897 u=d40a s=1ff2  dt=32
d395| 44          LSRA                      cc=c4 a=00 b=00 dp=00 x=7ccc y=d897 u=d40a s=1ff2  dt=16
d396| 44          LSRA                      cc=c4 a=00 b=00 dp=00 x=7ccc y=d897 u=d40a s=1ff2  dt=16
d397| 44          LSRA                      cc=c4 a=00 b=00 dp=00 x=7ccc y=d897 u=d40a s=1ff2  dt=16
d398| 44          LSRA                      cc=c4 a=00 b=00 dp=00 x=7ccc y=d897 u=d40a s=1ff2  dt=16
d399| a6c6        LDA   A,U                 cc=c4 a=00 b=00 dp=00 x=7ccc y=d897 u=d40a s=1ff2  dt=40
d39b| 170016      LBSR  $d3b4               cc=c4 a=00 b=00 dp=00 x=7ccc y=d897 u=d40a s=1ff0  dt=72
d3b4| 972a        STA   <$2a                cc=c4 a=00 b=00 dp=00 x=7ccc y=d897 u=d40a s=1ff0  dt=32
d3b6| 5f          CLRB                      cc=c4 a=00 b=00 dp=00 x=7ccc y=d897 u=d40a s=1ff0  dt=16
d3b7| 85f0        BITA  #$f0                cc=c4 a=00 b=00 dp=00 x=7ccc y=d897 u=d40a s=1ff0  dt=16
d3b9| 2602        BNE   $d3bd               cc=c4 a=00 b=00 dp=00 x=7ccc y=d897 u=d40a s=1ff0  dt=24
d3bb| caf0        ORB   #$f0                cc=c8 a=00 b=f0 dp=00 x=7ccc y=d897 u=d40a s=1ff0  dt=16
d3bd| 850f        BITA  #$0f                cc=c4 a=00 b=f0 dp=00 x=7ccc y=d897 u=d40a s=1ff0  dt=16
d3bf| 2602        BNE   $d3c3               cc=c4 a=00 b=f0 dp=00 x=7ccc y=d897 u=d40a s=1ff0  dt=24
d3c1| ca0f        ORB   #$0f                cc=c8 a=00 b=ff dp=00 x=7ccc y=d897 u=d40a s=1ff0  dt=16
d3c3| e484        ANDB  ,X                  cc=c4 a=00 b=00 dp=00 x=7ccc y=d897 u=d40a s=1ff0  dt=32
d3c5| da2a        ORB   <$2a                cc=c4 a=00 b=00 dp=00 x=7ccc y=d897 u=d40a s=1ff0  dt=32
d3c7| e780        STB   ,X+                 cc=c4 a=00 b=00 dp=00 x=7ccd y=d897 u=d40a s=1ff0  dt=48
d3c9| 39          RTS                       cc=c4 a=00 b=00 dp=00 x=7ccd y=d897 u=d40a s=1ff2  dt=40
d39e| 9644        LDA   <$44                cc=c4 a=00 b=00 dp=00 x=7ccd y=d897 u=d40a s=1ff2  dt=32
d3a0| 840f        ANDA  #$0f                cc=c4 a=00 b=00 dp=00 x=7ccd y=d897 u=d40a s=1ff2  dt=16
d3a2| a6c6        LDA   A,U                 cc=c4 a=00 b=00 dp=00 x=7ccd y=d897 u=d40a s=1ff2  dt=40
d3a4| 17000d      LBSR  $d3b4               cc=c4 a=00 b=00 dp=00 x=7ccd y=d897 u=d40a s=1ff0  dt=72
d3b4| 972a        STA   <$2a                cc=c4 a=00 b=00 dp=00 x=7ccd y=d897 u=d40a s=1ff0  dt=32
d3b6| 5f          CLRB                      cc=c4 a=00 b=00 dp=00 x=7ccd y=d897 u=d40a s=1ff0  dt=16
d3b7| 85f0        BITA  #$f0                cc=c4 a=00 b=00 dp=00 x=7ccd y=d897 u=d40a s=1ff0  dt=16
d3b9| 2602        BNE   $d3bd               cc=c4 a=00 b=00 dp=00 x=7ccd y=d897 u=d40a s=1ff0  dt=24
d3bb| caf0        ORB   #$f0                cc=c8 a=00 b=f0 dp=00 x=7ccd y=d897 u=d40a s=1ff0  dt=16
d3bd| 850f        BITA  #$0f                cc=c4 a=00 b=f0 dp=00 x=7ccd y=d897 u=d40a s=1ff0  dt=16
d3bf| 2602        BNE   $d3c3               cc=c4 a=00 b=f0 dp=00 x=7ccd y=d897 u=d40a s=1ff0  dt=24
d3c1| ca0f        ORB   #$0f                cc=c8 a=00 b=ff dp=00 x=7ccd y=d897 u=d40a s=1ff0  dt=16
d3c3| e484        ANDB  ,X                  cc=c4 a=00 b=00 dp=00 x=7ccd y=d897 u=d40a s=1ff0  dt=32
d3c5| da2a        ORB   <$2a                cc=c4 a=00 b=00 dp=00 x=7ccd y=d897 u=d40a s=1ff0  dt=32
d3c7| e780        STB   ,X+                 cc=c4 a=00 b=00 dp=00 x=7cce y=d897 u=d40a s=1ff0  dt=48
d3c9| 39          RTS                       cc=c4 a=00 b=00 dp=00 x=7cce y=d897 u=d40a s=1ff2  dt=40
d3a7| 0a1c        DEC   <$1c                cc=c0 a=00 b=00 dp=00 x=7cce y=d897 u=d40a s=1ff2  dt=48
d3a9| 26e6        BNE   $d391               cc=c0 a=00 b=00 dp=00 x=7cce y=d897 u=d40a s=1ff2  dt=24
d391| a6a0        LDA   ,Y+                 cc=c4 a=00 b=00 dp=00 x=7cce y=d898 u=d40a s=1ff2  dt=48
d393| 9744        STA   <$44                cc=c4 a=00 b=00 dp=00 x=7cce y=d898 u=d40a s=1ff2  dt=32
d395| 44          LSRA                      cc=c4 a=00 b=00 dp=00 x=7cce y=d898 u=d40a s=1ff2  dt=16
d396| 44          LSRA                      cc=c4 a=00 b=00 dp=00 x=7cce y=d898 u=d40a s=1ff2  dt=16
d397| 44          LSRA                      cc=c4 a=00 b=00 dp=00 x=7cce y=d898 u=d40a s=1ff2  dt=16
d398| 44          LSRA                      cc=c4 a=00 b=00 dp=00 x=7cce y=d898 u=d40a s=1ff2  dt=16
d399| a6c6        LDA   A,U                 cc=c4 a=00 b=00 dp=00 x=7cce y=d898 u=d40a s=1ff2  dt=40
d39b| 170016      LBSR  $d3b4               cc=c4 a=00 b=00 dp=00 x=7cce y=d898 u=d40a s=1ff0  dt=72
d3b4| 972a        STA   <$2a                cc=c4 a=00 b=00 dp=00 x=7cce y=d898 u=d40a s=1ff0  dt=32
d3b6| 5f          CLRB                      cc=c4 a=00 b=00 dp=00 x=7cce y=d898 u=d40a s=1ff0  dt=16
d3b7| 85f0        BITA  #$f0                cc=c4 a=00 b=00 dp=00 x=7cce y=d898 u=d40a s=1ff0  dt=16
d3b9| 2602        BNE   $d3bd               cc=c4 a=00 b=00 dp=00 x=7cce y=d898 u=d40a s=1ff0  dt=24
d3bb| caf0        ORB   #$f0                cc=c8 a=00 b=f0 dp=00 x=7cce y=d898 u=d40a s=1ff0  dt=16
d3bd| 850f        BITA  #$0f                cc=c4 a=00 b=f0 dp=00 x=7cce y=d898 u=d40a s=1ff0  dt=16
d3bf| 2602        BNE   $d3c3               cc=c4 a=00 b=f0 dp=00 x=7cce y=d898 u=d40a s=1ff0  dt=24
d3c1| ca0f        ORB   #$0f                cc=c8 a=00 b=ff dp=00 x=7cce y=d898 u=d40a s=1ff0  dt=16
d3c3| e484        ANDB  ,X                  cc=c4 a=00 b=00 dp=00 x=7cce y=d898 u=d40a s=1ff0  dt=32
d3c5| da2a        ORB   <$2a                cc=c4 a=00 b=00 dp=00 x=7cce y=d898 u=d40a s=1ff0  dt=32
d3c7| e780        STB   ,X+                 cc=c4 a=00 b=00 dp=00 x=7ccf y=d898 u=d40a s=1ff0  dt=48
d3c9| 39          RTS                       cc=c4 a=00 b=00 dp=00 x=7ccf y=d898 u=d40a s=1ff2  dt=40
d39e| 9644        LDA   <$44                cc=c4 a=00 b=00 dp=00 x=7ccf y=d898 u=d40a s=1ff2  dt=32
d3a0| 840f        ANDA  #$0f                cc=c4 a=00 b=00 dp=00 x=7ccf y=d898 u=d40a s=1ff2  dt=16
d3a2| a6c6        LDA   A,U                 cc=c4 a=00 b=00 dp=00 x=7ccf y=d898 u=d40a s=1ff2  dt=40
d3a4| 17000d      LBSR  $d3b4               cc=c4 a=00 b=00 dp=00 x=7ccf y=d898 u=d40a s=1ff0  dt=72
d3b4| 972a        STA   <$2a                cc=c4 a=00 b=00 dp=00 x=7ccf y=d898 u=d40a s=1ff0  dt=32
d3b6| 5f          CLRB                      cc=c4 a=00 b=00 dp=00 x=7ccf y=d898 u=d40a s=1ff0  dt=16
d3b7| 85f0        BITA  #$f0                cc=c4 a=00 b=00 dp=00 x=7ccf y=d898 u=d40a s=1ff0  dt=16
d3b9| 2602        BNE   $d3bd               cc=c4 a=00 b=00 dp=00 x=7ccf y=d898 u=d40a s=1ff0  dt=24
d3bb| caf0        ORB   #$f0                cc=c8 a=00 b=f0 dp=00 x=7ccf y=d898 u=d40a s=1ff0  dt=16
d3bd| 850f        BITA  #$0f                cc=c4 a=00 b=f0 dp=00 x=7ccf y=d898 u=d40a s=1ff0  dt=16
d3bf| 2602        BNE   $d3c3               cc=c4 a=00 b=f0 dp=00 x=7ccf y=d898 u=d40a s=1ff0  dt=24
d3c1| ca0f        ORB   #$0f                cc=c8 a=00 b=ff dp=00 x=7ccf y=d898 u=d40a s=1ff0  dt=16
d3c3| e484        ANDB  ,X                  cc=c4 a=00 b=00 dp=00 x=7ccf y=d898 u=d40a s=1ff0  dt=32
d3c5| da2a        ORB   <$2a                cc=c4 a=00 b=00 dp=00 x=7ccf y=d898 u=d40a s=1ff0  dt=32
d3c7| e780        STB   ,X+                 cc=c4 a=00 b=00 dp=00 x=7cd0 y=d898 u=d40a s=1ff0  dt=48
d3c9| 39          RTS                       cc=c4 a=00 b=00 dp=00 x=7cd0 y=d898 u=d40a s=1ff2  dt=40
d3a7| 0a1c        DEC   <$1c                cc=c0 a=00 b=00 dp=00 x=7cd0 y=d898 u=d40a s=1ff2  dt=48
d3a9| 26e6        BNE   $d391               cc=c0 a=00 b=00 dp=00 x=7cd0 y=d898 u=d40a s=1ff2  dt=24
d391| a6a0        LDA   ,Y+                 cc=c4 a=00 b=00 dp=00 x=7cd0 y=d899 u=d40a s=1ff2  dt=48
d393| 9744        STA   <$44                cc=c4 a=00 b=00 dp=00 x=7cd0 y=d899 u=d40a s=1ff2  dt=32
d395| 44          LSRA                      cc=c4 a=00 b=00 dp=00 x=7cd0 y=d899 u=d40a s=1ff2  dt=16
d396| 44          LSRA                      cc=c4 a=00 b=00 dp=00 x=7cd0 y=d899 u=d40a s=1ff2  dt=16
d397| 44          LSRA                      cc=c4 a=00 b=00 dp=00 x=7cd0 y=d899 u=d40a s=1ff2  dt=16
d398| 44          LSRA                      cc=c4 a=00 b=00 dp=00 x=7cd0 y=d899 u=d40a s=1ff2  dt=16
d399| a6c6        LDA   A,U                 cc=c4 a=00 b=00 dp=00 x=7cd0 y=d899 u=d40a s=1ff2  dt=40
d39b| 170016      LBSR  $d3b4               cc=c4 a=00 b=00 dp=00 x=7cd0 y=d899 u=d40a s=1ff0  dt=72
d3b4| 972a        STA   <$2a                cc=c4 a=00 b=00 dp=00 x=7cd0 y=d899 u=d40a s=1ff0  dt=32
d3b6| 5f          CLRB                      cc=c4 a=00 b=00 dp=00 x=7cd0 y=d899 u=d40a s=1ff0  dt=16
d3b7| 85f0        BITA  #$f0                cc=c4 a=00 b=00 dp=00 x=7cd0 y=d899 u=d40a s=1ff0  dt=16
d3b9| 2602        BNE   $d3bd               cc=c4 a=00 b=00 dp=00 x=7cd0 y=d899 u=d40a s=1ff0  dt=24
d3bb| caf0        ORB   #$f0                cc=c8 a=00 b=f0 dp=00 x=7cd0 y=d899 u=d40a s=1ff0  dt=16
d3bd| 850f        BITA  #$0f                cc=c4 a=00 b=f0 dp=00 x=7cd0 y=d899 u=d40a s=1ff0  dt=16
d3bf| 2602        BNE   $d3c3               cc=c4 a=00 b=f0 dp=00 x=7cd0 y=d899 u=d40a s=1ff0  dt=24
d3c1| ca0f        ORB   #$0f                cc=c8 a=00 b=ff dp=00 x=7cd0 y=d899 u=d40a s=1ff0  dt=16
d3c3| e484        ANDB  ,X                  cc=c4 a=00 b=00 dp=00 x=7cd0 y=d899 u=d40a s=1ff0  dt=32
d3c5| da2a        ORB   <$2a                cc=c4 a=00 b=00 dp=00 x=7cd0 y=d899 u=d40a s=1ff0  dt=32
d3c7| e780        STB   ,X+                 cc=c4 a=00 b=00 dp=00 x=7cd1 y=d899 u=d40a s=1ff0  dt=48
d3c9| 39          RTS                       cc=c4 a=00 b=00 dp=00 x=7cd1 y=d899 u=d40a s=1ff2  dt=40
d39e| 9644        LDA   <$44                cc=c4 a=00 b=00 dp=00 x=7cd1 y=d899 u=d40a s=1ff2  dt=32
d3a0| 840f        ANDA  #$0f                cc=c4 a=00 b=00 dp=00 x=7cd1 y=d899 u=d40a s=1ff2  dt=16
d3a2| a6c6        LDA   A,U                 cc=c4 a=00 b=00 dp=00 x=7cd1 y=d899 u=d40a s=1ff2  dt=40
d3a4| 17000d      LBSR  $d3b4               cc=c4 a=00 b=00 dp=00 x=7cd1 y=d899 u=d40a s=1ff0  dt=72
d3b4| 972a        STA   <$2a                cc=c4 a=00 b=00 dp=00 x=7cd1 y=d899 u=d40a s=1ff0  dt=32
d3b6| 5f          CLRB                      cc=c4 a=00 b=00 dp=00 x=7cd1 y=d899 u=d40a s=1ff0  dt=16
d3b7| 85f0        BITA  #$f0                cc=c4 a=00 b=00 dp=00 x=7cd1 y=d899 u=d40a s=1ff0  dt=16
d3b9| 2602        BNE   $d3bd               cc=c4 a=00 b=00 dp=00 x=7cd1 y=d899 u=d40a s=1ff0  dt=24
d3bb| caf0        ORB   #$f0                cc=c8 a=00 b=f0 dp=00 x=7cd1 y=d899 u=d40a s=1ff0  dt=16
d3bd| 850f        BITA  #$0f                cc=c4 a=00 b=f0 dp=00 x=7cd1 y=d899 u=d40a s=1ff0  dt=16
d3bf| 2602        BNE   $d3c3               cc=c4 a=00 b=f0 dp=00 x=7cd1 y=d899 u=d40a s=1ff0  dt=24
d3c1| ca0f        ORB   #$0f                cc=c8 a=00 b=ff dp=00 x=7cd1 y=d899 u=d40a s=1ff0  dt=16
d3c3| e484        ANDB  ,X                  cc=c4 a=00 b=00 dp=00 x=7cd1 y=d899 u=d40a s=1ff0  dt=32
d3c5| da2a        ORB   <$2a                cc=c4 a=00 b=00 dp=00 x=7cd1 y=d899 u=d40a s=1ff0  dt=32
d3c7| e780        STB   ,X+                 cc=c4 a=00 b=00 dp=00 x=7cd2 y=d899 u=d40a s=1ff0  dt=48
d3c9| 39          RTS                       cc=c4 a=00 b=00 dp=00 x=7cd2 y=d899 u=d40a s=1ff2  dt=40
d3a7| 0a1c        DEC   <$1c                cc=c0 a=00 b=00 dp=00 x=7cd2 y=d899 u=d40a s=1ff2  dt=48
d3a9| 26e6        BNE   $d391               cc=c0 a=00 b=00 dp=00 x=7cd2 y=d899 u=d40a s=1ff2  dt=24
d391| a6a0        LDA   ,Y+                 cc=c4 a=00 b=00 dp=00 x=7cd2 y=d89a u=d40a s=1ff2  dt=48
d393| 9744        STA   <$44                cc=c4 a=00 b=00 dp=00 x=7cd2 y=d89a u=d40a s=1ff2  dt=32
d395| 44          LSRA                      cc=c4 a=00 b=00 dp=00 x=7cd2 y=d89a u=d40a s=1ff2  dt=16
d396| 44          LSRA                      cc=c4 a=00 b=00 dp=00 x=7cd2 y=d89a u=d40a s=1ff2  dt=16
d397| 44          LSRA                      cc=c4 a=00 b=00 dp=00 x=7cd2 y=d89a u=d40a s=1ff2  dt=16
d398| 44          LSRA                      cc=c4 a=00 b=00 dp=00 x=7cd2 y=d89a u=d40a s=1ff2  dt=16
d399| a6c6        LDA   A,U                 cc=c4 a=00 b=00 dp=00 x=7cd2 y=d89a u=d40a s=1ff2  dt=40
d39b| 170016      LBSR  $d3b4               cc=c4 a=00 b=00 dp=00 x=7cd2 y=d89a u=d40a s=1ff0  dt=72
d3b4| 972a        STA   <$2a                cc=c4 a=00 b=00 dp=00 x=7cd2 y=d89a u=d40a s=1ff0  dt=32
d3b6| 5f          CLRB                      cc=c4 a=00 b=00 dp=00 x=7cd2 y=d89a u=d40a s=1ff0  dt=16
d3b7| 85f0        BITA  #$f0                cc=c4 a=00 b=00 dp=00 x=7cd2 y=d89a u=d40a s=1ff0  dt=16
d3b9| 2602        BNE   $d3bd               cc=c4 a=00 b=00 dp=00 x=7cd2 y=d89a u=d40a s=1ff0  dt=24
d3bb| caf0        ORB   #$f0                cc=c8 a=00 b=f0 dp=00 x=7cd2 y=d89a u=d40a s=1ff0  dt=16
d3bd| 850f        BITA  #$0f                cc=c4 a=00 b=f0 dp=00 x=7cd2 y=d89a u=d40a s=1ff0  dt=16
d3bf| 2602        BNE   $d3c3               cc=c4 a=00 b=f0 dp=00 x=7cd2 y=d89a u=d40a s=1ff0  dt=24
d3c1| ca0f        ORB   #$0f                cc=c8 a=00 b=ff dp=00 x=7cd2 y=d89a u=d40a s=1ff0  dt=16
d3c3| e484        ANDB  ,X                  cc=c4 a=00 b=00 dp=00 x=7cd2 y=d89a u=d40a s=1ff0  dt=32
d3c5| da2a        ORB   <$2a                cc=c4 a=00 b=00 dp=00 x=7cd2 y=d89a u=d40a s=1ff0  dt=32
d3c7| e780        STB   ,X+                 cc=c4 a=00 b=00 dp=00 x=7cd3 y=d89a u=d40a s=1ff0  dt=48
d3c9| 39          RTS                       cc=c4 a=00 b=00 dp=00 x=7cd3 y=d89a u=d40a s=1ff2  dt=40
d39e| 9644        LDA   <$44                cc=c4 a=00 b=00 dp=00 x=7cd3 y=d89a u=d40a s=1ff2  dt=32
d3a0| 840f        ANDA  #$0f                cc=c4 a=00 b=00 dp=00 x=7cd3 y=d89a u=d40a s=1ff2  dt=16
d3a2| a6c6        LDA   A,U                 cc=c4 a=00 b=00 dp=00 x=7cd3 y=d89a u=d40a s=1ff2  dt=40
d3a4| 17000d      LBSR  $d3b4               cc=c4 a=00 b=00 dp=00 x=7cd3 y=d89a u=d40a s=1ff0  dt=72
d3b4| 972a        STA   <$2a                cc=c4 a=00 b=00 dp=00 x=7cd3 y=d89a u=d40a s=1ff0  dt=32
d3b6| 5f          CLRB                      cc=c4 a=00 b=00 dp=00 x=7cd3 y=d89a u=d40a s=1ff0  dt=16
d3b7| 85f0        BITA  #$f0                cc=c4 a=00 b=00 dp=00 x=7cd3 y=d89a u=d40a s=1ff0  dt=16
d3b9| 2602        BNE   $d3bd               cc=c4 a=00 b=00 dp=00 x=7cd3 y=d89a u=d40a s=1ff0  dt=24
d3bb| caf0        ORB   #$f0                cc=c8 a=00 b=f0 dp=00 x=7cd3 y=d89a u=d40a s=1ff0  dt=16
d3bd| 850f        BITA  #$0f                cc=c4 a=00 b=f0 dp=00 x=7cd3 y=d89a u=d40a s=1ff0  dt=16
d3bf| 2602        BNE   $d3c3               cc=c4 a=00 b=f0 dp=00 x=7cd3 y=d89a u=d40a s=1ff0  dt=24
d3c1| ca0f        ORB   #$0f                cc=c8 a=00 b=ff dp=00 x=7cd3 y=d89a u=d40a s=1ff0  dt=16
d3c3| e484        ANDB  ,X                  cc=c4 a=00 b=00 dp=00 x=7cd3 y=d89a u=d40a s=1ff0  dt=32
d3c5| da2a        ORB   <$2a                cc=c4 a=00 b=00 dp=00 x=7cd3 y=d89a u=d40a s=1ff0  dt=32
d3c7| e780        STB   ,X+                 cc=c4 a=00 b=00 dp=00 x=7cd4 y=d89a u=d40a s=1ff0  dt=48
d3c9| 39          RTS                       cc=c4 a=00 b=00 dp=00 x=7cd4 y=d89a u=d40a s=1ff2  dt=40
d3a7| 0a1c        DEC   <$1c                cc=c4 a=00 b=00 dp=00 x=7cd4 y=d89a u=d40a s=1ff2  dt=48
d3a9| 26e6        BNE   $d391               cc=c4 a=00 b=00 dp=00 x=7cd4 y=d89a u=d40a s=1ff2  dt=24
d3ab| 30890098    LEAX  $0098,X             cc=c0 a=00 b=00 dp=00 x=7d6c y=d89a u=d40a s=1ff2  dt=64
d3af| 0a1b        DEC   <$1b                cc=c0 a=00 b=00 dp=00 x=7d6c y=d89a u=d40a s=1ff2  dt=48
d3b1| 26da        BNE   $d38d               cc=c0 a=00 b=00 dp=00 x=7d6c y=d89a u=d40a s=1ff2  dt=24
d38d| 8604        LDA   #$04                cc=c0 a=04 b=00 dp=00 x=7d6c y=d89a u=d40a s=1ff2  dt=16
d38f| 971c        STA   <$1c                cc=c0 a=04 b=00 dp=00 x=7d6c y=d89a u=d40a s=1ff2  dt=32
d391| a6a0        LDA   ,Y+                 cc=c4 a=00 b=00 dp=00 x=7d6c y=d89b u=d40a s=1ff2  dt=48
d393| 9744        STA   <$44                cc=c4 a=00 b=00 dp=00 x=7d6c y=d89b u=d40a s=1ff2  dt=32
d395| 44          LSRA                      cc=c4 a=00 b=00 dp=00 x=7d6c y=d89b u=d40a s=1ff2  dt=16
d396| 44          LSRA                      cc=c4 a=00 b=00 dp=00 x=7d6c y=d89b u=d40a s=1ff2  dt=16
d397| 44          LSRA                      cc=c4 a=00 b=00 dp=00 x=7d6c y=d89b u=d40a s=1ff2  dt=16
d398| 44          LSRA                      cc=c4 a=00 b=00 dp=00 x=7d6c y=d89b u=d40a s=1ff2  dt=16
d399| a6c6        LDA   A,U                 cc=c4 a=00 b=00 dp=00 x=7d6c y=d89b u=d40a s=1ff2  dt=40
d39b| 170016      LBSR  $d3b4               cc=c4 a=00 b=00 dp=00 x=7d6c y=d89b u=d40a s=1ff0  dt=72
d3b4| 972a        STA   <$2a                cc=c4 a=00 b=00 dp=00 x=7d6c y=d89b u=d40a s=1ff0  dt=32
d3b6| 5f          CLRB                      cc=c4 a=00 b=00 dp=00 x=7d6c y=d89b u=d40a s=1ff0  dt=16
d3b7| 85f0        BITA  #$f0                cc=c4 a=00 b=00 dp=00 x=7d6c y=d89b u=d40a s=1ff0  dt=16
d3b9| 2602        BNE   $d3bd               cc=c4 a=00 b=00 dp=00 x=7d6c y=d89b u=d40a s=1ff0  dt=24
d3bb| caf0        ORB   #$f0                cc=c8 a=00 b=f0 dp=00 x=7d6c y=d89b u=d40a s=1ff0  dt=16
d3bd| 850f        BITA  #$0f                cc=c4 a=00 b=f0 dp=00 x=7d6c y=d89b u=d40a s=1ff0  dt=16
d3bf| 2602        BNE   $d3c3               cc=c4 a=00 b=f0 dp=00 x=7d6c y=d89b u=d40a s=1ff0  dt=24
d3c1| ca0f        ORB   #$0f                cc=c8 a=00 b=ff dp=00 x=7d6c y=d89b u=d40a s=1ff0  dt=16
d3c3| e484        ANDB  ,X                  cc=c4 a=00 b=00 dp=00 x=7d6c y=d89b u=d40a s=1ff0  dt=32
d3c5| da2a        ORB   <$2a                cc=c4 a=00 b=00 dp=00 x=7d6c y=d89b u=d40a s=1ff0  dt=32
d3c7| e780        STB   ,X+                 cc=c4 a=00 b=00 dp=00 x=7d6d y=d89b u=d40a s=1ff0  dt=48
d3c9| 39          RTS                       cc=c4 a=00 b=00 dp=00 x=7d6d y=d89b u=d40a s=1ff2  dt=40
d39e| 9644        LDA   <$44                cc=c4 a=00 b=00 dp=00 x=7d6d y=d89b u=d40a s=1ff2  dt=32
d3a0| 840f        ANDA  #$0f                cc=c4 a=00 b=00 dp=00 x=7d6d y=d89b u=d40a s=1ff2  dt=16
d3a2| a6c6        LDA   A,U                 cc=c4 a=00 b=00 dp=00 x=7d6d y=d89b u=d40a s=1ff2  dt=40
d3a4| 17000d      LBSR  $d3b4               cc=c4 a=00 b=00 dp=00 x=7d6d y=d89b u=d40a s=1ff0  dt=72
d3b4| 972a        STA   <$2a                cc=c4 a=00 b=00 dp=00 x=7d6d y=d89b u=d40a s=1ff0  dt=32
d3b6| 5f          CLRB                      cc=c4 a=00 b=00 dp=00 x=7d6d y=d89b u=d40a s=1ff0  dt=16
d3b7| 85f0        BITA  #$f0                cc=c4 a=00 b=00 dp=00 x=7d6d y=d89b u=d40a s=1ff0  dt=16
d3b9| 2602        BNE   $d3bd               cc=c4 a=00 b=00 dp=00 x=7d6d y=d89b u=d40a s=1ff0  dt=24
d3bb| caf0        ORB   #$f0                cc=c8 a=00 b=f0 dp=00 x=7d6d y=d89b u=d40a s=1ff0  dt=16
d3bd| 850f        BITA  #$0f                cc=c4 a=00 b=f0 dp=00 x=7d6d y=d89b u=d40a s=1ff0  dt=16
d3bf| 2602        BNE   $d3c3               cc=c4 a=00 b=f0 dp=00 x=7d6d y=d89b u=d40a s=1ff0  dt=24
d3c1| ca0f        ORB   #$0f                cc=c8 a=00 b=ff dp=00 x=7d6d y=d89b u=d40a s=1ff0  dt=16
d3c3| e484        ANDB  ,X                  cc=c4 a=00 b=00 dp=00 x=7d6d y=d89b u=d40a s=1ff0  dt=32
d3c5| da2a        ORB   <$2a                cc=c4 a=00 b=00 dp=00 x=7d6d y=d89b u=d40a s=1ff0  dt=32
d3c7| e780        STB   ,X+                 cc=c4 a=00 b=00 dp=00 x=7d6e y=d89b u=d40a s=1ff0  dt=48
d3c9| 39          RTS                       cc=c4 a=00 b=00 dp=00 x=7d6e y=d89b u=d40a s=1ff2  dt=40
d3a7| 0a1c        DEC   <$1c                cc=c0 a=00 b=00 dp=00 x=7d6e y=d89b u=d40a s=1ff2  dt=48
d3a9| 26e6        BNE   $d391               cc=c0 a=00 b=00 dp=00 x=7d6e y=d89b u=d40a s=1ff2  dt=24
d391| a6a0        LDA   ,Y+                 cc=c4 a=00 b=00 dp=00 x=7d6e y=d89c u=d40a s=1ff2  dt=48
d393| 9744        STA   <$44                cc=c4 a=00 b=00 dp=00 x=7d6e y=d89c u=d40a s=1ff2  dt=32
d395| 44          LSRA                      cc=c4 a=00 b=00 dp=00 x=7d6e y=d89c u=d40a s=1ff2  dt=16
d396| 44          LSRA                      cc=c4 a=00 b=00 dp=00 x=7d6e y=d89c u=d40a s=1ff2  dt=16
d397| 44          LSRA                      cc=c4 a=00 b=00 dp=00 x=7d6e y=d89c u=d40a s=1ff2  dt=16
d398| 44          LSRA                      cc=c4 a=00 b=00 dp=00 x=7d6e y=d89c u=d40a s=1ff2  dt=16
d399| a6c6        LDA   A,U                 cc=c4 a=00 b=00 dp=00 x=7d6e y=d89c u=d40a s=1ff2  dt=40
d39b| 170016      LBSR  $d3b4               cc=c4 a=00 b=00 dp=00 x=7d6e y=d89c u=d40a s=1ff0  dt=72
d3b4| 972a        STA   <$2a                cc=c4 a=00 b=00 dp=00 x=7d6e y=d89c u=d40a s=1ff0  dt=32
d3b6| 5f          CLRB                      cc=c4 a=00 b=00 dp=00 x=7d6e y=d89c u=d40a s=1ff0  dt=16
d3b7| 85f0        BITA  #$f0                cc=c4 a=00 b=00 dp=00 x=7d6e y=d89c u=d40a s=1ff0  dt=16
d3b9| 2602        BNE   $d3bd               cc=c4 a=00 b=00 dp=00 x=7d6e y=d89c u=d40a s=1ff0  dt=24
d3bb| caf0        ORB   #$f0                cc=c8 a=00 b=f0 dp=00 x=7d6e y=d89c u=d40a s=1ff0  dt=16
d3bd| 850f        BITA  #$0f                cc=c4 a=00 b=f0 dp=00 x=7d6e y=d89c u=d40a s=1ff0  dt=16
d3bf| 2602        BNE   $d3c3               cc=c4 a=00 b=f0 dp=00 x=7d6e y=d89c u=d40a s=1ff0  dt=24
d3c1| ca0f        ORB   #$0f                cc=c8 a=00 b=ff dp=00 x=7d6e y=d89c u=d40a s=1ff0  dt=16
d3c3| e484        ANDB  ,X                  cc=c4 a=00 b=00 dp=00 x=7d6e y=d89c u=d40a s=1ff0  dt=32
d3c5| da2a        ORB   <$2a                cc=c4 a=00 b=00 dp=00 x=7d6e y=d89c u=d40a s=1ff0  dt=32
d3c7| e780        STB   ,X+                 cc=c4 a=00 b=00 dp=00 x=7d6f y=d89c u=d40a s=1ff0  dt=48
d3c9| 39          RTS                       cc=c4 a=00 b=00 dp=00 x=7d6f y=d89c u=d40a s=1ff2  dt=40
d39e| 9644        LDA   <$44                cc=c4 a=00 b=00 dp=00 x=7d6f y=d89c u=d40a s=1ff2  dt=32
d3a0| 840f        ANDA  #$0f                cc=c4 a=00 b=00 dp=00 x=7d6f y=d89c u=d40a s=1ff2  dt=16
d3a2| a6c6        LDA   A,U                 cc=c4 a=00 b=00 dp=00 x=7d6f y=d89c u=d40a s=1ff2  dt=40
d3a4| 17000d      LBSR  $d3b4               cc=c4 a=00 b=00 dp=00 x=7d6f y=d89c u=d40a s=1ff0  dt=72
d3b4| 972a        STA   <$2a                cc=c4 a=00 b=00 dp=00 x=7d6f y=d89c u=d40a s=1ff0  dt=32
d3b6| 5f          CLRB                      cc=c4 a=00 b=00 dp=00 x=7d6f y=d89c u=d40a s=1ff0  dt=16
d3b7| 85f0        BITA  #$f0                cc=c4 a=00 b=00 dp=00 x=7d6f y=d89c u=d40a s=1ff0  dt=16
d3b9| 2602        BNE   $d3bd               cc=c4 a=00 b=00 dp=00 x=7d6f y=d89c u=d40a s=1ff0  dt=24
d3bb| caf0        ORB   #$f0                cc=c8 a=00 b=f0 dp=00 x=7d6f y=d89c u=d40a s=1ff0  dt=16
d3bd| 850f        BITA  #$0f                cc=c4 a=00 b=f0 dp=00 x=7d6f y=d89c u=d40a s=1ff0  dt=16
d3bf| 2602        BNE   $d3c3               cc=c4 a=00 b=f0 dp=00 x=7d6f y=d89c u=d40a s=1ff0  dt=24
d3c1| ca0f        ORB   #$0f                cc=c8 a=00 b=ff dp=00 x=7d6f y=d89c u=d40a s=1ff0  dt=16
d3c3| e484        ANDB  ,X                  cc=c4 a=00 b=00 dp=00 x=7d6f y=d89c u=d40a s=1ff0  dt=32
d3c5| da2a        ORB   <$2a                cc=c4 a=00 b=00 dp=00 x=7d6f y=d89c u=d40a s=1ff0  dt=32
d3c7| e780        STB   ,X+                 cc=c4 a=00 b=00 dp=00 x=7d70 y=d89c u=d40a s=1ff0  dt=48
d3c9| 39          RTS                       cc=c4 a=00 b=00 dp=00 x=7d70 y=d89c u=d40a s=1ff2  dt=40
d3a7| 0a1c        DEC   <$1c                cc=c0 a=00 b=00 dp=00 x=7d70 y=d89c u=d40a s=1ff2  dt=48
d3a9| 26e6        BNE   $d391               cc=c0 a=00 b=00 dp=00 x=7d70 y=d89c u=d40a s=1ff2  dt=24
d391| a6a0        LDA   ,Y+                 cc=c4 a=00 b=00 dp=00 x=7d70 y=d89d u=d40a s=1ff2  dt=48
d393| 9744        STA   <$44                cc=c4 a=00 b=00 dp=00 x=7d70 y=d89d u=d40a s=1ff2  dt=32
d395| 44          LSRA                      cc=c4 a=00 b=00 dp=00 x=7d70 y=d89d u=d40a s=1ff2  dt=16
d396| 44          LSRA                      cc=c4 a=00 b=00 dp=00 x=7d70 y=d89d u=d40a s=1ff2  dt=16
d397| 44          LSRA                      cc=c4 a=00 b=00 dp=00 x=7d70 y=d89d u=d40a s=1ff2  dt=16
d398| 44          LSRA                      cc=c4 a=00 b=00 dp=00 x=7d70 y=d89d u=d40a s=1ff2  dt=16
d399| a6c6        LDA   A,U                 cc=c4 a=00 b=00 dp=00 x=7d70 y=d89d u=d40a s=1ff2  dt=40
d39b| 170016      LBSR  $d3b4               cc=c4 a=00 b=00 dp=00 x=7d70 y=d89d u=d40a s=1ff0  dt=72
d3b4| 972a        STA   <$2a                cc=c4 a=00 b=00 dp=00 x=7d70 y=d89d u=d40a s=1ff0  dt=32
d3b6| 5f          CLRB                      cc=c4 a=00 b=00 dp=00 x=7d70 y=d89d u=d40a s=1ff0  dt=16
d3b7| 85f0        BITA  #$f0                cc=c4 a=00 b=00 dp=00 x=7d70 y=d89d u=d40a s=1ff0  dt=16
d3b9| 2602        BNE   $d3bd               cc=c4 a=00 b=00 dp=00 x=7d70 y=d89d u=d40a s=1ff0  dt=24
d3bb| caf0        ORB   #$f0                cc=c8 a=00 b=f0 dp=00 x=7d70 y=d89d u=d40a s=1ff0  dt=16
d3bd| 850f        BITA  #$0f                cc=c4 a=00 b=f0 dp=00 x=7d70 y=d89d u=d40a s=1ff0  dt=16
d3bf| 2602        BNE   $d3c3               cc=c4 a=00 b=f0 dp=00 x=7d70 y=d89d u=d40a s=1ff0  dt=24
d3c1| ca0f        ORB   #$0f                cc=c8 a=00 b=ff dp=00 x=7d70 y=d89d u=d40a s=1ff0  dt=16
d3c3| e484        ANDB  ,X                  cc=c4 a=00 b=00 dp=00 x=7d70 y=d89d u=d40a s=1ff0  dt=32
d3c5| da2a        ORB   <$2a                cc=c4 a=00 b=00 dp=00 x=7d70 y=d89d u=d40a s=1ff0  dt=32
d3c7| e780        STB   ,X+                 cc=c4 a=00 b=00 dp=00 x=7d71 y=d89d u=d40a s=1ff0  dt=48
d3c9| 39          RTS                       cc=c4 a=00 b=00 dp=00 x=7d71 y=d89d u=d40a s=1ff2  dt=40
d39e| 9644        LDA   <$44                cc=c4 a=00 b=00 dp=00 x=7d71 y=d89d u=d40a s=1ff2  dt=32
d3a0| 840f        ANDA  #$0f                cc=c4 a=00 b=00 dp=00 x=7d71 y=d89d u=d40a s=1ff2  dt=16
d3a2| a6c6        LDA   A,U                 cc=c4 a=00 b=00 dp=00 x=7d71 y=d89d u=d40a s=1ff2  dt=40
d3a4| 17000d      LBSR  $d3b4               cc=c4 a=00 b=00 dp=00 x=7d71 y=d89d u=d40a s=1ff0  dt=72
d3b4| 972a        STA   <$2a                cc=c4 a=00 b=00 dp=00 x=7d71 y=d89d u=d40a s=1ff0  dt=32
d3b6| 5f          CLRB                      cc=c4 a=00 b=00 dp=00 x=7d71 y=d89d u=d40a s=1ff0  dt=16
d3b7| 85f0        BITA  #$f0                cc=c4 a=00 b=00 dp=00 x=7d71 y=d89d u=d40a s=1ff0  dt=16
d3b9| 2602        BNE   $d3bd               cc=c4 a=00 b=00 dp=00 x=7d71 y=d89d u=d40a s=1ff0  dt=24
d3bb| caf0        ORB   #$f0                cc=c8 a=00 b=f0 dp=00 x=7d71 y=d89d u=d40a s=1ff0  dt=16
d3bd| 850f        BITA  #$0f                cc=c4 a=00 b=f0 dp=00 x=7d71 y=d89d u=d40a s=1ff0  dt=16
d3bf| 2602        BNE   $d3c3               cc=c4 a=00 b=f0 dp=00 x=7d71 y=d89d u=d40a s=1ff0  dt=24
d3c1| ca0f        ORB   #$0f                cc=c8 a=00 b=ff dp=00 x=7d71 y=d89d u=d40a s=1ff0  dt=16
d3c3| e484        ANDB  ,X                  cc=c4 a=00 b=00 dp=00 x=7d71 y=d89d u=d40a s=1ff0  dt=32
d3c5| da2a        ORB   <$2a                cc=c4 a=00 b=00 dp=00 x=7d71 y=d89d u=d40a s=1ff0  dt=32
d3c7| e780        STB   ,X+                 cc=c4 a=00 b=00 dp=00 x=7d72 y=d89d u=d40a s=1ff0  dt=48
d3c9| 39          RTS                       cc=c4 a=00 b=00 dp=00 x=7d72 y=d89d u=d40a s=1ff2  dt=40
d3a7| 0a1c        DEC   <$1c                cc=c0 a=00 b=00 dp=00 x=7d72 y=d89d u=d40a s=1ff2  dt=48
d3a9| 26e6        BNE   $d391               cc=c0 a=00 b=00 dp=00 x=7d72 y=d89d u=d40a s=1ff2  dt=24
d391| a6a0        LDA   ,Y+                 cc=c4 a=00 b=00 dp=00 x=7d72 y=d89e u=d40a s=1ff2  dt=48
d393| 9744        STA   <$44                cc=c4 a=00 b=00 dp=00 x=7d72 y=d89e u=d40a s=1ff2  dt=32
d395| 44          LSRA                      cc=c4 a=00 b=00 dp=00 x=7d72 y=d89e u=d40a s=1ff2  dt=16
d396| 44          LSRA                      cc=c4 a=00 b=00 dp=00 x=7d72 y=d89e u=d40a s=1ff2  dt=16
d397| 44          LSRA                      cc=c4 a=00 b=00 dp=00 x=7d72 y=d89e u=d40a s=1ff2  dt=16
d398| 44          LSRA                      cc=c4 a=00 b=00 dp=00 x=7d72 y=d89e u=d40a s=1ff2  dt=16
d399| a6c6        LDA   A,U                 cc=c4 a=00 b=00 dp=00 x=7d72 y=d89e u=d40a s=1ff2  dt=40
d39b| 170016      LBSR  $d3b4               cc=c4 a=00 b=00 dp=00 x=7d72 y=d89e u=d40a s=1ff0  dt=72
d3b4| 972a        STA   <$2a                cc=c4 a=00 b=00 dp=00 x=7d72 y=d89e u=d40a s=1ff0  dt=32
d3b6| 5f          CLRB                      cc=c4 a=00 b=00 dp=00 x=7d72 y=d89e u=d40a s=1ff0  dt=16
d3b7| 85f0        BITA  #$f0                cc=c4 a=00 b=00 dp=00 x=7d72 y=d89e u=d40a s=1ff0  dt=16
d3b9| 2602        BNE   $d3bd               cc=c4 a=00 b=00 dp=00 x=7d72 y=d89e u=d40a s=1ff0  dt=24
d3bb| caf0        ORB   #$f0                cc=c8 a=00 b=f0 dp=00 x=7d72 y=d89e u=d40a s=1ff0  dt=16
d3bd| 850f        BITA  #$0f                cc=c4 a=00 b=f0 dp=00 x=7d72 y=d89e u=d40a s=1ff0  dt=16
d3bf| 2602        BNE   $d3c3               cc=c4 a=00 b=f0 dp=00 x=7d72 y=d89e u=d40a s=1ff0  dt=24
d3c1| ca0f        ORB   #$0f                cc=c8 a=00 b=ff dp=00 x=7d72 y=d89e u=d40a s=1ff0  dt=16
d3c3| e484        ANDB  ,X                  cc=c4 a=00 b=00 dp=00 x=7d72 y=d89e u=d40a s=1ff0  dt=32
d3c5| da2a        ORB   <$2a                cc=c4 a=00 b=00 dp=00 x=7d72 y=d89e u=d40a s=1ff0  dt=32
d3c7| e780        STB   ,X+                 cc=c4 a=00 b=00 dp=00 x=7d73 y=d89e u=d40a s=1ff0  dt=48
d3c9| 39          RTS                       cc=c4 a=00 b=00 dp=00 x=7d73 y=d89e u=d40a s=1ff2  dt=40
d39e| 9644        LDA   <$44                cc=c4 a=00 b=00 dp=00 x=7d73 y=d89e u=d40a s=1ff2  dt=32
d3a0| 840f        ANDA  #$0f                cc=c4 a=00 b=00 dp=00 x=7d73 y=d89e u=d40a s=1ff2  dt=16
d3a2| a6c6        LDA   A,U                 cc=c4 a=00 b=00 dp=00 x=7d73 y=d89e u=d40a s=1ff2  dt=40
d3a4| 17000d      LBSR  $d3b4               cc=c4 a=00 b=00 dp=00 x=7d73 y=d89e u=d40a s=1ff0  dt=72
d3b4| 972a        STA   <$2a                cc=c4 a=00 b=00 dp=00 x=7d73 y=d89e u=d40a s=1ff0  dt=32
d3b6| 5f          CLRB                      cc=c4 a=00 b=00 dp=00 x=7d73 y=d89e u=d40a s=1ff0  dt=16
d3b7| 85f0        BITA  #$f0                cc=c4 a=00 b=00 dp=00 x=7d73 y=d89e u=d40a s=1ff0  dt=16
d3b9| 2602        BNE   $d3bd               cc=c4 a=00 b=00 dp=00 x=7d73 y=d89e u=d40a s=1ff0  dt=24
d3bb| caf0        ORB   #$f0                cc=c8 a=00 b=f0 dp=00 x=7d73 y=d89e u=d40a s=1ff0  dt=16
d3bd| 850f        BITA  #$0f                cc=c4 a=00 b=f0 dp=00 x=7d73 y=d89e u=d40a s=1ff0  dt=16
d3bf| 2602        BNE   $d3c3               cc=c4 a=00 b=f0 dp=00 x=7d73 y=d89e u=d40a s=1ff0  dt=24
d3c1| ca0f        ORB   #$0f                cc=c8 a=00 b=ff dp=00 x=7d73 y=d89e u=d40a s=1ff0  dt=16
d3c3| e484        ANDB  ,X                  cc=c4 a=00 b=00 dp=00 x=7d73 y=d89e u=d40a s=1ff0  dt=32
d3c5| da2a        ORB   <$2a                cc=c4 a=00 b=00 dp=00 x=7d73 y=d89e u=d40a s=1ff0  dt=32
d3c7| e780        STB   ,X+                 cc=c4 a=00 b=00 dp=00 x=7d74 y=d89e u=d40a s=1ff0  dt=48
d3c9| 39          RTS                       cc=c4 a=00 b=00 dp=00 x=7d74 y=d89e u=d40a s=1ff2  dt=40
d3a7| 0a1c        DEC   <$1c                cc=c4 a=00 b=00 dp=00 x=7d74 y=d89e u=d40a s=1ff2  dt=48
d3a9| 26e6        BNE   $d391               cc=c4 a=00 b=00 dp=00 x=7d74 y=d89e u=d40a s=1ff2  dt=24
d3ab| 30890098    LEAX  $0098,X             cc=c0 a=00 b=00 dp=00 x=7e0c y=d89e u=d40a s=1ff2  dt=64
d3af| 0a1b        DEC   <$1b                cc=c0 a=00 b=00 dp=00 x=7e0c y=d89e u=d40a s=1ff2  dt=48
d3b1| 26da        BNE   $d38d               cc=c0 a=00 b=00 dp=00 x=7e0c y=d89e u=d40a s=1ff2  dt=24
d38d| 8604        LDA   #$04                cc=c0 a=04 b=00 dp=00 x=7e0c y=d89e u=d40a s=1ff2  dt=16
d38f| 971c        STA   <$1c                cc=c0 a=04 b=00 dp=00 x=7e0c y=d89e u=d40a s=1ff2  dt=32
d391| a6a0        LDA   ,Y+                 cc=c4 a=00 b=00 dp=00 x=7e0c y=d89f u=d40a s=1ff2  dt=48
d393| 9744        STA   <$44                cc=c4 a=00 b=00 dp=00 x=7e0c y=d89f u=d40a s=1ff2  dt=32
d395| 44          LSRA                      cc=c4 a=00 b=00 dp=00 x=7e0c y=d89f u=d40a s=1ff2  dt=16
d396| 44          LSRA                      cc=c4 a=00 b=00 dp=00 x=7e0c y=d89f u=d40a s=1ff2  dt=16
d397| 44          LSRA                      cc=c4 a=00 b=00 dp=00 x=7e0c y=d89f u=d40a s=1ff2  dt=16
d398| 44          LSRA                      cc=c4 a=00 b=00 dp=00 x=7e0c y=d89f u=d40a s=1ff2  dt=16
d399| a6c6        LDA   A,U                 cc=c4 a=00 b=00 dp=00 x=7e0c y=d89f u=d40a s=1ff2  dt=40
d39b| 170016      LBSR  $d3b4               cc=c4 a=00 b=00 dp=00 x=7e0c y=d89f u=d40a s=1ff0  dt=72
d3b4| 972a        STA   <$2a                cc=c4 a=00 b=00 dp=00 x=7e0c y=d89f u=d40a s=1ff0  dt=32
d3b6| 5f          CLRB                      cc=c4 a=00 b=00 dp=00 x=7e0c y=d89f u=d40a s=1ff0  dt=16
d3b7| 85f0        BITA  #$f0                cc=c4 a=00 b=00 dp=00 x=7e0c y=d89f u=d40a s=1ff0  dt=16
d3b9| 2602        BNE   $d3bd               cc=c4 a=00 b=00 dp=00 x=7e0c y=d89f u=d40a s=1ff0  dt=24
d3bb| caf0        ORB   #$f0                cc=c8 a=00 b=f0 dp=00 x=7e0c y=d89f u=d40a s=1ff0  dt=16
d3bd| 850f        BITA  #$0f                cc=c4 a=00 b=f0 dp=00 x=7e0c y=d89f u=d40a s=1ff0  dt=16
d3bf| 2602        BNE   $d3c3               cc=c4 a=00 b=f0 dp=00 x=7e0c y=d89f u=d40a s=1ff0  dt=24
d3c1| ca0f        ORB   #$0f                cc=c8 a=00 b=ff dp=00 x=7e0c y=d89f u=d40a s=1ff0  dt=16
d3c3| e484        ANDB  ,X                  cc=c4 a=00 b=00 dp=00 x=7e0c y=d89f u=d40a s=1ff0  dt=32
d3c5| da2a        ORB   <$2a                cc=c4 a=00 b=00 dp=00 x=7e0c y=d89f u=d40a s=1ff0  dt=32
d3c7| e780        STB   ,X+                 cc=c4 a=00 b=00 dp=00 x=7e0d y=d89f u=d40a s=1ff0  dt=48
d3c9| 39          RTS                       cc=c4 a=00 b=00 dp=00 x=7e0d y=d89f u=d40a s=1ff2  dt=40
d39e| 9644        LDA   <$44                cc=c4 a=00 b=00 dp=00 x=7e0d y=d89f u=d40a s=1ff2  dt=32
d3a0| 840f        ANDA  #$0f                cc=c4 a=00 b=00 dp=00 x=7e0d y=d89f u=d40a s=1ff2  dt=16
d3a2| a6c6        LDA   A,U                 cc=c4 a=00 b=00 dp=00 x=7e0d y=d89f u=d40a s=1ff2  dt=40
d3a4| 17000d      LBSR  $d3b4               cc=c4 a=00 b=00 dp=00 x=7e0d y=d89f u=d40a s=1ff0  dt=72
d3b4| 972a        STA   <$2a                cc=c4 a=00 b=00 dp=00 x=7e0d y=d89f u=d40a s=1ff0  dt=32
d3b6| 5f          CLRB                      cc=c4 a=00 b=00 dp=00 x=7e0d y=d89f u=d40a s=1ff0  dt=16
d3b7| 85f0        BITA  #$f0                cc=c4 a=00 b=00 dp=00 x=7e0d y=d89f u=d40a s=1ff0  dt=16
d3b9| 2602        BNE   $d3bd               cc=c4 a=00 b=00 dp=00 x=7e0d y=d89f u=d40a s=1ff0  dt=24
d3bb| caf0        ORB   #$f0                cc=c8 a=00 b=f0 dp=00 x=7e0d y=d89f u=d40a s=1ff0  dt=16
d3bd| 850f        BITA  #$0f                cc=c4 a=00 b=f0 dp=00 x=7e0d y=d89f u=d40a s=1ff0  dt=16
d3bf| 2602        BNE   $d3c3               cc=c4 a=00 b=f0 dp=00 x=7e0d y=d89f u=d40a s=1ff0  dt=24
d3c1| ca0f        ORB   #$0f                cc=c8 a=00 b=ff dp=00 x=7e0d y=d89f u=d40a s=1ff0  dt=16
d3c3| e484        ANDB  ,X                  cc=c4 a=00 b=00 dp=00 x=7e0d y=d89f u=d40a s=1ff0  dt=32
d3c5| da2a        ORB   <$2a                cc=c4 a=00 b=00 dp=00 x=7e0d y=d89f u=d40a s=1ff0  dt=32
d3c7| e780        STB   ,X+                 cc=c4 a=00 b=00 dp=00 x=7e0e y=d89f u=d40a s=1ff0  dt=48
d3c9| 39          RTS                       cc=c4 a=00 b=00 dp=00 x=7e0e y=d89f u=d40a s=1ff2  dt=40
d3a7| 0a1c        DEC   <$1c                cc=c0 a=00 b=00 dp=00 x=7e0e y=d89f u=d40a s=1ff2  dt=48
d3a9| 26e6        BNE   $d391               cc=c0 a=00 b=00 dp=00 x=7e0e y=d89f u=d40a s=1ff2  dt=24
d391| a6a0        LDA   ,Y+                 cc=c4 a=00 b=00 dp=00 x=7e0e y=d8a0 u=d40a s=1ff2  dt=48
d393| 9744        STA   <$44                cc=c4 a=00 b=00 dp=00 x=7e0e y=d8a0 u=d40a s=1ff2  dt=32
d395| 44          LSRA                      cc=c4 a=00 b=00 dp=00 x=7e0e y=d8a0 u=d40a s=1ff2  dt=16
d396| 44          LSRA                      cc=c4 a=00 b=00 dp=00 x=7e0e y=d8a0 u=d40a s=1ff2  dt=16
d397| 44          LSRA                      cc=c4 a=00 b=00 dp=00 x=7e0e y=d8a0 u=d40a s=1ff2  dt=16
d398| 44          LSRA                      cc=c4 a=00 b=00 dp=00 x=7e0e y=d8a0 u=d40a s=1ff2  dt=16
d399| a6c6        LDA   A,U                 cc=c4 a=00 b=00 dp=00 x=7e0e y=d8a0 u=d40a s=1ff2  dt=40
d39b| 170016      LBSR  $d3b4               cc=c4 a=00 b=00 dp=00 x=7e0e y=d8a0 u=d40a s=1ff0  dt=72
d3b4| 972a        STA   <$2a                cc=c4 a=00 b=00 dp=00 x=7e0e y=d8a0 u=d40a s=1ff0  dt=32
d3b6| 5f          CLRB                      cc=c4 a=00 b=00 dp=00 x=7e0e y=d8a0 u=d40a s=1ff0  dt=16
d3b7| 85f0        BITA  #$f0                cc=c4 a=00 b=00 dp=00 x=7e0e y=d8a0 u=d40a s=1ff0  dt=16
d3b9| 2602        BNE   $d3bd               cc=c4 a=00 b=00 dp=00 x=7e0e y=d8a0 u=d40a s=1ff0  dt=24
d3bb| caf0        ORB   #$f0                cc=c8 a=00 b=f0 dp=00 x=7e0e y=d8a0 u=d40a s=1ff0  dt=16
d3bd| 850f        BITA  #$0f                cc=c4 a=00 b=f0 dp=00 x=7e0e y=d8a0 u=d40a s=1ff0  dt=16
d3bf| 2602        BNE   $d3c3               cc=c4 a=00 b=f0 dp=00 x=7e0e y=d8a0 u=d40a s=1ff0  dt=24
d3c1| ca0f        ORB   #$0f                cc=c8 a=00 b=ff dp=00 x=7e0e y=d8a0 u=d40a s=1ff0  dt=16
d3c3| e484        ANDB  ,X                  cc=c4 a=00 b=00 dp=00 x=7e0e y=d8a0 u=d40a s=1ff0  dt=32
d3c5| da2a        ORB   <$2a                cc=c4 a=00 b=00 dp=00 x=7e0e y=d8a0 u=d40a s=1ff0  dt=32
d3c7| e780        STB   ,X+                 cc=c4 a=00 b=00 dp=00 x=7e0f y=d8a0 u=d40a s=1ff0  dt=48
d3c9| 39          RTS                       cc=c4 a=00 b=00 dp=00 x=7e0f y=d8a0 u=d40a s=1ff2  dt=40
d39e| 9644        LDA   <$44                cc=c4 a=00 b=00 dp=00 x=7e0f y=d8a0 u=d40a s=1ff2  dt=32
d3a0| 840f        ANDA  #$0f                cc=c4 a=00 b=00 dp=00 x=7e0f y=d8a0 u=d40a s=1ff2  dt=16
d3a2| a6c6        LDA   A,U                 cc=c4 a=00 b=00 dp=00 x=7e0f y=d8a0 u=d40a s=1ff2  dt=40
d3a4| 17000d      LBSR  $d3b4               cc=c4 a=00 b=00 dp=00 x=7e0f y=d8a0 u=d40a s=1ff0  dt=72
d3b4| 972a        STA   <$2a                cc=c4 a=00 b=00 dp=00 x=7e0f y=d8a0 u=d40a s=1ff0  dt=32
d3b6| 5f          CLRB                      cc=c4 a=00 b=00 dp=00 x=7e0f y=d8a0 u=d40a s=1ff0  dt=16
d3b7| 85f0        BITA  #$f0                cc=c4 a=00 b=00 dp=00 x=7e0f y=d8a0 u=d40a s=1ff0  dt=16
d3b9| 2602        BNE   $d3bd               cc=c4 a=00 b=00 dp=00 x=7e0f y=d8a0 u=d40a s=1ff0  dt=24
d3bb| caf0        ORB   #$f0                cc=c8 a=00 b=f0 dp=00 x=7e0f y=d8a0 u=d40a s=1ff0  dt=16
d3bd| 850f        BITA  #$0f                cc=c4 a=00 b=f0 dp=00 x=7e0f y=d8a0 u=d40a s=1ff0  dt=16
d3bf| 2602        BNE   $d3c3               cc=c4 a=00 b=f0 dp=00 x=7e0f y=d8a0 u=d40a s=1ff0  dt=24
d3c1| ca0f        ORB   #$0f                cc=c8 a=00 b=ff dp=00 x=7e0f y=d8a0 u=d40a s=1ff0  dt=16
d3c3| e484        ANDB  ,X                  cc=c4 a=00 b=00 dp=00 x=7e0f y=d8a0 u=d40a s=1ff0  dt=32
d3c5| da2a        ORB   <$2a                cc=c4 a=00 b=00 dp=00 x=7e0f y=d8a0 u=d40a s=1ff0  dt=32
d3c7| e780        STB   ,X+                 cc=c4 a=00 b=00 dp=00 x=7e10 y=d8a0 u=d40a s=1ff0  dt=48
d3c9| 39          RTS                       cc=c4 a=00 b=00 dp=00 x=7e10 y=d8a0 u=d40a s=1ff2  dt=40
d3a7| 0a1c        DEC   <$1c                cc=c0 a=00 b=00 dp=00 x=7e10 y=d8a0 u=d40a s=1ff2  dt=48
d3a9| 26e6        BNE   $d391               cc=c0 a=00 b=00 dp=00 x=7e10 y=d8a0 u=d40a s=1ff2  dt=24
d391| a6a0        LDA   ,Y+                 cc=c4 a=00 b=00 dp=00 x=7e10 y=d8a1 u=d40a s=1ff2  dt=48
d393| 9744        STA   <$44                cc=c4 a=00 b=00 dp=00 x=7e10 y=d8a1 u=d40a s=1ff2  dt=32
d395| 44          LSRA                      cc=c4 a=00 b=00 dp=00 x=7e10 y=d8a1 u=d40a s=1ff2  dt=16
d396| 44          LSRA                      cc=c4 a=00 b=00 dp=00 x=7e10 y=d8a1 u=d40a s=1ff2  dt=16
d397| 44          LSRA                      cc=c4 a=00 b=00 dp=00 x=7e10 y=d8a1 u=d40a s=1ff2  dt=16
d398| 44          LSRA                      cc=c4 a=00 b=00 dp=00 x=7e10 y=d8a1 u=d40a s=1ff2  dt=16
d399| a6c6        LDA   A,U                 cc=c4 a=00 b=00 dp=00 x=7e10 y=d8a1 u=d40a s=1ff2  dt=40
d39b| 170016      LBSR  $d3b4               cc=c4 a=00 b=00 dp=00 x=7e10 y=d8a1 u=d40a s=1ff0  dt=72
d3b4| 972a        STA   <$2a                cc=c4 a=00 b=00 dp=00 x=7e10 y=d8a1 u=d40a s=1ff0  dt=32
d3b6| 5f          CLRB                      cc=c4 a=00 b=00 dp=00 x=7e10 y=d8a1 u=d40a s=1ff0  dt=16
d3b7| 85f0        BITA  #$f0                cc=c4 a=00 b=00 dp=00 x=7e10 y=d8a1 u=d40a s=1ff0  dt=16
d3b9| 2602        BNE   $d3bd               cc=c4 a=00 b=00 dp=00 x=7e10 y=d8a1 u=d40a s=1ff0  dt=24
d3bb| caf0        ORB   #$f0                cc=c8 a=00 b=f0 dp=00 x=7e10 y=d8a1 u=d40a s=1ff0  dt=16
d3bd| 850f        BITA  #$0f                cc=c4 a=00 b=f0 dp=00 x=7e10 y=d8a1 u=d40a s=1ff0  dt=16
d3bf| 2602        BNE   $d3c3               cc=c4 a=00 b=f0 dp=00 x=7e10 y=d8a1 u=d40a s=1ff0  dt=24
d3c1| ca0f        ORB   #$0f                cc=c8 a=00 b=ff dp=00 x=7e10 y=d8a1 u=d40a s=1ff0  dt=16
d3c3| e484        ANDB  ,X                  cc=c4 a=00 b=00 dp=00 x=7e10 y=d8a1 u=d40a s=1ff0  dt=32
d3c5| da2a        ORB   <$2a                cc=c4 a=00 b=00 dp=00 x=7e10 y=d8a1 u=d40a s=1ff0  dt=32
d3c7| e780        STB   ,X+                 cc=c4 a=00 b=00 dp=00 x=7e11 y=d8a1 u=d40a s=1ff0  dt=48
d3c9| 39          RTS                       cc=c4 a=00 b=00 dp=00 x=7e11 y=d8a1 u=d40a s=1ff2  dt=40
d39e| 9644        LDA   <$44                cc=c4 a=00 b=00 dp=00 x=7e11 y=d8a1 u=d40a s=1ff2  dt=32
d3a0| 840f        ANDA  #$0f                cc=c4 a=00 b=00 dp=00 x=7e11 y=d8a1 u=d40a s=1ff2  dt=16
d3a2| a6c6        LDA   A,U                 cc=c4 a=00 b=00 dp=00 x=7e11 y=d8a1 u=d40a s=1ff2  dt=40
d3a4| 17000d      LBSR  $d3b4               cc=c4 a=00 b=00 dp=00 x=7e11 y=d8a1 u=d40a s=1ff0  dt=72
d3b4| 972a        STA   <$2a                cc=c4 a=00 b=00 dp=00 x=7e11 y=d8a1 u=d40a s=1ff0  dt=32
d3b6| 5f          CLRB                      cc=c4 a=00 b=00 dp=00 x=7e11 y=d8a1 u=d40a s=1ff0  dt=16
d3b7| 85f0        BITA  #$f0                cc=c4 a=00 b=00 dp=00 x=7e11 y=d8a1 u=d40a s=1ff0  dt=16
d3b9| 2602        BNE   $d3bd               cc=c4 a=00 b=00 dp=00 x=7e11 y=d8a1 u=d40a s=1ff0  dt=24
d3bb| caf0        ORB   #$f0                cc=c8 a=00 b=f0 dp=00 x=7e11 y=d8a1 u=d40a s=1ff0  dt=16
d3bd| 850f        BITA  #$0f                cc=c4 a=00 b=f0 dp=00 x=7e11 y=d8a1 u=d40a s=1ff0  dt=16
d3bf| 2602        BNE   $d3c3               cc=c4 a=00 b=f0 dp=00 x=7e11 y=d8a1 u=d40a s=1ff0  dt=24
d3c1| ca0f        ORB   #$0f                cc=c8 a=00 b=ff dp=00 x=7e11 y=d8a1 u=d40a s=1ff0  dt=16
d3c3| e484        ANDB  ,X                  cc=c4 a=00 b=00 dp=00 x=7e11 y=d8a1 u=d40a s=1ff0  dt=32
d3c5| da2a        ORB   <$2a                cc=c4 a=00 b=00 dp=00 x=7e11 y=d8a1 u=d40a s=1ff0  dt=32
d3c7| e780        STB   ,X+                 cc=c4 a=00 b=00 dp=00 x=7e12 y=d8a1 u=d40a s=1ff0  dt=48
d3c9| 39          RTS                       cc=c4 a=00 b=00 dp=00 x=7e12 y=d8a1 u=d40a s=1ff2  dt=40
d3a7| 0a1c        DEC   <$1c                cc=c0 a=00 b=00 dp=00 x=7e12 y=d8a1 u=d40a s=1ff2  dt=48
d3a9| 26e6        BNE   $d391               cc=c0 a=00 b=00 dp=00 x=7e12 y=d8a1 u=d40a s=1ff2  dt=24
d391| a6a0        LDA   ,Y+                 cc=c4 a=00 b=00 dp=00 x=7e12 y=d8a2 u=d40a s=1ff2  dt=48
d393| 9744        STA   <$44                cc=c4 a=00 b=00 dp=00 x=7e12 y=d8a2 u=d40a s=1ff2  dt=32
d395| 44          LSRA                      cc=c4 a=00 b=00 dp=00 x=7e12 y=d8a2 u=d40a s=1ff2  dt=16
d396| 44          LSRA                      cc=c4 a=00 b=00 dp=00 x=7e12 y=d8a2 u=d40a s=1ff2  dt=16
d397| 44          LSRA                      cc=c4 a=00 b=00 dp=00 x=7e12 y=d8a2 u=d40a s=1ff2  dt=16
d398| 44          LSRA                      cc=c4 a=00 b=00 dp=00 x=7e12 y=d8a2 u=d40a s=1ff2  dt=16
d399| a6c6        LDA   A,U                 cc=c4 a=00 b=00 dp=00 x=7e12 y=d8a2 u=d40a s=1ff2  dt=40
d39b| 170016      LBSR  $d3b4               cc=c4 a=00 b=00 dp=00 x=7e12 y=d8a2 u=d40a s=1ff0  dt=72
d3b4| 972a        STA   <$2a                cc=c4 a=00 b=00 dp=00 x=7e12 y=d8a2 u=d40a s=1ff0  dt=32
d3b6| 5f          CLRB                      cc=c4 a=00 b=00 dp=00 x=7e12 y=d8a2 u=d40a s=1ff0  dt=16
d3b7| 85f0        BITA  #$f0                cc=c4 a=00 b=00 dp=00 x=7e12 y=d8a2 u=d40a s=1ff0  dt=16
d3b9| 2602        BNE   $d3bd               cc=c4 a=00 b=00 dp=00 x=7e12 y=d8a2 u=d40a s=1ff0  dt=24
d3bb| caf0        ORB   #$f0                cc=c8 a=00 b=f0 dp=00 x=7e12 y=d8a2 u=d40a s=1ff0  dt=16
d3bd| 850f        BITA  #$0f                cc=c4 a=00 b=f0 dp=00 x=7e12 y=d8a2 u=d40a s=1ff0  dt=16
d3bf| 2602        BNE   $d3c3               cc=c4 a=00 b=f0 dp=00 x=7e12 y=d8a2 u=d40a s=1ff0  dt=24
d3c1| ca0f        ORB   #$0f                cc=c8 a=00 b=ff dp=00 x=7e12 y=d8a2 u=d40a s=1ff0  dt=16
d3c3| e484        ANDB  ,X                  cc=c4 a=00 b=00 dp=00 x=7e12 y=d8a2 u=d40a s=1ff0  dt=32
d3c5| da2a        ORB   <$2a                cc=c4 a=00 b=00 dp=00 x=7e12 y=d8a2 u=d40a s=1ff0  dt=32
d3c7| e780        STB   ,X+                 cc=c4 a=00 b=00 dp=00 x=7e13 y=d8a2 u=d40a s=1ff0  dt=48
d3c9| 39          RTS                       cc=c4 a=00 b=00 dp=00 x=7e13 y=d8a2 u=d40a s=1ff2  dt=40
d39e| 9644        LDA   <$44                cc=c4 a=00 b=00 dp=00 x=7e13 y=d8a2 u=d40a s=1ff2  dt=32
d3a0| 840f        ANDA  #$0f                cc=c4 a=00 b=00 dp=00 x=7e13 y=d8a2 u=d40a s=1ff2  dt=16
d3a2| a6c6        LDA   A,U                 cc=c4 a=00 b=00 dp=00 x=7e13 y=d8a2 u=d40a s=1ff2  dt=40
d3a4| 17000d      LBSR  $d3b4               cc=c4 a=00 b=00 dp=00 x=7e13 y=d8a2 u=d40a s=1ff0  dt=72
d3b4| 972a        STA   <$2a                cc=c4 a=00 b=00 dp=00 x=7e13 y=d8a2 u=d40a s=1ff0  dt=32
d3b6| 5f          CLRB                      cc=c4 a=00 b=00 dp=00 x=7e13 y=d8a2 u=d40a s=1ff0  dt=16
d3b7| 85f0        BITA  #$f0                cc=c4 a=00 b=00 dp=00 x=7e13 y=d8a2 u=d40a s=1ff0  dt=16
d3b9| 2602        BNE   $d3bd               cc=c4 a=00 b=00 dp=00 x=7e13 y=d8a2 u=d40a s=1ff0  dt=24
d3bb| caf0        ORB   #$f0                cc=c8 a=00 b=f0 dp=00 x=7e13 y=d8a2 u=d40a s=1ff0  dt=16
d3bd| 850f        BITA  #$0f                cc=c4 a=00 b=f0 dp=00 x=7e13 y=d8a2 u=d40a s=1ff0  dt=16
d3bf| 2602        BNE   $d3c3               cc=c4 a=00 b=f0 dp=00 x=7e13 y=d8a2 u=d40a s=1ff0  dt=24
d3c1| ca0f        ORB   #$0f                cc=c8 a=00 b=ff dp=00 x=7e13 y=d8a2 u=d40a s=1ff0  dt=16
d3c3| e484        ANDB  ,X                  cc=c4 a=00 b=00 dp=00 x=7e13 y=d8a2 u=d40a s=1ff0  dt=32
d3c5| da2a        ORB   <$2a                cc=c4 a=00 b=00 dp=00 x=7e13 y=d8a2 u=d40a s=1ff0  dt=32
d3c7| e780        STB   ,X+                 cc=c4 a=00 b=00 dp=00 x=7e14 y=d8a2 u=d40a s=1ff0  dt=48
d3c9| 39          RTS                       cc=c4 a=00 b=00 dp=00 x=7e14 y=d8a2 u=d40a s=1ff2  dt=40
d3a7| 0a1c        DEC   <$1c                cc=c4 a=00 b=00 dp=00 x=7e14 y=d8a2 u=d40a s=1ff2  dt=48
d3a9| 26e6        BNE   $d391               cc=c4 a=00 b=00 dp=00 x=7e14 y=d8a2 u=d40a s=1ff2  dt=24
d3ab| 30890098    LEAX  $0098,X             cc=c0 a=00 b=00 dp=00 x=7eac y=d8a2 u=d40a s=1ff2  dt=64
d3af| 0a1b        DEC   <$1b                cc=c0 a=00 b=00 dp=00 x=7eac y=d8a2 u=d40a s=1ff2  dt=48
d3b1| 26da        BNE   $d38d               cc=c0 a=00 b=00 dp=00 x=7eac y=d8a2 u=d40a s=1ff2  dt=24
d38d| 8604        LDA   #$04                cc=c0 a=04 b=00 dp=00 x=7eac y=d8a2 u=d40a s=1ff2  dt=16
d38f| 971c        STA   <$1c                cc=c0 a=04 b=00 dp=00 x=7eac y=d8a2 u=d40a s=1ff2  dt=32
d391| a6a0        LDA   ,Y+                 cc=c4 a=00 b=00 dp=00 x=7eac y=d8a3 u=d40a s=1ff2  dt=48
d393| 9744        STA   <$44                cc=c4 a=00 b=00 dp=00 x=7eac y=d8a3 u=d40a s=1ff2  dt=32
d395| 44          LSRA                      cc=c4 a=00 b=00 dp=00 x=7eac y=d8a3 u=d40a s=1ff2  dt=16
d396| 44          LSRA                      cc=c4 a=00 b=00 dp=00 x=7eac y=d8a3 u=d40a s=1ff2  dt=16
d397| 44          LSRA                      cc=c4 a=00 b=00 dp=00 x=7eac y=d8a3 u=d40a s=1ff2  dt=16
d398| 44          LSRA                      cc=c4 a=00 b=00 dp=00 x=7eac y=d8a3 u=d40a s=1ff2  dt=16
d399| a6c6        LDA   A,U                 cc=c4 a=00 b=00 dp=00 x=7eac y=d8a3 u=d40a s=1ff2  dt=40
d39b| 170016      LBSR  $d3b4               cc=c4 a=00 b=00 dp=00 x=7eac y=d8a3 u=d40a s=1ff0  dt=72
d3b4| 972a        STA   <$2a                cc=c4 a=00 b=00 dp=00 x=7eac y=d8a3 u=d40a s=1ff0  dt=32
d3b6| 5f          CLRB                      cc=c4 a=00 b=00 dp=00 x=7eac y=d8a3 u=d40a s=1ff0  dt=16
d3b7| 85f0        BITA  #$f0                cc=c4 a=00 b=00 dp=00 x=7eac y=d8a3 u=d40a s=1ff0  dt=16
d3b9| 2602        BNE   $d3bd               cc=c4 a=00 b=00 dp=00 x=7eac y=d8a3 u=d40a s=1ff0  dt=24
d3bb| caf0        ORB   #$f0                cc=c8 a=00 b=f0 dp=00 x=7eac y=d8a3 u=d40a s=1ff0  dt=16
d3bd| 850f        BITA  #$0f                cc=c4 a=00 b=f0 dp=00 x=7eac y=d8a3 u=d40a s=1ff0  dt=16
d3bf| 2602        BNE   $d3c3               cc=c4 a=00 b=f0 dp=00 x=7eac y=d8a3 u=d40a s=1ff0  dt=24
d3c1| ca0f        ORB   #$0f                cc=c8 a=00 b=ff dp=00 x=7eac y=d8a3 u=d40a s=1ff0  dt=16
d3c3| e484        ANDB  ,X                  cc=c4 a=00 b=00 dp=00 x=7eac y=d8a3 u=d40a s=1ff0  dt=32
d3c5| da2a        ORB   <$2a                cc=c4 a=00 b=00 dp=00 x=7eac y=d8a3 u=d40a s=1ff0  dt=32
d3c7| e780        STB   ,X+                 cc=c4 a=00 b=00 dp=00 x=7ead y=d8a3 u=d40a s=1ff0  dt=48
d3c9| 39          RTS                       cc=c4 a=00 b=00 dp=00 x=7ead y=d8a3 u=d40a s=1ff2  dt=40
d39e| 9644        LDA   <$44                cc=c4 a=00 b=00 dp=00 x=7ead y=d8a3 u=d40a s=1ff2  dt=32
d3a0| 840f        ANDA  #$0f                cc=c4 a=00 b=00 dp=00 x=7ead y=d8a3 u=d40a s=1ff2  dt=16
d3a2| a6c6        LDA   A,U                 cc=c4 a=00 b=00 dp=00 x=7ead y=d8a3 u=d40a s=1ff2  dt=40
d3a4| 17000d      LBSR  $d3b4               cc=c4 a=00 b=00 dp=00 x=7ead y=d8a3 u=d40a s=1ff0  dt=72
d3b4| 972a        STA   <$2a                cc=c4 a=00 b=00 dp=00 x=7ead y=d8a3 u=d40a s=1ff0  dt=32
d3b6| 5f          CLRB                      cc=c4 a=00 b=00 dp=00 x=7ead y=d8a3 u=d40a s=1ff0  dt=16
d3b7| 85f0        BITA  #$f0                cc=c4 a=00 b=00 dp=00 x=7ead y=d8a3 u=d40a s=1ff0  dt=16
d3b9| 2602        BNE   $d3bd               cc=c4 a=00 b=00 dp=00 x=7ead y=d8a3 u=d40a s=1ff0  dt=24
d3bb| caf0        ORB   #$f0                cc=c8 a=00 b=f0 dp=00 x=7ead y=d8a3 u=d40a s=1ff0  dt=16
d3bd| 850f        BITA  #$0f                cc=c4 a=00 b=f0 dp=00 x=7ead y=d8a3 u=d40a s=1ff0  dt=16
d3bf| 2602        BNE   $d3c3               cc=c4 a=00 b=f0 dp=00 x=7ead y=d8a3 u=d40a s=1ff0  dt=24
d3c1| ca0f        ORB   #$0f                cc=c8 a=00 b=ff dp=00 x=7ead y=d8a3 u=d40a s=1ff0  dt=16
d3c3| e484        ANDB  ,X                  cc=c4 a=00 b=00 dp=00 x=7ead y=d8a3 u=d40a s=1ff0  dt=32
d3c5| da2a        ORB   <$2a                cc=c4 a=00 b=00 dp=00 x=7ead y=d8a3 u=d40a s=1ff0  dt=32
d3c7| e780        STB   ,X+                 cc=c4 a=00 b=00 dp=00 x=7eae y=d8a3 u=d40a s=1ff0  dt=48
d3c9| 39          RTS                       cc=c4 a=00 b=00 dp=00 x=7eae y=d8a3 u=d40a s=1ff2  dt=40
d3a7| 0a1c        DEC   <$1c                cc=c0 a=00 b=00 dp=00 x=7eae y=d8a3 u=d40a s=1ff2  dt=48
d3a9| 26e6        BNE   $d391               cc=c0 a=00 b=00 dp=00 x=7eae y=d8a3 u=d40a s=1ff2  dt=24
d391| a6a0        LDA   ,Y+                 cc=c4 a=00 b=00 dp=00 x=7eae y=d8a4 u=d40a s=1ff2  dt=48
d393| 9744        STA   <$44                cc=c4 a=00 b=00 dp=00 x=7eae y=d8a4 u=d40a s=1ff2  dt=32
d395| 44          LSRA                      cc=c4 a=00 b=00 dp=00 x=7eae y=d8a4 u=d40a s=1ff2  dt=16
d396| 44          LSRA                      cc=c4 a=00 b=00 dp=00 x=7eae y=d8a4 u=d40a s=1ff2  dt=16
d397| 44          LSRA                      cc=c4 a=00 b=00 dp=00 x=7eae y=d8a4 u=d40a s=1ff2  dt=16
d398| 44          LSRA                      cc=c4 a=00 b=00 dp=00 x=7eae y=d8a4 u=d40a s=1ff2  dt=16
d399| a6c6        LDA   A,U                 cc=c4 a=00 b=00 dp=00 x=7eae y=d8a4 u=d40a s=1ff2  dt=40
d39b| 170016      LBSR  $d3b4               cc=c4 a=00 b=00 dp=00 x=7eae y=d8a4 u=d40a s=1ff0  dt=72
d3b4| 972a        STA   <$2a                cc=c4 a=00 b=00 dp=00 x=7eae y=d8a4 u=d40a s=1ff0  dt=32
d3b6| 5f          CLRB                      cc=c4 a=00 b=00 dp=00 x=7eae y=d8a4 u=d40a s=1ff0  dt=16
d3b7| 85f0        BITA  #$f0                cc=c4 a=00 b=00 dp=00 x=7eae y=d8a4 u=d40a s=1ff0  dt=16
d3b9| 2602        BNE   $d3bd               cc=c4 a=00 b=00 dp=00 x=7eae y=d8a4 u=d40a s=1ff0  dt=24
d3bb| caf0        ORB   #$f0                cc=c8 a=00 b=f0 dp=00 x=7eae y=d8a4 u=d40a s=1ff0  dt=16
d3bd| 850f        BITA  #$0f                cc=c4 a=00 b=f0 dp=00 x=7eae y=d8a4 u=d40a s=1ff0  dt=16
d3bf| 2602        BNE   $d3c3               cc=c4 a=00 b=f0 dp=00 x=7eae y=d8a4 u=d40a s=1ff0  dt=24
d3c1| ca0f        ORB   #$0f                cc=c8 a=00 b=ff dp=00 x=7eae y=d8a4 u=d40a s=1ff0  dt=16
d3c3| e484        ANDB  ,X                  cc=c4 a=00 b=00 dp=00 x=7eae y=d8a4 u=d40a s=1ff0  dt=32
d3c5| da2a        ORB   <$2a                cc=c4 a=00 b=00 dp=00 x=7eae y=d8a4 u=d40a s=1ff0  dt=32
d3c7| e780        STB   ,X+                 cc=c4 a=00 b=00 dp=00 x=7eaf y=d8a4 u=d40a s=1ff0  dt=48
d3c9| 39          RTS                       cc=c4 a=00 b=00 dp=00 x=7eaf y=d8a4 u=d40a s=1ff2  dt=40
d39e| 9644        LDA   <$44                cc=c4 a=00 b=00 dp=00 x=7eaf y=d8a4 u=d40a s=1ff2  dt=32
d3a0| 840f        ANDA  #$0f                cc=c4 a=00 b=00 dp=00 x=7eaf y=d8a4 u=d40a s=1ff2  dt=16
d3a2| a6c6        LDA   A,U                 cc=c4 a=00 b=00 dp=00 x=7eaf y=d8a4 u=d40a s=1ff2  dt=40
d3a4| 17000d      LBSR  $d3b4               cc=c4 a=00 b=00 dp=00 x=7eaf y=d8a4 u=d40a s=1ff0  dt=72
d3b4| 972a        STA   <$2a                cc=c4 a=00 b=00 dp=00 x=7eaf y=d8a4 u=d40a s=1ff0  dt=32
d3b6| 5f          CLRB                      cc=c4 a=00 b=00 dp=00 x=7eaf y=d8a4 u=d40a s=1ff0  dt=16
d3b7| 85f0        BITA  #$f0                cc=c4 a=00 b=00 dp=00 x=7eaf y=d8a4 u=d40a s=1ff0  dt=16
d3b9| 2602        BNE   $d3bd               cc=c4 a=00 b=00 dp=00 x=7eaf y=d8a4 u=d40a s=1ff0  dt=24
d3bb| caf0        ORB   #$f0                cc=c8 a=00 b=f0 dp=00 x=7eaf y=d8a4 u=d40a s=1ff0  dt=16
d3bd| 850f        BITA  #$0f                cc=c4 a=00 b=f0 dp=00 x=7eaf y=d8a4 u=d40a s=1ff0  dt=16
d3bf| 2602        BNE   $d3c3               cc=c4 a=00 b=f0 dp=00 x=7eaf y=d8a4 u=d40a s=1ff0  dt=24
d3c1| ca0f        ORB   #$0f                cc=c8 a=00 b=ff dp=00 x=7eaf y=d8a4 u=d40a s=1ff0  dt=16
d3c3| e484        ANDB  ,X                  cc=c4 a=00 b=00 dp=00 x=7eaf y=d8a4 u=d40a s=1ff0  dt=32
d3c5| da2a        ORB   <$2a                cc=c4 a=00 b=00 dp=00 x=7eaf y=d8a4 u=d40a s=1ff0  dt=32
d3c7| e780        STB   ,X+                 cc=c4 a=00 b=00 dp=00 x=7eb0 y=d8a4 u=d40a s=1ff0  dt=48
d3c9| 39          RTS                       cc=c4 a=00 b=00 dp=00 x=7eb0 y=d8a4 u=d40a s=1ff2  dt=40
d3a7| 0a1c        DEC   <$1c                cc=c0 a=00 b=00 dp=00 x=7eb0 y=d8a4 u=d40a s=1ff2  dt=48
d3a9| 26e6        BNE   $d391               cc=c0 a=00 b=00 dp=00 x=7eb0 y=d8a4 u=d40a s=1ff2  dt=24
d391| a6a0        LDA   ,Y+                 cc=c4 a=00 b=00 dp=00 x=7eb0 y=d8a5 u=d40a s=1ff2  dt=48
d393| 9744        STA   <$44                cc=c4 a=00 b=00 dp=00 x=7eb0 y=d8a5 u=d40a s=1ff2  dt=32
d395| 44          LSRA                      cc=c4 a=00 b=00 dp=00 x=7eb0 y=d8a5 u=d40a s=1ff2  dt=16
d396| 44          LSRA                      cc=c4 a=00 b=00 dp=00 x=7eb0 y=d8a5 u=d40a s=1ff2  dt=16
d397| 44          LSRA                      cc=c4 a=00 b=00 dp=00 x=7eb0 y=d8a5 u=d40a s=1ff2  dt=16
d398| 44          LSRA                      cc=c4 a=00 b=00 dp=00 x=7eb0 y=d8a5 u=d40a s=1ff2  dt=16
d399| a6c6        LDA   A,U                 cc=c4 a=00 b=00 dp=00 x=7eb0 y=d8a5 u=d40a s=1ff2  dt=40
d39b| 170016      LBSR  $d3b4               cc=c4 a=00 b=00 dp=00 x=7eb0 y=d8a5 u=d40a s=1ff0  dt=72
d3b4| 972a        STA   <$2a                cc=c4 a=00 b=00 dp=00 x=7eb0 y=d8a5 u=d40a s=1ff0  dt=32
d3b6| 5f          CLRB                      cc=c4 a=00 b=00 dp=00 x=7eb0 y=d8a5 u=d40a s=1ff0  dt=16
d3b7| 85f0        BITA  #$f0                cc=c4 a=00 b=00 dp=00 x=7eb0 y=d8a5 u=d40a s=1ff0  dt=16
d3b9| 2602        BNE   $d3bd               cc=c4 a=00 b=00 dp=00 x=7eb0 y=d8a5 u=d40a s=1ff0  dt=24
d3bb| caf0        ORB   #$f0                cc=c8 a=00 b=f0 dp=00 x=7eb0 y=d8a5 u=d40a s=1ff0  dt=16
d3bd| 850f        BITA  #$0f                cc=c4 a=00 b=f0 dp=00 x=7eb0 y=d8a5 u=d40a s=1ff0  dt=16
d3bf| 2602        BNE   $d3c3               cc=c4 a=00 b=f0 dp=00 x=7eb0 y=d8a5 u=d40a s=1ff0  dt=24
d3c1| ca0f        ORB   #$0f                cc=c8 a=00 b=ff dp=00 x=7eb0 y=d8a5 u=d40a s=1ff0  dt=16
d3c3| e484        ANDB  ,X                  cc=c4 a=00 b=00 dp=00 x=7eb0 y=d8a5 u=d40a s=1ff0  dt=32
d3c5| da2a        ORB   <$2a                cc=c4 a=00 b=00 dp=00 x=7eb0 y=d8a5 u=d40a s=1ff0  dt=32
d3c7| e780        STB   ,X+                 cc=c4 a=00 b=00 dp=00 x=7eb1 y=d8a5 u=d40a s=1ff0  dt=48
d3c9| 39          RTS                       cc=c4 a=00 b=00 dp=00 x=7eb1 y=d8a5 u=d40a s=1ff2  dt=40
d39e| 9644        LDA   <$44                cc=c4 a=00 b=00 dp=00 x=7eb1 y=d8a5 u=d40a s=1ff2  dt=32
d3a0| 840f        ANDA  #$0f                cc=c4 a=00 b=00 dp=00 x=7eb1 y=d8a5 u=d40a s=1ff2  dt=16
d3a2| a6c6        LDA   A,U                 cc=c4 a=00 b=00 dp=00 x=7eb1 y=d8a5 u=d40a s=1ff2  dt=40
d3a4| 17000d      LBSR  $d3b4               cc=c4 a=00 b=00 dp=00 x=7eb1 y=d8a5 u=d40a s=1ff0  dt=72
d3b4| 972a        STA   <$2a                cc=c4 a=00 b=00 dp=00 x=7eb1 y=d8a5 u=d40a s=1ff0  dt=32
d3b6| 5f          CLRB                      cc=c4 a=00 b=00 dp=00 x=7eb1 y=d8a5 u=d40a s=1ff0  dt=16
d3b7| 85f0        BITA  #$f0                cc=c4 a=00 b=00 dp=00 x=7eb1 y=d8a5 u=d40a s=1ff0  dt=16
d3b9| 2602        BNE   $d3bd               cc=c4 a=00 b=00 dp=00 x=7eb1 y=d8a5 u=d40a s=1ff0  dt=24
d3bb| caf0        ORB   #$f0                cc=c8 a=00 b=f0 dp=00 x=7eb1 y=d8a5 u=d40a s=1ff0  dt=16
d3bd| 850f        BITA  #$0f                cc=c4 a=00 b=f0 dp=00 x=7eb1 y=d8a5 u=d40a s=1ff0  dt=16
d3bf| 2602        BNE   $d3c3               cc=c4 a=00 b=f0 dp=00 x=7eb1 y=d8a5 u=d40a s=1ff0  dt=24
d3c1| ca0f        ORB   #$0f                cc=c8 a=00 b=ff dp=00 x=7eb1 y=d8a5 u=d40a s=1ff0  dt=16
d3c3| e484        ANDB  ,X                  cc=c4 a=00 b=00 dp=00 x=7eb1 y=d8a5 u=d40a s=1ff0  dt=32
d3c5| da2a        ORB   <$2a                cc=c4 a=00 b=00 dp=00 x=7eb1 y=d8a5 u=d40a s=1ff0  dt=32
d3c7| e780        STB   ,X+                 cc=c4 a=00 b=00 dp=00 x=7eb2 y=d8a5 u=d40a s=1ff0  dt=48
d3c9| 39          RTS                       cc=c4 a=00 b=00 dp=00 x=7eb2 y=d8a5 u=d40a s=1ff2  dt=40
d3a7| 0a1c        DEC   <$1c                cc=c0 a=00 b=00 dp=00 x=7eb2 y=d8a5 u=d40a s=1ff2  dt=48
d3a9| 26e6        BNE   $d391               cc=c0 a=00 b=00 dp=00 x=7eb2 y=d8a5 u=d40a s=1ff2  dt=24
d391| a6a0        LDA   ,Y+                 cc=c4 a=00 b=00 dp=00 x=7eb2 y=d8a6 u=d40a s=1ff2  dt=48
d393| 9744        STA   <$44                cc=c4 a=00 b=00 dp=00 x=7eb2 y=d8a6 u=d40a s=1ff2  dt=32
d395| 44          LSRA                      cc=c4 a=00 b=00 dp=00 x=7eb2 y=d8a6 u=d40a s=1ff2  dt=16
d396| 44          LSRA                      cc=c4 a=00 b=00 dp=00 x=7eb2 y=d8a6 u=d40a s=1ff2  dt=16
d397| 44          LSRA                      cc=c4 a=00 b=00 dp=00 x=7eb2 y=d8a6 u=d40a s=1ff2  dt=16
d398| 44          LSRA                      cc=c4 a=00 b=00 dp=00 x=7eb2 y=d8a6 u=d40a s=1ff2  dt=16
d399| a6c6        LDA   A,U                 cc=c4 a=00 b=00 dp=00 x=7eb2 y=d8a6 u=d40a s=1ff2  dt=40
d39b| 170016      LBSR  $d3b4               cc=c4 a=00 b=00 dp=00 x=7eb2 y=d8a6 u=d40a s=1ff0  dt=72
d3b4| 972a        STA   <$2a                cc=c4 a=00 b=00 dp=00 x=7eb2 y=d8a6 u=d40a s=1ff0  dt=32
d3b6| 5f          CLRB                      cc=c4 a=00 b=00 dp=00 x=7eb2 y=d8a6 u=d40a s=1ff0  dt=16
d3b7| 85f0        BITA  #$f0                cc=c4 a=00 b=00 dp=00 x=7eb2 y=d8a6 u=d40a s=1ff0  dt=16
d3b9| 2602        BNE   $d3bd               cc=c4 a=00 b=00 dp=00 x=7eb2 y=d8a6 u=d40a s=1ff0  dt=24
d3bb| caf0        ORB   #$f0                cc=c8 a=00 b=f0 dp=00 x=7eb2 y=d8a6 u=d40a s=1ff0  dt=16
d3bd| 850f        BITA  #$0f                cc=c4 a=00 b=f0 dp=00 x=7eb2 y=d8a6 u=d40a s=1ff0  dt=16
d3bf| 2602        BNE   $d3c3               cc=c4 a=00 b=f0 dp=00 x=7eb2 y=d8a6 u=d40a s=1ff0  dt=24
d3c1| ca0f        ORB   #$0f                cc=c8 a=00 b=ff dp=00 x=7eb2 y=d8a6 u=d40a s=1ff0  dt=16
d3c3| e484        ANDB  ,X                  cc=c4 a=00 b=00 dp=00 x=7eb2 y=d8a6 u=d40a s=1ff0  dt=32
d3c5| da2a        ORB   <$2a                cc=c4 a=00 b=00 dp=00 x=7eb2 y=d8a6 u=d40a s=1ff0  dt=32
d3c7| e780        STB   ,X+                 cc=c4 a=00 b=00 dp=00 x=7eb3 y=d8a6 u=d40a s=1ff0  dt=48
d3c9| 39          RTS                       cc=c4 a=00 b=00 dp=00 x=7eb3 y=d8a6 u=d40a s=1ff2  dt=40
d39e| 9644        LDA   <$44                cc=c4 a=00 b=00 dp=00 x=7eb3 y=d8a6 u=d40a s=1ff2  dt=32
d3a0| 840f        ANDA  #$0f                cc=c4 a=00 b=00 dp=00 x=7eb3 y=d8a6 u=d40a s=1ff2  dt=16
d3a2| a6c6        LDA   A,U                 cc=c4 a=00 b=00 dp=00 x=7eb3 y=d8a6 u=d40a s=1ff2  dt=40
d3a4| 17000d      LBSR  $d3b4               cc=c4 a=00 b=00 dp=00 x=7eb3 y=d8a6 u=d40a s=1ff0  dt=72
d3b4| 972a        STA   <$2a                cc=c4 a=00 b=00 dp=00 x=7eb3 y=d8a6 u=d40a s=1ff0  dt=32
d3b6| 5f          CLRB                      cc=c4 a=00 b=00 dp=00 x=7eb3 y=d8a6 u=d40a s=1ff0  dt=16
d3b7| 85f0        BITA  #$f0                cc=c4 a=00 b=00 dp=00 x=7eb3 y=d8a6 u=d40a s=1ff0  dt=16
d3b9| 2602        BNE   $d3bd               cc=c4 a=00 b=00 dp=00 x=7eb3 y=d8a6 u=d40a s=1ff0  dt=24
d3bb| caf0        ORB   #$f0                cc=c8 a=00 b=f0 dp=00 x=7eb3 y=d8a6 u=d40a s=1ff0  dt=16
d3bd| 850f        BITA  #$0f                cc=c4 a=00 b=f0 dp=00 x=7eb3 y=d8a6 u=d40a s=1ff0  dt=16
d3bf| 2602        BNE   $d3c3               cc=c4 a=00 b=f0 dp=00 x=7eb3 y=d8a6 u=d40a s=1ff0  dt=24
d3c1| ca0f        ORB   #$0f                cc=c8 a=00 b=ff dp=00 x=7eb3 y=d8a6 u=d40a s=1ff0  dt=16
d3c3| e484        ANDB  ,X                  cc=c4 a=00 b=00 dp=00 x=7eb3 y=d8a6 u=d40a s=1ff0  dt=32
d3c5| da2a        ORB   <$2a                cc=c4 a=00 b=00 dp=00 x=7eb3 y=d8a6 u=d40a s=1ff0  dt=32
d3c7| e780        STB   ,X+                 cc=c4 a=00 b=00 dp=00 x=7eb4 y=d8a6 u=d40a s=1ff0  dt=48
d3c9| 39          RTS                       cc=c4 a=00 b=00 dp=00 x=7eb4 y=d8a6 u=d40a s=1ff2  dt=40
d3a7| 0a1c        DEC   <$1c                cc=c4 a=00 b=00 dp=00 x=7eb4 y=d8a6 u=d40a s=1ff2  dt=48
d3a9| 26e6        BNE   $d391               cc=c4 a=00 b=00 dp=00 x=7eb4 y=d8a6 u=d40a s=1ff2  dt=24
d3ab| 30890098    LEAX  $0098,X             cc=c0 a=00 b=00 dp=00 x=7f4c y=d8a6 u=d40a s=1ff2  dt=64
d3af| 0a1b        DEC   <$1b                cc=c0 a=00 b=00 dp=00 x=7f4c y=d8a6 u=d40a s=1ff2  dt=48
d3b1| 26da        BNE   $d38d               cc=c0 a=00 b=00 dp=00 x=7f4c y=d8a6 u=d40a s=1ff2  dt=24
d38d| 8604        LDA   #$04                cc=c0 a=04 b=00 dp=00 x=7f4c y=d8a6 u=d40a s=1ff2  dt=16
d38f| 971c        STA   <$1c                cc=c0 a=04 b=00 dp=00 x=7f4c y=d8a6 u=d40a s=1ff2  dt=32
d391| a6a0        LDA   ,Y+                 cc=c4 a=00 b=00 dp=00 x=7f4c y=d8a7 u=d40a s=1ff2  dt=48
d393| 9744        STA   <$44                cc=c4 a=00 b=00 dp=00 x=7f4c y=d8a7 u=d40a s=1ff2  dt=32
d395| 44          LSRA                      cc=c4 a=00 b=00 dp=00 x=7f4c y=d8a7 u=d40a s=1ff2  dt=16
d396| 44          LSRA                      cc=c4 a=00 b=00 dp=00 x=7f4c y=d8a7 u=d40a s=1ff2  dt=16
d397| 44          LSRA                      cc=c4 a=00 b=00 dp=00 x=7f4c y=d8a7 u=d40a s=1ff2  dt=16
d398| 44          LSRA                      cc=c4 a=00 b=00 dp=00 x=7f4c y=d8a7 u=d40a s=1ff2  dt=16
d399| a6c6        LDA   A,U                 cc=c4 a=00 b=00 dp=00 x=7f4c y=d8a7 u=d40a s=1ff2  dt=40
d39b| 170016      LBSR  $d3b4               cc=c4 a=00 b=00 dp=00 x=7f4c y=d8a7 u=d40a s=1ff0  dt=72
d3b4| 972a        STA   <$2a                cc=c4 a=00 b=00 dp=00 x=7f4c y=d8a7 u=d40a s=1ff0  dt=32
d3b6| 5f          CLRB                      cc=c4 a=00 b=00 dp=00 x=7f4c y=d8a7 u=d40a s=1ff0  dt=16
d3b7| 85f0        BITA  #$f0                cc=c4 a=00 b=00 dp=00 x=7f4c y=d8a7 u=d40a s=1ff0  dt=16
d3b9| 2602        BNE   $d3bd               cc=c4 a=00 b=00 dp=00 x=7f4c y=d8a7 u=d40a s=1ff0  dt=24
d3bb| caf0        ORB   #$f0                cc=c8 a=00 b=f0 dp=00 x=7f4c y=d8a7 u=d40a s=1ff0  dt=16
d3bd| 850f        BITA  #$0f                cc=c4 a=00 b=f0 dp=00 x=7f4c y=d8a7 u=d40a s=1ff0  dt=16
d3bf| 2602        BNE   $d3c3               cc=c4 a=00 b=f0 dp=00 x=7f4c y=d8a7 u=d40a s=1ff0  dt=24
d3c1| ca0f        ORB   #$0f                cc=c8 a=00 b=ff dp=00 x=7f4c y=d8a7 u=d40a s=1ff0  dt=16
d3c3| e484        ANDB  ,X                  cc=c0 a=00 b=44 dp=00 x=7f4c y=d8a7 u=d40a s=1ff0  dt=32
d3c5| da2a        ORB   <$2a                cc=c0 a=00 b=44 dp=00 x=7f4c y=d8a7 u=d40a s=1ff0  dt=32
d3c7| e780        STB   ,X+                 cc=c0 a=00 b=44 dp=00 x=7f4d y=d8a7 u=d40a s=1ff0  dt=48
d3c9| 39          RTS                       cc=c0 a=00 b=44 dp=00 x=7f4d y=d8a7 u=d40a s=1ff2  dt=40
d39e| 9644        LDA   <$44                cc=c4 a=00 b=44 dp=00 x=7f4d y=d8a7 u=d40a s=1ff2  dt=32
d3a0| 840f        ANDA  #$0f                cc=c4 a=00 b=44 dp=00 x=7f4d y=d8a7 u=d40a s=1ff2  dt=16
d3a2| a6c6        LDA   A,U                 cc=c4 a=00 b=44 dp=00 x=7f4d y=d8a7 u=d40a s=1ff2  dt=40
d3a4| 17000d      LBSR  $d3b4               cc=c4 a=00 b=44 dp=00 x=7f4d y=d8a7 u=d40a s=1ff0  dt=72
d3b4| 972a        STA   <$2a                cc=c4 a=00 b=44 dp=00 x=7f4d y=d8a7 u=d40a s=1ff0  dt=32
d3b6| 5f          CLRB                      cc=c4 a=00 b=00 dp=00 x=7f4d y=d8a7 u=d40a s=1ff0  dt=16
d3b7| 85f0        BITA  #$f0                cc=c4 a=00 b=00 dp=00 x=7f4d y=d8a7 u=d40a s=1ff0  dt=16
d3b9| 2602        BNE   $d3bd               cc=c4 a=00 b=00 dp=00 x=7f4d y=d8a7 u=d40a s=1ff0  dt=24
d3bb| caf0        ORB   #$f0                cc=c8 a=00 b=f0 dp=00 x=7f4d y=d8a7 u=d40a s=1ff0  dt=16
d3bd| 850f        BITA  #$0f                cc=c4 a=00 b=f0 dp=00 x=7f4d y=d8a7 u=d40a s=1ff0  dt=16
d3bf| 2602        BNE   $d3c3               cc=c4 a=00 b=f0 dp=00 x=7f4d y=d8a7 u=d40a s=1ff0  dt=24
d3c1| ca0f        ORB   #$0f                cc=c8 a=00 b=ff dp=00 x=7f4d y=d8a7 u=d40a s=1ff0  dt=16
d3c3| e484        ANDB  ,X                  cc=c4 a=00 b=00 dp=00 x=7f4d y=d8a7 u=d40a s=1ff0  dt=32
d3c5| da2a        ORB   <$2a                cc=c4 a=00 b=00 dp=00 x=7f4d y=d8a7 u=d40a s=1ff0  dt=32
d3c7| e780        STB   ,X+                 cc=c4 a=00 b=00 dp=00 x=7f4e y=d8a7 u=d40a s=1ff0  dt=48
d3c9| 39          RTS                       cc=c4 a=00 b=00 dp=00 x=7f4e y=d8a7 u=d40a s=1ff2  dt=40
d3a7| 0a1c        DEC   <$1c                cc=c0 a=00 b=00 dp=00 x=7f4e y=d8a7 u=d40a s=1ff2  dt=48
d3a9| 26e6        BNE   $d391               cc=c0 a=00 b=00 dp=00 x=7f4e y=d8a7 u=d40a s=1ff2  dt=24
d391| a6a0        LDA   ,Y+                 cc=c4 a=00 b=00 dp=00 x=7f4e y=d8a8 u=d40a s=1ff2  dt=48
d393| 9744        STA   <$44                cc=c4 a=00 b=00 dp=00 x=7f4e y=d8a8 u=d40a s=1ff2  dt=32
d395| 44          LSRA                      cc=c4 a=00 b=00 dp=00 x=7f4e y=d8a8 u=d40a s=1ff2  dt=16
d396| 44          LSRA                      cc=c4 a=00 b=00 dp=00 x=7f4e y=d8a8 u=d40a s=1ff2  dt=16
d397| 44          LSRA                      cc=c4 a=00 b=00 dp=00 x=7f4e y=d8a8 u=d40a s=1ff2  dt=16
d398| 44          LSRA                      cc=c4 a=00 b=00 dp=00 x=7f4e y=d8a8 u=d40a s=1ff2  dt=16
d399| a6c6        LDA   A,U                 cc=c4 a=00 b=00 dp=00 x=7f4e y=d8a8 u=d40a s=1ff2  dt=40
d39b| 170016      LBSR  $d3b4               cc=c4 a=00 b=00 dp=00 x=7f4e y=d8a8 u=d40a s=1ff0  dt=72
d3b4| 972a        STA   <$2a                cc=c4 a=00 b=00 dp=00 x=7f4e y=d8a8 u=d40a s=1ff0  dt=32
d3b6| 5f          CLRB                      cc=c4 a=00 b=00 dp=00 x=7f4e y=d8a8 u=d40a s=1ff0  dt=16
d3b7| 85f0        BITA  #$f0                cc=c4 a=00 b=00 dp=00 x=7f4e y=d8a8 u=d40a s=1ff0  dt=16
d3b9| 2602        BNE   $d3bd               cc=c4 a=00 b=00 dp=00 x=7f4e y=d8a8 u=d40a s=1ff0  dt=24
d3bb| caf0        ORB   #$f0                cc=c8 a=00 b=f0 dp=00 x=7f4e y=d8a8 u=d40a s=1ff0  dt=16
d3bd| 850f        BITA  #$0f                cc=c4 a=00 b=f0 dp=00 x=7f4e y=d8a8 u=d40a s=1ff0  dt=16
d3bf| 2602        BNE   $d3c3               cc=c4 a=00 b=f0 dp=00 x=7f4e y=d8a8 u=d40a s=1ff0  dt=24
d3c1| ca0f        ORB   #$0f                cc=c8 a=00 b=ff dp=00 x=7f4e y=d8a8 u=d40a s=1ff0  dt=16
d3c3| e484        ANDB  ,X                  cc=c4 a=00 b=00 dp=00 x=7f4e y=d8a8 u=d40a s=1ff0  dt=32
d3c5| da2a        ORB   <$2a                cc=c4 a=00 b=00 dp=00 x=7f4e y=d8a8 u=d40a s=1ff0  dt=32
d3c7| e780        STB   ,X+                 cc=c4 a=00 b=00 dp=00 x=7f4f y=d8a8 u=d40a s=1ff0  dt=48
d3c9| 39          RTS                       cc=c4 a=00 b=00 dp=00 x=7f4f y=d8a8 u=d40a s=1ff2  dt=40
d39e| 9644        LDA   <$44                cc=c4 a=00 b=00 dp=00 x=7f4f y=d8a8 u=d40a s=1ff2  dt=32
d3a0| 840f        ANDA  #$0f                cc=c4 a=00 b=00 dp=00 x=7f4f y=d8a8 u=d40a s=1ff2  dt=16
d3a2| a6c6        LDA   A,U                 cc=c4 a=00 b=00 dp=00 x=7f4f y=d8a8 u=d40a s=1ff2  dt=40
d3a4| 17000d      LBSR  $d3b4               cc=c4 a=00 b=00 dp=00 x=7f4f y=d8a8 u=d40a s=1ff0  dt=72
d3b4| 972a        STA   <$2a                cc=c4 a=00 b=00 dp=00 x=7f4f y=d8a8 u=d40a s=1ff0  dt=32
d3b6| 5f          CLRB                      cc=c4 a=00 b=00 dp=00 x=7f4f y=d8a8 u=d40a s=1ff0  dt=16
d3b7| 85f0        BITA  #$f0                cc=c4 a=00 b=00 dp=00 x=7f4f y=d8a8 u=d40a s=1ff0  dt=16
d3b9| 2602        BNE   $d3bd               cc=c4 a=00 b=00 dp=00 x=7f4f y=d8a8 u=d40a s=1ff0  dt=24
d3bb| caf0        ORB   #$f0                cc=c8 a=00 b=f0 dp=00 x=7f4f y=d8a8 u=d40a s=1ff0  dt=16
d3bd| 850f        BITA  #$0f                cc=c4 a=00 b=f0 dp=00 x=7f4f y=d8a8 u=d40a s=1ff0  dt=16
d3bf| 2602        BNE   $d3c3               cc=c4 a=00 b=f0 dp=00 x=7f4f y=d8a8 u=d40a s=1ff0  dt=24
d3c1| ca0f        ORB   #$0f                cc=c8 a=00 b=ff dp=00 x=7f4f y=d8a8 u=d40a s=1ff0  dt=16
d3c3| e484        ANDB  ,X                  cc=c4 a=00 b=00 dp=00 x=7f4f y=d8a8 u=d40a s=1ff0  dt=32
d3c5| da2a        ORB   <$2a                cc=c4 a=00 b=00 dp=00 x=7f4f y=d8a8 u=d40a s=1ff0  dt=32
d3c7| e780        STB   ,X+                 cc=c4 a=00 b=00 dp=00 x=7f50 y=d8a8 u=d40a s=1ff0  dt=48
d3c9| 39          RTS                       cc=c4 a=00 b=00 dp=00 x=7f50 y=d8a8 u=d40a s=1ff2  dt=40
d3a7| 0a1c        DEC   <$1c                cc=c0 a=00 b=00 dp=00 x=7f50 y=d8a8 u=d40a s=1ff2  dt=48
d3a9| 26e6        BNE   $d391               cc=c0 a=00 b=00 dp=00 x=7f50 y=d8a8 u=d40a s=1ff2  dt=24
d391| a6a0        LDA   ,Y+                 cc=c4 a=00 b=00 dp=00 x=7f50 y=d8a9 u=d40a s=1ff2  dt=48
d393| 9744        STA   <$44                cc=c4 a=00 b=00 dp=00 x=7f50 y=d8a9 u=d40a s=1ff2  dt=32
d395| 44          LSRA                      cc=c4 a=00 b=00 dp=00 x=7f50 y=d8a9 u=d40a s=1ff2  dt=16
d396| 44          LSRA                      cc=c4 a=00 b=00 dp=00 x=7f50 y=d8a9 u=d40a s=1ff2  dt=16
d397| 44          LSRA                      cc=c4 a=00 b=00 dp=00 x=7f50 y=d8a9 u=d40a s=1ff2  dt=16
d398| 44          LSRA                      cc=c4 a=00 b=00 dp=00 x=7f50 y=d8a9 u=d40a s=1ff2  dt=16
d399| a6c6        LDA   A,U                 cc=c4 a=00 b=00 dp=00 x=7f50 y=d8a9 u=d40a s=1ff2  dt=40
d39b| 170016      LBSR  $d3b4               cc=c4 a=00 b=00 dp=00 x=7f50 y=d8a9 u=d40a s=1ff0  dt=72
d3b4| 972a        STA   <$2a                cc=c4 a=00 b=00 dp=00 x=7f50 y=d8a9 u=d40a s=1ff0  dt=32
d3b6| 5f          CLRB                      cc=c4 a=00 b=00 dp=00 x=7f50 y=d8a9 u=d40a s=1ff0  dt=16
d3b7| 85f0        BITA  #$f0                cc=c4 a=00 b=00 dp=00 x=7f50 y=d8a9 u=d40a s=1ff0  dt=16
d3b9| 2602        BNE   $d3bd               cc=c4 a=00 b=00 dp=00 x=7f50 y=d8a9 u=d40a s=1ff0  dt=24
d3bb| caf0        ORB   #$f0                cc=c8 a=00 b=f0 dp=00 x=7f50 y=d8a9 u=d40a s=1ff0  dt=16
d3bd| 850f        BITA  #$0f                cc=c4 a=00 b=f0 dp=00 x=7f50 y=d8a9 u=d40a s=1ff0  dt=16
d3bf| 2602        BNE   $d3c3               cc=c4 a=00 b=f0 dp=00 x=7f50 y=d8a9 u=d40a s=1ff0  dt=24
d3c1| ca0f        ORB   #$0f                cc=c8 a=00 b=ff dp=00 x=7f50 y=d8a9 u=d40a s=1ff0  dt=16
d3c3| e484        ANDB  ,X                  cc=c4 a=00 b=00 dp=00 x=7f50 y=d8a9 u=d40a s=1ff0  dt=32
d3c5| da2a        ORB   <$2a                cc=c4 a=00 b=00 dp=00 x=7f50 y=d8a9 u=d40a s=1ff0  dt=32
d3c7| e780        STB   ,X+                 cc=c4 a=00 b=00 dp=00 x=7f51 y=d8a9 u=d40a s=1ff0  dt=48
d3c9| 39          RTS                       cc=c4 a=00 b=00 dp=00 x=7f51 y=d8a9 u=d40a s=1ff2  dt=40
d39e| 9644        LDA   <$44                cc=c4 a=00 b=00 dp=00 x=7f51 y=d8a9 u=d40a s=1ff2  dt=32
d3a0| 840f        ANDA  #$0f                cc=c4 a=00 b=00 dp=00 x=7f51 y=d8a9 u=d40a s=1ff2  dt=16
d3a2| a6c6        LDA   A,U                 cc=c4 a=00 b=00 dp=00 x=7f51 y=d8a9 u=d40a s=1ff2  dt=40
d3a4| 17000d      LBSR  $d3b4               cc=c4 a=00 b=00 dp=00 x=7f51 y=d8a9 u=d40a s=1ff0  dt=72
d3b4| 972a        STA   <$2a                cc=c4 a=00 b=00 dp=00 x=7f51 y=d8a9 u=d40a s=1ff0  dt=32
d3b6| 5f          CLRB                      cc=c4 a=00 b=00 dp=00 x=7f51 y=d8a9 u=d40a s=1ff0  dt=16
d3b7| 85f0        BITA  #$f0                cc=c4 a=00 b=00 dp=00 x=7f51 y=d8a9 u=d40a s=1ff0  dt=16
d3b9| 2602        BNE   $d3bd               cc=c4 a=00 b=00 dp=00 x=7f51 y=d8a9 u=d40a s=1ff0  dt=24
d3bb| caf0        ORB   #$f0                cc=c8 a=00 b=f0 dp=00 x=7f51 y=d8a9 u=d40a s=1ff0  dt=16
d3bd| 850f        BITA  #$0f                cc=c4 a=00 b=f0 dp=00 x=7f51 y=d8a9 u=d40a s=1ff0  dt=16
d3bf| 2602        BNE   $d3c3               cc=c4 a=00 b=f0 dp=00 x=7f51 y=d8a9 u=d40a s=1ff0  dt=24
d3c1| ca0f        ORB   #$0f                cc=c8 a=00 b=ff dp=00 x=7f51 y=d8a9 u=d40a s=1ff0  dt=16
d3c3| e484        ANDB  ,X                  cc=c4 a=00 b=00 dp=00 x=7f51 y=d8a9 u=d40a s=1ff0  dt=32
d3c5| da2a        ORB   <$2a                cc=c4 a=00 b=00 dp=00 x=7f51 y=d8a9 u=d40a s=1ff0  dt=32
d3c7| e780        STB   ,X+                 cc=c4 a=00 b=00 dp=00 x=7f52 y=d8a9 u=d40a s=1ff0  dt=48
d3c9| 39          RTS                       cc=c4 a=00 b=00 dp=00 x=7f52 y=d8a9 u=d40a s=1ff2  dt=40
d3a7| 0a1c        DEC   <$1c                cc=c0 a=00 b=00 dp=00 x=7f52 y=d8a9 u=d40a s=1ff2  dt=48
d3a9| 26e6        BNE   $d391               cc=c0 a=00 b=00 dp=00 x=7f52 y=d8a9 u=d40a s=1ff2  dt=24
d391| a6a0        LDA   ,Y+                 cc=c4 a=00 b=00 dp=00 x=7f52 y=d8aa u=d40a s=1ff2  dt=48
d393| 9744        STA   <$44                cc=c4 a=00 b=00 dp=00 x=7f52 y=d8aa u=d40a s=1ff2  dt=32
d395| 44          LSRA                      cc=c4 a=00 b=00 dp=00 x=7f52 y=d8aa u=d40a s=1ff2  dt=16
d396| 44          LSRA                      cc=c4 a=00 b=00 dp=00 x=7f52 y=d8aa u=d40a s=1ff2  dt=16
d397| 44          LSRA                      cc=c4 a=00 b=00 dp=00 x=7f52 y=d8aa u=d40a s=1ff2  dt=16
d398| 44          LSRA                      cc=c4 a=00 b=00 dp=00 x=7f52 y=d8aa u=d40a s=1ff2  dt=16
d399| a6c6        LDA   A,U                 cc=c4 a=00 b=00 dp=00 x=7f52 y=d8aa u=d40a s=1ff2  dt=40
d39b| 170016      LBSR  $d3b4               cc=c4 a=00 b=00 dp=00 x=7f52 y=d8aa u=d40a s=1ff0  dt=72
d3b4| 972a        STA   <$2a                cc=c4 a=00 b=00 dp=00 x=7f52 y=d8aa u=d40a s=1ff0  dt=32
d3b6| 5f          CLRB                      cc=c4 a=00 b=00 dp=00 x=7f52 y=d8aa u=d40a s=1ff0  dt=16
d3b7| 85f0        BITA  #$f0                cc=c4 a=00 b=00 dp=00 x=7f52 y=d8aa u=d40a s=1ff0  dt=16
d3b9| 2602        BNE   $d3bd               cc=c4 a=00 b=00 dp=00 x=7f52 y=d8aa u=d40a s=1ff0  dt=24
d3bb| caf0        ORB   #$f0                cc=c8 a=00 b=f0 dp=00 x=7f52 y=d8aa u=d40a s=1ff0  dt=16
d3bd| 850f        BITA  #$0f                cc=c4 a=00 b=f0 dp=00 x=7f52 y=d8aa u=d40a s=1ff0  dt=16
d3bf| 2602        BNE   $d3c3               cc=c4 a=00 b=f0 dp=00 x=7f52 y=d8aa u=d40a s=1ff0  dt=24
d3c1| ca0f        ORB   #$0f                cc=c8 a=00 b=ff dp=00 x=7f52 y=d8aa u=d40a s=1ff0  dt=16
d3c3| e484        ANDB  ,X                  cc=c4 a=00 b=00 dp=00 x=7f52 y=d8aa u=d40a s=1ff0  dt=32
d3c5| da2a        ORB   <$2a                cc=c4 a=00 b=00 dp=00 x=7f52 y=d8aa u=d40a s=1ff0  dt=32
d3c7| e780        STB   ,X+                 cc=c4 a=00 b=00 dp=00 x=7f53 y=d8aa u=d40a s=1ff0  dt=48
d3c9| 39          RTS                       cc=c4 a=00 b=00 dp=00 x=7f53 y=d8aa u=d40a s=1ff2  dt=40
d39e| 9644        LDA   <$44                cc=c4 a=00 b=00 dp=00 x=7f53 y=d8aa u=d40a s=1ff2  dt=32
d3a0| 840f        ANDA  #$0f                cc=c4 a=00 b=00 dp=00 x=7f53 y=d8aa u=d40a s=1ff2  dt=16
d3a2| a6c6        LDA   A,U                 cc=c4 a=00 b=00 dp=00 x=7f53 y=d8aa u=d40a s=1ff2  dt=40
d3a4| 17000d      LBSR  $d3b4               cc=c4 a=00 b=00 dp=00 x=7f53 y=d8aa u=d40a s=1ff0  dt=72
d3b4| 972a        STA   <$2a                cc=c4 a=00 b=00 dp=00 x=7f53 y=d8aa u=d40a s=1ff0  dt=32
d3b6| 5f          CLRB                      cc=c4 a=00 b=00 dp=00 x=7f53 y=d8aa u=d40a s=1ff0  dt=16
d3b7| 85f0        BITA  #$f0                cc=c4 a=00 b=00 dp=00 x=7f53 y=d8aa u=d40a s=1ff0  dt=16
d3b9| 2602        BNE   $d3bd               cc=c4 a=00 b=00 dp=00 x=7f53 y=d8aa u=d40a s=1ff0  dt=24
d3bb| caf0        ORB   #$f0                cc=c8 a=00 b=f0 dp=00 x=7f53 y=d8aa u=d40a s=1ff0  dt=16
d3bd| 850f        BITA  #$0f                cc=c4 a=00 b=f0 dp=00 x=7f53 y=d8aa u=d40a s=1ff0  dt=16
d3bf| 2602        BNE   $d3c3               cc=c4 a=00 b=f0 dp=00 x=7f53 y=d8aa u=d40a s=1ff0  dt=24
d3c1| ca0f        ORB   #$0f                cc=c8 a=00 b=ff dp=00 x=7f53 y=d8aa u=d40a s=1ff0  dt=16
d3c3| e484        ANDB  ,X                  cc=c4 a=00 b=00 dp=00 x=7f53 y=d8aa u=d40a s=1ff0  dt=32
d3c5| da2a        ORB   <$2a                cc=c4 a=00 b=00 dp=00 x=7f53 y=d8aa u=d40a s=1ff0  dt=32
d3c7| e780        STB   ,X+                 cc=c4 a=00 b=00 dp=00 x=7f54 y=d8aa u=d40a s=1ff0  dt=48
d3c9| 39          RTS                       cc=c4 a=00 b=00 dp=00 x=7f54 y=d8aa u=d40a s=1ff2  dt=40
d3a7| 0a1c        DEC   <$1c                cc=c4 a=00 b=00 dp=00 x=7f54 y=d8aa u=d40a s=1ff2  dt=48
d3a9| 26e6        BNE   $d391               cc=c4 a=00 b=00 dp=00 x=7f54 y=d8aa u=d40a s=1ff2  dt=24
d3ab| 30890098    LEAX  $0098,X             cc=c0 a=00 b=00 dp=00 x=7fec y=d8aa u=d40a s=1ff2  dt=64
d3af| 0a1b        DEC   <$1b                cc=c4 a=00 b=00 dp=00 x=7fec y=d8aa u=d40a s=1ff2  dt=48
d3b1| 26da        BNE   $d38d               cc=c4 a=00 b=00 dp=00 x=7fec y=d8aa u=d40a s=1ff2  dt=24
d3b3| 39          RTS                       cc=c4 a=00 b=00 dp=00 x=7fec y=d8aa u=d40a s=1ff4  dt=40
d23d| 39          RTS                       cc=c4 a=00 b=00 dp=00 x=7fec y=d8aa u=d40a s=1ff6  dt=40
0cc5| 39          RTS                       cc=c4 a=00 b=00 dp=00 x=7fec y=d8aa u=d40a s=1ff8  dt=40
0b31| 39          RTS                       cc=c4 a=00 b=00 dp=00 x=7fec y=d8aa u=d40a s=1ffa  dt=40
0a37| 17038f      LBSR  $0dc9               cc=c4 a=00 b=00 dp=00 x=7fec y=d8aa u=d40a s=1ff8  dt=72
0dc9| 0d9a        TST   <$9a                cc=c0 a=00 b=00 dp=00 x=7fec y=d8aa u=d40a s=1ff8  dt=48
0dcb| 270d        BEQ   $0dda               cc=c0 a=00 b=00 dp=00 x=7fec y=d8aa u=d40a s=1ff8  dt=24
0dcd| 170016      LBSR  $0de6               cc=c0 a=00 b=00 dp=00 x=7fec y=d8aa u=d40a s=1ff6  dt=72
0de6| 17fff2      LBSR  $0ddb               cc=c0 a=00 b=00 dp=00 x=7fec y=d8aa u=d40a s=1ff4  dt=72
0ddb| cea900      LDU   #$a900              cc=c8 a=00 b=00 dp=00 x=7fec y=d8aa u=a900 s=1ff4  dt=24
0dde| 0d90        TST   <$90                cc=c4 a=00 b=00 dp=00 x=7fec y=d8aa u=a900 s=1ff4  dt=48
0de0| 2703        BEQ   $0de5               cc=c4 a=00 b=00 dp=00 x=7fec y=d8aa u=a900 s=1ff4  dt=24
0de5| 39          RTS                       cc=c4 a=00 b=00 dp=00 x=7fec y=d8aa u=a900 s=1ff6  dt=40
0de9| 8601        LDA   #$01                cc=c0 a=01 b=00 dp=00 x=7fec y=d8aa u=a900 s=1ff6  dt=16
0deb| a7c4        STA   ,U                  cc=c0 a=01 b=00 dp=00 x=7fec y=d8aa u=a900 s=1ff6  dt=32
0ded| 6f41        CLR   1,U                 cc=c4 a=01 b=00 dp=00 x=7fec y=d8aa u=a900 s=1ff6  dt=56
0def| 966a        LDA   <$6a                cc=c0 a=01 b=00 dp=00 x=7fec y=d8aa u=a900 s=1ff6  dt=32
0df1| a742        STA   2,U                 cc=c0 a=01 b=00 dp=00 x=7fec y=d8aa u=a900 s=1ff6  dt=40
0df3| 6f43        CLR   3,U                 cc=c4 a=01 b=00 dp=00 x=7fec y=d8aa u=a900 s=1ff6  dt=56
0df5| dc0b        LDD   <$0b                cc=c0 a=75 b=ec dp=00 x=7fec y=d8aa u=a900 s=1ff6  dt=40
0df7| ed44        STD   4,U                 cc=c0 a=75 b=ec dp=00 x=7fec y=d8aa u=a900 s=1ff6  dt=48
0df9| 3348        LEAU  8,U                 cc=c0 a=75 b=ec dp=00 x=7fec y=d8aa u=a908 s=1ff6  dt=40
0dfb| 8ea470      LDX   #$a470              cc=c8 a=75 b=ec dp=00 x=a470 y=d8aa u=a908 s=1ff6  dt=24
0dfe| 108e0010    LDY   #$0010              cc=c0 a=75 b=ec dp=00 x=a470 y=0010 u=a908 s=1ff6  dt=32
0e02| ec81        LDD   ,X++                cc=c0 a=01 b=2f dp=00 x=a472 y=0010 u=a908 s=1ff6  dt=64
0e04| edc1        STD   ,U++                cc=c0 a=01 b=2f dp=00 x=a472 y=0010 u=a90a s=1ff6  dt=64
0e06| 313f        LEAY  -1,Y                cc=c0 a=01 b=2f dp=00 x=a472 y=000f u=a90a s=1ff6  dt=40
0e08| 26f8        BNE   $0e02               cc=c0 a=01 b=2f dp=00 x=a472 y=000f u=a90a s=1ff6  dt=24
0e02| ec81        LDD   ,X++                cc=c8 a=ce b=01 dp=00 x=a474 y=000f u=a90a s=1ff6  dt=64
0e04| edc1        STD   ,U++                cc=c8 a=ce b=01 dp=00 x=a474 y=000f u=a90c s=1ff6  dt=64
0e06| 313f        LEAY  -1,Y                cc=c8 a=ce b=01 dp=00 x=a474 y=000e u=a90c s=1ff6  dt=40
0e08| 26f8        BNE   $0e02               cc=c8 a=ce b=01 dp=00 x=a474 y=000e u=a90c s=1ff6  dt=24
0e02| ec81        LDD   ,X++                cc=c0 a=05 b=0f dp=00 x=a476 y=000e u=a90c s=1ff6  dt=64
0e04| edc1        STD   ,U++                cc=c0 a=05 b=0f dp=00 x=a476 y=000e u=a90e s=1ff6  dt=64
0e06| 313f        LEAY  -1,Y                cc=c0 a=05 b=0f dp=00 x=a476 y=000d u=a90e s=1ff6  dt=40
0e08| 26f8        BNE   $0e02               cc=c0 a=05 b=0f dp=00 x=a476 y=000d u=a90e s=1ff6  dt=24
0e02| ec81        LDD   ,X++                cc=c0 a=01 b=ff dp=00 x=a478 y=000d u=a90e s=1ff6  dt=64
0e04| edc1        STD   ,U++                cc=c0 a=01 b=ff dp=00 x=a478 y=000d u=a910 s=1ff6  dt=64
0e06| 313f        LEAY  -1,Y                cc=c0 a=01 b=ff dp=00 x=a478 y=000c u=a910 s=1ff6  dt=40
0e08| 26f8        BNE   $0e02               cc=c0 a=01 b=ff dp=00 x=a478 y=000c u=a910 s=1ff6  dt=24
0e02| ec81        LDD   ,X++                cc=c0 a=01 b=2f dp=00 x=a47a y=000c u=a910 s=1ff6  dt=64
0e04| edc1        STD   ,U++                cc=c0 a=01 b=2f dp=00 x=a47a y=000c u=a912 s=1ff6  dt=64
0e06| 313f        LEAY  -1,Y                cc=c0 a=01 b=2f dp=00 x=a47a y=000b u=a912 s=1ff6  dt=40
0e08| 26f8        BNE   $0e02               cc=c0 a=01 b=2f dp=00 x=a47a y=000b u=a912 s=1ff6  dt=24
0e02| ec81        LDD   ,X++                cc=c8 a=ee b=01 dp=00 x=a47c y=000b u=a912 s=1ff6  dt=64
0e04| edc1        STD   ,U++                cc=c8 a=ee b=01 dp=00 x=a47c y=000b u=a914 s=1ff6  dt=64
0e06| 313f        LEAY  -1,Y                cc=c8 a=ee b=01 dp=00 x=a47c y=000a u=a914 s=1ff6  dt=40
0e08| 26f8        BNE   $0e02               cc=c8 a=ee b=01 dp=00 x=a47c y=000a u=a914 s=1ff6  dt=24
0e02| ec81        LDD   ,X++                cc=c0 a=07 b=0f dp=00 x=a47e y=000a u=a914 s=1ff6  dt=64
0e04| edc1        STD   ,U++                cc=c0 a=07 b=0f dp=00 x=a47e y=000a u=a916 s=1ff6  dt=64
0e06| 313f        LEAY  -1,Y                cc=c0 a=07 b=0f dp=00 x=a47e y=0009 u=a916 s=1ff6  dt=40
0e08| 26f8        BNE   $0e02               cc=c0 a=07 b=0f dp=00 x=a47e y=0009 u=a916 s=1ff6  dt=24
0e02| ec81        LDD   ,X++                cc=c0 a=01 b=ff dp=00 x=a480 y=0009 u=a916 s=1ff6  dt=64
0e04| edc1        STD   ,U++                cc=c0 a=01 b=ff dp=00 x=a480 y=0009 u=a918 s=1ff6  dt=64
0e06| 313f        LEAY  -1,Y                cc=c0 a=01 b=ff dp=00 x=a480 y=0008 u=a918 s=1ff6  dt=40
0e08| 26f8        BNE   $0e02               cc=c0 a=01 b=ff dp=00 x=a480 y=0008 u=a918 s=1ff6  dt=24
0e02| ec81        LDD   ,X++                cc=c0 a=01 b=6f dp=00 x=a482 y=0008 u=a918 s=1ff6  dt=64
0e04| edc1        STD   ,U++                cc=c0 a=01 b=6f dp=00 x=a482 y=0008 u=a91a s=1ff6  dt=64
0e06| 313f        LEAY  -1,Y                cc=c0 a=01 b=6f dp=00 x=a482 y=0007 u=a91a s=1ff6  dt=40
0e08| 26f8        BNE   $0e02               cc=c0 a=01 b=6f dp=00 x=a482 y=0007 u=a91a s=1ff6  dt=24
0e02| ec81        LDD   ,X++                cc=c8 a=ca b=01 dp=00 x=a484 y=0007 u=a91a s=1ff6  dt=64
0e04| edc1        STD   ,U++                cc=c8 a=ca b=01 dp=00 x=a484 y=0007 u=a91c s=1ff6  dt=64
0e06| 313f        LEAY  -1,Y                cc=c8 a=ca b=01 dp=00 x=a484 y=0006 u=a91c s=1ff6  dt=40
0e08| 26f8        BNE   $0e02               cc=c8 a=ca b=01 dp=00 x=a484 y=0006 u=a91c s=1ff6  dt=24
0e02| ec81        LDD   ,X++                cc=c0 a=09 b=0f dp=00 x=a486 y=0006 u=a91c s=1ff6  dt=64
0e04| edc1        STD   ,U++                cc=c0 a=09 b=0f dp=00 x=a486 y=0006 u=a91e s=1ff6  dt=64
0e06| 313f        LEAY  -1,Y                cc=c0 a=09 b=0f dp=00 x=a486 y=0005 u=a91e s=1ff6  dt=40
0e08| 26f8        BNE   $0e02               cc=c0 a=09 b=0f dp=00 x=a486 y=0005 u=a91e s=1ff6  dt=24
0e02| ec81        LDD   ,X++                cc=c0 a=01 b=ff dp=00 x=a488 y=0005 u=a91e s=1ff6  dt=64
0e04| edc1        STD   ,U++                cc=c0 a=01 b=ff dp=00 x=a488 y=0005 u=a920 s=1ff6  dt=64
0e06| 313f        LEAY  -1,Y                cc=c0 a=01 b=ff dp=00 x=a488 y=0004 u=a920 s=1ff6  dt=40
0e08| 26f8        BNE   $0e02               cc=c0 a=01 b=ff dp=00 x=a488 y=0004 u=a920 s=1ff6  dt=24
0e02| ec81        LDD   ,X++                cc=c0 a=01 b=6f dp=00 x=a48a y=0004 u=a920 s=1ff6  dt=64
0e04| edc1        STD   ,U++                cc=c0 a=01 b=6f dp=00 x=a48a y=0004 u=a922 s=1ff6  dt=64
0e06| 313f        LEAY  -1,Y                cc=c0 a=01 b=6f dp=00 x=a48a y=0003 u=a922 s=1ff6  dt=40
0e08| 26f8        BNE   $0e02               cc=c0 a=01 b=6f dp=00 x=a48a y=0003 u=a922 s=1ff6  dt=24
0e02| ec81        LDD   ,X++                cc=c8 a=ea b=01 dp=00 x=a48c y=0003 u=a922 s=1ff6  dt=64
0e04| edc1        STD   ,U++                cc=c8 a=ea b=01 dp=00 x=a48c y=0003 u=a924 s=1ff6  dt=64
0e06| 313f        LEAY  -1,Y                cc=c8 a=ea b=01 dp=00 x=a48c y=0002 u=a924 s=1ff6  dt=40
0e08| 26f8        BNE   $0e02               cc=c8 a=ea b=01 dp=00 x=a48c y=0002 u=a924 s=1ff6  dt=24
0e02| ec81        LDD   ,X++                cc=c0 a=0b b=0f dp=00 x=a48e y=0002 u=a924 s=1ff6  dt=64
0e04| edc1        STD   ,U++                cc=c0 a=0b b=0f dp=00 x=a48e y=0002 u=a926 s=1ff6  dt=64
0e06| 313f        LEAY  -1,Y                cc=c0 a=0b b=0f dp=00 x=a48e y=0001 u=a926 s=1ff6  dt=40
0e08| 26f8        BNE   $0e02               cc=c0 a=0b b=0f dp=00 x=a48e y=0001 u=a926 s=1ff6  dt=24
0e02| ec81        LDD   ,X++                cc=c0 a=01 b=ff dp=00 x=a490 y=0001 u=a926 s=1ff6  dt=64
0e04| edc1        STD   ,U++                cc=c0 a=01 b=ff dp=00 x=a490 y=0001 u=a928 s=1ff6  dt=64
0e06| 313f        LEAY  -1,Y                cc=c4 a=01 b=ff dp=00 x=a490 y=0000 u=a928 s=1ff6  dt=40
0e08| 26f8        BNE   $0e02               cc=c4 a=01 b=ff dp=00 x=a490 y=0000 u=a928 s=1ff6  dt=24
0e0a| 4f          CLRA                      cc=c4 a=00 b=ff dp=00 x=a490 y=0000 u=a928 s=1ff6  dt=16
0e0b| 5f          CLRB                      cc=c4 a=00 b=00 dp=00 x=a490 y=0000 u=a928 s=1ff6  dt=16
0e0c| edc4        STD   ,U                  cc=c4 a=00 b=00 dp=00 x=a490 y=0000 u=a928 s=1ff6  dt=40
0e0e| ed42        STD   2,U                 cc=c4 a=00 b=00 dp=00 x=a490 y=0000 u=a928 s=1ff6  dt=48
0e10| fca898      LDD   $a898               cc=c4 a=00 b=00 dp=00 x=a490 y=0000 u=a928 s=1ff6  dt=48
0e13| ed44        STD   4,U                 cc=c4 a=00 b=00 dp=00 x=a490 y=0000 u=a928 s=1ff6  dt=48
0e15| fca89a      LDD   $a89a               cc=c4 a=00 b=00 dp=00 x=a490 y=0000 u=a928 s=1ff6  dt=48
0e18| ed46        STD   6,U                 cc=c4 a=00 b=00 dp=00 x=a490 y=0000 u=a928 s=1ff6  dt=48
0e1a| 39          RTS                       cc=c4 a=00 b=00 dp=00 x=a490 y=0000 u=a928 s=1ff8  dt=40
0dd0| 1a10        ORCC  #$10                cc=d4 a=00 b=00 dp=00 x=a490 y=0000 u=a928 s=1ff8  dt=24
0dd2| 0f98        CLR   <$98                cc=d4 a=00 b=00 dp=00 x=a490 y=0000 u=a928 s=1ff8  dt=48
0dd4| 8601        LDA   #$01                cc=d0 a=01 b=00 dp=00 x=a490 y=0000 u=a928 s=1ff8  dt=16
0dd6| 9791        STA   <$91                cc=d0 a=01 b=00 dp=00 x=a490 y=0000 u=a928 s=1ff8  dt=32
0dd8| 1cef        ANDCC #$ef                cc=c0 a=01 b=00 dp=00 x=a490 y=0000 u=a928 s=1ff8  dt=24
0dda| 39          RTS                       cc=c0 a=01 b=00 dp=00 x=a490 y=0000 u=a928 s=1ffa  dt=40
0a3a| 0f7f        CLR   <$7f                cc=c4 a=01 b=00 dp=00 x=a490 y=0000 u=a928 s=1ffa  dt=48
0a3c| 0f80        CLR   <$80                cc=c4 a=01 b=00 dp=00 x=a490 y=0000 u=a928 s=1ffa  dt=48
0a3e| 0f88        CLR   <$88                cc=c4 a=01 b=00 dp=00 x=a490 y=0000 u=a928 s=1ffa  dt=48
0a40| 0f8a        CLR   <$8a                cc=c4 a=01 b=00 dp=00 x=a490 y=0000 u=a928 s=1ffa  dt=48
0a42| 0f69        CLR   <$69                cc=c4 a=01 b=00 dp=00 x=a490 y=0000 u=a928 s=1ffa  dt=48
0a44| 39          RTS                       cc=c4 a=01 b=00 dp=00 x=a490 y=0000 u=a928 s=1ffc  dt=40
d346| 39          RTS                       cc=c4 a=01 b=00 dp=00 x=a490 y=0000 u=a928 s=1ffe  dt=40
c143| 20a0        BRA   $c0e5               cc=c4 a=01 b=00 dp=00 x=a490 y=0000 u=a928 s=1ffe  dt=24
c0e5| 13          SYNC                      cc=c4 a=01 b=00 dp=00 x=a490 y=0000 u=a928 s=1ffe  dt=112872
fff8| fef7        [IRQ]                     dt=152
fef7| 7ed51e      JMP   $d51e               cc=d4 a=01 b=00 dp=00 x=a490 y=0000 u=a928 s=1ff2  dt=32
d51e| bd081e      JSR   $081e               cc=d4 a=01 b=00 dp=00 x=a490 y=0000 u=a928 s=1ff0  dt=64
081e| 7e0e1b      JMP   $0e1b               cc=d4 a=01 b=00 dp=00 x=a490 y=0000 u=a928 s=1ff0  dt=32
0e1b| b6ff92      LDA   $ff92               cc=d0 a=08 b=00 dp=00 x=a490 y=0000 u=a928 s=1ff0  dt=40
0e1e| 0c03        INC   <$03                cc=d8 a=08 b=00 dp=00 x=a490 y=0000 u=a928 s=1ff0  dt=48
0e20| 2602        BNE   $0e24               cc=d8 a=08 b=00 dp=00 x=a490 y=0000 u=a928 s=1ff0  dt=24
0e24| 0d91        TST   <$91                cc=d0 a=08 b=00 dp=00 x=a490 y=0000 u=a928 s=1ff0  dt=48
0e26| 2722        BEQ   $0e4a               cc=d0 a=08 b=00 dp=00 x=a490 y=0000 u=a928 s=1ff0  dt=24
0e28| 86c0        LDA   #$c0                cc=d8 a=c0 b=00 dp=00 x=a490 y=0000 u=a928 s=1ff0  dt=16
0e2a| 0d90        TST   <$90                cc=d4 a=c0 b=00 dp=00 x=a490 y=0000 u=a928 s=1ff0  dt=48
0e2c| 2702        BEQ   $0e30               cc=d4 a=c0 b=00 dp=00 x=a490 y=0000 u=a928 s=1ff0  dt=24
0e30| b7ff9d      STA   $ff9d               cc=d8 a=c0 b=00 dp=00 x=a490 y=0000 u=a928 s=1ff0  dt=40
0e33| 968f        LDA   <$8f                cc=d0 a=01 b=00 dp=00 x=a490 y=0000 u=a928 s=1ff0  dt=32
0e35| d690        LDB   <$90                cc=d4 a=01 b=00 dp=00 x=a490 y=0000 u=a928 s=1ff0  dt=32
0e37| d78f        STB   <$8f                cc=d4 a=01 b=00 dp=00 x=a490 y=0000 u=a928 s=1ff0  dt=32
0e39| 9790        STA   <$90                cc=d0 a=01 b=00 dp=00 x=a490 y=0000 u=a928 s=1ff0  dt=32
0e3b| 0f91        CLR   <$91                cc=d4 a=01 b=00 dp=00 x=a490 y=0000 u=a928 s=1ff0  dt=48
0e3d| 0c93        INC   <$93                cc=d8 a=01 b=00 dp=00 x=a490 y=0000 u=a928 s=1ff0  dt=48
0e3f| 2602        BNE   $0e43               cc=d8 a=01 b=00 dp=00 x=a490 y=0000 u=a928 s=1ff0  dt=24
0e43| 0c95        INC   <$95                cc=d8 a=01 b=00 dp=00 x=a490 y=0000 u=a928 s=1ff0  dt=48
0e45| 2602        BNE   $0e49               cc=d8 a=01 b=00 dp=00 x=a490 y=0000 u=a928 s=1ff0  dt=24
0e49| 39          RTS                       cc=d8 a=01 b=00 dp=00 x=a490 y=0000 u=a928 s=1ff2  dt=40
d521| 3b          RTI                       cc=c4 a=01 b=00 dp=00 x=a490 y=0000 u=a928 s=1ffe  dt=120
c0e6| 0d91        TST   <$91                cc=c4 a=01 b=00 dp=00 x=a490 y=0000 u=a928 s=1ffe  dt=48
c0e8| 26fb        BNE   $c0e5               cc=c4 a=01 b=00 dp=00 x=a490 y=0000 u=a928 s=1ffe  dt=24
c0ea| 9603        LDA   <$03                cc=c8 a=92 b=00 dp=00 x=a490 y=0000 u=a928 s=1ffe  dt=32
c0ec| 9100        CMPA  <$00                cc=c0 a=92 b=00 dp=00 x=a490 y=0000 u=a928 s=1ffe  dt=32
c0ee| 27f5        BEQ   $c0e5               cc=c0 a=92 b=00 dp=00 x=a490 y=0000 u=a928 s=1ffe  dt=24
c0f0| 9700        STA   <$00                cc=c8 a=92 b=00 dp=00 x=a490 y=0000 u=a928 s=1ffe  dt=32
c0f2| 8601        LDA   #$01                cc=c0 a=01 b=00 dp=00 x=a490 y=0000 u=a928 s=1ffe  dt=16
c0f4| 9798        STA   <$98                cc=c0 a=01 b=00 dp=00 x=a490 y=0000 u=a928 s=1ffe  dt=32
c0f6| 170da3      LBSR  $ce9c               cc=c0 a=01 b=00 dp=00 x=a490 y=0000 u=a928 s=1ffc  dt=72
ce9c| 9619        LDA   <$19                cc=c4 a=00 b=00 dp=00 x=a490 y=0000 u=a928 s=1ffc  dt=32
ce9e| 2709        BEQ   $cea9               cc=c4 a=00 b=00 dp=00 x=a490 y=0000 u=a928 s=1ffc  dt=24
cea9| 39          RTS                       cc=c4 a=00 b=00 dp=00 x=a490 y=0000 u=a928 s=1ffe  dt=40
c0f9| 170fc0      LBSR  $d0bc               cc=c4 a=00 b=00 dp=00 x=a490 y=0000 u=a928 s=1ffc  dt=72
d0bc| 9651        LDA   <$51                cc=c4 a=00 b=00 dp=00 x=a490 y=0000 u=a928 s=1ffc  dt=32
d0be| 2711        BEQ   $d0d1               cc=c4 a=00 b=00 dp=00 x=a490 y=0000 u=a928 s=1ffc  dt=24
d0d1| 39          RTS                       cc=c4 a=00 b=00 dp=00 x=a490 y=0000 u=a928 s=1ffe  dt=40
c0fc| 171251      LBSR  $d350               cc=c4 a=00 b=00 dp=00 x=a490 y=0000 u=a928 s=1ffc  dt=72
d350| 9651        LDA   <$51                cc=c4 a=00 b=00 dp=00 x=a490 y=0000 u=a928 s=1ffc  dt=32
d352| 2618        BNE   $d36c               cc=c4 a=00 b=00 dp=00 x=a490 y=0000 u=a928 s=1ffc  dt=24
d354| 964d        LDA   <$4d                cc=c0 a=02 b=00 dp=00 x=a490 y=0000 u=a928 s=1ffc  dt=32
d356| 2704        BEQ   $d35c               cc=c0 a=02 b=00 dp=00 x=a490 y=0000 u=a928 s=1ffc  dt=24
d358| 8103        CMPA  #$03                cc=c9 a=02 b=00 dp=00 x=a490 y=0000 u=a928 s=1ffc  dt=16
d35a| 2610        BNE   $d36c               cc=c9 a=02 b=00 dp=00 x=a490 y=0000 u=a928 s=1ffc  dt=24
d36c| 39          RTS                       cc=c9 a=02 b=00 dp=00 x=a490 y=0000 u=a928 s=1ffe  dt=40
c0ff| 17126f      LBSR  $d371               cc=c9 a=02 b=00 dp=00 x=a490 y=0000 u=a928 s=1ffc  dt=72
d371| bd0803      JSR   $0803               cc=c9 a=02 b=00 dp=00 x=a490 y=0000 u=a928 s=1ffa  dt=64
0803| 7e08c9      JMP   $08c9               cc=c9 a=02 b=00 dp=00 x=a490 y=0000 u=a928 s=1ffa  dt=32
08c9| 9687        LDA   <$87                cc=c5 a=00 b=00 dp=00 x=a490 y=0000 u=a928 s=1ffa  dt=32
08cb| 8502        BITA  #$02                cc=c5 a=00 b=00 dp=00 x=a490 y=0000 u=a928 s=1ffa  dt=16
08cd| 2603        BNE   $08d2               cc=c5 a=00 b=00 dp=00 x=a490 y=0000 u=a928 s=1ffa  dt=24
08cf| 17078b      LBSR  $105d               cc=c5 a=00 b=00 dp=00 x=a490 y=0000 u=a928 s=1ff8  dt=72
105d| cea890      LDU   #$a890              cc=c9 a=00 b=00 dp=00 x=a490 y=0000 u=a890 s=1ff8  dt=24
1060| 4f          CLRA                      cc=c4 a=00 b=00 dp=00 x=a490 y=0000 u=a890 s=1ff8  dt=16
1061| 5f          CLRB                      cc=c4 a=00 b=00 dp=00 x=a490 y=0000 u=a890 s=1ff8  dt=16
1062| edc4        STD   ,U                  cc=c4 a=00 b=00 dp=00 x=a490 y=0000 u=a890 s=1ff8  dt=40
1064| ed42        STD   2,U                 cc=c4 a=00 b=00 dp=00 x=a490 y=0000 u=a890 s=1ff8  dt=48
1066| ed44        STD   4,U                 cc=c4 a=00 b=00 dp=00 x=a490 y=0000 u=a890 s=1ff8  dt=48
1068| ed46        STD   6,U                 cc=c4 a=00 b=00 dp=00 x=a490 y=0000 u=a890 s=1ff8  dt=48
106a| 0f86        CLR   <$86                cc=c4 a=00 b=00 dp=00 x=a490 y=0000 u=a890 s=1ff8  dt=48
106c| 8ea470      LDX   #$a470              cc=c8 a=00 b=00 dp=00 x=a470 y=0000 u=a890 s=1ff8  dt=24
106f| 8604        LDA   #$04                cc=c0 a=04 b=00 dp=00 x=a470 y=0000 u=a890 s=1ff8  dt=16
1071| 975d        STA   <$5d                cc=c0 a=04 b=00 dp=00 x=a470 y=0000 u=a890 s=1ff8  dt=32
1073| 6d84        TST   ,X                  cc=c0 a=04 b=00 dp=00 x=a470 y=0000 u=a890 s=1ff8  dt=48
1075| 2723        BEQ   $109a               cc=c0 a=04 b=00 dp=00 x=a470 y=0000 u=a890 s=1ff8  dt=24
1077| 6d06        TST   6,X                 cc=c0 a=04 b=00 dp=00 x=a470 y=0000 u=a890 s=1ff8  dt=56
1079| 2606        BNE   $1081               cc=c0 a=04 b=00 dp=00 x=a470 y=0000 u=a890 s=1ff8  dt=24
1081| 170021      LBSR  $10a5               cc=c0 a=04 b=00 dp=00 x=a470 y=0000 u=a890 s=1ff6  dt=72
10a5| 8604        LDA   #$04                cc=c0 a=04 b=00 dp=00 x=a470 y=0000 u=a890 s=1ff6  dt=16
10a7| 905d        SUBA  <$5d                cc=c4 a=00 b=00 dp=00 x=a470 y=0000 u=a890 s=1ff6  dt=32
10a9| 48          LSLA                      cc=c4 a=00 b=00 dp=00 x=a470 y=0000 u=a890 s=1ff6  dt=16
10aa| cea890      LDU   #$a890              cc=c8 a=00 b=00 dp=00 x=a470 y=0000 u=a890 s=1ff6  dt=24
10ad| 33c6        LEAU  A,U                 cc=c8 a=00 b=00 dp=00 x=a470 y=0000 u=a890 s=1ff6  dt=40
10af| 39          RTS                       cc=c8 a=00 b=00 dp=00 x=a470 y=0000 u=a890 s=1ff8  dt=40
1084| ec01        LDD   1,X                 cc=c0 a=2f b=ce dp=00 x=a470 y=0000 u=a890 s=1ff8  dt=48
1086| edc4        STD   ,U                  cc=c0 a=2f b=ce dp=00 x=a470 y=0000 u=a890 s=1ff8  dt=40
1088| 6d06        TST   6,X                 cc=c0 a=2f b=ce dp=00 x=a470 y=0000 u=a890 s=1ff8  dt=56
108a| 270e        BEQ   $109a               cc=c0 a=2f b=ce dp=00 x=a470 y=0000 u=a890 s=1ff8  dt=24
108c| 8604        LDA   #$04                cc=c0 a=04 b=ce dp=00 x=a470 y=0000 u=a890 s=1ff8  dt=16
108e| 905d        SUBA  <$5d                cc=c4 a=00 b=ce dp=00 x=a470 y=0000 u=a890 s=1ff8  dt=32
1090| 108e10a1    LDY   #$10a1              cc=c0 a=00 b=ce dp=00 x=a470 y=10a1 u=a890 s=1ff8  dt=32
1094| e6a6        LDB   A,Y                 cc=c0 a=00 b=01 dp=00 x=a470 y=10a1 u=a890 s=1ff8  dt=40
1096| da86        ORB   <$86                cc=c0 a=00 b=01 dp=00 x=a470 y=10a1 u=a890 s=1ff8  dt=32
1098| d786        STB   <$86                cc=c0 a=00 b=01 dp=00 x=a470 y=10a1 u=a890 s=1ff8  dt=32
109a| 3008        LEAX  8,X                 cc=c0 a=00 b=01 dp=00 x=a478 y=10a1 u=a890 s=1ff8  dt=40
109c| 0a5d        DEC   <$5d                cc=c0 a=00 b=01 dp=00 x=a478 y=10a1 u=a890 s=1ff8  dt=48
109e| 26d3        BNE   $1073               cc=c0 a=00 b=01 dp=00 x=a478 y=10a1 u=a890 s=1ff8  dt=24
1073| 6d84        TST   ,X                  cc=c0 a=00 b=01 dp=00 x=a478 y=10a1 u=a890 s=1ff8  dt=48
1075| 2723        BEQ   $109a               cc=c0 a=00 b=01 dp=00 x=a478 y=10a1 u=a890 s=1ff8  dt=24
1077| 6d06        TST   6,X                 cc=c0 a=00 b=01 dp=00 x=a478 y=10a1 u=a890 s=1ff8  dt=56
1079| 2606        BNE   $1081               cc=c0 a=00 b=01 dp=00 x=a478 y=10a1 u=a890 s=1ff8  dt=24
1081| 170021      LBSR  $10a5               cc=c0 a=00 b=01 dp=00 x=a478 y=10a1 u=a890 s=1ff6  dt=72
10a5| 8604        LDA   #$04                cc=c0 a=04 b=01 dp=00 x=a478 y=10a1 u=a890 s=1ff6  dt=16
10a7| 905d        SUBA  <$5d                cc=c0 a=01 b=01 dp=00 x=a478 y=10a1 u=a890 s=1ff6  dt=32
10a9| 48          LSLA                      cc=c0 a=02 b=01 dp=00 x=a478 y=10a1 u=a890 s=1ff6  dt=16
10aa| cea890      LDU   #$a890              cc=c8 a=02 b=01 dp=00 x=a478 y=10a1 u=a890 s=1ff6  dt=24
10ad| 33c6        LEAU  A,U                 cc=c8 a=02 b=01 dp=00 x=a478 y=10a1 u=a892 s=1ff6  dt=40
10af| 39          RTS                       cc=c8 a=02 b=01 dp=00 x=a478 y=10a1 u=a892 s=1ff8  dt=40
1084| ec01        LDD   1,X                 cc=c0 a=2f b=ee dp=00 x=a478 y=10a1 u=a892 s=1ff8  dt=48
1086| edc4        STD   ,U                  cc=c0 a=2f b=ee dp=00 x=a478 y=10a1 u=a892 s=1ff8  dt=40
1088| 6d06        TST   6,X                 cc=c0 a=2f b=ee dp=00 x=a478 y=10a1 u=a892 s=1ff8  dt=56
108a| 270e        BEQ   $109a               cc=c0 a=2f b=ee dp=00 x=a478 y=10a1 u=a892 s=1ff8  dt=24
108c| 8604        LDA   #$04                cc=c0 a=04 b=ee dp=00 x=a478 y=10a1 u=a892 s=1ff8  dt=16
108e| 905d        SUBA  <$5d                cc=c0 a=01 b=ee dp=00 x=a478 y=10a1 u=a892 s=1ff8  dt=32
1090| 108e10a1    LDY   #$10a1              cc=c0 a=01 b=ee dp=00 x=a478 y=10a1 u=a892 s=1ff8  dt=32
1094| e6a6        LDB   A,Y                 cc=c0 a=01 b=02 dp=00 x=a478 y=10a1 u=a892 s=1ff8  dt=40
1096| da86        ORB   <$86                cc=c0 a=01 b=03 dp=00 x=a478 y=10a1 u=a892 s=1ff8  dt=32
1098| d786        STB   <$86                cc=c0 a=01 b=03 dp=00 x=a478 y=10a1 u=a892 s=1ff8  dt=32
109a| 3008        LEAX  8,X                 cc=c0 a=01 b=03 dp=00 x=a480 y=10a1 u=a892 s=1ff8  dt=40
109c| 0a5d        DEC   <$5d                cc=c0 a=01 b=03 dp=00 x=a480 y=10a1 u=a892 s=1ff8  dt=48
109e| 26d3        BNE   $1073               cc=c0 a=01 b=03 dp=00 x=a480 y=10a1 u=a892 s=1ff8  dt=24
1073| 6d84        TST   ,X                  cc=c0 a=01 b=03 dp=00 x=a480 y=10a1 u=a892 s=1ff8  dt=48
1075| 2723        BEQ   $109a               cc=c0 a=01 b=03 dp=00 x=a480 y=10a1 u=a892 s=1ff8  dt=24
1077| 6d06        TST   6,X                 cc=c0 a=01 b=03 dp=00 x=a480 y=10a1 u=a892 s=1ff8  dt=56
1079| 2606        BNE   $1081               cc=c0 a=01 b=03 dp=00 x=a480 y=10a1 u=a892 s=1ff8  dt=24
1081| 170021      LBSR  $10a5               cc=c0 a=01 b=03 dp=00 x=a480 y=10a1 u=a892 s=1ff6  dt=72
10a5| 8604        LDA   #$04                cc=c0 a=04 b=03 dp=00 x=a480 y=10a1 u=a892 s=1ff6  dt=16
10a7| 905d        SUBA  <$5d                cc=c0 a=02 b=03 dp=00 x=a480 y=10a1 u=a892 s=1ff6  dt=32
10a9| 48          LSLA                      cc=c0 a=04 b=03 dp=00 x=a480 y=10a1 u=a892 s=1ff6  dt=16
10aa| cea890      LDU   #$a890              cc=c8 a=04 b=03 dp=00 x=a480 y=10a1 u=a890 s=1ff6  dt=24
10ad| 33c6        LEAU  A,U                 cc=c8 a=04 b=03 dp=00 x=a480 y=10a1 u=a894 s=1ff6  dt=40
10af| 39          RTS                       cc=c8 a=04 b=03 dp=00 x=a480 y=10a1 u=a894 s=1ff8  dt=40
1084| ec01        LDD   1,X                 cc=c0 a=6f b=ca dp=00 x=a480 y=10a1 u=a894 s=1ff8  dt=48
1086| edc4        STD   ,U                  cc=c0 a=6f b=ca dp=00 x=a480 y=10a1 u=a894 s=1ff8  dt=40
1088| 6d06        TST   6,X                 cc=c0 a=6f b=ca dp=00 x=a480 y=10a1 u=a894 s=1ff8  dt=56
108a| 270e        BEQ   $109a               cc=c0 a=6f b=ca dp=00 x=a480 y=10a1 u=a894 s=1ff8  dt=24
108c| 8604        LDA   #$04                cc=c0 a=04 b=ca dp=00 x=a480 y=10a1 u=a894 s=1ff8  dt=16
108e| 905d        SUBA  <$5d                cc=c0 a=02 b=ca dp=00 x=a480 y=10a1 u=a894 s=1ff8  dt=32
1090| 108e10a1    LDY   #$10a1              cc=c0 a=02 b=ca dp=00 x=a480 y=10a1 u=a894 s=1ff8  dt=32
1094| e6a6        LDB   A,Y                 cc=c0 a=02 b=04 dp=00 x=a480 y=10a1 u=a894 s=1ff8  dt=40
1096| da86        ORB   <$86                cc=c0 a=02 b=07 dp=00 x=a480 y=10a1 u=a894 s=1ff8  dt=32
1098| d786        STB   <$86                cc=c0 a=02 b=07 dp=00 x=a480 y=10a1 u=a894 s=1ff8  dt=32
109a| 3008        LEAX  8,X                 cc=c0 a=02 b=07 dp=00 x=a488 y=10a1 u=a894 s=1ff8  dt=40
109c| 0a5d        DEC   <$5d                cc=c0 a=02 b=07 dp=00 x=a488 y=10a1 u=a894 s=1ff8  dt=48
109e| 26d3        BNE   $1073               cc=c0 a=02 b=07 dp=00 x=a488 y=10a1 u=a894 s=1ff8  dt=24
1073| 6d84        TST   ,X                  cc=c0 a=02 b=07 dp=00 x=a488 y=10a1 u=a894 s=1ff8  dt=48
1075| 2723        BEQ   $109a               cc=c0 a=02 b=07 dp=00 x=a488 y=10a1 u=a894 s=1ff8  dt=24
1077| 6d06        TST   6,X                 cc=c0 a=02 b=07 dp=00 x=a488 y=10a1 u=a894 s=1ff8  dt=56
1079| 2606        BNE   $1081               cc=c0 a=02 b=07 dp=00 x=a488 y=10a1 u=a894 s=1ff8  dt=24
1081| 170021      LBSR  $10a5               cc=c0 a=02 b=07 dp=00 x=a488 y=10a1 u=a894 s=1ff6  dt=72
10a5| 8604        LDA   #$04                cc=c0 a=04 b=07 dp=00 x=a488 y=10a1 u=a894 s=1ff6  dt=16
10a7| 905d        SUBA  <$5d                cc=c0 a=03 b=07 dp=00 x=a488 y=10a1 u=a894 s=1ff6  dt=32
10a9| 48          LSLA                      cc=c0 a=06 b=07 dp=00 x=a488 y=10a1 u=a894 s=1ff6  dt=16
10aa| cea890      LDU   #$a890              cc=c8 a=06 b=07 dp=00 x=a488 y=10a1 u=a890 s=1ff6  dt=24
10ad| 33c6        LEAU  A,U                 cc=c8 a=06 b=07 dp=00 x=a488 y=10a1 u=a896 s=1ff6  dt=40
10af| 39          RTS                       cc=c8 a=06 b=07 dp=00 x=a488 y=10a1 u=a896 s=1ff8  dt=40
1084| ec01        LDD   1,X                 cc=c0 a=6f b=ea dp=00 x=a488 y=10a1 u=a896 s=1ff8  dt=48
1086| edc4        STD   ,U                  cc=c0 a=6f b=ea dp=00 x=a488 y=10a1 u=a896 s=1ff8  dt=40
1088| 6d06        TST   6,X                 cc=c0 a=6f b=ea dp=00 x=a488 y=10a1 u=a896 s=1ff8  dt=56
108a| 270e        BEQ   $109a               cc=c0 a=6f b=ea dp=00 x=a488 y=10a1 u=a896 s=1ff8  dt=24
108c| 8604        LDA   #$04                cc=c0 a=04 b=ea dp=00 x=a488 y=10a1 u=a896 s=1ff8  dt=16
108e| 905d        SUBA  <$5d                cc=c0 a=03 b=ea dp=00 x=a488 y=10a1 u=a896 s=1ff8  dt=32
1090| 108e10a1    LDY   #$10a1              cc=c0 a=03 b=ea dp=00 x=a488 y=10a1 u=a896 s=1ff8  dt=32
1094| e6a6        LDB   A,Y                 cc=c0 a=03 b=08 dp=00 x=a488 y=10a1 u=a896 s=1ff8  dt=40
1096| da86        ORB   <$86                cc=c0 a=03 b=0f dp=00 x=a488 y=10a1 u=a896 s=1ff8  dt=32
1098| d786        STB   <$86                cc=c0 a=03 b=0f dp=00 x=a488 y=10a1 u=a896 s=1ff8  dt=32
109a| 3008        LEAX  8,X                 cc=c0 a=03 b=0f dp=00 x=a490 y=10a1 u=a896 s=1ff8  dt=40
109c| 0a5d        DEC   <$5d                cc=c4 a=03 b=0f dp=00 x=a490 y=10a1 u=a896 s=1ff8  dt=48
109e| 26d3        BNE   $1073               cc=c4 a=03 b=0f dp=00 x=a490 y=10a1 u=a896 s=1ff8  dt=24
10a0| 39          RTS                       cc=c4 a=03 b=0f dp=00 x=a490 y=10a1 u=a896 s=1ffa  dt=40
08d2| 964d        LDA   <$4d                cc=c0 a=02 b=0f dp=00 x=a490 y=10a1 u=a896 s=1ffa  dt=32
08d4| 271c        BEQ   $08f2               cc=c0 a=02 b=0f dp=00 x=a490 y=10a1 u=a896 s=1ffa  dt=24
08d6| 0d62        TST   <$62                cc=c0 a=02 b=0f dp=00 x=a490 y=10a1 u=a896 s=1ffa  dt=48
08d8| 2614        BNE   $08ee               cc=c0 a=02 b=0f dp=00 x=a490 y=10a1 u=a896 s=1ffa  dt=24
08ee| 0f61        CLR   <$61                cc=c4 a=02 b=0f dp=00 x=a490 y=10a1 u=a896 s=1ffa  dt=48
08f0| 201c        BRA   $090e               cc=c4 a=02 b=0f dp=00 x=a490 y=10a1 u=a896 s=1ffa  dt=24
090e| 0a55        DEC   <$55                cc=c0 a=02 b=0f dp=00 x=a490 y=10a1 u=a896 s=1ffa  dt=48
0910| 2610        BNE   $0922               cc=c0 a=02 b=0f dp=00 x=a490 y=10a1 u=a896 s=1ffa  dt=24
0922| 0d4d        TST   <$4d                cc=c0 a=02 b=0f dp=00 x=a490 y=10a1 u=a896 s=1ffa  dt=48
0924| 262e        BNE   $0954               cc=c0 a=02 b=0f dp=00 x=a490 y=10a1 u=a896 s=1ffa  dt=24
0954| 0d60        TST   <$60                cc=c4 a=02 b=0f dp=00 x=a490 y=10a1 u=a896 s=1ffa  dt=48
0956| 2605        BNE   $095d               cc=c4 a=02 b=0f dp=00 x=a490 y=10a1 u=a896 s=1ffa  dt=24
0958| 0d61        TST   <$61                cc=c4 a=02 b=0f dp=00 x=a490 y=10a1 u=a896 s=1ffa  dt=48
095a| 2601        BNE   $095d               cc=c4 a=02 b=0f dp=00 x=a490 y=10a1 u=a896 s=1ffa  dt=24
095c| 39          RTS                       cc=c4 a=02 b=0f dp=00 x=a490 y=10a1 u=a896 s=1ffc  dt=40
d374| 9662        LDA   <$62                cc=c0 a=02 b=0f dp=00 x=a490 y=10a1 u=a896 s=1ffc  dt=32
d376| 8101        CMPA  #$01                cc=c0 a=02 b=0f dp=00 x=a490 y=10a1 u=a896 s=1ffc  dt=16
d378| 2606        BNE   $d380               cc=c0 a=02 b=0f dp=00 x=a490 y=10a1 u=a896 s=1ffc  dt=24
d380| 39          RTS                       cc=c0 a=02 b=0f dp=00 x=a490 y=10a1 u=a896 s=1ffe  dt=40
c102| 964d        LDA   <$4d                cc=c0 a=02 b=0f dp=00 x=a490 y=10a1 u=a896 s=1ffe  dt=32
c104| 260c        BNE   $c112               cc=c0 a=02 b=0f dp=00 x=a490 y=10a1 u=a896 s=1ffe  dt=24
c112| 170881      LBSR  $c996               cc=c0 a=02 b=0f dp=00 x=a490 y=10a1 u=a896 s=1ffc  dt=72
c996| 8634        LDA   #$34                cc=c0 a=34 b=0f dp=00 x=a490 y=10a1 u=a896 s=1ffc  dt=16
c998| b7ff01      STA   $ff01               cc=c0 a=34 b=0f dp=00 x=a490 y=10a1 u=a896 s=1ffc  dt=40
c99b| 17005c      LBSR  $c9fa               cc=c0 a=34 b=0f dp=00 x=a490 y=10a1 u=a896 s=1ffa  dt=72
c9fa| 5f          CLRB                      cc=c4 a=34 b=00 dp=00 x=a490 y=10a1 u=a896 s=1ffa  dt=16
c9fb| f7ff20      STB   $ff20               cc=c4 a=34 b=00 dp=00 x=a490 y=10a1 u=a896 s=1ffa  dt=40
c9fe| b6ff00      LDA   $ff00               cc=c8 a=ff b=00 dp=00 x=a490 y=10a1 u=a896 s=1ffa  dt=40
ca01| 2a06        BPL   $ca09               cc=c8 a=ff b=00 dp=00 x=a490 y=10a1 u=a896 s=1ffa  dt=24
ca03| cb04        ADDB  #$04                cc=c0 a=ff b=04 dp=00 x=a490 y=10a1 u=a896 s=1ffa  dt=16
ca05| 24f4        BCC   $c9fb               cc=c0 a=ff b=04 dp=00 x=a490 y=10a1 u=a896 s=1ffa  dt=24
c9fb| f7ff20      STB   $ff20               cc=c0 a=ff b=04 dp=00 x=a490 y=10a1 u=a896 s=1ffa  dt=40
c9fe| b6ff00      LDA   $ff00               cc=c8 a=ff b=04 dp=00 x=a490 y=10a1 u=a896 s=1ffa  dt=40
ca01| 2a06        BPL   $ca09               cc=c8 a=ff b=04 dp=00 x=a490 y=10a1 u=a896 s=1ffa  dt=24
ca03| cb04        ADDB  #$04                cc=c0 a=ff b=08 dp=00 x=a490 y=10a1 u=a896 s=1ffa  dt=16
ca05| 24f4        BCC   $c9fb               cc=c0 a=ff b=08 dp=00 x=a490 y=10a1 u=a896 s=1ffa  dt=24
c9fb| f7ff20      STB   $ff20               cc=c0 a=ff b=08 dp=00 x=a490 y=10a1 u=a896 s=1ffa  dt=40
c9fe| b6ff00      LDA   $ff00               cc=c8 a=ff b=08 dp=00 x=a490 y=10a1 u=a896 s=1ffa  dt=40
ca01| 2a06        BPL   $ca09               cc=c8 a=ff b=08 dp=00 x=a490 y=10a1 u=a896 s=1ffa  dt=24
ca03| cb04        ADDB  #$04                cc=c0 a=ff b=0c dp=00 x=a490 y=10a1 u=a896 s=1ffa  dt=16
ca05| 24f4        BCC   $c9fb               cc=c0 a=ff b=0c dp=00 x=a490 y=10a1 u=a896 s=1ffa  dt=24
c9fb| f7ff20      STB   $ff20               cc=c0 a=ff b=0c dp=00 x=a490 y=10a1 u=a896 s=1ffa  dt=40
c9fe| b6ff00      LDA   $ff00               cc=c8 a=ff b=0c dp=00 x=a490 y=10a1 u=a896 s=1ffa  dt=40
ca01| 2a06        BPL   $ca09               cc=c8 a=ff b=0c dp=00 x=a490 y=10a1 u=a896 s=1ffa  dt=24
ca03| cb04        ADDB  #$04                cc=e0 a=ff b=10 dp=00 x=a490 y=10a1 u=a896 s=1ffa  dt=16
ca05| 24f4        BCC   $c9fb               cc=e0 a=ff b=10 dp=00 x=a490 y=10a1 u=a896 s=1ffa  dt=24
c9fb| f7ff20      STB   $ff20               cc=e0 a=ff b=10 dp=00 x=a490 y=10a1 u=a896 s=1ffa  dt=40
c9fe| b6ff00      LDA   $ff00               cc=e8 a=ff b=10 dp=00 x=a490 y=10a1 u=a896 s=1ffa  dt=40
ca01| 2a06        BPL   $ca09               cc=e8 a=ff b=10 dp=00 x=a490 y=10a1 u=a896 s=1ffa  dt=24
ca03| cb04        ADDB  #$04                cc=c0 a=ff b=14 dp=00 x=a490 y=10a1 u=a896 s=1ffa  dt=16
ca05| 24f4        BCC   $c9fb               cc=c0 a=ff b=14 dp=00 x=a490 y=10a1 u=a896 s=1ffa  dt=24
c9fb| f7ff20      STB   $ff20               cc=c0 a=ff b=14 dp=00 x=a490 y=10a1 u=a896 s=1ffa  dt=40
c9fe| b6ff00      LDA   $ff00               cc=c8 a=ff b=14 dp=00 x=a490 y=10a1 u=a896 s=1ffa  dt=40
ca01| 2a06        BPL   $ca09               cc=c8 a=ff b=14 dp=00 x=a490 y=10a1 u=a896 s=1ffa  dt=24
ca03| cb04        ADDB  #$04                cc=c0 a=ff b=18 dp=00 x=a490 y=10a1 u=a896 s=1ffa  dt=16
ca05| 24f4        BCC   $c9fb               cc=c0 a=ff b=18 dp=00 x=a490 y=10a1 u=a896 s=1ffa  dt=24
c9fb| f7ff20      STB   $ff20               cc=c0 a=ff b=18 dp=00 x=a490 y=10a1 u=a896 s=1ffa  dt=40
c9fe| b6ff00      LDA   $ff00               cc=c8 a=ff b=18 dp=00 x=a490 y=10a1 u=a896 s=1ffa  dt=40
ca01| 2a06        BPL   $ca09               cc=c8 a=ff b=18 dp=00 x=a490 y=10a1 u=a896 s=1ffa  dt=24
ca03| cb04        ADDB  #$04                cc=c0 a=ff b=1c dp=00 x=a490 y=10a1 u=a896 s=1ffa  dt=16
ca05| 24f4        BCC   $c9fb               cc=c0 a=ff b=1c dp=00 x=a490 y=10a1 u=a896 s=1ffa  dt=24
c9fb| f7ff20      STB   $ff20               cc=c0 a=ff b=1c dp=00 x=a490 y=10a1 u=a896 s=1ffa  dt=40
c9fe| b6ff00      LDA   $ff00               cc=c8 a=ff b=1c dp=00 x=a490 y=10a1 u=a896 s=1ffa  dt=40
ca01| 2a06        BPL   $ca09               cc=c8 a=ff b=1c dp=00 x=a490 y=10a1 u=a896 s=1ffa  dt=24
ca03| cb04        ADDB  #$04                cc=e0 a=ff b=20 dp=00 x=a490 y=10a1 u=a896 s=1ffa  dt=16
ca05| 24f4        BCC   $c9fb               cc=e0 a=ff b=20 dp=00 x=a490 y=10a1 u=a896 s=1ffa  dt=24
c9fb| f7ff20      STB   $ff20               cc=e0 a=ff b=20 dp=00 x=a490 y=10a1 u=a896 s=1ffa  dt=40
c9fe| b6ff00      LDA   $ff00               cc=e8 a=ff b=20 dp=00 x=a490 y=10a1 u=a896 s=1ffa  dt=40
ca01| 2a06        BPL   $ca09               cc=e8 a=ff b=20 dp=00 x=a490 y=10a1 u=a896 s=1ffa  dt=24
ca03| cb04        ADDB  #$04                cc=c0 a=ff b=24 dp=00 x=a490 y=10a1 u=a896 s=1ffa  dt=16
ca05| 24f4        BCC   $c9fb               cc=c0 a=ff b=24 dp=00 x=a490 y=10a1 u=a896 s=1ffa  dt=24
c9fb| f7ff20      STB   $ff20               cc=c0 a=ff b=24 dp=00 x=a490 y=10a1 u=a896 s=1ffa  dt=40
c9fe| b6ff00      LDA   $ff00               cc=c8 a=ff b=24 dp=00 x=a490 y=10a1 u=a896 s=1ffa  dt=40
ca01| 2a06        BPL   $ca09               cc=c8 a=ff b=24 dp=00 x=a490 y=10a1 u=a896 s=1ffa  dt=24
ca03| cb04        ADDB  #$04                cc=c0 a=ff b=28 dp=00 x=a490 y=10a1 u=a896 s=1ffa  dt=16
ca05| 24f4        BCC   $c9fb               cc=c0 a=ff b=28 dp=00 x=a490 y=10a1 u=a896 s=1ffa  dt=24
c9fb| f7ff20      STB   $ff20               cc=c0 a=ff b=28 dp=00 x=a490 y=10a1 u=a896 s=1ffa  dt=40
c9fe| b6ff00      LDA   $ff00               cc=c8 a=ff b=28 dp=00 x=a490 y=10a1 u=a896 s=1ffa  dt=40
ca01| 2a06        BPL   $ca09               cc=c8 a=ff b=28 dp=00 x=a490 y=10a1 u=a896 s=1ffa  dt=24
ca03| cb04        ADDB  #$04                cc=c0 a=ff b=2c dp=00 x=a490 y=10a1 u=a896 s=1ffa  dt=16
ca05| 24f4        BCC   $c9fb               cc=c0 a=ff b=2c dp=00 x=a490 y=10a1 u=a896 s=1ffa  dt=24
c9fb| f7ff20      STB   $ff20               cc=c0 a=ff b=2c dp=00 x=a490 y=10a1 u=a896 s=1ffa  dt=40
c9fe| b6ff00      LDA   $ff00               cc=c8 a=ff b=2c dp=00 x=a490 y=10a1 u=a896 s=1ffa  dt=40
ca01| 2a06        BPL   $ca09               cc=c8 a=ff b=2c dp=00 x=a490 y=10a1 u=a896 s=1ffa  dt=24
ca03| cb04        ADDB  #$04                cc=e0 a=ff b=30 dp=00 x=a490 y=10a1 u=a896 s=1ffa  dt=16
ca05| 24f4        BCC   $c9fb               cc=e0 a=ff b=30 dp=00 x=a490 y=10a1 u=a896 s=1ffa  dt=24
c9fb| f7ff20      STB   $ff20               cc=e0 a=ff b=30 dp=00 x=a490 y=10a1 u=a896 s=1ffa  dt=40
c9fe| b6ff00      LDA   $ff00               cc=e8 a=ff b=30 dp=00 x=a490 y=10a1 u=a896 s=1ffa  dt=40
ca01| 2a06        BPL   $ca09               cc=e8 a=ff b=30 dp=00 x=a490 y=10a1 u=a896 s=1ffa  dt=24
ca03| cb04        ADDB  #$04                cc=c0 a=ff b=34 dp=00 x=a490 y=10a1 u=a896 s=1ffa  dt=16
ca05| 24f4        BCC   $c9fb               cc=c0 a=ff b=34 dp=00 x=a490 y=10a1 u=a896 s=1ffa  dt=24
c9fb| f7ff20      STB   $ff20               cc=c0 a=ff b=34 dp=00 x=a490 y=10a1 u=a896 s=1ffa  dt=40
c9fe| b6ff00      LDA   $ff00               cc=c8 a=ff b=34 dp=00 x=a490 y=10a1 u=a896 s=1ffa  dt=40
ca01| 2a06        BPL   $ca09               cc=c8 a=ff b=34 dp=00 x=a490 y=10a1 u=a896 s=1ffa  dt=24
ca03| cb04        ADDB  #$04                cc=c0 a=ff b=38 dp=00 x=a490 y=10a1 u=a896 s=1ffa  dt=16
ca05| 24f4        BCC   $c9fb               cc=c0 a=ff b=38 dp=00 x=a490 y=10a1 u=a896 s=1ffa  dt=24
c9fb| f7ff20      STB   $ff20               cc=c0 a=ff b=38 dp=00 x=a490 y=10a1 u=a896 s=1ffa  dt=40
c9fe| b6ff00      LDA   $ff00               cc=c8 a=ff b=38 dp=00 x=a490 y=10a1 u=a896 s=1ffa  dt=40
ca01| 2a06        BPL   $ca09               cc=c8 a=ff b=38 dp=00 x=a490 y=10a1 u=a896 s=1ffa  dt=24
ca03| cb04        ADDB  #$04                cc=c0 a=ff b=3c dp=00 x=a490 y=10a1 u=a896 s=1ffa  dt=16
ca05| 24f4        BCC   $c9fb               cc=c0 a=ff b=3c dp=00 x=a490 y=10a1 u=a896 s=1ffa  dt=24
c9fb| f7ff20      STB   $ff20               cc=c0 a=ff b=3c dp=00 x=a490 y=10a1 u=a896 s=1ffa  dt=40
c9fe| b6ff00      LDA   $ff00               cc=c8 a=ff b=3c dp=00 x=a490 y=10a1 u=a896 s=1ffa  dt=40
ca01| 2a06        BPL   $ca09               cc=c8 a=ff b=3c dp=00 x=a490 y=10a1 u=a896 s=1ffa  dt=24
ca03| cb04        ADDB  #$04                cc=e0 a=ff b=40 dp=00 x=a490 y=10a1 u=a896 s=1ffa  dt=16
ca05| 24f4        BCC   $c9fb               cc=e0 a=ff b=40 dp=00 x=a490 y=10a1 u=a896 s=1ffa  dt=24
c9fb| f7ff20      STB   $ff20               cc=e0 a=ff b=40 dp=00 x=a490 y=10a1 u=a896 s=1ffa  dt=40
c9fe| b6ff00      LDA   $ff00               cc=e8 a=ff b=40 dp=00 x=a490 y=10a1 u=a896 s=1ffa  dt=40
ca01| 2a06        BPL   $ca09               cc=e8 a=ff b=40 dp=00 x=a490 y=10a1 u=a896 s=1ffa  dt=24
ca03| cb04        ADDB  #$04                cc=c0 a=ff b=44 dp=00 x=a490 y=10a1 u=a896 s=1ffa  dt=16
ca05| 24f4        BCC   $c9fb               cc=c0 a=ff b=44 dp=00 x=a490 y=10a1 u=a896 s=1ffa  dt=24
c9fb| f7ff20      STB   $ff20               cc=c0 a=ff b=44 dp=00 x=a490 y=10a1 u=a896 s=1ffa  dt=40
c9fe| b6ff00      LDA   $ff00               cc=c8 a=ff b=44 dp=00 x=a490 y=10a1 u=a896 s=1ffa  dt=40
ca01| 2a06        BPL   $ca09               cc=c8 a=ff b=44 dp=00 x=a490 y=10a1 u=a896 s=1ffa  dt=24
ca03| cb04        ADDB  #$04                cc=c0 a=ff b=48 dp=00 x=a490 y=10a1 u=a896 s=1ffa  dt=16
ca05| 24f4        BCC   $c9fb               cc=c0 a=ff b=48 dp=00 x=a490 y=10a1 u=a896 s=1ffa  dt=24
c9fb| f7ff20      STB   $ff20               cc=c0 a=ff b=48 dp=00 x=a490 y=10a1 u=a896 s=1ffa  dt=40
c9fe| b6ff00      LDA   $ff00               cc=c8 a=ff b=48 dp=00 x=a490 y=10a1 u=a896 s=1ffa  dt=40
ca01| 2a06        BPL   $ca09               cc=c8 a=ff b=48 dp=00 x=a490 y=10a1 u=a896 s=1ffa  dt=24
ca03| cb04        ADDB  #$04                cc=c0 a=ff b=4c dp=00 x=a490 y=10a1 u=a896 s=1ffa  dt=16
ca05| 24f4        BCC   $c9fb               cc=c0 a=ff b=4c dp=00 x=a490 y=10a1 u=a896 s=1ffa  dt=24
c9fb| f7ff20      STB   $ff20               cc=c0 a=ff b=4c dp=00 x=a490 y=10a1 u=a896 s=1ffa  dt=40
c9fe| b6ff00      LDA   $ff00               cc=c8 a=ff b=4c dp=00 x=a490 y=10a1 u=a896 s=1ffa  dt=40
ca01| 2a06        BPL   $ca09               cc=c8 a=ff b=4c dp=00 x=a490 y=10a1 u=a896 s=1ffa  dt=24
ca03| cb04        ADDB  #$04                cc=e0 a=ff b=50 dp=00 x=a490 y=10a1 u=a896 s=1ffa  dt=16
ca05| 24f4        BCC   $c9fb               cc=e0 a=ff b=50 dp=00 x=a490 y=10a1 u=a896 s=1ffa  dt=24
c9fb| f7ff20      STB   $ff20               cc=e0 a=ff b=50 dp=00 x=a490 y=10a1 u=a896 s=1ffa  dt=40
c9fe| b6ff00      LDA   $ff00               cc=e8 a=ff b=50 dp=00 x=a490 y=10a1 u=a896 s=1ffa  dt=40
ca01| 2a06        BPL   $ca09               cc=e8 a=ff b=50 dp=00 x=a490 y=10a1 u=a896 s=1ffa  dt=24
ca03| cb04        ADDB  #$04                cc=c0 a=ff b=54 dp=00 x=a490 y=10a1 u=a896 s=1ffa  dt=16
ca05| 24f4        BCC   $c9fb               cc=c0 a=ff b=54 dp=00 x=a490 y=10a1 u=a896 s=1ffa  dt=24
c9fb| f7ff20      STB   $ff20               cc=c0 a=ff b=54 dp=00 x=a490 y=10a1 u=a896 s=1ffa  dt=40
c9fe| b6ff00      LDA   $ff00               cc=c8 a=ff b=54 dp=00 x=a490 y=10a1 u=a896 s=1ffa  dt=40
ca01| 2a06        BPL   $ca09               cc=c8 a=ff b=54 dp=00 x=a490 y=10a1 u=a896 s=1ffa  dt=24
ca03| cb04        ADDB  #$04                cc=c0 a=ff b=58 dp=00 x=a490 y=10a1 u=a896 s=1ffa  dt=16
ca05| 24f4        BCC   $c9fb               cc=c0 a=ff b=58 dp=00 x=a490 y=10a1 u=a896 s=1ffa  dt=24
c9fb| f7ff20      STB   $ff20               cc=c0 a=ff b=58 dp=00 x=a490 y=10a1 u=a896 s=1ffa  dt=40
c9fe| b6ff00      LDA   $ff00               cc=c8 a=ff b=58 dp=00 x=a490 y=10a1 u=a896 s=1ffa  dt=40
ca01| 2a06        BPL   $ca09               cc=c8 a=ff b=58 dp=00 x=a490 y=10a1 u=a896 s=1ffa  dt=24
ca03| cb04        ADDB  #$04                cc=c0 a=ff b=5c dp=00 x=a490 y=10a1 u=a896 s=1ffa  dt=16
ca05| 24f4        BCC   $c9fb               cc=c0 a=ff b=5c dp=00 x=a490 y=10a1 u=a896 s=1ffa  dt=24
c9fb| f7ff20      STB   $ff20               cc=c0 a=ff b=5c dp=00 x=a490 y=10a1 u=a896 s=1ffa  dt=40
c9fe| b6ff00      LDA   $ff00               cc=c8 a=ff b=5c dp=00 x=a490 y=10a1 u=a896 s=1ffa  dt=40
ca01| 2a06        BPL   $ca09               cc=c8 a=ff b=5c dp=00 x=a490 y=10a1 u=a896 s=1ffa  dt=24
ca03| cb04        ADDB  #$04                cc=e0 a=ff b=60 dp=00 x=a490 y=10a1 u=a896 s=1ffa  dt=16
ca05| 24f4        BCC   $c9fb               cc=e0 a=ff b=60 dp=00 x=a490 y=10a1 u=a896 s=1ffa  dt=24
c9fb| f7ff20      STB   $ff20               cc=e0 a=ff b=60 dp=00 x=a490 y=10a1 u=a896 s=1ffa  dt=40
c9fe| b6ff00      LDA   $ff00               cc=e8 a=ff b=60 dp=00 x=a490 y=10a1 u=a896 s=1ffa  dt=40
ca01| 2a06        BPL   $ca09               cc=e8 a=ff b=60 dp=00 x=a490 y=10a1 u=a896 s=1ffa  dt=24
ca03| cb04        ADDB  #$04                cc=c0 a=ff b=64 dp=00 x=a490 y=10a1 u=a896 s=1ffa  dt=16
ca05| 24f4        BCC   $c9fb               cc=c0 a=ff b=64 dp=00 x=a490 y=10a1 u=a896 s=1ffa  dt=24
c9fb| f7ff20      STB   $ff20               cc=c0 a=ff b=64 dp=00 x=a490 y=10a1 u=a896 s=1ffa  dt=40
c9fe| b6ff00      LDA   $ff00               cc=c8 a=ff b=64 dp=00 x=a490 y=10a1 u=a896 s=1ffa  dt=40
ca01| 2a06        BPL   $ca09               cc=c8 a=ff b=64 dp=00 x=a490 y=10a1 u=a896 s=1ffa  dt=24
ca03| cb04        ADDB  #$04                cc=c0 a=ff b=68 dp=00 x=a490 y=10a1 u=a896 s=1ffa  dt=16
ca05| 24f4        BCC   $c9fb               cc=c0 a=ff b=68 dp=00 x=a490 y=10a1 u=a896 s=1ffa  dt=24
c9fb| f7ff20      STB   $ff20               cc=c0 a=ff b=68 dp=00 x=a490 y=10a1 u=a896 s=1ffa  dt=40
c9fe| b6ff00      LDA   $ff00               cc=c8 a=ff b=68 dp=00 x=a490 y=10a1 u=a896 s=1ffa  dt=40
ca01| 2a06        BPL   $ca09               cc=c8 a=ff b=68 dp=00 x=a490 y=10a1 u=a896 s=1ffa  dt=24
ca03| cb04        ADDB  #$04                cc=c0 a=ff b=6c dp=00 x=a490 y=10a1 u=a896 s=1ffa  dt=16
ca05| 24f4        BCC   $c9fb               cc=c0 a=ff b=6c dp=00 x=a490 y=10a1 u=a896 s=1ffa  dt=24
c9fb| f7ff20      STB   $ff20               cc=c0 a=ff b=6c dp=00 x=a490 y=10a1 u=a896 s=1ffa  dt=40
c9fe| b6ff00      LDA   $ff00               cc=c8 a=ff b=6c dp=00 x=a490 y=10a1 u=a896 s=1ffa  dt=40
ca01| 2a06        BPL   $ca09               cc=c8 a=ff b=6c dp=00 x=a490 y=10a1 u=a896 s=1ffa  dt=24
ca03| cb04        ADDB  #$04                cc=e0 a=ff b=70 dp=00 x=a490 y=10a1 u=a896 s=1ffa  dt=16
ca05| 24f4        BCC   $c9fb               cc=e0 a=ff b=70 dp=00 x=a490 y=10a1 u=a896 s=1ffa  dt=24
c9fb| f7ff20      STB   $ff20               cc=e0 a=ff b=70 dp=00 x=a490 y=10a1 u=a896 s=1ffa  dt=40
c9fe| b6ff00      LDA   $ff00               cc=e8 a=ff b=70 dp=00 x=a490 y=10a1 u=a896 s=1ffa  dt=40
ca01| 2a06        BPL   $ca09               cc=e8 a=ff b=70 dp=00 x=a490 y=10a1 u=a896 s=1ffa  dt=24
ca03| cb04        ADDB  #$04                cc=c0 a=ff b=74 dp=00 x=a490 y=10a1 u=a896 s=1ffa  dt=16
ca05| 24f4        BCC   $c9fb               cc=c0 a=ff b=74 dp=00 x=a490 y=10a1 u=a896 s=1ffa  dt=24
c9fb| f7ff20      STB   $ff20               cc=c0 a=ff b=74 dp=00 x=a490 y=10a1 u=a896 s=1ffa  dt=40
c9fe| b6ff00      LDA   $ff00               cc=c8 a=ff b=74 dp=00 x=a490 y=10a1 u=a896 s=1ffa  dt=40
ca01| 2a06        BPL   $ca09               cc=c8 a=ff b=74 dp=00 x=a490 y=10a1 u=a896 s=1ffa  dt=24
ca03| cb04        ADDB  #$04                cc=c0 a=ff b=78 dp=00 x=a490 y=10a1 u=a896 s=1ffa  dt=16
ca05| 24f4        BCC   $c9fb               cc=c0 a=ff b=78 dp=00 x=a490 y=10a1 u=a896 s=1ffa  dt=24
c9fb| f7ff20      STB   $ff20               cc=c0 a=ff b=78 dp=00 x=a490 y=10a1 u=a896 s=1ffa  dt=40
c9fe| b6ff00      LDA   $ff00               cc=c8 a=ff b=78 dp=00 x=a490 y=10a1 u=a896 s=1ffa  dt=40
ca01| 2a06        BPL   $ca09               cc=c8 a=ff b=78 dp=00 x=a490 y=10a1 u=a896 s=1ffa  dt=24
ca03| cb04        ADDB  #$04                cc=c0 a=ff b=7c dp=00 x=a490 y=10a1 u=a896 s=1ffa  dt=16
ca05| 24f4        BCC   $c9fb               cc=c0 a=ff b=7c dp=00 x=a490 y=10a1 u=a896 s=1ffa  dt=24
c9fb| f7ff20      STB   $ff20               cc=c0 a=ff b=7c dp=00 x=a490 y=10a1 u=a896 s=1ffa  dt=40
c9fe| b6ff00      LDA   $ff00               cc=c8 a=ff b=7c dp=00 x=a490 y=10a1 u=a896 s=1ffa  dt=40
ca01| 2a06        BPL   $ca09               cc=c8 a=ff b=7c dp=00 x=a490 y=10a1 u=a896 s=1ffa  dt=24
ca03| cb04        ADDB  #$04                cc=ea a=ff b=80 dp=00 x=a490 y=10a1 u=a896 s=1ffa  dt=16
ca05| 24f4        BCC   $c9fb               cc=ea a=ff b=80 dp=00 x=a490 y=10a1 u=a896 s=1ffa  dt=24
c9fb| f7ff20      STB   $ff20               cc=e8 a=ff b=80 dp=00 x=a490 y=10a1 u=a896 s=1ffa  dt=40
c9fe| b6ff00      LDA   $ff00               cc=e0 a=7f b=80 dp=00 x=a490 y=10a1 u=a896 s=1ffa  dt=40
ca01| 2a06        BPL   $ca09               cc=e0 a=7f b=80 dp=00 x=a490 y=10a1 u=a896 s=1ffa  dt=24
ca09| 54          LSRB                      cc=e0 a=7f b=40 dp=00 x=a490 y=10a1 u=a896 s=1ffa  dt=16
ca0a| 54          LSRB                      cc=e0 a=7f b=20 dp=00 x=a490 y=10a1 u=a896 s=1ffa  dt=16
ca0b| 39          RTS                       cc=e0 a=7f b=20 dp=00 x=a490 y=10a1 u=a896 s=1ffc  dt=40
c99e| d701        STB   <$01                cc=e0 a=7f b=20 dp=00 x=a490 y=10a1 u=a896 s=1ffc  dt=32
c9a0| 863c        LDA   #$3c                cc=e0 a=3c b=20 dp=00 x=a490 y=10a1 u=a896 s=1ffc  dt=16
c9a2| b7ff01      STA   $ff01               cc=e0 a=3c b=20 dp=00 x=a490 y=10a1 u=a896 s=1ffc  dt=40
c9a5| 170052      LBSR  $c9fa               cc=e0 a=3c b=20 dp=00 x=a490 y=10a1 u=a896 s=1ffa  dt=72
c9fa| 5f          CLRB                      cc=e4 a=3c b=00 dp=00 x=a490 y=10a1 u=a896 s=1ffa  dt=16
c9fb| f7ff20      STB   $ff20               cc=e4 a=3c b=00 dp=00 x=a490 y=10a1 u=a896 s=1ffa  dt=40
c9fe| b6ff00      LDA   $ff00               cc=e8 a=ff b=00 dp=00 x=a490 y=10a1 u=a896 s=1ffa  dt=40
ca01| 2a06        BPL   $ca09               cc=e8 a=ff b=00 dp=00 x=a490 y=10a1 u=a896 s=1ffa  dt=24
ca03| cb04        ADDB  #$04                cc=c0 a=ff b=04 dp=00 x=a490 y=10a1 u=a896 s=1ffa  dt=16
ca05| 24f4        BCC   $c9fb               cc=c0 a=ff b=04 dp=00 x=a490 y=10a1 u=a896 s=1ffa  dt=24
c9fb| f7ff20      STB   $ff20               cc=c0 a=ff b=04 dp=00 x=a490 y=10a1 u=a896 s=1ffa  dt=40
c9fe| b6ff00      LDA   $ff00               cc=c8 a=ff b=04 dp=00 x=a490 y=10a1 u=a896 s=1ffa  dt=40
ca01| 2a06        BPL   $ca09               cc=c8 a=ff b=04 dp=00 x=a490 y=10a1 u=a896 s=1ffa  dt=24
ca03| cb04        ADDB  #$04                cc=c0 a=ff b=08 dp=00 x=a490 y=10a1 u=a896 s=1ffa  dt=16
ca05| 24f4        BCC   $c9fb               cc=c0 a=ff b=08 dp=00 x=a490 y=10a1 u=a896 s=1ffa  dt=24
c9fb| f7ff20      STB   $ff20               cc=c0 a=ff b=08 dp=00 x=a490 y=10a1 u=a896 s=1ffa  dt=40
c9fe| b6ff00      LDA   $ff00               cc=c8 a=ff b=08 dp=00 x=a490 y=10a1 u=a896 s=1ffa  dt=40
ca01| 2a06        BPL   $ca09               cc=c8 a=ff b=08 dp=00 x=a490 y=10a1 u=a896 s=1ffa  dt=24
ca03| cb04        ADDB  #$04                cc=c0 a=ff b=0c dp=00 x=a490 y=10a1 u=a896 s=1ffa  dt=16
ca05| 24f4        BCC   $c9fb               cc=c0 a=ff b=0c dp=00 x=a490 y=10a1 u=a896 s=1ffa  dt=24
c9fb| f7ff20      STB   $ff20               cc=c0 a=ff b=0c dp=00 x=a490 y=10a1 u=a896 s=1ffa  dt=40
c9fe| b6ff00      LDA   $ff00               cc=c8 a=ff b=0c dp=00 x=a490 y=10a1 u=a896 s=1ffa  dt=40
ca01| 2a06        BPL   $ca09               cc=c8 a=ff b=0c dp=00 x=a490 y=10a1 u=a896 s=1ffa  dt=24
ca03| cb04        ADDB  #$04                cc=e0 a=ff b=10 dp=00 x=a490 y=10a1 u=a896 s=1ffa  dt=16
ca05| 24f4        BCC   $c9fb               cc=e0 a=ff b=10 dp=00 x=a490 y=10a1 u=a896 s=1ffa  dt=24
c9fb| f7ff20      STB   $ff20               cc=e0 a=ff b=10 dp=00 x=a490 y=10a1 u=a896 s=1ffa  dt=40
c9fe| b6ff00      LDA   $ff00               cc=e8 a=ff b=10 dp=00 x=a490 y=10a1 u=a896 s=1ffa  dt=40
ca01| 2a06        BPL   $ca09               cc=e8 a=ff b=10 dp=00 x=a490 y=10a1 u=a896 s=1ffa  dt=24
ca03| cb04        ADDB  #$04                cc=c0 a=ff b=14 dp=00 x=a490 y=10a1 u=a896 s=1ffa  dt=16
ca05| 24f4        BCC   $c9fb               cc=c0 a=ff b=14 dp=00 x=a490 y=10a1 u=a896 s=1ffa  dt=24
c9fb| f7ff20      STB   $ff20               cc=c0 a=ff b=14 dp=00 x=a490 y=10a1 u=a896 s=1ffa  dt=40
c9fe| b6ff00      LDA   $ff00               cc=c8 a=ff b=14 dp=00 x=a490 y=10a1 u=a896 s=1ffa  dt=40
ca01| 2a06        BPL   $ca09               cc=c8 a=ff b=14 dp=00 x=a490 y=10a1 u=a896 s=1ffa  dt=24
ca03| cb04        ADDB  #$04                cc=c0 a=ff b=18 dp=00 x=a490 y=10a1 u=a896 s=1ffa  dt=16
ca05| 24f4        BCC   $c9fb               cc=c0 a=ff b=18 dp=00 x=a490 y=10a1 u=a896 s=1ffa  dt=24
c9fb| f7ff20      STB   $ff20               cc=c0 a=ff b=18 dp=00 x=a490 y=10a1 u=a896 s=1ffa  dt=40
c9fe| b6ff00      LDA   $ff00               cc=c8 a=ff b=18 dp=00 x=a490 y=10a1 u=a896 s=1ffa  dt=40
ca01| 2a06        BPL   $ca09               cc=c8 a=ff b=18 dp=00 x=a490 y=10a1 u=a896 s=1ffa  dt=24
ca03| cb04        ADDB  #$04                cc=c0 a=ff b=1c dp=00 x=a490 y=10a1 u=a896 s=1ffa  dt=16
ca05| 24f4        BCC   $c9fb               cc=c0 a=ff b=1c dp=00 x=a490 y=10a1 u=a896 s=1ffa  dt=24
c9fb| f7ff20      STB   $ff20               cc=c0 a=ff b=1c dp=00 x=a490 y=10a1 u=a896 s=1ffa  dt=40
c9fe| b6ff00      LDA   $ff00               cc=c8 a=ff b=1c dp=00 x=a490 y=10a1 u=a896 s=1ffa  dt=40
ca01| 2a06        BPL   $ca09               cc=c8 a=ff b=1c dp=00 x=a490 y=10a1 u=a896 s=1ffa  dt=24
ca03| cb04        ADDB  #$04                cc=e0 a=ff b=20 dp=00 x=a490 y=10a1 u=a896 s=1ffa  dt=16
ca05| 24f4        BCC   $c9fb               cc=e0 a=ff b=20 dp=00 x=a490 y=10a1 u=a896 s=1ffa  dt=24
c9fb| f7ff20      STB   $ff20               cc=e0 a=ff b=20 dp=00 x=a490 y=10a1 u=a896 s=1ffa  dt=40
c9fe| b6ff00      LDA   $ff00               cc=e8 a=ff b=20 dp=00 x=a490 y=10a1 u=a896 s=1ffa  dt=40
ca01| 2a06        BPL   $ca09               cc=e8 a=ff b=20 dp=00 x=a490 y=10a1 u=a896 s=1ffa  dt=24
ca03| cb04        ADDB  #$04                cc=c0 a=ff b=24 dp=00 x=a490 y=10a1 u=a896 s=1ffa  dt=16
ca05| 24f4        BCC   $c9fb               cc=c0 a=ff b=24 dp=00 x=a490 y=10a1 u=a896 s=1ffa  dt=24
c9fb| f7ff20      STB   $ff20               cc=c0 a=ff b=24 dp=00 x=a490 y=10a1 u=a896 s=1ffa  dt=40
c9fe| b6ff00      LDA   $ff00               cc=c8 a=ff b=24 dp=00 x=a490 y=10a1 u=a896 s=1ffa  dt=40
ca01| 2a06        BPL   $ca09               cc=c8 a=ff b=24 dp=00 x=a490 y=10a1 u=a896 s=1ffa  dt=24
ca03| cb04        ADDB  #$04                cc=c0 a=ff b=28 dp=00 x=a490 y=10a1 u=a896 s=1ffa  dt=16
ca05| 24f4        BCC   $c9fb               cc=c0 a=ff b=28 dp=00 x=a490 y=10a1 u=a896 s=1ffa  dt=24
c9fb| f7ff20      STB   $ff20               cc=c0 a=ff b=28 dp=00 x=a490 y=10a1 u=a896 s=1ffa  dt=40
c9fe| b6ff00      LDA   $ff00               cc=c8 a=ff b=28 dp=00 x=a490 y=10a1 u=a896 s=1ffa  dt=40
ca01| 2a06        BPL   $ca09               cc=c8 a=ff b=28 dp=00 x=a490 y=10a1 u=a896 s=1ffa  dt=24
ca03| cb04        ADDB  #$04                cc=c0 a=ff b=2c dp=00 x=a490 y=10a1 u=a896 s=1ffa  dt=16
ca05| 24f4        BCC   $c9fb               cc=c0 a=ff b=2c dp=00 x=a490 y=10a1 u=a896 s=1ffa  dt=24
c9fb| f7ff20      STB   $ff20               cc=c0 a=ff b=2c dp=00 x=a490 y=10a1 u=a896 s=1ffa  dt=40
c9fe| b6ff00      LDA   $ff00               cc=c8 a=ff b=2c dp=00 x=a490 y=10a1 u=a896 s=1ffa  dt=40
ca01| 2a06        BPL   $ca09               cc=c8 a=ff b=2c dp=00 x=a490 y=10a1 u=a896 s=1ffa  dt=24
ca03| cb04        ADDB  #$04                cc=e0 a=ff b=30 dp=00 x=a490 y=10a1 u=a896 s=1ffa  dt=16
ca05| 24f4        BCC   $c9fb               cc=e0 a=ff b=30 dp=00 x=a490 y=10a1 u=a896 s=1ffa  dt=24
c9fb| f7ff20      STB   $ff20               cc=e0 a=ff b=30 dp=00 x=a490 y=10a1 u=a896 s=1ffa  dt=40
c9fe| b6ff00      LDA   $ff00               cc=e8 a=ff b=30 dp=00 x=a490 y=10a1 u=a896 s=1ffa  dt=40
ca01| 2a06        BPL   $ca09               cc=e8 a=ff b=30 dp=00 x=a490 y=10a1 u=a896 s=1ffa  dt=24
ca03| cb04        ADDB  #$04                cc=c0 a=ff b=34 dp=00 x=a490 y=10a1 u=a896 s=1ffa  dt=16
ca05| 24f4        BCC   $c9fb               cc=c0 a=ff b=34 dp=00 x=a490 y=10a1 u=a896 s=1ffa  dt=24
c9fb| f7ff20      STB   $ff20               cc=c0 a=ff b=34 dp=00 x=a490 y=10a1 u=a896 s=1ffa  dt=40
c9fe| b6ff00      LDA   $ff00               cc=c8 a=ff b=34 dp=00 x=a490 y=10a1 u=a896 s=1ffa  dt=40
ca01| 2a06        BPL   $ca09               cc=c8 a=ff b=34 dp=00 x=a490 y=10a1 u=a896 s=1ffa  dt=24
ca03| cb04        ADDB  #$04                cc=c0 a=ff b=38 dp=00 x=a490 y=10a1 u=a896 s=1ffa  dt=16
ca05| 24f4        BCC   $c9fb               cc=c0 a=ff b=38 dp=00 x=a490 y=10a1 u=a896 s=1ffa  dt=24
c9fb| f7ff20      STB   $ff20               cc=c0 a=ff b=38 dp=00 x=a490 y=10a1 u=a896 s=1ffa  dt=40
c9fe| b6ff00      LDA   $ff00               cc=c8 a=ff b=38 dp=00 x=a490 y=10a1 u=a896 s=1ffa  dt=40
ca01| 2a06        BPL   $ca09               cc=c8 a=ff b=38 dp=00 x=a490 y=10a1 u=a896 s=1ffa  dt=24
ca03| cb04        ADDB  #$04                cc=c0 a=ff b=3c dp=00 x=a490 y=10a1 u=a896 s=1ffa  dt=16
ca05| 24f4        BCC   $c9fb               cc=c0 a=ff b=3c dp=00 x=a490 y=10a1 u=a896 s=1ffa  dt=24
c9fb| f7ff20      STB   $ff20               cc=c0 a=ff b=3c dp=00 x=a490 y=10a1 u=a896 s=1ffa  dt=40
c9fe| b6ff00      LDA   $ff00               cc=c8 a=ff b=3c dp=00 x=a490 y=10a1 u=a896 s=1ffa  dt=40
ca01| 2a06        BPL   $ca09               cc=c8 a=ff b=3c dp=00 x=a490 y=10a1 u=a896 s=1ffa  dt=24
ca03| cb04        ADDB  #$04                cc=e0 a=ff b=40 dp=00 x=a490 y=10a1 u=a896 s=1ffa  dt=16
ca05| 24f4        BCC   $c9fb               cc=e0 a=ff b=40 dp=00 x=a490 y=10a1 u=a896 s=1ffa  dt=24
c9fb| f7ff20      STB   $ff20               cc=e0 a=ff b=40 dp=00 x=a490 y=10a1 u=a896 s=1ffa  dt=40
c9fe| b6ff00      LDA   $ff00               cc=e8 a=ff b=40 dp=00 x=a490 y=10a1 u=a896 s=1ffa  dt=40
ca01| 2a06        BPL   $ca09               cc=e8 a=ff b=40 dp=00 x=a490 y=10a1 u=a896 s=1ffa  dt=24
ca03| cb04        ADDB  #$04                cc=c0 a=ff b=44 dp=00 x=a490 y=10a1 u=a896 s=1ffa  dt=16
ca05| 24f4        BCC   $c9fb               cc=c0 a=ff b=44 dp=00 x=a490 y=10a1 u=a896 s=1ffa  dt=24
c9fb| f7ff20      STB   $ff20               cc=c0 a=ff b=44 dp=00 x=a490 y=10a1 u=a896 s=1ffa  dt=40
c9fe| b6ff00      LDA   $ff00               cc=c8 a=ff b=44 dp=00 x=a490 y=10a1 u=a896 s=1ffa  dt=40
ca01| 2a06        BPL   $ca09               cc=c8 a=ff b=44 dp=00 x=a490 y=10a1 u=a896 s=1ffa  dt=24
ca03| cb04        ADDB  #$04                cc=c0 a=ff b=48 dp=00 x=a490 y=10a1 u=a896 s=1ffa  dt=16
ca05| 24f4        BCC   $c9fb               cc=c0 a=ff b=48 dp=00 x=a490 y=10a1 u=a896 s=1ffa  dt=24
c9fb| f7ff20      STB   $ff20               cc=c0 a=ff b=48 dp=00 x=a490 y=10a1 u=a896 s=1ffa  dt=40
c9fe| b6ff00      LDA   $ff00               cc=c8 a=ff b=48 dp=00 x=a490 y=10a1 u=a896 s=1ffa  dt=40
ca01| 2a06        BPL   $ca09               cc=c8 a=ff b=48 dp=00 x=a490 y=10a1 u=a896 s=1ffa  dt=24
ca03| cb04        ADDB  #$04                cc=c0 a=ff b=4c dp=00 x=a490 y=10a1 u=a896 s=1ffa  dt=16
ca05| 24f4        BCC   $c9fb               cc=c0 a=ff b=4c dp=00 x=a490 y=10a1 u=a896 s=1ffa  dt=24
c9fb| f7ff20      STB   $ff20               cc=c0 a=ff b=4c dp=00 x=a490 y=10a1 u=a896 s=1ffa  dt=40
c9fe| b6ff00      LDA   $ff00               cc=c8 a=ff b=4c dp=00 x=a490 y=10a1 u=a896 s=1ffa  dt=40
ca01| 2a06        BPL   $ca09               cc=c8 a=ff b=4c dp=00 x=a490 y=10a1 u=a896 s=1ffa  dt=24
ca03| cb04        ADDB  #$04                cc=e0 a=ff b=50 dp=00 x=a490 y=10a1 u=a896 s=1ffa  dt=16
ca05| 24f4        BCC   $c9fb               cc=e0 a=ff b=50 dp=00 x=a490 y=10a1 u=a896 s=1ffa  dt=24
c9fb| f7ff20      STB   $ff20               cc=e0 a=ff b=50 dp=00 x=a490 y=10a1 u=a896 s=1ffa  dt=40
c9fe| b6ff00      LDA   $ff00               cc=e8 a=ff b=50 dp=00 x=a490 y=10a1 u=a896 s=1ffa  dt=40
ca01| 2a06        BPL   $ca09               cc=e8 a=ff b=50 dp=00 x=a490 y=10a1 u=a896 s=1ffa  dt=24
ca03| cb04        ADDB  #$04                cc=c0 a=ff b=54 dp=00 x=a490 y=10a1 u=a896 s=1ffa  dt=16
ca05| 24f4        BCC   $c9fb               cc=c0 a=ff b=54 dp=00 x=a490 y=10a1 u=a896 s=1ffa  dt=24
c9fb| f7ff20      STB   $ff20               cc=c0 a=ff b=54 dp=00 x=a490 y=10a1 u=a896 s=1ffa  dt=40
c9fe| b6ff00      LDA   $ff00               cc=c8 a=ff b=54 dp=00 x=a490 y=10a1 u=a896 s=1ffa  dt=40
ca01| 2a06        BPL   $ca09               cc=c8 a=ff b=54 dp=00 x=a490 y=10a1 u=a896 s=1ffa  dt=24
ca03| cb04        ADDB  #$04                cc=c0 a=ff b=58 dp=00 x=a490 y=10a1 u=a896 s=1ffa  dt=16
ca05| 24f4        BCC   $c9fb               cc=c0 a=ff b=58 dp=00 x=a490 y=10a1 u=a896 s=1ffa  dt=24
c9fb| f7ff20      STB   $ff20               cc=c0 a=ff b=58 dp=00 x=a490 y=10a1 u=a896 s=1ffa  dt=40
c9fe| b6ff00      LDA   $ff00               cc=c8 a=ff b=58 dp=00 x=a490 y=10a1 u=a896 s=1ffa  dt=40
ca01| 2a06        BPL   $ca09               cc=c8 a=ff b=58 dp=00 x=a490 y=10a1 u=a896 s=1ffa  dt=24
ca03| cb04        ADDB  #$04                cc=c0 a=ff b=5c dp=00 x=a490 y=10a1 u=a896 s=1ffa  dt=16
ca05| 24f4        BCC   $c9fb               cc=c0 a=ff b=5c dp=00 x=a490 y=10a1 u=a896 s=1ffa  dt=24
c9fb| f7ff20      STB   $ff20               cc=c0 a=ff b=5c dp=00 x=a490 y=10a1 u=a896 s=1ffa  dt=40
c9fe| b6ff00      LDA   $ff00               cc=c8 a=ff b=5c dp=00 x=a490 y=10a1 u=a896 s=1ffa  dt=40
ca01| 2a06        BPL   $ca09               cc=c8 a=ff b=5c dp=00 x=a490 y=10a1 u=a896 s=1ffa  dt=24
ca03| cb04        ADDB  #$04                cc=e0 a=ff b=60 dp=00 x=a490 y=10a1 u=a896 s=1ffa  dt=16
ca05| 24f4        BCC   $c9fb               cc=e0 a=ff b=60 dp=00 x=a490 y=10a1 u=a896 s=1ffa  dt=24
c9fb| f7ff20      STB   $ff20               cc=e0 a=ff b=60 dp=00 x=a490 y=10a1 u=a896 s=1ffa  dt=40
c9fe| b6ff00      LDA   $ff00               cc=e8 a=ff b=60 dp=00 x=a490 y=10a1 u=a896 s=1ffa  dt=40
ca01| 2a06        BPL   $ca09               cc=e8 a=ff b=60 dp=00 x=a490 y=10a1 u=a896 s=1ffa  dt=24
ca03| cb04        ADDB  #$04                cc=c0 a=ff b=64 dp=00 x=a490 y=10a1 u=a896 s=1ffa  dt=16
ca05| 24f4        BCC   $c9fb               cc=c0 a=ff b=64 dp=00 x=a490 y=10a1 u=a896 s=1ffa  dt=24
c9fb| f7ff20      STB   $ff20               cc=c0 a=ff b=64 dp=00 x=a490 y=10a1 u=a896 s=1ffa  dt=40
c9fe| b6ff00      LDA   $ff00               cc=c8 a=ff b=64 dp=00 x=a490 y=10a1 u=a896 s=1ffa  dt=40
ca01| 2a06        BPL   $ca09               cc=c8 a=ff b=64 dp=00 x=a490 y=10a1 u=a896 s=1ffa  dt=24
ca03| cb04        ADDB  #$04                cc=c0 a=ff b=68 dp=00 x=a490 y=10a1 u=a896 s=1ffa  dt=16
ca05| 24f4        BCC   $c9fb               cc=c0 a=ff b=68 dp=00 x=a490 y=10a1 u=a896 s=1ffa  dt=24
c9fb| f7ff20      STB   $ff20               cc=c0 a=ff b=68 dp=00 x=a490 y=10a1 u=a896 s=1ffa  dt=40
c9fe| b6ff00      LDA   $ff00               cc=c8 a=ff b=68 dp=00 x=a490 y=10a1 u=a896 s=1ffa  dt=40
ca01| 2a06        BPL   $ca09               cc=c8 a=ff b=68 dp=00 x=a490 y=10a1 u=a896 s=1ffa  dt=24
ca03| cb04        ADDB  #$04                cc=c0 a=ff b=6c dp=00 x=a490 y=10a1 u=a896 s=1ffa  dt=16
ca05| 24f4        BCC   $c9fb               cc=c0 a=ff b=6c dp=00 x=a490 y=10a1 u=a896 s=1ffa  dt=24
c9fb| f7ff20      STB   $ff20               cc=c0 a=ff b=6c dp=00 x=a490 y=10a1 u=a896 s=1ffa  dt=40
c9fe| b6ff00      LDA   $ff00               cc=c8 a=ff b=6c dp=00 x=a490 y=10a1 u=a896 s=1ffa  dt=40
ca01| 2a06        BPL   $ca09               cc=c8 a=ff b=6c dp=00 x=a490 y=10a1 u=a896 s=1ffa  dt=24
ca03| cb04        ADDB  #$04                cc=e0 a=ff b=70 dp=00 x=a490 y=10a1 u=a896 s=1ffa  dt=16
ca05| 24f4        BCC   $c9fb               cc=e0 a=ff b=70 dp=00 x=a490 y=10a1 u=a896 s=1ffa  dt=24
c9fb| f7ff20      STB   $ff20               cc=e0 a=ff b=70 dp=00 x=a490 y=10a1 u=a896 s=1ffa  dt=40
c9fe| b6ff00      LDA   $ff00               cc=e8 a=ff b=70 dp=00 x=a490 y=10a1 u=a896 s=1ffa  dt=40
ca01| 2a06        BPL   $ca09               cc=e8 a=ff b=70 dp=00 x=a490 y=10a1 u=a896 s=1ffa  dt=24
ca03| cb04        ADDB  #$04                cc=c0 a=ff b=74 dp=00 x=a490 y=10a1 u=a896 s=1ffa  dt=16
ca05| 24f4        BCC   $c9fb               cc=c0 a=ff b=74 dp=00 x=a490 y=10a1 u=a896 s=1ffa  dt=24
c9fb| f7ff20      STB   $ff20               cc=c0 a=ff b=74 dp=00 x=a490 y=10a1 u=a896 s=1ffa  dt=40
c9fe| b6ff00      LDA   $ff00               cc=c8 a=ff b=74 dp=00 x=a490 y=10a1 u=a896 s=1ffa  dt=40
ca01| 2a06        BPL   $ca09               cc=c8 a=ff b=74 dp=00 x=a490 y=10a1 u=a896 s=1ffa  dt=24
ca03| cb04        ADDB  #$04                cc=c0 a=ff b=78 dp=00 x=a490 y=10a1 u=a896 s=1ffa  dt=16
ca05| 24f4        BCC   $c9fb               cc=c0 a=ff b=78 dp=00 x=a490 y=10a1 u=a896 s=1ffa  dt=24
c9fb| f7ff20      STB   $ff20               cc=c0 a=ff b=78 dp=00 x=a490 y=10a1 u=a896 s=1ffa  dt=40
c9fe| b6ff00      LDA   $ff00               cc=c8 a=ff b=78 dp=00 x=a490 y=10a1 u=a896 s=1ffa  dt=40
ca01| 2a06        BPL   $ca09               cc=c8 a=ff b=78 dp=00 x=a490 y=10a1 u=a896 s=1ffa  dt=24
ca03| cb04        ADDB  #$04                cc=c0 a=ff b=7c dp=00 x=a490 y=10a1 u=a896 s=1ffa  dt=16
ca05| 24f4        BCC   $c9fb               cc=c0 a=ff b=7c dp=00 x=a490 y=10a1 u=a896 s=1ffa  dt=24
c9fb| f7ff20      STB   $ff20               cc=c0 a=ff b=7c dp=00 x=a490 y=10a1 u=a896 s=1ffa  dt=40
c9fe| b6ff00      LDA   $ff00               cc=c8 a=ff b=7c dp=00 x=a490 y=10a1 u=a896 s=1ffa  dt=40
ca01| 2a06        BPL   $ca09               cc=c8 a=ff b=7c dp=00 x=a490 y=10a1 u=a896 s=1ffa  dt=24
ca03| cb04        ADDB  #$04                cc=ea a=ff b=80 dp=00 x=a490 y=10a1 u=a896 s=1ffa  dt=16
ca05| 24f4        BCC   $c9fb               cc=ea a=ff b=80 dp=00 x=a490 y=10a1 u=a896 s=1ffa  dt=24
c9fb| f7ff20      STB   $ff20               cc=e8 a=ff b=80 dp=00 x=a490 y=10a1 u=a896 s=1ffa  dt=40
c9fe| b6ff00      LDA   $ff00               cc=e0 a=7f b=80 dp=00 x=a490 y=10a1 u=a896 s=1ffa  dt=40
ca01| 2a06        BPL   $ca09               cc=e0 a=7f b=80 dp=00 x=a490 y=10a1 u=a896 s=1ffa  dt=24
ca09| 54          LSRB                      cc=e0 a=7f b=40 dp=00 x=a490 y=10a1 u=a896 s=1ffa  dt=16
ca0a| 54          LSRB                      cc=e0 a=7f b=20 dp=00 x=a490 y=10a1 u=a896 s=1ffa  dt=16
ca0b| 39          RTS                       cc=e0 a=7f b=20 dp=00 x=a490 y=10a1 u=a896 s=1ffc  dt=40
c9a8| d704        STB   <$04                cc=e0 a=7f b=20 dp=00 x=a490 y=10a1 u=a896 s=1ffc  dt=32
c9aa| 8680        LDA   #$80                cc=e8 a=80 b=20 dp=00 x=a490 y=10a1 u=a896 s=1ffc  dt=16
c9ac| b7ff20      STA   $ff20               cc=e8 a=80 b=20 dp=00 x=a490 y=10a1 u=a896 s=1ffc  dt=40
c9af| 9601        LDA   <$01                cc=e0 a=20 b=20 dp=00 x=a490 y=10a1 u=a896 s=1ffc  dt=32
c9b1| 8020        SUBA  #$20                cc=e4 a=00 b=20 dp=00 x=a490 y=10a1 u=a896 s=1ffc  dt=16
c9b3| 2a01        BPL   $c9b6               cc=e4 a=00 b=20 dp=00 x=a490 y=10a1 u=a896 s=1ffc  dt=24
c9b6| 970d        STA   <$0d                cc=e4 a=00 b=20 dp=00 x=a490 y=10a1 u=a896 s=1ffc  dt=32
c9b8| 9604        LDA   <$04                cc=e0 a=20 b=20 dp=00 x=a490 y=10a1 u=a896 s=1ffc  dt=32
c9ba| 8020        SUBA  #$20                cc=e4 a=00 b=20 dp=00 x=a490 y=10a1 u=a896 s=1ffc  dt=16
c9bc| 2a01        BPL   $c9bf               cc=e4 a=00 b=20 dp=00 x=a490 y=10a1 u=a896 s=1ffc  dt=24
c9bf| 970e        STA   <$0e                cc=e4 a=00 b=20 dp=00 x=a490 y=10a1 u=a896 s=1ffc  dt=32
c9c1| 86ff        LDA   #$ff                cc=e8 a=ff b=20 dp=00 x=a490 y=10a1 u=a896 s=1ffc  dt=16
c9c3| 9705        STA   <$05                cc=e8 a=ff b=20 dp=00 x=a490 y=10a1 u=a896 s=1ffc  dt=32
c9c5| 960d        LDA   <$0d                cc=e4 a=00 b=20 dp=00 x=a490 y=10a1 u=a896 s=1ffc  dt=32
c9c7| 910e        CMPA  <$0e                cc=e4 a=00 b=20 dp=00 x=a490 y=10a1 u=a896 s=1ffc  dt=32
c9c9| 2512        BCS   $c9dd               cc=e4 a=00 b=20 dp=00 x=a490 y=10a1 u=a896 s=1ffc  dt=24
c9cb| 8108        CMPA  #$08                cc=e9 a=00 b=20 dp=00 x=a490 y=10a1 u=a896 s=1ffc  dt=16
c9cd| 232a        BLS   $c9f9               cc=e9 a=00 b=20 dp=00 x=a490 y=10a1 u=a896 s=1ffc  dt=24
c9f9| 39          RTS                       cc=e9 a=00 b=20 dp=00 x=a490 y=10a1 u=a896 s=1ffe  dt=40
c115| 964d        LDA   <$4d                cc=e1 a=02 b=20 dp=00 x=a490 y=10a1 u=a896 s=1ffe  dt=32
c117| 2606        BNE   $c11f               cc=e1 a=02 b=20 dp=00 x=a490 y=10a1 u=a896 s=1ffe  dt=24
c11f| 170579      LBSR  $c69b               cc=e1 a=02 b=20 dp=00 x=a490 y=10a1 u=a896 s=1ffc  dt=72
c69b| dc34        LDD   <$34                cc=e1 a=0a b=53 dp=00 x=a490 y=10a1 u=a896 s=1ffc  dt=40
c69d| 44          LSRA                      cc=e0 a=05 b=53 dp=00 x=a490 y=10a1 u=a896 s=1ffc  dt=16
c69e| 56          RORB                      cc=e1 a=05 b=29 dp=00 x=a490 y=10a1 u=a896 s=1ffc  dt=16
c69f| 2402        BCC   $c6a3               cc=e1 a=05 b=29 dp=00 x=a490 y=10a1 u=a896 s=1ffc  dt=24
c6a1| 88b4        EORA  #$b4                cc=e9 a=b1 b=29 dp=00 x=a490 y=10a1 u=a896 s=1ffc  dt=16
c6a3| dd34        STD   <$34                cc=e9 a=b1 b=29 dp=00 x=a490 y=10a1 u=a896 s=1ffc  dt=40
c6a5| 39          RTS                       cc=e9 a=b1 b=29 dp=00 x=a490 y=10a1 u=a896 s=1ffe  dt=40
c122| 964d        LDA   <$4d                cc=e1 a=02 b=29 dp=00 x=a490 y=10a1 u=a896 s=1ffe  dt=32
c124| 2705        BEQ   $c12b               cc=e1 a=02 b=29 dp=00 x=a490 y=10a1 u=a896 s=1ffe  dt=24
c126| 171009      LBSR  $d132               cc=e1 a=02 b=29 dp=00 x=a490 y=10a1 u=a896 s=1ffc  dt=72
d132| 964d        LDA   <$4d                cc=e1 a=02 b=29 dp=00 x=a490 y=10a1 u=a896 s=1ffc  dt=32
d134| 8104        CMPA  #$04                cc=e9 a=02 b=29 dp=00 x=a490 y=10a1 u=a896 s=1ffc  dt=16
d136| 102700df    LBEQ  $d219               cc=e9 a=02 b=29 dp=00 x=a490 y=10a1 u=a896 s=1ffc  dt=40
d13a| 0d69        TST   <$69                cc=e5 a=02 b=29 dp=00 x=a490 y=10a1 u=a896 s=1ffc  dt=48
d13c| 260b        BNE   $d149               cc=e5 a=02 b=29 dp=00 x=a490 y=10a1 u=a896 s=1ffc  dt=24
d13e| dc0b        LDD   <$0b                cc=e1 a=75 b=ec dp=00 x=a490 y=10a1 u=a896 s=1ffc  dt=40
d140| dd67        STD   <$67                cc=e1 a=75 b=ec dp=00 x=a490 y=10a1 u=a896 s=1ffc  dt=40
d142| 0d6a        TST   <$6a                cc=e1 a=75 b=ec dp=00 x=a490 y=10a1 u=a896 s=1ffc  dt=48
d144| 2703        BEQ   $d149               cc=e1 a=75 b=ec dp=00 x=a490 y=10a1 u=a896 s=1ffc  dt=24
d146| 17fa6f      LBSR  $cbb8               cc=e1 a=75 b=ec dp=00 x=a490 y=10a1 u=a896 s=1ffa  dt=72
cbb8| 0d69        TST   <$69                cc=e5 a=75 b=ec dp=00 x=a490 y=10a1 u=a896 s=1ffa  dt=48
cbba| 2602        BNE   $cbbe               cc=e5 a=75 b=ec dp=00 x=a490 y=10a1 u=a896 s=1ffa  dt=24
cbbc| 0c69        INC   <$69                cc=e1 a=75 b=ec dp=00 x=a490 y=10a1 u=a896 s=1ffa  dt=48
cbbe| 39          RTS                       cc=e1 a=75 b=ec dp=00 x=a490 y=10a1 u=a896 s=1ffc  dt=40
d149| 967f        LDA   <$7f                cc=e5 a=00 b=ec dp=00 x=a490 y=10a1 u=a896 s=1ffc  dt=32
d14b| 8a80        ORA   #$80                cc=e9 a=80 b=ec dp=00 x=a490 y=10a1 u=a896 s=1ffc  dt=16
d14d| 977f        STA   <$7f                cc=e9 a=80 b=ec dp=00 x=a490 y=10a1 u=a896 s=1ffc  dt=32
d14f| 964d        LDA   <$4d                cc=e1 a=02 b=ec dp=00 x=a490 y=10a1 u=a896 s=1ffc  dt=32
d151| 8101        CMPA  #$01                cc=e0 a=02 b=ec dp=00 x=a490 y=10a1 u=a896 s=1ffc  dt=16
d153| 270b        BEQ   $d160               cc=e0 a=02 b=ec dp=00 x=a490 y=10a1 u=a896 s=1ffc  dt=24
d155| 8102        CMPA  #$02                cc=e4 a=02 b=ec dp=00 x=a490 y=10a1 u=a896 s=1ffc  dt=16
d157| 2731        BEQ   $d18a               cc=e4 a=02 b=ec dp=00 x=a490 y=10a1 u=a896 s=1ffc  dt=24
d18a| 963a        LDA   <$3a                cc=e4 a=00 b=ec dp=00 x=a490 y=10a1 u=a896 s=1ffc  dt=32
d18c| 8190        CMPA  #$90                cc=e1 a=00 b=ec dp=00 x=a490 y=10a1 u=a896 s=1ffc  dt=16
d18e| 2450        BCC   $d1e0               cc=e1 a=00 b=ec dp=00 x=a490 y=10a1 u=a896 s=1ffc  dt=24
d190| d64e        LDB   <$4e                cc=e1 a=00 b=0d dp=00 x=a490 y=10a1 u=a896 s=1ffc  dt=32
d192| c1ff        CMPB  #$ff                cc=e1 a=00 b=0d dp=00 x=a490 y=10a1 u=a896 s=1ffc  dt=16
d194| 2747        BEQ   $d1dd               cc=e1 a=00 b=0d dp=00 x=a490 y=10a1 u=a896 s=1ffc  dt=24
d196| 9e0b        LDX   <$0b                cc=e1 a=00 b=0d dp=00 x=75ec y=10a1 u=a896 s=1ffc  dt=40
d198| 811e        CMPA  #$1e                cc=e9 a=00 b=0d dp=00 x=75ec y=10a1 u=a896 s=1ffc  dt=16
d19a| 253b        BCS   $d1d7               cc=e9 a=00 b=0d dp=00 x=75ec y=10a1 u=a896 s=1ffc  dt=24
d1d7| 9f0b        STX   <$0b                cc=e1 a=00 b=0d dp=00 x=75ec y=10a1 u=a896 s=1ffc  dt=40
d1d9| 860d        LDA   #$0d                cc=e1 a=0d b=0d dp=00 x=75ec y=10a1 u=a896 s=1ffc  dt=16
d1db| 974e        STA   <$4e                cc=e1 a=0d b=0d dp=00 x=75ec y=10a1 u=a896 s=1ffc  dt=32
d1dd| 0c3a        INC   <$3a                cc=e1 a=0d b=0d dp=00 x=75ec y=10a1 u=a896 s=1ffc  dt=48
d1df| 39          RTS                       cc=e1 a=0d b=0d dp=00 x=75ec y=10a1 u=a896 s=1ffe  dt=40
c129| 2015        BRA   $c140               cc=e1 a=0d b=0d dp=00 x=75ec y=10a1 u=a896 s=1ffe  dt=24
