0a1b| 17031c      LBSR  $0d3a               cc=e0 a=01 b=91 dp=00 x=a490 y=0000 u=a890 s=1ff8  dt=72
0d3a| 0d9a        TST   <$9a                cc=e0 a=01 b=91 dp=00 x=a490 y=0000 u=a890 s=1ff8  dt=48
0d3c| 275c        BEQ   $0d9a               cc=e0 a=01 b=91 dp=00 x=a490 y=0000 u=a890 s=1ff8  dt=24
0d3e| 9690        LDA   <$90                cc=e4 a=00 b=91 dp=00 x=a490 y=0000 u=a890 s=1ff8  dt=32
0d40| 918f        CMPA  <$8f                cc=e9 a=00 b=91 dp=00 x=a490 y=0000 u=a890 s=1ff8  dt=32
0d42| 2605        BNE   $0d49               cc=e9 a=00 b=91 dp=00 x=a490 y=0000 u=a890 s=1ff8  dt=24
0d49| 8601        LDA   #$01                cc=e1 a=01 b=91 dp=00 x=a490 y=0000 u=a890 s=1ff8  dt=16
0d4b| 9798        STA   <$98                cc=e1 a=01 b=91 dp=00 x=a490 y=0000 u=a890 s=1ff8  dt=32
0d4d| 17086f      LBSR  $15bf               cc=e1 a=01 b=91 dp=00 x=a490 y=0000 u=a890 s=1ff6  dt=72
15bf| 8630        LDA   #$30                cc=e1 a=30 b=91 dp=00 x=a490 y=0000 u=a890 s=1ff6  dt=16
15c1| 0d9a        TST   <$9a                cc=e1 a=30 b=91 dp=00 x=a490 y=0000 u=a890 s=1ff6  dt=48
15c3| 2706        BEQ   $15cb               cc=e1 a=30 b=91 dp=00 x=a490 y=0000 u=a890 s=1ff6  dt=24
15c5| 0d90        TST   <$90                cc=e5 a=30 b=91 dp=00 x=a490 y=0000 u=a890 s=1ff6  dt=48
15c7| 2702        BEQ   $15cb               cc=e5 a=30 b=91 dp=00 x=a490 y=0000 u=a890 s=1ff6  dt=24
15cb| b7ffa1      STA   $ffa1               cc=e1 a=30 b=91 dp=00 x=a490 y=0000 u=a890 s=1ff6  dt=40
15ce| 4c          INCA                      cc=e1 a=31 b=91 dp=00 x=a490 y=0000 u=a890 s=1ff6  dt=16
15cf| b7ffa2      STA   $ffa2               cc=e1 a=31 b=91 dp=00 x=a490 y=0000 u=a890 s=1ff6  dt=40
15d2| 4c          INCA                      cc=e1 a=32 b=91 dp=00 x=a490 y=0000 u=a890 s=1ff6  dt=16
15d3| b7ffa3      STA   $ffa3               cc=e1 a=32 b=91 dp=00 x=a490 y=0000 u=a890 s=1ff6  dt=40
15d6| 4c          INCA                      cc=e1 a=33 b=91 dp=00 x=a490 y=0000 u=a890 s=1ff6  dt=16
15d7| b7ffa4      STA   $ffa4               cc=e1 a=33 b=91 dp=00 x=a490 y=0000 u=a890 s=1ff6  dt=40
15da| 39          RTS                       cc=e1 a=33 b=91 dp=00 x=a490 y=0000 u=a890 s=1ff8  dt=40
0d50| 17005c      LBSR  $0daf               cc=e1 a=33 b=91 dp=00 x=a490 y=0000 u=a890 s=1ff6  dt=72
0daf| cea900      LDU   #$a900              cc=e9 a=33 b=91 dp=00 x=a490 y=0000 u=a900 s=1ff6  dt=24
0db2| 0d90        TST   <$90                cc=e5 a=33 b=91 dp=00 x=a490 y=0000 u=a900 s=1ff6  dt=48
0db4| 2703        BEQ   $0db9               cc=e5 a=33 b=91 dp=00 x=a490 y=0000 u=a900 s=1ff6  dt=24
0db9| 39          RTS                       cc=e5 a=33 b=91 dp=00 x=a490 y=0000 u=a900 s=1ff8  dt=40
0d53| a642        LDA   2,U                 cc=e1 a=01 b=91 dp=00 x=a490 y=0000 u=a900 s=1ff8  dt=40
0d55| 976a        STA   <$6a                cc=e1 a=01 b=91 dp=00 x=a490 y=0000 u=a900 s=1ff8  dt=32
0d57| ec44        LDD   4,U                 cc=e1 a=4e b=8c dp=00 x=a490 y=0000 u=a900 s=1ff8  dt=48
0d59| dd67        STD   <$67                cc=e1 a=4e b=8c dp=00 x=a490 y=0000 u=a900 s=1ff8  dt=40
0d5b| 8ea300      LDX   #$a300              cc=e9 a=4e b=8c dp=00 x=a300 y=0000 u=a900 s=1ff8  dt=24
0d5e| 0d90        TST   <$90                cc=e5 a=4e b=8c dp=00 x=a300 y=0000 u=a900 s=1ff8  dt=48
0d60| 2703        BEQ   $0d65               cc=e5 a=4e b=8c dp=00 x=a300 y=0000 u=a900 s=1ff8  dt=24
0d65| 9fa2        STX   <$a2                cc=e9 a=4e b=8c dp=00 x=a300 y=0000 u=a900 s=1ff8  dt=40
0d67| 3348        LEAU  8,U                 cc=e9 a=4e b=8c dp=00 x=a300 y=0000 u=a908 s=1ff8  dt=40
0d69| 108ea890    LDY   #$a890              cc=e9 a=4e b=8c dp=00 x=a300 y=a890 u=a908 s=1ff8  dt=32
0d6d| 0f86        CLR   <$86                cc=e4 a=4e b=8c dp=00 x=a300 y=a890 u=a908 s=1ff8  dt=48
0d6f| 8e1075      LDX   #$1075              cc=e0 a=4e b=8c dp=00 x=1075 y=a890 u=a908 s=1ff8  dt=24
0d72| 0f5d        CLR   <$5d                cc=e4 a=4e b=8c dp=00 x=1075 y=a890 u=a908 s=1ff8  dt=48
0d74| ec41        LDD   1,U                 cc=e0 a=2f b=cd dp=00 x=1075 y=a890 u=a908 s=1ff8  dt=48
0d76| eda1        STD   ,Y++                cc=e0 a=2f b=cd dp=00 x=1075 y=a892 u=a908 s=1ff8  dt=64
0d78| 6d46        TST   6,U                 cc=e0 a=2f b=cd dp=00 x=1075 y=a892 u=a908 s=1ff8  dt=56
0d7a| 2708        BEQ   $0d84               cc=e0 a=2f b=cd dp=00 x=1075 y=a892 u=a908 s=1ff8  dt=24
0d7c| d65d        LDB   <$5d                cc=e4 a=2f b=00 dp=00 x=1075 y=a892 u=a908 s=1ff8  dt=32
0d7e| a685        LDA   B,X                 cc=e0 a=01 b=00 dp=00 x=1075 y=a892 u=a908 s=1ff8  dt=40
0d80| 9a86        ORA   <$86                cc=e0 a=01 b=00 dp=00 x=1075 y=a892 u=a908 s=1ff8  dt=32
0d82| 9786        STA   <$86                cc=e0 a=01 b=00 dp=00 x=1075 y=a892 u=a908 s=1ff8  dt=32
0d84| 3348        LEAU  8,U                 cc=e0 a=01 b=00 dp=00 x=1075 y=a892 u=a910 s=1ff8  dt=40
0d86| 0c5d        INC   <$5d                cc=e0 a=01 b=00 dp=00 x=1075 y=a892 u=a910 s=1ff8  dt=48
0d88| 965d        LDA   <$5d                cc=e0 a=01 b=00 dp=00 x=1075 y=a892 u=a910 s=1ff8  dt=32
0d8a| 8104        CMPA  #$04                cc=e9 a=01 b=00 dp=00 x=1075 y=a892 u=a910 s=1ff8  dt=16
0d8c| 25e6        BCS   $0d74               cc=e9 a=01 b=00 dp=00 x=1075 y=a892 u=a910 s=1ff8  dt=24
0d74| ec41        LDD   1,U                 cc=e1 a=2f b=ed dp=00 x=1075 y=a892 u=a910 s=1ff8  dt=48
0d76| eda1        STD   ,Y++                cc=e1 a=2f b=ed dp=00 x=1075 y=a894 u=a910 s=1ff8  dt=64
0d78| 6d46        TST   6,U                 cc=e1 a=2f b=ed dp=00 x=1075 y=a894 u=a910 s=1ff8  dt=56
0d7a| 2708        BEQ   $0d84               cc=e1 a=2f b=ed dp=00 x=1075 y=a894 u=a910 s=1ff8  dt=24
0d7c| d65d        LDB   <$5d                cc=e1 a=2f b=01 dp=00 x=1075 y=a894 u=a910 s=1ff8  dt=32
0d7e| a685        LDA   B,X                 cc=e1 a=02 b=01 dp=00 x=1075 y=a894 u=a910 s=1ff8  dt=40
0d80| 9a86        ORA   <$86                cc=e1 a=03 b=01 dp=00 x=1075 y=a894 u=a910 s=1ff8  dt=32
0d82| 9786        STA   <$86                cc=e1 a=03 b=01 dp=00 x=1075 y=a894 u=a910 s=1ff8  dt=32
0d84| 3348        LEAU  8,U                 cc=e1 a=03 b=01 dp=00 x=1075 y=a894 u=a918 s=1ff8  dt=40
0d86| 0c5d        INC   <$5d                cc=e1 a=03 b=01 dp=00 x=1075 y=a894 u=a918 s=1ff8  dt=48
0d88| 965d        LDA   <$5d                cc=e1 a=02 b=01 dp=00 x=1075 y=a894 u=a918 s=1ff8  dt=32
0d8a| 8104        CMPA  #$04                cc=e9 a=02 b=01 dp=00 x=1075 y=a894 u=a918 s=1ff8  dt=16
0d8c| 25e6        BCS   $0d74               cc=e9 a=02 b=01 dp=00 x=1075 y=a894 u=a918 s=1ff8  dt=24
0d74| ec41        LDD   1,U                 cc=e1 a=6f b=cb dp=00 x=1075 y=a894 u=a918 s=1ff8  dt=48
0d76| eda1        STD   ,Y++                cc=e1 a=6f b=cb dp=00 x=1075 y=a896 u=a918 s=1ff8  dt=64
0d78| 6d46        TST   6,U                 cc=e1 a=6f b=cb dp=00 x=1075 y=a896 u=a918 s=1ff8  dt=56
0d7a| 2708        BEQ   $0d84               cc=e1 a=6f b=cb dp=00 x=1075 y=a896 u=a918 s=1ff8  dt=24
0d7c| d65d        LDB   <$5d                cc=e1 a=6f b=02 dp=00 x=1075 y=a896 u=a918 s=1ff8  dt=32
0d7e| a685        LDA   B,X                 cc=e1 a=04 b=02 dp=00 x=1075 y=a896 u=a918 s=1ff8  dt=40
0d80| 9a86        ORA   <$86                cc=e1 a=07 b=02 dp=00 x=1075 y=a896 u=a918 s=1ff8  dt=32
0d82| 9786        STA   <$86                cc=e1 a=07 b=02 dp=00 x=1075 y=a896 u=a918 s=1ff8  dt=32
0d84| 3348        LEAU  8,U                 cc=e1 a=07 b=02 dp=00 x=1075 y=a896 u=a920 s=1ff8  dt=40
0d86| 0c5d        INC   <$5d                cc=e1 a=07 b=02 dp=00 x=1075 y=a896 u=a920 s=1ff8  dt=48
0d88| 965d        LDA   <$5d                cc=e1 a=03 b=02 dp=00 x=1075 y=a896 u=a920 s=1ff8  dt=32
0d8a| 8104        CMPA  #$04                cc=e9 a=03 b=02 dp=00 x=1075 y=a896 u=a920 s=1ff8  dt=16
0d8c| 25e6        BCS   $0d74               cc=e9 a=03 b=02 dp=00 x=1075 y=a896 u=a920 s=1ff8  dt=24
0d74| ec41        LDD   1,U                 cc=e1 a=6f b=eb dp=00 x=1075 y=a896 u=a920 s=1ff8  dt=48
0d76| eda1        STD   ,Y++                cc=e1 a=6f b=eb dp=00 x=1075 y=a898 u=a920 s=1ff8  dt=64
0d78| 6d46        TST   6,U                 cc=e1 a=6f b=eb dp=00 x=1075 y=a898 u=a920 s=1ff8  dt=56
0d7a| 2708        BEQ   $0d84               cc=e1 a=6f b=eb dp=00 x=1075 y=a898 u=a920 s=1ff8  dt=24
0d7c| d65d        LDB   <$5d                cc=e1 a=6f b=03 dp=00 x=1075 y=a898 u=a920 s=1ff8  dt=32
0d7e| a685        LDA   B,X                 cc=e1 a=08 b=03 dp=00 x=1075 y=a898 u=a920 s=1ff8  dt=40
0d80| 9a86        ORA   <$86                cc=e1 a=0f b=03 dp=00 x=1075 y=a898 u=a920 s=1ff8  dt=32
0d82| 9786        STA   <$86                cc=e1 a=0f b=03 dp=00 x=1075 y=a898 u=a920 s=1ff8  dt=32
0d84| 3348        LEAU  8,U                 cc=e1 a=0f b=03 dp=00 x=1075 y=a898 u=a928 s=1ff8  dt=40
0d86| 0c5d        INC   <$5d                cc=e1 a=0f b=03 dp=00 x=1075 y=a898 u=a928 s=1ff8  dt=48
0d88| 965d        LDA   <$5d                cc=e1 a=04 b=03 dp=00 x=1075 y=a898 u=a928 s=1ff8  dt=32
0d8a| 8104        CMPA  #$04                cc=e4 a=04 b=03 dp=00 x=1075 y=a898 u=a928 s=1ff8  dt=16
0d8c| 25e6        BCS   $0d74               cc=e4 a=04 b=03 dp=00 x=1075 y=a898 u=a928 s=1ff8  dt=24
0d8e| 3344        LEAU  4,U                 cc=e4 a=04 b=03 dp=00 x=1075 y=a898 u=a92c s=1ff8  dt=40
0d90| ecc4        LDD   ,U                  cc=e4 a=00 b=00 dp=00 x=1075 y=a898 u=a92c s=1ff8  dt=40
0d92| fda898      STD   $a898               cc=e4 a=00 b=00 dp=00 x=1075 y=a898 u=a92c s=1ff8  dt=48
0d95| ec42        LDD   2,U                 cc=e4 a=00 b=00 dp=00 x=1075 y=a898 u=a92c s=1ff8  dt=48
0d97| fda89a      STD   $a89a               cc=e4 a=00 b=00 dp=00 x=1075 y=a898 u=a92c s=1ff8  dt=48
0d9a| 1cfe        ANDCC #$fe                cc=e4 a=00 b=00 dp=00 x=1075 y=a898 u=a92c s=1ff8  dt=24
0d9c| 39          RTS                       cc=e4 a=00 b=00 dp=00 x=1075 y=a898 u=a92c s=1ffa  dt=40
0a1e| 10250023    LBCS  $0a45               cc=e4 a=00 b=00 dp=00 x=1075 y=a898 u=a92c s=1ffa  dt=40
0a22| 0d9a        TST   <$9a                cc=e0 a=00 b=00 dp=00 x=1075 y=a898 u=a92c s=1ffa  dt=48
0a24| 270e        BEQ   $0a34               cc=e0 a=00 b=00 dp=00 x=1075 y=a898 u=a92c s=1ffa  dt=24
0a26| 0f9b        CLR   <$9b                cc=e4 a=00 b=00 dp=00 x=1075 y=a898 u=a92c s=1ffa  dt=48
0a28| 1701c2      LBSR  $0bed               cc=e4 a=00 b=00 dp=00 x=1075 y=a898 u=a92c s=1ff8  dt=72
0bed| 0d6a        TST   <$6a                cc=e0 a=00 b=00 dp=00 x=1075 y=a898 u=a92c s=1ff8  dt=48
0bef| 2713        BEQ   $0c04               cc=e0 a=00 b=00 dp=00 x=1075 y=a898 u=a92c s=1ff8  dt=24
0bf1| dc0b        LDD   <$0b                cc=e0 a=4e b=8c dp=00 x=1075 y=a898 u=a92c s=1ff8  dt=40
0bf3| 3406        PSHS  A,B                 cc=e0 a=4e b=8c dp=00 x=1075 y=a898 u=a92c s=1ff6  dt=56
0bf5| dc67        LDD   <$67                cc=e0 a=4e b=8c dp=00 x=1075 y=a898 u=a92c s=1ff6  dt=40
0bf7| dd0b        STD   <$0b                cc=e0 a=4e b=8c dp=00 x=1075 y=a898 u=a92c s=1ff6  dt=40
0bf9| bdd364      JSR   $d364               cc=e0 a=4e b=8c dp=00 x=1075 y=a898 u=a92c s=1ff4  dt=64
d364| 9e0b        LDX   <$0b                cc=e0 a=4e b=8c dp=00 x=4e8c y=a898 u=a92c s=1ff4  dt=40
d366| dea2        LDU   <$a2                cc=e8 a=4e b=8c dp=00 x=4e8c y=a898 u=a300 s=1ff4  dt=40
d368| 108e0010    LDY   #$0010              cc=e0 a=4e b=8c dp=00 x=4e8c y=0010 u=a300 s=1ff4  dt=32
d36c| ecc1        LDD   ,U++                cc=e0 a=44 b=00 dp=00 x=4e8c y=0010 u=a302 s=1ff4  dt=64
d36e| ed81        STD   ,X++                cc=e0 a=44 b=00 dp=00 x=4e8e y=0010 u=a302 s=1ff4  dt=64
d370| ecc1        LDD   ,U++                cc=e4 a=00 b=00 dp=00 x=4e8e y=0010 u=a304 s=1ff4  dt=64
d372| ed81        STD   ,X++                cc=e4 a=00 b=00 dp=00 x=4e90 y=0010 u=a304 s=1ff4  dt=64
d374| ecc1        LDD   ,U++                cc=e4 a=00 b=00 dp=00 x=4e90 y=0010 u=a306 s=1ff4  dt=64
d376| ed81        STD   ,X++                cc=e4 a=00 b=00 dp=00 x=4e92 y=0010 u=a306 s=1ff4  dt=64
d378| ecc1        LDD   ,U++                cc=e4 a=00 b=00 dp=00 x=4e92 y=0010 u=a308 s=1ff4  dt=64
d37a| ed81        STD   ,X++                cc=e4 a=00 b=00 dp=00 x=4e94 y=0010 u=a308 s=1ff4  dt=64
d37c| 30890098    LEAX  $0098,X             cc=e0 a=00 b=00 dp=00 x=4f2c y=0010 u=a308 s=1ff4  dt=64
d380| 313f        LEAY  -1,Y                cc=e0 a=00 b=00 dp=00 x=4f2c y=000f u=a308 s=1ff4  dt=40
d382| 26e8        BNE   $d36c               cc=e0 a=00 b=00 dp=00 x=4f2c y=000f u=a308 s=1ff4  dt=24
d36c| ecc1        LDD   ,U++                cc=e4 a=00 b=00 dp=00 x=4f2c y=000f u=a30a s=1ff4  dt=64
d36e| ed81        STD   ,X++                cc=e4 a=00 b=00 dp=00 x=4f2e y=000f u=a30a s=1ff4  dt=64
d370| ecc1        LDD   ,U++                cc=e4 a=00 b=00 dp=00 x=4f2e y=000f u=a30c s=1ff4  dt=64
d372| ed81        STD   ,X++                cc=e4 a=00 b=00 dp=00 x=4f30 y=000f u=a30c s=1ff4  dt=64
d374| ecc1        LDD   ,U++                cc=e4 a=00 b=00 dp=00 x=4f30 y=000f u=a30e s=1ff4  dt=64
d376| ed81        STD   ,X++                cc=e4 a=00 b=00 dp=00 x=4f32 y=000f u=a30e s=1ff4  dt=64
d378| ecc1        LDD   ,U++                cc=e4 a=00 b=00 dp=00 x=4f32 y=000f u=a310 s=1ff4  dt=64
d37a| ed81        STD   ,X++                cc=e4 a=00 b=00 dp=00 x=4f34 y=000f u=a310 s=1ff4  dt=64
d37c| 30890098    LEAX  $0098,X             cc=e0 a=00 b=00 dp=00 x=4fcc y=000f u=a310 s=1ff4  dt=64
d380| 313f        LEAY  -1,Y                cc=e0 a=00 b=00 dp=00 x=4fcc y=000e u=a310 s=1ff4  dt=40
d382| 26e8        BNE   $d36c               cc=e0 a=00 b=00 dp=00 x=4fcc y=000e u=a310 s=1ff4  dt=24
d36c| ecc1        LDD   ,U++                cc=e4 a=00 b=00 dp=00 x=4fcc y=000e u=a312 s=1ff4  dt=64
d36e| ed81        STD   ,X++                cc=e4 a=00 b=00 dp=00 x=4fce y=000e u=a312 s=1ff4  dt=64
d370| ecc1        LDD   ,U++                cc=e4 a=00 b=00 dp=00 x=4fce y=000e u=a314 s=1ff4  dt=64
d372| ed81        STD   ,X++                cc=e4 a=00 b=00 dp=00 x=4fd0 y=000e u=a314 s=1ff4  dt=64
d374| ecc1        LDD   ,U++                cc=e4 a=00 b=00 dp=00 x=4fd0 y=000e u=a316 s=1ff4  dt=64
d376| ed81        STD   ,X++                cc=e4 a=00 b=00 dp=00 x=4fd2 y=000e u=a316 s=1ff4  dt=64
d378| ecc1        LDD   ,U++                cc=e4 a=00 b=00 dp=00 x=4fd2 y=000e u=a318 s=1ff4  dt=64
d37a| ed81        STD   ,X++                cc=e4 a=00 b=00 dp=00 x=4fd4 y=000e u=a318 s=1ff4  dt=64
d37c| 30890098    LEAX  $0098,X             cc=e0 a=00 b=00 dp=00 x=506c y=000e u=a318 s=1ff4  dt=64
d380| 313f        LEAY  -1,Y                cc=e0 a=00 b=00 dp=00 x=506c y=000d u=a318 s=1ff4  dt=40
d382| 26e8        BNE   $d36c               cc=e0 a=00 b=00 dp=00 x=506c y=000d u=a318 s=1ff4  dt=24
d36c| ecc1        LDD   ,U++                cc=e4 a=00 b=00 dp=00 x=506c y=000d u=a31a s=1ff4  dt=64
d36e| ed81        STD   ,X++                cc=e4 a=00 b=00 dp=00 x=506e y=000d u=a31a s=1ff4  dt=64
d370| ecc1        LDD   ,U++                cc=e4 a=00 b=00 dp=00 x=506e y=000d u=a31c s=1ff4  dt=64
d372| ed81        STD   ,X++                cc=e4 a=00 b=00 dp=00 x=5070 y=000d u=a31c s=1ff4  dt=64
d374| ecc1        LDD   ,U++                cc=e4 a=00 b=00 dp=00 x=5070 y=000d u=a31e s=1ff4  dt=64
d376| ed81        STD   ,X++                cc=e4 a=00 b=00 dp=00 x=5072 y=000d u=a31e s=1ff4  dt=64
d378| ecc1        LDD   ,U++                cc=e4 a=00 b=00 dp=00 x=5072 y=000d u=a320 s=1ff4  dt=64
d37a| ed81        STD   ,X++                cc=e4 a=00 b=00 dp=00 x=5074 y=000d u=a320 s=1ff4  dt=64
d37c| 30890098    LEAX  $0098,X             cc=e0 a=00 b=00 dp=00 x=510c y=000d u=a320 s=1ff4  dt=64
d380| 313f        LEAY  -1,Y                cc=e0 a=00 b=00 dp=00 x=510c y=000c u=a320 s=1ff4  dt=40
d382| 26e8        BNE   $d36c               cc=e0 a=00 b=00 dp=00 x=510c y=000c u=a320 s=1ff4  dt=24
d36c| ecc1        LDD   ,U++                cc=e4 a=00 b=00 dp=00 x=510c y=000c u=a322 s=1ff4  dt=64
d36e| ed81        STD   ,X++                cc=e4 a=00 b=00 dp=00 x=510e y=000c u=a322 s=1ff4  dt=64
d370| ecc1        LDD   ,U++                cc=e4 a=00 b=00 dp=00 x=510e y=000c u=a324 s=1ff4  dt=64
d372| ed81        STD   ,X++                cc=e4 a=00 b=00 dp=00 x=5110 y=000c u=a324 s=1ff4  dt=64
d374| ecc1        LDD   ,U++                cc=e4 a=00 b=00 dp=00 x=5110 y=000c u=a326 s=1ff4  dt=64
d376| ed81        STD   ,X++                cc=e4 a=00 b=00 dp=00 x=5112 y=000c u=a326 s=1ff4  dt=64
d378| ecc1        LDD   ,U++                cc=e4 a=00 b=00 dp=00 x=5112 y=000c u=a328 s=1ff4  dt=64
d37a| ed81        STD   ,X++                cc=e4 a=00 b=00 dp=00 x=5114 y=000c u=a328 s=1ff4  dt=64
d37c| 30890098    LEAX  $0098,X             cc=e0 a=00 b=00 dp=00 x=51ac y=000c u=a328 s=1ff4  dt=64
d380| 313f        LEAY  -1,Y                cc=e0 a=00 b=00 dp=00 x=51ac y=000b u=a328 s=1ff4  dt=40
d382| 26e8        BNE   $d36c               cc=e0 a=00 b=00 dp=00 x=51ac y=000b u=a328 s=1ff4  dt=24
d36c| ecc1        LDD   ,U++                cc=e4 a=00 b=00 dp=00 x=51ac y=000b u=a32a s=1ff4  dt=64
d36e| ed81        STD   ,X++                cc=e4 a=00 b=00 dp=00 x=51ae y=000b u=a32a s=1ff4  dt=64
d370| ecc1        LDD   ,U++                cc=e4 a=00 b=00 dp=00 x=51ae y=000b u=a32c s=1ff4  dt=64
d372| ed81        STD   ,X++                cc=e4 a=00 b=00 dp=00 x=51b0 y=000b u=a32c s=1ff4  dt=64
d374| ecc1        LDD   ,U++                cc=e4 a=00 b=00 dp=00 x=51b0 y=000b u=a32e s=1ff4  dt=64
d376| ed81        STD   ,X++                cc=e4 a=00 b=00 dp=00 x=51b2 y=000b u=a32e s=1ff4  dt=64
d378| ecc1        LDD   ,U++                cc=e4 a=00 b=00 dp=00 x=51b2 y=000b u=a330 s=1ff4  dt=64
d37a| ed81        STD   ,X++                cc=e4 a=00 b=00 dp=00 x=51b4 y=000b u=a330 s=1ff4  dt=64
d37c| 30890098    LEAX  $0098,X             cc=e0 a=00 b=00 dp=00 x=524c y=000b u=a330 s=1ff4  dt=64
d380| 313f        LEAY  -1,Y                cc=e0 a=00 b=00 dp=00 x=524c y=000a u=a330 s=1ff4  dt=40
d382| 26e8        BNE   $d36c               cc=e0 a=00 b=00 dp=00 x=524c y=000a u=a330 s=1ff4  dt=24
d36c| ecc1        LDD   ,U++                cc=e4 a=00 b=00 dp=00 x=524c y=000a u=a332 s=1ff4  dt=64
d36e| ed81        STD   ,X++                cc=e4 a=00 b=00 dp=00 x=524e y=000a u=a332 s=1ff4  dt=64
d370| ecc1        LDD   ,U++                cc=e4 a=00 b=00 dp=00 x=524e y=000a u=a334 s=1ff4  dt=64
d372| ed81        STD   ,X++                cc=e4 a=00 b=00 dp=00 x=5250 y=000a u=a334 s=1ff4  dt=64
d374| ecc1        LDD   ,U++                cc=e4 a=00 b=00 dp=00 x=5250 y=000a u=a336 s=1ff4  dt=64
d376| ed81        STD   ,X++                cc=e4 a=00 b=00 dp=00 x=5252 y=000a u=a336 s=1ff4  dt=64
d378| ecc1        LDD   ,U++                cc=e4 a=00 b=00 dp=00 x=5252 y=000a u=a338 s=1ff4  dt=64
d37a| ed81        STD   ,X++                cc=e4 a=00 b=00 dp=00 x=5254 y=000a u=a338 s=1ff4  dt=64
d37c| 30890098    LEAX  $0098,X             cc=e0 a=00 b=00 dp=00 x=52ec y=000a u=a338 s=1ff4  dt=64
d380| 313f        LEAY  -1,Y                cc=e0 a=00 b=00 dp=00 x=52ec y=0009 u=a338 s=1ff4  dt=40
d382| 26e8        BNE   $d36c               cc=e0 a=00 b=00 dp=00 x=52ec y=0009 u=a338 s=1ff4  dt=24
d36c| ecc1        LDD   ,U++                cc=e4 a=00 b=00 dp=00 x=52ec y=0009 u=a33a s=1ff4  dt=64
d36e| ed81        STD   ,X++                cc=e4 a=00 b=00 dp=00 x=52ee y=0009 u=a33a s=1ff4  dt=64
d370| ecc1        LDD   ,U++                cc=e4 a=00 b=00 dp=00 x=52ee y=0009 u=a33c s=1ff4  dt=64
d372| ed81        STD   ,X++                cc=e4 a=00 b=00 dp=00 x=52f0 y=0009 u=a33c s=1ff4  dt=64
d374| ecc1        LDD   ,U++                cc=e4 a=00 b=00 dp=00 x=52f0 y=0009 u=a33e s=1ff4  dt=64
d376| ed81        STD   ,X++                cc=e4 a=00 b=00 dp=00 x=52f2 y=0009 u=a33e s=1ff4  dt=64
d378| ecc1        LDD   ,U++                cc=e4 a=00 b=00 dp=00 x=52f2 y=0009 u=a340 s=1ff4  dt=64
d37a| ed81        STD   ,X++                cc=e4 a=00 b=00 dp=00 x=52f4 y=0009 u=a340 s=1ff4  dt=64
d37c| 30890098    LEAX  $0098,X             cc=e0 a=00 b=00 dp=00 x=538c y=0009 u=a340 s=1ff4  dt=64
d380| 313f        LEAY  -1,Y                cc=e0 a=00 b=00 dp=00 x=538c y=0008 u=a340 s=1ff4  dt=40
d382| 26e8        BNE   $d36c               cc=e0 a=00 b=00 dp=00 x=538c y=0008 u=a340 s=1ff4  dt=24
d36c| ecc1        LDD   ,U++                cc=e4 a=00 b=00 dp=00 x=538c y=0008 u=a342 s=1ff4  dt=64
d36e| ed81        STD   ,X++                cc=e4 a=00 b=00 dp=00 x=538e y=0008 u=a342 s=1ff4  dt=64
d370| ecc1        LDD   ,U++                cc=e4 a=00 b=00 dp=00 x=538e y=0008 u=a344 s=1ff4  dt=64
d372| ed81        STD   ,X++                cc=e4 a=00 b=00 dp=00 x=5390 y=0008 u=a344 s=1ff4  dt=64
d374| ecc1        LDD   ,U++                cc=e4 a=00 b=00 dp=00 x=5390 y=0008 u=a346 s=1ff4  dt=64
d376| ed81        STD   ,X++                cc=e4 a=00 b=00 dp=00 x=5392 y=0008 u=a346 s=1ff4  dt=64
d378| ecc1        LDD   ,U++                cc=e4 a=00 b=00 dp=00 x=5392 y=0008 u=a348 s=1ff4  dt=64
d37a| ed81        STD   ,X++                cc=e4 a=00 b=00 dp=00 x=5394 y=0008 u=a348 s=1ff4  dt=64
d37c| 30890098    LEAX  $0098,X             cc=e0 a=00 b=00 dp=00 x=542c y=0008 u=a348 s=1ff4  dt=64
d380| 313f        LEAY  -1,Y                cc=e0 a=00 b=00 dp=00 x=542c y=0007 u=a348 s=1ff4  dt=40
d382| 26e8        BNE   $d36c               cc=e0 a=00 b=00 dp=00 x=542c y=0007 u=a348 s=1ff4  dt=24
d36c| ecc1        LDD   ,U++                cc=e4 a=00 b=00 dp=00 x=542c y=0007 u=a34a s=1ff4  dt=64
d36e| ed81        STD   ,X++                cc=e4 a=00 b=00 dp=00 x=542e y=0007 u=a34a s=1ff4  dt=64
d370| ecc1        LDD   ,U++                cc=e4 a=00 b=00 dp=00 x=542e y=0007 u=a34c s=1ff4  dt=64
d372| ed81        STD   ,X++                cc=e4 a=00 b=00 dp=00 x=5430 y=0007 u=a34c s=1ff4  dt=64
d374| ecc1        LDD   ,U++                cc=e4 a=00 b=00 dp=00 x=5430 y=0007 u=a34e s=1ff4  dt=64
d376| ed81        STD   ,X++                cc=e4 a=00 b=00 dp=00 x=5432 y=0007 u=a34e s=1ff4  dt=64
d378| ecc1        LDD   ,U++                cc=e4 a=00 b=00 dp=00 x=5432 y=0007 u=a350 s=1ff4  dt=64
d37a| ed81        STD   ,X++                cc=e4 a=00 b=00 dp=00 x=5434 y=0007 u=a350 s=1ff4  dt=64
d37c| 30890098    LEAX  $0098,X             cc=e0 a=00 b=00 dp=00 x=54cc y=0007 u=a350 s=1ff4  dt=64
d380| 313f        LEAY  -1,Y                cc=e0 a=00 b=00 dp=00 x=54cc y=0006 u=a350 s=1ff4  dt=40
d382| 26e8        BNE   $d36c               cc=e0 a=00 b=00 dp=00 x=54cc y=0006 u=a350 s=1ff4  dt=24
d36c| ecc1        LDD   ,U++                cc=e4 a=00 b=00 dp=00 x=54cc y=0006 u=a352 s=1ff4  dt=64
d36e| ed81        STD   ,X++                cc=e4 a=00 b=00 dp=00 x=54ce y=0006 u=a352 s=1ff4  dt=64
d370| ecc1        LDD   ,U++                cc=e4 a=00 b=00 dp=00 x=54ce y=0006 u=a354 s=1ff4  dt=64
d372| ed81        STD   ,X++                cc=e4 a=00 b=00 dp=00 x=54d0 y=0006 u=a354 s=1ff4  dt=64
d374| ecc1        LDD   ,U++                cc=e4 a=00 b=00 dp=00 x=54d0 y=0006 u=a356 s=1ff4  dt=64
d376| ed81        STD   ,X++                cc=e4 a=00 b=00 dp=00 x=54d2 y=0006 u=a356 s=1ff4  dt=64
d378| ecc1        LDD   ,U++                cc=e4 a=00 b=00 dp=00 x=54d2 y=0006 u=a358 s=1ff4  dt=64
d37a| ed81        STD   ,X++                cc=e4 a=00 b=00 dp=00 x=54d4 y=0006 u=a358 s=1ff4  dt=64
d37c| 30890098    LEAX  $0098,X             cc=e0 a=00 b=00 dp=00 x=556c y=0006 u=a358 s=1ff4  dt=64
d380| 313f        LEAY  -1,Y                cc=e0 a=00 b=00 dp=00 x=556c y=0005 u=a358 s=1ff4  dt=40
d382| 26e8        BNE   $d36c               cc=e0 a=00 b=00 dp=00 x=556c y=0005 u=a358 s=1ff4  dt=24
d36c| ecc1        LDD   ,U++                cc=e4 a=00 b=00 dp=00 x=556c y=0005 u=a35a s=1ff4  dt=64
d36e| ed81        STD   ,X++                cc=e4 a=00 b=00 dp=00 x=556e y=0005 u=a35a s=1ff4  dt=64
d370| ecc1        LDD   ,U++                cc=e4 a=00 b=00 dp=00 x=556e y=0005 u=a35c s=1ff4  dt=64
d372| ed81        STD   ,X++                cc=e4 a=00 b=00 dp=00 x=5570 y=0005 u=a35c s=1ff4  dt=64
d374| ecc1        LDD   ,U++                cc=e4 a=00 b=00 dp=00 x=5570 y=0005 u=a35e s=1ff4  dt=64
d376| ed81        STD   ,X++                cc=e4 a=00 b=00 dp=00 x=5572 y=0005 u=a35e s=1ff4  dt=64
d378| ecc1        LDD   ,U++                cc=e4 a=00 b=00 dp=00 x=5572 y=0005 u=a360 s=1ff4  dt=64
d37a| ed81        STD   ,X++                cc=e4 a=00 b=00 dp=00 x=5574 y=0005 u=a360 s=1ff4  dt=64
d37c| 30890098    LEAX  $0098,X             cc=e0 a=00 b=00 dp=00 x=560c y=0005 u=a360 s=1ff4  dt=64
d380| 313f        LEAY  -1,Y                cc=e0 a=00 b=00 dp=00 x=560c y=0004 u=a360 s=1ff4  dt=40
d382| 26e8        BNE   $d36c               cc=e0 a=00 b=00 dp=00 x=560c y=0004 u=a360 s=1ff4  dt=24
d36c| ecc1        LDD   ,U++                cc=e4 a=00 b=00 dp=00 x=560c y=0004 u=a362 s=1ff4  dt=64
d36e| ed81        STD   ,X++                cc=e4 a=00 b=00 dp=00 x=560e y=0004 u=a362 s=1ff4  dt=64
d370| ecc1        LDD   ,U++                cc=e4 a=00 b=00 dp=00 x=560e y=0004 u=a364 s=1ff4  dt=64
d372| ed81        STD   ,X++                cc=e4 a=00 b=00 dp=00 x=5610 y=0004 u=a364 s=1ff4  dt=64
d374| ecc1        LDD   ,U++                cc=e4 a=00 b=00 dp=00 x=5610 y=0004 u=a366 s=1ff4  dt=64
d376| ed81        STD   ,X++                cc=e4 a=00 b=00 dp=00 x=5612 y=0004 u=a366 s=1ff4  dt=64
d378| ecc1        LDD   ,U++                cc=e4 a=00 b=00 dp=00 x=5612 y=0004 u=a368 s=1ff4  dt=64
d37a| ed81        STD   ,X++                cc=e4 a=00 b=00 dp=00 x=5614 y=0004 u=a368 s=1ff4  dt=64
d37c| 30890098    LEAX  $0098,X             cc=e0 a=00 b=00 dp=00 x=56ac y=0004 u=a368 s=1ff4  dt=64
d380| 313f        LEAY  -1,Y                cc=e0 a=00 b=00 dp=00 x=56ac y=0003 u=a368 s=1ff4  dt=40
d382| 26e8        BNE   $d36c               cc=e0 a=00 b=00 dp=00 x=56ac y=0003 u=a368 s=1ff4  dt=24
d36c| ecc1        LDD   ,U++                cc=e4 a=00 b=00 dp=00 x=56ac y=0003 u=a36a s=1ff4  dt=64
d36e| ed81        STD   ,X++                cc=e4 a=00 b=00 dp=00 x=56ae y=0003 u=a36a s=1ff4  dt=64
d370| ecc1        LDD   ,U++                cc=e4 a=00 b=00 dp=00 x=56ae y=0003 u=a36c s=1ff4  dt=64
d372| ed81        STD   ,X++                cc=e4 a=00 b=00 dp=00 x=56b0 y=0003 u=a36c s=1ff4  dt=64
d374| ecc1        LDD   ,U++                cc=e4 a=00 b=00 dp=00 x=56b0 y=0003 u=a36e s=1ff4  dt=64
d376| ed81        STD   ,X++                cc=e4 a=00 b=00 dp=00 x=56b2 y=0003 u=a36e s=1ff4  dt=64
d378| ecc1        LDD   ,U++                cc=e4 a=00 b=00 dp=00 x=56b2 y=0003 u=a370 s=1ff4  dt=64
d37a| ed81        STD   ,X++                cc=e4 a=00 b=00 dp=00 x=56b4 y=0003 u=a370 s=1ff4  dt=64
d37c| 30890098    LEAX  $0098,X             cc=e0 a=00 b=00 dp=00 x=574c y=0003 u=a370 s=1ff4  dt=64
d380| 313f        LEAY  -1,Y                cc=e0 a=00 b=00 dp=00 x=574c y=0002 u=a370 s=1ff4  dt=40
d382| 26e8        BNE   $d36c               cc=e0 a=00 b=00 dp=00 x=574c y=0002 u=a370 s=1ff4  dt=24
d36c| ecc1        LDD   ,U++                cc=e4 a=00 b=00 dp=00 x=574c y=0002 u=a372 s=1ff4  dt=64
d36e| ed81        STD   ,X++                cc=e4 a=00 b=00 dp=00 x=574e y=0002 u=a372 s=1ff4  dt=64
d370| ecc1        LDD   ,U++                cc=e4 a=00 b=00 dp=00 x=574e y=0002 u=a374 s=1ff4  dt=64
d372| ed81        STD   ,X++                cc=e4 a=00 b=00 dp=00 x=5750 y=0002 u=a374 s=1ff4  dt=64
d374| ecc1        LDD   ,U++                cc=e4 a=00 b=00 dp=00 x=5750 y=0002 u=a376 s=1ff4  dt=64
d376| ed81        STD   ,X++                cc=e4 a=00 b=00 dp=00 x=5752 y=0002 u=a376 s=1ff4  dt=64
d378| ecc1        LDD   ,U++                cc=e4 a=00 b=00 dp=00 x=5752 y=0002 u=a378 s=1ff4  dt=64
d37a| ed81        STD   ,X++                cc=e4 a=00 b=00 dp=00 x=5754 y=0002 u=a378 s=1ff4  dt=64
d37c| 30890098    LEAX  $0098,X             cc=e0 a=00 b=00 dp=00 x=57ec y=0002 u=a378 s=1ff4  dt=64
d380| 313f        LEAY  -1,Y                cc=e0 a=00 b=00 dp=00 x=57ec y=0001 u=a378 s=1ff4  dt=40
d382| 26e8        BNE   $d36c               cc=e0 a=00 b=00 dp=00 x=57ec y=0001 u=a378 s=1ff4  dt=24
d36c| ecc1        LDD   ,U++                cc=e0 a=44 b=00 dp=00 x=57ec y=0001 u=a37a s=1ff4  dt=64
d36e| ed81        STD   ,X++                cc=e0 a=44 b=00 dp=00 x=57ee y=0001 u=a37a s=1ff4  dt=64
d370| ecc1        LDD   ,U++                cc=e4 a=00 b=00 dp=00 x=57ee y=0001 u=a37c s=1ff4  dt=64
d372| ed81        STD   ,X++                cc=e4 a=00 b=00 dp=00 x=57f0 y=0001 u=a37c s=1ff4  dt=64
d374| ecc1        LDD   ,U++                cc=e4 a=00 b=00 dp=00 x=57f0 y=0001 u=a37e s=1ff4  dt=64
d376| ed81        STD   ,X++                cc=e4 a=00 b=00 dp=00 x=57f2 y=0001 u=a37e s=1ff4  dt=64
d378| ecc1        LDD   ,U++                cc=e4 a=00 b=00 dp=00 x=57f2 y=0001 u=a380 s=1ff4  dt=64
d37a| ed81        STD   ,X++                cc=e4 a=00 b=00 dp=00 x=57f4 y=0001 u=a380 s=1ff4  dt=64
d37c| 30890098    LEAX  $0098,X             cc=e0 a=00 b=00 dp=00 x=588c y=0001 u=a380 s=1ff4  dt=64
d380| 313f        LEAY  -1,Y                cc=e4 a=00 b=00 dp=00 x=588c y=0000 u=a380 s=1ff4  dt=40
d382| 26e8        BNE   $d36c               cc=e4 a=00 b=00 dp=00 x=588c y=0000 u=a380 s=1ff4  dt=24
d384| 0f6a        CLR   <$6a                cc=e4 a=00 b=00 dp=00 x=588c y=0000 u=a380 s=1ff4  dt=48
d386| 39          RTS                       cc=e4 a=00 b=00 dp=00 x=588c y=0000 u=a380 s=1ff6  dt=40
0bfc| 3506        PULS  A,B                 cc=e4 a=4e b=8c dp=00 x=588c y=0000 u=a380 s=1ff8  dt=56
0bfe| dd0b        STD   <$0b                cc=e0 a=4e b=8c dp=00 x=588c y=0000 u=a380 s=1ff8  dt=40
0c00| 8601        LDA   #$01                cc=e0 a=01 b=8c dp=00 x=588c y=0000 u=a380 s=1ff8  dt=16
0c02| 9769        STA   <$69                cc=e0 a=01 b=8c dp=00 x=588c y=0000 u=a380 s=1ff8  dt=32
0c04| 8ea470      LDX   #$a470              cc=e8 a=01 b=8c dp=00 x=a470 y=0000 u=a380 s=1ff8  dt=24
0c07| 8604        LDA   #$04                cc=e0 a=04 b=8c dp=00 x=a470 y=0000 u=a380 s=1ff8  dt=16
0c09| 975d        STA   <$5d                cc=e0 a=04 b=8c dp=00 x=a470 y=0000 u=a380 s=1ff8  dt=32
0c0b| 8604        LDA   #$04                cc=e0 a=04 b=8c dp=00 x=a470 y=0000 u=a380 s=1ff8  dt=16
0c0d| 905d        SUBA  <$5d                cc=e4 a=00 b=8c dp=00 x=a470 y=0000 u=a380 s=1ff8  dt=32
0c0f| 108e1075    LDY   #$1075              cc=e0 a=00 b=8c dp=00 x=a470 y=1075 u=a380 s=1ff8  dt=32
0c13| e6a6        LDB   A,Y                 cc=e0 a=00 b=01 dp=00 x=a470 y=1075 u=a380 s=1ff8  dt=40
0c15| d486        ANDB  <$86                cc=e0 a=00 b=01 dp=00 x=a470 y=1075 u=a380 s=1ff8  dt=32
0c17| 2711        BEQ   $0c2a               cc=e0 a=00 b=01 dp=00 x=a470 y=1075 u=a380 s=1ff8  dt=24
0c19| 17045d      LBSR  $1079               cc=e0 a=00 b=01 dp=00 x=a470 y=1075 u=a380 s=1ff6  dt=72
1079| 8604        LDA   #$04                cc=e0 a=04 b=01 dp=00 x=a470 y=1075 u=a380 s=1ff6  dt=16
107b| 905d        SUBA  <$5d                cc=e4 a=00 b=01 dp=00 x=a470 y=1075 u=a380 s=1ff6  dt=32
107d| 48          LSLA                      cc=e4 a=00 b=01 dp=00 x=a470 y=1075 u=a380 s=1ff6  dt=16
107e| cea890      LDU   #$a890              cc=e8 a=00 b=01 dp=00 x=a470 y=1075 u=a890 s=1ff6  dt=24
1081| 33c6        LEAU  A,U                 cc=e8 a=00 b=01 dp=00 x=a470 y=1075 u=a890 s=1ff6  dt=40
1083| 39          RTS                       cc=e8 a=00 b=01 dp=00 x=a470 y=1075 u=a890 s=1ff8  dt=40
0c1c| ecc4        LDD   ,U                  cc=e0 a=2f b=cd dp=00 x=a470 y=1075 u=a890 s=1ff8  dt=40
0c1e| 3410        PSHS  X                   cc=e0 a=2f b=cd dp=00 x=a470 y=1075 u=a890 s=1ff6  dt=56
0c20| 1f01        TFR   D,X                 cc=e0 a=2f b=cd dp=00 x=2fcd y=1075 u=a890 s=1ff6  dt=48
0c22| 17045f      LBSR  $1084               cc=e0 a=2f b=cd dp=00 x=2fcd y=1075 u=a890 s=1ff4  dt=72
1084| 8604        LDA   #$04                cc=e0 a=04 b=cd dp=00 x=2fcd y=1075 u=a890 s=1ff4  dt=16
1086| 905d        SUBA  <$5d                cc=e4 a=00 b=cd dp=00 x=2fcd y=1075 u=a890 s=1ff4  dt=32
1088| c680        LDB   #$80                cc=e8 a=00 b=80 dp=00 x=2fcd y=1075 u=a890 s=1ff4  dt=16
108a| 3d          MUL                       cc=ec a=00 b=00 dp=00 x=2fcd y=1075 u=a890 s=1ff4  dt=88
108b| 0d90        TST   <$90                cc=e4 a=00 b=00 dp=00 x=2fcd y=1075 u=a890 s=1ff4  dt=48
108d| 2605        BNE   $1094               cc=e4 a=00 b=00 dp=00 x=2fcd y=1075 u=a890 s=1ff4  dt=24
108f| c3a690      ADDD  #$a690              cc=e8 a=a6 b=90 dp=00 x=2fcd y=1075 u=a890 s=1ff4  dt=32
1092| 2003        BRA   $1097               cc=e8 a=a6 b=90 dp=00 x=2fcd y=1075 u=a890 s=1ff4  dt=24
1097| 1f03        TFR   D,U                 cc=e8 a=a6 b=90 dp=00 x=2fcd y=1075 u=a690 s=1ff4  dt=48
1099| 39          RTS                       cc=e8 a=a6 b=90 dp=00 x=2fcd y=1075 u=a690 s=1ff6  dt=40
0c25| 1705cd      LBSR  $11f5               cc=e8 a=a6 b=90 dp=00 x=2fcd y=1075 u=a690 s=1ff4  dt=72
11f5| df9e        STU   <$9e                cc=e8 a=a6 b=90 dp=00 x=2fcd y=1075 u=a690 s=1ff4  dt=40
11f7| 17fea0      LBSR  $109a               cc=e8 a=a6 b=90 dp=00 x=2fcd y=1075 u=a690 s=1ff2  dt=72
109a| 8604        LDA   #$04                cc=e0 a=04 b=90 dp=00 x=2fcd y=1075 u=a690 s=1ff2  dt=16
109c| 905d        SUBA  <$5d                cc=e4 a=00 b=90 dp=00 x=2fcd y=1075 u=a690 s=1ff2  dt=32
109e| cea898      LDU   #$a898              cc=e8 a=00 b=90 dp=00 x=2fcd y=1075 u=a898 s=1ff2  dt=24
10a1| 33c6        LEAU  A,U                 cc=e8 a=00 b=90 dp=00 x=2fcd y=1075 u=a898 s=1ff2  dt=40
10a3| 39          RTS                       cc=e8 a=00 b=90 dp=00 x=2fcd y=1075 u=a898 s=1ff4  dt=40
11fa| a6c4        LDA   ,U                  cc=e4 a=00 b=90 dp=00 x=2fcd y=1075 u=a898 s=1ff4  dt=32
11fc| 979c        STA   <$9c                cc=e4 a=00 b=90 dp=00 x=2fcd y=1075 u=a898 s=1ff4  dt=32
11fe| 85f0        BITA  #$f0                cc=e4 a=00 b=90 dp=00 x=2fcd y=1075 u=a898 s=1ff4  dt=16
1200| 1026011c    LBNE  $1320               cc=e4 a=00 b=90 dp=00 x=2fcd y=1075 u=a898 s=1ff4  dt=40
1204| 8407        ANDA  #$07                cc=e4 a=00 b=90 dp=00 x=2fcd y=1075 u=a898 s=1ff4  dt=16
1206| 48          LSLA                      cc=e4 a=00 b=90 dp=00 x=2fcd y=1075 u=a898 s=1ff4  dt=16
1207| de9e        LDU   <$9e                cc=e8 a=00 b=90 dp=00 x=2fcd y=1075 u=a690 s=1ff4  dt=40
1209| 108e1212    LDY   #$1212              cc=e0 a=00 b=90 dp=00 x=2fcd y=1212 u=a690 s=1ff4  dt=32
120d| 10aea6      LDY   A,Y                 cc=e0 a=00 b=90 dp=00 x=2fcd y=1222 u=a690 s=1ff4  dt=56
1210| 6ea4        JMP   ,Y                  cc=e0 a=00 b=90 dp=00 x=2fcd y=1222 u=a690 s=1ff4  dt=24
1222| 108e0010    LDY   #$0010              cc=e0 a=00 b=90 dp=00 x=2fcd y=0010 u=a690 s=1ff4  dt=32
1226| ecc1        LDD   ,U++                cc=e0 a=44 b=44 dp=00 x=2fcd y=0010 u=a692 s=1ff4  dt=64
1228| ed81        STD   ,X++                cc=e0 a=44 b=44 dp=00 x=2fcf y=0010 u=a692 s=1ff4  dt=64
122a| ecc1        LDD   ,U++                cc=e0 a=44 b=44 dp=00 x=2fcf y=0010 u=a694 s=1ff4  dt=64
122c| ed81        STD   ,X++                cc=e0 a=44 b=44 dp=00 x=2fd1 y=0010 u=a694 s=1ff4  dt=64
122e| ecc1        LDD   ,U++                cc=e4 a=00 b=00 dp=00 x=2fd1 y=0010 u=a696 s=1ff4  dt=64
1230| ed81        STD   ,X++                cc=e4 a=00 b=00 dp=00 x=2fd3 y=0010 u=a696 s=1ff4  dt=64
1232| ecc1        LDD   ,U++                cc=e0 a=00 b=44 dp=00 x=2fd3 y=0010 u=a698 s=1ff4  dt=64
1234| ed81        STD   ,X++                cc=e0 a=00 b=44 dp=00 x=2fd5 y=0010 u=a698 s=1ff4  dt=64
1236| 30890098    LEAX  $0098,X             cc=e0 a=00 b=44 dp=00 x=306d y=0010 u=a698 s=1ff4  dt=64
123a| 313f        LEAY  -1,Y                cc=e0 a=00 b=44 dp=00 x=306d y=000f u=a698 s=1ff4  dt=40
123c| 26e8        BNE   $1226               cc=e0 a=00 b=44 dp=00 x=306d y=000f u=a698 s=1ff4  dt=24
1226| ecc1        LDD   ,U++                cc=e4 a=00 b=00 dp=00 x=306d y=000f u=a69a s=1ff4  dt=64
1228| ed81        STD   ,X++                cc=e4 a=00 b=00 dp=00 x=306f y=000f u=a69a s=1ff4  dt=64
122a| ecc1        LDD   ,U++                cc=e4 a=00 b=00 dp=00 x=306f y=000f u=a69c s=1ff4  dt=64
122c| ed81        STD   ,X++                cc=e4 a=00 b=00 dp=00 x=3071 y=000f u=a69c s=1ff4  dt=64
122e| ecc1        LDD   ,U++                cc=e4 a=00 b=00 dp=00 x=3071 y=000f u=a69e s=1ff4  dt=64
1230| ed81        STD   ,X++                cc=e4 a=00 b=00 dp=00 x=3073 y=000f u=a69e s=1ff4  dt=64
1232| ecc1        LDD   ,U++                cc=e4 a=00 b=00 dp=00 x=3073 y=000f u=a6a0 s=1ff4  dt=64
1234| ed81        STD   ,X++                cc=e4 a=00 b=00 dp=00 x=3075 y=000f u=a6a0 s=1ff4  dt=64
1236| 30890098    LEAX  $0098,X             cc=e0 a=00 b=00 dp=00 x=310d y=000f u=a6a0 s=1ff4  dt=64
123a| 313f        LEAY  -1,Y                cc=e0 a=00 b=00 dp=00 x=310d y=000e u=a6a0 s=1ff4  dt=40
123c| 26e8        BNE   $1226               cc=e0 a=00 b=00 dp=00 x=310d y=000e u=a6a0 s=1ff4  dt=24
1226| ecc1        LDD   ,U++                cc=e4 a=00 b=00 dp=00 x=310d y=000e u=a6a2 s=1ff4  dt=64
1228| ed81        STD   ,X++                cc=e4 a=00 b=00 dp=00 x=310f y=000e u=a6a2 s=1ff4  dt=64
122a| ecc1        LDD   ,U++                cc=e4 a=00 b=00 dp=00 x=310f y=000e u=a6a4 s=1ff4  dt=64
122c| ed81        STD   ,X++                cc=e4 a=00 b=00 dp=00 x=3111 y=000e u=a6a4 s=1ff4  dt=64
122e| ecc1        LDD   ,U++                cc=e4 a=00 b=00 dp=00 x=3111 y=000e u=a6a6 s=1ff4  dt=64
1230| ed81        STD   ,X++                cc=e4 a=00 b=00 dp=00 x=3113 y=000e u=a6a6 s=1ff4  dt=64
1232| ecc1        LDD   ,U++                cc=e4 a=00 b=00 dp=00 x=3113 y=000e u=a6a8 s=1ff4  dt=64
1234| ed81        STD   ,X++                cc=e4 a=00 b=00 dp=00 x=3115 y=000e u=a6a8 s=1ff4  dt=64
1236| 30890098    LEAX  $0098,X             cc=e0 a=00 b=00 dp=00 x=31ad y=000e u=a6a8 s=1ff4  dt=64
123a| 313f        LEAY  -1,Y                cc=e0 a=00 b=00 dp=00 x=31ad y=000d u=a6a8 s=1ff4  dt=40
123c| 26e8        BNE   $1226               cc=e0 a=00 b=00 dp=00 x=31ad y=000d u=a6a8 s=1ff4  dt=24
1226| ecc1        LDD   ,U++                cc=e4 a=00 b=00 dp=00 x=31ad y=000d u=a6aa s=1ff4  dt=64
1228| ed81        STD   ,X++                cc=e4 a=00 b=00 dp=00 x=31af y=000d u=a6aa s=1ff4  dt=64
122a| ecc1        LDD   ,U++                cc=e4 a=00 b=00 dp=00 x=31af y=000d u=a6ac s=1ff4  dt=64
122c| ed81        STD   ,X++                cc=e4 a=00 b=00 dp=00 x=31b1 y=000d u=a6ac s=1ff4  dt=64
122e| ecc1        LDD   ,U++                cc=e4 a=00 b=00 dp=00 x=31b1 y=000d u=a6ae s=1ff4  dt=64
1230| ed81        STD   ,X++                cc=e4 a=00 b=00 dp=00 x=31b3 y=000d u=a6ae s=1ff4  dt=64
1232| ecc1        LDD   ,U++                cc=e4 a=00 b=00 dp=00 x=31b3 y=000d u=a6b0 s=1ff4  dt=64
1234| ed81        STD   ,X++                cc=e4 a=00 b=00 dp=00 x=31b5 y=000d u=a6b0 s=1ff4  dt=64
1236| 30890098    LEAX  $0098,X             cc=e0 a=00 b=00 dp=00 x=324d y=000d u=a6b0 s=1ff4  dt=64
123a| 313f        LEAY  -1,Y                cc=e0 a=00 b=00 dp=00 x=324d y=000c u=a6b0 s=1ff4  dt=40
123c| 26e8        BNE   $1226               cc=e0 a=00 b=00 dp=00 x=324d y=000c u=a6b0 s=1ff4  dt=24
1226| ecc1        LDD   ,U++                cc=e4 a=00 b=00 dp=00 x=324d y=000c u=a6b2 s=1ff4  dt=64
1228| ed81        STD   ,X++                cc=e4 a=00 b=00 dp=00 x=324f y=000c u=a6b2 s=1ff4  dt=64
122a| ecc1        LDD   ,U++                cc=e4 a=00 b=00 dp=00 x=324f y=000c u=a6b4 s=1ff4  dt=64
122c| ed81        STD   ,X++                cc=e4 a=00 b=00 dp=00 x=3251 y=000c u=a6b4 s=1ff4  dt=64
122e| ecc1        LDD   ,U++                cc=e4 a=00 b=00 dp=00 x=3251 y=000c u=a6b6 s=1ff4  dt=64
1230| ed81        STD   ,X++                cc=e4 a=00 b=00 dp=00 x=3253 y=000c u=a6b6 s=1ff4  dt=64
1232| ecc1        LDD   ,U++                cc=e4 a=00 b=00 dp=00 x=3253 y=000c u=a6b8 s=1ff4  dt=64
1234| ed81        STD   ,X++                cc=e4 a=00 b=00 dp=00 x=3255 y=000c u=a6b8 s=1ff4  dt=64
1236| 30890098    LEAX  $0098,X             cc=e0 a=00 b=00 dp=00 x=32ed y=000c u=a6b8 s=1ff4  dt=64
123a| 313f        LEAY  -1,Y                cc=e0 a=00 b=00 dp=00 x=32ed y=000b u=a6b8 s=1ff4  dt=40
123c| 26e8        BNE   $1226               cc=e0 a=00 b=00 dp=00 x=32ed y=000b u=a6b8 s=1ff4  dt=24
1226| ecc1        LDD   ,U++                cc=e4 a=00 b=00 dp=00 x=32ed y=000b u=a6ba s=1ff4  dt=64
1228| ed81        STD   ,X++                cc=e4 a=00 b=00 dp=00 x=32ef y=000b u=a6ba s=1ff4  dt=64
122a| ecc1        LDD   ,U++                cc=e4 a=00 b=00 dp=00 x=32ef y=000b u=a6bc s=1ff4  dt=64
122c| ed81        STD   ,X++                cc=e4 a=00 b=00 dp=00 x=32f1 y=000b u=a6bc s=1ff4  dt=64
122e| ecc1        LDD   ,U++                cc=e4 a=00 b=00 dp=00 x=32f1 y=000b u=a6be s=1ff4  dt=64
1230| ed81        STD   ,X++                cc=e4 a=00 b=00 dp=00 x=32f3 y=000b u=a6be s=1ff4  dt=64
1232| ecc1        LDD   ,U++                cc=e4 a=00 b=00 dp=00 x=32f3 y=000b u=a6c0 s=1ff4  dt=64
1234| ed81        STD   ,X++                cc=e4 a=00 b=00 dp=00 x=32f5 y=000b u=a6c0 s=1ff4  dt=64
1236| 30890098    LEAX  $0098,X             cc=e0 a=00 b=00 dp=00 x=338d y=000b u=a6c0 s=1ff4  dt=64
123a| 313f        LEAY  -1,Y                cc=e0 a=00 b=00 dp=00 x=338d y=000a u=a6c0 s=1ff4  dt=40
123c| 26e8        BNE   $1226               cc=e0 a=00 b=00 dp=00 x=338d y=000a u=a6c0 s=1ff4  dt=24
1226| ecc1        LDD   ,U++                cc=e4 a=00 b=00 dp=00 x=338d y=000a u=a6c2 s=1ff4  dt=64
1228| ed81        STD   ,X++                cc=e4 a=00 b=00 dp=00 x=338f y=000a u=a6c2 s=1ff4  dt=64
122a| ecc1        LDD   ,U++                cc=e4 a=00 b=00 dp=00 x=338f y=000a u=a6c4 s=1ff4  dt=64
122c| ed81        STD   ,X++                cc=e4 a=00 b=00 dp=00 x=3391 y=000a u=a6c4 s=1ff4  dt=64
122e| ecc1        LDD   ,U++                cc=e4 a=00 b=00 dp=00 x=3391 y=000a u=a6c6 s=1ff4  dt=64
1230| ed81        STD   ,X++                cc=e4 a=00 b=00 dp=00 x=3393 y=000a u=a6c6 s=1ff4  dt=64
1232| ecc1        LDD   ,U++                cc=e4 a=00 b=00 dp=00 x=3393 y=000a u=a6c8 s=1ff4  dt=64
1234| ed81        STD   ,X++                cc=e4 a=00 b=00 dp=00 x=3395 y=000a u=a6c8 s=1ff4  dt=64
1236| 30890098    LEAX  $0098,X             cc=e0 a=00 b=00 dp=00 x=342d y=000a u=a6c8 s=1ff4  dt=64
123a| 313f        LEAY  -1,Y                cc=e0 a=00 b=00 dp=00 x=342d y=0009 u=a6c8 s=1ff4  dt=40
123c| 26e8        BNE   $1226               cc=e0 a=00 b=00 dp=00 x=342d y=0009 u=a6c8 s=1ff4  dt=24
1226| ecc1        LDD   ,U++                cc=e8 a=b0 b=00 dp=00 x=342d y=0009 u=a6ca s=1ff4  dt=64
1228| ed81        STD   ,X++                cc=e8 a=b0 b=00 dp=00 x=342f y=0009 u=a6ca s=1ff4  dt=64
122a| ecc1        LDD   ,U++                cc=e4 a=00 b=00 dp=00 x=342f y=0009 u=a6cc s=1ff4  dt=64
122c| ed81        STD   ,X++                cc=e4 a=00 b=00 dp=00 x=3431 y=0009 u=a6cc s=1ff4  dt=64
122e| ecc1        LDD   ,U++                cc=e4 a=00 b=00 dp=00 x=3431 y=0009 u=a6ce s=1ff4  dt=64
1230| ed81        STD   ,X++                cc=e4 a=00 b=00 dp=00 x=3433 y=0009 u=a6ce s=1ff4  dt=64
1232| ecc1        LDD   ,U++                cc=e0 a=00 b=b0 dp=00 x=3433 y=0009 u=a6d0 s=1ff4  dt=64
1234| ed81        STD   ,X++                cc=e0 a=00 b=b0 dp=00 x=3435 y=0009 u=a6d0 s=1ff4  dt=64
1236| 30890098    LEAX  $0098,X             cc=e0 a=00 b=b0 dp=00 x=34cd y=0009 u=a6d0 s=1ff4  dt=64
123a| 313f        LEAY  -1,Y                cc=e0 a=00 b=b0 dp=00 x=34cd y=0008 u=a6d0 s=1ff4  dt=40
123c| 26e8        BNE   $1226               cc=e0 a=00 b=b0 dp=00 x=34cd y=0008 u=a6d0 s=1ff4  dt=24
1226| ecc1        LDD   ,U++                cc=e4 a=00 b=00 dp=00 x=34cd y=0008 u=a6d2 s=1ff4  dt=64
1228| ed81        STD   ,X++                cc=e4 a=00 b=00 dp=00 x=34cf y=0008 u=a6d2 s=1ff4  dt=64
122a| ecc1        LDD   ,U++                cc=e4 a=00 b=00 dp=00 x=34cf y=0008 u=a6d4 s=1ff4  dt=64
122c| ed81        STD   ,X++                cc=e4 a=00 b=00 dp=00 x=34d1 y=0008 u=a6d4 s=1ff4  dt=64
122e| ecc1        LDD   ,U++                cc=e4 a=00 b=00 dp=00 x=34d1 y=0008 u=a6d6 s=1ff4  dt=64
1230| ed81        STD   ,X++                cc=e4 a=00 b=00 dp=00 x=34d3 y=0008 u=a6d6 s=1ff4  dt=64
1232| ecc1        LDD   ,U++                cc=e0 a=00 b=06 dp=00 x=34d3 y=0008 u=a6d8 s=1ff4  dt=64
1234| ed81        STD   ,X++                cc=e0 a=00 b=06 dp=00 x=34d5 y=0008 u=a6d8 s=1ff4  dt=64
1236| 30890098    LEAX  $0098,X             cc=e0 a=00 b=06 dp=00 x=356d y=0008 u=a6d8 s=1ff4  dt=64
123a| 313f        LEAY  -1,Y                cc=e0 a=00 b=06 dp=00 x=356d y=0007 u=a6d8 s=1ff4  dt=40
123c| 26e8        BNE   $1226               cc=e0 a=00 b=06 dp=00 x=356d y=0007 u=a6d8 s=1ff4  dt=24
1226| ecc1        LDD   ,U++                cc=e8 a=b0 b=00 dp=00 x=356d y=0007 u=a6da s=1ff4  dt=64
1228| ed81        STD   ,X++                cc=e8 a=b0 b=00 dp=00 x=356f y=0007 u=a6da s=1ff4  dt=64
122a| ecc1        LDD   ,U++                cc=e4 a=00 b=00 dp=00 x=356f y=0007 u=a6dc s=1ff4  dt=64
122c| ed81        STD   ,X++                cc=e4 a=00 b=00 dp=00 x=3571 y=0007 u=a6dc s=1ff4  dt=64
122e| ecc1        LDD   ,U++                cc=e4 a=00 b=00 dp=00 x=3571 y=0007 u=a6de s=1ff4  dt=64
1230| ed81        STD   ,X++                cc=e4 a=00 b=00 dp=00 x=3573 y=0007 u=a6de s=1ff4  dt=64
1232| ecc1        LDD   ,U++                cc=e0 a=00 b=b0 dp=00 x=3573 y=0007 u=a6e0 s=1ff4  dt=64
1234| ed81        STD   ,X++                cc=e0 a=00 b=b0 dp=00 x=3575 y=0007 u=a6e0 s=1ff4  dt=64
1236| 30890098    LEAX  $0098,X             cc=e0 a=00 b=b0 dp=00 x=360d y=0007 u=a6e0 s=1ff4  dt=64
123a| 313f        LEAY  -1,Y                cc=e0 a=00 b=b0 dp=00 x=360d y=0006 u=a6e0 s=1ff4  dt=40
123c| 26e8        BNE   $1226               cc=e0 a=00 b=b0 dp=00 x=360d y=0006 u=a6e0 s=1ff4  dt=24
1226| ecc1        LDD   ,U++                cc=e4 a=00 b=00 dp=00 x=360d y=0006 u=a6e2 s=1ff4  dt=64
1228| ed81        STD   ,X++                cc=e4 a=00 b=00 dp=00 x=360f y=0006 u=a6e2 s=1ff4  dt=64
122a| ecc1        LDD   ,U++                cc=e4 a=00 b=00 dp=00 x=360f y=0006 u=a6e4 s=1ff4  dt=64
122c| ed81        STD   ,X++                cc=e4 a=00 b=00 dp=00 x=3611 y=0006 u=a6e4 s=1ff4  dt=64
122e| ecc1        LDD   ,U++                cc=e4 a=00 b=00 dp=00 x=3611 y=0006 u=a6e6 s=1ff4  dt=64
1230| ed81        STD   ,X++                cc=e4 a=00 b=00 dp=00 x=3613 y=0006 u=a6e6 s=1ff4  dt=64
1232| ecc1        LDD   ,U++                cc=e4 a=00 b=00 dp=00 x=3613 y=0006 u=a6e8 s=1ff4  dt=64
1234| ed81        STD   ,X++                cc=e4 a=00 b=00 dp=00 x=3615 y=0006 u=a6e8 s=1ff4  dt=64
1236| 30890098    LEAX  $0098,X             cc=e0 a=00 b=00 dp=00 x=36ad y=0006 u=a6e8 s=1ff4  dt=64
123a| 313f        LEAY  -1,Y                cc=e0 a=00 b=00 dp=00 x=36ad y=0005 u=a6e8 s=1ff4  dt=40
123c| 26e8        BNE   $1226               cc=e0 a=00 b=00 dp=00 x=36ad y=0005 u=a6e8 s=1ff4  dt=24
1226| ecc1        LDD   ,U++                cc=e4 a=00 b=00 dp=00 x=36ad y=0005 u=a6ea s=1ff4  dt=64
1228| ed81        STD   ,X++                cc=e4 a=00 b=00 dp=00 x=36af y=0005 u=a6ea s=1ff4  dt=64
122a| ecc1        LDD   ,U++                cc=e4 a=00 b=00 dp=00 x=36af y=0005 u=a6ec s=1ff4  dt=64
122c| ed81        STD   ,X++                cc=e4 a=00 b=00 dp=00 x=36b1 y=0005 u=a6ec s=1ff4  dt=64
122e| ecc1        LDD   ,U++                cc=e4 a=00 b=00 dp=00 x=36b1 y=0005 u=a6ee s=1ff4  dt=64
1230| ed81        STD   ,X++                cc=e4 a=00 b=00 dp=00 x=36b3 y=0005 u=a6ee s=1ff4  dt=64
1232| ecc1        LDD   ,U++                cc=e4 a=00 b=00 dp=00 x=36b3 y=0005 u=a6f0 s=1ff4  dt=64
1234| ed81        STD   ,X++                cc=e4 a=00 b=00 dp=00 x=36b5 y=0005 u=a6f0 s=1ff4  dt=64
1236| 30890098    LEAX  $0098,X             cc=e0 a=00 b=00 dp=00 x=374d y=0005 u=a6f0 s=1ff4  dt=64
123a| 313f        LEAY  -1,Y                cc=e0 a=00 b=00 dp=00 x=374d y=0004 u=a6f0 s=1ff4  dt=40
123c| 26e8        BNE   $1226               cc=e0 a=00 b=00 dp=00 x=374d y=0004 u=a6f0 s=1ff4  dt=24
1226| ecc1        LDD   ,U++                cc=e4 a=00 b=00 dp=00 x=374d y=0004 u=a6f2 s=1ff4  dt=64
1228| ed81        STD   ,X++                cc=e4 a=00 b=00 dp=00 x=374f y=0004 u=a6f2 s=1ff4  dt=64
122a| ecc1        LDD   ,U++                cc=e4 a=00 b=00 dp=00 x=374f y=0004 u=a6f4 s=1ff4  dt=64
122c| ed81        STD   ,X++                cc=e4 a=00 b=00 dp=00 x=3751 y=0004 u=a6f4 s=1ff4  dt=64
122e| ecc1        LDD   ,U++                cc=e4 a=00 b=00 dp=00 x=3751 y=0004 u=a6f6 s=1ff4  dt=64
1230| ed81        STD   ,X++                cc=e4 a=00 b=00 dp=00 x=3753 y=0004 u=a6f6 s=1ff4  dt=64
1232| ecc1        LDD   ,U++                cc=e4 a=00 b=00 dp=00 x=3753 y=0004 u=a6f8 s=1ff4  dt=64
1234| ed81        STD   ,X++                cc=e4 a=00 b=00 dp=00 x=3755 y=0004 u=a6f8 s=1ff4  dt=64
1236| 30890098    LEAX  $0098,X             cc=e0 a=00 b=00 dp=00 x=37ed y=0004 u=a6f8 s=1ff4  dt=64
123a| 313f        LEAY  -1,Y                cc=e0 a=00 b=00 dp=00 x=37ed y=0003 u=a6f8 s=1ff4  dt=40
123c| 26e8        BNE   $1226               cc=e0 a=00 b=00 dp=00 x=37ed y=0003 u=a6f8 s=1ff4  dt=24
1226| ecc1        LDD   ,U++                cc=e4 a=00 b=00 dp=00 x=37ed y=0003 u=a6fa s=1ff4  dt=64
1228| ed81        STD   ,X++                cc=e4 a=00 b=00 dp=00 x=37ef y=0003 u=a6fa s=1ff4  dt=64
122a| ecc1        LDD   ,U++                cc=e4 a=00 b=00 dp=00 x=37ef y=0003 u=a6fc s=1ff4  dt=64
122c| ed81        STD   ,X++                cc=e4 a=00 b=00 dp=00 x=37f1 y=0003 u=a6fc s=1ff4  dt=64
122e| ecc1        LDD   ,U++                cc=e4 a=00 b=00 dp=00 x=37f1 y=0003 u=a6fe s=1ff4  dt=64
1230| ed81        STD   ,X++                cc=e4 a=00 b=00 dp=00 x=37f3 y=0003 u=a6fe s=1ff4  dt=64
1232| ecc1        LDD   ,U++                cc=e4 a=00 b=00 dp=00 x=37f3 y=0003 u=a700 s=1ff4  dt=64
1234| ed81        STD   ,X++                cc=e4 a=00 b=00 dp=00 x=37f5 y=0003 u=a700 s=1ff4  dt=64
1236| 30890098    LEAX  $0098,X             cc=e0 a=00 b=00 dp=00 x=388d y=0003 u=a700 s=1ff4  dt=64
123a| 313f        LEAY  -1,Y                cc=e0 a=00 b=00 dp=00 x=388d y=0002 u=a700 s=1ff4  dt=40
123c| 26e8        BNE   $1226               cc=e0 a=00 b=00 dp=00 x=388d y=0002 u=a700 s=1ff4  dt=24
1226| ecc1        LDD   ,U++                cc=e4 a=00 b=00 dp=00 x=388d y=0002 u=a702 s=1ff4  dt=64
1228| ed81        STD   ,X++                cc=e4 a=00 b=00 dp=00 x=388f y=0002 u=a702 s=1ff4  dt=64
122a| ecc1        LDD   ,U++                cc=e4 a=00 b=00 dp=00 x=388f y=0002 u=a704 s=1ff4  dt=64
122c| ed81        STD   ,X++                cc=e4 a=00 b=00 dp=00 x=3891 y=0002 u=a704 s=1ff4  dt=64
122e| ecc1        LDD   ,U++                cc=e4 a=00 b=00 dp=00 x=3891 y=0002 u=a706 s=1ff4  dt=64
1230| ed81        STD   ,X++                cc=e4 a=00 b=00 dp=00 x=3893 y=0002 u=a706 s=1ff4  dt=64
1232| ecc1        LDD   ,U++                cc=e4 a=00 b=00 dp=00 x=3893 y=0002 u=a708 s=1ff4  dt=64
1234| ed81        STD   ,X++                cc=e4 a=00 b=00 dp=00 x=3895 y=0002 u=a708 s=1ff4  dt=64
1236| 30890098    LEAX  $0098,X             cc=e0 a=00 b=00 dp=00 x=392d y=0002 u=a708 s=1ff4  dt=64
123a| 313f        LEAY  -1,Y                cc=e0 a=00 b=00 dp=00 x=392d y=0001 u=a708 s=1ff4  dt=40
123c| 26e8        BNE   $1226               cc=e0 a=00 b=00 dp=00 x=392d y=0001 u=a708 s=1ff4  dt=24
1226| ecc1        LDD   ,U++                cc=e4 a=00 b=00 dp=00 x=392d y=0001 u=a70a s=1ff4  dt=64
1228| ed81        STD   ,X++                cc=e4 a=00 b=00 dp=00 x=392f y=0001 u=a70a s=1ff4  dt=64
122a| ecc1        LDD   ,U++                cc=e0 a=00 b=44 dp=00 x=392f y=0001 u=a70c s=1ff4  dt=64
122c| ed81        STD   ,X++                cc=e0 a=00 b=44 dp=00 x=3931 y=0001 u=a70c s=1ff4  dt=64
122e| ecc1        LDD   ,U++                cc=e4 a=00 b=00 dp=00 x=3931 y=0001 u=a70e s=1ff4  dt=64
1230| ed81        STD   ,X++                cc=e4 a=00 b=00 dp=00 x=3933 y=0001 u=a70e s=1ff4  dt=64
1232| ecc1        LDD   ,U++                cc=e4 a=00 b=00 dp=00 x=3933 y=0001 u=a710 s=1ff4  dt=64
1234| ed81        STD   ,X++                cc=e4 a=00 b=00 dp=00 x=3935 y=0001 u=a710 s=1ff4  dt=64
1236| 30890098    LEAX  $0098,X             cc=e0 a=00 b=00 dp=00 x=39cd y=0001 u=a710 s=1ff4  dt=64
123a| 313f        LEAY  -1,Y                cc=e4 a=00 b=00 dp=00 x=39cd y=0000 u=a710 s=1ff4  dt=40
123c| 26e8        BNE   $1226               cc=e4 a=00 b=00 dp=00 x=39cd y=0000 u=a710 s=1ff4  dt=24
123e| 39          RTS                       cc=e4 a=00 b=00 dp=00 x=39cd y=0000 u=a710 s=1ff6  dt=40
0c28| 3510        PULS  X                   cc=e4 a=00 b=00 dp=00 x=a470 y=0000 u=a710 s=1ff8  dt=56
0c2a| 3008        LEAX  8,X                 cc=e0 a=00 b=00 dp=00 x=a478 y=0000 u=a710 s=1ff8  dt=40
0c2c| 0a5d        DEC   <$5d                cc=e0 a=00 b=00 dp=00 x=a478 y=0000 u=a710 s=1ff8  dt=48
0c2e| 26db        BNE   $0c0b               cc=e0 a=00 b=00 dp=00 x=a478 y=0000 u=a710 s=1ff8  dt=24
0c0b| 8604        LDA   #$04                cc=e0 a=04 b=00 dp=00 x=a478 y=0000 u=a710 s=1ff8  dt=16
0c0d| 905d        SUBA  <$5d                cc=e0 a=01 b=00 dp=00 x=a478 y=0000 u=a710 s=1ff8  dt=32
0c0f| 108e1075    LDY   #$1075              cc=e0 a=01 b=00 dp=00 x=a478 y=1075 u=a710 s=1ff8  dt=32
0c13| e6a6        LDB   A,Y                 cc=e0 a=01 b=02 dp=00 x=a478 y=1075 u=a710 s=1ff8  dt=40
0c15| d486        ANDB  <$86                cc=e0 a=01 b=02 dp=00 x=a478 y=1075 u=a710 s=1ff8  dt=32
0c17| 2711        BEQ   $0c2a               cc=e0 a=01 b=02 dp=00 x=a478 y=1075 u=a710 s=1ff8  dt=24
0c19| 17045d      LBSR  $1079               cc=e0 a=01 b=02 dp=00 x=a478 y=1075 u=a710 s=1ff6  dt=72
1079| 8604        LDA   #$04                cc=e0 a=04 b=02 dp=00 x=a478 y=1075 u=a710 s=1ff6  dt=16
107b| 905d        SUBA  <$5d                cc=e0 a=01 b=02 dp=00 x=a478 y=1075 u=a710 s=1ff6  dt=32
107d| 48          LSLA                      cc=e0 a=02 b=02 dp=00 x=a478 y=1075 u=a710 s=1ff6  dt=16
107e| cea890      LDU   #$a890              cc=e8 a=02 b=02 dp=00 x=a478 y=1075 u=a890 s=1ff6  dt=24
1081| 33c6        LEAU  A,U                 cc=e8 a=02 b=02 dp=00 x=a478 y=1075 u=a892 s=1ff6  dt=40
1083| 39          RTS                       cc=e8 a=02 b=02 dp=00 x=a478 y=1075 u=a892 s=1ff8  dt=40
0c1c| ecc4        LDD   ,U                  cc=e0 a=2f b=ed dp=00 x=a478 y=1075 u=a892 s=1ff8  dt=40
0c1e| 3410        PSHS  X                   cc=e0 a=2f b=ed dp=00 x=a478 y=1075 u=a892 s=1ff6  dt=56
0c20| 1f01        TFR   D,X                 cc=e0 a=2f b=ed dp=00 x=2fed y=1075 u=a892 s=1ff6  dt=48
0c22| 17045f      LBSR  $1084               cc=e0 a=2f b=ed dp=00 x=2fed y=1075 u=a892 s=1ff4  dt=72
1084| 8604        LDA   #$04                cc=e0 a=04 b=ed dp=00 x=2fed y=1075 u=a892 s=1ff4  dt=16
1086| 905d        SUBA  <$5d                cc=e0 a=01 b=ed dp=00 x=2fed y=1075 u=a892 s=1ff4  dt=32
1088| c680        LDB   #$80                cc=e8 a=01 b=80 dp=00 x=2fed y=1075 u=a892 s=1ff4  dt=16
108a| 3d          MUL                       cc=e9 a=00 b=80 dp=00 x=2fed y=1075 u=a892 s=1ff4  dt=88
108b| 0d90        TST   <$90                cc=e5 a=00 b=80 dp=00 x=2fed y=1075 u=a892 s=1ff4  dt=48
108d| 2605        BNE   $1094               cc=e5 a=00 b=80 dp=00 x=2fed y=1075 u=a892 s=1ff4  dt=24
108f| c3a690      ADDD  #$a690              cc=e8 a=a7 b=10 dp=00 x=2fed y=1075 u=a892 s=1ff4  dt=32
1092| 2003        BRA   $1097               cc=e8 a=a7 b=10 dp=00 x=2fed y=1075 u=a892 s=1ff4  dt=24
1097| 1f03        TFR   D,U                 cc=e8 a=a7 b=10 dp=00 x=2fed y=1075 u=a710 s=1ff4  dt=48
1099| 39          RTS                       cc=e8 a=a7 b=10 dp=00 x=2fed y=1075 u=a710 s=1ff6  dt=40
0c25| 1705cd      LBSR  $11f5               cc=e8 a=a7 b=10 dp=00 x=2fed y=1075 u=a710 s=1ff4  dt=72
11f5| df9e        STU   <$9e                cc=e8 a=a7 b=10 dp=00 x=2fed y=1075 u=a710 s=1ff4  dt=40
11f7| 17fea0      LBSR  $109a               cc=e8 a=a7 b=10 dp=00 x=2fed y=1075 u=a710 s=1ff2  dt=72
109a| 8604        LDA   #$04                cc=e0 a=04 b=10 dp=00 x=2fed y=1075 u=a710 s=1ff2  dt=16
109c| 905d        SUBA  <$5d                cc=e0 a=01 b=10 dp=00 x=2fed y=1075 u=a710 s=1ff2  dt=32
109e| cea898      LDU   #$a898              cc=e8 a=01 b=10 dp=00 x=2fed y=1075 u=a898 s=1ff2  dt=24
10a1| 33c6        LEAU  A,U                 cc=e8 a=01 b=10 dp=00 x=2fed y=1075 u=a899 s=1ff2  dt=40
10a3| 39          RTS                       cc=e8 a=01 b=10 dp=00 x=2fed y=1075 u=a899 s=1ff4  dt=40
11fa| a6c4        LDA   ,U                  cc=e4 a=00 b=10 dp=00 x=2fed y=1075 u=a899 s=1ff4  dt=32
11fc| 979c        STA   <$9c                cc=e4 a=00 b=10 dp=00 x=2fed y=1075 u=a899 s=1ff4  dt=32
11fe| 85f0        BITA  #$f0                cc=e4 a=00 b=10 dp=00 x=2fed y=1075 u=a899 s=1ff4  dt=16
1200| 1026011c    LBNE  $1320               cc=e4 a=00 b=10 dp=00 x=2fed y=1075 u=a899 s=1ff4  dt=40
1204| 8407        ANDA  #$07                cc=e4 a=00 b=10 dp=00 x=2fed y=1075 u=a899 s=1ff4  dt=16
1206| 48          LSLA                      cc=e4 a=00 b=10 dp=00 x=2fed y=1075 u=a899 s=1ff4  dt=16
1207| de9e        LDU   <$9e                cc=e8 a=00 b=10 dp=00 x=2fed y=1075 u=a710 s=1ff4  dt=40
1209| 108e1212    LDY   #$1212              cc=e0 a=00 b=10 dp=00 x=2fed y=1212 u=a710 s=1ff4  dt=32
120d| 10aea6      LDY   A,Y                 cc=e0 a=00 b=10 dp=00 x=2fed y=1222 u=a710 s=1ff4  dt=56
1210| 6ea4        JMP   ,Y                  cc=e0 a=00 b=10 dp=00 x=2fed y=1222 u=a710 s=1ff4  dt=24
1222| 108e0010    LDY   #$0010              cc=e0 a=00 b=10 dp=00 x=2fed y=0010 u=a710 s=1ff4  dt=32
1226| ecc1        LDD   ,U++                cc=e4 a=00 b=00 dp=00 x=2fed y=0010 u=a712 s=1ff4  dt=64
1228| ed81        STD   ,X++                cc=e4 a=00 b=00 dp=00 x=2fef y=0010 u=a712 s=1ff4  dt=64
122a| ecc1        LDD   ,U++                cc=e0 a=00 b=44 dp=00 x=2fef y=0010 u=a714 s=1ff4  dt=64
122c| ed81        STD   ,X++                cc=e0 a=00 b=44 dp=00 x=2ff1 y=0010 u=a714 s=1ff4  dt=64
122e| ecc1        LDD   ,U++                cc=e0 a=44 b=44 dp=00 x=2ff1 y=0010 u=a716 s=1ff4  dt=64
1230| ed81        STD   ,X++                cc=e0 a=44 b=44 dp=00 x=2ff3 y=0010 u=a716 s=1ff4  dt=64
1232| ecc1        LDD   ,U++                cc=e0 a=44 b=00 dp=00 x=2ff3 y=0010 u=a718 s=1ff4  dt=64
1234| ed81        STD   ,X++                cc=e0 a=44 b=00 dp=00 x=2ff5 y=0010 u=a718 s=1ff4  dt=64
1236| 30890098    LEAX  $0098,X             cc=e0 a=44 b=00 dp=00 x=308d y=0010 u=a718 s=1ff4  dt=64
123a| 313f        LEAY  -1,Y                cc=e0 a=44 b=00 dp=00 x=308d y=000f u=a718 s=1ff4  dt=40
123c| 26e8        BNE   $1226               cc=e0 a=44 b=00 dp=00 x=308d y=000f u=a718 s=1ff4  dt=24
1226| ecc1        LDD   ,U++                cc=e4 a=00 b=00 dp=00 x=308d y=000f u=a71a s=1ff4  dt=64
1228| ed81        STD   ,X++                cc=e4 a=00 b=00 dp=00 x=308f y=000f u=a71a s=1ff4  dt=64
122a| ecc1        LDD   ,U++                cc=e4 a=00 b=00 dp=00 x=308f y=000f u=a71c s=1ff4  dt=64
122c| ed81        STD   ,X++                cc=e4 a=00 b=00 dp=00 x=3091 y=000f u=a71c s=1ff4  dt=64
122e| ecc1        LDD   ,U++                cc=e4 a=00 b=00 dp=00 x=3091 y=000f u=a71e s=1ff4  dt=64
1230| ed81        STD   ,X++                cc=e4 a=00 b=00 dp=00 x=3093 y=000f u=a71e s=1ff4  dt=64
1232| ecc1        LDD   ,U++                cc=e4 a=00 b=00 dp=00 x=3093 y=000f u=a720 s=1ff4  dt=64
1234| ed81        STD   ,X++                cc=e4 a=00 b=00 dp=00 x=3095 y=000f u=a720 s=1ff4  dt=64
1236| 30890098    LEAX  $0098,X             cc=e0 a=00 b=00 dp=00 x=312d y=000f u=a720 s=1ff4  dt=64
123a| 313f        LEAY  -1,Y                cc=e0 a=00 b=00 dp=00 x=312d y=000e u=a720 s=1ff4  dt=40
123c| 26e8        BNE   $1226               cc=e0 a=00 b=00 dp=00 x=312d y=000e u=a720 s=1ff4  dt=24
1226| ecc1        LDD   ,U++                cc=e4 a=00 b=00 dp=00 x=312d y=000e u=a722 s=1ff4  dt=64
1228| ed81        STD   ,X++                cc=e4 a=00 b=00 dp=00 x=312f y=000e u=a722 s=1ff4  dt=64
122a| ecc1        LDD   ,U++                cc=e4 a=00 b=00 dp=00 x=312f y=000e u=a724 s=1ff4  dt=64
122c| ed81        STD   ,X++                cc=e4 a=00 b=00 dp=00 x=3131 y=000e u=a724 s=1ff4  dt=64
122e| ecc1        LDD   ,U++                cc=e4 a=00 b=00 dp=00 x=3131 y=000e u=a726 s=1ff4  dt=64
1230| ed81        STD   ,X++                cc=e4 a=00 b=00 dp=00 x=3133 y=000e u=a726 s=1ff4  dt=64
1232| ecc1        LDD   ,U++                cc=e4 a=00 b=00 dp=00 x=3133 y=000e u=a728 s=1ff4  dt=64
1234| ed81        STD   ,X++                cc=e4 a=00 b=00 dp=00 x=3135 y=000e u=a728 s=1ff4  dt=64
1236| 30890098    LEAX  $0098,X             cc=e0 a=00 b=00 dp=00 x=31cd y=000e u=a728 s=1ff4  dt=64
123a| 313f        LEAY  -1,Y                cc=e0 a=00 b=00 dp=00 x=31cd y=000d u=a728 s=1ff4  dt=40
123c| 26e8        BNE   $1226               cc=e0 a=00 b=00 dp=00 x=31cd y=000d u=a728 s=1ff4  dt=24
1226| ecc1        LDD   ,U++                cc=e4 a=00 b=00 dp=00 x=31cd y=000d u=a72a s=1ff4  dt=64
1228| ed81        STD   ,X++                cc=e4 a=00 b=00 dp=00 x=31cf y=000d u=a72a s=1ff4  dt=64
122a| ecc1        LDD   ,U++                cc=e4 a=00 b=00 dp=00 x=31cf y=000d u=a72c s=1ff4  dt=64
122c| ed81        STD   ,X++                cc=e4 a=00 b=00 dp=00 x=31d1 y=000d u=a72c s=1ff4  dt=64
122e| ecc1        LDD   ,U++                cc=e4 a=00 b=00 dp=00 x=31d1 y=000d u=a72e s=1ff4  dt=64
1230| ed81        STD   ,X++                cc=e4 a=00 b=00 dp=00 x=31d3 y=000d u=a72e s=1ff4  dt=64
1232| ecc1        LDD   ,U++                cc=e4 a=00 b=00 dp=00 x=31d3 y=000d u=a730 s=1ff4  dt=64
1234| ed81        STD   ,X++                cc=e4 a=00 b=00 dp=00 x=31d5 y=000d u=a730 s=1ff4  dt=64
1236| 30890098    LEAX  $0098,X             cc=e0 a=00 b=00 dp=00 x=326d y=000d u=a730 s=1ff4  dt=64
123a| 313f        LEAY  -1,Y                cc=e0 a=00 b=00 dp=00 x=326d y=000c u=a730 s=1ff4  dt=40
123c| 26e8        BNE   $1226               cc=e0 a=00 b=00 dp=00 x=326d y=000c u=a730 s=1ff4  dt=24
1226| ecc1        LDD   ,U++                cc=e4 a=00 b=00 dp=00 x=326d y=000c u=a732 s=1ff4  dt=64
1228| ed81        STD   ,X++                cc=e4 a=00 b=00 dp=00 x=326f y=000c u=a732 s=1ff4  dt=64
122a| ecc1        LDD   ,U++                cc=e4 a=00 b=00 dp=00 x=326f y=000c u=a734 s=1ff4  dt=64
122c| ed81        STD   ,X++                cc=e4 a=00 b=00 dp=00 x=3271 y=000c u=a734 s=1ff4  dt=64
122e| ecc1        LDD   ,U++                cc=e4 a=00 b=00 dp=00 x=3271 y=000c u=a736 s=1ff4  dt=64
1230| ed81        STD   ,X++                cc=e4 a=00 b=00 dp=00 x=3273 y=000c u=a736 s=1ff4  dt=64
1232| ecc1        LDD   ,U++                cc=e4 a=00 b=00 dp=00 x=3273 y=000c u=a738 s=1ff4  dt=64
1234| ed81        STD   ,X++                cc=e4 a=00 b=00 dp=00 x=3275 y=000c u=a738 s=1ff4  dt=64
1236| 30890098    LEAX  $0098,X             cc=e0 a=00 b=00 dp=00 x=330d y=000c u=a738 s=1ff4  dt=64
123a| 313f        LEAY  -1,Y                cc=e0 a=00 b=00 dp=00 x=330d y=000b u=a738 s=1ff4  dt=40
123c| 26e8        BNE   $1226               cc=e0 a=00 b=00 dp=00 x=330d y=000b u=a738 s=1ff4  dt=24
1226| ecc1        LDD   ,U++                cc=e4 a=00 b=00 dp=00 x=330d y=000b u=a73a s=1ff4  dt=64
1228| ed81        STD   ,X++                cc=e4 a=00 b=00 dp=00 x=330f y=000b u=a73a s=1ff4  dt=64
122a| ecc1        LDD   ,U++                cc=e4 a=00 b=00 dp=00 x=330f y=000b u=a73c s=1ff4  dt=64
122c| ed81        STD   ,X++                cc=e4 a=00 b=00 dp=00 x=3311 y=000b u=a73c s=1ff4  dt=64
122e| ecc1        LDD   ,U++                cc=e4 a=00 b=00 dp=00 x=3311 y=000b u=a73e s=1ff4  dt=64
1230| ed81        STD   ,X++                cc=e4 a=00 b=00 dp=00 x=3313 y=000b u=a73e s=1ff4  dt=64
1232| ecc1        LDD   ,U++                cc=e4 a=00 b=00 dp=00 x=3313 y=000b u=a740 s=1ff4  dt=64
1234| ed81        STD   ,X++                cc=e4 a=00 b=00 dp=00 x=3315 y=000b u=a740 s=1ff4  dt=64
1236| 30890098    LEAX  $0098,X             cc=e0 a=00 b=00 dp=00 x=33ad y=000b u=a740 s=1ff4  dt=64
123a| 313f        LEAY  -1,Y                cc=e0 a=00 b=00 dp=00 x=33ad y=000a u=a740 s=1ff4  dt=40
123c| 26e8        BNE   $1226               cc=e0 a=00 b=00 dp=00 x=33ad y=000a u=a740 s=1ff4  dt=24
1226| ecc1        LDD   ,U++                cc=e4 a=00 b=00 dp=00 x=33ad y=000a u=a742 s=1ff4  dt=64
1228| ed81        STD   ,X++                cc=e4 a=00 b=00 dp=00 x=33af y=000a u=a742 s=1ff4  dt=64
122a| ecc1        LDD   ,U++                cc=e4 a=00 b=00 dp=00 x=33af y=000a u=a744 s=1ff4  dt=64
122c| ed81        STD   ,X++                cc=e4 a=00 b=00 dp=00 x=33b1 y=000a u=a744 s=1ff4  dt=64
122e| ecc1        LDD   ,U++                cc=e4 a=00 b=00 dp=00 x=33b1 y=000a u=a746 s=1ff4  dt=64
1230| ed81        STD   ,X++                cc=e4 a=00 b=00 dp=00 x=33b3 y=000a u=a746 s=1ff4  dt=64
1232| ecc1        LDD   ,U++                cc=e4 a=00 b=00 dp=00 x=33b3 y=000a u=a748 s=1ff4  dt=64
1234| ed81        STD   ,X++                cc=e4 a=00 b=00 dp=00 x=33b5 y=000a u=a748 s=1ff4  dt=64
1236| 30890098    LEAX  $0098,X             cc=e0 a=00 b=00 dp=00 x=344d y=000a u=a748 s=1ff4  dt=64
123a| 313f        LEAY  -1,Y                cc=e0 a=00 b=00 dp=00 x=344d y=0009 u=a748 s=1ff4  dt=40
123c| 26e8        BNE   $1226               cc=e0 a=00 b=00 dp=00 x=344d y=0009 u=a748 s=1ff4  dt=24
1226| ecc1        LDD   ,U++                cc=e4 a=00 b=00 dp=00 x=344d y=0009 u=a74a s=1ff4  dt=64
1228| ed81        STD   ,X++                cc=e4 a=00 b=00 dp=00 x=344f y=0009 u=a74a s=1ff4  dt=64
122a| ecc1        LDD   ,U++                cc=e4 a=00 b=00 dp=00 x=344f y=0009 u=a74c s=1ff4  dt=64
122c| ed81        STD   ,X++                cc=e4 a=00 b=00 dp=00 x=3451 y=0009 u=a74c s=1ff4  dt=64
122e| ecc1        LDD   ,U++                cc=e4 a=00 b=00 dp=00 x=3451 y=0009 u=a74e s=1ff4  dt=64
1230| ed81        STD   ,X++                cc=e4 a=00 b=00 dp=00 x=3453 y=0009 u=a74e s=1ff4  dt=64
1232| ecc1        LDD   ,U++                cc=e4 a=00 b=00 dp=00 x=3453 y=0009 u=a750 s=1ff4  dt=64
1234| ed81        STD   ,X++                cc=e4 a=00 b=00 dp=00 x=3455 y=0009 u=a750 s=1ff4  dt=64
1236| 30890098    LEAX  $0098,X             cc=e0 a=00 b=00 dp=00 x=34ed y=0009 u=a750 s=1ff4  dt=64
123a| 313f        LEAY  -1,Y                cc=e0 a=00 b=00 dp=00 x=34ed y=0008 u=a750 s=1ff4  dt=40
123c| 26e8        BNE   $1226               cc=e0 a=00 b=00 dp=00 x=34ed y=0008 u=a750 s=1ff4  dt=24
1226| ecc1        LDD   ,U++                cc=e4 a=00 b=00 dp=00 x=34ed y=0008 u=a752 s=1ff4  dt=64
1228| ed81        STD   ,X++                cc=e4 a=00 b=00 dp=00 x=34ef y=0008 u=a752 s=1ff4  dt=64
122a| ecc1        LDD   ,U++                cc=e4 a=00 b=00 dp=00 x=34ef y=0008 u=a754 s=1ff4  dt=64
122c| ed81        STD   ,X++                cc=e4 a=00 b=00 dp=00 x=34f1 y=0008 u=a754 s=1ff4  dt=64
122e| ecc1        LDD   ,U++                cc=e4 a=00 b=00 dp=00 x=34f1 y=0008 u=a756 s=1ff4  dt=64
1230| ed81        STD   ,X++                cc=e4 a=00 b=00 dp=00 x=34f3 y=0008 u=a756 s=1ff4  dt=64
1232| ecc1        LDD   ,U++                cc=e4 a=00 b=00 dp=00 x=34f3 y=0008 u=a758 s=1ff4  dt=64
1234| ed81        STD   ,X++                cc=e4 a=00 b=00 dp=00 x=34f5 y=0008 u=a758 s=1ff4  dt=64
1236| 30890098    LEAX  $0098,X             cc=e0 a=00 b=00 dp=00 x=358d y=0008 u=a758 s=1ff4  dt=64
123a| 313f        LEAY  -1,Y                cc=e0 a=00 b=00 dp=00 x=358d y=0007 u=a758 s=1ff4  dt=40
123c| 26e8        BNE   $1226               cc=e0 a=00 b=00 dp=00 x=358d y=0007 u=a758 s=1ff4  dt=24
1226| ecc1        LDD   ,U++                cc=e4 a=00 b=00 dp=00 x=358d y=0007 u=a75a s=1ff4  dt=64
1228| ed81        STD   ,X++                cc=e4 a=00 b=00 dp=00 x=358f y=0007 u=a75a s=1ff4  dt=64
122a| ecc1        LDD   ,U++                cc=e4 a=00 b=00 dp=00 x=358f y=0007 u=a75c s=1ff4  dt=64
122c| ed81        STD   ,X++                cc=e4 a=00 b=00 dp=00 x=3591 y=0007 u=a75c s=1ff4  dt=64
122e| ecc1        LDD   ,U++                cc=e4 a=00 b=00 dp=00 x=3591 y=0007 u=a75e s=1ff4  dt=64
1230| ed81        STD   ,X++                cc=e4 a=00 b=00 dp=00 x=3593 y=0007 u=a75e s=1ff4  dt=64
1232| ecc1        LDD   ,U++                cc=e4 a=00 b=00 dp=00 x=3593 y=0007 u=a760 s=1ff4  dt=64
1234| ed81        STD   ,X++                cc=e4 a=00 b=00 dp=00 x=3595 y=0007 u=a760 s=1ff4  dt=64
1236| 30890098    LEAX  $0098,X             cc=e0 a=00 b=00 dp=00 x=362d y=0007 u=a760 s=1ff4  dt=64
123a| 313f        LEAY  -1,Y                cc=e0 a=00 b=00 dp=00 x=362d y=0006 u=a760 s=1ff4  dt=40
123c| 26e8        BNE   $1226               cc=e0 a=00 b=00 dp=00 x=362d y=0006 u=a760 s=1ff4  dt=24
1226| ecc1        LDD   ,U++                cc=e4 a=00 b=00 dp=00 x=362d y=0006 u=a762 s=1ff4  dt=64
1228| ed81        STD   ,X++                cc=e4 a=00 b=00 dp=00 x=362f y=0006 u=a762 s=1ff4  dt=64
122a| ecc1        LDD   ,U++                cc=e4 a=00 b=00 dp=00 x=362f y=0006 u=a764 s=1ff4  dt=64
122c| ed81        STD   ,X++                cc=e4 a=00 b=00 dp=00 x=3631 y=0006 u=a764 s=1ff4  dt=64
122e| ecc1        LDD   ,U++                cc=e4 a=00 b=00 dp=00 x=3631 y=0006 u=a766 s=1ff4  dt=64
1230| ed81        STD   ,X++                cc=e4 a=00 b=00 dp=00 x=3633 y=0006 u=a766 s=1ff4  dt=64
1232| ecc1        LDD   ,U++                cc=e4 a=00 b=00 dp=00 x=3633 y=0006 u=a768 s=1ff4  dt=64
1234| ed81        STD   ,X++                cc=e4 a=00 b=00 dp=00 x=3635 y=0006 u=a768 s=1ff4  dt=64
1236| 30890098    LEAX  $0098,X             cc=e0 a=00 b=00 dp=00 x=36cd y=0006 u=a768 s=1ff4  dt=64
123a| 313f        LEAY  -1,Y                cc=e0 a=00 b=00 dp=00 x=36cd y=0005 u=a768 s=1ff4  dt=40
123c| 26e8        BNE   $1226               cc=e0 a=00 b=00 dp=00 x=36cd y=0005 u=a768 s=1ff4  dt=24
1226| ecc1        LDD   ,U++                cc=e4 a=00 b=00 dp=00 x=36cd y=0005 u=a76a s=1ff4  dt=64
1228| ed81        STD   ,X++                cc=e4 a=00 b=00 dp=00 x=36cf y=0005 u=a76a s=1ff4  dt=64
122a| ecc1        LDD   ,U++                cc=e4 a=00 b=00 dp=00 x=36cf y=0005 u=a76c s=1ff4  dt=64
122c| ed81        STD   ,X++                cc=e4 a=00 b=00 dp=00 x=36d1 y=0005 u=a76c s=1ff4  dt=64
122e| ecc1        LDD   ,U++                cc=e4 a=00 b=00 dp=00 x=36d1 y=0005 u=a76e s=1ff4  dt=64
1230| ed81        STD   ,X++                cc=e4 a=00 b=00 dp=00 x=36d3 y=0005 u=a76e s=1ff4  dt=64
1232| ecc1        LDD   ,U++                cc=e4 a=00 b=00 dp=00 x=36d3 y=0005 u=a770 s=1ff4  dt=64
1234| ed81        STD   ,X++                cc=e4 a=00 b=00 dp=00 x=36d5 y=0005 u=a770 s=1ff4  dt=64
1236| 30890098    LEAX  $0098,X             cc=e0 a=00 b=00 dp=00 x=376d y=0005 u=a770 s=1ff4  dt=64
123a| 313f        LEAY  -1,Y                cc=e0 a=00 b=00 dp=00 x=376d y=0004 u=a770 s=1ff4  dt=40
123c| 26e8        BNE   $1226               cc=e0 a=00 b=00 dp=00 x=376d y=0004 u=a770 s=1ff4  dt=24
1226| ecc1        LDD   ,U++                cc=e4 a=00 b=00 dp=00 x=376d y=0004 u=a772 s=1ff4  dt=64
1228| ed81        STD   ,X++                cc=e4 a=00 b=00 dp=00 x=376f y=0004 u=a772 s=1ff4  dt=64
122a| ecc1        LDD   ,U++                cc=e4 a=00 b=00 dp=00 x=376f y=0004 u=a774 s=1ff4  dt=64
122c| ed81        STD   ,X++                cc=e4 a=00 b=00 dp=00 x=3771 y=0004 u=a774 s=1ff4  dt=64
122e| ecc1        LDD   ,U++                cc=e4 a=00 b=00 dp=00 x=3771 y=0004 u=a776 s=1ff4  dt=64
1230| ed81        STD   ,X++                cc=e4 a=00 b=00 dp=00 x=3773 y=0004 u=a776 s=1ff4  dt=64
1232| ecc1        LDD   ,U++                cc=e4 a=00 b=00 dp=00 x=3773 y=0004 u=a778 s=1ff4  dt=64
1234| ed81        STD   ,X++                cc=e4 a=00 b=00 dp=00 x=3775 y=0004 u=a778 s=1ff4  dt=64
1236| 30890098    LEAX  $0098,X             cc=e0 a=00 b=00 dp=00 x=380d y=0004 u=a778 s=1ff4  dt=64
123a| 313f        LEAY  -1,Y                cc=e0 a=00 b=00 dp=00 x=380d y=0003 u=a778 s=1ff4  dt=40
123c| 26e8        BNE   $1226               cc=e0 a=00 b=00 dp=00 x=380d y=0003 u=a778 s=1ff4  dt=24
1226| ecc1        LDD   ,U++                cc=e4 a=00 b=00 dp=00 x=380d y=0003 u=a77a s=1ff4  dt=64
1228| ed81        STD   ,X++                cc=e4 a=00 b=00 dp=00 x=380f y=0003 u=a77a s=1ff4  dt=64
122a| ecc1        LDD   ,U++                cc=e4 a=00 b=00 dp=00 x=380f y=0003 u=a77c s=1ff4  dt=64
122c| ed81        STD   ,X++                cc=e4 a=00 b=00 dp=00 x=3811 y=0003 u=a77c s=1ff4  dt=64
122e| ecc1        LDD   ,U++                cc=e4 a=00 b=00 dp=00 x=3811 y=0003 u=a77e s=1ff4  dt=64
1230| ed81        STD   ,X++                cc=e4 a=00 b=00 dp=00 x=3813 y=0003 u=a77e s=1ff4  dt=64
1232| ecc1        LDD   ,U++                cc=e4 a=00 b=00 dp=00 x=3813 y=0003 u=a780 s=1ff4  dt=64
1234| ed81        STD   ,X++                cc=e4 a=00 b=00 dp=00 x=3815 y=0003 u=a780 s=1ff4  dt=64
1236| 30890098    LEAX  $0098,X             cc=e0 a=00 b=00 dp=00 x=38ad y=0003 u=a780 s=1ff4  dt=64
123a| 313f        LEAY  -1,Y                cc=e0 a=00 b=00 dp=00 x=38ad y=0002 u=a780 s=1ff4  dt=40
123c| 26e8        BNE   $1226               cc=e0 a=00 b=00 dp=00 x=38ad y=0002 u=a780 s=1ff4  dt=24
1226| ecc1        LDD   ,U++                cc=e4 a=00 b=00 dp=00 x=38ad y=0002 u=a782 s=1ff4  dt=64
1228| ed81        STD   ,X++                cc=e4 a=00 b=00 dp=00 x=38af y=0002 u=a782 s=1ff4  dt=64
122a| ecc1        LDD   ,U++                cc=e4 a=00 b=00 dp=00 x=38af y=0002 u=a784 s=1ff4  dt=64
122c| ed81        STD   ,X++                cc=e4 a=00 b=00 dp=00 x=38b1 y=0002 u=a784 s=1ff4  dt=64
122e| ecc1        LDD   ,U++                cc=e4 a=00 b=00 dp=00 x=38b1 y=0002 u=a786 s=1ff4  dt=64
1230| ed81        STD   ,X++                cc=e4 a=00 b=00 dp=00 x=38b3 y=0002 u=a786 s=1ff4  dt=64
1232| ecc1        LDD   ,U++                cc=e4 a=00 b=00 dp=00 x=38b3 y=0002 u=a788 s=1ff4  dt=64
1234| ed81        STD   ,X++                cc=e4 a=00 b=00 dp=00 x=38b5 y=0002 u=a788 s=1ff4  dt=64
1236| 30890098    LEAX  $0098,X             cc=e0 a=00 b=00 dp=00 x=394d y=0002 u=a788 s=1ff4  dt=64
123a| 313f        LEAY  -1,Y                cc=e0 a=00 b=00 dp=00 x=394d y=0001 u=a788 s=1ff4  dt=40
123c| 26e8        BNE   $1226               cc=e0 a=00 b=00 dp=00 x=394d y=0001 u=a788 s=1ff4  dt=24
1226| ecc1        LDD   ,U++                cc=e4 a=00 b=00 dp=00 x=394d y=0001 u=a78a s=1ff4  dt=64
1228| ed81        STD   ,X++                cc=e4 a=00 b=00 dp=00 x=394f y=0001 u=a78a s=1ff4  dt=64
122a| ecc1        LDD   ,U++                cc=e0 a=00 b=44 dp=00 x=394f y=0001 u=a78c s=1ff4  dt=64
122c| ed81        STD   ,X++                cc=e0 a=00 b=44 dp=00 x=3951 y=0001 u=a78c s=1ff4  dt=64
122e| ecc1        LDD   ,U++                cc=e0 a=05 b=55 dp=00 x=3951 y=0001 u=a78e s=1ff4  dt=64
1230| ed81        STD   ,X++                cc=e0 a=05 b=55 dp=00 x=3953 y=0001 u=a78e s=1ff4  dt=64
1232| ecc1        LDD   ,U++                cc=e0 a=55 b=00 dp=00 x=3953 y=0001 u=a790 s=1ff4  dt=64
1234| ed81        STD   ,X++                cc=e0 a=55 b=00 dp=00 x=3955 y=0001 u=a790 s=1ff4  dt=64
1236| 30890098    LEAX  $0098,X             cc=e0 a=55 b=00 dp=00 x=39ed y=0001 u=a790 s=1ff4  dt=64
123a| 313f        LEAY  -1,Y                cc=e4 a=55 b=00 dp=00 x=39ed y=0000 u=a790 s=1ff4  dt=40
123c| 26e8        BNE   $1226               cc=e4 a=55 b=00 dp=00 x=39ed y=0000 u=a790 s=1ff4  dt=24
123e| 39          RTS                       cc=e4 a=55 b=00 dp=00 x=39ed y=0000 u=a790 s=1ff6  dt=40
0c28| 3510        PULS  X                   cc=e4 a=55 b=00 dp=00 x=a478 y=0000 u=a790 s=1ff8  dt=56
0c2a| 3008        LEAX  8,X                 cc=e0 a=55 b=00 dp=00 x=a480 y=0000 u=a790 s=1ff8  dt=40
0c2c| 0a5d        DEC   <$5d                cc=e0 a=55 b=00 dp=00 x=a480 y=0000 u=a790 s=1ff8  dt=48
0c2e| 26db        BNE   $0c0b               cc=e0 a=55 b=00 dp=00 x=a480 y=0000 u=a790 s=1ff8  dt=24
0c0b| 8604        LDA   #$04                cc=e0 a=04 b=00 dp=00 x=a480 y=0000 u=a790 s=1ff8  dt=16
0c0d| 905d        SUBA  <$5d                cc=e0 a=02 b=00 dp=00 x=a480 y=0000 u=a790 s=1ff8  dt=32
0c0f| 108e1075    LDY   #$1075              cc=e0 a=02 b=00 dp=00 x=a480 y=1075 u=a790 s=1ff8  dt=32
0c13| e6a6        LDB   A,Y                 cc=e0 a=02 b=04 dp=00 x=a480 y=1075 u=a790 s=1ff8  dt=40
0c15| d486        ANDB  <$86                cc=e0 a=02 b=04 dp=00 x=a480 y=1075 u=a790 s=1ff8  dt=32
0c17| 2711        BEQ   $0c2a               cc=e0 a=02 b=04 dp=00 x=a480 y=1075 u=a790 s=1ff8  dt=24
0c19| 17045d      LBSR  $1079               cc=e0 a=02 b=04 dp=00 x=a480 y=1075 u=a790 s=1ff6  dt=72
1079| 8604        LDA   #$04                cc=e0 a=04 b=04 dp=00 x=a480 y=1075 u=a790 s=1ff6  dt=16
107b| 905d        SUBA  <$5d                cc=e0 a=02 b=04 dp=00 x=a480 y=1075 u=a790 s=1ff6  dt=32
107d| 48          LSLA                      cc=e0 a=04 b=04 dp=00 x=a480 y=1075 u=a790 s=1ff6  dt=16
107e| cea890      LDU   #$a890              cc=e8 a=04 b=04 dp=00 x=a480 y=1075 u=a890 s=1ff6  dt=24
1081| 33c6        LEAU  A,U                 cc=e8 a=04 b=04 dp=00 x=a480 y=1075 u=a894 s=1ff6  dt=40
1083| 39          RTS                       cc=e8 a=04 b=04 dp=00 x=a480 y=1075 u=a894 s=1ff8  dt=40
0c1c| ecc4        LDD   ,U                  cc=e0 a=6f b=cb dp=00 x=a480 y=1075 u=a894 s=1ff8  dt=40
0c1e| 3410        PSHS  X                   cc=e0 a=6f b=cb dp=00 x=a480 y=1075 u=a894 s=1ff6  dt=56
0c20| 1f01        TFR   D,X                 cc=e0 a=6f b=cb dp=00 x=6fcb y=1075 u=a894 s=1ff6  dt=48
0c22| 17045f      LBSR  $1084               cc=e0 a=6f b=cb dp=00 x=6fcb y=1075 u=a894 s=1ff4  dt=72
1084| 8604        LDA   #$04                cc=e0 a=04 b=cb dp=00 x=6fcb y=1075 u=a894 s=1ff4  dt=16
1086| 905d        SUBA  <$5d                cc=e0 a=02 b=cb dp=00 x=6fcb y=1075 u=a894 s=1ff4  dt=32
1088| c680        LDB   #$80                cc=e8 a=02 b=80 dp=00 x=6fcb y=1075 u=a894 s=1ff4  dt=16
108a| 3d          MUL                       cc=e8 a=01 b=00 dp=00 x=6fcb y=1075 u=a894 s=1ff4  dt=88
108b| 0d90        TST   <$90                cc=e4 a=01 b=00 dp=00 x=6fcb y=1075 u=a894 s=1ff4  dt=48
108d| 2605        BNE   $1094               cc=e4 a=01 b=00 dp=00 x=6fcb y=1075 u=a894 s=1ff4  dt=24
108f| c3a690      ADDD  #$a690              cc=e8 a=a7 b=90 dp=00 x=6fcb y=1075 u=a894 s=1ff4  dt=32
1092| 2003        BRA   $1097               cc=e8 a=a7 b=90 dp=00 x=6fcb y=1075 u=a894 s=1ff4  dt=24
1097| 1f03        TFR   D,U                 cc=e8 a=a7 b=90 dp=00 x=6fcb y=1075 u=a790 s=1ff4  dt=48
1099| 39          RTS                       cc=e8 a=a7 b=90 dp=00 x=6fcb y=1075 u=a790 s=1ff6  dt=40
0c25| 1705cd      LBSR  $11f5               cc=e8 a=a7 b=90 dp=00 x=6fcb y=1075 u=a790 s=1ff4  dt=72
11f5| df9e        STU   <$9e                cc=e8 a=a7 b=90 dp=00 x=6fcb y=1075 u=a790 s=1ff4  dt=40
11f7| 17fea0      LBSR  $109a               cc=e8 a=a7 b=90 dp=00 x=6fcb y=1075 u=a790 s=1ff2  dt=72
109a| 8604        LDA   #$04                cc=e0 a=04 b=90 dp=00 x=6fcb y=1075 u=a790 s=1ff2  dt=16
109c| 905d        SUBA  <$5d                cc=e0 a=02 b=90 dp=00 x=6fcb y=1075 u=a790 s=1ff2  dt=32
109e| cea898      LDU   #$a898              cc=e8 a=02 b=90 dp=00 x=6fcb y=1075 u=a898 s=1ff2  dt=24
10a1| 33c6        LEAU  A,U                 cc=e8 a=02 b=90 dp=00 x=6fcb y=1075 u=a89a s=1ff2  dt=40
10a3| 39          RTS                       cc=e8 a=02 b=90 dp=00 x=6fcb y=1075 u=a89a s=1ff4  dt=40
11fa| a6c4        LDA   ,U                  cc=e4 a=00 b=90 dp=00 x=6fcb y=1075 u=a89a s=1ff4  dt=32
11fc| 979c        STA   <$9c                cc=e4 a=00 b=90 dp=00 x=6fcb y=1075 u=a89a s=1ff4  dt=32
11fe| 85f0        BITA  #$f0                cc=e4 a=00 b=90 dp=00 x=6fcb y=1075 u=a89a s=1ff4  dt=16
1200| 1026011c    LBNE  $1320               cc=e4 a=00 b=90 dp=00 x=6fcb y=1075 u=a89a s=1ff4  dt=40
1204| 8407        ANDA  #$07                cc=e4 a=00 b=90 dp=00 x=6fcb y=1075 u=a89a s=1ff4  dt=16
1206| 48          LSLA                      cc=e4 a=00 b=90 dp=00 x=6fcb y=1075 u=a89a s=1ff4  dt=16
1207| de9e        LDU   <$9e                cc=e8 a=00 b=90 dp=00 x=6fcb y=1075 u=a790 s=1ff4  dt=40
1209| 108e1212    LDY   #$1212              cc=e0 a=00 b=90 dp=00 x=6fcb y=1212 u=a790 s=1ff4  dt=32
120d| 10aea6      LDY   A,Y                 cc=e0 a=00 b=90 dp=00 x=6fcb y=1222 u=a790 s=1ff4  dt=56
1210| 6ea4        JMP   ,Y                  cc=e0 a=00 b=90 dp=00 x=6fcb y=1222 u=a790 s=1ff4  dt=24
1222| 108e0010    LDY   #$0010              cc=e0 a=00 b=90 dp=00 x=6fcb y=0010 u=a790 s=1ff4  dt=32
1226| ecc1        LDD   ,U++                cc=e0 a=69 b=89 dp=00 x=6fcb y=0010 u=a792 s=1ff4  dt=64
1228| ed81        STD   ,X++                cc=e0 a=69 b=89 dp=00 x=6fcd y=0010 u=a792 s=1ff4  dt=64
122a| ecc1        LDD   ,U++                cc=e8 a=cf b=3f dp=00 x=6fcd y=0010 u=a794 s=1ff4  dt=64
122c| ed81        STD   ,X++                cc=e8 a=cf b=3f dp=00 x=6fcf y=0010 u=a794 s=1ff4  dt=64
122e| ecc1        LDD   ,U++                cc=e8 a=a5 b=2a dp=00 x=6fcf y=0010 u=a796 s=1ff4  dt=64
1230| ed81        STD   ,X++                cc=e8 a=a5 b=2a dp=00 x=6fd1 y=0010 u=a796 s=1ff4  dt=64
1232| ecc1        LDD   ,U++                cc=e0 a=37 b=23 dp=00 x=6fd1 y=0010 u=a798 s=1ff4  dt=64
1234| ed81        STD   ,X++                cc=e0 a=37 b=23 dp=00 x=6fd3 y=0010 u=a798 s=1ff4  dt=64
1236| 30890098    LEAX  $0098,X             cc=e0 a=37 b=23 dp=00 x=706b y=0010 u=a798 s=1ff4  dt=64
123a| 313f        LEAY  -1,Y                cc=e0 a=37 b=23 dp=00 x=706b y=000f u=a798 s=1ff4  dt=40
123c| 26e8        BNE   $1226               cc=e0 a=37 b=23 dp=00 x=706b y=000f u=a798 s=1ff4  dt=24
1226| ecc1        LDD   ,U++                cc=e8 a=8d b=6b dp=00 x=706b y=000f u=a79a s=1ff4  dt=64
1228| ed81        STD   ,X++                cc=e8 a=8d b=6b dp=00 x=706d y=000f u=a79a s=1ff4  dt=64
122a| ecc1        LDD   ,U++                cc=e8 a=d6 b=79 dp=00 x=706d y=000f u=a79c s=1ff4  dt=64
122c| ed81        STD   ,X++                cc=e8 a=d6 b=79 dp=00 x=706f y=000f u=a79c s=1ff4  dt=64
122e| ecc1        LDD   ,U++                cc=e8 a=be b=c7 dp=00 x=706f y=000f u=a79e s=1ff4  dt=64
1230| ed81        STD   ,X++                cc=e8 a=be b=c7 dp=00 x=7071 y=000f u=a79e s=1ff4  dt=64
1232| ecc1        LDD   ,U++                cc=e8 a=e2 b=8b dp=00 x=7071 y=000f u=a7a0 s=1ff4  dt=64
1234| ed81        STD   ,X++                cc=e8 a=e2 b=8b dp=00 x=7073 y=000f u=a7a0 s=1ff4  dt=64
1236| 30890098    LEAX  $0098,X             cc=e8 a=e2 b=8b dp=00 x=710b y=000f u=a7a0 s=1ff4  dt=64
123a| 313f        LEAY  -1,Y                cc=e8 a=e2 b=8b dp=00 x=710b y=000e u=a7a0 s=1ff4  dt=40
123c| 26e8        BNE   $1226               cc=e8 a=e2 b=8b dp=00 x=710b y=000e u=a7a0 s=1ff4  dt=24
1226| ecc1        LDD   ,U++                cc=e8 a=9b b=6e dp=00 x=710b y=000e u=a7a2 s=1ff4  dt=64
1228| ed81        STD   ,X++                cc=e8 a=9b b=6e dp=00 x=710d y=000e u=a7a2 s=1ff4  dt=64
122a| ecc1        LDD   ,U++                cc=e0 a=1b b=82 dp=00 x=710d y=000e u=a7a4 s=1ff4  dt=64
122c| ed81        STD   ,X++                cc=e0 a=1b b=82 dp=00 x=710f y=000e u=a7a4 s=1ff4  dt=64
122e| ecc1        LDD   ,U++                cc=e8 a=a9 b=c5 dp=00 x=710f y=000e u=a7a6 s=1ff4  dt=64
1230| ed81        STD   ,X++                cc=e8 a=a9 b=c5 dp=00 x=7111 y=000e u=a7a6 s=1ff4  dt=64
1232| ecc1        LDD   ,U++                cc=e0 a=18 b=bc dp=00 x=7111 y=000e u=a7a8 s=1ff4  dt=64
1234| ed81        STD   ,X++                cc=e0 a=18 b=bc dp=00 x=7113 y=000e u=a7a8 s=1ff4  dt=64
1236| 30890098    LEAX  $0098,X             cc=e0 a=18 b=bc dp=00 x=71ab y=000e u=a7a8 s=1ff4  dt=64
123a| 313f        LEAY  -1,Y                cc=e0 a=18 b=bc dp=00 x=71ab y=000d u=a7a8 s=1ff4  dt=40
123c| 26e8        BNE   $1226               cc=e0 a=18 b=bc dp=00 x=71ab y=000d u=a7a8 s=1ff4  dt=24
1226| ecc1        LDD   ,U++                cc=e0 a=24 b=e4 dp=00 x=71ab y=000d u=a7aa s=1ff4  dt=64
1228| ed81        STD   ,X++                cc=e0 a=24 b=e4 dp=00 x=71ad y=000d u=a7aa s=1ff4  dt=64
122a| ecc1        LDD   ,U++                cc=e0 a=4f b=a8 dp=00 x=71ad y=000d u=a7ac s=1ff4  dt=64
122c| ed81        STD   ,X++                cc=e0 a=4f b=a8 dp=00 x=71af y=000d u=a7ac s=1ff4  dt=64
122e| ecc1        LDD   ,U++                cc=e8 a=ed b=71 dp=00 x=71af y=000d u=a7ae s=1ff4  dt=64
1230| ed81        STD   ,X++                cc=e8 a=ed b=71 dp=00 x=71b1 y=000d u=a7ae s=1ff4  dt=64
1232| ecc1        LDD   ,U++                cc=e0 a=56 b=57 dp=00 x=71b1 y=000d u=a7b0 s=1ff4  dt=64
1234| ed81        STD   ,X++                cc=e0 a=56 b=57 dp=00 x=71b3 y=000d u=a7b0 s=1ff4  dt=64
1236| 30890098    LEAX  $0098,X             cc=e0 a=56 b=57 dp=00 x=724b y=000d u=a7b0 s=1ff4  dt=64
123a| 313f        LEAY  -1,Y                cc=e0 a=56 b=57 dp=00 x=724b y=000c u=a7b0 s=1ff4  dt=40
123c| 26e8        BNE   $1226               cc=e0 a=56 b=57 dp=00 x=724b y=000c u=a7b0 s=1ff4  dt=24
1226| ecc1        LDD   ,U++                cc=e8 a=fb b=25 dp=00 x=724b y=000c u=a7b2 s=1ff4  dt=64
1228| ed81        STD   ,X++                cc=e8 a=fb b=25 dp=00 x=724d y=000c u=a7b2 s=1ff4  dt=64
122a| ecc1        LDD   ,U++                cc=e8 a=96 b=a0 dp=00 x=724d y=000c u=a7b4 s=1ff4  dt=64
122c| ed81        STD   ,X++                cc=e8 a=96 b=a0 dp=00 x=724f y=000c u=a7b4 s=1ff4  dt=64
122e| ecc1        LDD   ,U++                cc=e0 a=50 b=cd dp=00 x=724f y=000c u=a7b6 s=1ff4  dt=64
1230| ed81        STD   ,X++                cc=e0 a=50 b=cd dp=00 x=7251 y=000c u=a7b6 s=1ff4  dt=64
1232| ecc1        LDD   ,U++                cc=e8 a=c3 b=dd dp=00 x=7251 y=000c u=a7b8 s=1ff4  dt=64
1234| ed81        STD   ,X++                cc=e8 a=c3 b=dd dp=00 x=7253 y=000c u=a7b8 s=1ff4  dt=64
1236| 30890098    LEAX  $0098,X             cc=e8 a=c3 b=dd dp=00 x=72eb y=000c u=a7b8 s=1ff4  dt=64
123a| 313f        LEAY  -1,Y                cc=e8 a=c3 b=dd dp=00 x=72eb y=000b u=a7b8 s=1ff4  dt=40
123c| 26e8        BNE   $1226               cc=e8 a=c3 b=dd dp=00 x=72eb y=000b u=a7b8 s=1ff4  dt=24
1226| ecc1        LDD   ,U++                cc=e0 a=38 b=99 dp=00 x=72eb y=000b u=a7ba s=1ff4  dt=64
1228| ed81        STD   ,X++                cc=e0 a=38 b=99 dp=00 x=72ed y=000b u=a7ba s=1ff4  dt=64
122a| ecc1        LDD   ,U++                cc=e0 a=56 b=f6 dp=00 x=72ed y=000b u=a7bc s=1ff4  dt=64
122c| ed81        STD   ,X++                cc=e0 a=56 b=f6 dp=00 x=72ef y=000b u=a7bc s=1ff4  dt=64
122e| ecc1        LDD   ,U++                cc=e0 a=60 b=38 dp=00 x=72ef y=000b u=a7be s=1ff4  dt=64
1230| ed81        STD   ,X++                cc=e0 a=60 b=38 dp=00 x=72f1 y=000b u=a7be s=1ff4  dt=64
1232| ecc1        LDD   ,U++                cc=e8 a=82 b=fb dp=00 x=72f1 y=000b u=a7c0 s=1ff4  dt=64
1234| ed81        STD   ,X++                cc=e8 a=82 b=fb dp=00 x=72f3 y=000b u=a7c0 s=1ff4  dt=64
1236| 30890098    LEAX  $0098,X             cc=e8 a=82 b=fb dp=00 x=738b y=000b u=a7c0 s=1ff4  dt=64
123a| 313f        LEAY  -1,Y                cc=e8 a=82 b=fb dp=00 x=738b y=000a u=a7c0 s=1ff4  dt=40
123c| 26e8        BNE   $1226               cc=e8 a=82 b=fb dp=00 x=738b y=000a u=a7c0 s=1ff4  dt=24
1226| ecc1        LDD   ,U++                cc=e8 a=a7 b=9d dp=00 x=738b y=000a u=a7c2 s=1ff4  dt=64
1228| ed81        STD   ,X++                cc=e8 a=a7 b=9d dp=00 x=738d y=000a u=a7c2 s=1ff4  dt=64
122a| ecc1        LDD   ,U++                cc=e0 a=7d b=50 dp=00 x=738d y=000a u=a7c4 s=1ff4  dt=64
122c| ed81        STD   ,X++                cc=e0 a=7d b=50 dp=00 x=738f y=000a u=a7c4 s=1ff4  dt=64
122e| ecc1        LDD   ,U++                cc=e0 a=63 b=95 dp=00 x=738f y=000a u=a7c6 s=1ff4  dt=64
1230| ed81        STD   ,X++                cc=e0 a=63 b=95 dp=00 x=7391 y=000a u=a7c6 s=1ff4  dt=64
1232| ecc1        LDD   ,U++                cc=e0 a=0c b=87 dp=00 x=7391 y=000a u=a7c8 s=1ff4  dt=64
1234| ed81        STD   ,X++                cc=e0 a=0c b=87 dp=00 x=7393 y=000a u=a7c8 s=1ff4  dt=64
1236| 30890098    LEAX  $0098,X             cc=e0 a=0c b=87 dp=00 x=742b y=000a u=a7c8 s=1ff4  dt=64
123a| 313f        LEAY  -1,Y                cc=e0 a=0c b=87 dp=00 x=742b y=0009 u=a7c8 s=1ff4  dt=40
123c| 26e8        BNE   $1226               cc=e0 a=0c b=87 dp=00 x=742b y=0009 u=a7c8 s=1ff4  dt=24
1226| ecc1        LDD   ,U++                cc=e0 a=7a b=5c dp=00 x=742b y=0009 u=a7ca s=1ff4  dt=64
1228| ed81        STD   ,X++                cc=e0 a=7a b=5c dp=00 x=742d y=0009 u=a7ca s=1ff4  dt=64
122a| ecc1        LDD   ,U++                cc=e0 a=2f b=67 dp=00 x=742d y=0009 u=a7cc s=1ff4  dt=64
122c| ed81        STD   ,X++                cc=e0 a=2f b=67 dp=00 x=742f y=0009 u=a7cc s=1ff4  dt=64
122e| ecc1        LDD   ,U++                cc=e8 a=cd b=85 dp=00 x=742f y=0009 u=a7ce s=1ff4  dt=64
1230| ed81        STD   ,X++                cc=e8 a=cd b=85 dp=00 x=7431 y=0009 u=a7ce s=1ff4  dt=64
1232| ecc1        LDD   ,U++                cc=e8 a=be b=c8 dp=00 x=7431 y=0009 u=a7d0 s=1ff4  dt=64
1234| ed81        STD   ,X++                cc=e8 a=be b=c8 dp=00 x=7433 y=0009 u=a7d0 s=1ff4  dt=64
1236| 30890098    LEAX  $0098,X             cc=e8 a=be b=c8 dp=00 x=74cb y=0009 u=a7d0 s=1ff4  dt=64
123a| 313f        LEAY  -1,Y                cc=e8 a=be b=c8 dp=00 x=74cb y=0008 u=a7d0 s=1ff4  dt=40
123c| 26e8        BNE   $1226               cc=e8 a=be b=c8 dp=00 x=74cb y=0008 u=a7d0 s=1ff4  dt=24
1226| ecc1        LDD   ,U++                cc=e8 a=ab b=54 dp=00 x=74cb y=0008 u=a7d2 s=1ff4  dt=64
1228| ed81        STD   ,X++                cc=e8 a=ab b=54 dp=00 x=74cd y=0008 u=a7d2 s=1ff4  dt=64
122a| ecc1        LDD   ,U++                cc=e0 a=68 b=fb dp=00 x=74cd y=0008 u=a7d4 s=1ff4  dt=64
122c| ed81        STD   ,X++                cc=e0 a=68 b=fb dp=00 x=74cf y=0008 u=a7d4 s=1ff4  dt=64
122e| ecc1        LDD   ,U++                cc=e0 a=21 b=2c dp=00 x=74cf y=0008 u=a7d6 s=1ff4  dt=64
1230| ed81        STD   ,X++                cc=e0 a=21 b=2c dp=00 x=74d1 y=0008 u=a7d6 s=1ff4  dt=64
1232| ecc1        LDD   ,U++                cc=e8 a=d8 b=59 dp=00 x=74d1 y=0008 u=a7d8 s=1ff4  dt=64
1234| ed81        STD   ,X++                cc=e8 a=d8 b=59 dp=00 x=74d3 y=0008 u=a7d8 s=1ff4  dt=64
1236| 30890098    LEAX  $0098,X             cc=e8 a=d8 b=59 dp=00 x=756b y=0008 u=a7d8 s=1ff4  dt=64
123a| 313f        LEAY  -1,Y                cc=e8 a=d8 b=59 dp=00 x=756b y=0007 u=a7d8 s=1ff4  dt=40
123c| 26e8        BNE   $1226               cc=e8 a=d8 b=59 dp=00 x=756b y=0007 u=a7d8 s=1ff4  dt=24
1226| ecc1        LDD   ,U++                cc=e8 a=c5 b=2e dp=00 x=756b y=0007 u=a7da s=1ff4  dt=64
1228| ed81        STD   ,X++                cc=e8 a=c5 b=2e dp=00 x=756d y=0007 u=a7da s=1ff4  dt=64
122a| ecc1        LDD   ,U++                cc=e0 a=50 b=26 dp=00 x=756d y=0007 u=a7dc s=1ff4  dt=64
122c| ed81        STD   ,X++                cc=e0 a=50 b=26 dp=00 x=756f y=0007 u=a7dc s=1ff4  dt=64
122e| ecc1        LDD   ,U++                cc=e0 a=67 b=d2 dp=00 x=756f y=0007 u=a7de s=1ff4  dt=64
1230| ed81        STD   ,X++                cc=e0 a=67 b=d2 dp=00 x=7571 y=0007 u=a7de s=1ff4  dt=64
1232| ecc1        LDD   ,U++                cc=e0 a=21 b=0e dp=00 x=7571 y=0007 u=a7e0 s=1ff4  dt=64
1234| ed81        STD   ,X++                cc=e0 a=21 b=0e dp=00 x=7573 y=0007 u=a7e0 s=1ff4  dt=64
1236| 30890098    LEAX  $0098,X             cc=e0 a=21 b=0e dp=00 x=760b y=0007 u=a7e0 s=1ff4  dt=64
123a| 313f        LEAY  -1,Y                cc=e0 a=21 b=0e dp=00 x=760b y=0006 u=a7e0 s=1ff4  dt=40
123c| 26e8        BNE   $1226               cc=e0 a=21 b=0e dp=00 x=760b y=0006 u=a7e0 s=1ff4  dt=24
1226| ecc1        LDD   ,U++                cc=e0 a=6f b=9f dp=00 x=760b y=0006 u=a7e2 s=1ff4  dt=64
1228| ed81        STD   ,X++                cc=e0 a=6f b=9f dp=00 x=760d y=0006 u=a7e2 s=1ff4  dt=64
122a| ecc1        LDD   ,U++                cc=e0 a=5e b=d2 dp=00 x=760d y=0006 u=a7e4 s=1ff4  dt=64
122c| ed81        STD   ,X++                cc=e0 a=5e b=d2 dp=00 x=760f y=0006 u=a7e4 s=1ff4  dt=64
122e| ecc1        LDD   ,U++                cc=e0 a=34 b=6a dp=00 x=760f y=0006 u=a7e6 s=1ff4  dt=64
1230| ed81        STD   ,X++                cc=e0 a=34 b=6a dp=00 x=7611 y=0006 u=a7e6 s=1ff4  dt=64
1232| ecc1        LDD   ,U++                cc=e0 a=59 b=ae dp=00 x=7611 y=0006 u=a7e8 s=1ff4  dt=64
1234| ed81        STD   ,X++                cc=e0 a=59 b=ae dp=00 x=7613 y=0006 u=a7e8 s=1ff4  dt=64
1236| 30890098    LEAX  $0098,X             cc=e0 a=59 b=ae dp=00 x=76ab y=0006 u=a7e8 s=1ff4  dt=64
123a| 313f        LEAY  -1,Y                cc=e0 a=59 b=ae dp=00 x=76ab y=0005 u=a7e8 s=1ff4  dt=40
123c| 26e8        BNE   $1226               cc=e0 a=59 b=ae dp=00 x=76ab y=0005 u=a7e8 s=1ff4  dt=24
1226| ecc1        LDD   ,U++                cc=e8 a=c6 b=88 dp=00 x=76ab y=0005 u=a7ea s=1ff4  dt=64
1228| ed81        STD   ,X++                cc=e8 a=c6 b=88 dp=00 x=76ad y=0005 u=a7ea s=1ff4  dt=64
122a| ecc1        LDD   ,U++                cc=e0 a=16 b=94 dp=00 x=76ad y=0005 u=a7ec s=1ff4  dt=64
122c| ed81        STD   ,X++                cc=e0 a=16 b=94 dp=00 x=76af y=0005 u=a7ec s=1ff4  dt=64
122e| ecc1        LDD   ,U++                cc=e0 a=0e b=d4 dp=00 x=76af y=0005 u=a7ee s=1ff4  dt=64
1230| ed81        STD   ,X++                cc=e0 a=0e b=d4 dp=00 x=76b1 y=0005 u=a7ee s=1ff4  dt=64
1232| ecc1        LDD   ,U++                cc=e0 a=5c b=b9 dp=00 x=76b1 y=0005 u=a7f0 s=1ff4  dt=64
1234| ed81        STD   ,X++                cc=e0 a=5c b=b9 dp=00 x=76b3 y=0005 u=a7f0 s=1ff4  dt=64
1236| 30890098    LEAX  $0098,X             cc=e0 a=5c b=b9 dp=00 x=774b y=0005 u=a7f0 s=1ff4  dt=64
123a| 313f        LEAY  -1,Y                cc=e0 a=5c b=b9 dp=00 x=774b y=0004 u=a7f0 s=1ff4  dt=40
123c| 26e8        BNE   $1226               cc=e0 a=5c b=b9 dp=00 x=774b y=0004 u=a7f0 s=1ff4  dt=24
1226| ecc1        LDD   ,U++                cc=e0 a=29 b=c5 dp=00 x=774b y=0004 u=a7f2 s=1ff4  dt=64
1228| ed81        STD   ,X++                cc=e0 a=29 b=c5 dp=00 x=774d y=0004 u=a7f2 s=1ff4  dt=64
122a| ecc1        LDD   ,U++                cc=e8 a=b4 b=4a dp=00 x=774d y=0004 u=a7f4 s=1ff4  dt=64
122c| ed81        STD   ,X++                cc=e8 a=b4 b=4a dp=00 x=774f y=0004 u=a7f4 s=1ff4  dt=64
122e| ecc1        LDD   ,U++                cc=e8 a=f1 b=8c dp=00 x=774f y=0004 u=a7f6 s=1ff4  dt=64
1230| ed81        STD   ,X++                cc=e8 a=f1 b=8c dp=00 x=7751 y=0004 u=a7f6 s=1ff4  dt=64
1232| ecc1        LDD   ,U++                cc=e8 a=a4 b=b6 dp=00 x=7751 y=0004 u=a7f8 s=1ff4  dt=64
1234| ed81        STD   ,X++                cc=e8 a=a4 b=b6 dp=00 x=7753 y=0004 u=a7f8 s=1ff4  dt=64
1236| 30890098    LEAX  $0098,X             cc=e8 a=a4 b=b6 dp=00 x=77eb y=0004 u=a7f8 s=1ff4  dt=64
123a| 313f        LEAY  -1,Y                cc=e8 a=a4 b=b6 dp=00 x=77eb y=0003 u=a7f8 s=1ff4  dt=40
123c| 26e8        BNE   $1226               cc=e8 a=a4 b=b6 dp=00 x=77eb y=0003 u=a7f8 s=1ff4  dt=24
1226| ecc1        LDD   ,U++                cc=e8 a=ba b=f4 dp=00 x=77eb y=0003 u=a7fa s=1ff4  dt=64
1228| ed81        STD   ,X++                cc=e8 a=ba b=f4 dp=00 x=77ed y=0003 u=a7fa s=1ff4  dt=64
122a| ecc1        LDD   ,U++                cc=e8 a=dc b=21 dp=00 x=77ed y=0003 u=a7fc s=1ff4  dt=64
122c| ed81        STD   ,X++                cc=e8 a=dc b=21 dp=00 x=77ef y=0003 u=a7fc s=1ff4  dt=64
122e| ecc1        LDD   ,U++                cc=e8 a=c6 b=fe dp=00 x=77ef y=0003 u=a7fe s=1ff4  dt=64
1230| ed81        STD   ,X++                cc=e8 a=c6 b=fe dp=00 x=77f1 y=0003 u=a7fe s=1ff4  dt=64
1232| ecc1        LDD   ,U++                cc=e0 a=2f b=35 dp=00 x=77f1 y=0003 u=a800 s=1ff4  dt=64
1234| ed81        STD   ,X++                cc=e0 a=2f b=35 dp=00 x=77f3 y=0003 u=a800 s=1ff4  dt=64
1236| 30890098    LEAX  $0098,X             cc=e0 a=2f b=35 dp=00 x=788b y=0003 u=a800 s=1ff4  dt=64
123a| 313f        LEAY  -1,Y                cc=e0 a=2f b=35 dp=00 x=788b y=0002 u=a800 s=1ff4  dt=40
123c| 26e8        BNE   $1226               cc=e0 a=2f b=35 dp=00 x=788b y=0002 u=a800 s=1ff4  dt=24
1226| ecc1        LDD   ,U++                cc=e8 a=9d b=8d dp=00 x=788b y=0002 u=a802 s=1ff4  dt=64
1228| ed81        STD   ,X++                cc=e8 a=9d b=8d dp=00 x=788d y=0002 u=a802 s=1ff4  dt=64
122a| ecc1        LDD   ,U++                cc=e0 a=08 b=d1 dp=00 x=788d y=0002 u=a804 s=1ff4  dt=64
122c| ed81        STD   ,X++                cc=e0 a=08 b=d1 dp=00 x=788f y=0002 u=a804 s=1ff4  dt=64
122e| ecc1        LDD   ,U++                cc=e8 a=f8 b=61 dp=00 x=788f y=0002 u=a806 s=1ff4  dt=64
1230| ed81        STD   ,X++                cc=e8 a=f8 b=61 dp=00 x=7891 y=0002 u=a806 s=1ff4  dt=64
1232| ecc1        LDD   ,U++                cc=e8 a=80 b=be dp=00 x=7891 y=0002 u=a808 s=1ff4  dt=64
1234| ed81        STD   ,X++                cc=e8 a=80 b=be dp=00 x=7893 y=0002 u=a808 s=1ff4  dt=64
1236| 30890098    LEAX  $0098,X             cc=e8 a=80 b=be dp=00 x=792b y=0002 u=a808 s=1ff4  dt=64
123a| 313f        LEAY  -1,Y                cc=e8 a=80 b=be dp=00 x=792b y=0001 u=a808 s=1ff4  dt=40
123c| 26e8        BNE   $1226               cc=e8 a=80 b=be dp=00 x=792b y=0001 u=a808 s=1ff4  dt=24
1226| ecc1        LDD   ,U++                cc=e8 a=ea b=96 dp=00 x=792b y=0001 u=a80a s=1ff4  dt=64
1228| ed81        STD   ,X++                cc=e8 a=ea b=96 dp=00 x=792d y=0001 u=a80a s=1ff4  dt=64
122a| ecc1        LDD   ,U++                cc=e0 a=52 b=f8 dp=00 x=792d y=0001 u=a80c s=1ff4  dt=64
122c| ed81        STD   ,X++                cc=e0 a=52 b=f8 dp=00 x=792f y=0001 u=a80c s=1ff4  dt=64
122e| ecc1        LDD   ,U++                cc=e0 a=6a b=af dp=00 x=792f y=0001 u=a80e s=1ff4  dt=64
1230| ed81        STD   ,X++                cc=e0 a=6a b=af dp=00 x=7931 y=0001 u=a80e s=1ff4  dt=64
1232| ecc1        LDD   ,U++                cc=e8 a=b1 b=93 dp=00 x=7931 y=0001 u=a810 s=1ff4  dt=64
1234| ed81        STD   ,X++                cc=e8 a=b1 b=93 dp=00 x=7933 y=0001 u=a810 s=1ff4  dt=64
1236| 30890098    LEAX  $0098,X             cc=e8 a=b1 b=93 dp=00 x=79cb y=0001 u=a810 s=1ff4  dt=64
123a| 313f        LEAY  -1,Y                cc=ec a=b1 b=93 dp=00 x=79cb y=0000 u=a810 s=1ff4  dt=40
123c| 26e8        BNE   $1226               cc=ec a=b1 b=93 dp=00 x=79cb y=0000 u=a810 s=1ff4  dt=24
123e| 39          RTS                       cc=ec a=b1 b=93 dp=00 x=79cb y=0000 u=a810 s=1ff6  dt=40
0c28| 3510        PULS  X                   cc=ec a=b1 b=93 dp=00 x=a480 y=0000 u=a810 s=1ff8  dt=56
0c2a| 3008        LEAX  8,X                 cc=e8 a=b1 b=93 dp=00 x=a488 y=0000 u=a810 s=1ff8  dt=40
0c2c| 0a5d        DEC   <$5d                cc=e0 a=b1 b=93 dp=00 x=a488 y=0000 u=a810 s=1ff8  dt=48
0c2e| 26db        BNE   $0c0b               cc=e0 a=b1 b=93 dp=00 x=a488 y=0000 u=a810 s=1ff8  dt=24
0c0b| 8604        LDA   #$04                cc=e0 a=04 b=93 dp=00 x=a488 y=0000 u=a810 s=1ff8  dt=16
0c0d| 905d        SUBA  <$5d                cc=e0 a=03 b=93 dp=00 x=a488 y=0000 u=a810 s=1ff8  dt=32
0c0f| 108e1075    LDY   #$1075              cc=e0 a=03 b=93 dp=00 x=a488 y=1075 u=a810 s=1ff8  dt=32
0c13| e6a6        LDB   A,Y                 cc=e0 a=03 b=08 dp=00 x=a488 y=1075 u=a810 s=1ff8  dt=40
0c15| d486        ANDB  <$86                cc=e0 a=03 b=08 dp=00 x=a488 y=1075 u=a810 s=1ff8  dt=32
0c17| 2711        BEQ   $0c2a               cc=e0 a=03 b=08 dp=00 x=a488 y=1075 u=a810 s=1ff8  dt=24
0c19| 17045d      LBSR  $1079               cc=e0 a=03 b=08 dp=00 x=a488 y=1075 u=a810 s=1ff6  dt=72
1079| 8604        LDA   #$04                cc=e0 a=04 b=08 dp=00 x=a488 y=1075 u=a810 s=1ff6  dt=16
107b| 905d        SUBA  <$5d                cc=e0 a=03 b=08 dp=00 x=a488 y=1075 u=a810 s=1ff6  dt=32
107d| 48          LSLA                      cc=e0 a=06 b=08 dp=00 x=a488 y=1075 u=a810 s=1ff6  dt=16
107e| cea890      LDU   #$a890              cc=e8 a=06 b=08 dp=00 x=a488 y=1075 u=a890 s=1ff6  dt=24
1081| 33c6        LEAU  A,U                 cc=e8 a=06 b=08 dp=00 x=a488 y=1075 u=a896 s=1ff6  dt=40
1083| 39          RTS                       cc=e8 a=06 b=08 dp=00 x=a488 y=1075 u=a896 s=1ff8  dt=40
0c1c| ecc4        LDD   ,U                  cc=e0 a=6f b=eb dp=00 x=a488 y=1075 u=a896 s=1ff8  dt=40
0c1e| 3410        PSHS  X                   cc=e0 a=6f b=eb dp=00 x=a488 y=1075 u=a896 s=1ff6  dt=56
0c20| 1f01        TFR   D,X                 cc=e0 a=6f b=eb dp=00 x=6feb y=1075 u=a896 s=1ff6  dt=48
0c22| 17045f      LBSR  $1084               cc=e0 a=6f b=eb dp=00 x=6feb y=1075 u=a896 s=1ff4  dt=72
1084| 8604        LDA   #$04                cc=e0 a=04 b=eb dp=00 x=6feb y=1075 u=a896 s=1ff4  dt=16
1086| 905d        SUBA  <$5d                cc=e0 a=03 b=eb dp=00 x=6feb y=1075 u=a896 s=1ff4  dt=32
1088| c680        LDB   #$80                cc=e8 a=03 b=80 dp=00 x=6feb y=1075 u=a896 s=1ff4  dt=16
108a| 3d          MUL                       cc=e9 a=01 b=80 dp=00 x=6feb y=1075 u=a896 s=1ff4  dt=88
108b| 0d90        TST   <$90                cc=e5 a=01 b=80 dp=00 x=6feb y=1075 u=a896 s=1ff4  dt=48
108d| 2605        BNE   $1094               cc=e5 a=01 b=80 dp=00 x=6feb y=1075 u=a896 s=1ff4  dt=24
108f| c3a690      ADDD  #$a690              cc=e8 a=a8 b=10 dp=00 x=6feb y=1075 u=a896 s=1ff4  dt=32
1092| 2003        BRA   $1097               cc=e8 a=a8 b=10 dp=00 x=6feb y=1075 u=a896 s=1ff4  dt=24
1097| 1f03        TFR   D,U                 cc=e8 a=a8 b=10 dp=00 x=6feb y=1075 u=a810 s=1ff4  dt=48
1099| 39          RTS                       cc=e8 a=a8 b=10 dp=00 x=6feb y=1075 u=a810 s=1ff6  dt=40
0c25| 1705cd      LBSR  $11f5               cc=e8 a=a8 b=10 dp=00 x=6feb y=1075 u=a810 s=1ff4  dt=72
11f5| df9e        STU   <$9e                cc=e8 a=a8 b=10 dp=00 x=6feb y=1075 u=a810 s=1ff4  dt=40
11f7| 17fea0      LBSR  $109a               cc=e8 a=a8 b=10 dp=00 x=6feb y=1075 u=a810 s=1ff2  dt=72
109a| 8604        LDA   #$04                cc=e0 a=04 b=10 dp=00 x=6feb y=1075 u=a810 s=1ff2  dt=16
109c| 905d        SUBA  <$5d                cc=e0 a=03 b=10 dp=00 x=6feb y=1075 u=a810 s=1ff2  dt=32
109e| cea898      LDU   #$a898              cc=e8 a=03 b=10 dp=00 x=6feb y=1075 u=a898 s=1ff2  dt=24
10a1| 33c6        LEAU  A,U                 cc=e8 a=03 b=10 dp=00 x=6feb y=1075 u=a89b s=1ff2  dt=40
10a3| 39          RTS                       cc=e8 a=03 b=10 dp=00 x=6feb y=1075 u=a89b s=1ff4  dt=40
11fa| a6c4        LDA   ,U                  cc=e4 a=00 b=10 dp=00 x=6feb y=1075 u=a89b s=1ff4  dt=32
11fc| 979c        STA   <$9c                cc=e4 a=00 b=10 dp=00 x=6feb y=1075 u=a89b s=1ff4  dt=32
11fe| 85f0        BITA  #$f0                cc=e4 a=00 b=10 dp=00 x=6feb y=1075 u=a89b s=1ff4  dt=16
1200| 1026011c    LBNE  $1320               cc=e4 a=00 b=10 dp=00 x=6feb y=1075 u=a89b s=1ff4  dt=40
1204| 8407        ANDA  #$07                cc=e4 a=00 b=10 dp=00 x=6feb y=1075 u=a89b s=1ff4  dt=16
1206| 48          LSLA                      cc=e4 a=00 b=10 dp=00 x=6feb y=1075 u=a89b s=1ff4  dt=16
1207| de9e        LDU   <$9e                cc=e8 a=00 b=10 dp=00 x=6feb y=1075 u=a810 s=1ff4  dt=40
1209| 108e1212    LDY   #$1212              cc=e0 a=00 b=10 dp=00 x=6feb y=1212 u=a810 s=1ff4  dt=32
120d| 10aea6      LDY   A,Y                 cc=e0 a=00 b=10 dp=00 x=6feb y=1222 u=a810 s=1ff4  dt=56
1210| 6ea4        JMP   ,Y                  cc=e0 a=00 b=10 dp=00 x=6feb y=1222 u=a810 s=1ff4  dt=24
1222| 108e0010    LDY   #$0010              cc=e0 a=00 b=10 dp=00 x=6feb y=0010 u=a810 s=1ff4  dt=32
1226| ecc1        LDD   ,U++                cc=e0 a=74 b=65 dp=00 x=6feb y=0010 u=a812 s=1ff4  dt=64
1228| ed81        STD   ,X++                cc=e0 a=74 b=65 dp=00 x=6fed y=0010 u=a812 s=1ff4  dt=64
122a| ecc1        LDD   ,U++                cc=e8 a=de b=65 dp=00 x=6fed y=0010 u=a814 s=1ff4  dt=64
122c| ed81        STD   ,X++                cc=e8 a=de b=65 dp=00 x=6fef y=0010 u=a814 s=1ff4  dt=64
122e| ecc1        LDD   ,U++                cc=e8 a=f1 b=82 dp=00 x=6fef y=0010 u=a816 s=1ff4  dt=64
1230| ed81        STD   ,X++                cc=e8 a=f1 b=82 dp=00 x=6ff1 y=0010 u=a816 s=1ff4  dt=64
1232| ecc1        LDD   ,U++                cc=e0 a=1b b=ab dp=00 x=6ff1 y=0010 u=a818 s=1ff4  dt=64
1234| ed81        STD   ,X++                cc=e0 a=1b b=ab dp=00 x=6ff3 y=0010 u=a818 s=1ff4  dt=64
1236| 30890098    LEAX  $0098,X             cc=e0 a=1b b=ab dp=00 x=708b y=0010 u=a818 s=1ff4  dt=64
123a| 313f        LEAY  -1,Y                cc=e0 a=1b b=ab dp=00 x=708b y=000f u=a818 s=1ff4  dt=40
123c| 26e8        BNE   $1226               cc=e0 a=1b b=ab dp=00 x=708b y=000f u=a818 s=1ff4  dt=24
1226| ecc1        LDD   ,U++                cc=e0 a=76 b=f8 dp=00 x=708b y=000f u=a81a s=1ff4  dt=64
1228| ed81        STD   ,X++                cc=e0 a=76 b=f8 dp=00 x=708d y=000f u=a81a s=1ff4  dt=64
122a| ecc1        LDD   ,U++                cc=e8 a=cd b=3c dp=00 x=708d y=000f u=a81c s=1ff4  dt=64
122c| ed81        STD   ,X++                cc=e8 a=cd b=3c dp=00 x=708f y=000f u=a81c s=1ff4  dt=64
122e| ecc1        LDD   ,U++                cc=e8 a=f6 b=fc dp=00 x=708f y=000f u=a81e s=1ff4  dt=64
1230| ed81        STD   ,X++                cc=e8 a=f6 b=fc dp=00 x=7091 y=000f u=a81e s=1ff4  dt=64
1232| ecc1        LDD   ,U++                cc=e0 a=71 b=93 dp=00 x=7091 y=000f u=a820 s=1ff4  dt=64
1234| ed81        STD   ,X++                cc=e0 a=71 b=93 dp=00 x=7093 y=000f u=a820 s=1ff4  dt=64
1236| 30890098    LEAX  $0098,X             cc=e0 a=71 b=93 dp=00 x=712b y=000f u=a820 s=1ff4  dt=64
123a| 313f        LEAY  -1,Y                cc=e0 a=71 b=93 dp=00 x=712b y=000e u=a820 s=1ff4  dt=40
123c| 26e8        BNE   $1226               cc=e0 a=71 b=93 dp=00 x=712b y=000e u=a820 s=1ff4  dt=24
1226| ecc1        LDD   ,U++                cc=e8 a=8a b=79 dp=00 x=712b y=000e u=a822 s=1ff4  dt=64
1228| ed81        STD   ,X++                cc=e8 a=8a b=79 dp=00 x=712d y=000e u=a822 s=1ff4  dt=64
122a| ecc1        LDD   ,U++                cc=e0 a=64 b=82 dp=00 x=712d y=000e u=a824 s=1ff4  dt=64
122c| ed81        STD   ,X++                cc=e0 a=64 b=82 dp=00 x=712f y=000e u=a824 s=1ff4  dt=64
122e| ecc1        LDD   ,U++                cc=e8 a=db b=e4 dp=00 x=712f y=000e u=a826 s=1ff4  dt=64
1230| ed81        STD   ,X++                cc=e8 a=db b=e4 dp=00 x=7131 y=000e u=a826 s=1ff4  dt=64
1232| ecc1        LDD   ,U++                cc=e0 a=40 b=c5 dp=00 x=7131 y=000e u=a828 s=1ff4  dt=64
1234| ed81        STD   ,X++                cc=e0 a=40 b=c5 dp=00 x=7133 y=000e u=a828 s=1ff4  dt=64
1236| 30890098    LEAX  $0098,X             cc=e0 a=40 b=c5 dp=00 x=71cb y=000e u=a828 s=1ff4  dt=64
123a| 313f        LEAY  -1,Y                cc=e0 a=40 b=c5 dp=00 x=71cb y=000d u=a828 s=1ff4  dt=40
123c| 26e8        BNE   $1226               cc=e0 a=40 b=c5 dp=00 x=71cb y=000d u=a828 s=1ff4  dt=24
1226| ecc1        LDD   ,U++                cc=e0 a=7a b=93 dp=00 x=71cb y=000d u=a82a s=1ff4  dt=64
1228| ed81        STD   ,X++                cc=e0 a=7a b=93 dp=00 x=71cd y=000d u=a82a s=1ff4  dt=64
122a| ecc1        LDD   ,U++                cc=e8 a=bd b=e5 dp=00 x=71cd y=000d u=a82c s=1ff4  dt=64
122c| ed81        STD   ,X++                cc=e8 a=bd b=e5 dp=00 x=71cf y=000d u=a82c s=1ff4  dt=64
122e| ecc1        LDD   ,U++                cc=e0 a=42 b=6e dp=00 x=71cf y=000d u=a82e s=1ff4  dt=64
1230| ed81        STD   ,X++                cc=e0 a=42 b=6e dp=00 x=71d1 y=000d u=a82e s=1ff4  dt=64
1232| ecc1        LDD   ,U++                cc=e0 a=78 b=b6 dp=00 x=71d1 y=000d u=a830 s=1ff4  dt=64
1234| ed81        STD   ,X++                cc=e0 a=78 b=b6 dp=00 x=71d3 y=000d u=a830 s=1ff4  dt=64
1236| 30890098    LEAX  $0098,X             cc=e0 a=78 b=b6 dp=00 x=726b y=000d u=a830 s=1ff4  dt=64
123a| 313f        LEAY  -1,Y                cc=e0 a=78 b=b6 dp=00 x=726b y=000c u=a830 s=1ff4  dt=40
123c| 26e8        BNE   $1226               cc=e0 a=78 b=b6 dp=00 x=726b y=000c u=a830 s=1ff4  dt=24
1226| ecc1        LDD   ,U++                cc=e8 a=d3 b=56 dp=00 x=726b y=000c u=a832 s=1ff4  dt=64
1228| ed81        STD   ,X++                cc=e8 a=d3 b=56 dp=00 x=726d y=000c u=a832 s=1ff4  dt=64
122a| ecc1        LDD   ,U++                cc=e0 a=1b b=c4 dp=00 x=726d y=000c u=a834 s=1ff4  dt=64
122c| ed81        STD   ,X++                cc=e0 a=1b b=c4 dp=00 x=726f y=000c u=a834 s=1ff4  dt=64
122e| ecc1        LDD   ,U++                cc=e8 a=d8 b=36 dp=00 x=726f y=000c u=a836 s=1ff4  dt=64
1230| ed81        STD   ,X++                cc=e8 a=d8 b=36 dp=00 x=7271 y=000c u=a836 s=1ff4  dt=64
1232| ecc1        LDD   ,U++                cc=e0 a=6f b=4e dp=00 x=7271 y=000c u=a838 s=1ff4  dt=64
1234| ed81        STD   ,X++                cc=e0 a=6f b=4e dp=00 x=7273 y=000c u=a838 s=1ff4  dt=64
1236| 30890098    LEAX  $0098,X             cc=e0 a=6f b=4e dp=00 x=730b y=000c u=a838 s=1ff4  dt=64
123a| 313f        LEAY  -1,Y                cc=e0 a=6f b=4e dp=00 x=730b y=000b u=a838 s=1ff4  dt=40
123c| 26e8        BNE   $1226               cc=e0 a=6f b=4e dp=00 x=730b y=000b u=a838 s=1ff4  dt=24
1226| ecc1        LDD   ,U++                cc=e0 a=2e b=3c dp=00 x=730b y=000b u=a83a s=1ff4  dt=64
1228| ed81        STD   ,X++                cc=e0 a=2e b=3c dp=00 x=730d y=000b u=a83a s=1ff4  dt=64
122a| ecc1        LDD   ,U++                cc=e8 a=8a b=24 dp=00 x=730d y=000b u=a83c s=1ff4  dt=64
122c| ed81        STD   ,X++                cc=e8 a=8a b=24 dp=00 x=730f y=000b u=a83c s=1ff4  dt=64
122e| ecc1        LDD   ,U++                cc=e0 a=39 b=fc dp=00 x=730f y=000b u=a83e s=1ff4  dt=64
1230| ed81        STD   ,X++                cc=e0 a=39 b=fc dp=00 x=7311 y=000b u=a83e s=1ff4  dt=64
1232| ecc1        LDD   ,U++                cc=e8 a=b7 b=c3 dp=00 x=7311 y=000b u=a840 s=1ff4  dt=64
1234| ed81        STD   ,X++                cc=e8 a=b7 b=c3 dp=00 x=7313 y=000b u=a840 s=1ff4  dt=64
1236| 30890098    LEAX  $0098,X             cc=e8 a=b7 b=c3 dp=00 x=73ab y=000b u=a840 s=1ff4  dt=64
123a| 313f        LEAY  -1,Y                cc=e8 a=b7 b=c3 dp=00 x=73ab y=000a u=a840 s=1ff4  dt=40
123c| 26e8        BNE   $1226               cc=e8 a=b7 b=c3 dp=00 x=73ab y=000a u=a840 s=1ff4  dt=24
1226| ecc1        LDD   ,U++                cc=e0 a=75 b=1c dp=00 x=73ab y=000a u=a842 s=1ff4  dt=64
1228| ed81        STD   ,X++                cc=e0 a=75 b=1c dp=00 x=73ad y=000a u=a842 s=1ff4  dt=64
122a| ecc1        LDD   ,U++                cc=e0 a=45 b=50 dp=00 x=73ad y=000a u=a844 s=1ff4  dt=64
122c| ed81        STD   ,X++                cc=e0 a=45 b=50 dp=00 x=73af y=000a u=a844 s=1ff4  dt=64
122e| ecc1        LDD   ,U++                cc=e0 a=00 b=85 dp=00 x=73af y=000a u=a846 s=1ff4  dt=64
1230| ed81        STD   ,X++                cc=e0 a=00 b=85 dp=00 x=73b1 y=000a u=a846 s=1ff4  dt=64
1232| ecc1        LDD   ,U++                cc=e0 a=15 b=7b dp=00 x=73b1 y=000a u=a848 s=1ff4  dt=64
1234| ed81        STD   ,X++                cc=e0 a=15 b=7b dp=00 x=73b3 y=000a u=a848 s=1ff4  dt=64
1236| 30890098    LEAX  $0098,X             cc=e0 a=15 b=7b dp=00 x=744b y=000a u=a848 s=1ff4  dt=64
123a| 313f        LEAY  -1,Y                cc=e0 a=15 b=7b dp=00 x=744b y=0009 u=a848 s=1ff4  dt=40
123c| 26e8        BNE   $1226               cc=e0 a=15 b=7b dp=00 x=744b y=0009 u=a848 s=1ff4  dt=24
1226| ecc1        LDD   ,U++                cc=e0 a=18 b=d2 dp=00 x=744b y=0009 u=a84a s=1ff4  dt=64
1228| ed81        STD   ,X++                cc=e0 a=18 b=d2 dp=00 x=744d y=0009 u=a84a s=1ff4  dt=64
122a| ecc1        LDD   ,U++                cc=e0 a=60 b=5a dp=00 x=744d y=0009 u=a84c s=1ff4  dt=64
122c| ed81        STD   ,X++                cc=e0 a=60 b=5a dp=00 x=744f y=0009 u=a84c s=1ff4  dt=64
122e| ecc1        LDD   ,U++                cc=e0 a=40 b=d8 dp=00 x=744f y=0009 u=a84e s=1ff4  dt=64
1230| ed81        STD   ,X++                cc=e0 a=40 b=d8 dp=00 x=7451 y=0009 u=a84e s=1ff4  dt=64
1232| ecc1        LDD   ,U++                cc=e0 a=10 b=13 dp=00 x=7451 y=0009 u=a850 s=1ff4  dt=64
1234| ed81        STD   ,X++                cc=e0 a=10 b=13 dp=00 x=7453 y=0009 u=a850 s=1ff4  dt=64
1236| 30890098    LEAX  $0098,X             cc=e0 a=10 b=13 dp=00 x=74eb y=0009 u=a850 s=1ff4  dt=64
123a| 313f        LEAY  -1,Y                cc=e0 a=10 b=13 dp=00 x=74eb y=0008 u=a850 s=1ff4  dt=40
123c| 26e8        BNE   $1226               cc=e0 a=10 b=13 dp=00 x=74eb y=0008 u=a850 s=1ff4  dt=24
1226| ecc1        LDD   ,U++                cc=e0 a=2f b=2b dp=00 x=74eb y=0008 u=a852 s=1ff4  dt=64
1228| ed81        STD   ,X++                cc=e0 a=2f b=2b dp=00 x=74ed y=0008 u=a852 s=1ff4  dt=64
122a| ecc1        LDD   ,U++                cc=e8 a=d7 b=07 dp=00 x=74ed y=0008 u=a854 s=1ff4  dt=64
122c| ed81        STD   ,X++                cc=e8 a=d7 b=07 dp=00 x=74ef y=0008 u=a854 s=1ff4  dt=64
122e| ecc1        LDD   ,U++                cc=e0 a=62 b=47 dp=00 x=74ef y=0008 u=a856 s=1ff4  dt=64
1230| ed81        STD   ,X++                cc=e0 a=62 b=47 dp=00 x=74f1 y=0008 u=a856 s=1ff4  dt=64
1232| ecc1        LDD   ,U++                cc=e0 a=56 b=90 dp=00 x=74f1 y=0008 u=a858 s=1ff4  dt=64
1234| ed81        STD   ,X++                cc=e0 a=56 b=90 dp=00 x=74f3 y=0008 u=a858 s=1ff4  dt=64
1236| 30890098    LEAX  $0098,X             cc=e0 a=56 b=90 dp=00 x=758b y=0008 u=a858 s=1ff4  dt=64
123a| 313f        LEAY  -1,Y                cc=e0 a=56 b=90 dp=00 x=758b y=0007 u=a858 s=1ff4  dt=40
123c| 26e8        BNE   $1226               cc=e0 a=56 b=90 dp=00 x=758b y=0007 u=a858 s=1ff4  dt=24
1226| ecc1        LDD   ,U++                cc=e8 a=83 b=e0 dp=00 x=758b y=0007 u=a85a s=1ff4  dt=64
1228| ed81        STD   ,X++                cc=e8 a=83 b=e0 dp=00 x=758d y=0007 u=a85a s=1ff4  dt=64
122a| ecc1        LDD   ,U++                cc=e8 a=b5 b=bc dp=00 x=758d y=0007 u=a85c s=1ff4  dt=64
122c| ed81        STD   ,X++                cc=e8 a=b5 b=bc dp=00 x=758f y=0007 u=a85c s=1ff4  dt=64
122e| ecc1        LDD   ,U++                cc=e8 a=dc b=6c dp=00 x=758f y=0007 u=a85e s=1ff4  dt=64
1230| ed81        STD   ,X++                cc=e8 a=dc b=6c dp=00 x=7591 y=0007 u=a85e s=1ff4  dt=64
1232| ecc1        LDD   ,U++                cc=e0 a=7f b=52 dp=00 x=7591 y=0007 u=a860 s=1ff4  dt=64
1234| ed81        STD   ,X++                cc=e0 a=7f b=52 dp=00 x=7593 y=0007 u=a860 s=1ff4  dt=64
1236| 30890098    LEAX  $0098,X             cc=e0 a=7f b=52 dp=00 x=762b y=0007 u=a860 s=1ff4  dt=64
123a| 313f        LEAY  -1,Y                cc=e0 a=7f b=52 dp=00 x=762b y=0006 u=a860 s=1ff4  dt=40
123c| 26e8        BNE   $1226               cc=e0 a=7f b=52 dp=00 x=762b y=0006 u=a860 s=1ff4  dt=24
1226| ecc1        LDD   ,U++                cc=e8 a=88 b=c4 dp=00 x=762b y=0006 u=a862 s=1ff4  dt=64
1228| ed81        STD   ,X++                cc=e8 a=88 b=c4 dp=00 x=762d y=0006 u=a862 s=1ff4  dt=64
122a| ecc1        LDD   ,U++                cc=e8 a=a2 b=89 dp=00 x=762d y=0006 u=a864 s=1ff4  dt=64
122c| ed81        STD   ,X++                cc=e8 a=a2 b=89 dp=00 x=762f y=0006 u=a864 s=1ff4  dt=64
122e| ecc1        LDD   ,U++                cc=e0 a=4a b=b8 dp=00 x=762f y=0006 u=a866 s=1ff4  dt=64
1230| ed81        STD   ,X++                cc=e0 a=4a b=b8 dp=00 x=7631 y=0006 u=a866 s=1ff4  dt=64
1232| ecc1        LDD   ,U++                cc=e0 a=04 b=62 dp=00 x=7631 y=0006 u=a868 s=1ff4  dt=64
1234| ed81        STD   ,X++                cc=e0 a=04 b=62 dp=00 x=7633 y=0006 u=a868 s=1ff4  dt=64
1236| 30890098    LEAX  $0098,X             cc=e0 a=04 b=62 dp=00 x=76cb y=0006 u=a868 s=1ff4  dt=64
123a| 313f        LEAY  -1,Y                cc=e0 a=04 b=62 dp=00 x=76cb y=0005 u=a868 s=1ff4  dt=40
123c| 26e8        BNE   $1226               cc=e0 a=04 b=62 dp=00 x=76cb y=0005 u=a868 s=1ff4  dt=24
1226| ecc1        LDD   ,U++                cc=e8 a=8a b=64 dp=00 x=76cb y=0005 u=a86a s=1ff4  dt=64
1228| ed81        STD   ,X++                cc=e8 a=8a b=64 dp=00 x=76cd y=0005 u=a86a s=1ff4  dt=64
122a| ecc1        LDD   ,U++                cc=e8 a=bd b=cb dp=00 x=76cd y=0005 u=a86c s=1ff4  dt=64
122c| ed81        STD   ,X++                cc=e8 a=bd b=cb dp=00 x=76cf y=0005 u=a86c s=1ff4  dt=64
122e| ecc1        LDD   ,U++                cc=e0 a=3c b=cd dp=00 x=76cf y=0005 u=a86e s=1ff4  dt=64
1230| ed81        STD   ,X++                cc=e0 a=3c b=cd dp=00 x=76d1 y=0005 u=a86e s=1ff4  dt=64
1232| ecc1        LDD   ,U++                cc=e8 a=de b=6b dp=00 x=76d1 y=0005 u=a870 s=1ff4  dt=64
1234| ed81        STD   ,X++                cc=e8 a=de b=6b dp=00 x=76d3 y=0005 u=a870 s=1ff4  dt=64
1236| 30890098    LEAX  $0098,X             cc=e8 a=de b=6b dp=00 x=776b y=0005 u=a870 s=1ff4  dt=64
123a| 313f        LEAY  -1,Y                cc=e8 a=de b=6b dp=00 x=776b y=0004 u=a870 s=1ff4  dt=40
123c| 26e8        BNE   $1226               cc=e8 a=de b=6b dp=00 x=776b y=0004 u=a870 s=1ff4  dt=24
1226| ecc1        LDD   ,U++                cc=e8 a=f9 b=b6 dp=00 x=776b y=0004 u=a872 s=1ff4  dt=64
1228| ed81        STD   ,X++                cc=e8 a=f9 b=b6 dp=00 x=776d y=0004 u=a872 s=1ff4  dt=64
122a| ecc1        LDD   ,U++                cc=e0 a=73 b=5b dp=00 x=776d y=0004 u=a874 s=1ff4  dt=64
122c| ed81        STD   ,X++                cc=e0 a=73 b=5b dp=00 x=776f y=0004 u=a874 s=1ff4  dt=64
122e| ecc1        LDD   ,U++                cc=e8 a=fd b=c9 dp=00 x=776f y=0004 u=a876 s=1ff4  dt=64
1230| ed81        STD   ,X++                cc=e8 a=fd b=c9 dp=00 x=7771 y=0004 u=a876 s=1ff4  dt=64
1232| ecc1        LDD   ,U++                cc=e8 a=eb b=80 dp=00 x=7771 y=0004 u=a878 s=1ff4  dt=64
1234| ed81        STD   ,X++                cc=e8 a=eb b=80 dp=00 x=7773 y=0004 u=a878 s=1ff4  dt=64
1236| 30890098    LEAX  $0098,X             cc=e8 a=eb b=80 dp=00 x=780b y=0004 u=a878 s=1ff4  dt=64
123a| 313f        LEAY  -1,Y                cc=e8 a=eb b=80 dp=00 x=780b y=0003 u=a878 s=1ff4  dt=40
123c| 26e8        BNE   $1226               cc=e8 a=eb b=80 dp=00 x=780b y=0003 u=a878 s=1ff4  dt=24
1226| ecc1        LDD   ,U++                cc=e8 a=a9 b=a0 dp=00 x=780b y=0003 u=a87a s=1ff4  dt=64
1228| ed81        STD   ,X++                cc=e8 a=a9 b=a0 dp=00 x=780d y=0003 u=a87a s=1ff4  dt=64
122a| ecc1        LDD   ,U++                cc=e0 a=3d b=86 dp=00 x=780d y=0003 u=a87c s=1ff4  dt=64
122c| ed81        STD   ,X++                cc=e0 a=3d b=86 dp=00 x=780f y=0003 u=a87c s=1ff4  dt=64
122e| ecc1        LDD   ,U++                cc=e0 a=0d b=bc dp=00 x=780f y=0003 u=a87e s=1ff4  dt=64
1230| ed81        STD   ,X++                cc=e0 a=0d b=bc dp=00 x=7811 y=0003 u=a87e s=1ff4  dt=64
1232| ecc1        LDD   ,U++                cc=e8 a=d8 b=95 dp=00 x=7811 y=0003 u=a880 s=1ff4  dt=64
1234| ed81        STD   ,X++                cc=e8 a=d8 b=95 dp=00 x=7813 y=0003 u=a880 s=1ff4  dt=64
1236| 30890098    LEAX  $0098,X             cc=e8 a=d8 b=95 dp=00 x=78ab y=0003 u=a880 s=1ff4  dt=64
123a| 313f        LEAY  -1,Y                cc=e8 a=d8 b=95 dp=00 x=78ab y=0002 u=a880 s=1ff4  dt=40
123c| 26e8        BNE   $1226               cc=e8 a=d8 b=95 dp=00 x=78ab y=0002 u=a880 s=1ff4  dt=24
1226| ecc1        LDD   ,U++                cc=e8 a=81 b=7a dp=00 x=78ab y=0002 u=a882 s=1ff4  dt=64
1228| ed81        STD   ,X++                cc=e8 a=81 b=7a dp=00 x=78ad y=0002 u=a882 s=1ff4  dt=64
122a| ecc1        LDD   ,U++                cc=e0 a=1e b=cb dp=00 x=78ad y=0002 u=a884 s=1ff4  dt=64
122c| ed81        STD   ,X++                cc=e0 a=1e b=cb dp=00 x=78af y=0002 u=a884 s=1ff4  dt=64
122e| ecc1        LDD   ,U++                cc=e0 a=32 b=22 dp=00 x=78af y=0002 u=a886 s=1ff4  dt=64
1230| ed81        STD   ,X++                cc=e0 a=32 b=22 dp=00 x=78b1 y=0002 u=a886 s=1ff4  dt=64
1232| ecc1        LDD   ,U++                cc=e0 a=2d b=bd dp=00 x=78b1 y=0002 u=a888 s=1ff4  dt=64
1234| ed81        STD   ,X++                cc=e0 a=2d b=bd dp=00 x=78b3 y=0002 u=a888 s=1ff4  dt=64
1236| 30890098    LEAX  $0098,X             cc=e0 a=2d b=bd dp=00 x=794b y=0002 u=a888 s=1ff4  dt=64
123a| 313f        LEAY  -1,Y                cc=e0 a=2d b=bd dp=00 x=794b y=0001 u=a888 s=1ff4  dt=40
123c| 26e8        BNE   $1226               cc=e0 a=2d b=bd dp=00 x=794b y=0001 u=a888 s=1ff4  dt=24
1226| ecc1        LDD   ,U++                cc=e8 a=86 b=ea dp=00 x=794b y=0001 u=a88a s=1ff4  dt=64
1228| ed81        STD   ,X++                cc=e8 a=86 b=ea dp=00 x=794d y=0001 u=a88a s=1ff4  dt=64
122a| ecc1        LDD   ,U++                cc=e8 a=88 b=c3 dp=00 x=794d y=0001 u=a88c s=1ff4  dt=64
122c| ed81        STD   ,X++                cc=e8 a=88 b=c3 dp=00 x=794f y=0001 u=a88c s=1ff4  dt=64
122e| ecc1        LDD   ,U++                cc=e8 a=b8 b=66 dp=00 x=794f y=0001 u=a88e s=1ff4  dt=64
1230| ed81        STD   ,X++                cc=e8 a=b8 b=66 dp=00 x=7951 y=0001 u=a88e s=1ff4  dt=64
1232| ecc1        LDD   ,U++                cc=e0 a=2e b=b1 dp=00 x=7951 y=0001 u=a890 s=1ff4  dt=64
1234| ed81        STD   ,X++                cc=e0 a=2e b=b1 dp=00 x=7953 y=0001 u=a890 s=1ff4  dt=64
1236| 30890098    LEAX  $0098,X             cc=e0 a=2e b=b1 dp=00 x=79eb y=0001 u=a890 s=1ff4  dt=64
123a| 313f        LEAY  -1,Y                cc=e4 a=2e b=b1 dp=00 x=79eb y=0000 u=a890 s=1ff4  dt=40
123c| 26e8        BNE   $1226               cc=e4 a=2e b=b1 dp=00 x=79eb y=0000 u=a890 s=1ff4  dt=24
123e| 39          RTS                       cc=e4 a=2e b=b1 dp=00 x=79eb y=0000 u=a890 s=1ff6  dt=40
0c28| 3510        PULS  X                   cc=e4 a=2e b=b1 dp=00 x=a488 y=0000 u=a890 s=1ff8  dt=56
0c2a| 3008        LEAX  8,X                 cc=e0 a=2e b=b1 dp=00 x=a490 y=0000 u=a890 s=1ff8  dt=40
0c2c| 0a5d        DEC   <$5d                cc=e4 a=2e b=b1 dp=00 x=a490 y=0000 u=a890 s=1ff8  dt=48
0c2e| 26db        BNE   $0c0b               cc=e4 a=2e b=b1 dp=00 x=a490 y=0000 u=a890 s=1ff8  dt=24
0c30| 39          RTS                       cc=e4 a=2e b=b1 dp=00 x=a490 y=0000 u=a890 s=1ffa  dt=40
0a2b| 17006d      LBSR  $0a9b               cc=e4 a=2e b=b1 dp=00 x=a490 y=0000 u=a890 s=1ff8  dt=72
0a9b| ceaa00      LDU   #$aa00              cc=e8 a=2e b=b1 dp=00 x=a490 y=0000 u=aa00 s=1ff8  dt=24
0a9e| 0d90        TST   <$90                cc=e4 a=2e b=b1 dp=00 x=a490 y=0000 u=aa00 s=1ff8  dt=48
0aa0| 2703        BEQ   $0aa5               cc=e4 a=2e b=b1 dp=00 x=a490 y=0000 u=aa00 s=1ff8  dt=24
0aa5| 33c900a0    LEAU  $00a0,U             cc=e4 a=2e b=b1 dp=00 x=a490 y=0000 u=aaa0 s=1ff8  dt=64
0aa9| 8e007f      LDX   #$007f              cc=e0 a=2e b=b1 dp=00 x=007f y=0000 u=aaa0 s=1ff8  dt=24
0aac| c610        LDB   #$10                cc=e0 a=2e b=10 dp=00 x=007f y=0000 u=aaa0 s=1ff8  dt=16
0aae| a680        LDA   ,X+                 cc=e0 a=01 b=10 dp=00 x=0080 y=0000 u=aaa0 s=1ff8  dt=48
0ab0| a7c0        STA   ,U+                 cc=e0 a=01 b=10 dp=00 x=0080 y=0000 u=aaa1 s=1ff8  dt=48
0ab2| 5a          DECB                      cc=e0 a=01 b=0f dp=00 x=0080 y=0000 u=aaa1 s=1ff8  dt=16
0ab3| 26f9        BNE   $0aae               cc=e0 a=01 b=0f dp=00 x=0080 y=0000 u=aaa1 s=1ff8  dt=24
0aae| a680        LDA   ,X+                 cc=e4 a=00 b=0f dp=00 x=0081 y=0000 u=aaa1 s=1ff8  dt=48
0ab0| a7c0        STA   ,U+                 cc=e4 a=00 b=0f dp=00 x=0081 y=0000 u=aaa2 s=1ff8  dt=48
0ab2| 5a          DECB                      cc=e0 a=00 b=0e dp=00 x=0081 y=0000 u=aaa2 s=1ff8  dt=16
0ab3| 26f9        BNE   $0aae               cc=e0 a=00 b=0e dp=00 x=0081 y=0000 u=aaa2 s=1ff8  dt=24
0aae| a680        LDA   ,X+                 cc=e0 a=47 b=0e dp=00 x=0082 y=0000 u=aaa2 s=1ff8  dt=48
0ab0| a7c0        STA   ,U+                 cc=e0 a=47 b=0e dp=00 x=0082 y=0000 u=aaa3 s=1ff8  dt=48
0ab2| 5a          DECB                      cc=e0 a=47 b=0d dp=00 x=0082 y=0000 u=aaa3 s=1ff8  dt=16
0ab3| 26f9        BNE   $0aae               cc=e0 a=47 b=0d dp=00 x=0082 y=0000 u=aaa3 s=1ff8  dt=24
0aae| a680        LDA   ,X+                 cc=e0 a=05 b=0d dp=00 x=0083 y=0000 u=aaa3 s=1ff8  dt=48
0ab0| a7c0        STA   ,U+                 cc=e0 a=05 b=0d dp=00 x=0083 y=0000 u=aaa4 s=1ff8  dt=48
0ab2| 5a          DECB                      cc=e0 a=05 b=0c dp=00 x=0083 y=0000 u=aaa4 s=1ff8  dt=16
0ab3| 26f9        BNE   $0aae               cc=e0 a=05 b=0c dp=00 x=0083 y=0000 u=aaa4 s=1ff8  dt=24
0aae| a680        LDA   ,X+                 cc=e4 a=00 b=0c dp=00 x=0084 y=0000 u=aaa4 s=1ff8  dt=48
0ab0| a7c0        STA   ,U+                 cc=e4 a=00 b=0c dp=00 x=0084 y=0000 u=aaa5 s=1ff8  dt=48
0ab2| 5a          DECB                      cc=e0 a=00 b=0b dp=00 x=0084 y=0000 u=aaa5 s=1ff8  dt=16
0ab3| 26f9        BNE   $0aae               cc=e0 a=00 b=0b dp=00 x=0084 y=0000 u=aaa5 s=1ff8  dt=24
0aae| a680        LDA   ,X+                 cc=e4 a=00 b=0b dp=00 x=0085 y=0000 u=aaa5 s=1ff8  dt=48
0ab0| a7c0        STA   ,U+                 cc=e4 a=00 b=0b dp=00 x=0085 y=0000 u=aaa6 s=1ff8  dt=48
0ab2| 5a          DECB                      cc=e0 a=00 b=0a dp=00 x=0085 y=0000 u=aaa6 s=1ff8  dt=16
0ab3| 26f9        BNE   $0aae               cc=e0 a=00 b=0a dp=00 x=0085 y=0000 u=aaa6 s=1ff8  dt=24
0aae| a680        LDA   ,X+                 cc=e4 a=00 b=0a dp=00 x=0086 y=0000 u=aaa6 s=1ff8  dt=48
0ab0| a7c0        STA   ,U+                 cc=e4 a=00 b=0a dp=00 x=0086 y=0000 u=aaa7 s=1ff8  dt=48
0ab2| 5a          DECB                      cc=e0 a=00 b=09 dp=00 x=0086 y=0000 u=aaa7 s=1ff8  dt=16
0ab3| 26f9        BNE   $0aae               cc=e0 a=00 b=09 dp=00 x=0086 y=0000 u=aaa7 s=1ff8  dt=24
0aae| a680        LDA   ,X+                 cc=e0 a=0f b=09 dp=00 x=0087 y=0000 u=aaa7 s=1ff8  dt=48
0ab0| a7c0        STA   ,U+                 cc=e0 a=0f b=09 dp=00 x=0087 y=0000 u=aaa8 s=1ff8  dt=48
0ab2| 5a          DECB                      cc=e0 a=0f b=08 dp=00 x=0087 y=0000 u=aaa8 s=1ff8  dt=16
0ab3| 26f9        BNE   $0aae               cc=e0 a=0f b=08 dp=00 x=0087 y=0000 u=aaa8 s=1ff8  dt=24
0aae| a680        LDA   ,X+                 cc=e0 a=0a b=08 dp=00 x=0088 y=0000 u=aaa8 s=1ff8  dt=48
0ab0| a7c0        STA   ,U+                 cc=e0 a=0a b=08 dp=00 x=0088 y=0000 u=aaa9 s=1ff8  dt=48
0ab2| 5a          DECB                      cc=e0 a=0a b=07 dp=00 x=0088 y=0000 u=aaa9 s=1ff8  dt=16
0ab3| 26f9        BNE   $0aae               cc=e0 a=0a b=07 dp=00 x=0088 y=0000 u=aaa9 s=1ff8  dt=24
0aae| a680        LDA   ,X+                 cc=e4 a=00 b=07 dp=00 x=0089 y=0000 u=aaa9 s=1ff8  dt=48
0ab0| a7c0        STA   ,U+                 cc=e4 a=00 b=07 dp=00 x=0089 y=0000 u=aaaa s=1ff8  dt=48
0ab2| 5a          DECB                      cc=e0 a=00 b=06 dp=00 x=0089 y=0000 u=aaaa s=1ff8  dt=16
0ab3| 26f9        BNE   $0aae               cc=e0 a=00 b=06 dp=00 x=0089 y=0000 u=aaaa s=1ff8  dt=24
0aae| a680        LDA   ,X+                 cc=e4 a=00 b=06 dp=00 x=008a y=0000 u=aaaa s=1ff8  dt=48
0ab0| a7c0        STA   ,U+                 cc=e4 a=00 b=06 dp=00 x=008a y=0000 u=aaab s=1ff8  dt=48
0ab2| 5a          DECB                      cc=e0 a=00 b=05 dp=00 x=008a y=0000 u=aaab s=1ff8  dt=16
0ab3| 26f9        BNE   $0aae               cc=e0 a=00 b=05 dp=00 x=008a y=0000 u=aaab s=1ff8  dt=24
0aae| a680        LDA   ,X+                 cc=e4 a=00 b=05 dp=00 x=008b y=0000 u=aaab s=1ff8  dt=48
0ab0| a7c0        STA   ,U+                 cc=e4 a=00 b=05 dp=00 x=008b y=0000 u=aaac s=1ff8  dt=48
0ab2| 5a          DECB                      cc=e0 a=00 b=04 dp=00 x=008b y=0000 u=aaac s=1ff8  dt=16
0ab3| 26f9        BNE   $0aae               cc=e0 a=00 b=04 dp=00 x=008b y=0000 u=aaac s=1ff8  dt=24
0aae| a680        LDA   ,X+                 cc=e4 a=00 b=04 dp=00 x=008c y=0000 u=aaac s=1ff8  dt=48
0ab0| a7c0        STA   ,U+                 cc=e4 a=00 b=04 dp=00 x=008c y=0000 u=aaad s=1ff8  dt=48
0ab2| 5a          DECB                      cc=e0 a=00 b=03 dp=00 x=008c y=0000 u=aaad s=1ff8  dt=16
0ab3| 26f9        BNE   $0aae               cc=e0 a=00 b=03 dp=00 x=008c y=0000 u=aaad s=1ff8  dt=24
0aae| a680        LDA   ,X+                 cc=e4 a=00 b=03 dp=00 x=008d y=0000 u=aaad s=1ff8  dt=48
0ab0| a7c0        STA   ,U+                 cc=e4 a=00 b=03 dp=00 x=008d y=0000 u=aaae s=1ff8  dt=48
0ab2| 5a          DECB                      cc=e0 a=00 b=02 dp=00 x=008d y=0000 u=aaae s=1ff8  dt=16
0ab3| 26f9        BNE   $0aae               cc=e0 a=00 b=02 dp=00 x=008d y=0000 u=aaae s=1ff8  dt=24
0aae| a680        LDA   ,X+                 cc=e4 a=00 b=02 dp=00 x=008e y=0000 u=aaae s=1ff8  dt=48
0ab0| a7c0        STA   ,U+                 cc=e4 a=00 b=02 dp=00 x=008e y=0000 u=aaaf s=1ff8  dt=48
0ab2| 5a          DECB                      cc=e0 a=00 b=01 dp=00 x=008e y=0000 u=aaaf s=1ff8  dt=16
0ab3| 26f9        BNE   $0aae               cc=e0 a=00 b=01 dp=00 x=008e y=0000 u=aaaf s=1ff8  dt=24
0aae| a680        LDA   ,X+                 cc=e4 a=00 b=01 dp=00 x=008f y=0000 u=aaaf s=1ff8  dt=48
0ab0| a7c0        STA   ,U+                 cc=e4 a=00 b=01 dp=00 x=008f y=0000 u=aab0 s=1ff8  dt=48
0ab2| 5a          DECB                      cc=e4 a=00 b=00 dp=00 x=008f y=0000 u=aab0 s=1ff8  dt=16
0ab3| 26f9        BNE   $0aae               cc=e4 a=00 b=00 dp=00 x=008f y=0000 u=aab0 s=1ff8  dt=24
0ab5| dc09        LDD   <$09                cc=e0 a=0c b=12 dp=00 x=008f y=0000 u=aab0 s=1ff8  dt=40
0ab7| edc4        STD   ,U                  cc=e0 a=0c b=12 dp=00 x=008f y=0000 u=aab0 s=1ff8  dt=40
0ab9| 3350        LEAU  -16,U               cc=e0 a=0c b=12 dp=00 x=008f y=0000 u=aaa0 s=1ff8  dt=40
0abb| a6c4        LDA   ,U                  cc=e0 a=01 b=12 dp=00 x=008f y=0000 u=aaa0 s=1ff8  dt=32
0abd| 847e        ANDA  #$7e                cc=e4 a=00 b=12 dp=00 x=008f y=0000 u=aaa0 s=1ff8  dt=16
0abf| a7c4        STA   ,U                  cc=e4 a=00 b=12 dp=00 x=008f y=0000 u=aaa0 s=1ff8  dt=32
0ac1| a641        LDA   1,U                 cc=e4 a=00 b=12 dp=00 x=008f y=0000 u=aaa0 s=1ff8  dt=40
0ac3| 840e        ANDA  #$0e                cc=e4 a=00 b=12 dp=00 x=008f y=0000 u=aaa0 s=1ff8  dt=16
0ac5| a741        STA   1,U                 cc=e4 a=00 b=12 dp=00 x=008f y=0000 u=aaa0 s=1ff8  dt=40
0ac7| 6f48        CLR   8,U                 cc=e4 a=00 b=12 dp=00 x=008f y=0000 u=aaa0 s=1ff8  dt=56
0ac9| 0d60        TST   <$60                cc=e0 a=00 b=12 dp=00 x=008f y=0000 u=aaa0 s=1ff8  dt=48
0acb| 2704        BEQ   $0ad1               cc=e0 a=00 b=12 dp=00 x=008f y=0000 u=aaa0 s=1ff8  dt=24
0acd| 8608        LDA   #$08                cc=e0 a=08 b=12 dp=00 x=008f y=0000 u=aaa0 s=1ff8  dt=16
0acf| a748        STA   8,U                 cc=e0 a=08 b=12 dp=00 x=008f y=0000 u=aaa0 s=1ff8  dt=40
0ad1| 6fc9ff61    CLR   $ff61,U             cc=e4 a=08 b=12 dp=00 x=008f y=0000 u=aaa0 s=1ff8  dt=80
0ad5| a6c4        LDA   ,U                  cc=e4 a=00 b=12 dp=00 x=008f y=0000 u=aaa0 s=1ff8  dt=32
0ad7| aa41        ORA   1,U                 cc=e4 a=00 b=12 dp=00 x=008f y=0000 u=aaa0 s=1ff8  dt=40
0ad9| aa48        ORA   8,U                 cc=e0 a=08 b=12 dp=00 x=008f y=0000 u=aaa0 s=1ff8  dt=40
0adb| aa49        ORA   9,U                 cc=e0 a=08 b=12 dp=00 x=008f y=0000 u=aaa0 s=1ff8  dt=40
0add| aa4b        ORA   11,U                cc=e0 a=08 b=12 dp=00 x=008f y=0000 u=aaa0 s=1ff8  dt=40
0adf| 2704        BEQ   $0ae5               cc=e0 a=08 b=12 dp=00 x=008f y=0000 u=aaa0 s=1ff8  dt=24
0ae1| 6cc9ff61    INC   $ff61,U             cc=e0 a=08 b=12 dp=00 x=008f y=0000 u=aaa0 s=1ff8  dt=80
0ae5| 39          RTS                       cc=e0 a=08 b=12 dp=00 x=008f y=0000 u=aaa0 s=1ffa  dt=40
0a2e| 170017      LBSR  $0a48               cc=e0 a=08 b=12 dp=00 x=008f y=0000 u=aaa0 s=1ff8  dt=72
0a48| 170364      LBSR  $0daf               cc=e0 a=08 b=12 dp=00 x=008f y=0000 u=aaa0 s=1ff6  dt=72
0daf| cea900      LDU   #$a900              cc=e8 a=08 b=12 dp=00 x=008f y=0000 u=a900 s=1ff6  dt=24
0db2| 0d90        TST   <$90                cc=e4 a=08 b=12 dp=00 x=008f y=0000 u=a900 s=1ff6  dt=48
0db4| 2703        BEQ   $0db9               cc=e4 a=08 b=12 dp=00 x=008f y=0000 u=a900 s=1ff6  dt=24
0db9| 39          RTS                       cc=e4 a=08 b=12 dp=00 x=008f y=0000 u=a900 s=1ff8  dt=40
0a4b| 6d41        TST   1,U                 cc=e4 a=08 b=12 dp=00 x=008f y=0000 u=a900 s=1ff8  dt=56
0a4d| 274b        BEQ   $0a9a               cc=e4 a=08 b=12 dp=00 x=008f y=0000 u=a900 s=1ff8  dt=24
0a9a| 39          RTS                       cc=e4 a=08 b=12 dp=00 x=008f y=0000 u=a900 s=1ffa  dt=40
0a31| 1700b2      LBSR  $0ae6               cc=e4 a=08 b=12 dp=00 x=008f y=0000 u=a900 s=1ff8  dt=72
0ae6| 967f        LDA   <$7f                cc=e0 a=01 b=12 dp=00 x=008f y=0000 u=a900 s=1ff8  dt=32
0ae8| 8468        ANDA  #$68                cc=e4 a=00 b=12 dp=00 x=008f y=0000 u=a900 s=1ff8  dt=16
0aea| 2610        BNE   $0afc               cc=e4 a=00 b=12 dp=00 x=008f y=0000 u=a900 s=1ff8  dt=24
0aec| 9687        LDA   <$87                cc=e0 a=0a b=12 dp=00 x=008f y=0000 u=a900 s=1ff8  dt=32
0aee| 840d        ANDA  #$0d                cc=e0 a=08 b=12 dp=00 x=008f y=0000 u=a900 s=1ff8  dt=16
0af0| 260a        BNE   $0afc               cc=e0 a=08 b=12 dp=00 x=008f y=0000 u=a900 s=1ff8  dt=24
0afc| 0c9b        INC   <$9b                cc=e0 a=08 b=12 dp=00 x=008f y=0000 u=a900 s=1ff8  dt=48
0afe| 39          RTS                       cc=e0 a=08 b=12 dp=00 x=008f y=0000 u=a900 s=1ffa  dt=40
0a34| 1700c8      LBSR  $0aff               cc=e0 a=08 b=12 dp=00 x=008f y=0000 u=a900 s=1ff8  dt=72
0aff| 170004      LBSR  $0b06               cc=e0 a=08 b=12 dp=00 x=008f y=0000 u=a900 s=1ff6  dt=72
0b06| 967f        LDA   <$7f                cc=e0 a=01 b=12 dp=00 x=008f y=0000 u=a900 s=1ff6  dt=32
0b08| 8540        BITA  #$40                cc=e4 a=01 b=12 dp=00 x=008f y=0000 u=a900 s=1ff6  dt=16
0b0a| 102600c9    LBNE  $0bd7               cc=e4 a=01 b=12 dp=00 x=008f y=0000 u=a900 s=1ff6  dt=40
0b0e| 967f        LDA   <$7f                cc=e0 a=01 b=12 dp=00 x=008f y=0000 u=a900 s=1ff6  dt=32
0b10| 8508        BITA  #$08                cc=e4 a=01 b=12 dp=00 x=008f y=0000 u=a900 s=1ff6  dt=16
0b12| 2706        BEQ   $0b1a               cc=e4 a=01 b=12 dp=00 x=008f y=0000 u=a900 s=1ff6  dt=24
0b1a| 967f        LDA   <$7f                cc=e0 a=01 b=12 dp=00 x=008f y=0000 u=a900 s=1ff6  dt=32
0b1c| 8520        BITA  #$20                cc=e4 a=01 b=12 dp=00 x=008f y=0000 u=a900 s=1ff6  dt=16
0b1e| 270b        BEQ   $0b2b               cc=e4 a=01 b=12 dp=00 x=008f y=0000 u=a900 s=1ff6  dt=24
0b2b| 17feba      LBSR  $09e8               cc=e4 a=01 b=12 dp=00 x=008f y=0000 u=a900 s=1ff4  dt=72
09e8| 9687        LDA   <$87                cc=e0 a=0a b=12 dp=00 x=008f y=0000 u=a900 s=1ff4  dt=32
09ea| 8501        BITA  #$01                cc=e4 a=0a b=12 dp=00 x=008f y=0000 u=a900 s=1ff4  dt=16
09ec| 2703        BEQ   $09f1               cc=e4 a=0a b=12 dp=00 x=008f y=0000 u=a900 s=1ff4  dt=24
09f1| 9687        LDA   <$87                cc=e0 a=0a b=12 dp=00 x=008f y=0000 u=a900 s=1ff4  dt=32
09f3| 8504        BITA  #$04                cc=e4 a=0a b=12 dp=00 x=008f y=0000 u=a900 s=1ff4  dt=16
09f5| 270e        BEQ   $0a05               cc=e4 a=0a b=12 dp=00 x=008f y=0000 u=a900 s=1ff4  dt=24
0a05| 9687        LDA   <$87                cc=e0 a=0a b=12 dp=00 x=008f y=0000 u=a900 s=1ff4  dt=32
0a07| 850a        BITA  #$0a                cc=e0 a=0a b=12 dp=00 x=008f y=0000 u=a900 s=1ff4  dt=16
0a09| 270d        BEQ   $0a18               cc=e0 a=0a b=12 dp=00 x=008f y=0000 u=a900 s=1ff4  dt=24
0a0b| 0d60        TST   <$60                cc=e0 a=0a b=12 dp=00 x=008f y=0000 u=a900 s=1ff4  dt=48
0a0d| 2604        BNE   $0a13               cc=e0 a=0a b=12 dp=00 x=008f y=0000 u=a900 s=1ff4  dt=24
0a13| 1709a0      LBSR  $13b6               cc=e0 a=0a b=12 dp=00 x=008f y=0000 u=a900 s=1ff2  dt=72
13b6| 8ea490      LDX   #$a490              cc=e8 a=0a b=12 dp=00 x=a490 y=0000 u=a900 s=1ff2  dt=24
13b9| ce1800      LDU   #$1800              cc=e0 a=0a b=12 dp=00 x=a490 y=0000 u=1800 s=1ff2  dt=24
13bc| 108e0080    LDY   #$0080              cc=e0 a=0a b=12 dp=00 x=a490 y=0080 u=1800 s=1ff2  dt=32
13c0| ec81        LDD   ,X++                cc=e0 a=44 b=00 dp=00 x=a492 y=0080 u=1800 s=1ff2  dt=64
13c2| edc1        STD   ,U++                cc=e0 a=44 b=00 dp=00 x=a492 y=0080 u=1802 s=1ff2  dt=64
13c4| 313f        LEAY  -1,Y                cc=e0 a=44 b=00 dp=00 x=a492 y=007f u=1802 s=1ff2  dt=40
13c6| 26f8        BNE   $13c0               cc=e0 a=44 b=00 dp=00 x=a492 y=007f u=1802 s=1ff2  dt=24
13c0| ec81        LDD   ,X++                cc=e4 a=00 b=00 dp=00 x=a494 y=007f u=1802 s=1ff2  dt=64
13c2| edc1        STD   ,U++                cc=e4 a=00 b=00 dp=00 x=a494 y=007f u=1804 s=1ff2  dt=64
13c4| 313f        LEAY  -1,Y                cc=e0 a=00 b=00 dp=00 x=a494 y=007e u=1804 s=1ff2  dt=40
13c6| 26f8        BNE   $13c0               cc=e0 a=00 b=00 dp=00 x=a494 y=007e u=1804 s=1ff2  dt=24
13c0| ec81        LDD   ,X++                cc=e4 a=00 b=00 dp=00 x=a496 y=007e u=1804 s=1ff2  dt=64
13c2| edc1        STD   ,U++                cc=e4 a=00 b=00 dp=00 x=a496 y=007e u=1806 s=1ff2  dt=64
13c4| 313f        LEAY  -1,Y                cc=e0 a=00 b=00 dp=00 x=a496 y=007d u=1806 s=1ff2  dt=40
13c6| 26f8        BNE   $13c0               cc=e0 a=00 b=00 dp=00 x=a496 y=007d u=1806 s=1ff2  dt=24
13c0| ec81        LDD   ,X++                cc=e4 a=00 b=00 dp=00 x=a498 y=007d u=1806 s=1ff2  dt=64
13c2| edc1        STD   ,U++                cc=e4 a=00 b=00 dp=00 x=a498 y=007d u=1808 s=1ff2  dt=64
13c4| 313f        LEAY  -1,Y                cc=e0 a=00 b=00 dp=00 x=a498 y=007c u=1808 s=1ff2  dt=40
13c6| 26f8        BNE   $13c0               cc=e0 a=00 b=00 dp=00 x=a498 y=007c u=1808 s=1ff2  dt=24
13c0| ec81        LDD   ,X++                cc=e4 a=00 b=00 dp=00 x=a49a y=007c u=1808 s=1ff2  dt=64
13c2| edc1        STD   ,U++                cc=e4 a=00 b=00 dp=00 x=a49a y=007c u=180a s=1ff2  dt=64
13c4| 313f        LEAY  -1,Y                cc=e0 a=00 b=00 dp=00 x=a49a y=007b u=180a s=1ff2  dt=40
13c6| 26f8        BNE   $13c0               cc=e0 a=00 b=00 dp=00 x=a49a y=007b u=180a s=1ff2  dt=24
13c0| ec81        LDD   ,X++                cc=e4 a=00 b=00 dp=00 x=a49c y=007b u=180a s=1ff2  dt=64
13c2| edc1        STD   ,U++                cc=e4 a=00 b=00 dp=00 x=a49c y=007b u=180c s=1ff2  dt=64
13c4| 313f        LEAY  -1,Y                cc=e0 a=00 b=00 dp=00 x=a49c y=007a u=180c s=1ff2  dt=40
13c6| 26f8        BNE   $13c0               cc=e0 a=00 b=00 dp=00 x=a49c y=007a u=180c s=1ff2  dt=24
13c0| ec81        LDD   ,X++                cc=e4 a=00 b=00 dp=00 x=a49e y=007a u=180c s=1ff2  dt=64
13c2| edc1        STD   ,U++                cc=e4 a=00 b=00 dp=00 x=a49e y=007a u=180e s=1ff2  dt=64
13c4| 313f        LEAY  -1,Y                cc=e0 a=00 b=00 dp=00 x=a49e y=0079 u=180e s=1ff2  dt=40
13c6| 26f8        BNE   $13c0               cc=e0 a=00 b=00 dp=00 x=a49e y=0079 u=180e s=1ff2  dt=24
13c0| ec81        LDD   ,X++                cc=e4 a=00 b=00 dp=00 x=a4a0 y=0079 u=180e s=1ff2  dt=64
13c2| edc1        STD   ,U++                cc=e4 a=00 b=00 dp=00 x=a4a0 y=0079 u=1810 s=1ff2  dt=64
13c4| 313f        LEAY  -1,Y                cc=e0 a=00 b=00 dp=00 x=a4a0 y=0078 u=1810 s=1ff2  dt=40
13c6| 26f8        BNE   $13c0               cc=e0 a=00 b=00 dp=00 x=a4a0 y=0078 u=1810 s=1ff2  dt=24
13c0| ec81        LDD   ,X++                cc=e4 a=00 b=00 dp=00 x=a4a2 y=0078 u=1810 s=1ff2  dt=64
13c2| edc1        STD   ,U++                cc=e4 a=00 b=00 dp=00 x=a4a2 y=0078 u=1812 s=1ff2  dt=64
13c4| 313f        LEAY  -1,Y                cc=e0 a=00 b=00 dp=00 x=a4a2 y=0077 u=1812 s=1ff2  dt=40
13c6| 26f8        BNE   $13c0               cc=e0 a=00 b=00 dp=00 x=a4a2 y=0077 u=1812 s=1ff2  dt=24
13c0| ec81        LDD   ,X++                cc=e4 a=00 b=00 dp=00 x=a4a4 y=0077 u=1812 s=1ff2  dt=64
13c2| edc1        STD   ,U++                cc=e4 a=00 b=00 dp=00 x=a4a4 y=0077 u=1814 s=1ff2  dt=64
13c4| 313f        LEAY  -1,Y                cc=e0 a=00 b=00 dp=00 x=a4a4 y=0076 u=1814 s=1ff2  dt=40
13c6| 26f8        BNE   $13c0               cc=e0 a=00 b=00 dp=00 x=a4a4 y=0076 u=1814 s=1ff2  dt=24
13c0| ec81        LDD   ,X++                cc=e4 a=00 b=00 dp=00 x=a4a6 y=0076 u=1814 s=1ff2  dt=64
13c2| edc1        STD   ,U++                cc=e4 a=00 b=00 dp=00 x=a4a6 y=0076 u=1816 s=1ff2  dt=64
13c4| 313f        LEAY  -1,Y                cc=e0 a=00 b=00 dp=00 x=a4a6 y=0075 u=1816 s=1ff2  dt=40
13c6| 26f8        BNE   $13c0               cc=e0 a=00 b=00 dp=00 x=a4a6 y=0075 u=1816 s=1ff2  dt=24
13c0| ec81        LDD   ,X++                cc=e4 a=00 b=00 dp=00 x=a4a8 y=0075 u=1816 s=1ff2  dt=64
13c2| edc1        STD   ,U++                cc=e4 a=00 b=00 dp=00 x=a4a8 y=0075 u=1818 s=1ff2  dt=64
13c4| 313f        LEAY  -1,Y                cc=e0 a=00 b=00 dp=00 x=a4a8 y=0074 u=1818 s=1ff2  dt=40
13c6| 26f8        BNE   $13c0               cc=e0 a=00 b=00 dp=00 x=a4a8 y=0074 u=1818 s=1ff2  dt=24
13c0| ec81        LDD   ,X++                cc=e4 a=00 b=00 dp=00 x=a4aa y=0074 u=1818 s=1ff2  dt=64
13c2| edc1        STD   ,U++                cc=e4 a=00 b=00 dp=00 x=a4aa y=0074 u=181a s=1ff2  dt=64
13c4| 313f        LEAY  -1,Y                cc=e0 a=00 b=00 dp=00 x=a4aa y=0073 u=181a s=1ff2  dt=40
13c6| 26f8        BNE   $13c0               cc=e0 a=00 b=00 dp=00 x=a4aa y=0073 u=181a s=1ff2  dt=24
13c0| ec81        LDD   ,X++                cc=e4 a=00 b=00 dp=00 x=a4ac y=0073 u=181a s=1ff2  dt=64
13c2| edc1        STD   ,U++                cc=e4 a=00 b=00 dp=00 x=a4ac y=0073 u=181c s=1ff2  dt=64
13c4| 313f        LEAY  -1,Y                cc=e0 a=00 b=00 dp=00 x=a4ac y=0072 u=181c s=1ff2  dt=40
13c6| 26f8        BNE   $13c0               cc=e0 a=00 b=00 dp=00 x=a4ac y=0072 u=181c s=1ff2  dt=24
13c0| ec81        LDD   ,X++                cc=e4 a=00 b=00 dp=00 x=a4ae y=0072 u=181c s=1ff2  dt=64
13c2| edc1        STD   ,U++                cc=e4 a=00 b=00 dp=00 x=a4ae y=0072 u=181e s=1ff2  dt=64
13c4| 313f        LEAY  -1,Y                cc=e0 a=00 b=00 dp=00 x=a4ae y=0071 u=181e s=1ff2  dt=40
13c6| 26f8        BNE   $13c0               cc=e0 a=00 b=00 dp=00 x=a4ae y=0071 u=181e s=1ff2  dt=24
13c0| ec81        LDD   ,X++                cc=e4 a=00 b=00 dp=00 x=a4b0 y=0071 u=181e s=1ff2  dt=64
13c2| edc1        STD   ,U++                cc=e4 a=00 b=00 dp=00 x=a4b0 y=0071 u=1820 s=1ff2  dt=64
13c4| 313f        LEAY  -1,Y                cc=e0 a=00 b=00 dp=00 x=a4b0 y=0070 u=1820 s=1ff2  dt=40
13c6| 26f8        BNE   $13c0               cc=e0 a=00 b=00 dp=00 x=a4b0 y=0070 u=1820 s=1ff2  dt=24
13c0| ec81        LDD   ,X++                cc=e4 a=00 b=00 dp=00 x=a4b2 y=0070 u=1820 s=1ff2  dt=64
13c2| edc1        STD   ,U++                cc=e4 a=00 b=00 dp=00 x=a4b2 y=0070 u=1822 s=1ff2  dt=64
13c4| 313f        LEAY  -1,Y                cc=e0 a=00 b=00 dp=00 x=a4b2 y=006f u=1822 s=1ff2  dt=40
13c6| 26f8        BNE   $13c0               cc=e0 a=00 b=00 dp=00 x=a4b2 y=006f u=1822 s=1ff2  dt=24
13c0| ec81        LDD   ,X++                cc=e4 a=00 b=00 dp=00 x=a4b4 y=006f u=1822 s=1ff2  dt=64
13c2| edc1        STD   ,U++                cc=e4 a=00 b=00 dp=00 x=a4b4 y=006f u=1824 s=1ff2  dt=64
13c4| 313f        LEAY  -1,Y                cc=e0 a=00 b=00 dp=00 x=a4b4 y=006e u=1824 s=1ff2  dt=40
13c6| 26f8        BNE   $13c0               cc=e0 a=00 b=00 dp=00 x=a4b4 y=006e u=1824 s=1ff2  dt=24
13c0| ec81        LDD   ,X++                cc=e4 a=00 b=00 dp=00 x=a4b6 y=006e u=1824 s=1ff2  dt=64
13c2| edc1        STD   ,U++                cc=e4 a=00 b=00 dp=00 x=a4b6 y=006e u=1826 s=1ff2  dt=64
13c4| 313f        LEAY  -1,Y                cc=e0 a=00 b=00 dp=00 x=a4b6 y=006d u=1826 s=1ff2  dt=40
13c6| 26f8        BNE   $13c0               cc=e0 a=00 b=00 dp=00 x=a4b6 y=006d u=1826 s=1ff2  dt=24
13c0| ec81        LDD   ,X++                cc=e4 a=00 b=00 dp=00 x=a4b8 y=006d u=1826 s=1ff2  dt=64
13c2| edc1        STD   ,U++                cc=e4 a=00 b=00 dp=00 x=a4b8 y=006d u=1828 s=1ff2  dt=64
13c4| 313f        LEAY  -1,Y                cc=e0 a=00 b=00 dp=00 x=a4b8 y=006c u=1828 s=1ff2  dt=40
13c6| 26f8        BNE   $13c0               cc=e0 a=00 b=00 dp=00 x=a4b8 y=006c u=1828 s=1ff2  dt=24
13c0| ec81        LDD   ,X++                cc=e4 a=00 b=00 dp=00 x=a4ba y=006c u=1828 s=1ff2  dt=64
13c2| edc1        STD   ,U++                cc=e4 a=00 b=00 dp=00 x=a4ba y=006c u=182a s=1ff2  dt=64
13c4| 313f        LEAY  -1,Y                cc=e0 a=00 b=00 dp=00 x=a4ba y=006b u=182a s=1ff2  dt=40
13c6| 26f8        BNE   $13c0               cc=e0 a=00 b=00 dp=00 x=a4ba y=006b u=182a s=1ff2  dt=24
13c0| ec81        LDD   ,X++                cc=e4 a=00 b=00 dp=00 x=a4bc y=006b u=182a s=1ff2  dt=64
13c2| edc1        STD   ,U++                cc=e4 a=00 b=00 dp=00 x=a4bc y=006b u=182c s=1ff2  dt=64
13c4| 313f        LEAY  -1,Y                cc=e0 a=00 b=00 dp=00 x=a4bc y=006a u=182c s=1ff2  dt=40
13c6| 26f8        BNE   $13c0               cc=e0 a=00 b=00 dp=00 x=a4bc y=006a u=182c s=1ff2  dt=24
13c0| ec81        LDD   ,X++                cc=e4 a=00 b=00 dp=00 x=a4be y=006a u=182c s=1ff2  dt=64
13c2| edc1        STD   ,U++                cc=e4 a=00 b=00 dp=00 x=a4be y=006a u=182e s=1ff2  dt=64
13c4| 313f        LEAY  -1,Y                cc=e0 a=00 b=00 dp=00 x=a4be y=0069 u=182e s=1ff2  dt=40
13c6| 26f8        BNE   $13c0               cc=e0 a=00 b=00 dp=00 x=a4be y=0069 u=182e s=1ff2  dt=24
13c0| ec81        LDD   ,X++                cc=e4 a=00 b=00 dp=00 x=a4c0 y=0069 u=182e s=1ff2  dt=64
13c2| edc1        STD   ,U++                cc=e4 a=00 b=00 dp=00 x=a4c0 y=0069 u=1830 s=1ff2  dt=64
13c4| 313f        LEAY  -1,Y                cc=e0 a=00 b=00 dp=00 x=a4c0 y=0068 u=1830 s=1ff2  dt=40
13c6| 26f8        BNE   $13c0               cc=e0 a=00 b=00 dp=00 x=a4c0 y=0068 u=1830 s=1ff2  dt=24
13c0| ec81        LDD   ,X++                cc=e4 a=00 b=00 dp=00 x=a4c2 y=0068 u=1830 s=1ff2  dt=64
13c2| edc1        STD   ,U++                cc=e4 a=00 b=00 dp=00 x=a4c2 y=0068 u=1832 s=1ff2  dt=64
13c4| 313f        LEAY  -1,Y                cc=e0 a=00 b=00 dp=00 x=a4c2 y=0067 u=1832 s=1ff2  dt=40
13c6| 26f8        BNE   $13c0               cc=e0 a=00 b=00 dp=00 x=a4c2 y=0067 u=1832 s=1ff2  dt=24
13c0| ec81        LDD   ,X++                cc=e4 a=00 b=00 dp=00 x=a4c4 y=0067 u=1832 s=1ff2  dt=64
13c2| edc1        STD   ,U++                cc=e4 a=00 b=00 dp=00 x=a4c4 y=0067 u=1834 s=1ff2  dt=64
13c4| 313f        LEAY  -1,Y                cc=e0 a=00 b=00 dp=00 x=a4c4 y=0066 u=1834 s=1ff2  dt=40
13c6| 26f8        BNE   $13c0               cc=e0 a=00 b=00 dp=00 x=a4c4 y=0066 u=1834 s=1ff2  dt=24
13c0| ec81        LDD   ,X++                cc=e4 a=00 b=00 dp=00 x=a4c6 y=0066 u=1834 s=1ff2  dt=64
13c2| edc1        STD   ,U++                cc=e4 a=00 b=00 dp=00 x=a4c6 y=0066 u=1836 s=1ff2  dt=64
13c4| 313f        LEAY  -1,Y                cc=e0 a=00 b=00 dp=00 x=a4c6 y=0065 u=1836 s=1ff2  dt=40
13c6| 26f8        BNE   $13c0               cc=e0 a=00 b=00 dp=00 x=a4c6 y=0065 u=1836 s=1ff2  dt=24
13c0| ec81        LDD   ,X++                cc=e4 a=00 b=00 dp=00 x=a4c8 y=0065 u=1836 s=1ff2  dt=64
13c2| edc1        STD   ,U++                cc=e4 a=00 b=00 dp=00 x=a4c8 y=0065 u=1838 s=1ff2  dt=64
13c4| 313f        LEAY  -1,Y                cc=e0 a=00 b=00 dp=00 x=a4c8 y=0064 u=1838 s=1ff2  dt=40
13c6| 26f8        BNE   $13c0               cc=e0 a=00 b=00 dp=00 x=a4c8 y=0064 u=1838 s=1ff2  dt=24
13c0| ec81        LDD   ,X++                cc=e4 a=00 b=00 dp=00 x=a4ca y=0064 u=1838 s=1ff2  dt=64
13c2| edc1        STD   ,U++                cc=e4 a=00 b=00 dp=00 x=a4ca y=0064 u=183a s=1ff2  dt=64
13c4| 313f        LEAY  -1,Y                cc=e0 a=00 b=00 dp=00 x=a4ca y=0063 u=183a s=1ff2  dt=40
13c6| 26f8        BNE   $13c0               cc=e0 a=00 b=00 dp=00 x=a4ca y=0063 u=183a s=1ff2  dt=24
13c0| ec81        LDD   ,X++                cc=e4 a=00 b=00 dp=00 x=a4cc y=0063 u=183a s=1ff2  dt=64
13c2| edc1        STD   ,U++                cc=e4 a=00 b=00 dp=00 x=a4cc y=0063 u=183c s=1ff2  dt=64
13c4| 313f        LEAY  -1,Y                cc=e0 a=00 b=00 dp=00 x=a4cc y=0062 u=183c s=1ff2  dt=40
13c6| 26f8        BNE   $13c0               cc=e0 a=00 b=00 dp=00 x=a4cc y=0062 u=183c s=1ff2  dt=24
13c0| ec81        LDD   ,X++                cc=e8 a=b0 b=b0 dp=00 x=a4ce y=0062 u=183c s=1ff2  dt=64
13c2| edc1        STD   ,U++                cc=e8 a=b0 b=b0 dp=00 x=a4ce y=0062 u=183e s=1ff2  dt=64
13c4| 313f        LEAY  -1,Y                cc=e8 a=b0 b=b0 dp=00 x=a4ce y=0061 u=183e s=1ff2  dt=40
13c6| 26f8        BNE   $13c0               cc=e8 a=b0 b=b0 dp=00 x=a4ce y=0061 u=183e s=1ff2  dt=24
13c0| ec81        LDD   ,X++                cc=e4 a=00 b=00 dp=00 x=a4d0 y=0061 u=183e s=1ff2  dt=64
13c2| edc1        STD   ,U++                cc=e4 a=00 b=00 dp=00 x=a4d0 y=0061 u=1840 s=1ff2  dt=64
13c4| 313f        LEAY  -1,Y                cc=e0 a=00 b=00 dp=00 x=a4d0 y=0060 u=1840 s=1ff2  dt=40
13c6| 26f8        BNE   $13c0               cc=e0 a=00 b=00 dp=00 x=a4d0 y=0060 u=1840 s=1ff2  dt=24
13c0| ec81        LDD   ,X++                cc=e4 a=00 b=00 dp=00 x=a4d2 y=0060 u=1840 s=1ff2  dt=64
13c2| edc1        STD   ,U++                cc=e4 a=00 b=00 dp=00 x=a4d2 y=0060 u=1842 s=1ff2  dt=64
13c4| 313f        LEAY  -1,Y                cc=e0 a=00 b=00 dp=00 x=a4d2 y=005f u=1842 s=1ff2  dt=40
13c6| 26f8        BNE   $13c0               cc=e0 a=00 b=00 dp=00 x=a4d2 y=005f u=1842 s=1ff2  dt=24
13c0| ec81        LDD   ,X++                cc=e4 a=00 b=00 dp=00 x=a4d4 y=005f u=1842 s=1ff2  dt=64
13c2| edc1        STD   ,U++                cc=e4 a=00 b=00 dp=00 x=a4d4 y=005f u=1844 s=1ff2  dt=64
13c4| 313f        LEAY  -1,Y                cc=e0 a=00 b=00 dp=00 x=a4d4 y=005e u=1844 s=1ff2  dt=40
13c6| 26f8        BNE   $13c0               cc=e0 a=00 b=00 dp=00 x=a4d4 y=005e u=1844 s=1ff2  dt=24
13c0| ec81        LDD   ,X++                cc=e0 a=06 b=00 dp=00 x=a4d6 y=005e u=1844 s=1ff2  dt=64
13c2| edc1        STD   ,U++                cc=e0 a=06 b=00 dp=00 x=a4d6 y=005e u=1846 s=1ff2  dt=64
13c4| 313f        LEAY  -1,Y                cc=e0 a=06 b=00 dp=00 x=a4d6 y=005d u=1846 s=1ff2  dt=40
13c6| 26f8        BNE   $13c0               cc=e0 a=06 b=00 dp=00 x=a4d6 y=005d u=1846 s=1ff2  dt=24
13c0| ec81        LDD   ,X++                cc=e4 a=00 b=00 dp=00 x=a4d8 y=005d u=1846 s=1ff2  dt=64
13c2| edc1        STD   ,U++                cc=e4 a=00 b=00 dp=00 x=a4d8 y=005d u=1848 s=1ff2  dt=64
13c4| 313f        LEAY  -1,Y                cc=e0 a=00 b=00 dp=00 x=a4d8 y=005c u=1848 s=1ff2  dt=40
13c6| 26f8        BNE   $13c0               cc=e0 a=00 b=00 dp=00 x=a4d8 y=005c u=1848 s=1ff2  dt=24
13c0| ec81        LDD   ,X++                cc=e4 a=00 b=00 dp=00 x=a4da y=005c u=1848 s=1ff2  dt=64
13c2| edc1        STD   ,U++                cc=e4 a=00 b=00 dp=00 x=a4da y=005c u=184a s=1ff2  dt=64
13c4| 313f        LEAY  -1,Y                cc=e0 a=00 b=00 dp=00 x=a4da y=005b u=184a s=1ff2  dt=40
13c6| 26f8        BNE   $13c0               cc=e0 a=00 b=00 dp=00 x=a4da y=005b u=184a s=1ff2  dt=24
13c0| ec81        LDD   ,X++                cc=e4 a=00 b=00 dp=00 x=a4dc y=005b u=184a s=1ff2  dt=64
13c2| edc1        STD   ,U++                cc=e4 a=00 b=00 dp=00 x=a4dc y=005b u=184c s=1ff2  dt=64
13c4| 313f        LEAY  -1,Y                cc=e0 a=00 b=00 dp=00 x=a4dc y=005a u=184c s=1ff2  dt=40
13c6| 26f8        BNE   $13c0               cc=e0 a=00 b=00 dp=00 x=a4dc y=005a u=184c s=1ff2  dt=24
13c0| ec81        LDD   ,X++                cc=e8 a=b0 b=b0 dp=00 x=a4de y=005a u=184c s=1ff2  dt=64
13c2| edc1        STD   ,U++                cc=e8 a=b0 b=b0 dp=00 x=a4de y=005a u=184e s=1ff2  dt=64
13c4| 313f        LEAY  -1,Y                cc=e8 a=b0 b=b0 dp=00 x=a4de y=0059 u=184e s=1ff2  dt=40
13c6| 26f8        BNE   $13c0               cc=e8 a=b0 b=b0 dp=00 x=a4de y=0059 u=184e s=1ff2  dt=24
13c0| ec81        LDD   ,X++                cc=e4 a=00 b=00 dp=00 x=a4e0 y=0059 u=184e s=1ff2  dt=64
13c2| edc1        STD   ,U++                cc=e4 a=00 b=00 dp=00 x=a4e0 y=0059 u=1850 s=1ff2  dt=64
13c4| 313f        LEAY  -1,Y                cc=e0 a=00 b=00 dp=00 x=a4e0 y=0058 u=1850 s=1ff2  dt=40
13c6| 26f8        BNE   $13c0               cc=e0 a=00 b=00 dp=00 x=a4e0 y=0058 u=1850 s=1ff2  dt=24
13c0| ec81        LDD   ,X++                cc=e4 a=00 b=00 dp=00 x=a4e2 y=0058 u=1850 s=1ff2  dt=64
13c2| edc1        STD   ,U++                cc=e4 a=00 b=00 dp=00 x=a4e2 y=0058 u=1852 s=1ff2  dt=64
13c4| 313f        LEAY  -1,Y                cc=e0 a=00 b=00 dp=00 x=a4e2 y=0057 u=1852 s=1ff2  dt=40
13c6| 26f8        BNE   $13c0               cc=e0 a=00 b=00 dp=00 x=a4e2 y=0057 u=1852 s=1ff2  dt=24
13c0| ec81        LDD   ,X++                cc=e4 a=00 b=00 dp=00 x=a4e4 y=0057 u=1852 s=1ff2  dt=64
13c2| edc1        STD   ,U++                cc=e4 a=00 b=00 dp=00 x=a4e4 y=0057 u=1854 s=1ff2  dt=64
13c4| 313f        LEAY  -1,Y                cc=e0 a=00 b=00 dp=00 x=a4e4 y=0056 u=1854 s=1ff2  dt=40
13c6| 26f8        BNE   $13c0               cc=e0 a=00 b=00 dp=00 x=a4e4 y=0056 u=1854 s=1ff2  dt=24
13c0| ec81        LDD   ,X++                cc=e4 a=00 b=00 dp=00 x=a4e6 y=0056 u=1854 s=1ff2  dt=64
13c2| edc1        STD   ,U++                cc=e4 a=00 b=00 dp=00 x=a4e6 y=0056 u=1856 s=1ff2  dt=64
13c4| 313f        LEAY  -1,Y                cc=e0 a=00 b=00 dp=00 x=a4e6 y=0055 u=1856 s=1ff2  dt=40
13c6| 26f8        BNE   $13c0               cc=e0 a=00 b=00 dp=00 x=a4e6 y=0055 u=1856 s=1ff2  dt=24
13c0| ec81        LDD   ,X++                cc=e4 a=00 b=00 dp=00 x=a4e8 y=0055 u=1856 s=1ff2  dt=64
13c2| edc1        STD   ,U++                cc=e4 a=00 b=00 dp=00 x=a4e8 y=0055 u=1858 s=1ff2  dt=64
13c4| 313f        LEAY  -1,Y                cc=e0 a=00 b=00 dp=00 x=a4e8 y=0054 u=1858 s=1ff2  dt=40
13c6| 26f8        BNE   $13c0               cc=e0 a=00 b=00 dp=00 x=a4e8 y=0054 u=1858 s=1ff2  dt=24
13c0| ec81        LDD   ,X++                cc=e4 a=00 b=00 dp=00 x=a4ea y=0054 u=1858 s=1ff2  dt=64
13c2| edc1        STD   ,U++                cc=e4 a=00 b=00 dp=00 x=a4ea y=0054 u=185a s=1ff2  dt=64
13c4| 313f        LEAY  -1,Y                cc=e0 a=00 b=00 dp=00 x=a4ea y=0053 u=185a s=1ff2  dt=40
13c6| 26f8        BNE   $13c0               cc=e0 a=00 b=00 dp=00 x=a4ea y=0053 u=185a s=1ff2  dt=24
13c0| ec81        LDD   ,X++                cc=e4 a=00 b=00 dp=00 x=a4ec y=0053 u=185a s=1ff2  dt=64
13c2| edc1        STD   ,U++                cc=e4 a=00 b=00 dp=00 x=a4ec y=0053 u=185c s=1ff2  dt=64
13c4| 313f        LEAY  -1,Y                cc=e0 a=00 b=00 dp=00 x=a4ec y=0052 u=185c s=1ff2  dt=40
13c6| 26f8        BNE   $13c0               cc=e0 a=00 b=00 dp=00 x=a4ec y=0052 u=185c s=1ff2  dt=24
13c0| ec81        LDD   ,X++                cc=e4 a=00 b=00 dp=00 x=a4ee y=0052 u=185c s=1ff2  dt=64
13c2| edc1        STD   ,U++                cc=e4 a=00 b=00 dp=00 x=a4ee y=0052 u=185e s=1ff2  dt=64
13c4| 313f        LEAY  -1,Y                cc=e0 a=00 b=00 dp=00 x=a4ee y=0051 u=185e s=1ff2  dt=40
13c6| 26f8        BNE   $13c0               cc=e0 a=00 b=00 dp=00 x=a4ee y=0051 u=185e s=1ff2  dt=24
13c0| ec81        LDD   ,X++                cc=e4 a=00 b=00 dp=00 x=a4f0 y=0051 u=185e s=1ff2  dt=64
13c2| edc1        STD   ,U++                cc=e4 a=00 b=00 dp=00 x=a4f0 y=0051 u=1860 s=1ff2  dt=64
13c4| 313f        LEAY  -1,Y                cc=e0 a=00 b=00 dp=00 x=a4f0 y=0050 u=1860 s=1ff2  dt=40
13c6| 26f8        BNE   $13c0               cc=e0 a=00 b=00 dp=00 x=a4f0 y=0050 u=1860 s=1ff2  dt=24
13c0| ec81        LDD   ,X++                cc=e4 a=00 b=00 dp=00 x=a4f2 y=0050 u=1860 s=1ff2  dt=64
13c2| edc1        STD   ,U++                cc=e4 a=00 b=00 dp=00 x=a4f2 y=0050 u=1862 s=1ff2  dt=64
13c4| 313f        LEAY  -1,Y                cc=e0 a=00 b=00 dp=00 x=a4f2 y=004f u=1862 s=1ff2  dt=40
13c6| 26f8        BNE   $13c0               cc=e0 a=00 b=00 dp=00 x=a4f2 y=004f u=1862 s=1ff2  dt=24
13c0| ec81        LDD   ,X++                cc=e4 a=00 b=00 dp=00 x=a4f4 y=004f u=1862 s=1ff2  dt=64
13c2| edc1        STD   ,U++                cc=e4 a=00 b=00 dp=00 x=a4f4 y=004f u=1864 s=1ff2  dt=64
13c4| 313f        LEAY  -1,Y                cc=e0 a=00 b=00 dp=00 x=a4f4 y=004e u=1864 s=1ff2  dt=40
13c6| 26f8        BNE   $13c0               cc=e0 a=00 b=00 dp=00 x=a4f4 y=004e u=1864 s=1ff2  dt=24
13c0| ec81        LDD   ,X++                cc=e4 a=00 b=00 dp=00 x=a4f6 y=004e u=1864 s=1ff2  dt=64
13c2| edc1        STD   ,U++                cc=e4 a=00 b=00 dp=00 x=a4f6 y=004e u=1866 s=1ff2  dt=64
13c4| 313f        LEAY  -1,Y                cc=e0 a=00 b=00 dp=00 x=a4f6 y=004d u=1866 s=1ff2  dt=40
13c6| 26f8        BNE   $13c0               cc=e0 a=00 b=00 dp=00 x=a4f6 y=004d u=1866 s=1ff2  dt=24
13c0| ec81        LDD   ,X++                cc=e4 a=00 b=00 dp=00 x=a4f8 y=004d u=1866 s=1ff2  dt=64
13c2| edc1        STD   ,U++                cc=e4 a=00 b=00 dp=00 x=a4f8 y=004d u=1868 s=1ff2  dt=64
13c4| 313f        LEAY  -1,Y                cc=e0 a=00 b=00 dp=00 x=a4f8 y=004c u=1868 s=1ff2  dt=40
13c6| 26f8        BNE   $13c0               cc=e0 a=00 b=00 dp=00 x=a4f8 y=004c u=1868 s=1ff2  dt=24
13c0| ec81        LDD   ,X++                cc=e4 a=00 b=00 dp=00 x=a4fa y=004c u=1868 s=1ff2  dt=64
13c2| edc1        STD   ,U++                cc=e4 a=00 b=00 dp=00 x=a4fa y=004c u=186a s=1ff2  dt=64
13c4| 313f        LEAY  -1,Y                cc=e0 a=00 b=00 dp=00 x=a4fa y=004b u=186a s=1ff2  dt=40
13c6| 26f8        BNE   $13c0               cc=e0 a=00 b=00 dp=00 x=a4fa y=004b u=186a s=1ff2  dt=24
13c0| ec81        LDD   ,X++                cc=e4 a=00 b=00 dp=00 x=a4fc y=004b u=186a s=1ff2  dt=64
13c2| edc1        STD   ,U++                cc=e4 a=00 b=00 dp=00 x=a4fc y=004b u=186c s=1ff2  dt=64
13c4| 313f        LEAY  -1,Y                cc=e0 a=00 b=00 dp=00 x=a4fc y=004a u=186c s=1ff2  dt=40
13c6| 26f8        BNE   $13c0               cc=e0 a=00 b=00 dp=00 x=a4fc y=004a u=186c s=1ff2  dt=24
13c0| ec81        LDD   ,X++                cc=e4 a=00 b=00 dp=00 x=a4fe y=004a u=186c s=1ff2  dt=64
13c2| edc1        STD   ,U++                cc=e4 a=00 b=00 dp=00 x=a4fe y=004a u=186e s=1ff2  dt=64
13c4| 313f        LEAY  -1,Y                cc=e0 a=00 b=00 dp=00 x=a4fe y=0049 u=186e s=1ff2  dt=40
13c6| 26f8        BNE   $13c0               cc=e0 a=00 b=00 dp=00 x=a4fe y=0049 u=186e s=1ff2  dt=24
13c0| ec81        LDD   ,X++                cc=e4 a=00 b=00 dp=00 x=a500 y=0049 u=186e s=1ff2  dt=64
13c2| edc1        STD   ,U++                cc=e4 a=00 b=00 dp=00 x=a500 y=0049 u=1870 s=1ff2  dt=64
13c4| 313f        LEAY  -1,Y                cc=e0 a=00 b=00 dp=00 x=a500 y=0048 u=1870 s=1ff2  dt=40
13c6| 26f8        BNE   $13c0               cc=e0 a=00 b=00 dp=00 x=a500 y=0048 u=1870 s=1ff2  dt=24
13c0| ec81        LDD   ,X++                cc=e4 a=00 b=00 dp=00 x=a502 y=0048 u=1870 s=1ff2  dt=64
13c2| edc1        STD   ,U++                cc=e4 a=00 b=00 dp=00 x=a502 y=0048 u=1872 s=1ff2  dt=64
13c4| 313f        LEAY  -1,Y                cc=e0 a=00 b=00 dp=00 x=a502 y=0047 u=1872 s=1ff2  dt=40
13c6| 26f8        BNE   $13c0               cc=e0 a=00 b=00 dp=00 x=a502 y=0047 u=1872 s=1ff2  dt=24
13c0| ec81        LDD   ,X++                cc=e4 a=00 b=00 dp=00 x=a504 y=0047 u=1872 s=1ff2  dt=64
13c2| edc1        STD   ,U++                cc=e4 a=00 b=00 dp=00 x=a504 y=0047 u=1874 s=1ff2  dt=64
13c4| 313f        LEAY  -1,Y                cc=e0 a=00 b=00 dp=00 x=a504 y=0046 u=1874 s=1ff2  dt=40
13c6| 26f8        BNE   $13c0               cc=e0 a=00 b=00 dp=00 x=a504 y=0046 u=1874 s=1ff2  dt=24
13c0| ec81        LDD   ,X++                cc=e4 a=00 b=00 dp=00 x=a506 y=0046 u=1874 s=1ff2  dt=64
13c2| edc1        STD   ,U++                cc=e4 a=00 b=00 dp=00 x=a506 y=0046 u=1876 s=1ff2  dt=64
13c4| 313f        LEAY  -1,Y                cc=e0 a=00 b=00 dp=00 x=a506 y=0045 u=1876 s=1ff2  dt=40
13c6| 26f8        BNE   $13c0               cc=e0 a=00 b=00 dp=00 x=a506 y=0045 u=1876 s=1ff2  dt=24
13c0| ec81        LDD   ,X++                cc=e4 a=00 b=00 dp=00 x=a508 y=0045 u=1876 s=1ff2  dt=64
13c2| edc1        STD   ,U++                cc=e4 a=00 b=00 dp=00 x=a508 y=0045 u=1878 s=1ff2  dt=64
13c4| 313f        LEAY  -1,Y                cc=e0 a=00 b=00 dp=00 x=a508 y=0044 u=1878 s=1ff2  dt=40
13c6| 26f8        BNE   $13c0               cc=e0 a=00 b=00 dp=00 x=a508 y=0044 u=1878 s=1ff2  dt=24
13c0| ec81        LDD   ,X++                cc=e0 a=44 b=00 dp=00 x=a50a y=0044 u=1878 s=1ff2  dt=64
13c2| edc1        STD   ,U++                cc=e0 a=44 b=00 dp=00 x=a50a y=0044 u=187a s=1ff2  dt=64
13c4| 313f        LEAY  -1,Y                cc=e0 a=44 b=00 dp=00 x=a50a y=0043 u=187a s=1ff2  dt=40
13c6| 26f8        BNE   $13c0               cc=e0 a=44 b=00 dp=00 x=a50a y=0043 u=187a s=1ff2  dt=24
13c0| ec81        LDD   ,X++                cc=e4 a=00 b=00 dp=00 x=a50c y=0043 u=187a s=1ff2  dt=64
13c2| edc1        STD   ,U++                cc=e4 a=00 b=00 dp=00 x=a50c y=0043 u=187c s=1ff2  dt=64
13c4| 313f        LEAY  -1,Y                cc=e0 a=00 b=00 dp=00 x=a50c y=0042 u=187c s=1ff2  dt=40
13c6| 26f8        BNE   $13c0               cc=e0 a=00 b=00 dp=00 x=a50c y=0042 u=187c s=1ff2  dt=24
13c0| ec81        LDD   ,X++                cc=e4 a=00 b=00 dp=00 x=a50e y=0042 u=187c s=1ff2  dt=64
13c2| edc1        STD   ,U++                cc=e4 a=00 b=00 dp=00 x=a50e y=0042 u=187e s=1ff2  dt=64
13c4| 313f        LEAY  -1,Y                cc=e0 a=00 b=00 dp=00 x=a50e y=0041 u=187e s=1ff2  dt=40
13c6| 26f8        BNE   $13c0               cc=e0 a=00 b=00 dp=00 x=a50e y=0041 u=187e s=1ff2  dt=24
13c0| ec81        LDD   ,X++                cc=e4 a=00 b=00 dp=00 x=a510 y=0041 u=187e s=1ff2  dt=64
13c2| edc1        STD   ,U++                cc=e4 a=00 b=00 dp=00 x=a510 y=0041 u=1880 s=1ff2  dt=64
13c4| 313f        LEAY  -1,Y                cc=e0 a=00 b=00 dp=00 x=a510 y=0040 u=1880 s=1ff2  dt=40
13c6| 26f8        BNE   $13c0               cc=e0 a=00 b=00 dp=00 x=a510 y=0040 u=1880 s=1ff2  dt=24
13c0| ec81        LDD   ,X++                cc=e0 a=44 b=00 dp=00 x=a512 y=0040 u=1880 s=1ff2  dt=64
13c2| edc1        STD   ,U++                cc=e0 a=44 b=00 dp=00 x=a512 y=0040 u=1882 s=1ff2  dt=64
13c4| 313f        LEAY  -1,Y                cc=e0 a=44 b=00 dp=00 x=a512 y=003f u=1882 s=1ff2  dt=40
13c6| 26f8        BNE   $13c0               cc=e0 a=44 b=00 dp=00 x=a512 y=003f u=1882 s=1ff2  dt=24
13c0| ec81        LDD   ,X++                cc=e4 a=00 b=00 dp=00 x=a514 y=003f u=1882 s=1ff2  dt=64
13c2| edc1        STD   ,U++                cc=e4 a=00 b=00 dp=00 x=a514 y=003f u=1884 s=1ff2  dt=64
13c4| 313f        LEAY  -1,Y                cc=e0 a=00 b=00 dp=00 x=a514 y=003e u=1884 s=1ff2  dt=40
13c6| 26f8        BNE   $13c0               cc=e0 a=00 b=00 dp=00 x=a514 y=003e u=1884 s=1ff2  dt=24
13c0| ec81        LDD   ,X++                cc=e4 a=00 b=00 dp=00 x=a516 y=003e u=1884 s=1ff2  dt=64
13c2| edc1        STD   ,U++                cc=e4 a=00 b=00 dp=00 x=a516 y=003e u=1886 s=1ff2  dt=64
13c4| 313f        LEAY  -1,Y                cc=e0 a=00 b=00 dp=00 x=a516 y=003d u=1886 s=1ff2  dt=40
13c6| 26f8        BNE   $13c0               cc=e0 a=00 b=00 dp=00 x=a516 y=003d u=1886 s=1ff2  dt=24
13c0| ec81        LDD   ,X++                cc=e4 a=00 b=00 dp=00 x=a518 y=003d u=1886 s=1ff2  dt=64
13c2| edc1        STD   ,U++                cc=e4 a=00 b=00 dp=00 x=a518 y=003d u=1888 s=1ff2  dt=64
13c4| 313f        LEAY  -1,Y                cc=e0 a=00 b=00 dp=00 x=a518 y=003c u=1888 s=1ff2  dt=40
13c6| 26f8        BNE   $13c0               cc=e0 a=00 b=00 dp=00 x=a518 y=003c u=1888 s=1ff2  dt=24
13c0| ec81        LDD   ,X++                cc=e0 a=44 b=00 dp=00 x=a51a y=003c u=1888 s=1ff2  dt=64
13c2| edc1        STD   ,U++                cc=e0 a=44 b=00 dp=00 x=a51a y=003c u=188a s=1ff2  dt=64
13c4| 313f        LEAY  -1,Y                cc=e0 a=44 b=00 dp=00 x=a51a y=003b u=188a s=1ff2  dt=40
13c6| 26f8        BNE   $13c0               cc=e0 a=44 b=00 dp=00 x=a51a y=003b u=188a s=1ff2  dt=24
13c0| ec81        LDD   ,X++                cc=e4 a=00 b=00 dp=00 x=a51c y=003b u=188a s=1ff2  dt=64
13c2| edc1        STD   ,U++                cc=e4 a=00 b=00 dp=00 x=a51c y=003b u=188c s=1ff2  dt=64
13c4| 313f        LEAY  -1,Y                cc=e0 a=00 b=00 dp=00 x=a51c y=003a u=188c s=1ff2  dt=40
13c6| 26f8        BNE   $13c0               cc=e0 a=00 b=00 dp=00 x=a51c y=003a u=188c s=1ff2  dt=24
13c0| ec81        LDD   ,X++                cc=e4 a=00 b=00 dp=00 x=a51e y=003a u=188c s=1ff2  dt=64
13c2| edc1        STD   ,U++                cc=e4 a=00 b=00 dp=00 x=a51e y=003a u=188e s=1ff2  dt=64
13c4| 313f        LEAY  -1,Y                cc=e0 a=00 b=00 dp=00 x=a51e y=0039 u=188e s=1ff2  dt=40
13c6| 26f8        BNE   $13c0               cc=e0 a=00 b=00 dp=00 x=a51e y=0039 u=188e s=1ff2  dt=24
13c0| ec81        LDD   ,X++                cc=e4 a=00 b=00 dp=00 x=a520 y=0039 u=188e s=1ff2  dt=64
13c2| edc1        STD   ,U++                cc=e4 a=00 b=00 dp=00 x=a520 y=0039 u=1890 s=1ff2  dt=64
13c4| 313f        LEAY  -1,Y                cc=e0 a=00 b=00 dp=00 x=a520 y=0038 u=1890 s=1ff2  dt=40
13c6| 26f8        BNE   $13c0               cc=e0 a=00 b=00 dp=00 x=a520 y=0038 u=1890 s=1ff2  dt=24
13c0| ec81        LDD   ,X++                cc=e0 a=44 b=00 dp=00 x=a522 y=0038 u=1890 s=1ff2  dt=64
13c2| edc1        STD   ,U++                cc=e0 a=44 b=00 dp=00 x=a522 y=0038 u=1892 s=1ff2  dt=64
13c4| 313f        LEAY  -1,Y                cc=e0 a=44 b=00 dp=00 x=a522 y=0037 u=1892 s=1ff2  dt=40
13c6| 26f8        BNE   $13c0               cc=e0 a=44 b=00 dp=00 x=a522 y=0037 u=1892 s=1ff2  dt=24
13c0| ec81        LDD   ,X++                cc=e4 a=00 b=00 dp=00 x=a524 y=0037 u=1892 s=1ff2  dt=64
13c2| edc1        STD   ,U++                cc=e4 a=00 b=00 dp=00 x=a524 y=0037 u=1894 s=1ff2  dt=64
13c4| 313f        LEAY  -1,Y                cc=e0 a=00 b=00 dp=00 x=a524 y=0036 u=1894 s=1ff2  dt=40
13c6| 26f8        BNE   $13c0               cc=e0 a=00 b=00 dp=00 x=a524 y=0036 u=1894 s=1ff2  dt=24
13c0| ec81        LDD   ,X++                cc=e4 a=00 b=00 dp=00 x=a526 y=0036 u=1894 s=1ff2  dt=64
13c2| edc1        STD   ,U++                cc=e4 a=00 b=00 dp=00 x=a526 y=0036 u=1896 s=1ff2  dt=64
13c4| 313f        LEAY  -1,Y                cc=e0 a=00 b=00 dp=00 x=a526 y=0035 u=1896 s=1ff2  dt=40
13c6| 26f8        BNE   $13c0               cc=e0 a=00 b=00 dp=00 x=a526 y=0035 u=1896 s=1ff2  dt=24
13c0| ec81        LDD   ,X++                cc=e4 a=00 b=00 dp=00 x=a528 y=0035 u=1896 s=1ff2  dt=64
13c2| edc1        STD   ,U++                cc=e4 a=00 b=00 dp=00 x=a528 y=0035 u=1898 s=1ff2  dt=64
13c4| 313f        LEAY  -1,Y                cc=e0 a=00 b=00 dp=00 x=a528 y=0034 u=1898 s=1ff2  dt=40
13c6| 26f8        BNE   $13c0               cc=e0 a=00 b=00 dp=00 x=a528 y=0034 u=1898 s=1ff2  dt=24
13c0| ec81        LDD   ,X++                cc=e0 a=44 b=00 dp=00 x=a52a y=0034 u=1898 s=1ff2  dt=64
13c2| edc1        STD   ,U++                cc=e0 a=44 b=00 dp=00 x=a52a y=0034 u=189a s=1ff2  dt=64
13c4| 313f        LEAY  -1,Y                cc=e0 a=44 b=00 dp=00 x=a52a y=0033 u=189a s=1ff2  dt=40
13c6| 26f8        BNE   $13c0               cc=e0 a=44 b=00 dp=00 x=a52a y=0033 u=189a s=1ff2  dt=24
13c0| ec81        LDD   ,X++                cc=e4 a=00 b=00 dp=00 x=a52c y=0033 u=189a s=1ff2  dt=64
13c2| edc1        STD   ,U++                cc=e4 a=00 b=00 dp=00 x=a52c y=0033 u=189c s=1ff2  dt=64
13c4| 313f        LEAY  -1,Y                cc=e0 a=00 b=00 dp=00 x=a52c y=0032 u=189c s=1ff2  dt=40
13c6| 26f8        BNE   $13c0               cc=e0 a=00 b=00 dp=00 x=a52c y=0032 u=189c s=1ff2  dt=24
13c0| ec81        LDD   ,X++                cc=e4 a=00 b=00 dp=00 x=a52e y=0032 u=189c s=1ff2  dt=64
13c2| edc1        STD   ,U++                cc=e4 a=00 b=00 dp=00 x=a52e y=0032 u=189e s=1ff2  dt=64
13c4| 313f        LEAY  -1,Y                cc=e0 a=00 b=00 dp=00 x=a52e y=0031 u=189e s=1ff2  dt=40
13c6| 26f8        BNE   $13c0               cc=e0 a=00 b=00 dp=00 x=a52e y=0031 u=189e s=1ff2  dt=24
13c0| ec81        LDD   ,X++                cc=e4 a=00 b=00 dp=00 x=a530 y=0031 u=189e s=1ff2  dt=64
13c2| edc1        STD   ,U++                cc=e4 a=00 b=00 dp=00 x=a530 y=0031 u=18a0 s=1ff2  dt=64
13c4| 313f        LEAY  -1,Y                cc=e0 a=00 b=00 dp=00 x=a530 y=0030 u=18a0 s=1ff2  dt=40
13c6| 26f8        BNE   $13c0               cc=e0 a=00 b=00 dp=00 x=a530 y=0030 u=18a0 s=1ff2  dt=24
13c0| ec81        LDD   ,X++                cc=e0 a=44 b=00 dp=00 x=a532 y=0030 u=18a0 s=1ff2  dt=64
13c2| edc1        STD   ,U++                cc=e0 a=44 b=00 dp=00 x=a532 y=0030 u=18a2 s=1ff2  dt=64
13c4| 313f        LEAY  -1,Y                cc=e0 a=44 b=00 dp=00 x=a532 y=002f u=18a2 s=1ff2  dt=40
13c6| 26f8        BNE   $13c0               cc=e0 a=44 b=00 dp=00 x=a532 y=002f u=18a2 s=1ff2  dt=24
13c0| ec81        LDD   ,X++                cc=e4 a=00 b=00 dp=00 x=a534 y=002f u=18a2 s=1ff2  dt=64
13c2| edc1        STD   ,U++                cc=e4 a=00 b=00 dp=00 x=a534 y=002f u=18a4 s=1ff2  dt=64
13c4| 313f        LEAY  -1,Y                cc=e0 a=00 b=00 dp=00 x=a534 y=002e u=18a4 s=1ff2  dt=40
13c6| 26f8        BNE   $13c0               cc=e0 a=00 b=00 dp=00 x=a534 y=002e u=18a4 s=1ff2  dt=24
13c0| ec81        LDD   ,X++                cc=e4 a=00 b=00 dp=00 x=a536 y=002e u=18a4 s=1ff2  dt=64
13c2| edc1        STD   ,U++                cc=e4 a=00 b=00 dp=00 x=a536 y=002e u=18a6 s=1ff2  dt=64
13c4| 313f        LEAY  -1,Y                cc=e0 a=00 b=00 dp=00 x=a536 y=002d u=18a6 s=1ff2  dt=40
13c6| 26f8        BNE   $13c0               cc=e0 a=00 b=00 dp=00 x=a536 y=002d u=18a6 s=1ff2  dt=24
13c0| ec81        LDD   ,X++                cc=e4 a=00 b=00 dp=00 x=a538 y=002d u=18a6 s=1ff2  dt=64
13c2| edc1        STD   ,U++                cc=e4 a=00 b=00 dp=00 x=a538 y=002d u=18a8 s=1ff2  dt=64
13c4| 313f        LEAY  -1,Y                cc=e0 a=00 b=00 dp=00 x=a538 y=002c u=18a8 s=1ff2  dt=40
13c6| 26f8        BNE   $13c0               cc=e0 a=00 b=00 dp=00 x=a538 y=002c u=18a8 s=1ff2  dt=24
13c0| ec81        LDD   ,X++                cc=e0 a=44 b=00 dp=00 x=a53a y=002c u=18a8 s=1ff2  dt=64
13c2| edc1        STD   ,U++                cc=e0 a=44 b=00 dp=00 x=a53a y=002c u=18aa s=1ff2  dt=64
13c4| 313f        LEAY  -1,Y                cc=e0 a=44 b=00 dp=00 x=a53a y=002b u=18aa s=1ff2  dt=40
13c6| 26f8        BNE   $13c0               cc=e0 a=44 b=00 dp=00 x=a53a y=002b u=18aa s=1ff2  dt=24
13c0| ec81        LDD   ,X++                cc=e4 a=00 b=00 dp=00 x=a53c y=002b u=18aa s=1ff2  dt=64
13c2| edc1        STD   ,U++                cc=e4 a=00 b=00 dp=00 x=a53c y=002b u=18ac s=1ff2  dt=64
13c4| 313f        LEAY  -1,Y                cc=e0 a=00 b=00 dp=00 x=a53c y=002a u=18ac s=1ff2  dt=40
13c6| 26f8        BNE   $13c0               cc=e0 a=00 b=00 dp=00 x=a53c y=002a u=18ac s=1ff2  dt=24
13c0| ec81        LDD   ,X++                cc=e4 a=00 b=00 dp=00 x=a53e y=002a u=18ac s=1ff2  dt=64
13c2| edc1        STD   ,U++                cc=e4 a=00 b=00 dp=00 x=a53e y=002a u=18ae s=1ff2  dt=64
13c4| 313f        LEAY  -1,Y                cc=e0 a=00 b=00 dp=00 x=a53e y=0029 u=18ae s=1ff2  dt=40
13c6| 26f8        BNE   $13c0               cc=e0 a=00 b=00 dp=00 x=a53e y=0029 u=18ae s=1ff2  dt=24
13c0| ec81        LDD   ,X++                cc=e4 a=00 b=00 dp=00 x=a540 y=0029 u=18ae s=1ff2  dt=64
13c2| edc1        STD   ,U++                cc=e4 a=00 b=00 dp=00 x=a540 y=0029 u=18b0 s=1ff2  dt=64
13c4| 313f        LEAY  -1,Y                cc=e0 a=00 b=00 dp=00 x=a540 y=0028 u=18b0 s=1ff2  dt=40
13c6| 26f8        BNE   $13c0               cc=e0 a=00 b=00 dp=00 x=a540 y=0028 u=18b0 s=1ff2  dt=24
13c0| ec81        LDD   ,X++                cc=e0 a=44 b=00 dp=00 x=a542 y=0028 u=18b0 s=1ff2  dt=64
13c2| edc1        STD   ,U++                cc=e0 a=44 b=00 dp=00 x=a542 y=0028 u=18b2 s=1ff2  dt=64
13c4| 313f        LEAY  -1,Y                cc=e0 a=44 b=00 dp=00 x=a542 y=0027 u=18b2 s=1ff2  dt=40
13c6| 26f8        BNE   $13c0               cc=e0 a=44 b=00 dp=00 x=a542 y=0027 u=18b2 s=1ff2  dt=24
13c0| ec81        LDD   ,X++                cc=e4 a=00 b=00 dp=00 x=a544 y=0027 u=18b2 s=1ff2  dt=64
13c2| edc1        STD   ,U++                cc=e4 a=00 b=00 dp=00 x=a544 y=0027 u=18b4 s=1ff2  dt=64
13c4| 313f        LEAY  -1,Y                cc=e0 a=00 b=00 dp=00 x=a544 y=0026 u=18b4 s=1ff2  dt=40
13c6| 26f8        BNE   $13c0               cc=e0 a=00 b=00 dp=00 x=a544 y=0026 u=18b4 s=1ff2  dt=24
13c0| ec81        LDD   ,X++                cc=e4 a=00 b=00 dp=00 x=a546 y=0026 u=18b4 s=1ff2  dt=64
13c2| edc1        STD   ,U++                cc=e4 a=00 b=00 dp=00 x=a546 y=0026 u=18b6 s=1ff2  dt=64
13c4| 313f        LEAY  -1,Y                cc=e0 a=00 b=00 dp=00 x=a546 y=0025 u=18b6 s=1ff2  dt=40
13c6| 26f8        BNE   $13c0               cc=e0 a=00 b=00 dp=00 x=a546 y=0025 u=18b6 s=1ff2  dt=24
13c0| ec81        LDD   ,X++                cc=e4 a=00 b=00 dp=00 x=a548 y=0025 u=18b6 s=1ff2  dt=64
13c2| edc1        STD   ,U++                cc=e4 a=00 b=00 dp=00 x=a548 y=0025 u=18b8 s=1ff2  dt=64
13c4| 313f        LEAY  -1,Y                cc=e0 a=00 b=00 dp=00 x=a548 y=0024 u=18b8 s=1ff2  dt=40
13c6| 26f8        BNE   $13c0               cc=e0 a=00 b=00 dp=00 x=a548 y=0024 u=18b8 s=1ff2  dt=24
13c0| ec81        LDD   ,X++                cc=e0 a=44 b=00 dp=00 x=a54a y=0024 u=18b8 s=1ff2  dt=64
13c2| edc1        STD   ,U++                cc=e0 a=44 b=00 dp=00 x=a54a y=0024 u=18ba s=1ff2  dt=64
13c4| 313f        LEAY  -1,Y                cc=e0 a=44 b=00 dp=00 x=a54a y=0023 u=18ba s=1ff2  dt=40
13c6| 26f8        BNE   $13c0               cc=e0 a=44 b=00 dp=00 x=a54a y=0023 u=18ba s=1ff2  dt=24
13c0| ec81        LDD   ,X++                cc=e4 a=00 b=00 dp=00 x=a54c y=0023 u=18ba s=1ff2  dt=64
13c2| edc1        STD   ,U++                cc=e4 a=00 b=00 dp=00 x=a54c y=0023 u=18bc s=1ff2  dt=64
13c4| 313f        LEAY  -1,Y                cc=e0 a=00 b=00 dp=00 x=a54c y=0022 u=18bc s=1ff2  dt=40
13c6| 26f8        BNE   $13c0               cc=e0 a=00 b=00 dp=00 x=a54c y=0022 u=18bc s=1ff2  dt=24
13c0| ec81        LDD   ,X++                cc=e4 a=00 b=00 dp=00 x=a54e y=0022 u=18bc s=1ff2  dt=64
13c2| edc1        STD   ,U++                cc=e4 a=00 b=00 dp=00 x=a54e y=0022 u=18be s=1ff2  dt=64
13c4| 313f        LEAY  -1,Y                cc=e0 a=00 b=00 dp=00 x=a54e y=0021 u=18be s=1ff2  dt=40
13c6| 26f8        BNE   $13c0               cc=e0 a=00 b=00 dp=00 x=a54e y=0021 u=18be s=1ff2  dt=24
13c0| ec81        LDD   ,X++                cc=e4 a=00 b=00 dp=00 x=a550 y=0021 u=18be s=1ff2  dt=64
13c2| edc1        STD   ,U++                cc=e4 a=00 b=00 dp=00 x=a550 y=0021 u=18c0 s=1ff2  dt=64
13c4| 313f        LEAY  -1,Y                cc=e0 a=00 b=00 dp=00 x=a550 y=0020 u=18c0 s=1ff2  dt=40
13c6| 26f8        BNE   $13c0               cc=e0 a=00 b=00 dp=00 x=a550 y=0020 u=18c0 s=1ff2  dt=24
13c0| ec81        LDD   ,X++                cc=e0 a=44 b=00 dp=00 x=a552 y=0020 u=18c0 s=1ff2  dt=64
13c2| edc1        STD   ,U++                cc=e0 a=44 b=00 dp=00 x=a552 y=0020 u=18c2 s=1ff2  dt=64
13c4| 313f        LEAY  -1,Y                cc=e0 a=44 b=00 dp=00 x=a552 y=001f u=18c2 s=1ff2  dt=40
13c6| 26f8        BNE   $13c0               cc=e0 a=44 b=00 dp=00 x=a552 y=001f u=18c2 s=1ff2  dt=24
13c0| ec81        LDD   ,X++                cc=e4 a=00 b=00 dp=00 x=a554 y=001f u=18c2 s=1ff2  dt=64
13c2| edc1        STD   ,U++                cc=e4 a=00 b=00 dp=00 x=a554 y=001f u=18c4 s=1ff2  dt=64
13c4| 313f        LEAY  -1,Y                cc=e0 a=00 b=00 dp=00 x=a554 y=001e u=18c4 s=1ff2  dt=40
13c6| 26f8        BNE   $13c0               cc=e0 a=00 b=00 dp=00 x=a554 y=001e u=18c4 s=1ff2  dt=24
13c0| ec81        LDD   ,X++                cc=e4 a=00 b=00 dp=00 x=a556 y=001e u=18c4 s=1ff2  dt=64
13c2| edc1        STD   ,U++                cc=e4 a=00 b=00 dp=00 x=a556 y=001e u=18c6 s=1ff2  dt=64
13c4| 313f        LEAY  -1,Y                cc=e0 a=00 b=00 dp=00 x=a556 y=001d u=18c6 s=1ff2  dt=40
13c6| 26f8        BNE   $13c0               cc=e0 a=00 b=00 dp=00 x=a556 y=001d u=18c6 s=1ff2  dt=24
13c0| ec81        LDD   ,X++                cc=e4 a=00 b=00 dp=00 x=a558 y=001d u=18c6 s=1ff2  dt=64
13c2| edc1        STD   ,U++                cc=e4 a=00 b=00 dp=00 x=a558 y=001d u=18c8 s=1ff2  dt=64
13c4| 313f        LEAY  -1,Y                cc=e0 a=00 b=00 dp=00 x=a558 y=001c u=18c8 s=1ff2  dt=40
13c6| 26f8        BNE   $13c0               cc=e0 a=00 b=00 dp=00 x=a558 y=001c u=18c8 s=1ff2  dt=24
13c0| ec81        LDD   ,X++                cc=e0 a=44 b=00 dp=00 x=a55a y=001c u=18c8 s=1ff2  dt=64
13c2| edc1        STD   ,U++                cc=e0 a=44 b=00 dp=00 x=a55a y=001c u=18ca s=1ff2  dt=64
13c4| 313f        LEAY  -1,Y                cc=e0 a=44 b=00 dp=00 x=a55a y=001b u=18ca s=1ff2  dt=40
13c6| 26f8        BNE   $13c0               cc=e0 a=44 b=00 dp=00 x=a55a y=001b u=18ca s=1ff2  dt=24
13c0| ec81        LDD   ,X++                cc=e4 a=00 b=00 dp=00 x=a55c y=001b u=18ca s=1ff2  dt=64
13c2| edc1        STD   ,U++                cc=e4 a=00 b=00 dp=00 x=a55c y=001b u=18cc s=1ff2  dt=64
13c4| 313f        LEAY  -1,Y                cc=e0 a=00 b=00 dp=00 x=a55c y=001a u=18cc s=1ff2  dt=40
13c6| 26f8        BNE   $13c0               cc=e0 a=00 b=00 dp=00 x=a55c y=001a u=18cc s=1ff2  dt=24
13c0| ec81        LDD   ,X++                cc=e4 a=00 b=00 dp=00 x=a55e y=001a u=18cc s=1ff2  dt=64
13c2| edc1        STD   ,U++                cc=e4 a=00 b=00 dp=00 x=a55e y=001a u=18ce s=1ff2  dt=64
13c4| 313f        LEAY  -1,Y                cc=e0 a=00 b=00 dp=00 x=a55e y=0019 u=18ce s=1ff2  dt=40
13c6| 26f8        BNE   $13c0               cc=e0 a=00 b=00 dp=00 x=a55e y=0019 u=18ce s=1ff2  dt=24
13c0| ec81        LDD   ,X++                cc=e4 a=00 b=00 dp=00 x=a560 y=0019 u=18ce s=1ff2  dt=64
13c2| edc1        STD   ,U++                cc=e4 a=00 b=00 dp=00 x=a560 y=0019 u=18d0 s=1ff2  dt=64
13c4| 313f        LEAY  -1,Y                cc=e0 a=00 b=00 dp=00 x=a560 y=0018 u=18d0 s=1ff2  dt=40
13c6| 26f8        BNE   $13c0               cc=e0 a=00 b=00 dp=00 x=a560 y=0018 u=18d0 s=1ff2  dt=24
13c0| ec81        LDD   ,X++                cc=e0 a=44 b=00 dp=00 x=a562 y=0018 u=18d0 s=1ff2  dt=64
13c2| edc1        STD   ,U++                cc=e0 a=44 b=00 dp=00 x=a562 y=0018 u=18d2 s=1ff2  dt=64
13c4| 313f        LEAY  -1,Y                cc=e0 a=44 b=00 dp=00 x=a562 y=0017 u=18d2 s=1ff2  dt=40
13c6| 26f8        BNE   $13c0               cc=e0 a=44 b=00 dp=00 x=a562 y=0017 u=18d2 s=1ff2  dt=24
13c0| ec81        LDD   ,X++                cc=e4 a=00 b=00 dp=00 x=a564 y=0017 u=18d2 s=1ff2  dt=64
13c2| edc1        STD   ,U++                cc=e4 a=00 b=00 dp=00 x=a564 y=0017 u=18d4 s=1ff2  dt=64
13c4| 313f        LEAY  -1,Y                cc=e0 a=00 b=00 dp=00 x=a564 y=0016 u=18d4 s=1ff2  dt=40
13c6| 26f8        BNE   $13c0               cc=e0 a=00 b=00 dp=00 x=a564 y=0016 u=18d4 s=1ff2  dt=24
13c0| ec81        LDD   ,X++                cc=e4 a=00 b=00 dp=00 x=a566 y=0016 u=18d4 s=1ff2  dt=64
13c2| edc1        STD   ,U++                cc=e4 a=00 b=00 dp=00 x=a566 y=0016 u=18d6 s=1ff2  dt=64
13c4| 313f        LEAY  -1,Y                cc=e0 a=00 b=00 dp=00 x=a566 y=0015 u=18d6 s=1ff2  dt=40
13c6| 26f8        BNE   $13c0               cc=e0 a=00 b=00 dp=00 x=a566 y=0015 u=18d6 s=1ff2  dt=24
13c0| ec81        LDD   ,X++                cc=e4 a=00 b=00 dp=00 x=a568 y=0015 u=18d6 s=1ff2  dt=64
13c2| edc1        STD   ,U++                cc=e4 a=00 b=00 dp=00 x=a568 y=0015 u=18d8 s=1ff2  dt=64
13c4| 313f        LEAY  -1,Y                cc=e0 a=00 b=00 dp=00 x=a568 y=0014 u=18d8 s=1ff2  dt=40
13c6| 26f8        BNE   $13c0               cc=e0 a=00 b=00 dp=00 x=a568 y=0014 u=18d8 s=1ff2  dt=24
13c0| ec81        LDD   ,X++                cc=e0 a=44 b=00 dp=00 x=a56a y=0014 u=18d8 s=1ff2  dt=64
13c2| edc1        STD   ,U++                cc=e0 a=44 b=00 dp=00 x=a56a y=0014 u=18da s=1ff2  dt=64
13c4| 313f        LEAY  -1,Y                cc=e0 a=44 b=00 dp=00 x=a56a y=0013 u=18da s=1ff2  dt=40
13c6| 26f8        BNE   $13c0               cc=e0 a=44 b=00 dp=00 x=a56a y=0013 u=18da s=1ff2  dt=24
13c0| ec81        LDD   ,X++                cc=e4 a=00 b=00 dp=00 x=a56c y=0013 u=18da s=1ff2  dt=64
13c2| edc1        STD   ,U++                cc=e4 a=00 b=00 dp=00 x=a56c y=0013 u=18dc s=1ff2  dt=64
13c4| 313f        LEAY  -1,Y                cc=e0 a=00 b=00 dp=00 x=a56c y=0012 u=18dc s=1ff2  dt=40
13c6| 26f8        BNE   $13c0               cc=e0 a=00 b=00 dp=00 x=a56c y=0012 u=18dc s=1ff2  dt=24
13c0| ec81        LDD   ,X++                cc=e4 a=00 b=00 dp=00 x=a56e y=0012 u=18dc s=1ff2  dt=64
13c2| edc1        STD   ,U++                cc=e4 a=00 b=00 dp=00 x=a56e y=0012 u=18de s=1ff2  dt=64
13c4| 313f        LEAY  -1,Y                cc=e0 a=00 b=00 dp=00 x=a56e y=0011 u=18de s=1ff2  dt=40
13c6| 26f8        BNE   $13c0               cc=e0 a=00 b=00 dp=00 x=a56e y=0011 u=18de s=1ff2  dt=24
13c0| ec81        LDD   ,X++                cc=e4 a=00 b=00 dp=00 x=a570 y=0011 u=18de s=1ff2  dt=64
13c2| edc1        STD   ,U++                cc=e4 a=00 b=00 dp=00 x=a570 y=0011 u=18e0 s=1ff2  dt=64
13c4| 313f        LEAY  -1,Y                cc=e0 a=00 b=00 dp=00 x=a570 y=0010 u=18e0 s=1ff2  dt=40
13c6| 26f8        BNE   $13c0               cc=e0 a=00 b=00 dp=00 x=a570 y=0010 u=18e0 s=1ff2  dt=24
13c0| ec81        LDD   ,X++                cc=e0 a=44 b=00 dp=00 x=a572 y=0010 u=18e0 s=1ff2  dt=64
13c2| edc1        STD   ,U++                cc=e0 a=44 b=00 dp=00 x=a572 y=0010 u=18e2 s=1ff2  dt=64
13c4| 313f        LEAY  -1,Y                cc=e0 a=44 b=00 dp=00 x=a572 y=000f u=18e2 s=1ff2  dt=40
13c6| 26f8        BNE   $13c0               cc=e0 a=44 b=00 dp=00 x=a572 y=000f u=18e2 s=1ff2  dt=24
13c0| ec81        LDD   ,X++                cc=e4 a=00 b=00 dp=00 x=a574 y=000f u=18e2 s=1ff2  dt=64
13c2| edc1        STD   ,U++                cc=e4 a=00 b=00 dp=00 x=a574 y=000f u=18e4 s=1ff2  dt=64
13c4| 313f        LEAY  -1,Y                cc=e0 a=00 b=00 dp=00 x=a574 y=000e u=18e4 s=1ff2  dt=40
13c6| 26f8        BNE   $13c0               cc=e0 a=00 b=00 dp=00 x=a574 y=000e u=18e4 s=1ff2  dt=24
13c0| ec81        LDD   ,X++                cc=e4 a=00 b=00 dp=00 x=a576 y=000e u=18e4 s=1ff2  dt=64
13c2| edc1        STD   ,U++                cc=e4 a=00 b=00 dp=00 x=a576 y=000e u=18e6 s=1ff2  dt=64
13c4| 313f        LEAY  -1,Y                cc=e0 a=00 b=00 dp=00 x=a576 y=000d u=18e6 s=1ff2  dt=40
13c6| 26f8        BNE   $13c0               cc=e0 a=00 b=00 dp=00 x=a576 y=000d u=18e6 s=1ff2  dt=24
13c0| ec81        LDD   ,X++                cc=e4 a=00 b=00 dp=00 x=a578 y=000d u=18e6 s=1ff2  dt=64
13c2| edc1        STD   ,U++                cc=e4 a=00 b=00 dp=00 x=a578 y=000d u=18e8 s=1ff2  dt=64
13c4| 313f        LEAY  -1,Y                cc=e0 a=00 b=00 dp=00 x=a578 y=000c u=18e8 s=1ff2  dt=40
13c6| 26f8        BNE   $13c0               cc=e0 a=00 b=00 dp=00 x=a578 y=000c u=18e8 s=1ff2  dt=24
13c0| ec81        LDD   ,X++                cc=e0 a=44 b=00 dp=00 x=a57a y=000c u=18e8 s=1ff2  dt=64
13c2| edc1        STD   ,U++                cc=e0 a=44 b=00 dp=00 x=a57a y=000c u=18ea s=1ff2  dt=64
13c4| 313f        LEAY  -1,Y                cc=e0 a=44 b=00 dp=00 x=a57a y=000b u=18ea s=1ff2  dt=40
13c6| 26f8        BNE   $13c0               cc=e0 a=44 b=00 dp=00 x=a57a y=000b u=18ea s=1ff2  dt=24
13c0| ec81        LDD   ,X++                cc=e4 a=00 b=00 dp=00 x=a57c y=000b u=18ea s=1ff2  dt=64
13c2| edc1        STD   ,U++                cc=e4 a=00 b=00 dp=00 x=a57c y=000b u=18ec s=1ff2  dt=64
13c4| 313f        LEAY  -1,Y                cc=e0 a=00 b=00 dp=00 x=a57c y=000a u=18ec s=1ff2  dt=40
13c6| 26f8        BNE   $13c0               cc=e0 a=00 b=00 dp=00 x=a57c y=000a u=18ec s=1ff2  dt=24
13c0| ec81        LDD   ,X++                cc=e4 a=00 b=00 dp=00 x=a57e y=000a u=18ec s=1ff2  dt=64
13c2| edc1        STD   ,U++                cc=e4 a=00 b=00 dp=00 x=a57e y=000a u=18ee s=1ff2  dt=64
13c4| 313f        LEAY  -1,Y                cc=e0 a=00 b=00 dp=00 x=a57e y=0009 u=18ee s=1ff2  dt=40
13c6| 26f8        BNE   $13c0               cc=e0 a=00 b=00 dp=00 x=a57e y=0009 u=18ee s=1ff2  dt=24
13c0| ec81        LDD   ,X++                cc=e4 a=00 b=00 dp=00 x=a580 y=0009 u=18ee s=1ff2  dt=64
13c2| edc1        STD   ,U++                cc=e4 a=00 b=00 dp=00 x=a580 y=0009 u=18f0 s=1ff2  dt=64
13c4| 313f        LEAY  -1,Y                cc=e0 a=00 b=00 dp=00 x=a580 y=0008 u=18f0 s=1ff2  dt=40
13c6| 26f8        BNE   $13c0               cc=e0 a=00 b=00 dp=00 x=a580 y=0008 u=18f0 s=1ff2  dt=24
13c0| ec81        LDD   ,X++                cc=e0 a=44 b=00 dp=00 x=a582 y=0008 u=18f0 s=1ff2  dt=64
13c2| edc1        STD   ,U++                cc=e0 a=44 b=00 dp=00 x=a582 y=0008 u=18f2 s=1ff2  dt=64
13c4| 313f        LEAY  -1,Y                cc=e0 a=44 b=00 dp=00 x=a582 y=0007 u=18f2 s=1ff2  dt=40
13c6| 26f8        BNE   $13c0               cc=e0 a=44 b=00 dp=00 x=a582 y=0007 u=18f2 s=1ff2  dt=24
13c0| ec81        LDD   ,X++                cc=e4 a=00 b=00 dp=00 x=a584 y=0007 u=18f2 s=1ff2  dt=64
13c2| edc1        STD   ,U++                cc=e4 a=00 b=00 dp=00 x=a584 y=0007 u=18f4 s=1ff2  dt=64
13c4| 313f        LEAY  -1,Y                cc=e0 a=00 b=00 dp=00 x=a584 y=0006 u=18f4 s=1ff2  dt=40
13c6| 26f8        BNE   $13c0               cc=e0 a=00 b=00 dp=00 x=a584 y=0006 u=18f4 s=1ff2  dt=24
13c0| ec81        LDD   ,X++                cc=e4 a=00 b=00 dp=00 x=a586 y=0006 u=18f4 s=1ff2  dt=64
13c2| edc1        STD   ,U++                cc=e4 a=00 b=00 dp=00 x=a586 y=0006 u=18f6 s=1ff2  dt=64
13c4| 313f        LEAY  -1,Y                cc=e0 a=00 b=00 dp=00 x=a586 y=0005 u=18f6 s=1ff2  dt=40
13c6| 26f8        BNE   $13c0               cc=e0 a=00 b=00 dp=00 x=a586 y=0005 u=18f6 s=1ff2  dt=24
13c0| ec81        LDD   ,X++                cc=e4 a=00 b=00 dp=00 x=a588 y=0005 u=18f6 s=1ff2  dt=64
13c2| edc1        STD   ,U++                cc=e4 a=00 b=00 dp=00 x=a588 y=0005 u=18f8 s=1ff2  dt=64
13c4| 313f        LEAY  -1,Y                cc=e0 a=00 b=00 dp=00 x=a588 y=0004 u=18f8 s=1ff2  dt=40
13c6| 26f8        BNE   $13c0               cc=e0 a=00 b=00 dp=00 x=a588 y=0004 u=18f8 s=1ff2  dt=24
13c0| ec81        LDD   ,X++                cc=e0 a=44 b=44 dp=00 x=a58a y=0004 u=18f8 s=1ff2  dt=64
13c2| edc1        STD   ,U++                cc=e0 a=44 b=44 dp=00 x=a58a y=0004 u=18fa s=1ff2  dt=64
13c4| 313f        LEAY  -1,Y                cc=e0 a=44 b=44 dp=00 x=a58a y=0003 u=18fa s=1ff2  dt=40
13c6| 26f8        BNE   $13c0               cc=e0 a=44 b=44 dp=00 x=a58a y=0003 u=18fa s=1ff2  dt=24
13c0| ec81        LDD   ,X++                cc=e0 a=44 b=44 dp=00 x=a58c y=0003 u=18fa s=1ff2  dt=64
13c2| edc1        STD   ,U++                cc=e0 a=44 b=44 dp=00 x=a58c y=0003 u=18fc s=1ff2  dt=64
13c4| 313f        LEAY  -1,Y                cc=e0 a=44 b=44 dp=00 x=a58c y=0002 u=18fc s=1ff2  dt=40
13c6| 26f8        BNE   $13c0               cc=e0 a=44 b=44 dp=00 x=a58c y=0002 u=18fc s=1ff2  dt=24
13c0| ec81        LDD   ,X++                cc=e0 a=44 b=44 dp=00 x=a58e y=0002 u=18fc s=1ff2  dt=64
13c2| edc1        STD   ,U++                cc=e0 a=44 b=44 dp=00 x=a58e y=0002 u=18fe s=1ff2  dt=64
13c4| 313f        LEAY  -1,Y                cc=e0 a=44 b=44 dp=00 x=a58e y=0001 u=18fe s=1ff2  dt=40
13c6| 26f8        BNE   $13c0               cc=e0 a=44 b=44 dp=00 x=a58e y=0001 u=18fe s=1ff2  dt=24
13c0| ec81        LDD   ,X++                cc=e0 a=44 b=44 dp=00 x=a590 y=0001 u=18fe s=1ff2  dt=64
13c2| edc1        STD   ,U++                cc=e0 a=44 b=44 dp=00 x=a590 y=0001 u=1900 s=1ff2  dt=64
13c4| 313f        LEAY  -1,Y                cc=e4 a=44 b=44 dp=00 x=a590 y=0000 u=1900 s=1ff2  dt=40
13c6| 26f8        BNE   $13c0               cc=e4 a=44 b=44 dp=00 x=a590 y=0000 u=1900 s=1ff2  dt=24
13c8| cea470      LDU   #$a470              cc=e8 a=44 b=44 dp=00 x=a590 y=0000 u=a470 s=1ff2  dt=24
13cb| 8604        LDA   #$04                cc=e0 a=04 b=44 dp=00 x=a590 y=0000 u=a470 s=1ff2  dt=16
13cd| 975d        STA   <$5d                cc=e0 a=04 b=44 dp=00 x=a590 y=0000 u=a470 s=1ff2  dt=32
13cf| 6dc4        TST   ,U                  cc=e0 a=04 b=44 dp=00 x=a590 y=0000 u=a470 s=1ff2  dt=48
13d1| 2723        BEQ   $13f6               cc=e0 a=04 b=44 dp=00 x=a590 y=0000 u=a470 s=1ff2  dt=24
13d3| 6d46        TST   6,U                 cc=e0 a=04 b=44 dp=00 x=a590 y=0000 u=a470 s=1ff2  dt=56
13d5| 261f        BNE   $13f6               cc=e0 a=04 b=44 dp=00 x=a590 y=0000 u=a470 s=1ff2  dt=24
13f6| 3348        LEAU  8,U                 cc=e0 a=04 b=44 dp=00 x=a590 y=0000 u=a478 s=1ff2  dt=40
13f8| 0a5d        DEC   <$5d                cc=e0 a=04 b=44 dp=00 x=a590 y=0000 u=a478 s=1ff2  dt=48
13fa| 26d3        BNE   $13cf               cc=e0 a=04 b=44 dp=00 x=a590 y=0000 u=a478 s=1ff2  dt=24
13cf| 6dc4        TST   ,U                  cc=e0 a=04 b=44 dp=00 x=a590 y=0000 u=a478 s=1ff2  dt=48
13d1| 2723        BEQ   $13f6               cc=e0 a=04 b=44 dp=00 x=a590 y=0000 u=a478 s=1ff2  dt=24
13d3| 6d46        TST   6,U                 cc=e0 a=04 b=44 dp=00 x=a590 y=0000 u=a478 s=1ff2  dt=56
13d5| 261f        BNE   $13f6               cc=e0 a=04 b=44 dp=00 x=a590 y=0000 u=a478 s=1ff2  dt=24
13f6| 3348        LEAU  8,U                 cc=e0 a=04 b=44 dp=00 x=a590 y=0000 u=a480 s=1ff2  dt=40
13f8| 0a5d        DEC   <$5d                cc=e0 a=04 b=44 dp=00 x=a590 y=0000 u=a480 s=1ff2  dt=48
13fa| 26d3        BNE   $13cf               cc=e0 a=04 b=44 dp=00 x=a590 y=0000 u=a480 s=1ff2  dt=24
13cf| 6dc4        TST   ,U                  cc=e0 a=04 b=44 dp=00 x=a590 y=0000 u=a480 s=1ff2  dt=48
13d1| 2723        BEQ   $13f6               cc=e0 a=04 b=44 dp=00 x=a590 y=0000 u=a480 s=1ff2  dt=24
13d3| 6d46        TST   6,U                 cc=e0 a=04 b=44 dp=00 x=a590 y=0000 u=a480 s=1ff2  dt=56
13d5| 261f        BNE   $13f6               cc=e0 a=04 b=44 dp=00 x=a590 y=0000 u=a480 s=1ff2  dt=24
13f6| 3348        LEAU  8,U                 cc=e0 a=04 b=44 dp=00 x=a590 y=0000 u=a488 s=1ff2  dt=40
13f8| 0a5d        DEC   <$5d                cc=e0 a=04 b=44 dp=00 x=a590 y=0000 u=a488 s=1ff2  dt=48
13fa| 26d3        BNE   $13cf               cc=e0 a=04 b=44 dp=00 x=a590 y=0000 u=a488 s=1ff2  dt=24
13cf| 6dc4        TST   ,U                  cc=e0 a=04 b=44 dp=00 x=a590 y=0000 u=a488 s=1ff2  dt=48
13d1| 2723        BEQ   $13f6               cc=e0 a=04 b=44 dp=00 x=a590 y=0000 u=a488 s=1ff2  dt=24
13d3| 6d46        TST   6,U                 cc=e0 a=04 b=44 dp=00 x=a590 y=0000 u=a488 s=1ff2  dt=56
13d5| 261f        BNE   $13f6               cc=e0 a=04 b=44 dp=00 x=a590 y=0000 u=a488 s=1ff2  dt=24
13f6| 3348        LEAU  8,U                 cc=e0 a=04 b=44 dp=00 x=a590 y=0000 u=a490 s=1ff2  dt=40
13f8| 0a5d        DEC   <$5d                cc=e4 a=04 b=44 dp=00 x=a590 y=0000 u=a490 s=1ff2  dt=48
13fa| 26d3        BNE   $13cf               cc=e4 a=04 b=44 dp=00 x=a590 y=0000 u=a490 s=1ff2  dt=24
13fc| 965a        LDA   <$5a                cc=e4 a=00 b=44 dp=00 x=a590 y=0000 u=a490 s=1ff2  dt=32
13fe| 8101        CMPA  #$01                cc=e9 a=00 b=44 dp=00 x=a590 y=0000 u=a490 s=1ff2  dt=16
1400| 2714        BEQ   $1416               cc=e9 a=00 b=44 dp=00 x=a590 y=0000 u=a490 s=1ff2  dt=24
1402| 8102        CMPA  #$02                cc=e9 a=00 b=44 dp=00 x=a590 y=0000 u=a490 s=1ff2  dt=16
1404| 2606        BNE   $140c               cc=e9 a=00 b=44 dp=00 x=a590 y=0000 u=a490 s=1ff2  dt=24
140c| 8e1880      LDX   #$1880              cc=e1 a=00 b=44 dp=00 x=1880 y=0000 u=a490 s=1ff2  dt=24
140f| c600        LDB   #$00                cc=e5 a=00 b=00 dp=00 x=1880 y=0000 u=a490 s=1ff2  dt=16
1411| 1701c7      LBSR  $15db               cc=e5 a=00 b=00 dp=00 x=1880 y=0000 u=a490 s=1ff0  dt=72
15db| 170007      LBSR  $15e5               cc=e5 a=00 b=00 dp=00 x=1880 y=0000 u=a490 s=1fee  dt=72
15e5| c104        CMPB  #$04                cc=e9 a=00 b=00 dp=00 x=1880 y=0000 u=a490 s=1fee  dt=16
15e7| 2501        BCS   $15ea               cc=e9 a=00 b=00 dp=00 x=1880 y=0000 u=a490 s=1fee  dt=24
15ea| d766        STB   <$66                cc=e5 a=00 b=00 dp=00 x=1880 y=0000 u=a490 s=1fee  dt=32
15ec| 8604        LDA   #$04                cc=e1 a=04 b=00 dp=00 x=1880 y=0000 u=a490 s=1fee  dt=16
15ee| 905d        SUBA  <$5d                cc=e0 a=04 b=00 dp=00 x=1880 y=0000 u=a490 s=1fee  dt=32
15f0| 8104        CMPA  #$04                cc=e4 a=04 b=00 dp=00 x=1880 y=0000 u=a490 s=1fee  dt=16
15f2| 2302        BLS   $15f6               cc=e4 a=04 b=00 dp=00 x=1880 y=0000 u=a490 s=1fee  dt=24
15f6| 9764        STA   <$64                cc=e0 a=04 b=00 dp=00 x=1880 y=0000 u=a490 s=1fee  dt=32
15f8| 9624        LDA   <$24                cc=e0 a=01 b=00 dp=00 x=1880 y=0000 u=a490 s=1fee  dt=32
15fa| 8109        CMPA  #$09                cc=e9 a=01 b=00 dp=00 x=1880 y=0000 u=a490 s=1fee  dt=16
15fc| 2517        BCS   $1615               cc=e9 a=01 b=00 dp=00 x=1880 y=0000 u=a490 s=1fee  dt=24
1615| 4a          DECA                      cc=e5 a=00 b=00 dp=00 x=1880 y=0000 u=a490 s=1fee  dt=16
1616| 48          LSLA                      cc=e4 a=00 b=00 dp=00 x=1880 y=0000 u=a490 s=1fee  dt=16
1617| 48          LSLA                      cc=e4 a=00 b=00 dp=00 x=1880 y=0000 u=a490 s=1fee  dt=16
1618| 9b66        ADDA  <$66                cc=c4 a=00 b=00 dp=00 x=1880 y=0000 u=a490 s=1fee  dt=32
161a| 48          LSLA                      cc=c4 a=00 b=00 dp=00 x=1880 y=0000 u=a490 s=1fee  dt=16
161b| 48          LSLA                      cc=c4 a=00 b=00 dp=00 x=1880 y=0000 u=a490 s=1fee  dt=16
161c| 9a54        ORA   <$54                cc=c0 a=02 b=00 dp=00 x=1880 y=0000 u=a490 s=1fee  dt=32
161e| 39          RTS                       cc=c0 a=02 b=00 dp=00 x=1880 y=0000 u=a490 s=1ff0  dt=40
15de| 17004b      LBSR  $162c               cc=c0 a=02 b=00 dp=00 x=1880 y=0000 u=a490 s=1fee  dt=72
162c| c603        LDB   #$03                cc=c0 a=02 b=03 dp=00 x=1880 y=0000 u=a490 s=1fee  dt=16
162e| 3d          MUL                       cc=c0 a=00 b=06 dp=00 x=1880 y=0000 u=a490 s=1fee  dt=88
162f| ce0500      LDU   #$0500              cc=c0 a=00 b=06 dp=00 x=1880 y=0000 u=0500 s=1fee  dt=24
1632| 33cb        LEAU  D,U                 cc=c0 a=00 b=06 dp=00 x=1880 y=0000 u=0506 s=1fee  dt=64
1634| a6c4        LDA   ,U                  cc=c0 a=35 b=06 dp=00 x=1880 y=0000 u=0506 s=1fee  dt=32
1636| b7ffa5      STA   $ffa5               cc=c0 a=35 b=06 dp=00 x=1880 y=0000 u=0506 s=1fee  dt=40
1639| ee41        LDU   1,U                 cc=c8 a=35 b=06 dp=00 x=1880 y=0000 u=a313 s=1fee  dt=48
163b| 39          RTS                       cc=c8 a=35 b=06 dp=00 x=1880 y=0000 u=a313 s=1ff0  dt=40
15e1| 1700d7      LBSR  $16bb               cc=c8 a=35 b=06 dp=00 x=1880 y=0000 u=a313 s=1fee  dt=72
16bb| e6c0        LDB   ,U+                 cc=c0 a=35 b=03 dp=00 x=1880 y=0000 u=a314 s=1fee  dt=48
16bd| c1ff        CMPB  #$ff                cc=c1 a=35 b=03 dp=00 x=1880 y=0000 u=a314 s=1fee  dt=16
16bf| 2723        BEQ   $16e4               cc=c1 a=35 b=03 dp=00 x=1880 y=0000 u=a314 s=1fee  dt=24
16c1| c580        BITB  #$80                cc=c5 a=35 b=03 dp=00 x=1880 y=0000 u=a314 s=1fee  dt=16
16c3| 2702        BEQ   $16c7               cc=c5 a=35 b=03 dp=00 x=1880 y=0000 u=a314 s=1fee  dt=24
16c7| 3a          ABX                       cc=c5 a=35 b=03 dp=00 x=1883 y=0000 u=a314 s=1fee  dt=24
16c8| e6c0        LDB   ,U+                 cc=c1 a=35 b=01 dp=00 x=1883 y=0000 u=a315 s=1fee  dt=48
16ca| 2b09        BMI   $16d5               cc=c1 a=35 b=01 dp=00 x=1883 y=0000 u=a315 s=1fee  dt=24
16cc| a6c0        LDA   ,U+                 cc=c9 a=cc b=01 dp=00 x=1883 y=0000 u=a316 s=1fee  dt=48
16ce| a780        STA   ,X+                 cc=c9 a=cc b=01 dp=00 x=1884 y=0000 u=a316 s=1fee  dt=48
16d0| 5a          DECB                      cc=c5 a=cc b=00 dp=00 x=1884 y=0000 u=a316 s=1fee  dt=16
16d1| 26f9        BNE   $16cc               cc=c5 a=cc b=00 dp=00 x=1884 y=0000 u=a316 s=1fee  dt=24
16d3| 20e6        BRA   $16bb               cc=c5 a=cc b=00 dp=00 x=1884 y=0000 u=a316 s=1fee  dt=24
16bb| e6c0        LDB   ,U+                 cc=c1 a=cc b=01 dp=00 x=1884 y=0000 u=a317 s=1fee  dt=48
16bd| c1ff        CMPB  #$ff                cc=c1 a=cc b=01 dp=00 x=1884 y=0000 u=a317 s=1fee  dt=16
16bf| 2723        BEQ   $16e4               cc=c1 a=cc b=01 dp=00 x=1884 y=0000 u=a317 s=1fee  dt=24
16c1| c580        BITB  #$80                cc=c5 a=cc b=01 dp=00 x=1884 y=0000 u=a317 s=1fee  dt=16
16c3| 2702        BEQ   $16c7               cc=c5 a=cc b=01 dp=00 x=1884 y=0000 u=a317 s=1fee  dt=24
16c7| 3a          ABX                       cc=c5 a=cc b=01 dp=00 x=1885 y=0000 u=a317 s=1fee  dt=24
16c8| e6c0        LDB   ,U+                 cc=c1 a=cc b=01 dp=00 x=1885 y=0000 u=a318 s=1fee  dt=48
16ca| 2b09        BMI   $16d5               cc=c1 a=cc b=01 dp=00 x=1885 y=0000 u=a318 s=1fee  dt=24
16cc| a6c0        LDA   ,U+                 cc=c9 a=cc b=01 dp=00 x=1885 y=0000 u=a319 s=1fee  dt=48
16ce| a780        STA   ,X+                 cc=c9 a=cc b=01 dp=00 x=1886 y=0000 u=a319 s=1fee  dt=48
16d0| 5a          DECB                      cc=c5 a=cc b=00 dp=00 x=1886 y=0000 u=a319 s=1fee  dt=16
16d1| 26f9        BNE   $16cc               cc=c5 a=cc b=00 dp=00 x=1886 y=0000 u=a319 s=1fee  dt=24
16d3| 20e6        BRA   $16bb               cc=c5 a=cc b=00 dp=00 x=1886 y=0000 u=a319 s=1fee  dt=24
16bb| e6c0        LDB   ,U+                 cc=c9 a=cc b=9c dp=00 x=1886 y=0000 u=a31a s=1fee  dt=48
16bd| c1ff        CMPB  #$ff                cc=c9 a=cc b=9c dp=00 x=1886 y=0000 u=a31a s=1fee  dt=16
16bf| 2723        BEQ   $16e4               cc=c9 a=cc b=9c dp=00 x=1886 y=0000 u=a31a s=1fee  dt=24
16c1| c580        BITB  #$80                cc=c9 a=cc b=9c dp=00 x=1886 y=0000 u=a31a s=1fee  dt=16
16c3| 2702        BEQ   $16c7               cc=c9 a=cc b=9c dp=00 x=1886 y=0000 u=a31a s=1fee  dt=24
16c5| c098        SUBB  #$98                cc=c0 a=cc b=04 dp=00 x=1886 y=0000 u=a31a s=1fee  dt=16
16c7| 3a          ABX                       cc=c0 a=cc b=04 dp=00 x=188a y=0000 u=a31a s=1fee  dt=24
16c8| e6c0        LDB   ,U+                 cc=c8 a=cc b=81 dp=00 x=188a y=0000 u=a31b s=1fee  dt=48
16ca| 2b09        BMI   $16d5               cc=c8 a=cc b=81 dp=00 x=188a y=0000 u=a31b s=1fee  dt=24
16d5| c47f        ANDB  #$7f                cc=c0 a=cc b=01 dp=00 x=188a y=0000 u=a31b s=1fee  dt=16
16d7| a6c0        LDA   ,U+                 cc=c8 a=f0 b=01 dp=00 x=188a y=0000 u=a31c s=1fee  dt=48
16d9| a484        ANDA  ,X                  cc=c4 a=00 b=01 dp=00 x=188a y=0000 u=a31c s=1fee  dt=32
16db| aac0        ORA   ,U+                 cc=c0 a=0c b=01 dp=00 x=188a y=0000 u=a31d s=1fee  dt=48
16dd| a780        STA   ,X+                 cc=c0 a=0c b=01 dp=00 x=188b y=0000 u=a31d s=1fee  dt=48
16df| 5a          DECB                      cc=c4 a=0c b=00 dp=00 x=188b y=0000 u=a31d s=1fee  dt=16
16e0| 26f5        BNE   $16d7               cc=c4 a=0c b=00 dp=00 x=188b y=0000 u=a31d s=1fee  dt=24
16e2| 20d7        BRA   $16bb               cc=c4 a=0c b=00 dp=00 x=188b y=0000 u=a31d s=1fee  dt=24
16bb| e6c0        LDB   ,U+                 cc=c0 a=0c b=03 dp=00 x=188b y=0000 u=a31e s=1fee  dt=48
16bd| c1ff        CMPB  #$ff                cc=c1 a=0c b=03 dp=00 x=188b y=0000 u=a31e s=1fee  dt=16
16bf| 2723        BEQ   $16e4               cc=c1 a=0c b=03 dp=00 x=188b y=0000 u=a31e s=1fee  dt=24
16c1| c580        BITB  #$80                cc=c5 a=0c b=03 dp=00 x=188b y=0000 u=a31e s=1fee  dt=16
16c3| 2702        BEQ   $16c7               cc=c5 a=0c b=03 dp=00 x=188b y=0000 u=a31e s=1fee  dt=24
16c7| 3a          ABX                       cc=c5 a=0c b=03 dp=00 x=188e y=0000 u=a31e s=1fee  dt=24
16c8| e6c0        LDB   ,U+                 cc=c9 a=0c b=81 dp=00 x=188e y=0000 u=a31f s=1fee  dt=48
16ca| 2b09        BMI   $16d5               cc=c9 a=0c b=81 dp=00 x=188e y=0000 u=a31f s=1fee  dt=24
16d5| c47f        ANDB  #$7f                cc=c1 a=0c b=01 dp=00 x=188e y=0000 u=a31f s=1fee  dt=16
16d7| a6c0        LDA   ,U+                 cc=c1 a=0f b=01 dp=00 x=188e y=0000 u=a320 s=1fee  dt=48
16d9| a484        ANDA  ,X                  cc=c5 a=00 b=01 dp=00 x=188e y=0000 u=a320 s=1fee  dt=32
16db| aac0        ORA   ,U+                 cc=c9 a=c0 b=01 dp=00 x=188e y=0000 u=a321 s=1fee  dt=48
16dd| a780        STA   ,X+                 cc=c9 a=c0 b=01 dp=00 x=188f y=0000 u=a321 s=1fee  dt=48
16df| 5a          DECB                      cc=c5 a=c0 b=00 dp=00 x=188f y=0000 u=a321 s=1fee  dt=16
16e0| 26f5        BNE   $16d7               cc=c5 a=c0 b=00 dp=00 x=188f y=0000 u=a321 s=1fee  dt=24
16e2| 20d7        BRA   $16bb               cc=c5 a=c0 b=00 dp=00 x=188f y=0000 u=a321 s=1fee  dt=24
16bb| e6c0        LDB   ,U+                 cc=c9 a=c0 b=9b dp=00 x=188f y=0000 u=a322 s=1fee  dt=48
16bd| c1ff        CMPB  #$ff                cc=c9 a=c0 b=9b dp=00 x=188f y=0000 u=a322 s=1fee  dt=16
16bf| 2723        BEQ   $16e4               cc=c9 a=c0 b=9b dp=00 x=188f y=0000 u=a322 s=1fee  dt=24
16c1| c580        BITB  #$80                cc=c9 a=c0 b=9b dp=00 x=188f y=0000 u=a322 s=1fee  dt=16
16c3| 2702        BEQ   $16c7               cc=c9 a=c0 b=9b dp=00 x=188f y=0000 u=a322 s=1fee  dt=24
16c5| c098        SUBB  #$98                cc=c0 a=c0 b=03 dp=00 x=188f y=0000 u=a322 s=1fee  dt=16
16c7| 3a          ABX                       cc=c0 a=c0 b=03 dp=00 x=1892 y=0000 u=a322 s=1fee  dt=24
16c8| e6c0        LDB   ,U+                 cc=c8 a=c0 b=82 dp=00 x=1892 y=0000 u=a323 s=1fee  dt=48
16ca| 2b09        BMI   $16d5               cc=c8 a=c0 b=82 dp=00 x=1892 y=0000 u=a323 s=1fee  dt=24
16d5| c47f        ANDB  #$7f                cc=c0 a=c0 b=02 dp=00 x=1892 y=0000 u=a323 s=1fee  dt=16
16d7| a6c0        LDA   ,U+                 cc=c8 a=f0 b=02 dp=00 x=1892 y=0000 u=a324 s=1fee  dt=48
16d9| a484        ANDA  ,X                  cc=c4 a=00 b=02 dp=00 x=1892 y=0000 u=a324 s=1fee  dt=32
16db| aac0        ORA   ,U+                 cc=c0 a=0c b=02 dp=00 x=1892 y=0000 u=a325 s=1fee  dt=48
16dd| a780        STA   ,X+                 cc=c0 a=0c b=02 dp=00 x=1893 y=0000 u=a325 s=1fee  dt=48
16df| 5a          DECB                      cc=c0 a=0c b=01 dp=00 x=1893 y=0000 u=a325 s=1fee  dt=16
16e0| 26f5        BNE   $16d7               cc=c0 a=0c b=01 dp=00 x=1893 y=0000 u=a325 s=1fee  dt=24
16d7| a6c0        LDA   ,U+                 cc=c8 a=f0 b=01 dp=00 x=1893 y=0000 u=a326 s=1fee  dt=48
16d9| a484        ANDA  ,X                  cc=c4 a=00 b=01 dp=00 x=1893 y=0000 u=a326 s=1fee  dt=32
16db| aac0        ORA   ,U+                 cc=c0 a=0c b=01 dp=00 x=1893 y=0000 u=a327 s=1fee  dt=48
16dd| a780        STA   ,X+                 cc=c0 a=0c b=01 dp=00 x=1894 y=0000 u=a327 s=1fee  dt=48
16df| 5a          DECB                      cc=c4 a=0c b=00 dp=00 x=1894 y=0000 u=a327 s=1fee  dt=16
16e0| 26f5        BNE   $16d7               cc=c4 a=0c b=00 dp=00 x=1894 y=0000 u=a327 s=1fee  dt=24
16e2| 20d7        BRA   $16bb               cc=c4 a=0c b=00 dp=00 x=1894 y=0000 u=a327 s=1fee  dt=24
16bb| e6c0        LDB   ,U+                 cc=c0 a=0c b=01 dp=00 x=1894 y=0000 u=a328 s=1fee  dt=48
16bd| c1ff        CMPB  #$ff                cc=c1 a=0c b=01 dp=00 x=1894 y=0000 u=a328 s=1fee  dt=16
16bf| 2723        BEQ   $16e4               cc=c1 a=0c b=01 dp=00 x=1894 y=0000 u=a328 s=1fee  dt=24
16c1| c580        BITB  #$80                cc=c5 a=0c b=01 dp=00 x=1894 y=0000 u=a328 s=1fee  dt=16
16c3| 2702        BEQ   $16c7               cc=c5 a=0c b=01 dp=00 x=1894 y=0000 u=a328 s=1fee  dt=24
16c7| 3a          ABX                       cc=c5 a=0c b=01 dp=00 x=1895 y=0000 u=a328 s=1fee  dt=24
16c8| e6c0        LDB   ,U+                 cc=c9 a=0c b=82 dp=00 x=1895 y=0000 u=a329 s=1fee  dt=48
16ca| 2b09        BMI   $16d5               cc=c9 a=0c b=82 dp=00 x=1895 y=0000 u=a329 s=1fee  dt=24
16d5| c47f        ANDB  #$7f                cc=c1 a=0c b=02 dp=00 x=1895 y=0000 u=a329 s=1fee  dt=16
16d7| a6c0        LDA   ,U+                 cc=c1 a=0f b=02 dp=00 x=1895 y=0000 u=a32a s=1fee  dt=48
16d9| a484        ANDA  ,X                  cc=c5 a=00 b=02 dp=00 x=1895 y=0000 u=a32a s=1fee  dt=32
16db| aac0        ORA   ,U+                 cc=c9 a=c0 b=02 dp=00 x=1895 y=0000 u=a32b s=1fee  dt=48
16dd| a780        STA   ,X+                 cc=c9 a=c0 b=02 dp=00 x=1896 y=0000 u=a32b s=1fee  dt=48
16df| 5a          DECB                      cc=c1 a=c0 b=01 dp=00 x=1896 y=0000 u=a32b s=1fee  dt=16
16e0| 26f5        BNE   $16d7               cc=c1 a=c0 b=01 dp=00 x=1896 y=0000 u=a32b s=1fee  dt=24
16d7| a6c0        LDA   ,U+                 cc=c1 a=0f b=01 dp=00 x=1896 y=0000 u=a32c s=1fee  dt=48
16d9| a484        ANDA  ,X                  cc=c5 a=00 b=01 dp=00 x=1896 y=0000 u=a32c s=1fee  dt=32
16db| aac0        ORA   ,U+                 cc=c9 a=c0 b=01 dp=00 x=1896 y=0000 u=a32d s=1fee  dt=48
16dd| a780        STA   ,X+                 cc=c9 a=c0 b=01 dp=00 x=1897 y=0000 u=a32d s=1fee  dt=48
16df| 5a          DECB                      cc=c5 a=c0 b=00 dp=00 x=1897 y=0000 u=a32d s=1fee  dt=16
16e0| 26f5        BNE   $16d7               cc=c5 a=c0 b=00 dp=00 x=1897 y=0000 u=a32d s=1fee  dt=24
16e2| 20d7        BRA   $16bb               cc=c5 a=c0 b=00 dp=00 x=1897 y=0000 u=a32d s=1fee  dt=24
16bb| e6c0        LDB   ,U+                 cc=c9 a=c0 b=9a dp=00 x=1897 y=0000 u=a32e s=1fee  dt=48
16bd| c1ff        CMPB  #$ff                cc=c9 a=c0 b=9a dp=00 x=1897 y=0000 u=a32e s=1fee  dt=16
16bf| 2723        BEQ   $16e4               cc=c9 a=c0 b=9a dp=00 x=1897 y=0000 u=a32e s=1fee  dt=24
16c1| c580        BITB  #$80                cc=c9 a=c0 b=9a dp=00 x=1897 y=0000 u=a32e s=1fee  dt=16
16c3| 2702        BEQ   $16c7               cc=c9 a=c0 b=9a dp=00 x=1897 y=0000 u=a32e s=1fee  dt=24
16c5| c098        SUBB  #$98                cc=c0 a=c0 b=02 dp=00 x=1897 y=0000 u=a32e s=1fee  dt=16
16c7| 3a          ABX                       cc=c0 a=c0 b=02 dp=00 x=1899 y=0000 u=a32e s=1fee  dt=24
16c8| e6c0        LDB   ,U+                 cc=c8 a=c0 b=81 dp=00 x=1899 y=0000 u=a32f s=1fee  dt=48
16ca| 2b09        BMI   $16d5               cc=c8 a=c0 b=81 dp=00 x=1899 y=0000 u=a32f s=1fee  dt=24
16d5| c47f        ANDB  #$7f                cc=c0 a=c0 b=01 dp=00 x=1899 y=0000 u=a32f s=1fee  dt=16
16d7| a6c0        LDA   ,U+                 cc=c8 a=f0 b=01 dp=00 x=1899 y=0000 u=a330 s=1fee  dt=48
16d9| a484        ANDA  ,X                  cc=c4 a=00 b=01 dp=00 x=1899 y=0000 u=a330 s=1fee  dt=32
16db| aac0        ORA   ,U+                 cc=c0 a=05 b=01 dp=00 x=1899 y=0000 u=a331 s=1fee  dt=48
16dd| a780        STA   ,X+                 cc=c0 a=05 b=01 dp=00 x=189a y=0000 u=a331 s=1fee  dt=48
16df| 5a          DECB                      cc=c4 a=05 b=00 dp=00 x=189a y=0000 u=a331 s=1fee  dt=16
16e0| 26f5        BNE   $16d7               cc=c4 a=05 b=00 dp=00 x=189a y=0000 u=a331 s=1fee  dt=24
16e2| 20d7        BRA   $16bb               cc=c4 a=05 b=00 dp=00 x=189a y=0000 u=a331 s=1fee  dt=24
16bb| e6c0        LDB   ,U+                 cc=c0 a=05 b=01 dp=00 x=189a y=0000 u=a332 s=1fee  dt=48
16bd| c1ff        CMPB  #$ff                cc=c1 a=05 b=01 dp=00 x=189a y=0000 u=a332 s=1fee  dt=16
16bf| 2723        BEQ   $16e4               cc=c1 a=05 b=01 dp=00 x=189a y=0000 u=a332 s=1fee  dt=24
16c1| c580        BITB  #$80                cc=c5 a=05 b=01 dp=00 x=189a y=0000 u=a332 s=1fee  dt=16
16c3| 2702        BEQ   $16c7               cc=c5 a=05 b=01 dp=00 x=189a y=0000 u=a332 s=1fee  dt=24
16c7| 3a          ABX                       cc=c5 a=05 b=01 dp=00 x=189b y=0000 u=a332 s=1fee  dt=24
16c8| e6c0        LDB   ,U+                 cc=c9 a=05 b=81 dp=00 x=189b y=0000 u=a333 s=1fee  dt=48
16ca| 2b09        BMI   $16d5               cc=c9 a=05 b=81 dp=00 x=189b y=0000 u=a333 s=1fee  dt=24
16d5| c47f        ANDB  #$7f                cc=c1 a=05 b=01 dp=00 x=189b y=0000 u=a333 s=1fee  dt=16
16d7| a6c0        LDA   ,U+                 cc=c1 a=0f b=01 dp=00 x=189b y=0000 u=a334 s=1fee  dt=48
16d9| a484        ANDA  ,X                  cc=c5 a=00 b=01 dp=00 x=189b y=0000 u=a334 s=1fee  dt=32
16db| aac0        ORA   ,U+                 cc=c9 a=c0 b=01 dp=00 x=189b y=0000 u=a335 s=1fee  dt=48
16dd| a780        STA   ,X+                 cc=c9 a=c0 b=01 dp=00 x=189c y=0000 u=a335 s=1fee  dt=48
16df| 5a          DECB                      cc=c5 a=c0 b=00 dp=00 x=189c y=0000 u=a335 s=1fee  dt=16
16e0| 26f5        BNE   $16d7               cc=c5 a=c0 b=00 dp=00 x=189c y=0000 u=a335 s=1fee  dt=24
16e2| 20d7        BRA   $16bb               cc=c5 a=c0 b=00 dp=00 x=189c y=0000 u=a335 s=1fee  dt=24
16bb| e6c0        LDB   ,U+                 cc=c5 a=c0 b=00 dp=00 x=189c y=0000 u=a336 s=1fee  dt=48
16bd| c1ff        CMPB  #$ff                cc=c1 a=c0 b=00 dp=00 x=189c y=0000 u=a336 s=1fee  dt=16
16bf| 2723        BEQ   $16e4               cc=c1 a=c0 b=00 dp=00 x=189c y=0000 u=a336 s=1fee  dt=24
16c1| c580        BITB  #$80                cc=c5 a=c0 b=00 dp=00 x=189c y=0000 u=a336 s=1fee  dt=16
16c3| 2702        BEQ   $16c7               cc=c5 a=c0 b=00 dp=00 x=189c y=0000 u=a336 s=1fee  dt=24
16c7| 3a          ABX                       cc=c5 a=c0 b=00 dp=00 x=189c y=0000 u=a336 s=1fee  dt=24
16c8| e6c0        LDB   ,U+                 cc=c1 a=c0 b=01 dp=00 x=189c y=0000 u=a337 s=1fee  dt=48
16ca| 2b09        BMI   $16d5               cc=c1 a=c0 b=01 dp=00 x=189c y=0000 u=a337 s=1fee  dt=24
16cc| a6c0        LDA   ,U+                 cc=c1 a=55 b=01 dp=00 x=189c y=0000 u=a338 s=1fee  dt=48
16ce| a780        STA   ,X+                 cc=c1 a=55 b=01 dp=00 x=189d y=0000 u=a338 s=1fee  dt=48
16d0| 5a          DECB                      cc=c5 a=55 b=00 dp=00 x=189d y=0000 u=a338 s=1fee  dt=16
16d1| 26f9        BNE   $16cc               cc=c5 a=55 b=00 dp=00 x=189d y=0000 u=a338 s=1fee  dt=24
16d3| 20e6        BRA   $16bb               cc=c5 a=55 b=00 dp=00 x=189d y=0000 u=a338 s=1fee  dt=24
16bb| e6c0        LDB   ,U+                 cc=c5 a=55 b=00 dp=00 x=189d y=0000 u=a339 s=1fee  dt=48
16bd| c1ff        CMPB  #$ff                cc=c1 a=55 b=00 dp=00 x=189d y=0000 u=a339 s=1fee  dt=16
16bf| 2723        BEQ   $16e4               cc=c1 a=55 b=00 dp=00 x=189d y=0000 u=a339 s=1fee  dt=24
16c1| c580        BITB  #$80                cc=c5 a=55 b=00 dp=00 x=189d y=0000 u=a339 s=1fee  dt=16
16c3| 2702        BEQ   $16c7               cc=c5 a=55 b=00 dp=00 x=189d y=0000 u=a339 s=1fee  dt=24
16c7| 3a          ABX                       cc=c5 a=55 b=00 dp=00 x=189d y=0000 u=a339 s=1fee  dt=24
16c8| e6c0        LDB   ,U+                 cc=c9 a=55 b=83 dp=00 x=189d y=0000 u=a33a s=1fee  dt=48
16ca| 2b09        BMI   $16d5               cc=c9 a=55 b=83 dp=00 x=189d y=0000 u=a33a s=1fee  dt=24
16d5| c47f        ANDB  #$7f                cc=c1 a=55 b=03 dp=00 x=189d y=0000 u=a33a s=1fee  dt=16
16d7| a6c0        LDA   ,U+                 cc=c9 a=f0 b=03 dp=00 x=189d y=0000 u=a33b s=1fee  dt=48
16d9| a484        ANDA  ,X                  cc=c5 a=00 b=03 dp=00 x=189d y=0000 u=a33b s=1fee  dt=32
16db| aac0        ORA   ,U+                 cc=c1 a=0c b=03 dp=00 x=189d y=0000 u=a33c s=1fee  dt=48
16dd| a780        STA   ,X+                 cc=c1 a=0c b=03 dp=00 x=189e y=0000 u=a33c s=1fee  dt=48
16df| 5a          DECB                      cc=c1 a=0c b=02 dp=00 x=189e y=0000 u=a33c s=1fee  dt=16
16e0| 26f5        BNE   $16d7               cc=c1 a=0c b=02 dp=00 x=189e y=0000 u=a33c s=1fee  dt=24
16d7| a6c0        LDA   ,U+                 cc=c1 a=0f b=02 dp=00 x=189e y=0000 u=a33d s=1fee  dt=48
16d9| a484        ANDA  ,X                  cc=c5 a=00 b=02 dp=00 x=189e y=0000 u=a33d s=1fee  dt=32
16db| aac0        ORA   ,U+                 cc=c9 a=c0 b=02 dp=00 x=189e y=0000 u=a33e s=1fee  dt=48
16dd| a780        STA   ,X+                 cc=c9 a=c0 b=02 dp=00 x=189f y=0000 u=a33e s=1fee  dt=48
16df| 5a          DECB                      cc=c1 a=c0 b=01 dp=00 x=189f y=0000 u=a33e s=1fee  dt=16
16e0| 26f5        BNE   $16d7               cc=c1 a=c0 b=01 dp=00 x=189f y=0000 u=a33e s=1fee  dt=24
16d7| a6c0        LDA   ,U+                 cc=c1 a=0f b=01 dp=00 x=189f y=0000 u=a33f s=1fee  dt=48
16d9| a484        ANDA  ,X                  cc=c5 a=00 b=01 dp=00 x=189f y=0000 u=a33f s=1fee  dt=32
16db| aac0        ORA   ,U+                 cc=c1 a=50 b=01 dp=00 x=189f y=0000 u=a340 s=1fee  dt=48
16dd| a780        STA   ,X+                 cc=c1 a=50 b=01 dp=00 x=18a0 y=0000 u=a340 s=1fee  dt=48
16df| 5a          DECB                      cc=c5 a=50 b=00 dp=00 x=18a0 y=0000 u=a340 s=1fee  dt=16
16e0| 26f5        BNE   $16d7               cc=c5 a=50 b=00 dp=00 x=18a0 y=0000 u=a340 s=1fee  dt=24
16e2| 20d7        BRA   $16bb               cc=c5 a=50 b=00 dp=00 x=18a0 y=0000 u=a340 s=1fee  dt=24
16bb| e6c0        LDB   ,U+                 cc=c9 a=50 b=99 dp=00 x=18a0 y=0000 u=a341 s=1fee  dt=48
16bd| c1ff        CMPB  #$ff                cc=c9 a=50 b=99 dp=00 x=18a0 y=0000 u=a341 s=1fee  dt=16
16bf| 2723        BEQ   $16e4               cc=c9 a=50 b=99 dp=00 x=18a0 y=0000 u=a341 s=1fee  dt=24
16c1| c580        BITB  #$80                cc=c9 a=50 b=99 dp=00 x=18a0 y=0000 u=a341 s=1fee  dt=16
16c3| 2702        BEQ   $16c7               cc=c9 a=50 b=99 dp=00 x=18a0 y=0000 u=a341 s=1fee  dt=24
16c5| c098        SUBB  #$98                cc=c0 a=50 b=01 dp=00 x=18a0 y=0000 u=a341 s=1fee  dt=16
16c7| 3a          ABX                       cc=c0 a=50 b=01 dp=00 x=18a1 y=0000 u=a341 s=1fee  dt=24
16c8| e6c0        LDB   ,U+                 cc=c8 a=50 b=81 dp=00 x=18a1 y=0000 u=a342 s=1fee  dt=48
16ca| 2b09        BMI   $16d5               cc=c8 a=50 b=81 dp=00 x=18a1 y=0000 u=a342 s=1fee  dt=24
16d5| c47f        ANDB  #$7f                cc=c0 a=50 b=01 dp=00 x=18a1 y=0000 u=a342 s=1fee  dt=16
16d7| a6c0        LDA   ,U+                 cc=c8 a=f0 b=01 dp=00 x=18a1 y=0000 u=a343 s=1fee  dt=48
16d9| a484        ANDA  ,X                  cc=c4 a=00 b=01 dp=00 x=18a1 y=0000 u=a343 s=1fee  dt=32
16db| aac0        ORA   ,U+                 cc=c0 a=05 b=01 dp=00 x=18a1 y=0000 u=a344 s=1fee  dt=48
16dd| a780        STA   ,X+                 cc=c0 a=05 b=01 dp=00 x=18a2 y=0000 u=a344 s=1fee  dt=48
16df| 5a          DECB                      cc=c4 a=05 b=00 dp=00 x=18a2 y=0000 u=a344 s=1fee  dt=16
16e0| 26f5        BNE   $16d7               cc=c4 a=05 b=00 dp=00 x=18a2 y=0000 u=a344 s=1fee  dt=24
16e2| 20d7        BRA   $16bb               cc=c4 a=05 b=00 dp=00 x=18a2 y=0000 u=a344 s=1fee  dt=24
16bb| e6c0        LDB   ,U+                 cc=c0 a=05 b=01 dp=00 x=18a2 y=0000 u=a345 s=1fee  dt=48
16bd| c1ff        CMPB  #$ff                cc=c1 a=05 b=01 dp=00 x=18a2 y=0000 u=a345 s=1fee  dt=16
16bf| 2723        BEQ   $16e4               cc=c1 a=05 b=01 dp=00 x=18a2 y=0000 u=a345 s=1fee  dt=24
16c1| c580        BITB  #$80                cc=c5 a=05 b=01 dp=00 x=18a2 y=0000 u=a345 s=1fee  dt=16
16c3| 2702        BEQ   $16c7               cc=c5 a=05 b=01 dp=00 x=18a2 y=0000 u=a345 s=1fee  dt=24
16c7| 3a          ABX                       cc=c5 a=05 b=01 dp=00 x=18a3 y=0000 u=a345 s=1fee  dt=24
16c8| e6c0        LDB   ,U+                 cc=c1 a=05 b=03 dp=00 x=18a3 y=0000 u=a346 s=1fee  dt=48
16ca| 2b09        BMI   $16d5               cc=c1 a=05 b=03 dp=00 x=18a3 y=0000 u=a346 s=1fee  dt=24
16cc| a6c0        LDA   ,U+                 cc=c1 a=25 b=03 dp=00 x=18a3 y=0000 u=a347 s=1fee  dt=48
16ce| a780        STA   ,X+                 cc=c1 a=25 b=03 dp=00 x=18a4 y=0000 u=a347 s=1fee  dt=48
16d0| 5a          DECB                      cc=c1 a=25 b=02 dp=00 x=18a4 y=0000 u=a347 s=1fee  dt=16
16d1| 26f9        BNE   $16cc               cc=c1 a=25 b=02 dp=00 x=18a4 y=0000 u=a347 s=1fee  dt=24
16cc| a6c0        LDA   ,U+                 cc=c1 a=55 b=02 dp=00 x=18a4 y=0000 u=a348 s=1fee  dt=48
16ce| a780        STA   ,X+                 cc=c1 a=55 b=02 dp=00 x=18a5 y=0000 u=a348 s=1fee  dt=48
16d0| 5a          DECB                      cc=c1 a=55 b=01 dp=00 x=18a5 y=0000 u=a348 s=1fee  dt=16
16d1| 26f9        BNE   $16cc               cc=c1 a=55 b=01 dp=00 x=18a5 y=0000 u=a348 s=1fee  dt=24
16cc| a6c0        LDA   ,U+                 cc=c1 a=52 b=01 dp=00 x=18a5 y=0000 u=a349 s=1fee  dt=48
16ce| a780        STA   ,X+                 cc=c1 a=52 b=01 dp=00 x=18a6 y=0000 u=a349 s=1fee  dt=48
16d0| 5a          DECB                      cc=c5 a=52 b=00 dp=00 x=18a6 y=0000 u=a349 s=1fee  dt=16
16d1| 26f9        BNE   $16cc               cc=c5 a=52 b=00 dp=00 x=18a6 y=0000 u=a349 s=1fee  dt=24
16d3| 20e6        BRA   $16bb               cc=c5 a=52 b=00 dp=00 x=18a6 y=0000 u=a349 s=1fee  dt=24
16bb| e6c0        LDB   ,U+                 cc=c1 a=52 b=01 dp=00 x=18a6 y=0000 u=a34a s=1fee  dt=48
16bd| c1ff        CMPB  #$ff                cc=c1 a=52 b=01 dp=00 x=18a6 y=0000 u=a34a s=1fee  dt=16
16bf| 2723        BEQ   $16e4               cc=c1 a=52 b=01 dp=00 x=18a6 y=0000 u=a34a s=1fee  dt=24
16c1| c580        BITB  #$80                cc=c5 a=52 b=01 dp=00 x=18a6 y=0000 u=a34a s=1fee  dt=16
16c3| 2702        BEQ   $16c7               cc=c5 a=52 b=01 dp=00 x=18a6 y=0000 u=a34a s=1fee  dt=24
16c7| 3a          ABX                       cc=c5 a=52 b=01 dp=00 x=18a7 y=0000 u=a34a s=1fee  dt=24
16c8| e6c0        LDB   ,U+                 cc=c9 a=52 b=81 dp=00 x=18a7 y=0000 u=a34b s=1fee  dt=48
16ca| 2b09        BMI   $16d5               cc=c9 a=52 b=81 dp=00 x=18a7 y=0000 u=a34b s=1fee  dt=24
16d5| c47f        ANDB  #$7f                cc=c1 a=52 b=01 dp=00 x=18a7 y=0000 u=a34b s=1fee  dt=16
16d7| a6c0        LDA   ,U+                 cc=c1 a=0f b=01 dp=00 x=18a7 y=0000 u=a34c s=1fee  dt=48
16d9| a484        ANDA  ,X                  cc=c5 a=00 b=01 dp=00 x=18a7 y=0000 u=a34c s=1fee  dt=32
16db| aac0        ORA   ,U+                 cc=c1 a=50 b=01 dp=00 x=18a7 y=0000 u=a34d s=1fee  dt=48
16dd| a780        STA   ,X+                 cc=c1 a=50 b=01 dp=00 x=18a8 y=0000 u=a34d s=1fee  dt=48
16df| 5a          DECB                      cc=c5 a=50 b=00 dp=00 x=18a8 y=0000 u=a34d s=1fee  dt=16
16e0| 26f5        BNE   $16d7               cc=c5 a=50 b=00 dp=00 x=18a8 y=0000 u=a34d s=1fee  dt=24
16e2| 20d7        BRA   $16bb               cc=c5 a=50 b=00 dp=00 x=18a8 y=0000 u=a34d s=1fee  dt=24
16bb| e6c0        LDB   ,U+                 cc=c9 a=50 b=99 dp=00 x=18a8 y=0000 u=a34e s=1fee  dt=48
16bd| c1ff        CMPB  #$ff                cc=c9 a=50 b=99 dp=00 x=18a8 y=0000 u=a34e s=1fee  dt=16
16bf| 2723        BEQ   $16e4               cc=c9 a=50 b=99 dp=00 x=18a8 y=0000 u=a34e s=1fee  dt=24
16c1| c580        BITB  #$80                cc=c9 a=50 b=99 dp=00 x=18a8 y=0000 u=a34e s=1fee  dt=16
16c3| 2702        BEQ   $16c7               cc=c9 a=50 b=99 dp=00 x=18a8 y=0000 u=a34e s=1fee  dt=24
16c5| c098        SUBB  #$98                cc=c0 a=50 b=01 dp=00 x=18a8 y=0000 u=a34e s=1fee  dt=16
16c7| 3a          ABX                       cc=c0 a=50 b=01 dp=00 x=18a9 y=0000 u=a34e s=1fee  dt=24
16c8| e6c0        LDB   ,U+                 cc=c8 a=50 b=82 dp=00 x=18a9 y=0000 u=a34f s=1fee  dt=48
16ca| 2b09        BMI   $16d5               cc=c8 a=50 b=82 dp=00 x=18a9 y=0000 u=a34f s=1fee  dt=24
16d5| c47f        ANDB  #$7f                cc=c0 a=50 b=02 dp=00 x=18a9 y=0000 u=a34f s=1fee  dt=16
16d7| a6c0        LDA   ,U+                 cc=c8 a=f0 b=02 dp=00 x=18a9 y=0000 u=a350 s=1fee  dt=48
16d9| a484        ANDA  ,X                  cc=c4 a=00 b=02 dp=00 x=18a9 y=0000 u=a350 s=1fee  dt=32
16db| aac0        ORA   ,U+                 cc=c0 a=05 b=02 dp=00 x=18a9 y=0000 u=a351 s=1fee  dt=48
16dd| a780        STA   ,X+                 cc=c0 a=05 b=02 dp=00 x=18aa y=0000 u=a351 s=1fee  dt=48
16df| 5a          DECB                      cc=c0 a=05 b=01 dp=00 x=18aa y=0000 u=a351 s=1fee  dt=16
16e0| 26f5        BNE   $16d7               cc=c0 a=05 b=01 dp=00 x=18aa y=0000 u=a351 s=1fee  dt=24
16d7| a6c0        LDA   ,U+                 cc=c8 a=f0 b=01 dp=00 x=18aa y=0000 u=a352 s=1fee  dt=48
16d9| a484        ANDA  ,X                  cc=c4 a=00 b=01 dp=00 x=18aa y=0000 u=a352 s=1fee  dt=32
16db| aac0        ORA   ,U+                 cc=c0 a=0c b=01 dp=00 x=18aa y=0000 u=a353 s=1fee  dt=48
16dd| a780        STA   ,X+                 cc=c0 a=0c b=01 dp=00 x=18ab y=0000 u=a353 s=1fee  dt=48
16df| 5a          DECB                      cc=c4 a=0c b=00 dp=00 x=18ab y=0000 u=a353 s=1fee  dt=16
16e0| 26f5        BNE   $16d7               cc=c4 a=0c b=00 dp=00 x=18ab y=0000 u=a353 s=1fee  dt=24
16e2| 20d7        BRA   $16bb               cc=c4 a=0c b=00 dp=00 x=18ab y=0000 u=a353 s=1fee  dt=24
16bb| e6c0        LDB   ,U+                 cc=c4 a=0c b=00 dp=00 x=18ab y=0000 u=a354 s=1fee  dt=48
16bd| c1ff        CMPB  #$ff                cc=c1 a=0c b=00 dp=00 x=18ab y=0000 u=a354 s=1fee  dt=16
16bf| 2723        BEQ   $16e4               cc=c1 a=0c b=00 dp=00 x=18ab y=0000 u=a354 s=1fee  dt=24
16c1| c580        BITB  #$80                cc=c5 a=0c b=00 dp=00 x=18ab y=0000 u=a354 s=1fee  dt=16
16c3| 2702        BEQ   $16c7               cc=c5 a=0c b=00 dp=00 x=18ab y=0000 u=a354 s=1fee  dt=24
16c7| 3a          ABX                       cc=c5 a=0c b=00 dp=00 x=18ab y=0000 u=a354 s=1fee  dt=24
16c8| e6c0        LDB   ,U+                 cc=c1 a=0c b=03 dp=00 x=18ab y=0000 u=a355 s=1fee  dt=48
16ca| 2b09        BMI   $16d5               cc=c1 a=0c b=03 dp=00 x=18ab y=0000 u=a355 s=1fee  dt=24
16cc| a6c0        LDA   ,U+                 cc=c9 a=cc b=03 dp=00 x=18ab y=0000 u=a356 s=1fee  dt=48
16ce| a780        STA   ,X+                 cc=c9 a=cc b=03 dp=00 x=18ac y=0000 u=a356 s=1fee  dt=48
16d0| 5a          DECB                      cc=c1 a=cc b=02 dp=00 x=18ac y=0000 u=a356 s=1fee  dt=16
16d1| 26f9        BNE   $16cc               cc=c1 a=cc b=02 dp=00 x=18ac y=0000 u=a356 s=1fee  dt=24
16cc| a6c0        LDA   ,U+                 cc=c9 a=cc b=02 dp=00 x=18ac y=0000 u=a357 s=1fee  dt=48
16ce| a780        STA   ,X+                 cc=c9 a=cc b=02 dp=00 x=18ad y=0000 u=a357 s=1fee  dt=48
16d0| 5a          DECB                      cc=c1 a=cc b=01 dp=00 x=18ad y=0000 u=a357 s=1fee  dt=16
16d1| 26f9        BNE   $16cc               cc=c1 a=cc b=01 dp=00 x=18ad y=0000 u=a357 s=1fee  dt=24
16cc| a6c0        LDA   ,U+                 cc=c9 a=cc b=01 dp=00 x=18ad y=0000 u=a358 s=1fee  dt=48
16ce| a780        STA   ,X+                 cc=c9 a=cc b=01 dp=00 x=18ae y=0000 u=a358 s=1fee  dt=48
16d0| 5a          DECB                      cc=c5 a=cc b=00 dp=00 x=18ae y=0000 u=a358 s=1fee  dt=16
16d1| 26f9        BNE   $16cc               cc=c5 a=cc b=00 dp=00 x=18ae y=0000 u=a358 s=1fee  dt=24
16d3| 20e6        BRA   $16bb               cc=c5 a=cc b=00 dp=00 x=18ae y=0000 u=a358 s=1fee  dt=24
16bb| e6c0        LDB   ,U+                 cc=c5 a=cc b=00 dp=00 x=18ae y=0000 u=a359 s=1fee  dt=48
16bd| c1ff        CMPB  #$ff                cc=c1 a=cc b=00 dp=00 x=18ae y=0000 u=a359 s=1fee  dt=16
16bf| 2723        BEQ   $16e4               cc=c1 a=cc b=00 dp=00 x=18ae y=0000 u=a359 s=1fee  dt=24
16c1| c580        BITB  #$80                cc=c5 a=cc b=00 dp=00 x=18ae y=0000 u=a359 s=1fee  dt=16
16c3| 2702        BEQ   $16c7               cc=c5 a=cc b=00 dp=00 x=18ae y=0000 u=a359 s=1fee  dt=24
16c7| 3a          ABX                       cc=c5 a=cc b=00 dp=00 x=18ae y=0000 u=a359 s=1fee  dt=24
16c8| e6c0        LDB   ,U+                 cc=c9 a=cc b=82 dp=00 x=18ae y=0000 u=a35a s=1fee  dt=48
16ca| 2b09        BMI   $16d5               cc=c9 a=cc b=82 dp=00 x=18ae y=0000 u=a35a s=1fee  dt=24
16d5| c47f        ANDB  #$7f                cc=c1 a=cc b=02 dp=00 x=18ae y=0000 u=a35a s=1fee  dt=16
16d7| a6c0        LDA   ,U+                 cc=c1 a=0f b=02 dp=00 x=18ae y=0000 u=a35b s=1fee  dt=48
16d9| a484        ANDA  ,X                  cc=c5 a=00 b=02 dp=00 x=18ae y=0000 u=a35b s=1fee  dt=32
16db| aac0        ORA   ,U+                 cc=c9 a=c0 b=02 dp=00 x=18ae y=0000 u=a35c s=1fee  dt=48
16dd| a780        STA   ,X+                 cc=c9 a=c0 b=02 dp=00 x=18af y=0000 u=a35c s=1fee  dt=48
16df| 5a          DECB                      cc=c1 a=c0 b=01 dp=00 x=18af y=0000 u=a35c s=1fee  dt=16
16e0| 26f5        BNE   $16d7               cc=c1 a=c0 b=01 dp=00 x=18af y=0000 u=a35c s=1fee  dt=24
16d7| a6c0        LDA   ,U+                 cc=c1 a=0f b=01 dp=00 x=18af y=0000 u=a35d s=1fee  dt=48
16d9| a484        ANDA  ,X                  cc=c5 a=00 b=01 dp=00 x=18af y=0000 u=a35d s=1fee  dt=32
16db| aac0        ORA   ,U+                 cc=c1 a=50 b=01 dp=00 x=18af y=0000 u=a35e s=1fee  dt=48
16dd| a780        STA   ,X+                 cc=c1 a=50 b=01 dp=00 x=18b0 y=0000 u=a35e s=1fee  dt=48
16df| 5a          DECB                      cc=c5 a=50 b=00 dp=00 x=18b0 y=0000 u=a35e s=1fee  dt=16
16e0| 26f5        BNE   $16d7               cc=c5 a=50 b=00 dp=00 x=18b0 y=0000 u=a35e s=1fee  dt=24
16e2| 20d7        BRA   $16bb               cc=c5 a=50 b=00 dp=00 x=18b0 y=0000 u=a35e s=1fee  dt=24
16bb| e6c0        LDB   ,U+                 cc=c9 a=50 b=9a dp=00 x=18b0 y=0000 u=a35f s=1fee  dt=48
16bd| c1ff        CMPB  #$ff                cc=c9 a=50 b=9a dp=00 x=18b0 y=0000 u=a35f s=1fee  dt=16
16bf| 2723        BEQ   $16e4               cc=c9 a=50 b=9a dp=00 x=18b0 y=0000 u=a35f s=1fee  dt=24
16c1| c580        BITB  #$80                cc=c9 a=50 b=9a dp=00 x=18b0 y=0000 u=a35f s=1fee  dt=16
16c3| 2702        BEQ   $16c7               cc=c9 a=50 b=9a dp=00 x=18b0 y=0000 u=a35f s=1fee  dt=24
16c5| c098        SUBB  #$98                cc=c0 a=50 b=02 dp=00 x=18b0 y=0000 u=a35f s=1fee  dt=16
16c7| 3a          ABX                       cc=c0 a=50 b=02 dp=00 x=18b2 y=0000 u=a35f s=1fee  dt=24
16c8| e6c0        LDB   ,U+                 cc=c0 a=50 b=05 dp=00 x=18b2 y=0000 u=a360 s=1fee  dt=48
16ca| 2b09        BMI   $16d5               cc=c0 a=50 b=05 dp=00 x=18b2 y=0000 u=a360 s=1fee  dt=24
16cc| a6c0        LDA   ,U+                 cc=c8 a=cc b=05 dp=00 x=18b2 y=0000 u=a361 s=1fee  dt=48
16ce| a780        STA   ,X+                 cc=c8 a=cc b=05 dp=00 x=18b3 y=0000 u=a361 s=1fee  dt=48
16d0| 5a          DECB                      cc=c0 a=cc b=04 dp=00 x=18b3 y=0000 u=a361 s=1fee  dt=16
16d1| 26f9        BNE   $16cc               cc=c0 a=cc b=04 dp=00 x=18b3 y=0000 u=a361 s=1fee  dt=24
16cc| a6c0        LDA   ,U+                 cc=c8 a=cc b=04 dp=00 x=18b3 y=0000 u=a362 s=1fee  dt=48
16ce| a780        STA   ,X+                 cc=c8 a=cc b=04 dp=00 x=18b4 y=0000 u=a362 s=1fee  dt=48
16d0| 5a          DECB                      cc=c0 a=cc b=03 dp=00 x=18b4 y=0000 u=a362 s=1fee  dt=16
16d1| 26f9        BNE   $16cc               cc=c0 a=cc b=03 dp=00 x=18b4 y=0000 u=a362 s=1fee  dt=24
16cc| a6c0        LDA   ,U+                 cc=c8 a=cc b=03 dp=00 x=18b4 y=0000 u=a363 s=1fee  dt=48
16ce| a780        STA   ,X+                 cc=c8 a=cc b=03 dp=00 x=18b5 y=0000 u=a363 s=1fee  dt=48
16d0| 5a          DECB                      cc=c0 a=cc b=02 dp=00 x=18b5 y=0000 u=a363 s=1fee  dt=16
16d1| 26f9        BNE   $16cc               cc=c0 a=cc b=02 dp=00 x=18b5 y=0000 u=a363 s=1fee  dt=24
16cc| a6c0        LDA   ,U+                 cc=c8 a=cc b=02 dp=00 x=18b5 y=0000 u=a364 s=1fee  dt=48
16ce| a780        STA   ,X+                 cc=c8 a=cc b=02 dp=00 x=18b6 y=0000 u=a364 s=1fee  dt=48
16d0| 5a          DECB                      cc=c0 a=cc b=01 dp=00 x=18b6 y=0000 u=a364 s=1fee  dt=16
16d1| 26f9        BNE   $16cc               cc=c0 a=cc b=01 dp=00 x=18b6 y=0000 u=a364 s=1fee  dt=24
16cc| a6c0        LDA   ,U+                 cc=c8 a=cc b=01 dp=00 x=18b6 y=0000 u=a365 s=1fee  dt=48
16ce| a780        STA   ,X+                 cc=c8 a=cc b=01 dp=00 x=18b7 y=0000 u=a365 s=1fee  dt=48
16d0| 5a          DECB                      cc=c4 a=cc b=00 dp=00 x=18b7 y=0000 u=a365 s=1fee  dt=16
16d1| 26f9        BNE   $16cc               cc=c4 a=cc b=00 dp=00 x=18b7 y=0000 u=a365 s=1fee  dt=24
16d3| 20e6        BRA   $16bb               cc=c4 a=cc b=00 dp=00 x=18b7 y=0000 u=a365 s=1fee  dt=24
16bb| e6c0        LDB   ,U+                 cc=c8 a=cc b=9a dp=00 x=18b7 y=0000 u=a366 s=1fee  dt=48
16bd| c1ff        CMPB  #$ff                cc=c9 a=cc b=9a dp=00 x=18b7 y=0000 u=a366 s=1fee  dt=16
16bf| 2723        BEQ   $16e4               cc=c9 a=cc b=9a dp=00 x=18b7 y=0000 u=a366 s=1fee  dt=24
16c1| c580        BITB  #$80                cc=c9 a=cc b=9a dp=00 x=18b7 y=0000 u=a366 s=1fee  dt=16
16c3| 2702        BEQ   $16c7               cc=c9 a=cc b=9a dp=00 x=18b7 y=0000 u=a366 s=1fee  dt=24
16c5| c098        SUBB  #$98                cc=c0 a=cc b=02 dp=00 x=18b7 y=0000 u=a366 s=1fee  dt=16
16c7| 3a          ABX                       cc=c0 a=cc b=02 dp=00 x=18b9 y=0000 u=a366 s=1fee  dt=24
16c8| e6c0        LDB   ,U+                 cc=c8 a=cc b=81 dp=00 x=18b9 y=0000 u=a367 s=1fee  dt=48
16ca| 2b09        BMI   $16d5               cc=c8 a=cc b=81 dp=00 x=18b9 y=0000 u=a367 s=1fee  dt=24
16d5| c47f        ANDB  #$7f                cc=c0 a=cc b=01 dp=00 x=18b9 y=0000 u=a367 s=1fee  dt=16
16d7| a6c0        LDA   ,U+                 cc=c8 a=f0 b=01 dp=00 x=18b9 y=0000 u=a368 s=1fee  dt=48
16d9| a484        ANDA  ,X                  cc=c4 a=00 b=01 dp=00 x=18b9 y=0000 u=a368 s=1fee  dt=32
16db| aac0        ORA   ,U+                 cc=c0 a=0c b=01 dp=00 x=18b9 y=0000 u=a369 s=1fee  dt=48
16dd| a780        STA   ,X+                 cc=c0 a=0c b=01 dp=00 x=18ba y=0000 u=a369 s=1fee  dt=48
16df| 5a          DECB                      cc=c4 a=0c b=00 dp=00 x=18ba y=0000 u=a369 s=1fee  dt=16
16e0| 26f5        BNE   $16d7               cc=c4 a=0c b=00 dp=00 x=18ba y=0000 u=a369 s=1fee  dt=24
16e2| 20d7        BRA   $16bb               cc=c4 a=0c b=00 dp=00 x=18ba y=0000 u=a369 s=1fee  dt=24
16bb| e6c0        LDB   ,U+                 cc=c4 a=0c b=00 dp=00 x=18ba y=0000 u=a36a s=1fee  dt=48
16bd| c1ff        CMPB  #$ff                cc=c1 a=0c b=00 dp=00 x=18ba y=0000 u=a36a s=1fee  dt=16
16bf| 2723        BEQ   $16e4               cc=c1 a=0c b=00 dp=00 x=18ba y=0000 u=a36a s=1fee  dt=24
16c1| c580        BITB  #$80                cc=c5 a=0c b=00 dp=00 x=18ba y=0000 u=a36a s=1fee  dt=16
16c3| 2702        BEQ   $16c7               cc=c5 a=0c b=00 dp=00 x=18ba y=0000 u=a36a s=1fee  dt=24
16c7| 3a          ABX                       cc=c5 a=0c b=00 dp=00 x=18ba y=0000 u=a36a s=1fee  dt=24
16c8| e6c0        LDB   ,U+                 cc=c1 a=0c b=05 dp=00 x=18ba y=0000 u=a36b s=1fee  dt=48
16ca| 2b09        BMI   $16d5               cc=c1 a=0c b=05 dp=00 x=18ba y=0000 u=a36b s=1fee  dt=24
16cc| a6c0        LDA   ,U+                 cc=c9 a=cc b=05 dp=00 x=18ba y=0000 u=a36c s=1fee  dt=48
16ce| a780        STA   ,X+                 cc=c9 a=cc b=05 dp=00 x=18bb y=0000 u=a36c s=1fee  dt=48
16d0| 5a          DECB                      cc=c1 a=cc b=04 dp=00 x=18bb y=0000 u=a36c s=1fee  dt=16
16d1| 26f9        BNE   $16cc               cc=c1 a=cc b=04 dp=00 x=18bb y=0000 u=a36c s=1fee  dt=24
16cc| a6c0        LDA   ,U+                 cc=c9 a=c2 b=04 dp=00 x=18bb y=0000 u=a36d s=1fee  dt=48
16ce| a780        STA   ,X+                 cc=c9 a=c2 b=04 dp=00 x=18bc y=0000 u=a36d s=1fee  dt=48
16d0| 5a          DECB                      cc=c1 a=c2 b=03 dp=00 x=18bc y=0000 u=a36d s=1fee  dt=16
16d1| 26f9        BNE   $16cc               cc=c1 a=c2 b=03 dp=00 x=18bc y=0000 u=a36d s=1fee  dt=24
16cc| a6c0        LDA   ,U+                 cc=c9 a=cc b=03 dp=00 x=18bc y=0000 u=a36e s=1fee  dt=48
16ce| a780        STA   ,X+                 cc=c9 a=cc b=03 dp=00 x=18bd y=0000 u=a36e s=1fee  dt=48
16d0| 5a          DECB                      cc=c1 a=cc b=02 dp=00 x=18bd y=0000 u=a36e s=1fee  dt=16
16d1| 26f9        BNE   $16cc               cc=c1 a=cc b=02 dp=00 x=18bd y=0000 u=a36e s=1fee  dt=24
16cc| a6c0        LDA   ,U+                 cc=c1 a=2c b=02 dp=00 x=18bd y=0000 u=a36f s=1fee  dt=48
16ce| a780        STA   ,X+                 cc=c1 a=2c b=02 dp=00 x=18be y=0000 u=a36f s=1fee  dt=48
16d0| 5a          DECB                      cc=c1 a=2c b=01 dp=00 x=18be y=0000 u=a36f s=1fee  dt=16
16d1| 26f9        BNE   $16cc               cc=c1 a=2c b=01 dp=00 x=18be y=0000 u=a36f s=1fee  dt=24
16cc| a6c0        LDA   ,U+                 cc=c9 a=cc b=01 dp=00 x=18be y=0000 u=a370 s=1fee  dt=48
16ce| a780        STA   ,X+                 cc=c9 a=cc b=01 dp=00 x=18bf y=0000 u=a370 s=1fee  dt=48
16d0| 5a          DECB                      cc=c5 a=cc b=00 dp=00 x=18bf y=0000 u=a370 s=1fee  dt=16
16d1| 26f9        BNE   $16cc               cc=c5 a=cc b=00 dp=00 x=18bf y=0000 u=a370 s=1fee  dt=24
16d3| 20e6        BRA   $16bb               cc=c5 a=cc b=00 dp=00 x=18bf y=0000 u=a370 s=1fee  dt=24
16bb| e6c0        LDB   ,U+                 cc=c5 a=cc b=00 dp=00 x=18bf y=0000 u=a371 s=1fee  dt=48
16bd| c1ff        CMPB  #$ff                cc=c1 a=cc b=00 dp=00 x=18bf y=0000 u=a371 s=1fee  dt=16
16bf| 2723        BEQ   $16e4               cc=c1 a=cc b=00 dp=00 x=18bf y=0000 u=a371 s=1fee  dt=24
16c1| c580        BITB  #$80                cc=c5 a=cc b=00 dp=00 x=18bf y=0000 u=a371 s=1fee  dt=16
16c3| 2702        BEQ   $16c7               cc=c5 a=cc b=00 dp=00 x=18bf y=0000 u=a371 s=1fee  dt=24
16c7| 3a          ABX                       cc=c5 a=cc b=00 dp=00 x=18bf y=0000 u=a371 s=1fee  dt=24
16c8| e6c0        LDB   ,U+                 cc=c9 a=cc b=81 dp=00 x=18bf y=0000 u=a372 s=1fee  dt=48
16ca| 2b09        BMI   $16d5               cc=c9 a=cc b=81 dp=00 x=18bf y=0000 u=a372 s=1fee  dt=24
16d5| c47f        ANDB  #$7f                cc=c1 a=cc b=01 dp=00 x=18bf y=0000 u=a372 s=1fee  dt=16
16d7| a6c0        LDA   ,U+                 cc=c1 a=0f b=01 dp=00 x=18bf y=0000 u=a373 s=1fee  dt=48
16d9| a484        ANDA  ,X                  cc=c5 a=00 b=01 dp=00 x=18bf y=0000 u=a373 s=1fee  dt=32
16db| aac0        ORA   ,U+                 cc=c9 a=c0 b=01 dp=00 x=18bf y=0000 u=a374 s=1fee  dt=48
16dd| a780        STA   ,X+                 cc=c9 a=c0 b=01 dp=00 x=18c0 y=0000 u=a374 s=1fee  dt=48
16df| 5a          DECB                      cc=c5 a=c0 b=00 dp=00 x=18c0 y=0000 u=a374 s=1fee  dt=16
16e0| 26f5        BNE   $16d7               cc=c5 a=c0 b=00 dp=00 x=18c0 y=0000 u=a374 s=1fee  dt=24
16e2| 20d7        BRA   $16bb               cc=c5 a=c0 b=00 dp=00 x=18c0 y=0000 u=a374 s=1fee  dt=24
16bb| e6c0        LDB   ,U+                 cc=c9 a=c0 b=99 dp=00 x=18c0 y=0000 u=a375 s=1fee  dt=48
16bd| c1ff        CMPB  #$ff                cc=c9 a=c0 b=99 dp=00 x=18c0 y=0000 u=a375 s=1fee  dt=16
16bf| 2723        BEQ   $16e4               cc=c9 a=c0 b=99 dp=00 x=18c0 y=0000 u=a375 s=1fee  dt=24
16c1| c580        BITB  #$80                cc=c9 a=c0 b=99 dp=00 x=18c0 y=0000 u=a375 s=1fee  dt=16
16c3| 2702        BEQ   $16c7               cc=c9 a=c0 b=99 dp=00 x=18c0 y=0000 u=a375 s=1fee  dt=24
16c5| c098        SUBB  #$98                cc=c0 a=c0 b=01 dp=00 x=18c0 y=0000 u=a375 s=1fee  dt=16
16c7| 3a          ABX                       cc=c0 a=c0 b=01 dp=00 x=18c1 y=0000 u=a375 s=1fee  dt=24
16c8| e6c0        LDB   ,U+                 cc=c8 a=c0 b=81 dp=00 x=18c1 y=0000 u=a376 s=1fee  dt=48
16ca| 2b09        BMI   $16d5               cc=c8 a=c0 b=81 dp=00 x=18c1 y=0000 u=a376 s=1fee  dt=24
16d5| c47f        ANDB  #$7f                cc=c0 a=c0 b=01 dp=00 x=18c1 y=0000 u=a376 s=1fee  dt=16
16d7| a6c0        LDA   ,U+                 cc=c8 a=f0 b=01 dp=00 x=18c1 y=0000 u=a377 s=1fee  dt=48
16d9| a484        ANDA  ,X                  cc=c4 a=00 b=01 dp=00 x=18c1 y=0000 u=a377 s=1fee  dt=32
16db| aac0        ORA   ,U+                 cc=c0 a=0c b=01 dp=00 x=18c1 y=0000 u=a378 s=1fee  dt=48
16dd| a780        STA   ,X+                 cc=c0 a=0c b=01 dp=00 x=18c2 y=0000 u=a378 s=1fee  dt=48
16df| 5a          DECB                      cc=c4 a=0c b=00 dp=00 x=18c2 y=0000 u=a378 s=1fee  dt=16
16e0| 26f5        BNE   $16d7               cc=c4 a=0c b=00 dp=00 x=18c2 y=0000 u=a378 s=1fee  dt=24
16e2| 20d7        BRA   $16bb               cc=c4 a=0c b=00 dp=00 x=18c2 y=0000 u=a378 s=1fee  dt=24
16bb| e6c0        LDB   ,U+                 cc=c4 a=0c b=00 dp=00 x=18c2 y=0000 u=a379 s=1fee  dt=48
16bd| c1ff        CMPB  #$ff                cc=c1 a=0c b=00 dp=00 x=18c2 y=0000 u=a379 s=1fee  dt=16
16bf| 2723        BEQ   $16e4               cc=c1 a=0c b=00 dp=00 x=18c2 y=0000 u=a379 s=1fee  dt=24
16c1| c580        BITB  #$80                cc=c5 a=0c b=00 dp=00 x=18c2 y=0000 u=a379 s=1fee  dt=16
16c3| 2702        BEQ   $16c7               cc=c5 a=0c b=00 dp=00 x=18c2 y=0000 u=a379 s=1fee  dt=24
16c7| 3a          ABX                       cc=c5 a=0c b=00 dp=00 x=18c2 y=0000 u=a379 s=1fee  dt=24
16c8| e6c0        LDB   ,U+                 cc=c1 a=0c b=05 dp=00 x=18c2 y=0000 u=a37a s=1fee  dt=48
16ca| 2b09        BMI   $16d5               cc=c1 a=0c b=05 dp=00 x=18c2 y=0000 u=a37a s=1fee  dt=24
16cc| a6c0        LDA   ,U+                 cc=c9 a=cc b=05 dp=00 x=18c2 y=0000 u=a37b s=1fee  dt=48
16ce| a780        STA   ,X+                 cc=c9 a=cc b=05 dp=00 x=18c3 y=0000 u=a37b s=1fee  dt=48
16d0| 5a          DECB                      cc=c1 a=cc b=04 dp=00 x=18c3 y=0000 u=a37b s=1fee  dt=16
16d1| 26f9        BNE   $16cc               cc=c1 a=cc b=04 dp=00 x=18c3 y=0000 u=a37b s=1fee  dt=24
16cc| a6c0        LDA   ,U+                 cc=c9 a=cc b=04 dp=00 x=18c3 y=0000 u=a37c s=1fee  dt=48
16ce| a780        STA   ,X+                 cc=c9 a=cc b=04 dp=00 x=18c4 y=0000 u=a37c s=1fee  dt=48
16d0| 5a          DECB                      cc=c1 a=cc b=03 dp=00 x=18c4 y=0000 u=a37c s=1fee  dt=16
16d1| 26f9        BNE   $16cc               cc=c1 a=cc b=03 dp=00 x=18c4 y=0000 u=a37c s=1fee  dt=24
16cc| a6c0        LDA   ,U+                 cc=c9 a=cc b=03 dp=00 x=18c4 y=0000 u=a37d s=1fee  dt=48
16ce| a780        STA   ,X+                 cc=c9 a=cc b=03 dp=00 x=18c5 y=0000 u=a37d s=1fee  dt=48
16d0| 5a          DECB                      cc=c1 a=cc b=02 dp=00 x=18c5 y=0000 u=a37d s=1fee  dt=16
16d1| 26f9        BNE   $16cc               cc=c1 a=cc b=02 dp=00 x=18c5 y=0000 u=a37d s=1fee  dt=24
16cc| a6c0        LDA   ,U+                 cc=c9 a=cc b=02 dp=00 x=18c5 y=0000 u=a37e s=1fee  dt=48
16ce| a780        STA   ,X+                 cc=c9 a=cc b=02 dp=00 x=18c6 y=0000 u=a37e s=1fee  dt=48
16d0| 5a          DECB                      cc=c1 a=cc b=01 dp=00 x=18c6 y=0000 u=a37e s=1fee  dt=16
16d1| 26f9        BNE   $16cc               cc=c1 a=cc b=01 dp=00 x=18c6 y=0000 u=a37e s=1fee  dt=24
16cc| a6c0        LDA   ,U+                 cc=c9 a=cc b=01 dp=00 x=18c6 y=0000 u=a37f s=1fee  dt=48
16ce| a780        STA   ,X+                 cc=c9 a=cc b=01 dp=00 x=18c7 y=0000 u=a37f s=1fee  dt=48
16d0| 5a          DECB                      cc=c5 a=cc b=00 dp=00 x=18c7 y=0000 u=a37f s=1fee  dt=16
16d1| 26f9        BNE   $16cc               cc=c5 a=cc b=00 dp=00 x=18c7 y=0000 u=a37f s=1fee  dt=24
16d3| 20e6        BRA   $16bb               cc=c5 a=cc b=00 dp=00 x=18c7 y=0000 u=a37f s=1fee  dt=24
16bb| e6c0        LDB   ,U+                 cc=c5 a=cc b=00 dp=00 x=18c7 y=0000 u=a380 s=1fee  dt=48
16bd| c1ff        CMPB  #$ff                cc=c1 a=cc b=00 dp=00 x=18c7 y=0000 u=a380 s=1fee  dt=16
16bf| 2723        BEQ   $16e4               cc=c1 a=cc b=00 dp=00 x=18c7 y=0000 u=a380 s=1fee  dt=24
16c1| c580        BITB  #$80                cc=c5 a=cc b=00 dp=00 x=18c7 y=0000 u=a380 s=1fee  dt=16
16c3| 2702        BEQ   $16c7               cc=c5 a=cc b=00 dp=00 x=18c7 y=0000 u=a380 s=1fee  dt=24
16c7| 3a          ABX                       cc=c5 a=cc b=00 dp=00 x=18c7 y=0000 u=a380 s=1fee  dt=24
16c8| e6c0        LDB   ,U+                 cc=c9 a=cc b=81 dp=00 x=18c7 y=0000 u=a381 s=1fee  dt=48
16ca| 2b09        BMI   $16d5               cc=c9 a=cc b=81 dp=00 x=18c7 y=0000 u=a381 s=1fee  dt=24
16d5| c47f        ANDB  #$7f                cc=c1 a=cc b=01 dp=00 x=18c7 y=0000 u=a381 s=1fee  dt=16
16d7| a6c0        LDA   ,U+                 cc=c1 a=0f b=01 dp=00 x=18c7 y=0000 u=a382 s=1fee  dt=48
16d9| a484        ANDA  ,X                  cc=c5 a=00 b=01 dp=00 x=18c7 y=0000 u=a382 s=1fee  dt=32
16db| aac0        ORA   ,U+                 cc=c9 a=c0 b=01 dp=00 x=18c7 y=0000 u=a383 s=1fee  dt=48
16dd| a780        STA   ,X+                 cc=c9 a=c0 b=01 dp=00 x=18c8 y=0000 u=a383 s=1fee  dt=48
16df| 5a          DECB                      cc=c5 a=c0 b=00 dp=00 x=18c8 y=0000 u=a383 s=1fee  dt=16
16e0| 26f5        BNE   $16d7               cc=c5 a=c0 b=00 dp=00 x=18c8 y=0000 u=a383 s=1fee  dt=24
16e2| 20d7        BRA   $16bb               cc=c5 a=c0 b=00 dp=00 x=18c8 y=0000 u=a383 s=1fee  dt=24
16bb| e6c0        LDB   ,U+                 cc=c9 a=c0 b=99 dp=00 x=18c8 y=0000 u=a384 s=1fee  dt=48
16bd| c1ff        CMPB  #$ff                cc=c9 a=c0 b=99 dp=00 x=18c8 y=0000 u=a384 s=1fee  dt=16
16bf| 2723        BEQ   $16e4               cc=c9 a=c0 b=99 dp=00 x=18c8 y=0000 u=a384 s=1fee  dt=24
16c1| c580        BITB  #$80                cc=c9 a=c0 b=99 dp=00 x=18c8 y=0000 u=a384 s=1fee  dt=16
16c3| 2702        BEQ   $16c7               cc=c9 a=c0 b=99 dp=00 x=18c8 y=0000 u=a384 s=1fee  dt=24
16c5| c098        SUBB  #$98                cc=c0 a=c0 b=01 dp=00 x=18c8 y=0000 u=a384 s=1fee  dt=16
16c7| 3a          ABX                       cc=c0 a=c0 b=01 dp=00 x=18c9 y=0000 u=a384 s=1fee  dt=24
16c8| e6c0        LDB   ,U+                 cc=c8 a=c0 b=81 dp=00 x=18c9 y=0000 u=a385 s=1fee  dt=48
16ca| 2b09        BMI   $16d5               cc=c8 a=c0 b=81 dp=00 x=18c9 y=0000 u=a385 s=1fee  dt=24
16d5| c47f        ANDB  #$7f                cc=c0 a=c0 b=01 dp=00 x=18c9 y=0000 u=a385 s=1fee  dt=16
16d7| a6c0        LDA   ,U+                 cc=c8 a=f0 b=01 dp=00 x=18c9 y=0000 u=a386 s=1fee  dt=48
16d9| a484        ANDA  ,X                  cc=c4 a=00 b=01 dp=00 x=18c9 y=0000 u=a386 s=1fee  dt=32
16db| aac0        ORA   ,U+                 cc=c0 a=0c b=01 dp=00 x=18c9 y=0000 u=a387 s=1fee  dt=48
16dd| a780        STA   ,X+                 cc=c0 a=0c b=01 dp=00 x=18ca y=0000 u=a387 s=1fee  dt=48
16df| 5a          DECB                      cc=c4 a=0c b=00 dp=00 x=18ca y=0000 u=a387 s=1fee  dt=16
16e0| 26f5        BNE   $16d7               cc=c4 a=0c b=00 dp=00 x=18ca y=0000 u=a387 s=1fee  dt=24
16e2| 20d7        BRA   $16bb               cc=c4 a=0c b=00 dp=00 x=18ca y=0000 u=a387 s=1fee  dt=24
16bb| e6c0        LDB   ,U+                 cc=c4 a=0c b=00 dp=00 x=18ca y=0000 u=a388 s=1fee  dt=48
16bd| c1ff        CMPB  #$ff                cc=c1 a=0c b=00 dp=00 x=18ca y=0000 u=a388 s=1fee  dt=16
16bf| 2723        BEQ   $16e4               cc=c1 a=0c b=00 dp=00 x=18ca y=0000 u=a388 s=1fee  dt=24
16c1| c580        BITB  #$80                cc=c5 a=0c b=00 dp=00 x=18ca y=0000 u=a388 s=1fee  dt=16
16c3| 2702        BEQ   $16c7               cc=c5 a=0c b=00 dp=00 x=18ca y=0000 u=a388 s=1fee  dt=24
16c7| 3a          ABX                       cc=c5 a=0c b=00 dp=00 x=18ca y=0000 u=a388 s=1fee  dt=24
16c8| e6c0        LDB   ,U+                 cc=c1 a=0c b=05 dp=00 x=18ca y=0000 u=a389 s=1fee  dt=48
16ca| 2b09        BMI   $16d5               cc=c1 a=0c b=05 dp=00 x=18ca y=0000 u=a389 s=1fee  dt=24
16cc| a6c0        LDA   ,U+                 cc=c9 a=cc b=05 dp=00 x=18ca y=0000 u=a38a s=1fee  dt=48
16ce| a780        STA   ,X+                 cc=c9 a=cc b=05 dp=00 x=18cb y=0000 u=a38a s=1fee  dt=48
16d0| 5a          DECB                      cc=c1 a=cc b=04 dp=00 x=18cb y=0000 u=a38a s=1fee  dt=16
16d1| 26f9        BNE   $16cc               cc=c1 a=cc b=04 dp=00 x=18cb y=0000 u=a38a s=1fee  dt=24
16cc| a6c0        LDA   ,U+                 cc=c9 a=c2 b=04 dp=00 x=18cb y=0000 u=a38b s=1fee  dt=48
16ce| a780        STA   ,X+                 cc=c9 a=c2 b=04 dp=00 x=18cc y=0000 u=a38b s=1fee  dt=48
16d0| 5a          DECB                      cc=c1 a=c2 b=03 dp=00 x=18cc y=0000 u=a38b s=1fee  dt=16
16d1| 26f9        BNE   $16cc               cc=c1 a=c2 b=03 dp=00 x=18cc y=0000 u=a38b s=1fee  dt=24
16cc| a6c0        LDA   ,U+                 cc=c9 a=cc b=03 dp=00 x=18cc y=0000 u=a38c s=1fee  dt=48
16ce| a780        STA   ,X+                 cc=c9 a=cc b=03 dp=00 x=18cd y=0000 u=a38c s=1fee  dt=48
16d0| 5a          DECB                      cc=c1 a=cc b=02 dp=00 x=18cd y=0000 u=a38c s=1fee  dt=16
16d1| 26f9        BNE   $16cc               cc=c1 a=cc b=02 dp=00 x=18cd y=0000 u=a38c s=1fee  dt=24
16cc| a6c0        LDA   ,U+                 cc=c1 a=2c b=02 dp=00 x=18cd y=0000 u=a38d s=1fee  dt=48
16ce| a780        STA   ,X+                 cc=c1 a=2c b=02 dp=00 x=18ce y=0000 u=a38d s=1fee  dt=48
16d0| 5a          DECB                      cc=c1 a=2c b=01 dp=00 x=18ce y=0000 u=a38d s=1fee  dt=16
16d1| 26f9        BNE   $16cc               cc=c1 a=2c b=01 dp=00 x=18ce y=0000 u=a38d s=1fee  dt=24
16cc| a6c0        LDA   ,U+                 cc=c9 a=cc b=01 dp=00 x=18ce y=0000 u=a38e s=1fee  dt=48
16ce| a780        STA   ,X+                 cc=c9 a=cc b=01 dp=00 x=18cf y=0000 u=a38e s=1fee  dt=48
16d0| 5a          DECB                      cc=c5 a=cc b=00 dp=00 x=18cf y=0000 u=a38e s=1fee  dt=16
16d1| 26f9        BNE   $16cc               cc=c5 a=cc b=00 dp=00 x=18cf y=0000 u=a38e s=1fee  dt=24
16d3| 20e6        BRA   $16bb               cc=c5 a=cc b=00 dp=00 x=18cf y=0000 u=a38e s=1fee  dt=24
16bb| e6c0        LDB   ,U+                 cc=c5 a=cc b=00 dp=00 x=18cf y=0000 u=a38f s=1fee  dt=48
16bd| c1ff        CMPB  #$ff                cc=c1 a=cc b=00 dp=00 x=18cf y=0000 u=a38f s=1fee  dt=16
16bf| 2723        BEQ   $16e4               cc=c1 a=cc b=00 dp=00 x=18cf y=0000 u=a38f s=1fee  dt=24
16c1| c580        BITB  #$80                cc=c5 a=cc b=00 dp=00 x=18cf y=0000 u=a38f s=1fee  dt=16
16c3| 2702        BEQ   $16c7               cc=c5 a=cc b=00 dp=00 x=18cf y=0000 u=a38f s=1fee  dt=24
16c7| 3a          ABX                       cc=c5 a=cc b=00 dp=00 x=18cf y=0000 u=a38f s=1fee  dt=24
16c8| e6c0        LDB   ,U+                 cc=c9 a=cc b=81 dp=00 x=18cf y=0000 u=a390 s=1fee  dt=48
16ca| 2b09        BMI   $16d5               cc=c9 a=cc b=81 dp=00 x=18cf y=0000 u=a390 s=1fee  dt=24
16d5| c47f        ANDB  #$7f                cc=c1 a=cc b=01 dp=00 x=18cf y=0000 u=a390 s=1fee  dt=16
16d7| a6c0        LDA   ,U+                 cc=c1 a=0f b=01 dp=00 x=18cf y=0000 u=a391 s=1fee  dt=48
16d9| a484        ANDA  ,X                  cc=c5 a=00 b=01 dp=00 x=18cf y=0000 u=a391 s=1fee  dt=32
16db| aac0        ORA   ,U+                 cc=c9 a=c0 b=01 dp=00 x=18cf y=0000 u=a392 s=1fee  dt=48
16dd| a780        STA   ,X+                 cc=c9 a=c0 b=01 dp=00 x=18d0 y=0000 u=a392 s=1fee  dt=48
16df| 5a          DECB                      cc=c5 a=c0 b=00 dp=00 x=18d0 y=0000 u=a392 s=1fee  dt=16
16e0| 26f5        BNE   $16d7               cc=c5 a=c0 b=00 dp=00 x=18d0 y=0000 u=a392 s=1fee  dt=24
16e2| 20d7        BRA   $16bb               cc=c5 a=c0 b=00 dp=00 x=18d0 y=0000 u=a392 s=1fee  dt=24
16bb| e6c0        LDB   ,U+                 cc=c9 a=c0 b=99 dp=00 x=18d0 y=0000 u=a393 s=1fee  dt=48
16bd| c1ff        CMPB  #$ff                cc=c9 a=c0 b=99 dp=00 x=18d0 y=0000 u=a393 s=1fee  dt=16
16bf| 2723        BEQ   $16e4               cc=c9 a=c0 b=99 dp=00 x=18d0 y=0000 u=a393 s=1fee  dt=24
16c1| c580        BITB  #$80                cc=c9 a=c0 b=99 dp=00 x=18d0 y=0000 u=a393 s=1fee  dt=16
16c3| 2702        BEQ   $16c7               cc=c9 a=c0 b=99 dp=00 x=18d0 y=0000 u=a393 s=1fee  dt=24
16c5| c098        SUBB  #$98                cc=c0 a=c0 b=01 dp=00 x=18d0 y=0000 u=a393 s=1fee  dt=16
16c7| 3a          ABX                       cc=c0 a=c0 b=01 dp=00 x=18d1 y=0000 u=a393 s=1fee  dt=24
16c8| e6c0        LDB   ,U+                 cc=c8 a=c0 b=81 dp=00 x=18d1 y=0000 u=a394 s=1fee  dt=48
16ca| 2b09        BMI   $16d5               cc=c8 a=c0 b=81 dp=00 x=18d1 y=0000 u=a394 s=1fee  dt=24
16d5| c47f        ANDB  #$7f                cc=c0 a=c0 b=01 dp=00 x=18d1 y=0000 u=a394 s=1fee  dt=16
16d7| a6c0        LDA   ,U+                 cc=c8 a=f0 b=01 dp=00 x=18d1 y=0000 u=a395 s=1fee  dt=48
16d9| a484        ANDA  ,X                  cc=c4 a=00 b=01 dp=00 x=18d1 y=0000 u=a395 s=1fee  dt=32
16db| aac0        ORA   ,U+                 cc=c0 a=0c b=01 dp=00 x=18d1 y=0000 u=a396 s=1fee  dt=48
16dd| a780        STA   ,X+                 cc=c0 a=0c b=01 dp=00 x=18d2 y=0000 u=a396 s=1fee  dt=48
16df| 5a          DECB                      cc=c4 a=0c b=00 dp=00 x=18d2 y=0000 u=a396 s=1fee  dt=16
16e0| 26f5        BNE   $16d7               cc=c4 a=0c b=00 dp=00 x=18d2 y=0000 u=a396 s=1fee  dt=24
16e2| 20d7        BRA   $16bb               cc=c4 a=0c b=00 dp=00 x=18d2 y=0000 u=a396 s=1fee  dt=24
16bb| e6c0        LDB   ,U+                 cc=c4 a=0c b=00 dp=00 x=18d2 y=0000 u=a397 s=1fee  dt=48
16bd| c1ff        CMPB  #$ff                cc=c1 a=0c b=00 dp=00 x=18d2 y=0000 u=a397 s=1fee  dt=16
16bf| 2723        BEQ   $16e4               cc=c1 a=0c b=00 dp=00 x=18d2 y=0000 u=a397 s=1fee  dt=24
16c1| c580        BITB  #$80                cc=c5 a=0c b=00 dp=00 x=18d2 y=0000 u=a397 s=1fee  dt=16
16c3| 2702        BEQ   $16c7               cc=c5 a=0c b=00 dp=00 x=18d2 y=0000 u=a397 s=1fee  dt=24
16c7| 3a          ABX                       cc=c5 a=0c b=00 dp=00 x=18d2 y=0000 u=a397 s=1fee  dt=24
16c8| e6c0        LDB   ,U+                 cc=c1 a=0c b=05 dp=00 x=18d2 y=0000 u=a398 s=1fee  dt=48
16ca| 2b09        BMI   $16d5               cc=c1 a=0c b=05 dp=00 x=18d2 y=0000 u=a398 s=1fee  dt=24
16cc| a6c0        LDA   ,U+                 cc=c9 a=cc b=05 dp=00 x=18d2 y=0000 u=a399 s=1fee  dt=48
16ce| a780        STA   ,X+                 cc=c9 a=cc b=05 dp=00 x=18d3 y=0000 u=a399 s=1fee  dt=48
16d0| 5a          DECB                      cc=c1 a=cc b=04 dp=00 x=18d3 y=0000 u=a399 s=1fee  dt=16
16d1| 26f9        BNE   $16cc               cc=c1 a=cc b=04 dp=00 x=18d3 y=0000 u=a399 s=1fee  dt=24
16cc| a6c0        LDA   ,U+                 cc=c9 a=cc b=04 dp=00 x=18d3 y=0000 u=a39a s=1fee  dt=48
16ce| a780        STA   ,X+                 cc=c9 a=cc b=04 dp=00 x=18d4 y=0000 u=a39a s=1fee  dt=48
16d0| 5a          DECB                      cc=c1 a=cc b=03 dp=00 x=18d4 y=0000 u=a39a s=1fee  dt=16
16d1| 26f9        BNE   $16cc               cc=c1 a=cc b=03 dp=00 x=18d4 y=0000 u=a39a s=1fee  dt=24
16cc| a6c0        LDA   ,U+                 cc=c9 a=cc b=03 dp=00 x=18d4 y=0000 u=a39b s=1fee  dt=48
16ce| a780        STA   ,X+                 cc=c9 a=cc b=03 dp=00 x=18d5 y=0000 u=a39b s=1fee  dt=48
16d0| 5a          DECB                      cc=c1 a=cc b=02 dp=00 x=18d5 y=0000 u=a39b s=1fee  dt=16
16d1| 26f9        BNE   $16cc               cc=c1 a=cc b=02 dp=00 x=18d5 y=0000 u=a39b s=1fee  dt=24
16cc| a6c0        LDA   ,U+                 cc=c9 a=cc b=02 dp=00 x=18d5 y=0000 u=a39c s=1fee  dt=48
16ce| a780        STA   ,X+                 cc=c9 a=cc b=02 dp=00 x=18d6 y=0000 u=a39c s=1fee  dt=48
16d0| 5a          DECB                      cc=c1 a=cc b=01 dp=00 x=18d6 y=0000 u=a39c s=1fee  dt=16
16d1| 26f9        BNE   $16cc               cc=c1 a=cc b=01 dp=00 x=18d6 y=0000 u=a39c s=1fee  dt=24
16cc| a6c0        LDA   ,U+                 cc=c9 a=cc b=01 dp=00 x=18d6 y=0000 u=a39d s=1fee  dt=48
16ce| a780        STA   ,X+                 cc=c9 a=cc b=01 dp=00 x=18d7 y=0000 u=a39d s=1fee  dt=48
16d0| 5a          DECB                      cc=c5 a=cc b=00 dp=00 x=18d7 y=0000 u=a39d s=1fee  dt=16
16d1| 26f9        BNE   $16cc               cc=c5 a=cc b=00 dp=00 x=18d7 y=0000 u=a39d s=1fee  dt=24
16d3| 20e6        BRA   $16bb               cc=c5 a=cc b=00 dp=00 x=18d7 y=0000 u=a39d s=1fee  dt=24
16bb| e6c0        LDB   ,U+                 cc=c5 a=cc b=00 dp=00 x=18d7 y=0000 u=a39e s=1fee  dt=48
16bd| c1ff        CMPB  #$ff                cc=c1 a=cc b=00 dp=00 x=18d7 y=0000 u=a39e s=1fee  dt=16
16bf| 2723        BEQ   $16e4               cc=c1 a=cc b=00 dp=00 x=18d7 y=0000 u=a39e s=1fee  dt=24
16c1| c580        BITB  #$80                cc=c5 a=cc b=00 dp=00 x=18d7 y=0000 u=a39e s=1fee  dt=16
16c3| 2702        BEQ   $16c7               cc=c5 a=cc b=00 dp=00 x=18d7 y=0000 u=a39e s=1fee  dt=24
16c7| 3a          ABX                       cc=c5 a=cc b=00 dp=00 x=18d7 y=0000 u=a39e s=1fee  dt=24
16c8| e6c0        LDB   ,U+                 cc=c9 a=cc b=81 dp=00 x=18d7 y=0000 u=a39f s=1fee  dt=48
16ca| 2b09        BMI   $16d5               cc=c9 a=cc b=81 dp=00 x=18d7 y=0000 u=a39f s=1fee  dt=24
16d5| c47f        ANDB  #$7f                cc=c1 a=cc b=01 dp=00 x=18d7 y=0000 u=a39f s=1fee  dt=16
16d7| a6c0        LDA   ,U+                 cc=c1 a=0f b=01 dp=00 x=18d7 y=0000 u=a3a0 s=1fee  dt=48
16d9| a484        ANDA  ,X                  cc=c5 a=00 b=01 dp=00 x=18d7 y=0000 u=a3a0 s=1fee  dt=32
16db| aac0        ORA   ,U+                 cc=c9 a=c0 b=01 dp=00 x=18d7 y=0000 u=a3a1 s=1fee  dt=48
16dd| a780        STA   ,X+                 cc=c9 a=c0 b=01 dp=00 x=18d8 y=0000 u=a3a1 s=1fee  dt=48
16df| 5a          DECB                      cc=c5 a=c0 b=00 dp=00 x=18d8 y=0000 u=a3a1 s=1fee  dt=16
16e0| 26f5        BNE   $16d7               cc=c5 a=c0 b=00 dp=00 x=18d8 y=0000 u=a3a1 s=1fee  dt=24
16e2| 20d7        BRA   $16bb               cc=c5 a=c0 b=00 dp=00 x=18d8 y=0000 u=a3a1 s=1fee  dt=24
16bb| e6c0        LDB   ,U+                 cc=c9 a=c0 b=99 dp=00 x=18d8 y=0000 u=a3a2 s=1fee  dt=48
16bd| c1ff        CMPB  #$ff                cc=c9 a=c0 b=99 dp=00 x=18d8 y=0000 u=a3a2 s=1fee  dt=16
16bf| 2723        BEQ   $16e4               cc=c9 a=c0 b=99 dp=00 x=18d8 y=0000 u=a3a2 s=1fee  dt=24
16c1| c580        BITB  #$80                cc=c9 a=c0 b=99 dp=00 x=18d8 y=0000 u=a3a2 s=1fee  dt=16
16c3| 2702        BEQ   $16c7               cc=c9 a=c0 b=99 dp=00 x=18d8 y=0000 u=a3a2 s=1fee  dt=24
16c5| c098        SUBB  #$98                cc=c0 a=c0 b=01 dp=00 x=18d8 y=0000 u=a3a2 s=1fee  dt=16
16c7| 3a          ABX                       cc=c0 a=c0 b=01 dp=00 x=18d9 y=0000 u=a3a2 s=1fee  dt=24
16c8| e6c0        LDB   ,U+                 cc=c8 a=c0 b=81 dp=00 x=18d9 y=0000 u=a3a3 s=1fee  dt=48
16ca| 2b09        BMI   $16d5               cc=c8 a=c0 b=81 dp=00 x=18d9 y=0000 u=a3a3 s=1fee  dt=24
16d5| c47f        ANDB  #$7f                cc=c0 a=c0 b=01 dp=00 x=18d9 y=0000 u=a3a3 s=1fee  dt=16
16d7| a6c0        LDA   ,U+                 cc=c8 a=f0 b=01 dp=00 x=18d9 y=0000 u=a3a4 s=1fee  dt=48
16d9| a484        ANDA  ,X                  cc=c4 a=00 b=01 dp=00 x=18d9 y=0000 u=a3a4 s=1fee  dt=32
16db| aac0        ORA   ,U+                 cc=c0 a=05 b=01 dp=00 x=18d9 y=0000 u=a3a5 s=1fee  dt=48
16dd| a780        STA   ,X+                 cc=c0 a=05 b=01 dp=00 x=18da y=0000 u=a3a5 s=1fee  dt=48
16df| 5a          DECB                      cc=c4 a=05 b=00 dp=00 x=18da y=0000 u=a3a5 s=1fee  dt=16
16e0| 26f5        BNE   $16d7               cc=c4 a=05 b=00 dp=00 x=18da y=0000 u=a3a5 s=1fee  dt=24
16e2| 20d7        BRA   $16bb               cc=c4 a=05 b=00 dp=00 x=18da y=0000 u=a3a5 s=1fee  dt=24
16bb| e6c0        LDB   ,U+                 cc=c4 a=05 b=00 dp=00 x=18da y=0000 u=a3a6 s=1fee  dt=48
16bd| c1ff        CMPB  #$ff                cc=c1 a=05 b=00 dp=00 x=18da y=0000 u=a3a6 s=1fee  dt=16
16bf| 2723        BEQ   $16e4               cc=c1 a=05 b=00 dp=00 x=18da y=0000 u=a3a6 s=1fee  dt=24
16c1| c580        BITB  #$80                cc=c5 a=05 b=00 dp=00 x=18da y=0000 u=a3a6 s=1fee  dt=16
16c3| 2702        BEQ   $16c7               cc=c5 a=05 b=00 dp=00 x=18da y=0000 u=a3a6 s=1fee  dt=24
16c7| 3a          ABX                       cc=c5 a=05 b=00 dp=00 x=18da y=0000 u=a3a6 s=1fee  dt=24
16c8| e6c0        LDB   ,U+                 cc=c1 a=05 b=05 dp=00 x=18da y=0000 u=a3a7 s=1fee  dt=48
16ca| 2b09        BMI   $16d5               cc=c1 a=05 b=05 dp=00 x=18da y=0000 u=a3a7 s=1fee  dt=24
16cc| a6c0        LDA   ,U+                 cc=c9 a=cc b=05 dp=00 x=18da y=0000 u=a3a8 s=1fee  dt=48
16ce| a780        STA   ,X+                 cc=c9 a=cc b=05 dp=00 x=18db y=0000 u=a3a8 s=1fee  dt=48
16d0| 5a          DECB                      cc=c1 a=cc b=04 dp=00 x=18db y=0000 u=a3a8 s=1fee  dt=16
16d1| 26f9        BNE   $16cc               cc=c1 a=cc b=04 dp=00 x=18db y=0000 u=a3a8 s=1fee  dt=24
16cc| a6c0        LDA   ,U+                 cc=c9 a=c2 b=04 dp=00 x=18db y=0000 u=a3a9 s=1fee  dt=48
16ce| a780        STA   ,X+                 cc=c9 a=c2 b=04 dp=00 x=18dc y=0000 u=a3a9 s=1fee  dt=48
16d0| 5a          DECB                      cc=c1 a=c2 b=03 dp=00 x=18dc y=0000 u=a3a9 s=1fee  dt=16
16d1| 26f9        BNE   $16cc               cc=c1 a=c2 b=03 dp=00 x=18dc y=0000 u=a3a9 s=1fee  dt=24
16cc| a6c0        LDA   ,U+                 cc=c9 a=cc b=03 dp=00 x=18dc y=0000 u=a3aa s=1fee  dt=48
16ce| a780        STA   ,X+                 cc=c9 a=cc b=03 dp=00 x=18dd y=0000 u=a3aa s=1fee  dt=48
16d0| 5a          DECB                      cc=c1 a=cc b=02 dp=00 x=18dd y=0000 u=a3aa s=1fee  dt=16
16d1| 26f9        BNE   $16cc               cc=c1 a=cc b=02 dp=00 x=18dd y=0000 u=a3aa s=1fee  dt=24
16cc| a6c0        LDA   ,U+                 cc=c1 a=2c b=02 dp=00 x=18dd y=0000 u=a3ab s=1fee  dt=48
16ce| a780        STA   ,X+                 cc=c1 a=2c b=02 dp=00 x=18de y=0000 u=a3ab s=1fee  dt=48
16d0| 5a          DECB                      cc=c1 a=2c b=01 dp=00 x=18de y=0000 u=a3ab s=1fee  dt=16
16d1| 26f9        BNE   $16cc               cc=c1 a=2c b=01 dp=00 x=18de y=0000 u=a3ab s=1fee  dt=24
16cc| a6c0        LDA   ,U+                 cc=c9 a=cc b=01 dp=00 x=18de y=0000 u=a3ac s=1fee  dt=48
16ce| a780        STA   ,X+                 cc=c9 a=cc b=01 dp=00 x=18df y=0000 u=a3ac s=1fee  dt=48
16d0| 5a          DECB                      cc=c5 a=cc b=00 dp=00 x=18df y=0000 u=a3ac s=1fee  dt=16
16d1| 26f9        BNE   $16cc               cc=c5 a=cc b=00 dp=00 x=18df y=0000 u=a3ac s=1fee  dt=24
16d3| 20e6        BRA   $16bb               cc=c5 a=cc b=00 dp=00 x=18df y=0000 u=a3ac s=1fee  dt=24
16bb| e6c0        LDB   ,U+                 cc=c5 a=cc b=00 dp=00 x=18df y=0000 u=a3ad s=1fee  dt=48
16bd| c1ff        CMPB  #$ff                cc=c1 a=cc b=00 dp=00 x=18df y=0000 u=a3ad s=1fee  dt=16
16bf| 2723        BEQ   $16e4               cc=c1 a=cc b=00 dp=00 x=18df y=0000 u=a3ad s=1fee  dt=24
16c1| c580        BITB  #$80                cc=c5 a=cc b=00 dp=00 x=18df y=0000 u=a3ad s=1fee  dt=16
16c3| 2702        BEQ   $16c7               cc=c5 a=cc b=00 dp=00 x=18df y=0000 u=a3ad s=1fee  dt=24
16c7| 3a          ABX                       cc=c5 a=cc b=00 dp=00 x=18df y=0000 u=a3ad s=1fee  dt=24
16c8| e6c0        LDB   ,U+                 cc=c9 a=cc b=81 dp=00 x=18df y=0000 u=a3ae s=1fee  dt=48
16ca| 2b09        BMI   $16d5               cc=c9 a=cc b=81 dp=00 x=18df y=0000 u=a3ae s=1fee  dt=24
16d5| c47f        ANDB  #$7f                cc=c1 a=cc b=01 dp=00 x=18df y=0000 u=a3ae s=1fee  dt=16
16d7| a6c0        LDA   ,U+                 cc=c1 a=0f b=01 dp=00 x=18df y=0000 u=a3af s=1fee  dt=48
16d9| a484        ANDA  ,X                  cc=c5 a=00 b=01 dp=00 x=18df y=0000 u=a3af s=1fee  dt=32
16db| aac0        ORA   ,U+                 cc=c1 a=50 b=01 dp=00 x=18df y=0000 u=a3b0 s=1fee  dt=48
16dd| a780        STA   ,X+                 cc=c1 a=50 b=01 dp=00 x=18e0 y=0000 u=a3b0 s=1fee  dt=48
16df| 5a          DECB                      cc=c5 a=50 b=00 dp=00 x=18e0 y=0000 u=a3b0 s=1fee  dt=16
16e0| 26f5        BNE   $16d7               cc=c5 a=50 b=00 dp=00 x=18e0 y=0000 u=a3b0 s=1fee  dt=24
16e2| 20d7        BRA   $16bb               cc=c5 a=50 b=00 dp=00 x=18e0 y=0000 u=a3b0 s=1fee  dt=24
16bb| e6c0        LDB   ,U+                 cc=c9 a=50 b=99 dp=00 x=18e0 y=0000 u=a3b1 s=1fee  dt=48
16bd| c1ff        CMPB  #$ff                cc=c9 a=50 b=99 dp=00 x=18e0 y=0000 u=a3b1 s=1fee  dt=16
16bf| 2723        BEQ   $16e4               cc=c9 a=50 b=99 dp=00 x=18e0 y=0000 u=a3b1 s=1fee  dt=24
16c1| c580        BITB  #$80                cc=c9 a=50 b=99 dp=00 x=18e0 y=0000 u=a3b1 s=1fee  dt=16
16c3| 2702        BEQ   $16c7               cc=c9 a=50 b=99 dp=00 x=18e0 y=0000 u=a3b1 s=1fee  dt=24
16c5| c098        SUBB  #$98                cc=c0 a=50 b=01 dp=00 x=18e0 y=0000 u=a3b1 s=1fee  dt=16
16c7| 3a          ABX                       cc=c0 a=50 b=01 dp=00 x=18e1 y=0000 u=a3b1 s=1fee  dt=24
16c8| e6c0        LDB   ,U+                 cc=c8 a=50 b=81 dp=00 x=18e1 y=0000 u=a3b2 s=1fee  dt=48
16ca| 2b09        BMI   $16d5               cc=c8 a=50 b=81 dp=00 x=18e1 y=0000 u=a3b2 s=1fee  dt=24
16d5| c47f        ANDB  #$7f                cc=c0 a=50 b=01 dp=00 x=18e1 y=0000 u=a3b2 s=1fee  dt=16
16d7| a6c0        LDA   ,U+                 cc=c8 a=f0 b=01 dp=00 x=18e1 y=0000 u=a3b3 s=1fee  dt=48
16d9| a484        ANDA  ,X                  cc=c4 a=00 b=01 dp=00 x=18e1 y=0000 u=a3b3 s=1fee  dt=32
16db| aac0        ORA   ,U+                 cc=c0 a=05 b=01 dp=00 x=18e1 y=0000 u=a3b4 s=1fee  dt=48
16dd| a780        STA   ,X+                 cc=c0 a=05 b=01 dp=00 x=18e2 y=0000 u=a3b4 s=1fee  dt=48
16df| 5a          DECB                      cc=c4 a=05 b=00 dp=00 x=18e2 y=0000 u=a3b4 s=1fee  dt=16
16e0| 26f5        BNE   $16d7               cc=c4 a=05 b=00 dp=00 x=18e2 y=0000 u=a3b4 s=1fee  dt=24
16e2| 20d7        BRA   $16bb               cc=c4 a=05 b=00 dp=00 x=18e2 y=0000 u=a3b4 s=1fee  dt=24
16bb| e6c0        LDB   ,U+                 cc=c4 a=05 b=00 dp=00 x=18e2 y=0000 u=a3b5 s=1fee  dt=48
16bd| c1ff        CMPB  #$ff                cc=c1 a=05 b=00 dp=00 x=18e2 y=0000 u=a3b5 s=1fee  dt=16
16bf| 2723        BEQ   $16e4               cc=c1 a=05 b=00 dp=00 x=18e2 y=0000 u=a3b5 s=1fee  dt=24
16c1| c580        BITB  #$80                cc=c5 a=05 b=00 dp=00 x=18e2 y=0000 u=a3b5 s=1fee  dt=16
16c3| 2702        BEQ   $16c7               cc=c5 a=05 b=00 dp=00 x=18e2 y=0000 u=a3b5 s=1fee  dt=24
16c7| 3a          ABX                       cc=c5 a=05 b=00 dp=00 x=18e2 y=0000 u=a3b5 s=1fee  dt=24
16c8| e6c0        LDB   ,U+                 cc=c1 a=05 b=05 dp=00 x=18e2 y=0000 u=a3b6 s=1fee  dt=48
16ca| 2b09        BMI   $16d5               cc=c1 a=05 b=05 dp=00 x=18e2 y=0000 u=a3b6 s=1fee  dt=24
16cc| a6c0        LDA   ,U+                 cc=c9 a=cc b=05 dp=00 x=18e2 y=0000 u=a3b7 s=1fee  dt=48
16ce| a780        STA   ,X+                 cc=c9 a=cc b=05 dp=00 x=18e3 y=0000 u=a3b7 s=1fee  dt=48
16d0| 5a          DECB                      cc=c1 a=cc b=04 dp=00 x=18e3 y=0000 u=a3b7 s=1fee  dt=16
16d1| 26f9        BNE   $16cc               cc=c1 a=cc b=04 dp=00 x=18e3 y=0000 u=a3b7 s=1fee  dt=24
16cc| a6c0        LDA   ,U+                 cc=c9 a=cc b=04 dp=00 x=18e3 y=0000 u=a3b8 s=1fee  dt=48
16ce| a780        STA   ,X+                 cc=c9 a=cc b=04 dp=00 x=18e4 y=0000 u=a3b8 s=1fee  dt=48
16d0| 5a          DECB                      cc=c1 a=cc b=03 dp=00 x=18e4 y=0000 u=a3b8 s=1fee  dt=16
16d1| 26f9        BNE   $16cc               cc=c1 a=cc b=03 dp=00 x=18e4 y=0000 u=a3b8 s=1fee  dt=24
16cc| a6c0        LDA   ,U+                 cc=c9 a=cc b=03 dp=00 x=18e4 y=0000 u=a3b9 s=1fee  dt=48
16ce| a780        STA   ,X+                 cc=c9 a=cc b=03 dp=00 x=18e5 y=0000 u=a3b9 s=1fee  dt=48
16d0| 5a          DECB                      cc=c1 a=cc b=02 dp=00 x=18e5 y=0000 u=a3b9 s=1fee  dt=16
16d1| 26f9        BNE   $16cc               cc=c1 a=cc b=02 dp=00 x=18e5 y=0000 u=a3b9 s=1fee  dt=24
16cc| a6c0        LDA   ,U+                 cc=c9 a=cc b=02 dp=00 x=18e5 y=0000 u=a3ba s=1fee  dt=48
16ce| a780        STA   ,X+                 cc=c9 a=cc b=02 dp=00 x=18e6 y=0000 u=a3ba s=1fee  dt=48
16d0| 5a          DECB                      cc=c1 a=cc b=01 dp=00 x=18e6 y=0000 u=a3ba s=1fee  dt=16
16d1| 26f9        BNE   $16cc               cc=c1 a=cc b=01 dp=00 x=18e6 y=0000 u=a3ba s=1fee  dt=24
16cc| a6c0        LDA   ,U+                 cc=c9 a=cc b=01 dp=00 x=18e6 y=0000 u=a3bb s=1fee  dt=48
16ce| a780        STA   ,X+                 cc=c9 a=cc b=01 dp=00 x=18e7 y=0000 u=a3bb s=1fee  dt=48
16d0| 5a          DECB                      cc=c5 a=cc b=00 dp=00 x=18e7 y=0000 u=a3bb s=1fee  dt=16
16d1| 26f9        BNE   $16cc               cc=c5 a=cc b=00 dp=00 x=18e7 y=0000 u=a3bb s=1fee  dt=24
16d3| 20e6        BRA   $16bb               cc=c5 a=cc b=00 dp=00 x=18e7 y=0000 u=a3bb s=1fee  dt=24
16bb| e6c0        LDB   ,U+                 cc=c5 a=cc b=00 dp=00 x=18e7 y=0000 u=a3bc s=1fee  dt=48
16bd| c1ff        CMPB  #$ff                cc=c1 a=cc b=00 dp=00 x=18e7 y=0000 u=a3bc s=1fee  dt=16
16bf| 2723        BEQ   $16e4               cc=c1 a=cc b=00 dp=00 x=18e7 y=0000 u=a3bc s=1fee  dt=24
16c1| c580        BITB  #$80                cc=c5 a=cc b=00 dp=00 x=18e7 y=0000 u=a3bc s=1fee  dt=16
16c3| 2702        BEQ   $16c7               cc=c5 a=cc b=00 dp=00 x=18e7 y=0000 u=a3bc s=1fee  dt=24
16c7| 3a          ABX                       cc=c5 a=cc b=00 dp=00 x=18e7 y=0000 u=a3bc s=1fee  dt=24
16c8| e6c0        LDB   ,U+                 cc=c9 a=cc b=81 dp=00 x=18e7 y=0000 u=a3bd s=1fee  dt=48
16ca| 2b09        BMI   $16d5               cc=c9 a=cc b=81 dp=00 x=18e7 y=0000 u=a3bd s=1fee  dt=24
16d5| c47f        ANDB  #$7f                cc=c1 a=cc b=01 dp=00 x=18e7 y=0000 u=a3bd s=1fee  dt=16
16d7| a6c0        LDA   ,U+                 cc=c1 a=0f b=01 dp=00 x=18e7 y=0000 u=a3be s=1fee  dt=48
16d9| a484        ANDA  ,X                  cc=c5 a=00 b=01 dp=00 x=18e7 y=0000 u=a3be s=1fee  dt=32
16db| aac0        ORA   ,U+                 cc=c1 a=50 b=01 dp=00 x=18e7 y=0000 u=a3bf s=1fee  dt=48
16dd| a780        STA   ,X+                 cc=c1 a=50 b=01 dp=00 x=18e8 y=0000 u=a3bf s=1fee  dt=48
16df| 5a          DECB                      cc=c5 a=50 b=00 dp=00 x=18e8 y=0000 u=a3bf s=1fee  dt=16
16e0| 26f5        BNE   $16d7               cc=c5 a=50 b=00 dp=00 x=18e8 y=0000 u=a3bf s=1fee  dt=24
16e2| 20d7        BRA   $16bb               cc=c5 a=50 b=00 dp=00 x=18e8 y=0000 u=a3bf s=1fee  dt=24
16bb| e6c0        LDB   ,U+                 cc=c9 a=50 b=9a dp=00 x=18e8 y=0000 u=a3c0 s=1fee  dt=48
16bd| c1ff        CMPB  #$ff                cc=c9 a=50 b=9a dp=00 x=18e8 y=0000 u=a3c0 s=1fee  dt=16
16bf| 2723        BEQ   $16e4               cc=c9 a=50 b=9a dp=00 x=18e8 y=0000 u=a3c0 s=1fee  dt=24
16c1| c580        BITB  #$80                cc=c9 a=50 b=9a dp=00 x=18e8 y=0000 u=a3c0 s=1fee  dt=16
16c3| 2702        BEQ   $16c7               cc=c9 a=50 b=9a dp=00 x=18e8 y=0000 u=a3c0 s=1fee  dt=24
16c5| c098        SUBB  #$98                cc=c0 a=50 b=02 dp=00 x=18e8 y=0000 u=a3c0 s=1fee  dt=16
16c7| 3a          ABX                       cc=c0 a=50 b=02 dp=00 x=18ea y=0000 u=a3c0 s=1fee  dt=24
16c8| e6c0        LDB   ,U+                 cc=c8 a=50 b=81 dp=00 x=18ea y=0000 u=a3c1 s=1fee  dt=48
16ca| 2b09        BMI   $16d5               cc=c8 a=50 b=81 dp=00 x=18ea y=0000 u=a3c1 s=1fee  dt=24
16d5| c47f        ANDB  #$7f                cc=c0 a=50 b=01 dp=00 x=18ea y=0000 u=a3c1 s=1fee  dt=16
16d7| a6c0        LDA   ,U+                 cc=c8 a=f0 b=01 dp=00 x=18ea y=0000 u=a3c2 s=1fee  dt=48
16d9| a484        ANDA  ,X                  cc=c4 a=00 b=01 dp=00 x=18ea y=0000 u=a3c2 s=1fee  dt=32
16db| aac0        ORA   ,U+                 cc=c0 a=0c b=01 dp=00 x=18ea y=0000 u=a3c3 s=1fee  dt=48
16dd| a780        STA   ,X+                 cc=c0 a=0c b=01 dp=00 x=18eb y=0000 u=a3c3 s=1fee  dt=48
16df| 5a          DECB                      cc=c4 a=0c b=00 dp=00 x=18eb y=0000 u=a3c3 s=1fee  dt=16
16e0| 26f5        BNE   $16d7               cc=c4 a=0c b=00 dp=00 x=18eb y=0000 u=a3c3 s=1fee  dt=24
16e2| 20d7        BRA   $16bb               cc=c4 a=0c b=00 dp=00 x=18eb y=0000 u=a3c3 s=1fee  dt=24
16bb| e6c0        LDB   ,U+                 cc=c4 a=0c b=00 dp=00 x=18eb y=0000 u=a3c4 s=1fee  dt=48
16bd| c1ff        CMPB  #$ff                cc=c1 a=0c b=00 dp=00 x=18eb y=0000 u=a3c4 s=1fee  dt=16
16bf| 2723        BEQ   $16e4               cc=c1 a=0c b=00 dp=00 x=18eb y=0000 u=a3c4 s=1fee  dt=24
16c1| c580        BITB  #$80                cc=c5 a=0c b=00 dp=00 x=18eb y=0000 u=a3c4 s=1fee  dt=16
16c3| 2702        BEQ   $16c7               cc=c5 a=0c b=00 dp=00 x=18eb y=0000 u=a3c4 s=1fee  dt=24
16c7| 3a          ABX                       cc=c5 a=0c b=00 dp=00 x=18eb y=0000 u=a3c4 s=1fee  dt=24
16c8| e6c0        LDB   ,U+                 cc=c1 a=0c b=03 dp=00 x=18eb y=0000 u=a3c5 s=1fee  dt=48
16ca| 2b09        BMI   $16d5               cc=c1 a=0c b=03 dp=00 x=18eb y=0000 u=a3c5 s=1fee  dt=24
16cc| a6c0        LDA   ,U+                 cc=c9 a=c2 b=03 dp=00 x=18eb y=0000 u=a3c6 s=1fee  dt=48
16ce| a780        STA   ,X+                 cc=c9 a=c2 b=03 dp=00 x=18ec y=0000 u=a3c6 s=1fee  dt=48
16d0| 5a          DECB                      cc=c1 a=c2 b=02 dp=00 x=18ec y=0000 u=a3c6 s=1fee  dt=16
16d1| 26f9        BNE   $16cc               cc=c1 a=c2 b=02 dp=00 x=18ec y=0000 u=a3c6 s=1fee  dt=24
16cc| a6c0        LDA   ,U+                 cc=c9 a=cc b=02 dp=00 x=18ec y=0000 u=a3c7 s=1fee  dt=48
16ce| a780        STA   ,X+                 cc=c9 a=cc b=02 dp=00 x=18ed y=0000 u=a3c7 s=1fee  dt=48
16d0| 5a          DECB                      cc=c1 a=cc b=01 dp=00 x=18ed y=0000 u=a3c7 s=1fee  dt=16
16d1| 26f9        BNE   $16cc               cc=c1 a=cc b=01 dp=00 x=18ed y=0000 u=a3c7 s=1fee  dt=24
16cc| a6c0        LDA   ,U+                 cc=c1 a=2c b=01 dp=00 x=18ed y=0000 u=a3c8 s=1fee  dt=48
16ce| a780        STA   ,X+                 cc=c1 a=2c b=01 dp=00 x=18ee y=0000 u=a3c8 s=1fee  dt=48
16d0| 5a          DECB                      cc=c5 a=2c b=00 dp=00 x=18ee y=0000 u=a3c8 s=1fee  dt=16
16d1| 26f9        BNE   $16cc               cc=c5 a=2c b=00 dp=00 x=18ee y=0000 u=a3c8 s=1fee  dt=24
16d3| 20e6        BRA   $16bb               cc=c5 a=2c b=00 dp=00 x=18ee y=0000 u=a3c8 s=1fee  dt=24
16bb| e6c0        LDB   ,U+                 cc=c5 a=2c b=00 dp=00 x=18ee y=0000 u=a3c9 s=1fee  dt=48
16bd| c1ff        CMPB  #$ff                cc=c1 a=2c b=00 dp=00 x=18ee y=0000 u=a3c9 s=1fee  dt=16
16bf| 2723        BEQ   $16e4               cc=c1 a=2c b=00 dp=00 x=18ee y=0000 u=a3c9 s=1fee  dt=24
16c1| c580        BITB  #$80                cc=c5 a=2c b=00 dp=00 x=18ee y=0000 u=a3c9 s=1fee  dt=16
16c3| 2702        BEQ   $16c7               cc=c5 a=2c b=00 dp=00 x=18ee y=0000 u=a3c9 s=1fee  dt=24
16c7| 3a          ABX                       cc=c5 a=2c b=00 dp=00 x=18ee y=0000 u=a3c9 s=1fee  dt=24
16c8| e6c0        LDB   ,U+                 cc=c9 a=2c b=81 dp=00 x=18ee y=0000 u=a3ca s=1fee  dt=48
16ca| 2b09        BMI   $16d5               cc=c9 a=2c b=81 dp=00 x=18ee y=0000 u=a3ca s=1fee  dt=24
16d5| c47f        ANDB  #$7f                cc=c1 a=2c b=01 dp=00 x=18ee y=0000 u=a3ca s=1fee  dt=16
16d7| a6c0        LDA   ,U+                 cc=c1 a=0f b=01 dp=00 x=18ee y=0000 u=a3cb s=1fee  dt=48
16d9| a484        ANDA  ,X                  cc=c5 a=00 b=01 dp=00 x=18ee y=0000 u=a3cb s=1fee  dt=32
16db| aac0        ORA   ,U+                 cc=c9 a=c0 b=01 dp=00 x=18ee y=0000 u=a3cc s=1fee  dt=48
16dd| a780        STA   ,X+                 cc=c9 a=c0 b=01 dp=00 x=18ef y=0000 u=a3cc s=1fee  dt=48
16df| 5a          DECB                      cc=c5 a=c0 b=00 dp=00 x=18ef y=0000 u=a3cc s=1fee  dt=16
16e0| 26f5        BNE   $16d7               cc=c5 a=c0 b=00 dp=00 x=18ef y=0000 u=a3cc s=1fee  dt=24
16e2| 20d7        BRA   $16bb               cc=c5 a=c0 b=00 dp=00 x=18ef y=0000 u=a3cc s=1fee  dt=24
16bb| e6c0        LDB   ,U+                 cc=c9 a=c0 b=9c dp=00 x=18ef y=0000 u=a3cd s=1fee  dt=48
16bd| c1ff        CMPB  #$ff                cc=c9 a=c0 b=9c dp=00 x=18ef y=0000 u=a3cd s=1fee  dt=16
16bf| 2723        BEQ   $16e4               cc=c9 a=c0 b=9c dp=00 x=18ef y=0000 u=a3cd s=1fee  dt=24
16c1| c580        BITB  #$80                cc=c9 a=c0 b=9c dp=00 x=18ef y=0000 u=a3cd s=1fee  dt=16
16c3| 2702        BEQ   $16c7               cc=c9 a=c0 b=9c dp=00 x=18ef y=0000 u=a3cd s=1fee  dt=24
16c5| c098        SUBB  #$98                cc=c0 a=c0 b=04 dp=00 x=18ef y=0000 u=a3cd s=1fee  dt=16
16c7| 3a          ABX                       cc=c0 a=c0 b=04 dp=00 x=18f3 y=0000 u=a3cd s=1fee  dt=24
16c8| e6c0        LDB   ,U+                 cc=c8 a=c0 b=81 dp=00 x=18f3 y=0000 u=a3ce s=1fee  dt=48
16ca| 2b09        BMI   $16d5               cc=c8 a=c0 b=81 dp=00 x=18f3 y=0000 u=a3ce s=1fee  dt=24
16d5| c47f        ANDB  #$7f                cc=c0 a=c0 b=01 dp=00 x=18f3 y=0000 u=a3ce s=1fee  dt=16
16d7| a6c0        LDA   ,U+                 cc=c8 a=f0 b=01 dp=00 x=18f3 y=0000 u=a3cf s=1fee  dt=48
16d9| a484        ANDA  ,X                  cc=c4 a=00 b=01 dp=00 x=18f3 y=0000 u=a3cf s=1fee  dt=32
16db| aac0        ORA   ,U+                 cc=c0 a=0c b=01 dp=00 x=18f3 y=0000 u=a3d0 s=1fee  dt=48
16dd| a780        STA   ,X+                 cc=c0 a=0c b=01 dp=00 x=18f4 y=0000 u=a3d0 s=1fee  dt=48
16df| 5a          DECB                      cc=c4 a=0c b=00 dp=00 x=18f4 y=0000 u=a3d0 s=1fee  dt=16
16e0| 26f5        BNE   $16d7               cc=c4 a=0c b=00 dp=00 x=18f4 y=0000 u=a3d0 s=1fee  dt=24
16e2| 20d7        BRA   $16bb               cc=c4 a=0c b=00 dp=00 x=18f4 y=0000 u=a3d0 s=1fee  dt=24
16bb| e6c0        LDB   ,U+                 cc=c4 a=0c b=00 dp=00 x=18f4 y=0000 u=a3d1 s=1fee  dt=48
16bd| c1ff        CMPB  #$ff                cc=c1 a=0c b=00 dp=00 x=18f4 y=0000 u=a3d1 s=1fee  dt=16
16bf| 2723        BEQ   $16e4               cc=c1 a=0c b=00 dp=00 x=18f4 y=0000 u=a3d1 s=1fee  dt=24
16c1| c580        BITB  #$80                cc=c5 a=0c b=00 dp=00 x=18f4 y=0000 u=a3d1 s=1fee  dt=16
16c3| 2702        BEQ   $16c7               cc=c5 a=0c b=00 dp=00 x=18f4 y=0000 u=a3d1 s=1fee  dt=24
16c7| 3a          ABX                       cc=c5 a=0c b=00 dp=00 x=18f4 y=0000 u=a3d1 s=1fee  dt=24
16c8| e6c0        LDB   ,U+                 cc=c1 a=0c b=01 dp=00 x=18f4 y=0000 u=a3d2 s=1fee  dt=48
16ca| 2b09        BMI   $16d5               cc=c1 a=0c b=01 dp=00 x=18f4 y=0000 u=a3d2 s=1fee  dt=24
16cc| a6c0        LDA   ,U+                 cc=c9 a=cc b=01 dp=00 x=18f4 y=0000 u=a3d3 s=1fee  dt=48
16ce| a780        STA   ,X+                 cc=c9 a=cc b=01 dp=00 x=18f5 y=0000 u=a3d3 s=1fee  dt=48
16d0| 5a          DECB                      cc=c5 a=cc b=00 dp=00 x=18f5 y=0000 u=a3d3 s=1fee  dt=16
16d1| 26f9        BNE   $16cc               cc=c5 a=cc b=00 dp=00 x=18f5 y=0000 u=a3d3 s=1fee  dt=24
16d3| 20e6        BRA   $16bb               cc=c5 a=cc b=00 dp=00 x=18f5 y=0000 u=a3d3 s=1fee  dt=24
16bb| e6c0        LDB   ,U+                 cc=c5 a=cc b=00 dp=00 x=18f5 y=0000 u=a3d4 s=1fee  dt=48
16bd| c1ff        CMPB  #$ff                cc=c1 a=cc b=00 dp=00 x=18f5 y=0000 u=a3d4 s=1fee  dt=16
16bf| 2723        BEQ   $16e4               cc=c1 a=cc b=00 dp=00 x=18f5 y=0000 u=a3d4 s=1fee  dt=24
16c1| c580        BITB  #$80                cc=c5 a=cc b=00 dp=00 x=18f5 y=0000 u=a3d4 s=1fee  dt=16
16c3| 2702        BEQ   $16c7               cc=c5 a=cc b=00 dp=00 x=18f5 y=0000 u=a3d4 s=1fee  dt=24
16c7| 3a          ABX                       cc=c5 a=cc b=00 dp=00 x=18f5 y=0000 u=a3d4 s=1fee  dt=24
16c8| e6c0        LDB   ,U+                 cc=c9 a=cc b=81 dp=00 x=18f5 y=0000 u=a3d5 s=1fee  dt=48
16ca| 2b09        BMI   $16d5               cc=c9 a=cc b=81 dp=00 x=18f5 y=0000 u=a3d5 s=1fee  dt=24
16d5| c47f        ANDB  #$7f                cc=c1 a=cc b=01 dp=00 x=18f5 y=0000 u=a3d5 s=1fee  dt=16
16d7| a6c0        LDA   ,U+                 cc=c1 a=0f b=01 dp=00 x=18f5 y=0000 u=a3d6 s=1fee  dt=48
16d9| a484        ANDA  ,X                  cc=c5 a=00 b=01 dp=00 x=18f5 y=0000 u=a3d6 s=1fee  dt=32
16db| aac0        ORA   ,U+                 cc=c9 a=c0 b=01 dp=00 x=18f5 y=0000 u=a3d7 s=1fee  dt=48
16dd| a780        STA   ,X+                 cc=c9 a=c0 b=01 dp=00 x=18f6 y=0000 u=a3d7 s=1fee  dt=48
16df| 5a          DECB                      cc=c5 a=c0 b=00 dp=00 x=18f6 y=0000 u=a3d7 s=1fee  dt=16
16e0| 26f5        BNE   $16d7               cc=c5 a=c0 b=00 dp=00 x=18f6 y=0000 u=a3d7 s=1fee  dt=24
16e2| 20d7        BRA   $16bb               cc=c5 a=c0 b=00 dp=00 x=18f6 y=0000 u=a3d7 s=1fee  dt=24
16bb| e6c0        LDB   ,U+                 cc=c9 a=c0 b=ff dp=00 x=18f6 y=0000 u=a3d8 s=1fee  dt=48
16bd| c1ff        CMPB  #$ff                cc=c4 a=c0 b=ff dp=00 x=18f6 y=0000 u=a3d8 s=1fee  dt=16
16bf| 2723        BEQ   $16e4               cc=c4 a=c0 b=ff dp=00 x=18f6 y=0000 u=a3d8 s=1fee  dt=24
16e4| ecc1        LDD   ,U++                cc=c4 a=00 b=00 dp=00 x=18f6 y=0000 u=a3da s=1fee  dt=64
16e6| 27cd        BEQ   $16b5               cc=c4 a=00 b=00 dp=00 x=18f6 y=0000 u=a3da s=1fee  dt=24
16b5| 8634        LDA   #$34                cc=c0 a=34 b=00 dp=00 x=18f6 y=0000 u=a3da s=1fee  dt=16
16b7| b7ffa5      STA   $ffa5               cc=c0 a=34 b=00 dp=00 x=18f6 y=0000 u=a3da s=1fee  dt=40
16ba| 39          RTS                       cc=c0 a=34 b=00 dp=00 x=18f6 y=0000 u=a3da s=1ff0  dt=40
15e4| 39          RTS                       cc=c0 a=34 b=00 dp=00 x=18f6 y=0000 u=a3da s=1ff2  dt=40
1414| 2006        BRA   $141c               cc=c0 a=34 b=00 dp=00 x=18f6 y=0000 u=a3da s=1ff2  dt=24
141c| 8e1800      LDX   #$1800              cc=c0 a=34 b=00 dp=00 x=1800 y=0000 u=a3da s=1ff2  dt=24
141f| ce4dec      LDU   #$4dec              cc=c0 a=34 b=00 dp=00 x=1800 y=0000 u=4dec s=1ff2  dt=24
1422| 108e0020    LDY   #$0020              cc=c0 a=34 b=00 dp=00 x=1800 y=0020 u=4dec s=1ff2  dt=32
1426| ec81        LDD   ,X++                cc=c0 a=44 b=00 dp=00 x=1802 y=0020 u=4dec s=1ff2  dt=64
1428| edc1        STD   ,U++                cc=c0 a=44 b=00 dp=00 x=1802 y=0020 u=4dee s=1ff2  dt=64
142a| ec81        LDD   ,X++                cc=c4 a=00 b=00 dp=00 x=1804 y=0020 u=4dee s=1ff2  dt=64
142c| edc1        STD   ,U++                cc=c4 a=00 b=00 dp=00 x=1804 y=0020 u=4df0 s=1ff2  dt=64
142e| ec81        LDD   ,X++                cc=c4 a=00 b=00 dp=00 x=1806 y=0020 u=4df0 s=1ff2  dt=64
1430| edc1        STD   ,U++                cc=c4 a=00 b=00 dp=00 x=1806 y=0020 u=4df2 s=1ff2  dt=64
1432| ec81        LDD   ,X++                cc=c4 a=00 b=00 dp=00 x=1808 y=0020 u=4df2 s=1ff2  dt=64
1434| edc1        STD   ,U++                cc=c4 a=00 b=00 dp=00 x=1808 y=0020 u=4df4 s=1ff2  dt=64
1436| 33c90098    LEAU  $0098,U             cc=c4 a=00 b=00 dp=00 x=1808 y=0020 u=4e8c s=1ff2  dt=64
143a| 313f        LEAY  -1,Y                cc=c0 a=00 b=00 dp=00 x=1808 y=001f u=4e8c s=1ff2  dt=40
143c| 26e8        BNE   $1426               cc=c0 a=00 b=00 dp=00 x=1808 y=001f u=4e8c s=1ff2  dt=24
1426| ec81        LDD   ,X++                cc=c4 a=00 b=00 dp=00 x=180a y=001f u=4e8c s=1ff2  dt=64
1428| edc1        STD   ,U++                cc=c4 a=00 b=00 dp=00 x=180a y=001f u=4e8e s=1ff2  dt=64
142a| ec81        LDD   ,X++                cc=c4 a=00 b=00 dp=00 x=180c y=001f u=4e8e s=1ff2  dt=64
142c| edc1        STD   ,U++                cc=c4 a=00 b=00 dp=00 x=180c y=001f u=4e90 s=1ff2  dt=64
142e| ec81        LDD   ,X++                cc=c4 a=00 b=00 dp=00 x=180e y=001f u=4e90 s=1ff2  dt=64
1430| edc1        STD   ,U++                cc=c4 a=00 b=00 dp=00 x=180e y=001f u=4e92 s=1ff2  dt=64
1432| ec81        LDD   ,X++                cc=c4 a=00 b=00 dp=00 x=1810 y=001f u=4e92 s=1ff2  dt=64
1434| edc1        STD   ,U++                cc=c4 a=00 b=00 dp=00 x=1810 y=001f u=4e94 s=1ff2  dt=64
1436| 33c90098    LEAU  $0098,U             cc=c4 a=00 b=00 dp=00 x=1810 y=001f u=4f2c s=1ff2  dt=64
143a| 313f        LEAY  -1,Y                cc=c0 a=00 b=00 dp=00 x=1810 y=001e u=4f2c s=1ff2  dt=40
143c| 26e8        BNE   $1426               cc=c0 a=00 b=00 dp=00 x=1810 y=001e u=4f2c s=1ff2  dt=24
1426| ec81        LDD   ,X++                cc=c4 a=00 b=00 dp=00 x=1812 y=001e u=4f2c s=1ff2  dt=64
1428| edc1        STD   ,U++                cc=c4 a=00 b=00 dp=00 x=1812 y=001e u=4f2e s=1ff2  dt=64
142a| ec81        LDD   ,X++                cc=c4 a=00 b=00 dp=00 x=1814 y=001e u=4f2e s=1ff2  dt=64
142c| edc1        STD   ,U++                cc=c4 a=00 b=00 dp=00 x=1814 y=001e u=4f30 s=1ff2  dt=64
142e| ec81        LDD   ,X++                cc=c4 a=00 b=00 dp=00 x=1816 y=001e u=4f30 s=1ff2  dt=64
1430| edc1        STD   ,U++                cc=c4 a=00 b=00 dp=00 x=1816 y=001e u=4f32 s=1ff2  dt=64
1432| ec81        LDD   ,X++                cc=c4 a=00 b=00 dp=00 x=1818 y=001e u=4f32 s=1ff2  dt=64
1434| edc1        STD   ,U++                cc=c4 a=00 b=00 dp=00 x=1818 y=001e u=4f34 s=1ff2  dt=64
1436| 33c90098    LEAU  $0098,U             cc=c4 a=00 b=00 dp=00 x=1818 y=001e u=4fcc s=1ff2  dt=64
143a| 313f        LEAY  -1,Y                cc=c0 a=00 b=00 dp=00 x=1818 y=001d u=4fcc s=1ff2  dt=40
143c| 26e8        BNE   $1426               cc=c0 a=00 b=00 dp=00 x=1818 y=001d u=4fcc s=1ff2  dt=24
1426| ec81        LDD   ,X++                cc=c4 a=00 b=00 dp=00 x=181a y=001d u=4fcc s=1ff2  dt=64
1428| edc1        STD   ,U++                cc=c4 a=00 b=00 dp=00 x=181a y=001d u=4fce s=1ff2  dt=64
142a| ec81        LDD   ,X++                cc=c4 a=00 b=00 dp=00 x=181c y=001d u=4fce s=1ff2  dt=64
142c| edc1        STD   ,U++                cc=c4 a=00 b=00 dp=00 x=181c y=001d u=4fd0 s=1ff2  dt=64
142e| ec81        LDD   ,X++                cc=c4 a=00 b=00 dp=00 x=181e y=001d u=4fd0 s=1ff2  dt=64
1430| edc1        STD   ,U++                cc=c4 a=00 b=00 dp=00 x=181e y=001d u=4fd2 s=1ff2  dt=64
1432| ec81        LDD   ,X++                cc=c4 a=00 b=00 dp=00 x=1820 y=001d u=4fd2 s=1ff2  dt=64
1434| edc1        STD   ,U++                cc=c4 a=00 b=00 dp=00 x=1820 y=001d u=4fd4 s=1ff2  dt=64
1436| 33c90098    LEAU  $0098,U             cc=c4 a=00 b=00 dp=00 x=1820 y=001d u=506c s=1ff2  dt=64
143a| 313f        LEAY  -1,Y                cc=c0 a=00 b=00 dp=00 x=1820 y=001c u=506c s=1ff2  dt=40
143c| 26e8        BNE   $1426               cc=c0 a=00 b=00 dp=00 x=1820 y=001c u=506c s=1ff2  dt=24
1426| ec81        LDD   ,X++                cc=c4 a=00 b=00 dp=00 x=1822 y=001c u=506c s=1ff2  dt=64
1428| edc1        STD   ,U++                cc=c4 a=00 b=00 dp=00 x=1822 y=001c u=506e s=1ff2  dt=64
142a| ec81        LDD   ,X++                cc=c4 a=00 b=00 dp=00 x=1824 y=001c u=506e s=1ff2  dt=64
142c| edc1        STD   ,U++                cc=c4 a=00 b=00 dp=00 x=1824 y=001c u=5070 s=1ff2  dt=64
142e| ec81        LDD   ,X++                cc=c4 a=00 b=00 dp=00 x=1826 y=001c u=5070 s=1ff2  dt=64
1430| edc1        STD   ,U++                cc=c4 a=00 b=00 dp=00 x=1826 y=001c u=5072 s=1ff2  dt=64
1432| ec81        LDD   ,X++                cc=c4 a=00 b=00 dp=00 x=1828 y=001c u=5072 s=1ff2  dt=64
1434| edc1        STD   ,U++                cc=c4 a=00 b=00 dp=00 x=1828 y=001c u=5074 s=1ff2  dt=64
1436| 33c90098    LEAU  $0098,U             cc=c4 a=00 b=00 dp=00 x=1828 y=001c u=510c s=1ff2  dt=64
143a| 313f        LEAY  -1,Y                cc=c0 a=00 b=00 dp=00 x=1828 y=001b u=510c s=1ff2  dt=40
143c| 26e8        BNE   $1426               cc=c0 a=00 b=00 dp=00 x=1828 y=001b u=510c s=1ff2  dt=24
1426| ec81        LDD   ,X++                cc=c4 a=00 b=00 dp=00 x=182a y=001b u=510c s=1ff2  dt=64
1428| edc1        STD   ,U++                cc=c4 a=00 b=00 dp=00 x=182a y=001b u=510e s=1ff2  dt=64
142a| ec81        LDD   ,X++                cc=c4 a=00 b=00 dp=00 x=182c y=001b u=510e s=1ff2  dt=64
142c| edc1        STD   ,U++                cc=c4 a=00 b=00 dp=00 x=182c y=001b u=5110 s=1ff2  dt=64
142e| ec81        LDD   ,X++                cc=c4 a=00 b=00 dp=00 x=182e y=001b u=5110 s=1ff2  dt=64
1430| edc1        STD   ,U++                cc=c4 a=00 b=00 dp=00 x=182e y=001b u=5112 s=1ff2  dt=64
1432| ec81        LDD   ,X++                cc=c4 a=00 b=00 dp=00 x=1830 y=001b u=5112 s=1ff2  dt=64
1434| edc1        STD   ,U++                cc=c4 a=00 b=00 dp=00 x=1830 y=001b u=5114 s=1ff2  dt=64
1436| 33c90098    LEAU  $0098,U             cc=c4 a=00 b=00 dp=00 x=1830 y=001b u=51ac s=1ff2  dt=64
143a| 313f        LEAY  -1,Y                cc=c0 a=00 b=00 dp=00 x=1830 y=001a u=51ac s=1ff2  dt=40
143c| 26e8        BNE   $1426               cc=c0 a=00 b=00 dp=00 x=1830 y=001a u=51ac s=1ff2  dt=24
1426| ec81        LDD   ,X++                cc=c4 a=00 b=00 dp=00 x=1832 y=001a u=51ac s=1ff2  dt=64
1428| edc1        STD   ,U++                cc=c4 a=00 b=00 dp=00 x=1832 y=001a u=51ae s=1ff2  dt=64
142a| ec81        LDD   ,X++                cc=c4 a=00 b=00 dp=00 x=1834 y=001a u=51ae s=1ff2  dt=64
142c| edc1        STD   ,U++                cc=c4 a=00 b=00 dp=00 x=1834 y=001a u=51b0 s=1ff2  dt=64
142e| ec81        LDD   ,X++                cc=c4 a=00 b=00 dp=00 x=1836 y=001a u=51b0 s=1ff2  dt=64
1430| edc1        STD   ,U++                cc=c4 a=00 b=00 dp=00 x=1836 y=001a u=51b2 s=1ff2  dt=64
1432| ec81        LDD   ,X++                cc=c4 a=00 b=00 dp=00 x=1838 y=001a u=51b2 s=1ff2  dt=64
1434| edc1        STD   ,U++                cc=c4 a=00 b=00 dp=00 x=1838 y=001a u=51b4 s=1ff2  dt=64
1436| 33c90098    LEAU  $0098,U             cc=c4 a=00 b=00 dp=00 x=1838 y=001a u=524c s=1ff2  dt=64
143a| 313f        LEAY  -1,Y                cc=c0 a=00 b=00 dp=00 x=1838 y=0019 u=524c s=1ff2  dt=40
143c| 26e8        BNE   $1426               cc=c0 a=00 b=00 dp=00 x=1838 y=0019 u=524c s=1ff2  dt=24
1426| ec81        LDD   ,X++                cc=c4 a=00 b=00 dp=00 x=183a y=0019 u=524c s=1ff2  dt=64
1428| edc1        STD   ,U++                cc=c4 a=00 b=00 dp=00 x=183a y=0019 u=524e s=1ff2  dt=64
142a| ec81        LDD   ,X++                cc=c4 a=00 b=00 dp=00 x=183c y=0019 u=524e s=1ff2  dt=64
142c| edc1        STD   ,U++                cc=c4 a=00 b=00 dp=00 x=183c y=0019 u=5250 s=1ff2  dt=64
142e| ec81        LDD   ,X++                cc=c8 a=b0 b=b0 dp=00 x=183e y=0019 u=5250 s=1ff2  dt=64
1430| edc1        STD   ,U++                cc=c8 a=b0 b=b0 dp=00 x=183e y=0019 u=5252 s=1ff2  dt=64
1432| ec81        LDD   ,X++                cc=c4 a=00 b=00 dp=00 x=1840 y=0019 u=5252 s=1ff2  dt=64
1434| edc1        STD   ,U++                cc=c4 a=00 b=00 dp=00 x=1840 y=0019 u=5254 s=1ff2  dt=64
1436| 33c90098    LEAU  $0098,U             cc=c4 a=00 b=00 dp=00 x=1840 y=0019 u=52ec s=1ff2  dt=64
143a| 313f        LEAY  -1,Y                cc=c0 a=00 b=00 dp=00 x=1840 y=0018 u=52ec s=1ff2  dt=40
143c| 26e8        BNE   $1426               cc=c0 a=00 b=00 dp=00 x=1840 y=0018 u=52ec s=1ff2  dt=24
1426| ec81        LDD   ,X++                cc=c4 a=00 b=00 dp=00 x=1842 y=0018 u=52ec s=1ff2  dt=64
1428| edc1        STD   ,U++                cc=c4 a=00 b=00 dp=00 x=1842 y=0018 u=52ee s=1ff2  dt=64
142a| ec81        LDD   ,X++                cc=c4 a=00 b=00 dp=00 x=1844 y=0018 u=52ee s=1ff2  dt=64
142c| edc1        STD   ,U++                cc=c4 a=00 b=00 dp=00 x=1844 y=0018 u=52f0 s=1ff2  dt=64
142e| ec81        LDD   ,X++                cc=c0 a=06 b=00 dp=00 x=1846 y=0018 u=52f0 s=1ff2  dt=64
1430| edc1        STD   ,U++                cc=c0 a=06 b=00 dp=00 x=1846 y=0018 u=52f2 s=1ff2  dt=64
1432| ec81        LDD   ,X++                cc=c4 a=00 b=00 dp=00 x=1848 y=0018 u=52f2 s=1ff2  dt=64
1434| edc1        STD   ,U++                cc=c4 a=00 b=00 dp=00 x=1848 y=0018 u=52f4 s=1ff2  dt=64
1436| 33c90098    LEAU  $0098,U             cc=c4 a=00 b=00 dp=00 x=1848 y=0018 u=538c s=1ff2  dt=64
143a| 313f        LEAY  -1,Y                cc=c0 a=00 b=00 dp=00 x=1848 y=0017 u=538c s=1ff2  dt=40
143c| 26e8        BNE   $1426               cc=c0 a=00 b=00 dp=00 x=1848 y=0017 u=538c s=1ff2  dt=24
1426| ec81        LDD   ,X++                cc=c4 a=00 b=00 dp=00 x=184a y=0017 u=538c s=1ff2  dt=64
1428| edc1        STD   ,U++                cc=c4 a=00 b=00 dp=00 x=184a y=0017 u=538e s=1ff2  dt=64
142a| ec81        LDD   ,X++                cc=c4 a=00 b=00 dp=00 x=184c y=0017 u=538e s=1ff2  dt=64
142c| edc1        STD   ,U++                cc=c4 a=00 b=00 dp=00 x=184c y=0017 u=5390 s=1ff2  dt=64
142e| ec81        LDD   ,X++                cc=c8 a=b0 b=b0 dp=00 x=184e y=0017 u=5390 s=1ff2  dt=64
1430| edc1        STD   ,U++                cc=c8 a=b0 b=b0 dp=00 x=184e y=0017 u=5392 s=1ff2  dt=64
1432| ec81        LDD   ,X++                cc=c4 a=00 b=00 dp=00 x=1850 y=0017 u=5392 s=1ff2  dt=64
1434| edc1        STD   ,U++                cc=c4 a=00 b=00 dp=00 x=1850 y=0017 u=5394 s=1ff2  dt=64
1436| 33c90098    LEAU  $0098,U             cc=c4 a=00 b=00 dp=00 x=1850 y=0017 u=542c s=1ff2  dt=64
143a| 313f        LEAY  -1,Y                cc=c0 a=00 b=00 dp=00 x=1850 y=0016 u=542c s=1ff2  dt=40
143c| 26e8        BNE   $1426               cc=c0 a=00 b=00 dp=00 x=1850 y=0016 u=542c s=1ff2  dt=24
1426| ec81        LDD   ,X++                cc=c4 a=00 b=00 dp=00 x=1852 y=0016 u=542c s=1ff2  dt=64
1428| edc1        STD   ,U++                cc=c4 a=00 b=00 dp=00 x=1852 y=0016 u=542e s=1ff2  dt=64
142a| ec81        LDD   ,X++                cc=c4 a=00 b=00 dp=00 x=1854 y=0016 u=542e s=1ff2  dt=64
142c| edc1        STD   ,U++                cc=c4 a=00 b=00 dp=00 x=1854 y=0016 u=5430 s=1ff2  dt=64
142e| ec81        LDD   ,X++                cc=c4 a=00 b=00 dp=00 x=1856 y=0016 u=5430 s=1ff2  dt=64
1430| edc1        STD   ,U++                cc=c4 a=00 b=00 dp=00 x=1856 y=0016 u=5432 s=1ff2  dt=64
1432| ec81        LDD   ,X++                cc=c4 a=00 b=00 dp=00 x=1858 y=0016 u=5432 s=1ff2  dt=64
1434| edc1        STD   ,U++                cc=c4 a=00 b=00 dp=00 x=1858 y=0016 u=5434 s=1ff2  dt=64
1436| 33c90098    LEAU  $0098,U             cc=c4 a=00 b=00 dp=00 x=1858 y=0016 u=54cc s=1ff2  dt=64
143a| 313f        LEAY  -1,Y                cc=c0 a=00 b=00 dp=00 x=1858 y=0015 u=54cc s=1ff2  dt=40
143c| 26e8        BNE   $1426               cc=c0 a=00 b=00 dp=00 x=1858 y=0015 u=54cc s=1ff2  dt=24
1426| ec81        LDD   ,X++                cc=c4 a=00 b=00 dp=00 x=185a y=0015 u=54cc s=1ff2  dt=64
1428| edc1        STD   ,U++                cc=c4 a=00 b=00 dp=00 x=185a y=0015 u=54ce s=1ff2  dt=64
142a| ec81        LDD   ,X++                cc=c4 a=00 b=00 dp=00 x=185c y=0015 u=54ce s=1ff2  dt=64
142c| edc1        STD   ,U++                cc=c4 a=00 b=00 dp=00 x=185c y=0015 u=54d0 s=1ff2  dt=64
142e| ec81        LDD   ,X++                cc=c4 a=00 b=00 dp=00 x=185e y=0015 u=54d0 s=1ff2  dt=64
1430| edc1        STD   ,U++                cc=c4 a=00 b=00 dp=00 x=185e y=0015 u=54d2 s=1ff2  dt=64
1432| ec81        LDD   ,X++                cc=c4 a=00 b=00 dp=00 x=1860 y=0015 u=54d2 s=1ff2  dt=64
1434| edc1        STD   ,U++                cc=c4 a=00 b=00 dp=00 x=1860 y=0015 u=54d4 s=1ff2  dt=64
1436| 33c90098    LEAU  $0098,U             cc=c4 a=00 b=00 dp=00 x=1860 y=0015 u=556c s=1ff2  dt=64
143a| 313f        LEAY  -1,Y                cc=c0 a=00 b=00 dp=00 x=1860 y=0014 u=556c s=1ff2  dt=40
143c| 26e8        BNE   $1426               cc=c0 a=00 b=00 dp=00 x=1860 y=0014 u=556c s=1ff2  dt=24
1426| ec81        LDD   ,X++                cc=c4 a=00 b=00 dp=00 x=1862 y=0014 u=556c s=1ff2  dt=64
1428| edc1        STD   ,U++                cc=c4 a=00 b=00 dp=00 x=1862 y=0014 u=556e s=1ff2  dt=64
142a| ec81        LDD   ,X++                cc=c4 a=00 b=00 dp=00 x=1864 y=0014 u=556e s=1ff2  dt=64
142c| edc1        STD   ,U++                cc=c4 a=00 b=00 dp=00 x=1864 y=0014 u=5570 s=1ff2  dt=64
142e| ec81        LDD   ,X++                cc=c4 a=00 b=00 dp=00 x=1866 y=0014 u=5570 s=1ff2  dt=64
1430| edc1        STD   ,U++                cc=c4 a=00 b=00 dp=00 x=1866 y=0014 u=5572 s=1ff2  dt=64
1432| ec81        LDD   ,X++                cc=c4 a=00 b=00 dp=00 x=1868 y=0014 u=5572 s=1ff2  dt=64
1434| edc1        STD   ,U++                cc=c4 a=00 b=00 dp=00 x=1868 y=0014 u=5574 s=1ff2  dt=64
1436| 33c90098    LEAU  $0098,U             cc=c4 a=00 b=00 dp=00 x=1868 y=0014 u=560c s=1ff2  dt=64
143a| 313f        LEAY  -1,Y                cc=c0 a=00 b=00 dp=00 x=1868 y=0013 u=560c s=1ff2  dt=40
143c| 26e8        BNE   $1426               cc=c0 a=00 b=00 dp=00 x=1868 y=0013 u=560c s=1ff2  dt=24
1426| ec81        LDD   ,X++                cc=c4 a=00 b=00 dp=00 x=186a y=0013 u=560c s=1ff2  dt=64
1428| edc1        STD   ,U++                cc=c4 a=00 b=00 dp=00 x=186a y=0013 u=560e s=1ff2  dt=64
142a| ec81        LDD   ,X++                cc=c4 a=00 b=00 dp=00 x=186c y=0013 u=560e s=1ff2  dt=64
142c| edc1        STD   ,U++                cc=c4 a=00 b=00 dp=00 x=186c y=0013 u=5610 s=1ff2  dt=64
142e| ec81        LDD   ,X++                cc=c4 a=00 b=00 dp=00 x=186e y=0013 u=5610 s=1ff2  dt=64
1430| edc1        STD   ,U++                cc=c4 a=00 b=00 dp=00 x=186e y=0013 u=5612 s=1ff2  dt=64
1432| ec81        LDD   ,X++                cc=c4 a=00 b=00 dp=00 x=1870 y=0013 u=5612 s=1ff2  dt=64
1434| edc1        STD   ,U++                cc=c4 a=00 b=00 dp=00 x=1870 y=0013 u=5614 s=1ff2  dt=64
1436| 33c90098    LEAU  $0098,U             cc=c4 a=00 b=00 dp=00 x=1870 y=0013 u=56ac s=1ff2  dt=64
143a| 313f        LEAY  -1,Y                cc=c0 a=00 b=00 dp=00 x=1870 y=0012 u=56ac s=1ff2  dt=40
143c| 26e8        BNE   $1426               cc=c0 a=00 b=00 dp=00 x=1870 y=0012 u=56ac s=1ff2  dt=24
1426| ec81        LDD   ,X++                cc=c4 a=00 b=00 dp=00 x=1872 y=0012 u=56ac s=1ff2  dt=64
1428| edc1        STD   ,U++                cc=c4 a=00 b=00 dp=00 x=1872 y=0012 u=56ae s=1ff2  dt=64
142a| ec81        LDD   ,X++                cc=c4 a=00 b=00 dp=00 x=1874 y=0012 u=56ae s=1ff2  dt=64
142c| edc1        STD   ,U++                cc=c4 a=00 b=00 dp=00 x=1874 y=0012 u=56b0 s=1ff2  dt=64
142e| ec81        LDD   ,X++                cc=c4 a=00 b=00 dp=00 x=1876 y=0012 u=56b0 s=1ff2  dt=64
1430| edc1        STD   ,U++                cc=c4 a=00 b=00 dp=00 x=1876 y=0012 u=56b2 s=1ff2  dt=64
1432| ec81        LDD   ,X++                cc=c4 a=00 b=00 dp=00 x=1878 y=0012 u=56b2 s=1ff2  dt=64
1434| edc1        STD   ,U++                cc=c4 a=00 b=00 dp=00 x=1878 y=0012 u=56b4 s=1ff2  dt=64
1436| 33c90098    LEAU  $0098,U             cc=c4 a=00 b=00 dp=00 x=1878 y=0012 u=574c s=1ff2  dt=64
143a| 313f        LEAY  -1,Y                cc=c0 a=00 b=00 dp=00 x=1878 y=0011 u=574c s=1ff2  dt=40
143c| 26e8        BNE   $1426               cc=c0 a=00 b=00 dp=00 x=1878 y=0011 u=574c s=1ff2  dt=24
1426| ec81        LDD   ,X++                cc=c0 a=44 b=00 dp=00 x=187a y=0011 u=574c s=1ff2  dt=64
1428| edc1        STD   ,U++                cc=c0 a=44 b=00 dp=00 x=187a y=0011 u=574e s=1ff2  dt=64
142a| ec81        LDD   ,X++                cc=c4 a=00 b=00 dp=00 x=187c y=0011 u=574e s=1ff2  dt=64
142c| edc1        STD   ,U++                cc=c4 a=00 b=00 dp=00 x=187c y=0011 u=5750 s=1ff2  dt=64
142e| ec81        LDD   ,X++                cc=c4 a=00 b=00 dp=00 x=187e y=0011 u=5750 s=1ff2  dt=64
1430| edc1        STD   ,U++                cc=c4 a=00 b=00 dp=00 x=187e y=0011 u=5752 s=1ff2  dt=64
1432| ec81        LDD   ,X++                cc=c4 a=00 b=00 dp=00 x=1880 y=0011 u=5752 s=1ff2  dt=64
1434| edc1        STD   ,U++                cc=c4 a=00 b=00 dp=00 x=1880 y=0011 u=5754 s=1ff2  dt=64
1436| 33c90098    LEAU  $0098,U             cc=c4 a=00 b=00 dp=00 x=1880 y=0011 u=57ec s=1ff2  dt=64
143a| 313f        LEAY  -1,Y                cc=c0 a=00 b=00 dp=00 x=1880 y=0010 u=57ec s=1ff2  dt=40
143c| 26e8        BNE   $1426               cc=c0 a=00 b=00 dp=00 x=1880 y=0010 u=57ec s=1ff2  dt=24
1426| ec81        LDD   ,X++                cc=c0 a=44 b=00 dp=00 x=1882 y=0010 u=57ec s=1ff2  dt=64
1428| edc1        STD   ,U++                cc=c0 a=44 b=00 dp=00 x=1882 y=0010 u=57ee s=1ff2  dt=64
142a| ec81        LDD   ,X++                cc=c0 a=00 b=cc dp=00 x=1884 y=0010 u=57ee s=1ff2  dt=64
142c| edc1        STD   ,U++                cc=c0 a=00 b=cc dp=00 x=1884 y=0010 u=57f0 s=1ff2  dt=64
142e| ec81        LDD   ,X++                cc=c0 a=00 b=cc dp=00 x=1886 y=0010 u=57f0 s=1ff2  dt=64
1430| edc1        STD   ,U++                cc=c0 a=00 b=cc dp=00 x=1886 y=0010 u=57f2 s=1ff2  dt=64
1432| ec81        LDD   ,X++                cc=c4 a=00 b=00 dp=00 x=1888 y=0010 u=57f2 s=1ff2  dt=64
1434| edc1        STD   ,U++                cc=c4 a=00 b=00 dp=00 x=1888 y=0010 u=57f4 s=1ff2  dt=64
1436| 33c90098    LEAU  $0098,U             cc=c4 a=00 b=00 dp=00 x=1888 y=0010 u=588c s=1ff2  dt=64
143a| 313f        LEAY  -1,Y                cc=c0 a=00 b=00 dp=00 x=1888 y=000f u=588c s=1ff2  dt=40
143c| 26e8        BNE   $1426               cc=c0 a=00 b=00 dp=00 x=1888 y=000f u=588c s=1ff2  dt=24
1426| ec81        LDD   ,X++                cc=c0 a=44 b=00 dp=00 x=188a y=000f u=588c s=1ff2  dt=64
1428| edc1        STD   ,U++                cc=c0 a=44 b=00 dp=00 x=188a y=000f u=588e s=1ff2  dt=64
142a| ec81        LDD   ,X++                cc=c0 a=0c b=00 dp=00 x=188c y=000f u=588e s=1ff2  dt=64
142c| edc1        STD   ,U++                cc=c0 a=0c b=00 dp=00 x=188c y=000f u=5890 s=1ff2  dt=64
142e| ec81        LDD   ,X++                cc=c4 a=00 b=00 dp=00 x=188e y=000f u=5890 s=1ff2  dt=64
1430| edc1        STD   ,U++                cc=c4 a=00 b=00 dp=00 x=188e y=000f u=5892 s=1ff2  dt=64
1432| ec81        LDD   ,X++                cc=c8 a=c0 b=00 dp=00 x=1890 y=000f u=5892 s=1ff2  dt=64
1434| edc1        STD   ,U++                cc=c8 a=c0 b=00 dp=00 x=1890 y=000f u=5894 s=1ff2  dt=64
1436| 33c90098    LEAU  $0098,U             cc=c8 a=c0 b=00 dp=00 x=1890 y=000f u=592c s=1ff2  dt=64
143a| 313f        LEAY  -1,Y                cc=c8 a=c0 b=00 dp=00 x=1890 y=000e u=592c s=1ff2  dt=40
143c| 26e8        BNE   $1426               cc=c8 a=c0 b=00 dp=00 x=1890 y=000e u=592c s=1ff2  dt=24
1426| ec81        LDD   ,X++                cc=c0 a=44 b=00 dp=00 x=1892 y=000e u=592c s=1ff2  dt=64
1428| edc1        STD   ,U++                cc=c0 a=44 b=00 dp=00 x=1892 y=000e u=592e s=1ff2  dt=64
142a| ec81        LDD   ,X++                cc=c0 a=0c b=0c dp=00 x=1894 y=000e u=592e s=1ff2  dt=64
142c| edc1        STD   ,U++                cc=c0 a=0c b=0c dp=00 x=1894 y=000e u=5930 s=1ff2  dt=64
142e| ec81        LDD   ,X++                cc=c0 a=00 b=c0 dp=00 x=1896 y=000e u=5930 s=1ff2  dt=64
1430| edc1        STD   ,U++                cc=c0 a=00 b=c0 dp=00 x=1896 y=000e u=5932 s=1ff2  dt=64
1432| ec81        LDD   ,X++                cc=c8 a=c0 b=00 dp=00 x=1898 y=000e u=5932 s=1ff2  dt=64
1434| edc1        STD   ,U++                cc=c8 a=c0 b=00 dp=00 x=1898 y=000e u=5934 s=1ff2  dt=64
1436| 33c90098    LEAU  $0098,U             cc=c8 a=c0 b=00 dp=00 x=1898 y=000e u=59cc s=1ff2  dt=64
143a| 313f        LEAY  -1,Y                cc=c8 a=c0 b=00 dp=00 x=1898 y=000d u=59cc s=1ff2  dt=40
143c| 26e8        BNE   $1426               cc=c8 a=c0 b=00 dp=00 x=1898 y=000d u=59cc s=1ff2  dt=24
1426| ec81        LDD   ,X++                cc=c0 a=44 b=05 dp=00 x=189a y=000d u=59cc s=1ff2  dt=64
1428| edc1        STD   ,U++                cc=c0 a=44 b=05 dp=00 x=189a y=000d u=59ce s=1ff2  dt=64
142a| ec81        LDD   ,X++                cc=c0 a=00 b=c0 dp=00 x=189c y=000d u=59ce s=1ff2  dt=64
142c| edc1        STD   ,U++                cc=c0 a=00 b=c0 dp=00 x=189c y=000d u=59d0 s=1ff2  dt=64
142e| ec81        LDD   ,X++                cc=c0 a=55 b=0c dp=00 x=189e y=000d u=59d0 s=1ff2  dt=64
1430| edc1        STD   ,U++                cc=c0 a=55 b=0c dp=00 x=189e y=000d u=59d2 s=1ff2  dt=64
1432| ec81        LDD   ,X++                cc=c8 a=c0 b=50 dp=00 x=18a0 y=000d u=59d2 s=1ff2  dt=64
1434| edc1        STD   ,U++                cc=c8 a=c0 b=50 dp=00 x=18a0 y=000d u=59d4 s=1ff2  dt=64
1436| 33c90098    LEAU  $0098,U             cc=c8 a=c0 b=50 dp=00 x=18a0 y=000d u=5a6c s=1ff2  dt=64
143a| 313f        LEAY  -1,Y                cc=c8 a=c0 b=50 dp=00 x=18a0 y=000c u=5a6c s=1ff2  dt=40
143c| 26e8        BNE   $1426               cc=c8 a=c0 b=50 dp=00 x=18a0 y=000c u=5a6c s=1ff2  dt=24
1426| ec81        LDD   ,X++                cc=c0 a=44 b=05 dp=00 x=18a2 y=000c u=5a6c s=1ff2  dt=64
1428| edc1        STD   ,U++                cc=c0 a=44 b=05 dp=00 x=18a2 y=000c u=5a6e s=1ff2  dt=64
142a| ec81        LDD   ,X++                cc=c0 a=00 b=25 dp=00 x=18a4 y=000c u=5a6e s=1ff2  dt=64
142c| edc1        STD   ,U++                cc=c0 a=00 b=25 dp=00 x=18a4 y=000c u=5a70 s=1ff2  dt=64
142e| ec81        LDD   ,X++                cc=c0 a=55 b=52 dp=00 x=18a6 y=000c u=5a70 s=1ff2  dt=64
1430| edc1        STD   ,U++                cc=c0 a=55 b=52 dp=00 x=18a6 y=000c u=5a72 s=1ff2  dt=64
1432| ec81        LDD   ,X++                cc=c0 a=00 b=50 dp=00 x=18a8 y=000c u=5a72 s=1ff2  dt=64
1434| edc1        STD   ,U++                cc=c0 a=00 b=50 dp=00 x=18a8 y=000c u=5a74 s=1ff2  dt=64
1436| 33c90098    LEAU  $0098,U             cc=c0 a=00 b=50 dp=00 x=18a8 y=000c u=5b0c s=1ff2  dt=64
143a| 313f        LEAY  -1,Y                cc=c0 a=00 b=50 dp=00 x=18a8 y=000b u=5b0c s=1ff2  dt=40
143c| 26e8        BNE   $1426               cc=c0 a=00 b=50 dp=00 x=18a8 y=000b u=5b0c s=1ff2  dt=24
1426| ec81        LDD   ,X++                cc=c0 a=44 b=05 dp=00 x=18aa y=000b u=5b0c s=1ff2  dt=64
1428| edc1        STD   ,U++                cc=c0 a=44 b=05 dp=00 x=18aa y=000b u=5b0e s=1ff2  dt=64
142a| ec81        LDD   ,X++                cc=c0 a=0c b=cc dp=00 x=18ac y=000b u=5b0e s=1ff2  dt=64
142c| edc1        STD   ,U++                cc=c0 a=0c b=cc dp=00 x=18ac y=000b u=5b10 s=1ff2  dt=64
142e| ec81        LDD   ,X++                cc=c8 a=cc b=cc dp=00 x=18ae y=000b u=5b10 s=1ff2  dt=64
1430| edc1        STD   ,U++                cc=c8 a=cc b=cc dp=00 x=18ae y=000b u=5b12 s=1ff2  dt=64
1432| ec81        LDD   ,X++                cc=c8 a=c0 b=50 dp=00 x=18b0 y=000b u=5b12 s=1ff2  dt=64
1434| edc1        STD   ,U++                cc=c8 a=c0 b=50 dp=00 x=18b0 y=000b u=5b14 s=1ff2  dt=64
1436| 33c90098    LEAU  $0098,U             cc=c8 a=c0 b=50 dp=00 x=18b0 y=000b u=5bac s=1ff2  dt=64
143a| 313f        LEAY  -1,Y                cc=c8 a=c0 b=50 dp=00 x=18b0 y=000a u=5bac s=1ff2  dt=40
143c| 26e8        BNE   $1426               cc=c8 a=c0 b=50 dp=00 x=18b0 y=000a u=5bac s=1ff2  dt=24
1426| ec81        LDD   ,X++                cc=c0 a=44 b=00 dp=00 x=18b2 y=000a u=5bac s=1ff2  dt=64
1428| edc1        STD   ,U++                cc=c0 a=44 b=00 dp=00 x=18b2 y=000a u=5bae s=1ff2  dt=64
142a| ec81        LDD   ,X++                cc=c8 a=cc b=cc dp=00 x=18b4 y=000a u=5bae s=1ff2  dt=64
142c| edc1        STD   ,U++                cc=c8 a=cc b=cc dp=00 x=18b4 y=000a u=5bb0 s=1ff2  dt=64
142e| ec81        LDD   ,X++                cc=c8 a=cc b=cc dp=00 x=18b6 y=000a u=5bb0 s=1ff2  dt=64
1430| edc1        STD   ,U++                cc=c8 a=cc b=cc dp=00 x=18b6 y=000a u=5bb2 s=1ff2  dt=64
1432| ec81        LDD   ,X++                cc=c8 a=cc b=00 dp=00 x=18b8 y=000a u=5bb2 s=1ff2  dt=64
1434| edc1        STD   ,U++                cc=c8 a=cc b=00 dp=00 x=18b8 y=000a u=5bb4 s=1ff2  dt=64
1436| 33c90098    LEAU  $0098,U             cc=c8 a=cc b=00 dp=00 x=18b8 y=000a u=5c4c s=1ff2  dt=64
143a| 313f        LEAY  -1,Y                cc=c8 a=cc b=00 dp=00 x=18b8 y=0009 u=5c4c s=1ff2  dt=40
143c| 26e8        BNE   $1426               cc=c8 a=cc b=00 dp=00 x=18b8 y=0009 u=5c4c s=1ff2  dt=24
1426| ec81        LDD   ,X++                cc=c0 a=44 b=0c dp=00 x=18ba y=0009 u=5c4c s=1ff2  dt=64
1428| edc1        STD   ,U++                cc=c0 a=44 b=0c dp=00 x=18ba y=0009 u=5c4e s=1ff2  dt=64
142a| ec81        LDD   ,X++                cc=c8 a=cc b=c2 dp=00 x=18bc y=0009 u=5c4e s=1ff2  dt=64
142c| edc1        STD   ,U++                cc=c8 a=cc b=c2 dp=00 x=18bc y=0009 u=5c50 s=1ff2  dt=64
142e| ec81        LDD   ,X++                cc=c8 a=cc b=2c dp=00 x=18be y=0009 u=5c50 s=1ff2  dt=64
1430| edc1        STD   ,U++                cc=c8 a=cc b=2c dp=00 x=18be y=0009 u=5c52 s=1ff2  dt=64
1432| ec81        LDD   ,X++                cc=c8 a=cc b=c0 dp=00 x=18c0 y=0009 u=5c52 s=1ff2  dt=64
1434| edc1        STD   ,U++                cc=c8 a=cc b=c0 dp=00 x=18c0 y=0009 u=5c54 s=1ff2  dt=64
1436| 33c90098    LEAU  $0098,U             cc=c8 a=cc b=c0 dp=00 x=18c0 y=0009 u=5cec s=1ff2  dt=64
143a| 313f        LEAY  -1,Y                cc=c8 a=cc b=c0 dp=00 x=18c0 y=0008 u=5cec s=1ff2  dt=40
143c| 26e8        BNE   $1426               cc=c8 a=cc b=c0 dp=00 x=18c0 y=0008 u=5cec s=1ff2  dt=24
1426| ec81        LDD   ,X++                cc=c0 a=44 b=0c dp=00 x=18c2 y=0008 u=5cec s=1ff2  dt=64
1428| edc1        STD   ,U++                cc=c0 a=44 b=0c dp=00 x=18c2 y=0008 u=5cee s=1ff2  dt=64
142a| ec81        LDD   ,X++                cc=c8 a=cc b=cc dp=00 x=18c4 y=0008 u=5cee s=1ff2  dt=64
142c| edc1        STD   ,U++                cc=c8 a=cc b=cc dp=00 x=18c4 y=0008 u=5cf0 s=1ff2  dt=64
142e| ec81        LDD   ,X++                cc=c8 a=cc b=cc dp=00 x=18c6 y=0008 u=5cf0 s=1ff2  dt=64
1430| edc1        STD   ,U++                cc=c8 a=cc b=cc dp=00 x=18c6 y=0008 u=5cf2 s=1ff2  dt=64
1432| ec81        LDD   ,X++                cc=c8 a=cc b=c0 dp=00 x=18c8 y=0008 u=5cf2 s=1ff2  dt=64
1434| edc1        STD   ,U++                cc=c8 a=cc b=c0 dp=00 x=18c8 y=0008 u=5cf4 s=1ff2  dt=64
1436| 33c90098    LEAU  $0098,U             cc=c8 a=cc b=c0 dp=00 x=18c8 y=0008 u=5d8c s=1ff2  dt=64
143a| 313f        LEAY  -1,Y                cc=c8 a=cc b=c0 dp=00 x=18c8 y=0007 u=5d8c s=1ff2  dt=40
143c| 26e8        BNE   $1426               cc=c8 a=cc b=c0 dp=00 x=18c8 y=0007 u=5d8c s=1ff2  dt=24
1426| ec81        LDD   ,X++                cc=c0 a=44 b=0c dp=00 x=18ca y=0007 u=5d8c s=1ff2  dt=64
1428| edc1        STD   ,U++                cc=c0 a=44 b=0c dp=00 x=18ca y=0007 u=5d8e s=1ff2  dt=64
142a| ec81        LDD   ,X++                cc=c8 a=cc b=c2 dp=00 x=18cc y=0007 u=5d8e s=1ff2  dt=64
142c| edc1        STD   ,U++                cc=c8 a=cc b=c2 dp=00 x=18cc y=0007 u=5d90 s=1ff2  dt=64
142e| ec81        LDD   ,X++                cc=c8 a=cc b=2c dp=00 x=18ce y=0007 u=5d90 s=1ff2  dt=64
1430| edc1        STD   ,U++                cc=c8 a=cc b=2c dp=00 x=18ce y=0007 u=5d92 s=1ff2  dt=64
1432| ec81        LDD   ,X++                cc=c8 a=cc b=c0 dp=00 x=18d0 y=0007 u=5d92 s=1ff2  dt=64
1434| edc1        STD   ,U++                cc=c8 a=cc b=c0 dp=00 x=18d0 y=0007 u=5d94 s=1ff2  dt=64
1436| 33c90098    LEAU  $0098,U             cc=c8 a=cc b=c0 dp=00 x=18d0 y=0007 u=5e2c s=1ff2  dt=64
143a| 313f        LEAY  -1,Y                cc=c8 a=cc b=c0 dp=00 x=18d0 y=0006 u=5e2c s=1ff2  dt=40
143c| 26e8        BNE   $1426               cc=c8 a=cc b=c0 dp=00 x=18d0 y=0006 u=5e2c s=1ff2  dt=24
1426| ec81        LDD   ,X++                cc=c0 a=44 b=0c dp=00 x=18d2 y=0006 u=5e2c s=1ff2  dt=64
1428| edc1        STD   ,U++                cc=c0 a=44 b=0c dp=00 x=18d2 y=0006 u=5e2e s=1ff2  dt=64
142a| ec81        LDD   ,X++                cc=c8 a=cc b=cc dp=00 x=18d4 y=0006 u=5e2e s=1ff2  dt=64
142c| edc1        STD   ,U++                cc=c8 a=cc b=cc dp=00 x=18d4 y=0006 u=5e30 s=1ff2  dt=64
142e| ec81        LDD   ,X++                cc=c8 a=cc b=cc dp=00 x=18d6 y=0006 u=5e30 s=1ff2  dt=64
1430| edc1        STD   ,U++                cc=c8 a=cc b=cc dp=00 x=18d6 y=0006 u=5e32 s=1ff2  dt=64
1432| ec81        LDD   ,X++                cc=c8 a=cc b=c0 dp=00 x=18d8 y=0006 u=5e32 s=1ff2  dt=64
1434| edc1        STD   ,U++                cc=c8 a=cc b=c0 dp=00 x=18d8 y=0006 u=5e34 s=1ff2  dt=64
1436| 33c90098    LEAU  $0098,U             cc=c8 a=cc b=c0 dp=00 x=18d8 y=0006 u=5ecc s=1ff2  dt=64
143a| 313f        LEAY  -1,Y                cc=c8 a=cc b=c0 dp=00 x=18d8 y=0005 u=5ecc s=1ff2  dt=40
143c| 26e8        BNE   $1426               cc=c8 a=cc b=c0 dp=00 x=18d8 y=0005 u=5ecc s=1ff2  dt=24
1426| ec81        LDD   ,X++                cc=c0 a=44 b=05 dp=00 x=18da y=0005 u=5ecc s=1ff2  dt=64
1428| edc1        STD   ,U++                cc=c0 a=44 b=05 dp=00 x=18da y=0005 u=5ece s=1ff2  dt=64
142a| ec81        LDD   ,X++                cc=c8 a=cc b=c2 dp=00 x=18dc y=0005 u=5ece s=1ff2  dt=64
142c| edc1        STD   ,U++                cc=c8 a=cc b=c2 dp=00 x=18dc y=0005 u=5ed0 s=1ff2  dt=64
142e| ec81        LDD   ,X++                cc=c8 a=cc b=2c dp=00 x=18de y=0005 u=5ed0 s=1ff2  dt=64
1430| edc1        STD   ,U++                cc=c8 a=cc b=2c dp=00 x=18de y=0005 u=5ed2 s=1ff2  dt=64
1432| ec81        LDD   ,X++                cc=c8 a=cc b=50 dp=00 x=18e0 y=0005 u=5ed2 s=1ff2  dt=64
1434| edc1        STD   ,U++                cc=c8 a=cc b=50 dp=00 x=18e0 y=0005 u=5ed4 s=1ff2  dt=64
1436| 33c90098    LEAU  $0098,U             cc=c8 a=cc b=50 dp=00 x=18e0 y=0005 u=5f6c s=1ff2  dt=64
143a| 313f        LEAY  -1,Y                cc=c8 a=cc b=50 dp=00 x=18e0 y=0004 u=5f6c s=1ff2  dt=40
143c| 26e8        BNE   $1426               cc=c8 a=cc b=50 dp=00 x=18e0 y=0004 u=5f6c s=1ff2  dt=24
1426| ec81        LDD   ,X++                cc=c0 a=44 b=05 dp=00 x=18e2 y=0004 u=5f6c s=1ff2  dt=64
1428| edc1        STD   ,U++                cc=c0 a=44 b=05 dp=00 x=18e2 y=0004 u=5f6e s=1ff2  dt=64
142a| ec81        LDD   ,X++                cc=c8 a=cc b=cc dp=00 x=18e4 y=0004 u=5f6e s=1ff2  dt=64
142c| edc1        STD   ,U++                cc=c8 a=cc b=cc dp=00 x=18e4 y=0004 u=5f70 s=1ff2  dt=64
142e| ec81        LDD   ,X++                cc=c8 a=cc b=cc dp=00 x=18e6 y=0004 u=5f70 s=1ff2  dt=64
1430| edc1        STD   ,U++                cc=c8 a=cc b=cc dp=00 x=18e6 y=0004 u=5f72 s=1ff2  dt=64
1432| ec81        LDD   ,X++                cc=c8 a=cc b=50 dp=00 x=18e8 y=0004 u=5f72 s=1ff2  dt=64
1434| edc1        STD   ,U++                cc=c8 a=cc b=50 dp=00 x=18e8 y=0004 u=5f74 s=1ff2  dt=64
1436| 33c90098    LEAU  $0098,U             cc=c8 a=cc b=50 dp=00 x=18e8 y=0004 u=600c s=1ff2  dt=64
143a| 313f        LEAY  -1,Y                cc=c8 a=cc b=50 dp=00 x=18e8 y=0003 u=600c s=1ff2  dt=40
143c| 26e8        BNE   $1426               cc=c8 a=cc b=50 dp=00 x=18e8 y=0003 u=600c s=1ff2  dt=24
1426| ec81        LDD   ,X++                cc=c0 a=44 b=00 dp=00 x=18ea y=0003 u=600c s=1ff2  dt=64
1428| edc1        STD   ,U++                cc=c0 a=44 b=00 dp=00 x=18ea y=0003 u=600e s=1ff2  dt=64
142a| ec81        LDD   ,X++                cc=c0 a=0c b=c2 dp=00 x=18ec y=0003 u=600e s=1ff2  dt=64
142c| edc1        STD   ,U++                cc=c0 a=0c b=c2 dp=00 x=18ec y=0003 u=6010 s=1ff2  dt=64
142e| ec81        LDD   ,X++                cc=c8 a=cc b=2c dp=00 x=18ee y=0003 u=6010 s=1ff2  dt=64
1430| edc1        STD   ,U++                cc=c8 a=cc b=2c dp=00 x=18ee y=0003 u=6012 s=1ff2  dt=64
1432| ec81        LDD   ,X++                cc=c8 a=c0 b=00 dp=00 x=18f0 y=0003 u=6012 s=1ff2  dt=64
1434| edc1        STD   ,U++                cc=c8 a=c0 b=00 dp=00 x=18f0 y=0003 u=6014 s=1ff2  dt=64
1436| 33c90098    LEAU  $0098,U             cc=c8 a=c0 b=00 dp=00 x=18f0 y=0003 u=60ac s=1ff2  dt=64
143a| 313f        LEAY  -1,Y                cc=c8 a=c0 b=00 dp=00 x=18f0 y=0002 u=60ac s=1ff2  dt=40
143c| 26e8        BNE   $1426               cc=c8 a=c0 b=00 dp=00 x=18f0 y=0002 u=60ac s=1ff2  dt=24
1426| ec81        LDD   ,X++                cc=c0 a=44 b=00 dp=00 x=18f2 y=0002 u=60ac s=1ff2  dt=64
1428| edc1        STD   ,U++                cc=c0 a=44 b=00 dp=00 x=18f2 y=0002 u=60ae s=1ff2  dt=64
142a| ec81        LDD   ,X++                cc=c0 a=00 b=0c dp=00 x=18f4 y=0002 u=60ae s=1ff2  dt=64
142c| edc1        STD   ,U++                cc=c0 a=00 b=0c dp=00 x=18f4 y=0002 u=60b0 s=1ff2  dt=64
142e| ec81        LDD   ,X++                cc=c8 a=cc b=c0 dp=00 x=18f6 y=0002 u=60b0 s=1ff2  dt=64
1430| edc1        STD   ,U++                cc=c8 a=cc b=c0 dp=00 x=18f6 y=0002 u=60b2 s=1ff2  dt=64
1432| ec81        LDD   ,X++                cc=c4 a=00 b=00 dp=00 x=18f8 y=0002 u=60b2 s=1ff2  dt=64
1434| edc1        STD   ,U++                cc=c4 a=00 b=00 dp=00 x=18f8 y=0002 u=60b4 s=1ff2  dt=64
1436| 33c90098    LEAU  $0098,U             cc=c4 a=00 b=00 dp=00 x=18f8 y=0002 u=614c s=1ff2  dt=64
143a| 313f        LEAY  -1,Y                cc=c0 a=00 b=00 dp=00 x=18f8 y=0001 u=614c s=1ff2  dt=40
143c| 26e8        BNE   $1426               cc=c0 a=00 b=00 dp=00 x=18f8 y=0001 u=614c s=1ff2  dt=24
1426| ec81        LDD   ,X++                cc=c0 a=44 b=44 dp=00 x=18fa y=0001 u=614c s=1ff2  dt=64
1428| edc1        STD   ,U++                cc=c0 a=44 b=44 dp=00 x=18fa y=0001 u=614e s=1ff2  dt=64
142a| ec81        LDD   ,X++                cc=c0 a=44 b=44 dp=00 x=18fc y=0001 u=614e s=1ff2  dt=64
142c| edc1        STD   ,U++                cc=c0 a=44 b=44 dp=00 x=18fc y=0001 u=6150 s=1ff2  dt=64
142e| ec81        LDD   ,X++                cc=c0 a=44 b=44 dp=00 x=18fe y=0001 u=6150 s=1ff2  dt=64
1430| edc1        STD   ,U++                cc=c0 a=44 b=44 dp=00 x=18fe y=0001 u=6152 s=1ff2  dt=64
1432| ec81        LDD   ,X++                cc=c0 a=44 b=44 dp=00 x=1900 y=0001 u=6152 s=1ff2  dt=64
1434| edc1        STD   ,U++                cc=c0 a=44 b=44 dp=00 x=1900 y=0001 u=6154 s=1ff2  dt=64
1436| 33c90098    LEAU  $0098,U             cc=c0 a=44 b=44 dp=00 x=1900 y=0001 u=61ec s=1ff2  dt=64
143a| 313f        LEAY  -1,Y                cc=c4 a=44 b=44 dp=00 x=1900 y=0000 u=61ec s=1ff2  dt=40
143c| 26e8        BNE   $1426               cc=c4 a=44 b=44 dp=00 x=1900 y=0000 u=61ec s=1ff2  dt=24
143e| 39          RTS                       cc=c4 a=44 b=44 dp=00 x=1900 y=0000 u=61ec s=1ff4  dt=40
0a16| 0f60        CLR   <$60                cc=c4 a=44 b=44 dp=00 x=1900 y=0000 u=61ec s=1ff4  dt=48
0a18| 0f87        CLR   <$87                cc=c4 a=44 b=44 dp=00 x=1900 y=0000 u=61ec s=1ff4  dt=48
0a1a| 39          RTS                       cc=c4 a=44 b=44 dp=00 x=1900 y=0000 u=61ec s=1ff6  dt=40
0b2e| 967f        LDA   <$7f                cc=c0 a=01 b=44 dp=00 x=1900 y=0000 u=61ec s=1ff6  dt=32
0b30| 8502        BITA  #$02                cc=c4 a=01 b=44 dp=00 x=1900 y=0000 u=61ec s=1ff6  dt=16
0b32| 2703        BEQ   $0b37               cc=c4 a=01 b=44 dp=00 x=1900 y=0000 u=61ec s=1ff6  dt=24
0b37| 967f        LDA   <$7f                cc=c0 a=01 b=44 dp=00 x=1900 y=0000 u=61ec s=1ff6  dt=32
0b39| 8504        BITA  #$04                cc=c4 a=01 b=44 dp=00 x=1900 y=0000 u=61ec s=1ff6  dt=16
0b3b| 2703        BEQ   $0b40               cc=c4 a=01 b=44 dp=00 x=1900 y=0000 u=61ec s=1ff6  dt=24
0b40| 967f        LDA   <$7f                cc=c0 a=01 b=44 dp=00 x=1900 y=0000 u=61ec s=1ff6  dt=32
0b42| 8510        BITA  #$10                cc=c4 a=01 b=44 dp=00 x=1900 y=0000 u=61ec s=1ff6  dt=16
0b44| 2716        BEQ   $0b5c               cc=c4 a=01 b=44 dp=00 x=1900 y=0000 u=61ec s=1ff6  dt=24
0b5c| 9680        LDA   <$80                cc=c4 a=00 b=44 dp=00 x=1900 y=0000 u=61ec s=1ff6  dt=32
0b5e| 8508        BITA  #$08                cc=c4 a=00 b=44 dp=00 x=1900 y=0000 u=61ec s=1ff6  dt=16
0b60| 2703        BEQ   $0b65               cc=c4 a=00 b=44 dp=00 x=1900 y=0000 u=61ec s=1ff6  dt=24
0b65| 9680        LDA   <$80                cc=c4 a=00 b=44 dp=00 x=1900 y=0000 u=61ec s=1ff6  dt=32
0b67| 8502        BITA  #$02                cc=c4 a=00 b=44 dp=00 x=1900 y=0000 u=61ec s=1ff6  dt=16
0b69| 2703        BEQ   $0b6e               cc=c4 a=00 b=44 dp=00 x=1900 y=0000 u=61ec s=1ff6  dt=24
0b6e| 9680        LDA   <$80                cc=c4 a=00 b=44 dp=00 x=1900 y=0000 u=61ec s=1ff6  dt=32
0b70| 8504        BITA  #$04                cc=c4 a=00 b=44 dp=00 x=1900 y=0000 u=61ec s=1ff6  dt=16
0b72| 270f        BEQ   $0b83               cc=c4 a=00 b=44 dp=00 x=1900 y=0000 u=61ec s=1ff6  dt=24
0b83| 9688        LDA   <$88                cc=c4 a=00 b=44 dp=00 x=1900 y=0000 u=61ec s=1ff6  dt=32
0b85| 271a        BEQ   $0ba1               cc=c4 a=00 b=44 dp=00 x=1900 y=0000 u=61ec s=1ff6  dt=24
0ba1| 39          RTS                       cc=c4 a=00 b=44 dp=00 x=1900 y=0000 u=61ec s=1ff8  dt=40
0b02| 17012c      LBSR  $0c31               cc=c4 a=00 b=44 dp=00 x=1900 y=0000 u=61ec s=1ff6  dt=72
0c31| 8ea470      LDX   #$a470              cc=c8 a=00 b=44 dp=00 x=a470 y=0000 u=61ec s=1ff6  dt=24
0c34| 8604        LDA   #$04                cc=c0 a=04 b=44 dp=00 x=a470 y=0000 u=61ec s=1ff6  dt=16
0c36| 975d        STA   <$5d                cc=c0 a=04 b=44 dp=00 x=a470 y=0000 u=61ec s=1ff6  dt=32
0c38| 6d84        TST   ,X                  cc=c0 a=04 b=44 dp=00 x=a470 y=0000 u=61ec s=1ff6  dt=48
0c3a| 2715        BEQ   $0c51               cc=c0 a=04 b=44 dp=00 x=a470 y=0000 u=61ec s=1ff6  dt=24
0c3c| 6d06        TST   6,X                 cc=c0 a=04 b=44 dp=00 x=a470 y=0000 u=61ec s=1ff6  dt=56
0c3e| 2606        BNE   $0c46               cc=c0 a=04 b=44 dp=00 x=a470 y=0000 u=61ec s=1ff6  dt=24
0c46| 3410        PSHS  X                   cc=c0 a=04 b=44 dp=00 x=a470 y=0000 u=61ec s=1ff4  dt=56
0c48| 170459      LBSR  $10a4               cc=c0 a=04 b=44 dp=00 x=a470 y=0000 u=61ec s=1ff2  dt=72
10a4| 0d9b        TST   <$9b                cc=c0 a=04 b=44 dp=00 x=a470 y=0000 u=61ec s=1ff2  dt=48
10a6| 2633        BNE   $10db               cc=c0 a=04 b=44 dp=00 x=a470 y=0000 u=61ec s=1ff2  dt=24
10db| 3410        PSHS  X                   cc=c0 a=04 b=44 dp=00 x=a470 y=0000 u=61ec s=1ff0  dt=56
10dd| 17ffba      LBSR  $109a               cc=c0 a=04 b=44 dp=00 x=a470 y=0000 u=61ec s=1fee  dt=72
109a| 8604        LDA   #$04                cc=c0 a=04 b=44 dp=00 x=a470 y=0000 u=61ec s=1fee  dt=16
109c| 905d        SUBA  <$5d                cc=c4 a=00 b=44 dp=00 x=a470 y=0000 u=61ec s=1fee  dt=32
109e| cea898      LDU   #$a898              cc=c8 a=00 b=44 dp=00 x=a470 y=0000 u=a898 s=1fee  dt=24
10a1| 33c6        LEAU  A,U                 cc=c8 a=00 b=44 dp=00 x=a470 y=0000 u=a898 s=1fee  dt=40
10a3| 39          RTS                       cc=c8 a=00 b=44 dp=00 x=a470 y=0000 u=a898 s=1ff0  dt=40
10e0| 6fc4        CLR   ,U                  cc=c4 a=00 b=44 dp=00 x=a470 y=0000 u=a898 s=1ff0  dt=48
10e2| 3510        PULS  X                   cc=c4 a=00 b=44 dp=00 x=a470 y=0000 u=a898 s=1ff2  dt=56
10e4| 3410        PSHS  X                   cc=c4 a=00 b=44 dp=00 x=a470 y=0000 u=a898 s=1ff0  dt=56
10e6| ae01        LDX   1,X                 cc=c0 a=00 b=44 dp=00 x=2fce y=0000 u=a898 s=1ff0  dt=48
10e8| 17ff99      LBSR  $1084               cc=c0 a=00 b=44 dp=00 x=2fce y=0000 u=a898 s=1fee  dt=72
1084| 8604        LDA   #$04                cc=c0 a=04 b=44 dp=00 x=2fce y=0000 u=a898 s=1fee  dt=16
1086| 905d        SUBA  <$5d                cc=c4 a=00 b=44 dp=00 x=2fce y=0000 u=a898 s=1fee  dt=32
1088| c680        LDB   #$80                cc=c8 a=00 b=80 dp=00 x=2fce y=0000 u=a898 s=1fee  dt=16
108a| 3d          MUL                       cc=cc a=00 b=00 dp=00 x=2fce y=0000 u=a898 s=1fee  dt=88
108b| 0d90        TST   <$90                cc=c4 a=00 b=00 dp=00 x=2fce y=0000 u=a898 s=1fee  dt=48
108d| 2605        BNE   $1094               cc=c4 a=00 b=00 dp=00 x=2fce y=0000 u=a898 s=1fee  dt=24
108f| c3a690      ADDD  #$a690              cc=c8 a=a6 b=90 dp=00 x=2fce y=0000 u=a898 s=1fee  dt=32
1092| 2003        BRA   $1097               cc=c8 a=a6 b=90 dp=00 x=2fce y=0000 u=a898 s=1fee  dt=24
1097| 1f03        TFR   D,U                 cc=c8 a=a6 b=90 dp=00 x=2fce y=0000 u=a690 s=1fee  dt=48
1099| 39          RTS                       cc=c8 a=a6 b=90 dp=00 x=2fce y=0000 u=a690 s=1ff0  dt=40
10eb| 1702a1      LBSR  $138f               cc=c8 a=a6 b=90 dp=00 x=2fce y=0000 u=a690 s=1fee  dt=72
138f| 108e0010    LDY   #$0010              cc=c0 a=a6 b=90 dp=00 x=2fce y=0010 u=a690 s=1fee  dt=32
1393| ec81        LDD   ,X++                cc=c0 a=44 b=44 dp=00 x=2fd0 y=0010 u=a690 s=1fee  dt=64
1395| edc1        STD   ,U++                cc=c0 a=44 b=44 dp=00 x=2fd0 y=0010 u=a692 s=1fee  dt=64
1397| ec81        LDD   ,X++                cc=c0 a=44 b=00 dp=00 x=2fd2 y=0010 u=a692 s=1fee  dt=64
1399| edc1        STD   ,U++                cc=c0 a=44 b=00 dp=00 x=2fd2 y=0010 u=a694 s=1fee  dt=64
139b| ec81        LDD   ,X++                cc=c4 a=00 b=00 dp=00 x=2fd4 y=0010 u=a694 s=1fee  dt=64
139d| edc1        STD   ,U++                cc=c4 a=00 b=00 dp=00 x=2fd4 y=0010 u=a696 s=1fee  dt=64
139f| ec81        LDD   ,X++                cc=c0 a=44 b=95 dp=00 x=2fd6 y=0010 u=a696 s=1fee  dt=64
13a1| edc1        STD   ,U++                cc=c0 a=44 b=95 dp=00 x=2fd6 y=0010 u=a698 s=1fee  dt=64
13a3| 30890098    LEAX  $0098,X             cc=c0 a=44 b=95 dp=00 x=306e y=0010 u=a698 s=1fee  dt=64
13a7| 313f        LEAY  -1,Y                cc=c0 a=44 b=95 dp=00 x=306e y=000f u=a698 s=1fee  dt=40
13a9| 26e8        BNE   $1393               cc=c0 a=44 b=95 dp=00 x=306e y=000f u=a698 s=1fee  dt=24
1393| ec81        LDD   ,X++                cc=c4 a=00 b=00 dp=00 x=3070 y=000f u=a698 s=1fee  dt=64
1395| edc1        STD   ,U++                cc=c4 a=00 b=00 dp=00 x=3070 y=000f u=a69a s=1fee  dt=64
1397| ec81        LDD   ,X++                cc=c4 a=00 b=00 dp=00 x=3072 y=000f u=a69a s=1fee  dt=64
1399| edc1        STD   ,U++                cc=c4 a=00 b=00 dp=00 x=3072 y=000f u=a69c s=1fee  dt=64
139b| ec81        LDD   ,X++                cc=c4 a=00 b=00 dp=00 x=3074 y=000f u=a69c s=1fee  dt=64
139d| edc1        STD   ,U++                cc=c4 a=00 b=00 dp=00 x=3074 y=000f u=a69e s=1fee  dt=64
139f| ec81        LDD   ,X++                cc=c4 a=00 b=00 dp=00 x=3076 y=000f u=a69e s=1fee  dt=64
13a1| edc1        STD   ,U++                cc=c4 a=00 b=00 dp=00 x=3076 y=000f u=a6a0 s=1fee  dt=64
13a3| 30890098    LEAX  $0098,X             cc=c0 a=00 b=00 dp=00 x=310e y=000f u=a6a0 s=1fee  dt=64
13a7| 313f        LEAY  -1,Y                cc=c0 a=00 b=00 dp=00 x=310e y=000e u=a6a0 s=1fee  dt=40
13a9| 26e8        BNE   $1393               cc=c0 a=00 b=00 dp=00 x=310e y=000e u=a6a0 s=1fee  dt=24
1393| ec81        LDD   ,X++                cc=c4 a=00 b=00 dp=00 x=3110 y=000e u=a6a0 s=1fee  dt=64
1395| edc1        STD   ,U++                cc=c4 a=00 b=00 dp=00 x=3110 y=000e u=a6a2 s=1fee  dt=64
1397| ec81        LDD   ,X++                cc=c4 a=00 b=00 dp=00 x=3112 y=000e u=a6a2 s=1fee  dt=64
1399| edc1        STD   ,U++                cc=c4 a=00 b=00 dp=00 x=3112 y=000e u=a6a4 s=1fee  dt=64
139b| ec81        LDD   ,X++                cc=c4 a=00 b=00 dp=00 x=3114 y=000e u=a6a4 s=1fee  dt=64
139d| edc1        STD   ,U++                cc=c4 a=00 b=00 dp=00 x=3114 y=000e u=a6a6 s=1fee  dt=64
139f| ec81        LDD   ,X++                cc=c4 a=00 b=00 dp=00 x=3116 y=000e u=a6a6 s=1fee  dt=64
13a1| edc1        STD   ,U++                cc=c4 a=00 b=00 dp=00 x=3116 y=000e u=a6a8 s=1fee  dt=64
13a3| 30890098    LEAX  $0098,X             cc=c0 a=00 b=00 dp=00 x=31ae y=000e u=a6a8 s=1fee  dt=64
13a7| 313f        LEAY  -1,Y                cc=c0 a=00 b=00 dp=00 x=31ae y=000d u=a6a8 s=1fee  dt=40
13a9| 26e8        BNE   $1393               cc=c0 a=00 b=00 dp=00 x=31ae y=000d u=a6a8 s=1fee  dt=24
1393| ec81        LDD   ,X++                cc=c4 a=00 b=00 dp=00 x=31b0 y=000d u=a6a8 s=1fee  dt=64
1395| edc1        STD   ,U++                cc=c4 a=00 b=00 dp=00 x=31b0 y=000d u=a6aa s=1fee  dt=64
1397| ec81        LDD   ,X++                cc=c4 a=00 b=00 dp=00 x=31b2 y=000d u=a6aa s=1fee  dt=64
1399| edc1        STD   ,U++                cc=c4 a=00 b=00 dp=00 x=31b2 y=000d u=a6ac s=1fee  dt=64
139b| ec81        LDD   ,X++                cc=c4 a=00 b=00 dp=00 x=31b4 y=000d u=a6ac s=1fee  dt=64
139d| edc1        STD   ,U++                cc=c4 a=00 b=00 dp=00 x=31b4 y=000d u=a6ae s=1fee  dt=64
139f| ec81        LDD   ,X++                cc=c4 a=00 b=00 dp=00 x=31b6 y=000d u=a6ae s=1fee  dt=64
13a1| edc1        STD   ,U++                cc=c4 a=00 b=00 dp=00 x=31b6 y=000d u=a6b0 s=1fee  dt=64
13a3| 30890098    LEAX  $0098,X             cc=c0 a=00 b=00 dp=00 x=324e y=000d u=a6b0 s=1fee  dt=64
13a7| 313f        LEAY  -1,Y                cc=c0 a=00 b=00 dp=00 x=324e y=000c u=a6b0 s=1fee  dt=40
13a9| 26e8        BNE   $1393               cc=c0 a=00 b=00 dp=00 x=324e y=000c u=a6b0 s=1fee  dt=24
1393| ec81        LDD   ,X++                cc=c4 a=00 b=00 dp=00 x=3250 y=000c u=a6b0 s=1fee  dt=64
1395| edc1        STD   ,U++                cc=c4 a=00 b=00 dp=00 x=3250 y=000c u=a6b2 s=1fee  dt=64
1397| ec81        LDD   ,X++                cc=c4 a=00 b=00 dp=00 x=3252 y=000c u=a6b2 s=1fee  dt=64
1399| edc1        STD   ,U++                cc=c4 a=00 b=00 dp=00 x=3252 y=000c u=a6b4 s=1fee  dt=64
139b| ec81        LDD   ,X++                cc=c4 a=00 b=00 dp=00 x=3254 y=000c u=a6b4 s=1fee  dt=64
139d| edc1        STD   ,U++                cc=c4 a=00 b=00 dp=00 x=3254 y=000c u=a6b6 s=1fee  dt=64
139f| ec81        LDD   ,X++                cc=c4 a=00 b=00 dp=00 x=3256 y=000c u=a6b6 s=1fee  dt=64
13a1| edc1        STD   ,U++                cc=c4 a=00 b=00 dp=00 x=3256 y=000c u=a6b8 s=1fee  dt=64
13a3| 30890098    LEAX  $0098,X             cc=c0 a=00 b=00 dp=00 x=32ee y=000c u=a6b8 s=1fee  dt=64
13a7| 313f        LEAY  -1,Y                cc=c0 a=00 b=00 dp=00 x=32ee y=000b u=a6b8 s=1fee  dt=40
13a9| 26e8        BNE   $1393               cc=c0 a=00 b=00 dp=00 x=32ee y=000b u=a6b8 s=1fee  dt=24
1393| ec81        LDD   ,X++                cc=c4 a=00 b=00 dp=00 x=32f0 y=000b u=a6b8 s=1fee  dt=64
1395| edc1        STD   ,U++                cc=c4 a=00 b=00 dp=00 x=32f0 y=000b u=a6ba s=1fee  dt=64
1397| ec81        LDD   ,X++                cc=c4 a=00 b=00 dp=00 x=32f2 y=000b u=a6ba s=1fee  dt=64
1399| edc1        STD   ,U++                cc=c4 a=00 b=00 dp=00 x=32f2 y=000b u=a6bc s=1fee  dt=64
139b| ec81        LDD   ,X++                cc=c4 a=00 b=00 dp=00 x=32f4 y=000b u=a6bc s=1fee  dt=64
139d| edc1        STD   ,U++                cc=c4 a=00 b=00 dp=00 x=32f4 y=000b u=a6be s=1fee  dt=64
139f| ec81        LDD   ,X++                cc=c4 a=00 b=00 dp=00 x=32f6 y=000b u=a6be s=1fee  dt=64
13a1| edc1        STD   ,U++                cc=c4 a=00 b=00 dp=00 x=32f6 y=000b u=a6c0 s=1fee  dt=64
13a3| 30890098    LEAX  $0098,X             cc=c0 a=00 b=00 dp=00 x=338e y=000b u=a6c0 s=1fee  dt=64
13a7| 313f        LEAY  -1,Y                cc=c0 a=00 b=00 dp=00 x=338e y=000a u=a6c0 s=1fee  dt=40
13a9| 26e8        BNE   $1393               cc=c0 a=00 b=00 dp=00 x=338e y=000a u=a6c0 s=1fee  dt=24
1393| ec81        LDD   ,X++                cc=c4 a=00 b=00 dp=00 x=3390 y=000a u=a6c0 s=1fee  dt=64
1395| edc1        STD   ,U++                cc=c4 a=00 b=00 dp=00 x=3390 y=000a u=a6c2 s=1fee  dt=64
1397| ec81        LDD   ,X++                cc=c4 a=00 b=00 dp=00 x=3392 y=000a u=a6c2 s=1fee  dt=64
1399| edc1        STD   ,U++                cc=c4 a=00 b=00 dp=00 x=3392 y=000a u=a6c4 s=1fee  dt=64
139b| ec81        LDD   ,X++                cc=c4 a=00 b=00 dp=00 x=3394 y=000a u=a6c4 s=1fee  dt=64
139d| edc1        STD   ,U++                cc=c4 a=00 b=00 dp=00 x=3394 y=000a u=a6c6 s=1fee  dt=64
139f| ec81        LDD   ,X++                cc=c4 a=00 b=00 dp=00 x=3396 y=000a u=a6c6 s=1fee  dt=64
13a1| edc1        STD   ,U++                cc=c4 a=00 b=00 dp=00 x=3396 y=000a u=a6c8 s=1fee  dt=64
13a3| 30890098    LEAX  $0098,X             cc=c0 a=00 b=00 dp=00 x=342e y=000a u=a6c8 s=1fee  dt=64
13a7| 313f        LEAY  -1,Y                cc=c0 a=00 b=00 dp=00 x=342e y=0009 u=a6c8 s=1fee  dt=40
13a9| 26e8        BNE   $1393               cc=c0 a=00 b=00 dp=00 x=342e y=0009 u=a6c8 s=1fee  dt=24
1393| ec81        LDD   ,X++                cc=c4 a=00 b=00 dp=00 x=3430 y=0009 u=a6c8 s=1fee  dt=64
1395| edc1        STD   ,U++                cc=c4 a=00 b=00 dp=00 x=3430 y=0009 u=a6ca s=1fee  dt=64
1397| ec81        LDD   ,X++                cc=c4 a=00 b=00 dp=00 x=3432 y=0009 u=a6ca s=1fee  dt=64
1399| edc1        STD   ,U++                cc=c4 a=00 b=00 dp=00 x=3432 y=0009 u=a6cc s=1fee  dt=64
139b| ec81        LDD   ,X++                cc=c4 a=00 b=00 dp=00 x=3434 y=0009 u=a6cc s=1fee  dt=64
139d| edc1        STD   ,U++                cc=c4 a=00 b=00 dp=00 x=3434 y=0009 u=a6ce s=1fee  dt=64
139f| ec81        LDD   ,X++                cc=c8 a=b0 b=00 dp=00 x=3436 y=0009 u=a6ce s=1fee  dt=64
13a1| edc1        STD   ,U++                cc=c8 a=b0 b=00 dp=00 x=3436 y=0009 u=a6d0 s=1fee  dt=64
13a3| 30890098    LEAX  $0098,X             cc=c8 a=b0 b=00 dp=00 x=34ce y=0009 u=a6d0 s=1fee  dt=64
13a7| 313f        LEAY  -1,Y                cc=c8 a=b0 b=00 dp=00 x=34ce y=0008 u=a6d0 s=1fee  dt=40
13a9| 26e8        BNE   $1393               cc=c8 a=b0 b=00 dp=00 x=34ce y=0008 u=a6d0 s=1fee  dt=24
1393| ec81        LDD   ,X++                cc=c4 a=00 b=00 dp=00 x=34d0 y=0008 u=a6d0 s=1fee  dt=64
1395| edc1        STD   ,U++                cc=c4 a=00 b=00 dp=00 x=34d0 y=0008 u=a6d2 s=1fee  dt=64
1397| ec81        LDD   ,X++                cc=c4 a=00 b=00 dp=00 x=34d2 y=0008 u=a6d2 s=1fee  dt=64
1399| edc1        STD   ,U++                cc=c4 a=00 b=00 dp=00 x=34d2 y=0008 u=a6d4 s=1fee  dt=64
139b| ec81        LDD   ,X++                cc=c4 a=00 b=00 dp=00 x=34d4 y=0008 u=a6d4 s=1fee  dt=64
139d| edc1        STD   ,U++                cc=c4 a=00 b=00 dp=00 x=34d4 y=0008 u=a6d6 s=1fee  dt=64
139f| ec81        LDD   ,X++                cc=c0 a=06 b=00 dp=00 x=34d6 y=0008 u=a6d6 s=1fee  dt=64
13a1| edc1        STD   ,U++                cc=c0 a=06 b=00 dp=00 x=34d6 y=0008 u=a6d8 s=1fee  dt=64
13a3| 30890098    LEAX  $0098,X             cc=c0 a=06 b=00 dp=00 x=356e y=0008 u=a6d8 s=1fee  dt=64
13a7| 313f        LEAY  -1,Y                cc=c0 a=06 b=00 dp=00 x=356e y=0007 u=a6d8 s=1fee  dt=40
13a9| 26e8        BNE   $1393               cc=c0 a=06 b=00 dp=00 x=356e y=0007 u=a6d8 s=1fee  dt=24
1393| ec81        LDD   ,X++                cc=c4 a=00 b=00 dp=00 x=3570 y=0007 u=a6d8 s=1fee  dt=64
1395| edc1        STD   ,U++                cc=c4 a=00 b=00 dp=00 x=3570 y=0007 u=a6da s=1fee  dt=64
1397| ec81        LDD   ,X++                cc=c4 a=00 b=00 dp=00 x=3572 y=0007 u=a6da s=1fee  dt=64
1399| edc1        STD   ,U++                cc=c4 a=00 b=00 dp=00 x=3572 y=0007 u=a6dc s=1fee  dt=64
139b| ec81        LDD   ,X++                cc=c4 a=00 b=00 dp=00 x=3574 y=0007 u=a6dc s=1fee  dt=64
139d| edc1        STD   ,U++                cc=c4 a=00 b=00 dp=00 x=3574 y=0007 u=a6de s=1fee  dt=64
139f| ec81        LDD   ,X++                cc=c8 a=b0 b=00 dp=00 x=3576 y=0007 u=a6de s=1fee  dt=64
13a1| edc1        STD   ,U++                cc=c8 a=b0 b=00 dp=00 x=3576 y=0007 u=a6e0 s=1fee  dt=64
13a3| 30890098    LEAX  $0098,X             cc=c8 a=b0 b=00 dp=00 x=360e y=0007 u=a6e0 s=1fee  dt=64
13a7| 313f        LEAY  -1,Y                cc=c8 a=b0 b=00 dp=00 x=360e y=0006 u=a6e0 s=1fee  dt=40
13a9| 26e8        BNE   $1393               cc=c8 a=b0 b=00 dp=00 x=360e y=0006 u=a6e0 s=1fee  dt=24
1393| ec81        LDD   ,X++                cc=c4 a=00 b=00 dp=00 x=3610 y=0006 u=a6e0 s=1fee  dt=64
1395| edc1        STD   ,U++                cc=c4 a=00 b=00 dp=00 x=3610 y=0006 u=a6e2 s=1fee  dt=64
1397| ec81        LDD   ,X++                cc=c4 a=00 b=00 dp=00 x=3612 y=0006 u=a6e2 s=1fee  dt=64
1399| edc1        STD   ,U++                cc=c4 a=00 b=00 dp=00 x=3612 y=0006 u=a6e4 s=1fee  dt=64
139b| ec81        LDD   ,X++                cc=c4 a=00 b=00 dp=00 x=3614 y=0006 u=a6e4 s=1fee  dt=64
139d| edc1        STD   ,U++                cc=c4 a=00 b=00 dp=00 x=3614 y=0006 u=a6e6 s=1fee  dt=64
139f| ec81        LDD   ,X++                cc=c4 a=00 b=00 dp=00 x=3616 y=0006 u=a6e6 s=1fee  dt=64
13a1| edc1        STD   ,U++                cc=c4 a=00 b=00 dp=00 x=3616 y=0006 u=a6e8 s=1fee  dt=64
13a3| 30890098    LEAX  $0098,X             cc=c0 a=00 b=00 dp=00 x=36ae y=0006 u=a6e8 s=1fee  dt=64
13a7| 313f        LEAY  -1,Y                cc=c0 a=00 b=00 dp=00 x=36ae y=0005 u=a6e8 s=1fee  dt=40
13a9| 26e8        BNE   $1393               cc=c0 a=00 b=00 dp=00 x=36ae y=0005 u=a6e8 s=1fee  dt=24
1393| ec81        LDD   ,X++                cc=c4 a=00 b=00 dp=00 x=36b0 y=0005 u=a6e8 s=1fee  dt=64
1395| edc1        STD   ,U++                cc=c4 a=00 b=00 dp=00 x=36b0 y=0005 u=a6ea s=1fee  dt=64
1397| ec81        LDD   ,X++                cc=c4 a=00 b=00 dp=00 x=36b2 y=0005 u=a6ea s=1fee  dt=64
1399| edc1        STD   ,U++                cc=c4 a=00 b=00 dp=00 x=36b2 y=0005 u=a6ec s=1fee  dt=64
139b| ec81        LDD   ,X++                cc=c4 a=00 b=00 dp=00 x=36b4 y=0005 u=a6ec s=1fee  dt=64
139d| edc1        STD   ,U++                cc=c4 a=00 b=00 dp=00 x=36b4 y=0005 u=a6ee s=1fee  dt=64
139f| ec81        LDD   ,X++                cc=c4 a=00 b=00 dp=00 x=36b6 y=0005 u=a6ee s=1fee  dt=64
13a1| edc1        STD   ,U++                cc=c4 a=00 b=00 dp=00 x=36b6 y=0005 u=a6f0 s=1fee  dt=64
13a3| 30890098    LEAX  $0098,X             cc=c0 a=00 b=00 dp=00 x=374e y=0005 u=a6f0 s=1fee  dt=64
13a7| 313f        LEAY  -1,Y                cc=c0 a=00 b=00 dp=00 x=374e y=0004 u=a6f0 s=1fee  dt=40
13a9| 26e8        BNE   $1393               cc=c0 a=00 b=00 dp=00 x=374e y=0004 u=a6f0 s=1fee  dt=24
1393| ec81        LDD   ,X++                cc=c4 a=00 b=00 dp=00 x=3750 y=0004 u=a6f0 s=1fee  dt=64
1395| edc1        STD   ,U++                cc=c4 a=00 b=00 dp=00 x=3750 y=0004 u=a6f2 s=1fee  dt=64
1397| ec81        LDD   ,X++                cc=c4 a=00 b=00 dp=00 x=3752 y=0004 u=a6f2 s=1fee  dt=64
1399| edc1        STD   ,U++                cc=c4 a=00 b=00 dp=00 x=3752 y=0004 u=a6f4 s=1fee  dt=64
139b| ec81        LDD   ,X++                cc=c4 a=00 b=00 dp=00 x=3754 y=0004 u=a6f4 s=1fee  dt=64
139d| edc1        STD   ,U++                cc=c4 a=00 b=00 dp=00 x=3754 y=0004 u=a6f6 s=1fee  dt=64
139f| ec81        LDD   ,X++                cc=c4 a=00 b=00 dp=00 x=3756 y=0004 u=a6f6 s=1fee  dt=64
13a1| edc1        STD   ,U++                cc=c4 a=00 b=00 dp=00 x=3756 y=0004 u=a6f8 s=1fee  dt=64
13a3| 30890098    LEAX  $0098,X             cc=c0 a=00 b=00 dp=00 x=37ee y=0004 u=a6f8 s=1fee  dt=64
13a7| 313f        LEAY  -1,Y                cc=c0 a=00 b=00 dp=00 x=37ee y=0003 u=a6f8 s=1fee  dt=40
13a9| 26e8        BNE   $1393               cc=c0 a=00 b=00 dp=00 x=37ee y=0003 u=a6f8 s=1fee  dt=24
1393| ec81        LDD   ,X++                cc=c4 a=00 b=00 dp=00 x=37f0 y=0003 u=a6f8 s=1fee  dt=64
1395| edc1        STD   ,U++                cc=c4 a=00 b=00 dp=00 x=37f0 y=0003 u=a6fa s=1fee  dt=64
1397| ec81        LDD   ,X++                cc=c4 a=00 b=00 dp=00 x=37f2 y=0003 u=a6fa s=1fee  dt=64
1399| edc1        STD   ,U++                cc=c4 a=00 b=00 dp=00 x=37f2 y=0003 u=a6fc s=1fee  dt=64
139b| ec81        LDD   ,X++                cc=c4 a=00 b=00 dp=00 x=37f4 y=0003 u=a6fc s=1fee  dt=64
139d| edc1        STD   ,U++                cc=c4 a=00 b=00 dp=00 x=37f4 y=0003 u=a6fe s=1fee  dt=64
139f| ec81        LDD   ,X++                cc=c4 a=00 b=00 dp=00 x=37f6 y=0003 u=a6fe s=1fee  dt=64
13a1| edc1        STD   ,U++                cc=c4 a=00 b=00 dp=00 x=37f6 y=0003 u=a700 s=1fee  dt=64
13a3| 30890098    LEAX  $0098,X             cc=c0 a=00 b=00 dp=00 x=388e y=0003 u=a700 s=1fee  dt=64
13a7| 313f        LEAY  -1,Y                cc=c0 a=00 b=00 dp=00 x=388e y=0002 u=a700 s=1fee  dt=40
13a9| 26e8        BNE   $1393               cc=c0 a=00 b=00 dp=00 x=388e y=0002 u=a700 s=1fee  dt=24
1393| ec81        LDD   ,X++                cc=c4 a=00 b=00 dp=00 x=3890 y=0002 u=a700 s=1fee  dt=64
1395| edc1        STD   ,U++                cc=c4 a=00 b=00 dp=00 x=3890 y=0002 u=a702 s=1fee  dt=64
1397| ec81        LDD   ,X++                cc=c4 a=00 b=00 dp=00 x=3892 y=0002 u=a702 s=1fee  dt=64
1399| edc1        STD   ,U++                cc=c4 a=00 b=00 dp=00 x=3892 y=0002 u=a704 s=1fee  dt=64
139b| ec81        LDD   ,X++                cc=c4 a=00 b=00 dp=00 x=3894 y=0002 u=a704 s=1fee  dt=64
139d| edc1        STD   ,U++                cc=c4 a=00 b=00 dp=00 x=3894 y=0002 u=a706 s=1fee  dt=64
139f| ec81        LDD   ,X++                cc=c4 a=00 b=00 dp=00 x=3896 y=0002 u=a706 s=1fee  dt=64
13a1| edc1        STD   ,U++                cc=c4 a=00 b=00 dp=00 x=3896 y=0002 u=a708 s=1fee  dt=64
13a3| 30890098    LEAX  $0098,X             cc=c0 a=00 b=00 dp=00 x=392e y=0002 u=a708 s=1fee  dt=64
13a7| 313f        LEAY  -1,Y                cc=c0 a=00 b=00 dp=00 x=392e y=0001 u=a708 s=1fee  dt=40
13a9| 26e8        BNE   $1393               cc=c0 a=00 b=00 dp=00 x=392e y=0001 u=a708 s=1fee  dt=24
1393| ec81        LDD   ,X++                cc=c4 a=00 b=00 dp=00 x=3930 y=0001 u=a708 s=1fee  dt=64
1395| edc1        STD   ,U++                cc=c4 a=00 b=00 dp=00 x=3930 y=0001 u=a70a s=1fee  dt=64
1397| ec81        LDD   ,X++                cc=c0 a=44 b=00 dp=00 x=3932 y=0001 u=a70a s=1fee  dt=64
1399| edc1        STD   ,U++                cc=c0 a=44 b=00 dp=00 x=3932 y=0001 u=a70c s=1fee  dt=64
139b| ec81        LDD   ,X++                cc=c4 a=00 b=00 dp=00 x=3934 y=0001 u=a70c s=1fee  dt=64
139d| edc1        STD   ,U++                cc=c4 a=00 b=00 dp=00 x=3934 y=0001 u=a70e s=1fee  dt=64
139f| ec81        LDD   ,X++                cc=c4 a=00 b=00 dp=00 x=3936 y=0001 u=a70e s=1fee  dt=64
13a1| edc1        STD   ,U++                cc=c4 a=00 b=00 dp=00 x=3936 y=0001 u=a710 s=1fee  dt=64
13a3| 30890098    LEAX  $0098,X             cc=c0 a=00 b=00 dp=00 x=39ce y=0001 u=a710 s=1fee  dt=64
13a7| 313f        LEAY  -1,Y                cc=c4 a=00 b=00 dp=00 x=39ce y=0000 u=a710 s=1fee  dt=40
13a9| 26e8        BNE   $1393               cc=c4 a=00 b=00 dp=00 x=39ce y=0000 u=a710 s=1fee  dt=24
13ab| 39          RTS                       cc=c4 a=00 b=00 dp=00 x=39ce y=0000 u=a710 s=1ff0  dt=40
10ee| 3510        PULS  X                   cc=c4 a=00 b=00 dp=00 x=a470 y=0000 u=a710 s=1ff2  dt=56
10f0| 39          RTS                       cc=c4 a=00 b=00 dp=00 x=a470 y=0000 u=a710 s=1ff4  dt=40
0c4b| 3510        PULS  X                   cc=c4 a=00 b=00 dp=00 x=a470 y=0000 u=a710 s=1ff6  dt=56
0c4d| 8601        LDA   #$01                cc=c0 a=01 b=00 dp=00 x=a470 y=0000 u=a710 s=1ff6  dt=16
0c4f| a706        STA   6,X                 cc=c0 a=01 b=00 dp=00 x=a470 y=0000 u=a710 s=1ff6  dt=40
0c51| 3008        LEAX  8,X                 cc=c0 a=01 b=00 dp=00 x=a478 y=0000 u=a710 s=1ff6  dt=40
0c53| 0a5d        DEC   <$5d                cc=c0 a=01 b=00 dp=00 x=a478 y=0000 u=a710 s=1ff6  dt=48
0c55| 26e1        BNE   $0c38               cc=c0 a=01 b=00 dp=00 x=a478 y=0000 u=a710 s=1ff6  dt=24
0c38| 6d84        TST   ,X                  cc=c0 a=01 b=00 dp=00 x=a478 y=0000 u=a710 s=1ff6  dt=48
0c3a| 2715        BEQ   $0c51               cc=c0 a=01 b=00 dp=00 x=a478 y=0000 u=a710 s=1ff6  dt=24
0c3c| 6d06        TST   6,X                 cc=c0 a=01 b=00 dp=00 x=a478 y=0000 u=a710 s=1ff6  dt=56
0c3e| 2606        BNE   $0c46               cc=c0 a=01 b=00 dp=00 x=a478 y=0000 u=a710 s=1ff6  dt=24
0c46| 3410        PSHS  X                   cc=c0 a=01 b=00 dp=00 x=a478 y=0000 u=a710 s=1ff4  dt=56
0c48| 170459      LBSR  $10a4               cc=c0 a=01 b=00 dp=00 x=a478 y=0000 u=a710 s=1ff2  dt=72
10a4| 0d9b        TST   <$9b                cc=c0 a=01 b=00 dp=00 x=a478 y=0000 u=a710 s=1ff2  dt=48
10a6| 2633        BNE   $10db               cc=c0 a=01 b=00 dp=00 x=a478 y=0000 u=a710 s=1ff2  dt=24
10db| 3410        PSHS  X                   cc=c0 a=01 b=00 dp=00 x=a478 y=0000 u=a710 s=1ff0  dt=56
10dd| 17ffba      LBSR  $109a               cc=c0 a=01 b=00 dp=00 x=a478 y=0000 u=a710 s=1fee  dt=72
109a| 8604        LDA   #$04                cc=c0 a=04 b=00 dp=00 x=a478 y=0000 u=a710 s=1fee  dt=16
109c| 905d        SUBA  <$5d                cc=c0 a=01 b=00 dp=00 x=a478 y=0000 u=a710 s=1fee  dt=32
109e| cea898      LDU   #$a898              cc=c8 a=01 b=00 dp=00 x=a478 y=0000 u=a898 s=1fee  dt=24
10a1| 33c6        LEAU  A,U                 cc=c8 a=01 b=00 dp=00 x=a478 y=0000 u=a899 s=1fee  dt=40
10a3| 39          RTS                       cc=c8 a=01 b=00 dp=00 x=a478 y=0000 u=a899 s=1ff0  dt=40
10e0| 6fc4        CLR   ,U                  cc=c4 a=01 b=00 dp=00 x=a478 y=0000 u=a899 s=1ff0  dt=48
10e2| 3510        PULS  X                   cc=c4 a=01 b=00 dp=00 x=a478 y=0000 u=a899 s=1ff2  dt=56
10e4| 3410        PSHS  X                   cc=c4 a=01 b=00 dp=00 x=a478 y=0000 u=a899 s=1ff0  dt=56
10e6| ae01        LDX   1,X                 cc=c0 a=01 b=00 dp=00 x=2fee y=0000 u=a899 s=1ff0  dt=48
10e8| 17ff99      LBSR  $1084               cc=c0 a=01 b=00 dp=00 x=2fee y=0000 u=a899 s=1fee  dt=72
1084| 8604        LDA   #$04                cc=c0 a=04 b=00 dp=00 x=2fee y=0000 u=a899 s=1fee  dt=16
1086| 905d        SUBA  <$5d                cc=c0 a=01 b=00 dp=00 x=2fee y=0000 u=a899 s=1fee  dt=32
1088| c680        LDB   #$80                cc=c8 a=01 b=80 dp=00 x=2fee y=0000 u=a899 s=1fee  dt=16
108a| 3d          MUL                       cc=c9 a=00 b=80 dp=00 x=2fee y=0000 u=a899 s=1fee  dt=88
108b| 0d90        TST   <$90                cc=c5 a=00 b=80 dp=00 x=2fee y=0000 u=a899 s=1fee  dt=48
108d| 2605        BNE   $1094               cc=c5 a=00 b=80 dp=00 x=2fee y=0000 u=a899 s=1fee  dt=24
108f| c3a690      ADDD  #$a690              cc=c8 a=a7 b=10 dp=00 x=2fee y=0000 u=a899 s=1fee  dt=32
1092| 2003        BRA   $1097               cc=c8 a=a7 b=10 dp=00 x=2fee y=0000 u=a899 s=1fee  dt=24
1097| 1f03        TFR   D,U                 cc=c8 a=a7 b=10 dp=00 x=2fee y=0000 u=a710 s=1fee  dt=48
1099| 39          RTS                       cc=c8 a=a7 b=10 dp=00 x=2fee y=0000 u=a710 s=1ff0  dt=40
10eb| 1702a1      LBSR  $138f               cc=c8 a=a7 b=10 dp=00 x=2fee y=0000 u=a710 s=1fee  dt=72
138f| 108e0010    LDY   #$0010              cc=c0 a=a7 b=10 dp=00 x=2fee y=0010 u=a710 s=1fee  dt=32
1393| ec81        LDD   ,X++                cc=c4 a=00 b=00 dp=00 x=2ff0 y=0010 u=a710 s=1fee  dt=64
1395| edc1        STD   ,U++                cc=c4 a=00 b=00 dp=00 x=2ff0 y=0010 u=a712 s=1fee  dt=64
1397| ec81        LDD   ,X++                cc=c0 a=44 b=44 dp=00 x=2ff2 y=0010 u=a712 s=1fee  dt=64
1399| edc1        STD   ,U++                cc=c0 a=44 b=44 dp=00 x=2ff2 y=0010 u=a714 s=1fee  dt=64
139b| ec81        LDD   ,X++                cc=c0 a=44 b=44 dp=00 x=2ff4 y=0010 u=a714 s=1fee  dt=64
139d| edc1        STD   ,U++                cc=c0 a=44 b=44 dp=00 x=2ff4 y=0010 u=a716 s=1fee  dt=64
139f| ec81        LDD   ,X++                cc=c0 a=00 b=44 dp=00 x=2ff6 y=0010 u=a716 s=1fee  dt=64
13a1| edc1        STD   ,U++                cc=c0 a=00 b=44 dp=00 x=2ff6 y=0010 u=a718 s=1fee  dt=64
13a3| 30890098    LEAX  $0098,X             cc=c0 a=00 b=44 dp=00 x=308e y=0010 u=a718 s=1fee  dt=64
13a7| 313f        LEAY  -1,Y                cc=c0 a=00 b=44 dp=00 x=308e y=000f u=a718 s=1fee  dt=40
13a9| 26e8        BNE   $1393               cc=c0 a=00 b=44 dp=00 x=308e y=000f u=a718 s=1fee  dt=24
1393| ec81        LDD   ,X++                cc=c4 a=00 b=00 dp=00 x=3090 y=000f u=a718 s=1fee  dt=64
1395| edc1        STD   ,U++                cc=c4 a=00 b=00 dp=00 x=3090 y=000f u=a71a s=1fee  dt=64
1397| ec81        LDD   ,X++                cc=c4 a=00 b=00 dp=00 x=3092 y=000f u=a71a s=1fee  dt=64
1399| edc1        STD   ,U++                cc=c4 a=00 b=00 dp=00 x=3092 y=000f u=a71c s=1fee  dt=64
139b| ec81        LDD   ,X++                cc=c4 a=00 b=00 dp=00 x=3094 y=000f u=a71c s=1fee  dt=64
139d| edc1        STD   ,U++                cc=c4 a=00 b=00 dp=00 x=3094 y=000f u=a71e s=1fee  dt=64
139f| ec81        LDD   ,X++                cc=c4 a=00 b=00 dp=00 x=3096 y=000f u=a71e s=1fee  dt=64
13a1| edc1        STD   ,U++                cc=c4 a=00 b=00 dp=00 x=3096 y=000f u=a720 s=1fee  dt=64
13a3| 30890098    LEAX  $0098,X             cc=c0 a=00 b=00 dp=00 x=312e y=000f u=a720 s=1fee  dt=64
13a7| 313f        LEAY  -1,Y                cc=c0 a=00 b=00 dp=00 x=312e y=000e u=a720 s=1fee  dt=40
13a9| 26e8        BNE   $1393               cc=c0 a=00 b=00 dp=00 x=312e y=000e u=a720 s=1fee  dt=24
1393| ec81        LDD   ,X++                cc=c4 a=00 b=00 dp=00 x=3130 y=000e u=a720 s=1fee  dt=64
1395| edc1        STD   ,U++                cc=c4 a=00 b=00 dp=00 x=3130 y=000e u=a722 s=1fee  dt=64
1397| ec81        LDD   ,X++                cc=c4 a=00 b=00 dp=00 x=3132 y=000e u=a722 s=1fee  dt=64
1399| edc1        STD   ,U++                cc=c4 a=00 b=00 dp=00 x=3132 y=000e u=a724 s=1fee  dt=64
139b| ec81        LDD   ,X++                cc=c4 a=00 b=00 dp=00 x=3134 y=000e u=a724 s=1fee  dt=64
139d| edc1        STD   ,U++                cc=c4 a=00 b=00 dp=00 x=3134 y=000e u=a726 s=1fee  dt=64
139f| ec81        LDD   ,X++                cc=c4 a=00 b=00 dp=00 x=3136 y=000e u=a726 s=1fee  dt=64
13a1| edc1        STD   ,U++                cc=c4 a=00 b=00 dp=00 x=3136 y=000e u=a728 s=1fee  dt=64
13a3| 30890098    LEAX  $0098,X             cc=c0 a=00 b=00 dp=00 x=31ce y=000e u=a728 s=1fee  dt=64
13a7| 313f        LEAY  -1,Y                cc=c0 a=00 b=00 dp=00 x=31ce y=000d u=a728 s=1fee  dt=40
13a9| 26e8        BNE   $1393               cc=c0 a=00 b=00 dp=00 x=31ce y=000d u=a728 s=1fee  dt=24
1393| ec81        LDD   ,X++                cc=c4 a=00 b=00 dp=00 x=31d0 y=000d u=a728 s=1fee  dt=64
1395| edc1        STD   ,U++                cc=c4 a=00 b=00 dp=00 x=31d0 y=000d u=a72a s=1fee  dt=64
1397| ec81        LDD   ,X++                cc=c4 a=00 b=00 dp=00 x=31d2 y=000d u=a72a s=1fee  dt=64
1399| edc1        STD   ,U++                cc=c4 a=00 b=00 dp=00 x=31d2 y=000d u=a72c s=1fee  dt=64
139b| ec81        LDD   ,X++                cc=c4 a=00 b=00 dp=00 x=31d4 y=000d u=a72c s=1fee  dt=64
139d| edc1        STD   ,U++                cc=c4 a=00 b=00 dp=00 x=31d4 y=000d u=a72e s=1fee  dt=64
139f| ec81        LDD   ,X++                cc=c4 a=00 b=00 dp=00 x=31d6 y=000d u=a72e s=1fee  dt=64
13a1| edc1        STD   ,U++                cc=c4 a=00 b=00 dp=00 x=31d6 y=000d u=a730 s=1fee  dt=64
13a3| 30890098    LEAX  $0098,X             cc=c0 a=00 b=00 dp=00 x=326e y=000d u=a730 s=1fee  dt=64
13a7| 313f        LEAY  -1,Y                cc=c0 a=00 b=00 dp=00 x=326e y=000c u=a730 s=1fee  dt=40
13a9| 26e8        BNE   $1393               cc=c0 a=00 b=00 dp=00 x=326e y=000c u=a730 s=1fee  dt=24
1393| ec81        LDD   ,X++                cc=c4 a=00 b=00 dp=00 x=3270 y=000c u=a730 s=1fee  dt=64
1395| edc1        STD   ,U++                cc=c4 a=00 b=00 dp=00 x=3270 y=000c u=a732 s=1fee  dt=64
1397| ec81        LDD   ,X++                cc=c4 a=00 b=00 dp=00 x=3272 y=000c u=a732 s=1fee  dt=64
1399| edc1        STD   ,U++                cc=c4 a=00 b=00 dp=00 x=3272 y=000c u=a734 s=1fee  dt=64
139b| ec81        LDD   ,X++                cc=c4 a=00 b=00 dp=00 x=3274 y=000c u=a734 s=1fee  dt=64
139d| edc1        STD   ,U++                cc=c4 a=00 b=00 dp=00 x=3274 y=000c u=a736 s=1fee  dt=64
139f| ec81        LDD   ,X++                cc=c4 a=00 b=00 dp=00 x=3276 y=000c u=a736 s=1fee  dt=64
13a1| edc1        STD   ,U++                cc=c4 a=00 b=00 dp=00 x=3276 y=000c u=a738 s=1fee  dt=64
13a3| 30890098    LEAX  $0098,X             cc=c0 a=00 b=00 dp=00 x=330e y=000c u=a738 s=1fee  dt=64
13a7| 313f        LEAY  -1,Y                cc=c0 a=00 b=00 dp=00 x=330e y=000b u=a738 s=1fee  dt=40
13a9| 26e8        BNE   $1393               cc=c0 a=00 b=00 dp=00 x=330e y=000b u=a738 s=1fee  dt=24
1393| ec81        LDD   ,X++                cc=c4 a=00 b=00 dp=00 x=3310 y=000b u=a738 s=1fee  dt=64
1395| edc1        STD   ,U++                cc=c4 a=00 b=00 dp=00 x=3310 y=000b u=a73a s=1fee  dt=64
1397| ec81        LDD   ,X++                cc=c4 a=00 b=00 dp=00 x=3312 y=000b u=a73a s=1fee  dt=64
1399| edc1        STD   ,U++                cc=c4 a=00 b=00 dp=00 x=3312 y=000b u=a73c s=1fee  dt=64
139b| ec81        LDD   ,X++                cc=c4 a=00 b=00 dp=00 x=3314 y=000b u=a73c s=1fee  dt=64
139d| edc1        STD   ,U++                cc=c4 a=00 b=00 dp=00 x=3314 y=000b u=a73e s=1fee  dt=64
139f| ec81        LDD   ,X++                cc=c4 a=00 b=00 dp=00 x=3316 y=000b u=a73e s=1fee  dt=64
13a1| edc1        STD   ,U++                cc=c4 a=00 b=00 dp=00 x=3316 y=000b u=a740 s=1fee  dt=64
13a3| 30890098    LEAX  $0098,X             cc=c0 a=00 b=00 dp=00 x=33ae y=000b u=a740 s=1fee  dt=64
13a7| 313f        LEAY  -1,Y                cc=c0 a=00 b=00 dp=00 x=33ae y=000a u=a740 s=1fee  dt=40
13a9| 26e8        BNE   $1393               cc=c0 a=00 b=00 dp=00 x=33ae y=000a u=a740 s=1fee  dt=24
1393| ec81        LDD   ,X++                cc=c4 a=00 b=00 dp=00 x=33b0 y=000a u=a740 s=1fee  dt=64
1395| edc1        STD   ,U++                cc=c4 a=00 b=00 dp=00 x=33b0 y=000a u=a742 s=1fee  dt=64
1397| ec81        LDD   ,X++                cc=c4 a=00 b=00 dp=00 x=33b2 y=000a u=a742 s=1fee  dt=64
1399| edc1        STD   ,U++                cc=c4 a=00 b=00 dp=00 x=33b2 y=000a u=a744 s=1fee  dt=64
139b| ec81        LDD   ,X++                cc=c4 a=00 b=00 dp=00 x=33b4 y=000a u=a744 s=1fee  dt=64
139d| edc1        STD   ,U++                cc=c4 a=00 b=00 dp=00 x=33b4 y=000a u=a746 s=1fee  dt=64
139f| ec81        LDD   ,X++                cc=c4 a=00 b=00 dp=00 x=33b6 y=000a u=a746 s=1fee  dt=64
13a1| edc1        STD   ,U++                cc=c4 a=00 b=00 dp=00 x=33b6 y=000a u=a748 s=1fee  dt=64
13a3| 30890098    LEAX  $0098,X             cc=c0 a=00 b=00 dp=00 x=344e y=000a u=a748 s=1fee  dt=64
13a7| 313f        LEAY  -1,Y                cc=c0 a=00 b=00 dp=00 x=344e y=0009 u=a748 s=1fee  dt=40
13a9| 26e8        BNE   $1393               cc=c0 a=00 b=00 dp=00 x=344e y=0009 u=a748 s=1fee  dt=24
1393| ec81        LDD   ,X++                cc=c4 a=00 b=00 dp=00 x=3450 y=0009 u=a748 s=1fee  dt=64
1395| edc1        STD   ,U++                cc=c4 a=00 b=00 dp=00 x=3450 y=0009 u=a74a s=1fee  dt=64
1397| ec81        LDD   ,X++                cc=c4 a=00 b=00 dp=00 x=3452 y=0009 u=a74a s=1fee  dt=64
1399| edc1        STD   ,U++                cc=c4 a=00 b=00 dp=00 x=3452 y=0009 u=a74c s=1fee  dt=64
139b| ec81        LDD   ,X++                cc=c4 a=00 b=00 dp=00 x=3454 y=0009 u=a74c s=1fee  dt=64
139d| edc1        STD   ,U++                cc=c4 a=00 b=00 dp=00 x=3454 y=0009 u=a74e s=1fee  dt=64
139f| ec81        LDD   ,X++                cc=c4 a=00 b=00 dp=00 x=3456 y=0009 u=a74e s=1fee  dt=64
13a1| edc1        STD   ,U++                cc=c4 a=00 b=00 dp=00 x=3456 y=0009 u=a750 s=1fee  dt=64
13a3| 30890098    LEAX  $0098,X             cc=c0 a=00 b=00 dp=00 x=34ee y=0009 u=a750 s=1fee  dt=64
13a7| 313f        LEAY  -1,Y                cc=c0 a=00 b=00 dp=00 x=34ee y=0008 u=a750 s=1fee  dt=40
13a9| 26e8        BNE   $1393               cc=c0 a=00 b=00 dp=00 x=34ee y=0008 u=a750 s=1fee  dt=24
1393| ec81        LDD   ,X++                cc=c4 a=00 b=00 dp=00 x=34f0 y=0008 u=a750 s=1fee  dt=64
1395| edc1        STD   ,U++                cc=c4 a=00 b=00 dp=00 x=34f0 y=0008 u=a752 s=1fee  dt=64
1397| ec81        LDD   ,X++                cc=c4 a=00 b=00 dp=00 x=34f2 y=0008 u=a752 s=1fee  dt=64
1399| edc1        STD   ,U++                cc=c4 a=00 b=00 dp=00 x=34f2 y=0008 u=a754 s=1fee  dt=64
139b| ec81        LDD   ,X++                cc=c4 a=00 b=00 dp=00 x=34f4 y=0008 u=a754 s=1fee  dt=64
139d| edc1        STD   ,U++                cc=c4 a=00 b=00 dp=00 x=34f4 y=0008 u=a756 s=1fee  dt=64
139f| ec81        LDD   ,X++                cc=c4 a=00 b=00 dp=00 x=34f6 y=0008 u=a756 s=1fee  dt=64
13a1| edc1        STD   ,U++                cc=c4 a=00 b=00 dp=00 x=34f6 y=0008 u=a758 s=1fee  dt=64
13a3| 30890098    LEAX  $0098,X             cc=c0 a=00 b=00 dp=00 x=358e y=0008 u=a758 s=1fee  dt=64
13a7| 313f        LEAY  -1,Y                cc=c0 a=00 b=00 dp=00 x=358e y=0007 u=a758 s=1fee  dt=40
13a9| 26e8        BNE   $1393               cc=c0 a=00 b=00 dp=00 x=358e y=0007 u=a758 s=1fee  dt=24
1393| ec81        LDD   ,X++                cc=c4 a=00 b=00 dp=00 x=3590 y=0007 u=a758 s=1fee  dt=64
1395| edc1        STD   ,U++                cc=c4 a=00 b=00 dp=00 x=3590 y=0007 u=a75a s=1fee  dt=64
1397| ec81        LDD   ,X++                cc=c4 a=00 b=00 dp=00 x=3592 y=0007 u=a75a s=1fee  dt=64
1399| edc1        STD   ,U++                cc=c4 a=00 b=00 dp=00 x=3592 y=0007 u=a75c s=1fee  dt=64
139b| ec81        LDD   ,X++                cc=c4 a=00 b=00 dp=00 x=3594 y=0007 u=a75c s=1fee  dt=64
139d| edc1        STD   ,U++                cc=c4 a=00 b=00 dp=00 x=3594 y=0007 u=a75e s=1fee  dt=64
139f| ec81        LDD   ,X++                cc=c4 a=00 b=00 dp=00 x=3596 y=0007 u=a75e s=1fee  dt=64
13a1| edc1        STD   ,U++                cc=c4 a=00 b=00 dp=00 x=3596 y=0007 u=a760 s=1fee  dt=64
13a3| 30890098    LEAX  $0098,X             cc=c0 a=00 b=00 dp=00 x=362e y=0007 u=a760 s=1fee  dt=64
13a7| 313f        LEAY  -1,Y                cc=c0 a=00 b=00 dp=00 x=362e y=0006 u=a760 s=1fee  dt=40
13a9| 26e8        BNE   $1393               cc=c0 a=00 b=00 dp=00 x=362e y=0006 u=a760 s=1fee  dt=24
1393| ec81        LDD   ,X++                cc=c4 a=00 b=00 dp=00 x=3630 y=0006 u=a760 s=1fee  dt=64
1395| edc1        STD   ,U++                cc=c4 a=00 b=00 dp=00 x=3630 y=0006 u=a762 s=1fee  dt=64
1397| ec81        LDD   ,X++                cc=c4 a=00 b=00 dp=00 x=3632 y=0006 u=a762 s=1fee  dt=64
1399| edc1        STD   ,U++                cc=c4 a=00 b=00 dp=00 x=3632 y=0006 u=a764 s=1fee  dt=64
139b| ec81        LDD   ,X++                cc=c4 a=00 b=00 dp=00 x=3634 y=0006 u=a764 s=1fee  dt=64
139d| edc1        STD   ,U++                cc=c4 a=00 b=00 dp=00 x=3634 y=0006 u=a766 s=1fee  dt=64
139f| ec81        LDD   ,X++                cc=c4 a=00 b=00 dp=00 x=3636 y=0006 u=a766 s=1fee  dt=64
13a1| edc1        STD   ,U++                cc=c4 a=00 b=00 dp=00 x=3636 y=0006 u=a768 s=1fee  dt=64
13a3| 30890098    LEAX  $0098,X             cc=c0 a=00 b=00 dp=00 x=36ce y=0006 u=a768 s=1fee  dt=64
13a7| 313f        LEAY  -1,Y                cc=c0 a=00 b=00 dp=00 x=36ce y=0005 u=a768 s=1fee  dt=40
13a9| 26e8        BNE   $1393               cc=c0 a=00 b=00 dp=00 x=36ce y=0005 u=a768 s=1fee  dt=24
1393| ec81        LDD   ,X++                cc=c4 a=00 b=00 dp=00 x=36d0 y=0005 u=a768 s=1fee  dt=64
1395| edc1        STD   ,U++                cc=c4 a=00 b=00 dp=00 x=36d0 y=0005 u=a76a s=1fee  dt=64
1397| ec81        LDD   ,X++                cc=c4 a=00 b=00 dp=00 x=36d2 y=0005 u=a76a s=1fee  dt=64
1399| edc1        STD   ,U++                cc=c4 a=00 b=00 dp=00 x=36d2 y=0005 u=a76c s=1fee  dt=64
139b| ec81        LDD   ,X++                cc=c4 a=00 b=00 dp=00 x=36d4 y=0005 u=a76c s=1fee  dt=64
139d| edc1        STD   ,U++                cc=c4 a=00 b=00 dp=00 x=36d4 y=0005 u=a76e s=1fee  dt=64
139f| ec81        LDD   ,X++                cc=c4 a=00 b=00 dp=00 x=36d6 y=0005 u=a76e s=1fee  dt=64
13a1| edc1        STD   ,U++                cc=c4 a=00 b=00 dp=00 x=36d6 y=0005 u=a770 s=1fee  dt=64
13a3| 30890098    LEAX  $0098,X             cc=c0 a=00 b=00 dp=00 x=376e y=0005 u=a770 s=1fee  dt=64
13a7| 313f        LEAY  -1,Y                cc=c0 a=00 b=00 dp=00 x=376e y=0004 u=a770 s=1fee  dt=40
13a9| 26e8        BNE   $1393               cc=c0 a=00 b=00 dp=00 x=376e y=0004 u=a770 s=1fee  dt=24
1393| ec81        LDD   ,X++                cc=c4 a=00 b=00 dp=00 x=3770 y=0004 u=a770 s=1fee  dt=64
1395| edc1        STD   ,U++                cc=c4 a=00 b=00 dp=00 x=3770 y=0004 u=a772 s=1fee  dt=64
1397| ec81        LDD   ,X++                cc=c4 a=00 b=00 dp=00 x=3772 y=0004 u=a772 s=1fee  dt=64
1399| edc1        STD   ,U++                cc=c4 a=00 b=00 dp=00 x=3772 y=0004 u=a774 s=1fee  dt=64
139b| ec81        LDD   ,X++                cc=c4 a=00 b=00 dp=00 x=3774 y=0004 u=a774 s=1fee  dt=64
139d| edc1        STD   ,U++                cc=c4 a=00 b=00 dp=00 x=3774 y=0004 u=a776 s=1fee  dt=64
139f| ec81        LDD   ,X++                cc=c4 a=00 b=00 dp=00 x=3776 y=0004 u=a776 s=1fee  dt=64
13a1| edc1        STD   ,U++                cc=c4 a=00 b=00 dp=00 x=3776 y=0004 u=a778 s=1fee  dt=64
13a3| 30890098    LEAX  $0098,X             cc=c0 a=00 b=00 dp=00 x=380e y=0004 u=a778 s=1fee  dt=64
13a7| 313f        LEAY  -1,Y                cc=c0 a=00 b=00 dp=00 x=380e y=0003 u=a778 s=1fee  dt=40
13a9| 26e8        BNE   $1393               cc=c0 a=00 b=00 dp=00 x=380e y=0003 u=a778 s=1fee  dt=24
1393| ec81        LDD   ,X++                cc=c4 a=00 b=00 dp=00 x=3810 y=0003 u=a778 s=1fee  dt=64
1395| edc1        STD   ,U++                cc=c4 a=00 b=00 dp=00 x=3810 y=0003 u=a77a s=1fee  dt=64
1397| ec81        LDD   ,X++                cc=c4 a=00 b=00 dp=00 x=3812 y=0003 u=a77a s=1fee  dt=64
1399| edc1        STD   ,U++                cc=c4 a=00 b=00 dp=00 x=3812 y=0003 u=a77c s=1fee  dt=64
139b| ec81        LDD   ,X++                cc=c4 a=00 b=00 dp=00 x=3814 y=0003 u=a77c s=1fee  dt=64
139d| edc1        STD   ,U++                cc=c4 a=00 b=00 dp=00 x=3814 y=0003 u=a77e s=1fee  dt=64
139f| ec81        LDD   ,X++                cc=c4 a=00 b=00 dp=00 x=3816 y=0003 u=a77e s=1fee  dt=64
13a1| edc1        STD   ,U++                cc=c4 a=00 b=00 dp=00 x=3816 y=0003 u=a780 s=1fee  dt=64
13a3| 30890098    LEAX  $0098,X             cc=c0 a=00 b=00 dp=00 x=38ae y=0003 u=a780 s=1fee  dt=64
13a7| 313f        LEAY  -1,Y                cc=c0 a=00 b=00 dp=00 x=38ae y=0002 u=a780 s=1fee  dt=40
13a9| 26e8        BNE   $1393               cc=c0 a=00 b=00 dp=00 x=38ae y=0002 u=a780 s=1fee  dt=24
1393| ec81        LDD   ,X++                cc=c4 a=00 b=00 dp=00 x=38b0 y=0002 u=a780 s=1fee  dt=64
1395| edc1        STD   ,U++                cc=c4 a=00 b=00 dp=00 x=38b0 y=0002 u=a782 s=1fee  dt=64
1397| ec81        LDD   ,X++                cc=c4 a=00 b=00 dp=00 x=38b2 y=0002 u=a782 s=1fee  dt=64
1399| edc1        STD   ,U++                cc=c4 a=00 b=00 dp=00 x=38b2 y=0002 u=a784 s=1fee  dt=64
139b| ec81        LDD   ,X++                cc=c4 a=00 b=00 dp=00 x=38b4 y=0002 u=a784 s=1fee  dt=64
139d| edc1        STD   ,U++                cc=c4 a=00 b=00 dp=00 x=38b4 y=0002 u=a786 s=1fee  dt=64
139f| ec81        LDD   ,X++                cc=c4 a=00 b=00 dp=00 x=38b6 y=0002 u=a786 s=1fee  dt=64
13a1| edc1        STD   ,U++                cc=c4 a=00 b=00 dp=00 x=38b6 y=0002 u=a788 s=1fee  dt=64
13a3| 30890098    LEAX  $0098,X             cc=c0 a=00 b=00 dp=00 x=394e y=0002 u=a788 s=1fee  dt=64
13a7| 313f        LEAY  -1,Y                cc=c0 a=00 b=00 dp=00 x=394e y=0001 u=a788 s=1fee  dt=40
13a9| 26e8        BNE   $1393               cc=c0 a=00 b=00 dp=00 x=394e y=0001 u=a788 s=1fee  dt=24
1393| ec81        LDD   ,X++                cc=c4 a=00 b=00 dp=00 x=3950 y=0001 u=a788 s=1fee  dt=64
1395| edc1        STD   ,U++                cc=c4 a=00 b=00 dp=00 x=3950 y=0001 u=a78a s=1fee  dt=64
1397| ec81        LDD   ,X++                cc=c0 a=44 b=05 dp=00 x=3952 y=0001 u=a78a s=1fee  dt=64
1399| edc1        STD   ,U++                cc=c0 a=44 b=05 dp=00 x=3952 y=0001 u=a78c s=1fee  dt=64
139b| ec81        LDD   ,X++                cc=c0 a=55 b=55 dp=00 x=3954 y=0001 u=a78c s=1fee  dt=64
139d| edc1        STD   ,U++                cc=c0 a=55 b=55 dp=00 x=3954 y=0001 u=a78e s=1fee  dt=64
139f| ec81        LDD   ,X++                cc=c4 a=00 b=00 dp=00 x=3956 y=0001 u=a78e s=1fee  dt=64
13a1| edc1        STD   ,U++                cc=c4 a=00 b=00 dp=00 x=3956 y=0001 u=a790 s=1fee  dt=64
13a3| 30890098    LEAX  $0098,X             cc=c0 a=00 b=00 dp=00 x=39ee y=0001 u=a790 s=1fee  dt=64
13a7| 313f        LEAY  -1,Y                cc=c4 a=00 b=00 dp=00 x=39ee y=0000 u=a790 s=1fee  dt=40
13a9| 26e8        BNE   $1393               cc=c4 a=00 b=00 dp=00 x=39ee y=0000 u=a790 s=1fee  dt=24
13ab| 39          RTS                       cc=c4 a=00 b=00 dp=00 x=39ee y=0000 u=a790 s=1ff0  dt=40
10ee| 3510        PULS  X                   cc=c4 a=00 b=00 dp=00 x=a478 y=0000 u=a790 s=1ff2  dt=56
10f0| 39          RTS                       cc=c4 a=00 b=00 dp=00 x=a478 y=0000 u=a790 s=1ff4  dt=40
0c4b| 3510        PULS  X                   cc=c4 a=00 b=00 dp=00 x=a478 y=0000 u=a790 s=1ff6  dt=56
0c4d| 8601        LDA   #$01                cc=c0 a=01 b=00 dp=00 x=a478 y=0000 u=a790 s=1ff6  dt=16
0c4f| a706        STA   6,X                 cc=c0 a=01 b=00 dp=00 x=a478 y=0000 u=a790 s=1ff6  dt=40
0c51| 3008        LEAX  8,X                 cc=c0 a=01 b=00 dp=00 x=a480 y=0000 u=a790 s=1ff6  dt=40
0c53| 0a5d        DEC   <$5d                cc=c0 a=01 b=00 dp=00 x=a480 y=0000 u=a790 s=1ff6  dt=48
0c55| 26e1        BNE   $0c38               cc=c0 a=01 b=00 dp=00 x=a480 y=0000 u=a790 s=1ff6  dt=24
0c38| 6d84        TST   ,X                  cc=c0 a=01 b=00 dp=00 x=a480 y=0000 u=a790 s=1ff6  dt=48
0c3a| 2715        BEQ   $0c51               cc=c0 a=01 b=00 dp=00 x=a480 y=0000 u=a790 s=1ff6  dt=24
0c3c| 6d06        TST   6,X                 cc=c0 a=01 b=00 dp=00 x=a480 y=0000 u=a790 s=1ff6  dt=56
0c3e| 2606        BNE   $0c46               cc=c0 a=01 b=00 dp=00 x=a480 y=0000 u=a790 s=1ff6  dt=24
0c46| 3410        PSHS  X                   cc=c0 a=01 b=00 dp=00 x=a480 y=0000 u=a790 s=1ff4  dt=56
0c48| 170459      LBSR  $10a4               cc=c0 a=01 b=00 dp=00 x=a480 y=0000 u=a790 s=1ff2  dt=72
10a4| 0d9b        TST   <$9b                cc=c0 a=01 b=00 dp=00 x=a480 y=0000 u=a790 s=1ff2  dt=48
10a6| 2633        BNE   $10db               cc=c0 a=01 b=00 dp=00 x=a480 y=0000 u=a790 s=1ff2  dt=24
10db| 3410        PSHS  X                   cc=c0 a=01 b=00 dp=00 x=a480 y=0000 u=a790 s=1ff0  dt=56
10dd| 17ffba      LBSR  $109a               cc=c0 a=01 b=00 dp=00 x=a480 y=0000 u=a790 s=1fee  dt=72
109a| 8604        LDA   #$04                cc=c0 a=04 b=00 dp=00 x=a480 y=0000 u=a790 s=1fee  dt=16
109c| 905d        SUBA  <$5d                cc=c0 a=02 b=00 dp=00 x=a480 y=0000 u=a790 s=1fee  dt=32
109e| cea898      LDU   #$a898              cc=c8 a=02 b=00 dp=00 x=a480 y=0000 u=a898 s=1fee  dt=24
10a1| 33c6        LEAU  A,U                 cc=c8 a=02 b=00 dp=00 x=a480 y=0000 u=a89a s=1fee  dt=40
10a3| 39          RTS                       cc=c8 a=02 b=00 dp=00 x=a480 y=0000 u=a89a s=1ff0  dt=40
10e0| 6fc4        CLR   ,U                  cc=c4 a=02 b=00 dp=00 x=a480 y=0000 u=a89a s=1ff0  dt=48
10e2| 3510        PULS  X                   cc=c4 a=02 b=00 dp=00 x=a480 y=0000 u=a89a s=1ff2  dt=56
10e4| 3410        PSHS  X                   cc=c4 a=02 b=00 dp=00 x=a480 y=0000 u=a89a s=1ff0  dt=56
10e6| ae01        LDX   1,X                 cc=c0 a=02 b=00 dp=00 x=6fca y=0000 u=a89a s=1ff0  dt=48
10e8| 17ff99      LBSR  $1084               cc=c0 a=02 b=00 dp=00 x=6fca y=0000 u=a89a s=1fee  dt=72
1084| 8604        LDA   #$04                cc=c0 a=04 b=00 dp=00 x=6fca y=0000 u=a89a s=1fee  dt=16
1086| 905d        SUBA  <$5d                cc=c0 a=02 b=00 dp=00 x=6fca y=0000 u=a89a s=1fee  dt=32
1088| c680        LDB   #$80                cc=c8 a=02 b=80 dp=00 x=6fca y=0000 u=a89a s=1fee  dt=16
108a| 3d          MUL                       cc=c8 a=01 b=00 dp=00 x=6fca y=0000 u=a89a s=1fee  dt=88
108b| 0d90        TST   <$90                cc=c4 a=01 b=00 dp=00 x=6fca y=0000 u=a89a s=1fee  dt=48
108d| 2605        BNE   $1094               cc=c4 a=01 b=00 dp=00 x=6fca y=0000 u=a89a s=1fee  dt=24
108f| c3a690      ADDD  #$a690              cc=c8 a=a7 b=90 dp=00 x=6fca y=0000 u=a89a s=1fee  dt=32
1092| 2003        BRA   $1097               cc=c8 a=a7 b=90 dp=00 x=6fca y=0000 u=a89a s=1fee  dt=24
1097| 1f03        TFR   D,U                 cc=c8 a=a7 b=90 dp=00 x=6fca y=0000 u=a790 s=1fee  dt=48
1099| 39          RTS                       cc=c8 a=a7 b=90 dp=00 x=6fca y=0000 u=a790 s=1ff0  dt=40
10eb| 1702a1      LBSR  $138f               cc=c8 a=a7 b=90 dp=00 x=6fca y=0000 u=a790 s=1fee  dt=72
138f| 108e0010    LDY   #$0010              cc=c0 a=a7 b=90 dp=00 x=6fca y=0010 u=a790 s=1fee  dt=32
1393| ec81        LDD   ,X++                cc=c0 a=00 b=69 dp=00 x=6fcc y=0010 u=a790 s=1fee  dt=64
1395| edc1        STD   ,U++                cc=c0 a=00 b=69 dp=00 x=6fcc y=0010 u=a792 s=1fee  dt=64
1397| ec81        LDD   ,X++                cc=c8 a=89 b=cf dp=00 x=6fce y=0010 u=a792 s=1fee  dt=64
1399| edc1        STD   ,U++                cc=c8 a=89 b=cf dp=00 x=6fce y=0010 u=a794 s=1fee  dt=64
139b| ec81        LDD   ,X++                cc=c0 a=3f b=a5 dp=00 x=6fd0 y=0010 u=a794 s=1fee  dt=64
139d| edc1        STD   ,U++                cc=c0 a=3f b=a5 dp=00 x=6fd0 y=0010 u=a796 s=1fee  dt=64
139f| ec81        LDD   ,X++                cc=c0 a=2a b=37 dp=00 x=6fd2 y=0010 u=a796 s=1fee  dt=64
13a1| edc1        STD   ,U++                cc=c0 a=2a b=37 dp=00 x=6fd2 y=0010 u=a798 s=1fee  dt=64
13a3| 30890098    LEAX  $0098,X             cc=c0 a=2a b=37 dp=00 x=706a y=0010 u=a798 s=1fee  dt=64
13a7| 313f        LEAY  -1,Y                cc=c0 a=2a b=37 dp=00 x=706a y=000f u=a798 s=1fee  dt=40
13a9| 26e8        BNE   $1393               cc=c0 a=2a b=37 dp=00 x=706a y=000f u=a798 s=1fee  dt=24
1393| ec81        LDD   ,X++                cc=c0 a=00 b=8d dp=00 x=706c y=000f u=a798 s=1fee  dt=64
1395| edc1        STD   ,U++                cc=c0 a=00 b=8d dp=00 x=706c y=000f u=a79a s=1fee  dt=64
1397| ec81        LDD   ,X++                cc=c0 a=6b b=d6 dp=00 x=706e y=000f u=a79a s=1fee  dt=64
1399| edc1        STD   ,U++                cc=c0 a=6b b=d6 dp=00 x=706e y=000f u=a79c s=1fee  dt=64
139b| ec81        LDD   ,X++                cc=c0 a=79 b=be dp=00 x=7070 y=000f u=a79c s=1fee  dt=64
139d| edc1        STD   ,U++                cc=c0 a=79 b=be dp=00 x=7070 y=000f u=a79e s=1fee  dt=64
139f| ec81        LDD   ,X++                cc=c8 a=c7 b=e2 dp=00 x=7072 y=000f u=a79e s=1fee  dt=64
13a1| edc1        STD   ,U++                cc=c8 a=c7 b=e2 dp=00 x=7072 y=000f u=a7a0 s=1fee  dt=64
13a3| 30890098    LEAX  $0098,X             cc=c8 a=c7 b=e2 dp=00 x=710a y=000f u=a7a0 s=1fee  dt=64
13a7| 313f        LEAY  -1,Y                cc=c8 a=c7 b=e2 dp=00 x=710a y=000e u=a7a0 s=1fee  dt=40
13a9| 26e8        BNE   $1393               cc=c8 a=c7 b=e2 dp=00 x=710a y=000e u=a7a0 s=1fee  dt=24
1393| ec81        LDD   ,X++                cc=c0 a=00 b=9b dp=00 x=710c y=000e u=a7a0 s=1fee  dt=64
1395| edc1        STD   ,U++                cc=c0 a=00 b=9b dp=00 x=710c y=000e u=a7a2 s=1fee  dt=64
1397| ec81        LDD   ,X++                cc=c0 a=6e b=1b dp=00 x=710e y=000e u=a7a2 s=1fee  dt=64
1399| edc1        STD   ,U++                cc=c0 a=6e b=1b dp=00 x=710e y=000e u=a7a4 s=1fee  dt=64
139b| ec81        LDD   ,X++                cc=c8 a=82 b=a9 dp=00 x=7110 y=000e u=a7a4 s=1fee  dt=64
139d| edc1        STD   ,U++                cc=c8 a=82 b=a9 dp=00 x=7110 y=000e u=a7a6 s=1fee  dt=64
139f| ec81        LDD   ,X++                cc=c8 a=c5 b=18 dp=00 x=7112 y=000e u=a7a6 s=1fee  dt=64
13a1| edc1        STD   ,U++                cc=c8 a=c5 b=18 dp=00 x=7112 y=000e u=a7a8 s=1fee  dt=64
13a3| 30890098    LEAX  $0098,X             cc=c8 a=c5 b=18 dp=00 x=71aa y=000e u=a7a8 s=1fee  dt=64
13a7| 313f        LEAY  -1,Y                cc=c8 a=c5 b=18 dp=00 x=71aa y=000d u=a7a8 s=1fee  dt=40
13a9| 26e8        BNE   $1393               cc=c8 a=c5 b=18 dp=00 x=71aa y=000d u=a7a8 s=1fee  dt=24
1393| ec81        LDD   ,X++                cc=c0 a=00 b=24 dp=00 x=71ac y=000d u=a7a8 s=1fee  dt=64
1395| edc1        STD   ,U++                cc=c0 a=00 b=24 dp=00 x=71ac y=000d u=a7aa s=1fee  dt=64
1397| ec81        LDD   ,X++                cc=c8 a=e4 b=4f dp=00 x=71ae y=000d u=a7aa s=1fee  dt=64
1399| edc1        STD   ,U++                cc=c8 a=e4 b=4f dp=00 x=71ae y=000d u=a7ac s=1fee  dt=64
139b| ec81        LDD   ,X++                cc=c8 a=a8 b=ed dp=00 x=71b0 y=000d u=a7ac s=1fee  dt=64
139d| edc1        STD   ,U++                cc=c8 a=a8 b=ed dp=00 x=71b0 y=000d u=a7ae s=1fee  dt=64
139f| ec81        LDD   ,X++                cc=c0 a=71 b=56 dp=00 x=71b2 y=000d u=a7ae s=1fee  dt=64
13a1| edc1        STD   ,U++                cc=c0 a=71 b=56 dp=00 x=71b2 y=000d u=a7b0 s=1fee  dt=64
13a3| 30890098    LEAX  $0098,X             cc=c0 a=71 b=56 dp=00 x=724a y=000d u=a7b0 s=1fee  dt=64
13a7| 313f        LEAY  -1,Y                cc=c0 a=71 b=56 dp=00 x=724a y=000c u=a7b0 s=1fee  dt=40
13a9| 26e8        BNE   $1393               cc=c0 a=71 b=56 dp=00 x=724a y=000c u=a7b0 s=1fee  dt=24
1393| ec81        LDD   ,X++                cc=c0 a=00 b=fb dp=00 x=724c y=000c u=a7b0 s=1fee  dt=64
1395| edc1        STD   ,U++                cc=c0 a=00 b=fb dp=00 x=724c y=000c u=a7b2 s=1fee  dt=64
1397| ec81        LDD   ,X++                cc=c0 a=25 b=96 dp=00 x=724e y=000c u=a7b2 s=1fee  dt=64
1399| edc1        STD   ,U++                cc=c0 a=25 b=96 dp=00 x=724e y=000c u=a7b4 s=1fee  dt=64
139b| ec81        LDD   ,X++                cc=c8 a=a0 b=50 dp=00 x=7250 y=000c u=a7b4 s=1fee  dt=64
139d| edc1        STD   ,U++                cc=c8 a=a0 b=50 dp=00 x=7250 y=000c u=a7b6 s=1fee  dt=64
139f| ec81        LDD   ,X++                cc=c8 a=cd b=c3 dp=00 x=7252 y=000c u=a7b6 s=1fee  dt=64
13a1| edc1        STD   ,U++                cc=c8 a=cd b=c3 dp=00 x=7252 y=000c u=a7b8 s=1fee  dt=64
13a3| 30890098    LEAX  $0098,X             cc=c8 a=cd b=c3 dp=00 x=72ea y=000c u=a7b8 s=1fee  dt=64
13a7| 313f        LEAY  -1,Y                cc=c8 a=cd b=c3 dp=00 x=72ea y=000b u=a7b8 s=1fee  dt=40
13a9| 26e8        BNE   $1393               cc=c8 a=cd b=c3 dp=00 x=72ea y=000b u=a7b8 s=1fee  dt=24
1393| ec81        LDD   ,X++                cc=c0 a=00 b=38 dp=00 x=72ec y=000b u=a7b8 s=1fee  dt=64
1395| edc1        STD   ,U++                cc=c0 a=00 b=38 dp=00 x=72ec y=000b u=a7ba s=1fee  dt=64
1397| ec81        LDD   ,X++                cc=c8 a=99 b=56 dp=00 x=72ee y=000b u=a7ba s=1fee  dt=64
1399| edc1        STD   ,U++                cc=c8 a=99 b=56 dp=00 x=72ee y=000b u=a7bc s=1fee  dt=64
139b| ec81        LDD   ,X++                cc=c8 a=f6 b=60 dp=00 x=72f0 y=000b u=a7bc s=1fee  dt=64
139d| edc1        STD   ,U++                cc=c8 a=f6 b=60 dp=00 x=72f0 y=000b u=a7be s=1fee  dt=64
139f| ec81        LDD   ,X++                cc=c0 a=38 b=82 dp=00 x=72f2 y=000b u=a7be s=1fee  dt=64
13a1| edc1        STD   ,U++                cc=c0 a=38 b=82 dp=00 x=72f2 y=000b u=a7c0 s=1fee  dt=64
13a3| 30890098    LEAX  $0098,X             cc=c0 a=38 b=82 dp=00 x=738a y=000b u=a7c0 s=1fee  dt=64
13a7| 313f        LEAY  -1,Y                cc=c0 a=38 b=82 dp=00 x=738a y=000a u=a7c0 s=1fee  dt=40
13a9| 26e8        BNE   $1393               cc=c0 a=38 b=82 dp=00 x=738a y=000a u=a7c0 s=1fee  dt=24
1393| ec81        LDD   ,X++                cc=c0 a=00 b=a7 dp=00 x=738c y=000a u=a7c0 s=1fee  dt=64
1395| edc1        STD   ,U++                cc=c0 a=00 b=a7 dp=00 x=738c y=000a u=a7c2 s=1fee  dt=64
1397| ec81        LDD   ,X++                cc=c8 a=9d b=7d dp=00 x=738e y=000a u=a7c2 s=1fee  dt=64
1399| edc1        STD   ,U++                cc=c8 a=9d b=7d dp=00 x=738e y=000a u=a7c4 s=1fee  dt=64
139b| ec81        LDD   ,X++                cc=c0 a=50 b=63 dp=00 x=7390 y=000a u=a7c4 s=1fee  dt=64
139d| edc1        STD   ,U++                cc=c0 a=50 b=63 dp=00 x=7390 y=000a u=a7c6 s=1fee  dt=64
139f| ec81        LDD   ,X++                cc=c8 a=95 b=0c dp=00 x=7392 y=000a u=a7c6 s=1fee  dt=64
13a1| edc1        STD   ,U++                cc=c8 a=95 b=0c dp=00 x=7392 y=000a u=a7c8 s=1fee  dt=64
13a3| 30890098    LEAX  $0098,X             cc=c8 a=95 b=0c dp=00 x=742a y=000a u=a7c8 s=1fee  dt=64
13a7| 313f        LEAY  -1,Y                cc=c8 a=95 b=0c dp=00 x=742a y=0009 u=a7c8 s=1fee  dt=40
13a9| 26e8        BNE   $1393               cc=c8 a=95 b=0c dp=00 x=742a y=0009 u=a7c8 s=1fee  dt=24
1393| ec81        LDD   ,X++                cc=c0 a=00 b=7a dp=00 x=742c y=0009 u=a7c8 s=1fee  dt=64
1395| edc1        STD   ,U++                cc=c0 a=00 b=7a dp=00 x=742c y=0009 u=a7ca s=1fee  dt=64
1397| ec81        LDD   ,X++                cc=c0 a=5c b=2f dp=00 x=742e y=0009 u=a7ca s=1fee  dt=64
1399| edc1        STD   ,U++                cc=c0 a=5c b=2f dp=00 x=742e y=0009 u=a7cc s=1fee  dt=64
139b| ec81        LDD   ,X++                cc=c0 a=67 b=cd dp=00 x=7430 y=0009 u=a7cc s=1fee  dt=64
139d| edc1        STD   ,U++                cc=c0 a=67 b=cd dp=00 x=7430 y=0009 u=a7ce s=1fee  dt=64
139f| ec81        LDD   ,X++                cc=c8 a=85 b=be dp=00 x=7432 y=0009 u=a7ce s=1fee  dt=64
13a1| edc1        STD   ,U++                cc=c8 a=85 b=be dp=00 x=7432 y=0009 u=a7d0 s=1fee  dt=64
13a3| 30890098    LEAX  $0098,X             cc=c8 a=85 b=be dp=00 x=74ca y=0009 u=a7d0 s=1fee  dt=64
13a7| 313f        LEAY  -1,Y                cc=c8 a=85 b=be dp=00 x=74ca y=0008 u=a7d0 s=1fee  dt=40
13a9| 26e8        BNE   $1393               cc=c8 a=85 b=be dp=00 x=74ca y=0008 u=a7d0 s=1fee  dt=24
1393| ec81        LDD   ,X++                cc=c0 a=00 b=ab dp=00 x=74cc y=0008 u=a7d0 s=1fee  dt=64
1395| edc1        STD   ,U++                cc=c0 a=00 b=ab dp=00 x=74cc y=0008 u=a7d2 s=1fee  dt=64
1397| ec81        LDD   ,X++                cc=c0 a=54 b=68 dp=00 x=74ce y=0008 u=a7d2 s=1fee  dt=64
1399| edc1        STD   ,U++                cc=c0 a=54 b=68 dp=00 x=74ce y=0008 u=a7d4 s=1fee  dt=64
139b| ec81        LDD   ,X++                cc=c8 a=fb b=21 dp=00 x=74d0 y=0008 u=a7d4 s=1fee  dt=64
139d| edc1        STD   ,U++                cc=c8 a=fb b=21 dp=00 x=74d0 y=0008 u=a7d6 s=1fee  dt=64
139f| ec81        LDD   ,X++                cc=c0 a=2c b=d8 dp=00 x=74d2 y=0008 u=a7d6 s=1fee  dt=64
13a1| edc1        STD   ,U++                cc=c0 a=2c b=d8 dp=00 x=74d2 y=0008 u=a7d8 s=1fee  dt=64
13a3| 30890098    LEAX  $0098,X             cc=c0 a=2c b=d8 dp=00 x=756a y=0008 u=a7d8 s=1fee  dt=64
13a7| 313f        LEAY  -1,Y                cc=c0 a=2c b=d8 dp=00 x=756a y=0007 u=a7d8 s=1fee  dt=40
13a9| 26e8        BNE   $1393               cc=c0 a=2c b=d8 dp=00 x=756a y=0007 u=a7d8 s=1fee  dt=24
1393| ec81        LDD   ,X++                cc=c0 a=00 b=c5 dp=00 x=756c y=0007 u=a7d8 s=1fee  dt=64
1395| edc1        STD   ,U++                cc=c0 a=00 b=c5 dp=00 x=756c y=0007 u=a7da s=1fee  dt=64
1397| ec81        LDD   ,X++                cc=c0 a=2e b=50 dp=00 x=756e y=0007 u=a7da s=1fee  dt=64
1399| edc1        STD   ,U++                cc=c0 a=2e b=50 dp=00 x=756e y=0007 u=a7dc s=1fee  dt=64
139b| ec81        LDD   ,X++                cc=c0 a=26 b=67 dp=00 x=7570 y=0007 u=a7dc s=1fee  dt=64
139d| edc1        STD   ,U++                cc=c0 a=26 b=67 dp=00 x=7570 y=0007 u=a7de s=1fee  dt=64
139f| ec81        LDD   ,X++                cc=c8 a=d2 b=21 dp=00 x=7572 y=0007 u=a7de s=1fee  dt=64
13a1| edc1        STD   ,U++                cc=c8 a=d2 b=21 dp=00 x=7572 y=0007 u=a7e0 s=1fee  dt=64
13a3| 30890098    LEAX  $0098,X             cc=c8 a=d2 b=21 dp=00 x=760a y=0007 u=a7e0 s=1fee  dt=64
13a7| 313f        LEAY  -1,Y                cc=c8 a=d2 b=21 dp=00 x=760a y=0006 u=a7e0 s=1fee  dt=40
13a9| 26e8        BNE   $1393               cc=c8 a=d2 b=21 dp=00 x=760a y=0006 u=a7e0 s=1fee  dt=24
1393| ec81        LDD   ,X++                cc=c0 a=00 b=6f dp=00 x=760c y=0006 u=a7e0 s=1fee  dt=64
1395| edc1        STD   ,U++                cc=c0 a=00 b=6f dp=00 x=760c y=0006 u=a7e2 s=1fee  dt=64
1397| ec81        LDD   ,X++                cc=c8 a=9f b=5e dp=00 x=760e y=0006 u=a7e2 s=1fee  dt=64
1399| edc1        STD   ,U++                cc=c8 a=9f b=5e dp=00 x=760e y=0006 u=a7e4 s=1fee  dt=64
139b| ec81        LDD   ,X++                cc=c8 a=d2 b=34 dp=00 x=7610 y=0006 u=a7e4 s=1fee  dt=64
139d| edc1        STD   ,U++                cc=c8 a=d2 b=34 dp=00 x=7610 y=0006 u=a7e6 s=1fee  dt=64
139f| ec81        LDD   ,X++                cc=c0 a=6a b=59 dp=00 x=7612 y=0006 u=a7e6 s=1fee  dt=64
13a1| edc1        STD   ,U++                cc=c0 a=6a b=59 dp=00 x=7612 y=0006 u=a7e8 s=1fee  dt=64
13a3| 30890098    LEAX  $0098,X             cc=c0 a=6a b=59 dp=00 x=76aa y=0006 u=a7e8 s=1fee  dt=64
13a7| 313f        LEAY  -1,Y                cc=c0 a=6a b=59 dp=00 x=76aa y=0005 u=a7e8 s=1fee  dt=40
13a9| 26e8        BNE   $1393               cc=c0 a=6a b=59 dp=00 x=76aa y=0005 u=a7e8 s=1fee  dt=24
1393| ec81        LDD   ,X++                cc=c0 a=00 b=c6 dp=00 x=76ac y=0005 u=a7e8 s=1fee  dt=64
1395| edc1        STD   ,U++                cc=c0 a=00 b=c6 dp=00 x=76ac y=0005 u=a7ea s=1fee  dt=64
1397| ec81        LDD   ,X++                cc=c8 a=88 b=16 dp=00 x=76ae y=0005 u=a7ea s=1fee  dt=64
1399| edc1        STD   ,U++                cc=c8 a=88 b=16 dp=00 x=76ae y=0005 u=a7ec s=1fee  dt=64
139b| ec81        LDD   ,X++                cc=c8 a=94 b=0e dp=00 x=76b0 y=0005 u=a7ec s=1fee  dt=64
139d| edc1        STD   ,U++                cc=c8 a=94 b=0e dp=00 x=76b0 y=0005 u=a7ee s=1fee  dt=64
139f| ec81        LDD   ,X++                cc=c8 a=d4 b=5c dp=00 x=76b2 y=0005 u=a7ee s=1fee  dt=64
13a1| edc1        STD   ,U++                cc=c8 a=d4 b=5c dp=00 x=76b2 y=0005 u=a7f0 s=1fee  dt=64
13a3| 30890098    LEAX  $0098,X             cc=c8 a=d4 b=5c dp=00 x=774a y=0005 u=a7f0 s=1fee  dt=64
13a7| 313f        LEAY  -1,Y                cc=c8 a=d4 b=5c dp=00 x=774a y=0004 u=a7f0 s=1fee  dt=40
13a9| 26e8        BNE   $1393               cc=c8 a=d4 b=5c dp=00 x=774a y=0004 u=a7f0 s=1fee  dt=24
1393| ec81        LDD   ,X++                cc=c0 a=00 b=29 dp=00 x=774c y=0004 u=a7f0 s=1fee  dt=64
1395| edc1        STD   ,U++                cc=c0 a=00 b=29 dp=00 x=774c y=0004 u=a7f2 s=1fee  dt=64
1397| ec81        LDD   ,X++                cc=c8 a=c5 b=b4 dp=00 x=774e y=0004 u=a7f2 s=1fee  dt=64
1399| edc1        STD   ,U++                cc=c8 a=c5 b=b4 dp=00 x=774e y=0004 u=a7f4 s=1fee  dt=64
139b| ec81        LDD   ,X++                cc=c0 a=4a b=f1 dp=00 x=7750 y=0004 u=a7f4 s=1fee  dt=64
139d| edc1        STD   ,U++                cc=c0 a=4a b=f1 dp=00 x=7750 y=0004 u=a7f6 s=1fee  dt=64
139f| ec81        LDD   ,X++                cc=c8 a=8c b=a4 dp=00 x=7752 y=0004 u=a7f6 s=1fee  dt=64
13a1| edc1        STD   ,U++                cc=c8 a=8c b=a4 dp=00 x=7752 y=0004 u=a7f8 s=1fee  dt=64
13a3| 30890098    LEAX  $0098,X             cc=c8 a=8c b=a4 dp=00 x=77ea y=0004 u=a7f8 s=1fee  dt=64
13a7| 313f        LEAY  -1,Y                cc=c8 a=8c b=a4 dp=00 x=77ea y=0003 u=a7f8 s=1fee  dt=40
13a9| 26e8        BNE   $1393               cc=c8 a=8c b=a4 dp=00 x=77ea y=0003 u=a7f8 s=1fee  dt=24
1393| ec81        LDD   ,X++                cc=c0 a=00 b=ba dp=00 x=77ec y=0003 u=a7f8 s=1fee  dt=64
1395| edc1        STD   ,U++                cc=c0 a=00 b=ba dp=00 x=77ec y=0003 u=a7fa s=1fee  dt=64
1397| ec81        LDD   ,X++                cc=c8 a=f4 b=dc dp=00 x=77ee y=0003 u=a7fa s=1fee  dt=64
1399| edc1        STD   ,U++                cc=c8 a=f4 b=dc dp=00 x=77ee y=0003 u=a7fc s=1fee  dt=64
139b| ec81        LDD   ,X++                cc=c0 a=21 b=c6 dp=00 x=77f0 y=0003 u=a7fc s=1fee  dt=64
139d| edc1        STD   ,U++                cc=c0 a=21 b=c6 dp=00 x=77f0 y=0003 u=a7fe s=1fee  dt=64
139f| ec81        LDD   ,X++                cc=c8 a=fe b=2f dp=00 x=77f2 y=0003 u=a7fe s=1fee  dt=64
13a1| edc1        STD   ,U++                cc=c8 a=fe b=2f dp=00 x=77f2 y=0003 u=a800 s=1fee  dt=64
13a3| 30890098    LEAX  $0098,X             cc=c8 a=fe b=2f dp=00 x=788a y=0003 u=a800 s=1fee  dt=64
13a7| 313f        LEAY  -1,Y                cc=c8 a=fe b=2f dp=00 x=788a y=0002 u=a800 s=1fee  dt=40
13a9| 26e8        BNE   $1393               cc=c8 a=fe b=2f dp=00 x=788a y=0002 u=a800 s=1fee  dt=24
1393| ec81        LDD   ,X++                cc=c0 a=00 b=9d dp=00 x=788c y=0002 u=a800 s=1fee  dt=64
1395| edc1        STD   ,U++                cc=c0 a=00 b=9d dp=00 x=788c y=0002 u=a802 s=1fee  dt=64
1397| ec81        LDD   ,X++                cc=c8 a=8d b=08 dp=00 x=788e y=0002 u=a802 s=1fee  dt=64
1399| edc1        STD   ,U++                cc=c8 a=8d b=08 dp=00 x=788e y=0002 u=a804 s=1fee  dt=64
139b| ec81        LDD   ,X++                cc=c8 a=d1 b=f8 dp=00 x=7890 y=0002 u=a804 s=1fee  dt=64
139d| edc1        STD   ,U++                cc=c8 a=d1 b=f8 dp=00 x=7890 y=0002 u=a806 s=1fee  dt=64
139f| ec81        LDD   ,X++                cc=c0 a=61 b=80 dp=00 x=7892 y=0002 u=a806 s=1fee  dt=64
13a1| edc1        STD   ,U++                cc=c0 a=61 b=80 dp=00 x=7892 y=0002 u=a808 s=1fee  dt=64
13a3| 30890098    LEAX  $0098,X             cc=c0 a=61 b=80 dp=00 x=792a y=0002 u=a808 s=1fee  dt=64
13a7| 313f        LEAY  -1,Y                cc=c0 a=61 b=80 dp=00 x=792a y=0001 u=a808 s=1fee  dt=40
13a9| 26e8        BNE   $1393               cc=c0 a=61 b=80 dp=00 x=792a y=0001 u=a808 s=1fee  dt=24
1393| ec81        LDD   ,X++                cc=c0 a=00 b=ea dp=00 x=792c y=0001 u=a808 s=1fee  dt=64
1395| edc1        STD   ,U++                cc=c0 a=00 b=ea dp=00 x=792c y=0001 u=a80a s=1fee  dt=64
1397| ec81        LDD   ,X++                cc=c8 a=96 b=52 dp=00 x=792e y=0001 u=a80a s=1fee  dt=64
1399| edc1        STD   ,U++                cc=c8 a=96 b=52 dp=00 x=792e y=0001 u=a80c s=1fee  dt=64
139b| ec81        LDD   ,X++                cc=c8 a=f8 b=6a dp=00 x=7930 y=0001 u=a80c s=1fee  dt=64
139d| edc1        STD   ,U++                cc=c8 a=f8 b=6a dp=00 x=7930 y=0001 u=a80e s=1fee  dt=64
139f| ec81        LDD   ,X++                cc=c8 a=af b=b1 dp=00 x=7932 y=0001 u=a80e s=1fee  dt=64
13a1| edc1        STD   ,U++                cc=c8 a=af b=b1 dp=00 x=7932 y=0001 u=a810 s=1fee  dt=64
13a3| 30890098    LEAX  $0098,X             cc=c8 a=af b=b1 dp=00 x=79ca y=0001 u=a810 s=1fee  dt=64
13a7| 313f        LEAY  -1,Y                cc=cc a=af b=b1 dp=00 x=79ca y=0000 u=a810 s=1fee  dt=40
13a9| 26e8        BNE   $1393               cc=cc a=af b=b1 dp=00 x=79ca y=0000 u=a810 s=1fee  dt=24
13ab| 39          RTS                       cc=cc a=af b=b1 dp=00 x=79ca y=0000 u=a810 s=1ff0  dt=40
10ee| 3510        PULS  X                   cc=cc a=af b=b1 dp=00 x=a480 y=0000 u=a810 s=1ff2  dt=56
10f0| 39          RTS                       cc=cc a=af b=b1 dp=00 x=a480 y=0000 u=a810 s=1ff4  dt=40
0c4b| 3510        PULS  X                   cc=cc a=af b=b1 dp=00 x=a480 y=0000 u=a810 s=1ff6  dt=56
0c4d| 8601        LDA   #$01                cc=c0 a=01 b=b1 dp=00 x=a480 y=0000 u=a810 s=1ff6  dt=16
0c4f| a706        STA   6,X                 cc=c0 a=01 b=b1 dp=00 x=a480 y=0000 u=a810 s=1ff6  dt=40
0c51| 3008        LEAX  8,X                 cc=c0 a=01 b=b1 dp=00 x=a488 y=0000 u=a810 s=1ff6  dt=40
0c53| 0a5d        DEC   <$5d                cc=c0 a=01 b=b1 dp=00 x=a488 y=0000 u=a810 s=1ff6  dt=48
0c55| 26e1        BNE   $0c38               cc=c0 a=01 b=b1 dp=00 x=a488 y=0000 u=a810 s=1ff6  dt=24
0c38| 6d84        TST   ,X                  cc=c0 a=01 b=b1 dp=00 x=a488 y=0000 u=a810 s=1ff6  dt=48
0c3a| 2715        BEQ   $0c51               cc=c0 a=01 b=b1 dp=00 x=a488 y=0000 u=a810 s=1ff6  dt=24
0c3c| 6d06        TST   6,X                 cc=c0 a=01 b=b1 dp=00 x=a488 y=0000 u=a810 s=1ff6  dt=56
0c3e| 2606        BNE   $0c46               cc=c0 a=01 b=b1 dp=00 x=a488 y=0000 u=a810 s=1ff6  dt=24
0c46| 3410        PSHS  X                   cc=c0 a=01 b=b1 dp=00 x=a488 y=0000 u=a810 s=1ff4  dt=56
0c48| 170459      LBSR  $10a4               cc=c0 a=01 b=b1 dp=00 x=a488 y=0000 u=a810 s=1ff2  dt=72
10a4| 0d9b        TST   <$9b                cc=c0 a=01 b=b1 dp=00 x=a488 y=0000 u=a810 s=1ff2  dt=48
10a6| 2633        BNE   $10db               cc=c0 a=01 b=b1 dp=00 x=a488 y=0000 u=a810 s=1ff2  dt=24
10db| 3410        PSHS  X                   cc=c0 a=01 b=b1 dp=00 x=a488 y=0000 u=a810 s=1ff0  dt=56
10dd| 17ffba      LBSR  $109a               cc=c0 a=01 b=b1 dp=00 x=a488 y=0000 u=a810 s=1fee  dt=72
109a| 8604        LDA   #$04                cc=c0 a=04 b=b1 dp=00 x=a488 y=0000 u=a810 s=1fee  dt=16
109c| 905d        SUBA  <$5d                cc=c0 a=03 b=b1 dp=00 x=a488 y=0000 u=a810 s=1fee  dt=32
109e| cea898      LDU   #$a898              cc=c8 a=03 b=b1 dp=00 x=a488 y=0000 u=a898 s=1fee  dt=24
10a1| 33c6        LEAU  A,U                 cc=c8 a=03 b=b1 dp=00 x=a488 y=0000 u=a89b s=1fee  dt=40
10a3| 39          RTS                       cc=c8 a=03 b=b1 dp=00 x=a488 y=0000 u=a89b s=1ff0  dt=40
10e0| 6fc4        CLR   ,U                  cc=c4 a=03 b=b1 dp=00 x=a488 y=0000 u=a89b s=1ff0  dt=48
10e2| 3510        PULS  X                   cc=c4 a=03 b=b1 dp=00 x=a488 y=0000 u=a89b s=1ff2  dt=56
10e4| 3410        PSHS  X                   cc=c4 a=03 b=b1 dp=00 x=a488 y=0000 u=a89b s=1ff0  dt=56
10e6| ae01        LDX   1,X                 cc=c0 a=03 b=b1 dp=00 x=6fea y=0000 u=a89b s=1ff0  dt=48
10e8| 17ff99      LBSR  $1084               cc=c0 a=03 b=b1 dp=00 x=6fea y=0000 u=a89b s=1fee  dt=72
1084| 8604        LDA   #$04                cc=c0 a=04 b=b1 dp=00 x=6fea y=0000 u=a89b s=1fee  dt=16
1086| 905d        SUBA  <$5d                cc=c0 a=03 b=b1 dp=00 x=6fea y=0000 u=a89b s=1fee  dt=32
1088| c680        LDB   #$80                cc=c8 a=03 b=80 dp=00 x=6fea y=0000 u=a89b s=1fee  dt=16
108a| 3d          MUL                       cc=c9 a=01 b=80 dp=00 x=6fea y=0000 u=a89b s=1fee  dt=88
108b| 0d90        TST   <$90                cc=c5 a=01 b=80 dp=00 x=6fea y=0000 u=a89b s=1fee  dt=48
108d| 2605        BNE   $1094               cc=c5 a=01 b=80 dp=00 x=6fea y=0000 u=a89b s=1fee  dt=24
108f| c3a690      ADDD  #$a690              cc=c8 a=a8 b=10 dp=00 x=6fea y=0000 u=a89b s=1fee  dt=32
1092| 2003        BRA   $1097               cc=c8 a=a8 b=10 dp=00 x=6fea y=0000 u=a89b s=1fee  dt=24
1097| 1f03        TFR   D,U                 cc=c8 a=a8 b=10 dp=00 x=6fea y=0000 u=a810 s=1fee  dt=48
1099| 39          RTS                       cc=c8 a=a8 b=10 dp=00 x=6fea y=0000 u=a810 s=1ff0  dt=40
10eb| 1702a1      LBSR  $138f               cc=c8 a=a8 b=10 dp=00 x=6fea y=0000 u=a810 s=1fee  dt=72
138f| 108e0010    LDY   #$0010              cc=c0 a=a8 b=10 dp=00 x=6fea y=0010 u=a810 s=1fee  dt=32
1393| ec81        LDD   ,X++                cc=c0 a=00 b=74 dp=00 x=6fec y=0010 u=a810 s=1fee  dt=64
1395| edc1        STD   ,U++                cc=c0 a=00 b=74 dp=00 x=6fec y=0010 u=a812 s=1fee  dt=64
1397| ec81        LDD   ,X++                cc=c0 a=65 b=de dp=00 x=6fee y=0010 u=a812 s=1fee  dt=64
1399| edc1        STD   ,U++                cc=c0 a=65 b=de dp=00 x=6fee y=0010 u=a814 s=1fee  dt=64
139b| ec81        LDD   ,X++                cc=c0 a=65 b=f1 dp=00 x=6ff0 y=0010 u=a814 s=1fee  dt=64
139d| edc1        STD   ,U++                cc=c0 a=65 b=f1 dp=00 x=6ff0 y=0010 u=a816 s=1fee  dt=64
139f| ec81        LDD   ,X++                cc=c8 a=82 b=1b dp=00 x=6ff2 y=0010 u=a816 s=1fee  dt=64
13a1| edc1        STD   ,U++                cc=c8 a=82 b=1b dp=00 x=6ff2 y=0010 u=a818 s=1fee  dt=64
13a3| 30890098    LEAX  $0098,X             cc=c8 a=82 b=1b dp=00 x=708a y=0010 u=a818 s=1fee  dt=64
13a7| 313f        LEAY  -1,Y                cc=c8 a=82 b=1b dp=00 x=708a y=000f u=a818 s=1fee  dt=40
13a9| 26e8        BNE   $1393               cc=c8 a=82 b=1b dp=00 x=708a y=000f u=a818 s=1fee  dt=24
1393| ec81        LDD   ,X++                cc=c0 a=00 b=76 dp=00 x=708c y=000f u=a818 s=1fee  dt=64
1395| edc1        STD   ,U++                cc=c0 a=00 b=76 dp=00 x=708c y=000f u=a81a s=1fee  dt=64
1397| ec81        LDD   ,X++                cc=c8 a=f8 b=cd dp=00 x=708e y=000f u=a81a s=1fee  dt=64
1399| edc1        STD   ,U++                cc=c8 a=f8 b=cd dp=00 x=708e y=000f u=a81c s=1fee  dt=64
139b| ec81        LDD   ,X++                cc=c0 a=3c b=f6 dp=00 x=7090 y=000f u=a81c s=1fee  dt=64
139d| edc1        STD   ,U++                cc=c0 a=3c b=f6 dp=00 x=7090 y=000f u=a81e s=1fee  dt=64
139f| ec81        LDD   ,X++                cc=c8 a=fc b=71 dp=00 x=7092 y=000f u=a81e s=1fee  dt=64
13a1| edc1        STD   ,U++                cc=c8 a=fc b=71 dp=00 x=7092 y=000f u=a820 s=1fee  dt=64
13a3| 30890098    LEAX  $0098,X             cc=c8 a=fc b=71 dp=00 x=712a y=000f u=a820 s=1fee  dt=64
13a7| 313f        LEAY  -1,Y                cc=c8 a=fc b=71 dp=00 x=712a y=000e u=a820 s=1fee  dt=40
13a9| 26e8        BNE   $1393               cc=c8 a=fc b=71 dp=00 x=712a y=000e u=a820 s=1fee  dt=24
1393| ec81        LDD   ,X++                cc=c0 a=00 b=8a dp=00 x=712c y=000e u=a820 s=1fee  dt=64
1395| edc1        STD   ,U++                cc=c0 a=00 b=8a dp=00 x=712c y=000e u=a822 s=1fee  dt=64
1397| ec81        LDD   ,X++                cc=c0 a=79 b=64 dp=00 x=712e y=000e u=a822 s=1fee  dt=64
1399| edc1        STD   ,U++                cc=c0 a=79 b=64 dp=00 x=712e y=000e u=a824 s=1fee  dt=64
139b| ec81        LDD   ,X++                cc=c8 a=82 b=db dp=00 x=7130 y=000e u=a824 s=1fee  dt=64
139d| edc1        STD   ,U++                cc=c8 a=82 b=db dp=00 x=7130 y=000e u=a826 s=1fee  dt=64
139f| ec81        LDD   ,X++                cc=c8 a=e4 b=40 dp=00 x=7132 y=000e u=a826 s=1fee  dt=64
13a1| edc1        STD   ,U++                cc=c8 a=e4 b=40 dp=00 x=7132 y=000e u=a828 s=1fee  dt=64
13a3| 30890098    LEAX  $0098,X             cc=c8 a=e4 b=40 dp=00 x=71ca y=000e u=a828 s=1fee  dt=64
13a7| 313f        LEAY  -1,Y                cc=c8 a=e4 b=40 dp=00 x=71ca y=000d u=a828 s=1fee  dt=40
13a9| 26e8        BNE   $1393               cc=c8 a=e4 b=40 dp=00 x=71ca y=000d u=a828 s=1fee  dt=24
1393| ec81        LDD   ,X++                cc=c0 a=00 b=7a dp=00 x=71cc y=000d u=a828 s=1fee  dt=64
1395| edc1        STD   ,U++                cc=c0 a=00 b=7a dp=00 x=71cc y=000d u=a82a s=1fee  dt=64
1397| ec81        LDD   ,X++                cc=c8 a=93 b=bd dp=00 x=71ce y=000d u=a82a s=1fee  dt=64
1399| edc1        STD   ,U++                cc=c8 a=93 b=bd dp=00 x=71ce y=000d u=a82c s=1fee  dt=64
139b| ec81        LDD   ,X++                cc=c8 a=e5 b=42 dp=00 x=71d0 y=000d u=a82c s=1fee  dt=64
139d| edc1        STD   ,U++                cc=c8 a=e5 b=42 dp=00 x=71d0 y=000d u=a82e s=1fee  dt=64
139f| ec81        LDD   ,X++                cc=c0 a=6e b=78 dp=00 x=71d2 y=000d u=a82e s=1fee  dt=64
13a1| edc1        STD   ,U++                cc=c0 a=6e b=78 dp=00 x=71d2 y=000d u=a830 s=1fee  dt=64
13a3| 30890098    LEAX  $0098,X             cc=c0 a=6e b=78 dp=00 x=726a y=000d u=a830 s=1fee  dt=64
13a7| 313f        LEAY  -1,Y                cc=c0 a=6e b=78 dp=00 x=726a y=000c u=a830 s=1fee  dt=40
13a9| 26e8        BNE   $1393               cc=c0 a=6e b=78 dp=00 x=726a y=000c u=a830 s=1fee  dt=24
1393| ec81        LDD   ,X++                cc=c0 a=00 b=d3 dp=00 x=726c y=000c u=a830 s=1fee  dt=64
1395| edc1        STD   ,U++                cc=c0 a=00 b=d3 dp=00 x=726c y=000c u=a832 s=1fee  dt=64
1397| ec81        LDD   ,X++                cc=c0 a=56 b=1b dp=00 x=726e y=000c u=a832 s=1fee  dt=64
1399| edc1        STD   ,U++                cc=c0 a=56 b=1b dp=00 x=726e y=000c u=a834 s=1fee  dt=64
139b| ec81        LDD   ,X++                cc=c8 a=c4 b=d8 dp=00 x=7270 y=000c u=a834 s=1fee  dt=64
139d| edc1        STD   ,U++                cc=c8 a=c4 b=d8 dp=00 x=7270 y=000c u=a836 s=1fee  dt=64
139f| ec81        LDD   ,X++                cc=c0 a=36 b=6f dp=00 x=7272 y=000c u=a836 s=1fee  dt=64
13a1| edc1        STD   ,U++                cc=c0 a=36 b=6f dp=00 x=7272 y=000c u=a838 s=1fee  dt=64
13a3| 30890098    LEAX  $0098,X             cc=c0 a=36 b=6f dp=00 x=730a y=000c u=a838 s=1fee  dt=64
13a7| 313f        LEAY  -1,Y                cc=c0 a=36 b=6f dp=00 x=730a y=000b u=a838 s=1fee  dt=40
13a9| 26e8        BNE   $1393               cc=c0 a=36 b=6f dp=00 x=730a y=000b u=a838 s=1fee  dt=24
1393| ec81        LDD   ,X++                cc=c0 a=00 b=2e dp=00 x=730c y=000b u=a838 s=1fee  dt=64
1395| edc1        STD   ,U++                cc=c0 a=00 b=2e dp=00 x=730c y=000b u=a83a s=1fee  dt=64
1397| ec81        LDD   ,X++                cc=c0 a=3c b=8a dp=00 x=730e y=000b u=a83a s=1fee  dt=64
1399| edc1        STD   ,U++                cc=c0 a=3c b=8a dp=00 x=730e y=000b u=a83c s=1fee  dt=64
139b| ec81        LDD   ,X++                cc=c0 a=24 b=39 dp=00 x=7310 y=000b u=a83c s=1fee  dt=64
139d| edc1        STD   ,U++                cc=c0 a=24 b=39 dp=00 x=7310 y=000b u=a83e s=1fee  dt=64
139f| ec81        LDD   ,X++                cc=c8 a=fc b=b7 dp=00 x=7312 y=000b u=a83e s=1fee  dt=64
13a1| edc1        STD   ,U++                cc=c8 a=fc b=b7 dp=00 x=7312 y=000b u=a840 s=1fee  dt=64
13a3| 30890098    LEAX  $0098,X             cc=c8 a=fc b=b7 dp=00 x=73aa y=000b u=a840 s=1fee  dt=64
13a7| 313f        LEAY  -1,Y                cc=c8 a=fc b=b7 dp=00 x=73aa y=000a u=a840 s=1fee  dt=40
13a9| 26e8        BNE   $1393               cc=c8 a=fc b=b7 dp=00 x=73aa y=000a u=a840 s=1fee  dt=24
1393| ec81        LDD   ,X++                cc=c0 a=00 b=75 dp=00 x=73ac y=000a u=a840 s=1fee  dt=64
1395| edc1        STD   ,U++                cc=c0 a=00 b=75 dp=00 x=73ac y=000a u=a842 s=1fee  dt=64
1397| ec81        LDD   ,X++                cc=c0 a=1c b=45 dp=00 x=73ae y=000a u=a842 s=1fee  dt=64
1399| edc1        STD   ,U++                cc=c0 a=1c b=45 dp=00 x=73ae y=000a u=a844 s=1fee  dt=64
139b| ec81        LDD   ,X++                cc=c0 a=50 b=00 dp=00 x=73b0 y=000a u=a844 s=1fee  dt=64
139d| edc1        STD   ,U++                cc=c0 a=50 b=00 dp=00 x=73b0 y=000a u=a846 s=1fee  dt=64
139f| ec81        LDD   ,X++                cc=c8 a=85 b=15 dp=00 x=73b2 y=000a u=a846 s=1fee  dt=64
13a1| edc1        STD   ,U++                cc=c8 a=85 b=15 dp=00 x=73b2 y=000a u=a848 s=1fee  dt=64
13a3| 30890098    LEAX  $0098,X             cc=c8 a=85 b=15 dp=00 x=744a y=000a u=a848 s=1fee  dt=64
13a7| 313f        LEAY  -1,Y                cc=c8 a=85 b=15 dp=00 x=744a y=0009 u=a848 s=1fee  dt=40
13a9| 26e8        BNE   $1393               cc=c8 a=85 b=15 dp=00 x=744a y=0009 u=a848 s=1fee  dt=24
1393| ec81        LDD   ,X++                cc=c0 a=00 b=18 dp=00 x=744c y=0009 u=a848 s=1fee  dt=64
1395| edc1        STD   ,U++                cc=c0 a=00 b=18 dp=00 x=744c y=0009 u=a84a s=1fee  dt=64
1397| ec81        LDD   ,X++                cc=c8 a=d2 b=60 dp=00 x=744e y=0009 u=a84a s=1fee  dt=64
1399| edc1        STD   ,U++                cc=c8 a=d2 b=60 dp=00 x=744e y=0009 u=a84c s=1fee  dt=64
139b| ec81        LDD   ,X++                cc=c0 a=5a b=40 dp=00 x=7450 y=0009 u=a84c s=1fee  dt=64
139d| edc1        STD   ,U++                cc=c0 a=5a b=40 dp=00 x=7450 y=0009 u=a84e s=1fee  dt=64
139f| ec81        LDD   ,X++                cc=c8 a=d8 b=10 dp=00 x=7452 y=0009 u=a84e s=1fee  dt=64
13a1| edc1        STD   ,U++                cc=c8 a=d8 b=10 dp=00 x=7452 y=0009 u=a850 s=1fee  dt=64
13a3| 30890098    LEAX  $0098,X             cc=c8 a=d8 b=10 dp=00 x=74ea y=0009 u=a850 s=1fee  dt=64
13a7| 313f        LEAY  -1,Y                cc=c8 a=d8 b=10 dp=00 x=74ea y=0008 u=a850 s=1fee  dt=40
13a9| 26e8        BNE   $1393               cc=c8 a=d8 b=10 dp=00 x=74ea y=0008 u=a850 s=1fee  dt=24
1393| ec81        LDD   ,X++                cc=c0 a=00 b=2f dp=00 x=74ec y=0008 u=a850 s=1fee  dt=64
1395| edc1        STD   ,U++                cc=c0 a=00 b=2f dp=00 x=74ec y=0008 u=a852 s=1fee  dt=64
1397| ec81        LDD   ,X++                cc=c0 a=2b b=d7 dp=00 x=74ee y=0008 u=a852 s=1fee  dt=64
1399| edc1        STD   ,U++                cc=c0 a=2b b=d7 dp=00 x=74ee y=0008 u=a854 s=1fee  dt=64
139b| ec81        LDD   ,X++                cc=c0 a=07 b=62 dp=00 x=74f0 y=0008 u=a854 s=1fee  dt=64
139d| edc1        STD   ,U++                cc=c0 a=07 b=62 dp=00 x=74f0 y=0008 u=a856 s=1fee  dt=64
139f| ec81        LDD   ,X++                cc=c0 a=47 b=56 dp=00 x=74f2 y=0008 u=a856 s=1fee  dt=64
13a1| edc1        STD   ,U++                cc=c0 a=47 b=56 dp=00 x=74f2 y=0008 u=a858 s=1fee  dt=64
13a3| 30890098    LEAX  $0098,X             cc=c0 a=47 b=56 dp=00 x=758a y=0008 u=a858 s=1fee  dt=64
13a7| 313f        LEAY  -1,Y                cc=c0 a=47 b=56 dp=00 x=758a y=0007 u=a858 s=1fee  dt=40
13a9| 26e8        BNE   $1393               cc=c0 a=47 b=56 dp=00 x=758a y=0007 u=a858 s=1fee  dt=24
1393| ec81        LDD   ,X++                cc=c0 a=00 b=83 dp=00 x=758c y=0007 u=a858 s=1fee  dt=64
1395| edc1        STD   ,U++                cc=c0 a=00 b=83 dp=00 x=758c y=0007 u=a85a s=1fee  dt=64
1397| ec81        LDD   ,X++                cc=c8 a=e0 b=b5 dp=00 x=758e y=0007 u=a85a s=1fee  dt=64
1399| edc1        STD   ,U++                cc=c8 a=e0 b=b5 dp=00 x=758e y=0007 u=a85c s=1fee  dt=64
139b| ec81        LDD   ,X++                cc=c8 a=bc b=dc dp=00 x=7590 y=0007 u=a85c s=1fee  dt=64
139d| edc1        STD   ,U++                cc=c8 a=bc b=dc dp=00 x=7590 y=0007 u=a85e s=1fee  dt=64
139f| ec81        LDD   ,X++                cc=c0 a=6c b=7f dp=00 x=7592 y=0007 u=a85e s=1fee  dt=64
13a1| edc1        STD   ,U++                cc=c0 a=6c b=7f dp=00 x=7592 y=0007 u=a860 s=1fee  dt=64
13a3| 30890098    LEAX  $0098,X             cc=c0 a=6c b=7f dp=00 x=762a y=0007 u=a860 s=1fee  dt=64
13a7| 313f        LEAY  -1,Y                cc=c0 a=6c b=7f dp=00 x=762a y=0006 u=a860 s=1fee  dt=40
13a9| 26e8        BNE   $1393               cc=c0 a=6c b=7f dp=00 x=762a y=0006 u=a860 s=1fee  dt=24
1393| ec81        LDD   ,X++                cc=c0 a=00 b=88 dp=00 x=762c y=0006 u=a860 s=1fee  dt=64
1395| edc1        STD   ,U++                cc=c0 a=00 b=88 dp=00 x=762c y=0006 u=a862 s=1fee  dt=64
1397| ec81        LDD   ,X++                cc=c8 a=c4 b=a2 dp=00 x=762e y=0006 u=a862 s=1fee  dt=64
1399| edc1        STD   ,U++                cc=c8 a=c4 b=a2 dp=00 x=762e y=0006 u=a864 s=1fee  dt=64
139b| ec81        LDD   ,X++                cc=c8 a=89 b=4a dp=00 x=7630 y=0006 u=a864 s=1fee  dt=64
139d| edc1        STD   ,U++                cc=c8 a=89 b=4a dp=00 x=7630 y=0006 u=a866 s=1fee  dt=64
139f| ec81        LDD   ,X++                cc=c8 a=b8 b=04 dp=00 x=7632 y=0006 u=a866 s=1fee  dt=64
13a1| edc1        STD   ,U++                cc=c8 a=b8 b=04 dp=00 x=7632 y=0006 u=a868 s=1fee  dt=64
13a3| 30890098    LEAX  $0098,X             cc=c8 a=b8 b=04 dp=00 x=76ca y=0006 u=a868 s=1fee  dt=64
13a7| 313f        LEAY  -1,Y                cc=c8 a=b8 b=04 dp=00 x=76ca y=0005 u=a868 s=1fee  dt=40
13a9| 26e8        BNE   $1393               cc=c8 a=b8 b=04 dp=00 x=76ca y=0005 u=a868 s=1fee  dt=24
1393| ec81        LDD   ,X++                cc=c0 a=00 b=8a dp=00 x=76cc y=0005 u=a868 s=1fee  dt=64
1395| edc1        STD   ,U++                cc=c0 a=00 b=8a dp=00 x=76cc y=0005 u=a86a s=1fee  dt=64
1397| ec81        LDD   ,X++                cc=c0 a=64 b=bd dp=00 x=76ce y=0005 u=a86a s=1fee  dt=64
1399| edc1        STD   ,U++                cc=c0 a=64 b=bd dp=00 x=76ce y=0005 u=a86c s=1fee  dt=64
139b| ec81        LDD   ,X++                cc=c8 a=cb b=3c dp=00 x=76d0 y=0005 u=a86c s=1fee  dt=64
139d| edc1        STD   ,U++                cc=c8 a=cb b=3c dp=00 x=76d0 y=0005 u=a86e s=1fee  dt=64
139f| ec81        LDD   ,X++                cc=c8 a=cd b=de dp=00 x=76d2 y=0005 u=a86e s=1fee  dt=64
13a1| edc1        STD   ,U++                cc=c8 a=cd b=de dp=00 x=76d2 y=0005 u=a870 s=1fee  dt=64
13a3| 30890098    LEAX  $0098,X             cc=c8 a=cd b=de dp=00 x=776a y=0005 u=a870 s=1fee  dt=64
13a7| 313f        LEAY  -1,Y                cc=c8 a=cd b=de dp=00 x=776a y=0004 u=a870 s=1fee  dt=40
13a9| 26e8        BNE   $1393               cc=c8 a=cd b=de dp=00 x=776a y=0004 u=a870 s=1fee  dt=24
1393| ec81        LDD   ,X++                cc=c0 a=00 b=f9 dp=00 x=776c y=0004 u=a870 s=1fee  dt=64
1395| edc1        STD   ,U++                cc=c0 a=00 b=f9 dp=00 x=776c y=0004 u=a872 s=1fee  dt=64
1397| ec81        LDD   ,X++                cc=c8 a=b6 b=73 dp=00 x=776e y=0004 u=a872 s=1fee  dt=64
1399| edc1        STD   ,U++                cc=c8 a=b6 b=73 dp=00 x=776e y=0004 u=a874 s=1fee  dt=64
139b| ec81        LDD   ,X++                cc=c0 a=5b b=fd dp=00 x=7770 y=0004 u=a874 s=1fee  dt=64
139d| edc1        STD   ,U++                cc=c0 a=5b b=fd dp=00 x=7770 y=0004 u=a876 s=1fee  dt=64
139f| ec81        LDD   ,X++                cc=c8 a=c9 b=eb dp=00 x=7772 y=0004 u=a876 s=1fee  dt=64
13a1| edc1        STD   ,U++                cc=c8 a=c9 b=eb dp=00 x=7772 y=0004 u=a878 s=1fee  dt=64
13a3| 30890098    LEAX  $0098,X             cc=c8 a=c9 b=eb dp=00 x=780a y=0004 u=a878 s=1fee  dt=64
13a7| 313f        LEAY  -1,Y                cc=c8 a=c9 b=eb dp=00 x=780a y=0003 u=a878 s=1fee  dt=40
13a9| 26e8        BNE   $1393               cc=c8 a=c9 b=eb dp=00 x=780a y=0003 u=a878 s=1fee  dt=24
1393| ec81        LDD   ,X++                cc=c0 a=00 b=a9 dp=00 x=780c y=0003 u=a878 s=1fee  dt=64
1395| edc1        STD   ,U++                cc=c0 a=00 b=a9 dp=00 x=780c y=0003 u=a87a s=1fee  dt=64
1397| ec81        LDD   ,X++                cc=c8 a=a0 b=3d dp=00 x=780e y=0003 u=a87a s=1fee  dt=64
1399| edc1        STD   ,U++                cc=c8 a=a0 b=3d dp=00 x=780e y=0003 u=a87c s=1fee  dt=64
139b| ec81        LDD   ,X++                cc=c8 a=86 b=0d dp=00 x=7810 y=0003 u=a87c s=1fee  dt=64
139d| edc1        STD   ,U++                cc=c8 a=86 b=0d dp=00 x=7810 y=0003 u=a87e s=1fee  dt=64
139f| ec81        LDD   ,X++                cc=c8 a=bc b=d8 dp=00 x=7812 y=0003 u=a87e s=1fee  dt=64
13a1| edc1        STD   ,U++                cc=c8 a=bc b=d8 dp=00 x=7812 y=0003 u=a880 s=1fee  dt=64
13a3| 30890098    LEAX  $0098,X             cc=c8 a=bc b=d8 dp=00 x=78aa y=0003 u=a880 s=1fee  dt=64
13a7| 313f        LEAY  -1,Y                cc=c8 a=bc b=d8 dp=00 x=78aa y=0002 u=a880 s=1fee  dt=40
13a9| 26e8        BNE   $1393               cc=c8 a=bc b=d8 dp=00 x=78aa y=0002 u=a880 s=1fee  dt=24
1393| ec81        LDD   ,X++                cc=c0 a=00 b=81 dp=00 x=78ac y=0002 u=a880 s=1fee  dt=64
1395| edc1        STD   ,U++                cc=c0 a=00 b=81 dp=00 x=78ac y=0002 u=a882 s=1fee  dt=64
1397| ec81        LDD   ,X++                cc=c0 a=7a b=1e dp=00 x=78ae y=0002 u=a882 s=1fee  dt=64
1399| edc1        STD   ,U++                cc=c0 a=7a b=1e dp=00 x=78ae y=0002 u=a884 s=1fee  dt=64
139b| ec81        LDD   ,X++                cc=c8 a=cb b=32 dp=00 x=78b0 y=0002 u=a884 s=1fee  dt=64
139d| edc1        STD   ,U++                cc=c8 a=cb b=32 dp=00 x=78b0 y=0002 u=a886 s=1fee  dt=64
139f| ec81        LDD   ,X++                cc=c0 a=22 b=2d dp=00 x=78b2 y=0002 u=a886 s=1fee  dt=64
13a1| edc1        STD   ,U++                cc=c0 a=22 b=2d dp=00 x=78b2 y=0002 u=a888 s=1fee  dt=64
13a3| 30890098    LEAX  $0098,X             cc=c0 a=22 b=2d dp=00 x=794a y=0002 u=a888 s=1fee  dt=64
13a7| 313f        LEAY  -1,Y                cc=c0 a=22 b=2d dp=00 x=794a y=0001 u=a888 s=1fee  dt=40
13a9| 26e8        BNE   $1393               cc=c0 a=22 b=2d dp=00 x=794a y=0001 u=a888 s=1fee  dt=24
1393| ec81        LDD   ,X++                cc=c0 a=00 b=86 dp=00 x=794c y=0001 u=a888 s=1fee  dt=64
1395| edc1        STD   ,U++                cc=c0 a=00 b=86 dp=00 x=794c y=0001 u=a88a s=1fee  dt=64
1397| ec81        LDD   ,X++                cc=c8 a=ea b=88 dp=00 x=794e y=0001 u=a88a s=1fee  dt=64
1399| edc1        STD   ,U++                cc=c8 a=ea b=88 dp=00 x=794e y=0001 u=a88c s=1fee  dt=64
139b| ec81        LDD   ,X++                cc=c8 a=c3 b=b8 dp=00 x=7950 y=0001 u=a88c s=1fee  dt=64
139d| edc1        STD   ,U++                cc=c8 a=c3 b=b8 dp=00 x=7950 y=0001 u=a88e s=1fee  dt=64
139f| ec81        LDD   ,X++                cc=c0 a=66 b=2e dp=00 x=7952 y=0001 u=a88e s=1fee  dt=64
13a1| edc1        STD   ,U++                cc=c0 a=66 b=2e dp=00 x=7952 y=0001 u=a890 s=1fee  dt=64
13a3| 30890098    LEAX  $0098,X             cc=c0 a=66 b=2e dp=00 x=79ea y=0001 u=a890 s=1fee  dt=64
13a7| 313f        LEAY  -1,Y                cc=c4 a=66 b=2e dp=00 x=79ea y=0000 u=a890 s=1fee  dt=40
13a9| 26e8        BNE   $1393               cc=c4 a=66 b=2e dp=00 x=79ea y=0000 u=a890 s=1fee  dt=24
13ab| 39          RTS                       cc=c4 a=66 b=2e dp=00 x=79ea y=0000 u=a890 s=1ff0  dt=40
10ee| 3510        PULS  X                   cc=c4 a=66 b=2e dp=00 x=a488 y=0000 u=a890 s=1ff2  dt=56
10f0| 39          RTS                       cc=c4 a=66 b=2e dp=00 x=a488 y=0000 u=a890 s=1ff4  dt=40
0c4b| 3510        PULS  X                   cc=c4 a=66 b=2e dp=00 x=a488 y=0000 u=a890 s=1ff6  dt=56
0c4d| 8601        LDA   #$01                cc=c0 a=01 b=2e dp=00 x=a488 y=0000 u=a890 s=1ff6  dt=16
0c4f| a706        STA   6,X                 cc=c0 a=01 b=2e dp=00 x=a488 y=0000 u=a890 s=1ff6  dt=40
0c51| 3008        LEAX  8,X                 cc=c0 a=01 b=2e dp=00 x=a490 y=0000 u=a890 s=1ff6  dt=40
0c53| 0a5d        DEC   <$5d                cc=c4 a=01 b=2e dp=00 x=a490 y=0000 u=a890 s=1ff6  dt=48
0c55| 26e1        BNE   $0c38               cc=c4 a=01 b=2e dp=00 x=a490 y=0000 u=a890 s=1ff6  dt=24
0c57| 8ea470      LDX   #$a470              cc=c8 a=01 b=2e dp=00 x=a470 y=0000 u=a890 s=1ff6  dt=24
0c5a| 8604        LDA   #$04                cc=c0 a=04 b=2e dp=00 x=a470 y=0000 u=a890 s=1ff6  dt=16
0c5c| 975d        STA   <$5d                cc=c0 a=04 b=2e dp=00 x=a470 y=0000 u=a890 s=1ff6  dt=32
0c5e| 6d84        TST   ,X                  cc=c0 a=04 b=2e dp=00 x=a470 y=0000 u=a890 s=1ff6  dt=48
0c60| 270f        BEQ   $0c71               cc=c0 a=04 b=2e dp=00 x=a470 y=0000 u=a890 s=1ff6  dt=24
0c62| 6d06        TST   6,X                 cc=c0 a=04 b=2e dp=00 x=a470 y=0000 u=a890 s=1ff6  dt=56
0c64| 270b        BEQ   $0c71               cc=c0 a=04 b=2e dp=00 x=a470 y=0000 u=a890 s=1ff6  dt=24
0c66| e607        LDB   7,X                 cc=c0 a=04 b=01 dp=00 x=a470 y=0000 u=a890 s=1ff6  dt=40
0c68| 3410        PSHS  X                   cc=c0 a=04 b=01 dp=00 x=a470 y=0000 u=a890 s=1ff4  dt=56
0c6a| ae01        LDX   1,X                 cc=c0 a=04 b=01 dp=00 x=2fce y=0000 u=a890 s=1ff4  dt=48
0c6c| 17073d      LBSR  $13ac               cc=c0 a=04 b=01 dp=00 x=2fce y=0000 u=a890 s=1ff2  dt=72
13ac| 170236      LBSR  $15e5               cc=c0 a=04 b=01 dp=00 x=2fce y=0000 u=a890 s=1ff0  dt=72
15e5| c104        CMPB  #$04                cc=c9 a=04 b=01 dp=00 x=2fce y=0000 u=a890 s=1ff0  dt=16
15e7| 2501        BCS   $15ea               cc=c9 a=04 b=01 dp=00 x=2fce y=0000 u=a890 s=1ff0  dt=24
15ea| d766        STB   <$66                cc=c1 a=04 b=01 dp=00 x=2fce y=0000 u=a890 s=1ff0  dt=32
15ec| 8604        LDA   #$04                cc=c1 a=04 b=01 dp=00 x=2fce y=0000 u=a890 s=1ff0  dt=16
15ee| 905d        SUBA  <$5d                cc=c4 a=00 b=01 dp=00 x=2fce y=0000 u=a890 s=1ff0  dt=32
15f0| 8104        CMPA  #$04                cc=c9 a=00 b=01 dp=00 x=2fce y=0000 u=a890 s=1ff0  dt=16
15f2| 2302        BLS   $15f6               cc=c9 a=00 b=01 dp=00 x=2fce y=0000 u=a890 s=1ff0  dt=24
15f6| 9764        STA   <$64                cc=c5 a=00 b=01 dp=00 x=2fce y=0000 u=a890 s=1ff0  dt=32
15f8| 9624        LDA   <$24                cc=c1 a=01 b=01 dp=00 x=2fce y=0000 u=a890 s=1ff0  dt=32
15fa| 8109        CMPA  #$09                cc=c9 a=01 b=01 dp=00 x=2fce y=0000 u=a890 s=1ff0  dt=16
15fc| 2517        BCS   $1615               cc=c9 a=01 b=01 dp=00 x=2fce y=0000 u=a890 s=1ff0  dt=24
1615| 4a          DECA                      cc=c5 a=00 b=01 dp=00 x=2fce y=0000 u=a890 s=1ff0  dt=16
1616| 48          LSLA                      cc=c4 a=00 b=01 dp=00 x=2fce y=0000 u=a890 s=1ff0  dt=16
1617| 48          LSLA                      cc=c4 a=00 b=01 dp=00 x=2fce y=0000 u=a890 s=1ff0  dt=16
1618| 9b66        ADDA  <$66                cc=c0 a=01 b=01 dp=00 x=2fce y=0000 u=a890 s=1ff0  dt=32
161a| 48          LSLA                      cc=c0 a=02 b=01 dp=00 x=2fce y=0000 u=a890 s=1ff0  dt=16
161b| 48          LSLA                      cc=c0 a=04 b=01 dp=00 x=2fce y=0000 u=a890 s=1ff0  dt=16
161c| 9a54        ORA   <$54                cc=c0 a=06 b=01 dp=00 x=2fce y=0000 u=a890 s=1ff0  dt=32
161e| 39          RTS                       cc=c0 a=06 b=01 dp=00 x=2fce y=0000 u=a890 s=1ff2  dt=40
13af| 17027a      LBSR  $162c               cc=c0 a=06 b=01 dp=00 x=2fce y=0000 u=a890 s=1ff0  dt=72
162c| c603        LDB   #$03                cc=c0 a=06 b=03 dp=00 x=2fce y=0000 u=a890 s=1ff0  dt=16
162e| 3d          MUL                       cc=c0 a=00 b=12 dp=00 x=2fce y=0000 u=a890 s=1ff0  dt=88
162f| ce0500      LDU   #$0500              cc=c0 a=00 b=12 dp=00 x=2fce y=0000 u=0500 s=1ff0  dt=24
1632| 33cb        LEAU  D,U                 cc=c0 a=00 b=12 dp=00 x=2fce y=0000 u=0512 s=1ff0  dt=64
1634| a6c4        LDA   ,U                  cc=c0 a=35 b=12 dp=00 x=2fce y=0000 u=0512 s=1ff0  dt=32
1636| b7ffa5      STA   $ffa5               cc=c0 a=35 b=12 dp=00 x=2fce y=0000 u=0512 s=1ff0  dt=40
1639| ee41        LDU   1,U                 cc=c8 a=35 b=12 dp=00 x=2fce y=0000 u=a5dc s=1ff0  dt=48
163b| 39          RTS                       cc=c8 a=35 b=12 dp=00 x=2fce y=0000 u=a5dc s=1ff2  dt=40
13b2| 170297      LBSR  $164c               cc=c8 a=35 b=12 dp=00 x=2fce y=0000 u=a5dc s=1ff0  dt=72
164c| 200d        BRA   $165b               cc=c8 a=35 b=12 dp=00 x=2fce y=0000 u=a5dc s=1ff0  dt=24
165b| e6c0        LDB   ,U+                 cc=c8 a=35 b=ff dp=00 x=2fce y=0000 u=a5dd s=1ff0  dt=48
165d| c1ff        CMPB  #$ff                cc=c4 a=35 b=ff dp=00 x=2fce y=0000 u=a5dd s=1ff0  dt=16
165f| 274a        BEQ   $16ab               cc=c4 a=35 b=ff dp=00 x=2fce y=0000 u=a5dd s=1ff0  dt=24
16ab| ecc1        LDD   ,U++                cc=c0 a=01 b=42 dp=00 x=2fce y=0000 u=a5df s=1ff0  dt=64
16ad| 2706        BEQ   $16b5               cc=c0 a=01 b=42 dp=00 x=2fce y=0000 u=a5df s=1ff0  dt=24
16af| 308b        LEAX  D,X                 cc=c0 a=01 b=42 dp=00 x=3110 y=0000 u=a5df s=1ff0  dt=64
16b1| 3341        LEAU  1,U                 cc=c0 a=01 b=42 dp=00 x=3110 y=0000 u=a5e0 s=1ff0  dt=40
16b3| 20ad        BRA   $1662               cc=c0 a=01 b=42 dp=00 x=3110 y=0000 u=a5e0 s=1ff0  dt=24
1662| e6c0        LDB   ,U+                 cc=c0 a=01 b=03 dp=00 x=3110 y=0000 u=a5e1 s=1ff0  dt=48
1664| 2be8        BMI   $164e               cc=c0 a=01 b=03 dp=00 x=3110 y=0000 u=a5e1 s=1ff0  dt=24
1666| c105        CMPB  #$05                cc=c9 a=01 b=03 dp=00 x=3110 y=0000 u=a5e1 s=1ff0  dt=16
1668| 271b        BEQ   $1685               cc=c9 a=01 b=03 dp=00 x=3110 y=0000 u=a5e1 s=1ff0  dt=24
166a| c104        CMPB  #$04                cc=c9 a=01 b=03 dp=00 x=3110 y=0000 u=a5e1 s=1ff0  dt=16
166c| 250f        BCS   $167d               cc=c9 a=01 b=03 dp=00 x=3110 y=0000 u=a5e1 s=1ff0  dt=24
167d| c102        CMPB  #$02                cc=c0 a=01 b=03 dp=00 x=3110 y=0000 u=a5e1 s=1ff0  dt=16
167f| 2724        BEQ   $16a5               cc=c0 a=01 b=03 dp=00 x=3110 y=0000 u=a5e1 s=1ff0  dt=24
1681| 250a        BCS   $168d               cc=c0 a=01 b=03 dp=00 x=3110 y=0000 u=a5e1 s=1ff0  dt=24
1683| 2004        BRA   $1689               cc=c0 a=01 b=03 dp=00 x=3110 y=0000 u=a5e1 s=1ff0  dt=24
1689| ecc1        LDD   ,U++                cc=c0 a=55 b=cc dp=00 x=3110 y=0000 u=a5e3 s=1ff0  dt=64
168b| ed81        STD   ,X++                cc=c0 a=55 b=cc dp=00 x=3112 y=0000 u=a5e3 s=1ff0  dt=64
168d| a6c0        LDA   ,U+                 cc=c8 a=cc b=cc dp=00 x=3112 y=0000 u=a5e4 s=1ff0  dt=48
168f| a780        STA   ,X+                 cc=c8 a=cc b=cc dp=00 x=3113 y=0000 u=a5e4 s=1ff0  dt=48
1691| 20c8        BRA   $165b               cc=c8 a=cc b=cc dp=00 x=3113 y=0000 u=a5e4 s=1ff0  dt=24
165b| e6c0        LDB   ,U+                 cc=c4 a=cc b=00 dp=00 x=3113 y=0000 u=a5e5 s=1ff0  dt=48
165d| c1ff        CMPB  #$ff                cc=c1 a=cc b=00 dp=00 x=3113 y=0000 u=a5e5 s=1ff0  dt=16
165f| 274a        BEQ   $16ab               cc=c1 a=cc b=00 dp=00 x=3113 y=0000 u=a5e5 s=1ff0  dt=24
1661| 3a          ABX                       cc=c1 a=cc b=00 dp=00 x=3113 y=0000 u=a5e5 s=1ff0  dt=24
1662| e6c0        LDB   ,U+                 cc=c9 a=cc b=81 dp=00 x=3113 y=0000 u=a5e6 s=1ff0  dt=48
1664| 2be8        BMI   $164e               cc=c9 a=cc b=81 dp=00 x=3113 y=0000 u=a5e6 s=1ff0  dt=24
164e| c47f        ANDB  #$7f                cc=c1 a=cc b=01 dp=00 x=3113 y=0000 u=a5e6 s=1ff0  dt=16
1650| a6c0        LDA   ,U+                 cc=c9 a=f0 b=01 dp=00 x=3113 y=0000 u=a5e7 s=1ff0  dt=48
1652| a484        ANDA  ,X                  cc=c5 a=00 b=01 dp=00 x=3113 y=0000 u=a5e7 s=1ff0  dt=32
1654| aac0        ORA   ,U+                 cc=c1 a=05 b=01 dp=00 x=3113 y=0000 u=a5e8 s=1ff0  dt=48
1656| a780        STA   ,X+                 cc=c1 a=05 b=01 dp=00 x=3114 y=0000 u=a5e8 s=1ff0  dt=48
1658| 5a          DECB                      cc=c5 a=05 b=00 dp=00 x=3114 y=0000 u=a5e8 s=1ff0  dt=16
1659| 26f5        BNE   $1650               cc=c5 a=05 b=00 dp=00 x=3114 y=0000 u=a5e8 s=1ff0  dt=24
165b| e6c0        LDB   ,U+                 cc=c5 a=05 b=00 dp=00 x=3114 y=0000 u=a5e9 s=1ff0  dt=48
165d| c1ff        CMPB  #$ff                cc=c1 a=05 b=00 dp=00 x=3114 y=0000 u=a5e9 s=1ff0  dt=16
165f| 274a        BEQ   $16ab               cc=c1 a=05 b=00 dp=00 x=3114 y=0000 u=a5e9 s=1ff0  dt=24
1661| 3a          ABX                       cc=c1 a=05 b=00 dp=00 x=3114 y=0000 u=a5e9 s=1ff0  dt=24
1662| e6c0        LDB   ,U+                 cc=c1 a=05 b=01 dp=00 x=3114 y=0000 u=a5ea s=1ff0  dt=48
1664| 2be8        BMI   $164e               cc=c1 a=05 b=01 dp=00 x=3114 y=0000 u=a5ea s=1ff0  dt=24
1666| c105        CMPB  #$05                cc=c9 a=05 b=01 dp=00 x=3114 y=0000 u=a5ea s=1ff0  dt=16
1668| 271b        BEQ   $1685               cc=c9 a=05 b=01 dp=00 x=3114 y=0000 u=a5ea s=1ff0  dt=24
166a| c104        CMPB  #$04                cc=c9 a=05 b=01 dp=00 x=3114 y=0000 u=a5ea s=1ff0  dt=16
166c| 250f        BCS   $167d               cc=c9 a=05 b=01 dp=00 x=3114 y=0000 u=a5ea s=1ff0  dt=24
167d| c102        CMPB  #$02                cc=c9 a=05 b=01 dp=00 x=3114 y=0000 u=a5ea s=1ff0  dt=16
167f| 2724        BEQ   $16a5               cc=c9 a=05 b=01 dp=00 x=3114 y=0000 u=a5ea s=1ff0  dt=24
1681| 250a        BCS   $168d               cc=c9 a=05 b=01 dp=00 x=3114 y=0000 u=a5ea s=1ff0  dt=24
168d| a6c0        LDA   ,U+                 cc=c1 a=55 b=01 dp=00 x=3114 y=0000 u=a5eb s=1ff0  dt=48
168f| a780        STA   ,X+                 cc=c1 a=55 b=01 dp=00 x=3115 y=0000 u=a5eb s=1ff0  dt=48
1691| 20c8        BRA   $165b               cc=c1 a=55 b=01 dp=00 x=3115 y=0000 u=a5eb s=1ff0  dt=24
165b| e6c0        LDB   ,U+                 cc=c9 a=55 b=9b dp=00 x=3115 y=0000 u=a5ec s=1ff0  dt=48
165d| c1ff        CMPB  #$ff                cc=c9 a=55 b=9b dp=00 x=3115 y=0000 u=a5ec s=1ff0  dt=16
165f| 274a        BEQ   $16ab               cc=c9 a=55 b=9b dp=00 x=3115 y=0000 u=a5ec s=1ff0  dt=24
1661| 3a          ABX                       cc=c9 a=55 b=9b dp=00 x=31b0 y=0000 u=a5ec s=1ff0  dt=24
1662| e6c0        LDB   ,U+                 cc=c1 a=55 b=03 dp=00 x=31b0 y=0000 u=a5ed s=1ff0  dt=48
1664| 2be8        BMI   $164e               cc=c1 a=55 b=03 dp=00 x=31b0 y=0000 u=a5ed s=1ff0  dt=24
1666| c105        CMPB  #$05                cc=c9 a=55 b=03 dp=00 x=31b0 y=0000 u=a5ed s=1ff0  dt=16
1668| 271b        BEQ   $1685               cc=c9 a=55 b=03 dp=00 x=31b0 y=0000 u=a5ed s=1ff0  dt=24
166a| c104        CMPB  #$04                cc=c9 a=55 b=03 dp=00 x=31b0 y=0000 u=a5ed s=1ff0  dt=16
166c| 250f        BCS   $167d               cc=c9 a=55 b=03 dp=00 x=31b0 y=0000 u=a5ed s=1ff0  dt=24
167d| c102        CMPB  #$02                cc=c0 a=55 b=03 dp=00 x=31b0 y=0000 u=a5ed s=1ff0  dt=16
167f| 2724        BEQ   $16a5               cc=c0 a=55 b=03 dp=00 x=31b0 y=0000 u=a5ed s=1ff0  dt=24
1681| 250a        BCS   $168d               cc=c0 a=55 b=03 dp=00 x=31b0 y=0000 u=a5ed s=1ff0  dt=24
1683| 2004        BRA   $1689               cc=c0 a=55 b=03 dp=00 x=31b0 y=0000 u=a5ed s=1ff0  dt=24
1689| ecc1        LDD   ,U++                cc=c8 a=cc b=cc dp=00 x=31b0 y=0000 u=a5ef s=1ff0  dt=64
168b| ed81        STD   ,X++                cc=c8 a=cc b=cc dp=00 x=31b2 y=0000 u=a5ef s=1ff0  dt=64
168d| a6c0        LDA   ,U+                 cc=c8 a=cc b=cc dp=00 x=31b2 y=0000 u=a5f0 s=1ff0  dt=48
168f| a780        STA   ,X+                 cc=c8 a=cc b=cc dp=00 x=31b3 y=0000 u=a5f0 s=1ff0  dt=48
1691| 20c8        BRA   $165b               cc=c8 a=cc b=cc dp=00 x=31b3 y=0000 u=a5f0 s=1ff0  dt=24
165b| e6c0        LDB   ,U+                 cc=c4 a=cc b=00 dp=00 x=31b3 y=0000 u=a5f1 s=1ff0  dt=48
165d| c1ff        CMPB  #$ff                cc=c1 a=cc b=00 dp=00 x=31b3 y=0000 u=a5f1 s=1ff0  dt=16
165f| 274a        BEQ   $16ab               cc=c1 a=cc b=00 dp=00 x=31b3 y=0000 u=a5f1 s=1ff0  dt=24
1661| 3a          ABX                       cc=c1 a=cc b=00 dp=00 x=31b3 y=0000 u=a5f1 s=1ff0  dt=24
1662| e6c0        LDB   ,U+                 cc=c9 a=cc b=81 dp=00 x=31b3 y=0000 u=a5f2 s=1ff0  dt=48
1664| 2be8        BMI   $164e               cc=c9 a=cc b=81 dp=00 x=31b3 y=0000 u=a5f2 s=1ff0  dt=24
164e| c47f        ANDB  #$7f                cc=c1 a=cc b=01 dp=00 x=31b3 y=0000 u=a5f2 s=1ff0  dt=16
1650| a6c0        LDA   ,U+                 cc=c1 a=0f b=01 dp=00 x=31b3 y=0000 u=a5f3 s=1ff0  dt=48
1652| a484        ANDA  ,X                  cc=c5 a=00 b=01 dp=00 x=31b3 y=0000 u=a5f3 s=1ff0  dt=32
1654| aac0        ORA   ,U+                 cc=c9 a=c0 b=01 dp=00 x=31b3 y=0000 u=a5f4 s=1ff0  dt=48
1656| a780        STA   ,X+                 cc=c9 a=c0 b=01 dp=00 x=31b4 y=0000 u=a5f4 s=1ff0  dt=48
1658| 5a          DECB                      cc=c5 a=c0 b=00 dp=00 x=31b4 y=0000 u=a5f4 s=1ff0  dt=16
1659| 26f5        BNE   $1650               cc=c5 a=c0 b=00 dp=00 x=31b4 y=0000 u=a5f4 s=1ff0  dt=24
165b| e6c0        LDB   ,U+                 cc=c9 a=c0 b=9b dp=00 x=31b4 y=0000 u=a5f5 s=1ff0  dt=48
165d| c1ff        CMPB  #$ff                cc=c9 a=c0 b=9b dp=00 x=31b4 y=0000 u=a5f5 s=1ff0  dt=16
165f| 274a        BEQ   $16ab               cc=c9 a=c0 b=9b dp=00 x=31b4 y=0000 u=a5f5 s=1ff0  dt=24
1661| 3a          ABX                       cc=c9 a=c0 b=9b dp=00 x=324f y=0000 u=a5f5 s=1ff0  dt=24
1662| e6c0        LDB   ,U+                 cc=c9 a=c0 b=81 dp=00 x=324f y=0000 u=a5f6 s=1ff0  dt=48
1664| 2be8        BMI   $164e               cc=c9 a=c0 b=81 dp=00 x=324f y=0000 u=a5f6 s=1ff0  dt=24
164e| c47f        ANDB  #$7f                cc=c1 a=c0 b=01 dp=00 x=324f y=0000 u=a5f6 s=1ff0  dt=16
1650| a6c0        LDA   ,U+                 cc=c9 a=f0 b=01 dp=00 x=324f y=0000 u=a5f7 s=1ff0  dt=48
1652| a484        ANDA  ,X                  cc=c5 a=00 b=01 dp=00 x=324f y=0000 u=a5f7 s=1ff0  dt=32
1654| aac0        ORA   ,U+                 cc=c1 a=0c b=01 dp=00 x=324f y=0000 u=a5f8 s=1ff0  dt=48
1656| a780        STA   ,X+                 cc=c1 a=0c b=01 dp=00 x=3250 y=0000 u=a5f8 s=1ff0  dt=48
1658| 5a          DECB                      cc=c5 a=0c b=00 dp=00 x=3250 y=0000 u=a5f8 s=1ff0  dt=16
1659| 26f5        BNE   $1650               cc=c5 a=0c b=00 dp=00 x=3250 y=0000 u=a5f8 s=1ff0  dt=24
165b| e6c0        LDB   ,U+                 cc=c5 a=0c b=00 dp=00 x=3250 y=0000 u=a5f9 s=1ff0  dt=48
165d| c1ff        CMPB  #$ff                cc=c1 a=0c b=00 dp=00 x=3250 y=0000 u=a5f9 s=1ff0  dt=16
165f| 274a        BEQ   $16ab               cc=c1 a=0c b=00 dp=00 x=3250 y=0000 u=a5f9 s=1ff0  dt=24
1661| 3a          ABX                       cc=c1 a=0c b=00 dp=00 x=3250 y=0000 u=a5f9 s=1ff0  dt=24
1662| e6c0        LDB   ,U+                 cc=c1 a=0c b=04 dp=00 x=3250 y=0000 u=a5fa s=1ff0  dt=48
1664| 2be8        BMI   $164e               cc=c1 a=0c b=04 dp=00 x=3250 y=0000 u=a5fa s=1ff0  dt=24
1666| c105        CMPB  #$05                cc=c9 a=0c b=04 dp=00 x=3250 y=0000 u=a5fa s=1ff0  dt=16
1668| 271b        BEQ   $1685               cc=c9 a=0c b=04 dp=00 x=3250 y=0000 u=a5fa s=1ff0  dt=24
166a| c104        CMPB  #$04                cc=c4 a=0c b=04 dp=00 x=3250 y=0000 u=a5fa s=1ff0  dt=16
166c| 250f        BCS   $167d               cc=c4 a=0c b=04 dp=00 x=3250 y=0000 u=a5fa s=1ff0  dt=24
166e| 2731        BEQ   $16a1               cc=c4 a=0c b=04 dp=00 x=3250 y=0000 u=a5fa s=1ff0  dt=24
16a1| ecc1        LDD   ,U++                cc=c8 a=cc b=cc dp=00 x=3250 y=0000 u=a5fc s=1ff0  dt=64
16a3| ed81        STD   ,X++                cc=c8 a=cc b=cc dp=00 x=3252 y=0000 u=a5fc s=1ff0  dt=64
16a5| ecc1        LDD   ,U++                cc=c8 a=cc b=cc dp=00 x=3252 y=0000 u=a5fe s=1ff0  dt=64
16a7| ed81        STD   ,X++                cc=c8 a=cc b=cc dp=00 x=3254 y=0000 u=a5fe s=1ff0  dt=64
16a9| 20b0        BRA   $165b               cc=c8 a=cc b=cc dp=00 x=3254 y=0000 u=a5fe s=1ff0  dt=24
165b| e6c0        LDB   ,U+                 cc=c0 a=cc b=01 dp=00 x=3254 y=0000 u=a5ff s=1ff0  dt=48
165d| c1ff        CMPB  #$ff                cc=c1 a=cc b=01 dp=00 x=3254 y=0000 u=a5ff s=1ff0  dt=16
165f| 274a        BEQ   $16ab               cc=c1 a=cc b=01 dp=00 x=3254 y=0000 u=a5ff s=1ff0  dt=24
1661| 3a          ABX                       cc=c1 a=cc b=01 dp=00 x=3255 y=0000 u=a5ff s=1ff0  dt=24
1662| e6c0        LDB   ,U+                 cc=c1 a=cc b=01 dp=00 x=3255 y=0000 u=a600 s=1ff0  dt=48
1664| 2be8        BMI   $164e               cc=c1 a=cc b=01 dp=00 x=3255 y=0000 u=a600 s=1ff0  dt=24
1666| c105        CMPB  #$05                cc=c9 a=cc b=01 dp=00 x=3255 y=0000 u=a600 s=1ff0  dt=16
1668| 271b        BEQ   $1685               cc=c9 a=cc b=01 dp=00 x=3255 y=0000 u=a600 s=1ff0  dt=24
166a| c104        CMPB  #$04                cc=c9 a=cc b=01 dp=00 x=3255 y=0000 u=a600 s=1ff0  dt=16
166c| 250f        BCS   $167d               cc=c9 a=cc b=01 dp=00 x=3255 y=0000 u=a600 s=1ff0  dt=24
167d| c102        CMPB  #$02                cc=c9 a=cc b=01 dp=00 x=3255 y=0000 u=a600 s=1ff0  dt=16
167f| 2724        BEQ   $16a5               cc=c9 a=cc b=01 dp=00 x=3255 y=0000 u=a600 s=1ff0  dt=24
1681| 250a        BCS   $168d               cc=c9 a=cc b=01 dp=00 x=3255 y=0000 u=a600 s=1ff0  dt=24
168d| a6c0        LDA   ,U+                 cc=c9 a=cc b=01 dp=00 x=3255 y=0000 u=a601 s=1ff0  dt=48
168f| a780        STA   ,X+                 cc=c9 a=cc b=01 dp=00 x=3256 y=0000 u=a601 s=1ff0  dt=48
1691| 20c8        BRA   $165b               cc=c9 a=cc b=01 dp=00 x=3256 y=0000 u=a601 s=1ff0  dt=24
165b| e6c0        LDB   ,U+                 cc=c9 a=cc b=99 dp=00 x=3256 y=0000 u=a602 s=1ff0  dt=48
165d| c1ff        CMPB  #$ff                cc=c9 a=cc b=99 dp=00 x=3256 y=0000 u=a602 s=1ff0  dt=16
165f| 274a        BEQ   $16ab               cc=c9 a=cc b=99 dp=00 x=3256 y=0000 u=a602 s=1ff0  dt=24
1661| 3a          ABX                       cc=c9 a=cc b=99 dp=00 x=32ef y=0000 u=a602 s=1ff0  dt=24
1662| e6c0        LDB   ,U+                 cc=c9 a=cc b=81 dp=00 x=32ef y=0000 u=a603 s=1ff0  dt=48
1664| 2be8        BMI   $164e               cc=c9 a=cc b=81 dp=00 x=32ef y=0000 u=a603 s=1ff0  dt=24
164e| c47f        ANDB  #$7f                cc=c1 a=cc b=01 dp=00 x=32ef y=0000 u=a603 s=1ff0  dt=16
1650| a6c0        LDA   ,U+                 cc=c9 a=f0 b=01 dp=00 x=32ef y=0000 u=a604 s=1ff0  dt=48
1652| a484        ANDA  ,X                  cc=c5 a=00 b=01 dp=00 x=32ef y=0000 u=a604 s=1ff0  dt=32
1654| aac0        ORA   ,U+                 cc=c1 a=0c b=01 dp=00 x=32ef y=0000 u=a605 s=1ff0  dt=48
1656| a780        STA   ,X+                 cc=c1 a=0c b=01 dp=00 x=32f0 y=0000 u=a605 s=1ff0  dt=48
1658| 5a          DECB                      cc=c5 a=0c b=00 dp=00 x=32f0 y=0000 u=a605 s=1ff0  dt=16
1659| 26f5        BNE   $1650               cc=c5 a=0c b=00 dp=00 x=32f0 y=0000 u=a605 s=1ff0  dt=24
165b| e6c0        LDB   ,U+                 cc=c5 a=0c b=00 dp=00 x=32f0 y=0000 u=a606 s=1ff0  dt=48
165d| c1ff        CMPB  #$ff                cc=c1 a=0c b=00 dp=00 x=32f0 y=0000 u=a606 s=1ff0  dt=16
165f| 274a        BEQ   $16ab               cc=c1 a=0c b=00 dp=00 x=32f0 y=0000 u=a606 s=1ff0  dt=24
1661| 3a          ABX                       cc=c1 a=0c b=00 dp=00 x=32f0 y=0000 u=a606 s=1ff0  dt=24
1662| e6c0        LDB   ,U+                 cc=c1 a=0c b=05 dp=00 x=32f0 y=0000 u=a607 s=1ff0  dt=48
1664| 2be8        BMI   $164e               cc=c1 a=0c b=05 dp=00 x=32f0 y=0000 u=a607 s=1ff0  dt=24
1666| c105        CMPB  #$05                cc=c4 a=0c b=05 dp=00 x=32f0 y=0000 u=a607 s=1ff0  dt=16
1668| 271b        BEQ   $1685               cc=c4 a=0c b=05 dp=00 x=32f0 y=0000 u=a607 s=1ff0  dt=24
1685| ecc1        LDD   ,U++                cc=c8 a=cc b=cc dp=00 x=32f0 y=0000 u=a609 s=1ff0  dt=64
1687| ed81        STD   ,X++                cc=c8 a=cc b=cc dp=00 x=32f2 y=0000 u=a609 s=1ff0  dt=64
1689| ecc1        LDD   ,U++                cc=c8 a=cc b=cc dp=00 x=32f2 y=0000 u=a60b s=1ff0  dt=64
168b| ed81        STD   ,X++                cc=c8 a=cc b=cc dp=00 x=32f4 y=0000 u=a60b s=1ff0  dt=64
168d| a6c0        LDA   ,U+                 cc=c0 a=2c b=cc dp=00 x=32f4 y=0000 u=a60c s=1ff0  dt=48
168f| a780        STA   ,X+                 cc=c0 a=2c b=cc dp=00 x=32f5 y=0000 u=a60c s=1ff0  dt=48
1691| 20c8        BRA   $165b               cc=c0 a=2c b=cc dp=00 x=32f5 y=0000 u=a60c s=1ff0  dt=24
165b| e6c0        LDB   ,U+                 cc=c8 a=2c b=9a dp=00 x=32f5 y=0000 u=a60d s=1ff0  dt=48
165d| c1ff        CMPB  #$ff                cc=c9 a=2c b=9a dp=00 x=32f5 y=0000 u=a60d s=1ff0  dt=16
165f| 274a        BEQ   $16ab               cc=c9 a=2c b=9a dp=00 x=32f5 y=0000 u=a60d s=1ff0  dt=24
1661| 3a          ABX                       cc=c9 a=2c b=9a dp=00 x=338f y=0000 u=a60d s=1ff0  dt=24
1662| e6c0        LDB   ,U+                 cc=c1 a=2c b=05 dp=00 x=338f y=0000 u=a60e s=1ff0  dt=48
1664| 2be8        BMI   $164e               cc=c1 a=2c b=05 dp=00 x=338f y=0000 u=a60e s=1ff0  dt=24
1666| c105        CMPB  #$05                cc=c4 a=2c b=05 dp=00 x=338f y=0000 u=a60e s=1ff0  dt=16
1668| 271b        BEQ   $1685               cc=c4 a=2c b=05 dp=00 x=338f y=0000 u=a60e s=1ff0  dt=24
1685| ecc1        LDD   ,U++                cc=c8 a=c2 b=c2 dp=00 x=338f y=0000 u=a610 s=1ff0  dt=64
1687| ed81        STD   ,X++                cc=c8 a=c2 b=c2 dp=00 x=3391 y=0000 u=a610 s=1ff0  dt=64
1689| ecc1        LDD   ,U++                cc=c8 a=c2 b=c2 dp=00 x=3391 y=0000 u=a612 s=1ff0  dt=64
168b| ed81        STD   ,X++                cc=c8 a=c2 b=c2 dp=00 x=3393 y=0000 u=a612 s=1ff0  dt=64
168d| a6c0        LDA   ,U+                 cc=c8 a=cc b=c2 dp=00 x=3393 y=0000 u=a613 s=1ff0  dt=48
168f| a780        STA   ,X+                 cc=c8 a=cc b=c2 dp=00 x=3394 y=0000 u=a613 s=1ff0  dt=48
1691| 20c8        BRA   $165b               cc=c8 a=cc b=c2 dp=00 x=3394 y=0000 u=a613 s=1ff0  dt=24
165b| e6c0        LDB   ,U+                 cc=c4 a=cc b=00 dp=00 x=3394 y=0000 u=a614 s=1ff0  dt=48
165d| c1ff        CMPB  #$ff                cc=c1 a=cc b=00 dp=00 x=3394 y=0000 u=a614 s=1ff0  dt=16
165f| 274a        BEQ   $16ab               cc=c1 a=cc b=00 dp=00 x=3394 y=0000 u=a614 s=1ff0  dt=24
1661| 3a          ABX                       cc=c1 a=cc b=00 dp=00 x=3394 y=0000 u=a614 s=1ff0  dt=24
1662| e6c0        LDB   ,U+                 cc=c9 a=cc b=82 dp=00 x=3394 y=0000 u=a615 s=1ff0  dt=48
1664| 2be8        BMI   $164e               cc=c9 a=cc b=82 dp=00 x=3394 y=0000 u=a615 s=1ff0  dt=24
164e| c47f        ANDB  #$7f                cc=c1 a=cc b=02 dp=00 x=3394 y=0000 u=a615 s=1ff0  dt=16
1650| a6c0        LDA   ,U+                 cc=c1 a=0f b=02 dp=00 x=3394 y=0000 u=a616 s=1ff0  dt=48
1652| a484        ANDA  ,X                  cc=c5 a=00 b=02 dp=00 x=3394 y=0000 u=a616 s=1ff0  dt=32
1654| aac0        ORA   ,U+                 cc=c1 a=50 b=02 dp=00 x=3394 y=0000 u=a617 s=1ff0  dt=48
1656| a780        STA   ,X+                 cc=c1 a=50 b=02 dp=00 x=3395 y=0000 u=a617 s=1ff0  dt=48
1658| 5a          DECB                      cc=c1 a=50 b=01 dp=00 x=3395 y=0000 u=a617 s=1ff0  dt=16
1659| 26f5        BNE   $1650               cc=c1 a=50 b=01 dp=00 x=3395 y=0000 u=a617 s=1ff0  dt=24
1650| a6c0        LDA   ,U+                 cc=c1 a=0f b=01 dp=00 x=3395 y=0000 u=a618 s=1ff0  dt=48
1652| a484        ANDA  ,X                  cc=c5 a=00 b=01 dp=00 x=3395 y=0000 u=a618 s=1ff0  dt=32
1654| aac0        ORA   ,U+                 cc=c9 a=c0 b=01 dp=00 x=3395 y=0000 u=a619 s=1ff0  dt=48
1656| a780        STA   ,X+                 cc=c9 a=c0 b=01 dp=00 x=3396 y=0000 u=a619 s=1ff0  dt=48
1658| 5a          DECB                      cc=c5 a=c0 b=00 dp=00 x=3396 y=0000 u=a619 s=1ff0  dt=16
1659| 26f5        BNE   $1650               cc=c5 a=c0 b=00 dp=00 x=3396 y=0000 u=a619 s=1ff0  dt=24
165b| e6c0        LDB   ,U+                 cc=c9 a=c0 b=99 dp=00 x=3396 y=0000 u=a61a s=1ff0  dt=48
165d| c1ff        CMPB  #$ff                cc=c9 a=c0 b=99 dp=00 x=3396 y=0000 u=a61a s=1ff0  dt=16
165f| 274a        BEQ   $16ab               cc=c9 a=c0 b=99 dp=00 x=3396 y=0000 u=a61a s=1ff0  dt=24
1661| 3a          ABX                       cc=c9 a=c0 b=99 dp=00 x=342f y=0000 u=a61a s=1ff0  dt=24
1662| e6c0        LDB   ,U+                 cc=c1 a=c0 b=06 dp=00 x=342f y=0000 u=a61b s=1ff0  dt=48
1664| 2be8        BMI   $164e               cc=c1 a=c0 b=06 dp=00 x=342f y=0000 u=a61b s=1ff0  dt=24
1666| c105        CMPB  #$05                cc=c0 a=c0 b=06 dp=00 x=342f y=0000 u=a61b s=1ff0  dt=16
1668| 271b        BEQ   $1685               cc=c0 a=c0 b=06 dp=00 x=342f y=0000 u=a61b s=1ff0  dt=24
166a| c104        CMPB  #$04                cc=c0 a=c0 b=06 dp=00 x=342f y=0000 u=a61b s=1ff0  dt=16
166c| 250f        BCS   $167d               cc=c0 a=c0 b=06 dp=00 x=342f y=0000 u=a61b s=1ff0  dt=24
166e| 2731        BEQ   $16a1               cc=c0 a=c0 b=06 dp=00 x=342f y=0000 u=a61b s=1ff0  dt=24
1670| c106        CMPB  #$06                cc=c4 a=c0 b=06 dp=00 x=342f y=0000 u=a61b s=1ff0  dt=16
1672| 271f        BEQ   $1693               cc=c4 a=c0 b=06 dp=00 x=342f y=0000 u=a61b s=1ff0  dt=24
1693| ecc1        LDD   ,U++                cc=c8 a=cc b=cc dp=00 x=342f y=0000 u=a61d s=1ff0  dt=64
1695| ed81        STD   ,X++                cc=c8 a=cc b=cc dp=00 x=3431 y=0000 u=a61d s=1ff0  dt=64
1697| ecc1        LDD   ,U++                cc=c8 a=cc b=cc dp=00 x=3431 y=0000 u=a61f s=1ff0  dt=64
1699| ed81        STD   ,X++                cc=c8 a=cc b=cc dp=00 x=3433 y=0000 u=a61f s=1ff0  dt=64
169b| ecc1        LDD   ,U++                cc=c8 a=cc b=55 dp=00 x=3433 y=0000 u=a621 s=1ff0  dt=64
169d| ed81        STD   ,X++                cc=c8 a=cc b=55 dp=00 x=3435 y=0000 u=a621 s=1ff0  dt=64
169f| 20ba        BRA   $165b               cc=c8 a=cc b=55 dp=00 x=3435 y=0000 u=a621 s=1ff0  dt=24
165b| e6c0        LDB   ,U+                 cc=c8 a=cc b=9a dp=00 x=3435 y=0000 u=a622 s=1ff0  dt=48
165d| c1ff        CMPB  #$ff                cc=c9 a=cc b=9a dp=00 x=3435 y=0000 u=a622 s=1ff0  dt=16
165f| 274a        BEQ   $16ab               cc=c9 a=cc b=9a dp=00 x=3435 y=0000 u=a622 s=1ff0  dt=24
1661| 3a          ABX                       cc=c9 a=cc b=9a dp=00 x=34cf y=0000 u=a622 s=1ff0  dt=24
1662| e6c0        LDB   ,U+                 cc=c1 a=cc b=06 dp=00 x=34cf y=0000 u=a623 s=1ff0  dt=48
1664| 2be8        BMI   $164e               cc=c1 a=cc b=06 dp=00 x=34cf y=0000 u=a623 s=1ff0  dt=24
1666| c105        CMPB  #$05                cc=c0 a=cc b=06 dp=00 x=34cf y=0000 u=a623 s=1ff0  dt=16
1668| 271b        BEQ   $1685               cc=c0 a=cc b=06 dp=00 x=34cf y=0000 u=a623 s=1ff0  dt=24
166a| c104        CMPB  #$04                cc=c0 a=cc b=06 dp=00 x=34cf y=0000 u=a623 s=1ff0  dt=16
166c| 250f        BCS   $167d               cc=c0 a=cc b=06 dp=00 x=34cf y=0000 u=a623 s=1ff0  dt=24
166e| 2731        BEQ   $16a1               cc=c0 a=cc b=06 dp=00 x=34cf y=0000 u=a623 s=1ff0  dt=24
1670| c106        CMPB  #$06                cc=c4 a=cc b=06 dp=00 x=34cf y=0000 u=a623 s=1ff0  dt=16
1672| 271f        BEQ   $1693               cc=c4 a=cc b=06 dp=00 x=34cf y=0000 u=a623 s=1ff0  dt=24
1693| ecc1        LDD   ,U++                cc=c8 a=cc b=cc dp=00 x=34cf y=0000 u=a625 s=1ff0  dt=64
1695| ed81        STD   ,X++                cc=c8 a=cc b=cc dp=00 x=34d1 y=0000 u=a625 s=1ff0  dt=64
1697| ecc1        LDD   ,U++                cc=c8 a=cc b=cc dp=00 x=34d1 y=0000 u=a627 s=1ff0  dt=64
1699| ed81        STD   ,X++                cc=c8 a=cc b=cc dp=00 x=34d3 y=0000 u=a627 s=1ff0  dt=64
169b| ecc1        LDD   ,U++                cc=c8 a=cc b=55 dp=00 x=34d3 y=0000 u=a629 s=1ff0  dt=64
169d| ed81        STD   ,X++                cc=c8 a=cc b=55 dp=00 x=34d5 y=0000 u=a629 s=1ff0  dt=64
169f| 20ba        BRA   $165b               cc=c8 a=cc b=55 dp=00 x=34d5 y=0000 u=a629 s=1ff0  dt=24
165b| e6c0        LDB   ,U+                 cc=c8 a=cc b=9a dp=00 x=34d5 y=0000 u=a62a s=1ff0  dt=48
165d| c1ff        CMPB  #$ff                cc=c9 a=cc b=9a dp=00 x=34d5 y=0000 u=a62a s=1ff0  dt=16
165f| 274a        BEQ   $16ab               cc=c9 a=cc b=9a dp=00 x=34d5 y=0000 u=a62a s=1ff0  dt=24
1661| 3a          ABX                       cc=c9 a=cc b=9a dp=00 x=356f y=0000 u=a62a s=1ff0  dt=24
1662| e6c0        LDB   ,U+                 cc=c1 a=cc b=05 dp=00 x=356f y=0000 u=a62b s=1ff0  dt=48
1664| 2be8        BMI   $164e               cc=c1 a=cc b=05 dp=00 x=356f y=0000 u=a62b s=1ff0  dt=24
1666| c105        CMPB  #$05                cc=c4 a=cc b=05 dp=00 x=356f y=0000 u=a62b s=1ff0  dt=16
1668| 271b        BEQ   $1685               cc=c4 a=cc b=05 dp=00 x=356f y=0000 u=a62b s=1ff0  dt=24
1685| ecc1        LDD   ,U++                cc=c8 a=c2 b=c2 dp=00 x=356f y=0000 u=a62d s=1ff0  dt=64
1687| ed81        STD   ,X++                cc=c8 a=c2 b=c2 dp=00 x=3571 y=0000 u=a62d s=1ff0  dt=64
1689| ecc1        LDD   ,U++                cc=c8 a=c2 b=c2 dp=00 x=3571 y=0000 u=a62f s=1ff0  dt=64
168b| ed81        STD   ,X++                cc=c8 a=c2 b=c2 dp=00 x=3573 y=0000 u=a62f s=1ff0  dt=64
168d| a6c0        LDA   ,U+                 cc=c8 a=cc b=c2 dp=00 x=3573 y=0000 u=a630 s=1ff0  dt=48
168f| a780        STA   ,X+                 cc=c8 a=cc b=c2 dp=00 x=3574 y=0000 u=a630 s=1ff0  dt=48
1691| 20c8        BRA   $165b               cc=c8 a=cc b=c2 dp=00 x=3574 y=0000 u=a630 s=1ff0  dt=24
165b| e6c0        LDB   ,U+                 cc=c4 a=cc b=00 dp=00 x=3574 y=0000 u=a631 s=1ff0  dt=48
165d| c1ff        CMPB  #$ff                cc=c1 a=cc b=00 dp=00 x=3574 y=0000 u=a631 s=1ff0  dt=16
165f| 274a        BEQ   $16ab               cc=c1 a=cc b=00 dp=00 x=3574 y=0000 u=a631 s=1ff0  dt=24
1661| 3a          ABX                       cc=c1 a=cc b=00 dp=00 x=3574 y=0000 u=a631 s=1ff0  dt=24
1662| e6c0        LDB   ,U+                 cc=c9 a=cc b=82 dp=00 x=3574 y=0000 u=a632 s=1ff0  dt=48
1664| 2be8        BMI   $164e               cc=c9 a=cc b=82 dp=00 x=3574 y=0000 u=a632 s=1ff0  dt=24
164e| c47f        ANDB  #$7f                cc=c1 a=cc b=02 dp=00 x=3574 y=0000 u=a632 s=1ff0  dt=16
1650| a6c0        LDA   ,U+                 cc=c1 a=0f b=02 dp=00 x=3574 y=0000 u=a633 s=1ff0  dt=48
1652| a484        ANDA  ,X                  cc=c5 a=00 b=02 dp=00 x=3574 y=0000 u=a633 s=1ff0  dt=32
1654| aac0        ORA   ,U+                 cc=c1 a=50 b=02 dp=00 x=3574 y=0000 u=a634 s=1ff0  dt=48
1656| a780        STA   ,X+                 cc=c1 a=50 b=02 dp=00 x=3575 y=0000 u=a634 s=1ff0  dt=48
1658| 5a          DECB                      cc=c1 a=50 b=01 dp=00 x=3575 y=0000 u=a634 s=1ff0  dt=16
1659| 26f5        BNE   $1650               cc=c1 a=50 b=01 dp=00 x=3575 y=0000 u=a634 s=1ff0  dt=24
1650| a6c0        LDA   ,U+                 cc=c1 a=0f b=01 dp=00 x=3575 y=0000 u=a635 s=1ff0  dt=48
1652| a484        ANDA  ,X                  cc=c5 a=00 b=01 dp=00 x=3575 y=0000 u=a635 s=1ff0  dt=32
1654| aac0        ORA   ,U+                 cc=c9 a=c0 b=01 dp=00 x=3575 y=0000 u=a636 s=1ff0  dt=48
1656| a780        STA   ,X+                 cc=c9 a=c0 b=01 dp=00 x=3576 y=0000 u=a636 s=1ff0  dt=48
1658| 5a          DECB                      cc=c5 a=c0 b=00 dp=00 x=3576 y=0000 u=a636 s=1ff0  dt=16
1659| 26f5        BNE   $1650               cc=c5 a=c0 b=00 dp=00 x=3576 y=0000 u=a636 s=1ff0  dt=24
165b| e6c0        LDB   ,U+                 cc=c9 a=c0 b=99 dp=00 x=3576 y=0000 u=a637 s=1ff0  dt=48
165d| c1ff        CMPB  #$ff                cc=c9 a=c0 b=99 dp=00 x=3576 y=0000 u=a637 s=1ff0  dt=16
165f| 274a        BEQ   $16ab               cc=c9 a=c0 b=99 dp=00 x=3576 y=0000 u=a637 s=1ff0  dt=24
1661| 3a          ABX                       cc=c9 a=c0 b=99 dp=00 x=360f y=0000 u=a637 s=1ff0  dt=24
1662| e6c0        LDB   ,U+                 cc=c9 a=c0 b=81 dp=00 x=360f y=0000 u=a638 s=1ff0  dt=48
1664| 2be8        BMI   $164e               cc=c9 a=c0 b=81 dp=00 x=360f y=0000 u=a638 s=1ff0  dt=24
164e| c47f        ANDB  #$7f                cc=c1 a=c0 b=01 dp=00 x=360f y=0000 u=a638 s=1ff0  dt=16
1650| a6c0        LDA   ,U+                 cc=c9 a=f0 b=01 dp=00 x=360f y=0000 u=a639 s=1ff0  dt=48
1652| a484        ANDA  ,X                  cc=c5 a=00 b=01 dp=00 x=360f y=0000 u=a639 s=1ff0  dt=32
1654| aac0        ORA   ,U+                 cc=c1 a=0c b=01 dp=00 x=360f y=0000 u=a63a s=1ff0  dt=48
1656| a780        STA   ,X+                 cc=c1 a=0c b=01 dp=00 x=3610 y=0000 u=a63a s=1ff0  dt=48
1658| 5a          DECB                      cc=c5 a=0c b=00 dp=00 x=3610 y=0000 u=a63a s=1ff0  dt=16
1659| 26f5        BNE   $1650               cc=c5 a=0c b=00 dp=00 x=3610 y=0000 u=a63a s=1ff0  dt=24
165b| e6c0        LDB   ,U+                 cc=c5 a=0c b=00 dp=00 x=3610 y=0000 u=a63b s=1ff0  dt=48
165d| c1ff        CMPB  #$ff                cc=c1 a=0c b=00 dp=00 x=3610 y=0000 u=a63b s=1ff0  dt=16
165f| 274a        BEQ   $16ab               cc=c1 a=0c b=00 dp=00 x=3610 y=0000 u=a63b s=1ff0  dt=24
1661| 3a          ABX                       cc=c1 a=0c b=00 dp=00 x=3610 y=0000 u=a63b s=1ff0  dt=24
1662| e6c0        LDB   ,U+                 cc=c1 a=0c b=05 dp=00 x=3610 y=0000 u=a63c s=1ff0  dt=48
1664| 2be8        BMI   $164e               cc=c1 a=0c b=05 dp=00 x=3610 y=0000 u=a63c s=1ff0  dt=24
1666| c105        CMPB  #$05                cc=c4 a=0c b=05 dp=00 x=3610 y=0000 u=a63c s=1ff0  dt=16
1668| 271b        BEQ   $1685               cc=c4 a=0c b=05 dp=00 x=3610 y=0000 u=a63c s=1ff0  dt=24
1685| ecc1        LDD   ,U++                cc=c8 a=cc b=cc dp=00 x=3610 y=0000 u=a63e s=1ff0  dt=64
1687| ed81        STD   ,X++                cc=c8 a=cc b=cc dp=00 x=3612 y=0000 u=a63e s=1ff0  dt=64
1689| ecc1        LDD   ,U++                cc=c8 a=cc b=cc dp=00 x=3612 y=0000 u=a640 s=1ff0  dt=64
168b| ed81        STD   ,X++                cc=c8 a=cc b=cc dp=00 x=3614 y=0000 u=a640 s=1ff0  dt=64
168d| a6c0        LDA   ,U+                 cc=c0 a=2c b=cc dp=00 x=3614 y=0000 u=a641 s=1ff0  dt=48
168f| a780        STA   ,X+                 cc=c0 a=2c b=cc dp=00 x=3615 y=0000 u=a641 s=1ff0  dt=48
1691| 20c8        BRA   $165b               cc=c0 a=2c b=cc dp=00 x=3615 y=0000 u=a641 s=1ff0  dt=24
165b| e6c0        LDB   ,U+                 cc=c8 a=2c b=9a dp=00 x=3615 y=0000 u=a642 s=1ff0  dt=48
165d| c1ff        CMPB  #$ff                cc=c9 a=2c b=9a dp=00 x=3615 y=0000 u=a642 s=1ff0  dt=16
165f| 274a        BEQ   $16ab               cc=c9 a=2c b=9a dp=00 x=3615 y=0000 u=a642 s=1ff0  dt=24
1661| 3a          ABX                       cc=c9 a=2c b=9a dp=00 x=36af y=0000 u=a642 s=1ff0  dt=24
1662| e6c0        LDB   ,U+                 cc=c9 a=2c b=81 dp=00 x=36af y=0000 u=a643 s=1ff0  dt=48
1664| 2be8        BMI   $164e               cc=c9 a=2c b=81 dp=00 x=36af y=0000 u=a643 s=1ff0  dt=24
164e| c47f        ANDB  #$7f                cc=c1 a=2c b=01 dp=00 x=36af y=0000 u=a643 s=1ff0  dt=16
1650| a6c0        LDA   ,U+                 cc=c9 a=f0 b=01 dp=00 x=36af y=0000 u=a644 s=1ff0  dt=48
1652| a484        ANDA  ,X                  cc=c5 a=00 b=01 dp=00 x=36af y=0000 u=a644 s=1ff0  dt=32
1654| aac0        ORA   ,U+                 cc=c1 a=0c b=01 dp=00 x=36af y=0000 u=a645 s=1ff0  dt=48
1656| a780        STA   ,X+                 cc=c1 a=0c b=01 dp=00 x=36b0 y=0000 u=a645 s=1ff0  dt=48
1658| 5a          DECB                      cc=c5 a=0c b=00 dp=00 x=36b0 y=0000 u=a645 s=1ff0  dt=16
1659| 26f5        BNE   $1650               cc=c5 a=0c b=00 dp=00 x=36b0 y=0000 u=a645 s=1ff0  dt=24
165b| e6c0        LDB   ,U+                 cc=c5 a=0c b=00 dp=00 x=36b0 y=0000 u=a646 s=1ff0  dt=48
165d| c1ff        CMPB  #$ff                cc=c1 a=0c b=00 dp=00 x=36b0 y=0000 u=a646 s=1ff0  dt=16
165f| 274a        BEQ   $16ab               cc=c1 a=0c b=00 dp=00 x=36b0 y=0000 u=a646 s=1ff0  dt=24
1661| 3a          ABX                       cc=c1 a=0c b=00 dp=00 x=36b0 y=0000 u=a646 s=1ff0  dt=24
1662| e6c0        LDB   ,U+                 cc=c1 a=0c b=04 dp=00 x=36b0 y=0000 u=a647 s=1ff0  dt=48
1664| 2be8        BMI   $164e               cc=c1 a=0c b=04 dp=00 x=36b0 y=0000 u=a647 s=1ff0  dt=24
1666| c105        CMPB  #$05                cc=c9 a=0c b=04 dp=00 x=36b0 y=0000 u=a647 s=1ff0  dt=16
1668| 271b        BEQ   $1685               cc=c9 a=0c b=04 dp=00 x=36b0 y=0000 u=a647 s=1ff0  dt=24
166a| c104        CMPB  #$04                cc=c4 a=0c b=04 dp=00 x=36b0 y=0000 u=a647 s=1ff0  dt=16
166c| 250f        BCS   $167d               cc=c4 a=0c b=04 dp=00 x=36b0 y=0000 u=a647 s=1ff0  dt=24
166e| 2731        BEQ   $16a1               cc=c4 a=0c b=04 dp=00 x=36b0 y=0000 u=a647 s=1ff0  dt=24
16a1| ecc1        LDD   ,U++                cc=c8 a=cc b=cc dp=00 x=36b0 y=0000 u=a649 s=1ff0  dt=64
16a3| ed81        STD   ,X++                cc=c8 a=cc b=cc dp=00 x=36b2 y=0000 u=a649 s=1ff0  dt=64
16a5| ecc1        LDD   ,U++                cc=c8 a=cc b=cc dp=00 x=36b2 y=0000 u=a64b s=1ff0  dt=64
16a7| ed81        STD   ,X++                cc=c8 a=cc b=cc dp=00 x=36b4 y=0000 u=a64b s=1ff0  dt=64
16a9| 20b0        BRA   $165b               cc=c8 a=cc b=cc dp=00 x=36b4 y=0000 u=a64b s=1ff0  dt=24
165b| e6c0        LDB   ,U+                 cc=c4 a=cc b=00 dp=00 x=36b4 y=0000 u=a64c s=1ff0  dt=48
165d| c1ff        CMPB  #$ff                cc=c1 a=cc b=00 dp=00 x=36b4 y=0000 u=a64c s=1ff0  dt=16
165f| 274a        BEQ   $16ab               cc=c1 a=cc b=00 dp=00 x=36b4 y=0000 u=a64c s=1ff0  dt=24
1661| 3a          ABX                       cc=c1 a=cc b=00 dp=00 x=36b4 y=0000 u=a64c s=1ff0  dt=24
1662| e6c0        LDB   ,U+                 cc=c9 a=cc b=81 dp=00 x=36b4 y=0000 u=a64d s=1ff0  dt=48
1664| 2be8        BMI   $164e               cc=c9 a=cc b=81 dp=00 x=36b4 y=0000 u=a64d s=1ff0  dt=24
164e| c47f        ANDB  #$7f                cc=c1 a=cc b=01 dp=00 x=36b4 y=0000 u=a64d s=1ff0  dt=16
1650| a6c0        LDA   ,U+                 cc=c9 a=f0 b=01 dp=00 x=36b4 y=0000 u=a64e s=1ff0  dt=48
1652| a484        ANDA  ,X                  cc=c5 a=00 b=01 dp=00 x=36b4 y=0000 u=a64e s=1ff0  dt=32
1654| aac0        ORA   ,U+                 cc=c1 a=0c b=01 dp=00 x=36b4 y=0000 u=a64f s=1ff0  dt=48
1656| a780        STA   ,X+                 cc=c1 a=0c b=01 dp=00 x=36b5 y=0000 u=a64f s=1ff0  dt=48
1658| 5a          DECB                      cc=c5 a=0c b=00 dp=00 x=36b5 y=0000 u=a64f s=1ff0  dt=16
1659| 26f5        BNE   $1650               cc=c5 a=0c b=00 dp=00 x=36b5 y=0000 u=a64f s=1ff0  dt=24
165b| e6c0        LDB   ,U+                 cc=c5 a=0c b=00 dp=00 x=36b5 y=0000 u=a650 s=1ff0  dt=48
165d| c1ff        CMPB  #$ff                cc=c1 a=0c b=00 dp=00 x=36b5 y=0000 u=a650 s=1ff0  dt=16
165f| 274a        BEQ   $16ab               cc=c1 a=0c b=00 dp=00 x=36b5 y=0000 u=a650 s=1ff0  dt=24
1661| 3a          ABX                       cc=c1 a=0c b=00 dp=00 x=36b5 y=0000 u=a650 s=1ff0  dt=24
1662| e6c0        LDB   ,U+                 cc=c1 a=0c b=01 dp=00 x=36b5 y=0000 u=a651 s=1ff0  dt=48
1664| 2be8        BMI   $164e               cc=c1 a=0c b=01 dp=00 x=36b5 y=0000 u=a651 s=1ff0  dt=24
1666| c105        CMPB  #$05                cc=c9 a=0c b=01 dp=00 x=36b5 y=0000 u=a651 s=1ff0  dt=16
1668| 271b        BEQ   $1685               cc=c9 a=0c b=01 dp=00 x=36b5 y=0000 u=a651 s=1ff0  dt=24
166a| c104        CMPB  #$04                cc=c9 a=0c b=01 dp=00 x=36b5 y=0000 u=a651 s=1ff0  dt=16
166c| 250f        BCS   $167d               cc=c9 a=0c b=01 dp=00 x=36b5 y=0000 u=a651 s=1ff0  dt=24
167d| c102        CMPB  #$02                cc=c9 a=0c b=01 dp=00 x=36b5 y=0000 u=a651 s=1ff0  dt=16
167f| 2724        BEQ   $16a5               cc=c9 a=0c b=01 dp=00 x=36b5 y=0000 u=a651 s=1ff0  dt=24
1681| 250a        BCS   $168d               cc=c9 a=0c b=01 dp=00 x=36b5 y=0000 u=a651 s=1ff0  dt=24
168d| a6c0        LDA   ,U+                 cc=c9 a=cc b=01 dp=00 x=36b5 y=0000 u=a652 s=1ff0  dt=48
168f| a780        STA   ,X+                 cc=c9 a=cc b=01 dp=00 x=36b6 y=0000 u=a652 s=1ff0  dt=48
1691| 20c8        BRA   $165b               cc=c9 a=cc b=01 dp=00 x=36b6 y=0000 u=a652 s=1ff0  dt=24
165b| e6c0        LDB   ,U+                 cc=c9 a=cc b=9a dp=00 x=36b6 y=0000 u=a653 s=1ff0  dt=48
165d| c1ff        CMPB  #$ff                cc=c9 a=cc b=9a dp=00 x=36b6 y=0000 u=a653 s=1ff0  dt=16
165f| 274a        BEQ   $16ab               cc=c9 a=cc b=9a dp=00 x=36b6 y=0000 u=a653 s=1ff0  dt=24
1661| 3a          ABX                       cc=c9 a=cc b=9a dp=00 x=3750 y=0000 u=a653 s=1ff0  dt=24
1662| e6c0        LDB   ,U+                 cc=c1 a=cc b=03 dp=00 x=3750 y=0000 u=a654 s=1ff0  dt=48
1664| 2be8        BMI   $164e               cc=c1 a=cc b=03 dp=00 x=3750 y=0000 u=a654 s=1ff0  dt=24
1666| c105        CMPB  #$05                cc=c9 a=cc b=03 dp=00 x=3750 y=0000 u=a654 s=1ff0  dt=16
1668| 271b        BEQ   $1685               cc=c9 a=cc b=03 dp=00 x=3750 y=0000 u=a654 s=1ff0  dt=24
166a| c104        CMPB  #$04                cc=c9 a=cc b=03 dp=00 x=3750 y=0000 u=a654 s=1ff0  dt=16
166c| 250f        BCS   $167d               cc=c9 a=cc b=03 dp=00 x=3750 y=0000 u=a654 s=1ff0  dt=24
167d| c102        CMPB  #$02                cc=c0 a=cc b=03 dp=00 x=3750 y=0000 u=a654 s=1ff0  dt=16
167f| 2724        BEQ   $16a5               cc=c0 a=cc b=03 dp=00 x=3750 y=0000 u=a654 s=1ff0  dt=24
1681| 250a        BCS   $168d               cc=c0 a=cc b=03 dp=00 x=3750 y=0000 u=a654 s=1ff0  dt=24
1683| 2004        BRA   $1689               cc=c0 a=cc b=03 dp=00 x=3750 y=0000 u=a654 s=1ff0  dt=24
1689| ecc1        LDD   ,U++                cc=c8 a=cc b=cc dp=00 x=3750 y=0000 u=a656 s=1ff0  dt=64
168b| ed81        STD   ,X++                cc=c8 a=cc b=cc dp=00 x=3752 y=0000 u=a656 s=1ff0  dt=64
168d| a6c0        LDA   ,U+                 cc=c8 a=cc b=cc dp=00 x=3752 y=0000 u=a657 s=1ff0  dt=48
168f| a780        STA   ,X+                 cc=c8 a=cc b=cc dp=00 x=3753 y=0000 u=a657 s=1ff0  dt=48
1691| 20c8        BRA   $165b               cc=c8 a=cc b=cc dp=00 x=3753 y=0000 u=a657 s=1ff0  dt=24
165b| e6c0        LDB   ,U+                 cc=c4 a=cc b=00 dp=00 x=3753 y=0000 u=a658 s=1ff0  dt=48
165d| c1ff        CMPB  #$ff                cc=c1 a=cc b=00 dp=00 x=3753 y=0000 u=a658 s=1ff0  dt=16
165f| 274a        BEQ   $16ab               cc=c1 a=cc b=00 dp=00 x=3753 y=0000 u=a658 s=1ff0  dt=24
1661| 3a          ABX                       cc=c1 a=cc b=00 dp=00 x=3753 y=0000 u=a658 s=1ff0  dt=24
1662| e6c0        LDB   ,U+                 cc=c9 a=cc b=81 dp=00 x=3753 y=0000 u=a659 s=1ff0  dt=48
1664| 2be8        BMI   $164e               cc=c9 a=cc b=81 dp=00 x=3753 y=0000 u=a659 s=1ff0  dt=24
164e| c47f        ANDB  #$7f                cc=c1 a=cc b=01 dp=00 x=3753 y=0000 u=a659 s=1ff0  dt=16
1650| a6c0        LDA   ,U+                 cc=c1 a=0f b=01 dp=00 x=3753 y=0000 u=a65a s=1ff0  dt=48
1652| a484        ANDA  ,X                  cc=c5 a=00 b=01 dp=00 x=3753 y=0000 u=a65a s=1ff0  dt=32
1654| aac0        ORA   ,U+                 cc=c9 a=c0 b=01 dp=00 x=3753 y=0000 u=a65b s=1ff0  dt=48
1656| a780        STA   ,X+                 cc=c9 a=c0 b=01 dp=00 x=3754 y=0000 u=a65b s=1ff0  dt=48
1658| 5a          DECB                      cc=c5 a=c0 b=00 dp=00 x=3754 y=0000 u=a65b s=1ff0  dt=16
1659| 26f5        BNE   $1650               cc=c5 a=c0 b=00 dp=00 x=3754 y=0000 u=a65b s=1ff0  dt=24
165b| e6c0        LDB   ,U+                 cc=c9 a=c0 b=9c dp=00 x=3754 y=0000 u=a65c s=1ff0  dt=48
165d| c1ff        CMPB  #$ff                cc=c9 a=c0 b=9c dp=00 x=3754 y=0000 u=a65c s=1ff0  dt=16
165f| 274a        BEQ   $16ab               cc=c9 a=c0 b=9c dp=00 x=3754 y=0000 u=a65c s=1ff0  dt=24
1661| 3a          ABX                       cc=c9 a=c0 b=9c dp=00 x=37f0 y=0000 u=a65c s=1ff0  dt=24
1662| e6c0        LDB   ,U+                 cc=c1 a=c0 b=03 dp=00 x=37f0 y=0000 u=a65d s=1ff0  dt=48
1664| 2be8        BMI   $164e               cc=c1 a=c0 b=03 dp=00 x=37f0 y=0000 u=a65d s=1ff0  dt=24
1666| c105        CMPB  #$05                cc=c9 a=c0 b=03 dp=00 x=37f0 y=0000 u=a65d s=1ff0  dt=16
1668| 271b        BEQ   $1685               cc=c9 a=c0 b=03 dp=00 x=37f0 y=0000 u=a65d s=1ff0  dt=24
166a| c104        CMPB  #$04                cc=c9 a=c0 b=03 dp=00 x=37f0 y=0000 u=a65d s=1ff0  dt=16
166c| 250f        BCS   $167d               cc=c9 a=c0 b=03 dp=00 x=37f0 y=0000 u=a65d s=1ff0  dt=24
167d| c102        CMPB  #$02                cc=c0 a=c0 b=03 dp=00 x=37f0 y=0000 u=a65d s=1ff0  dt=16
167f| 2724        BEQ   $16a5               cc=c0 a=c0 b=03 dp=00 x=37f0 y=0000 u=a65d s=1ff0  dt=24
1681| 250a        BCS   $168d               cc=c0 a=c0 b=03 dp=00 x=37f0 y=0000 u=a65d s=1ff0  dt=24
1683| 2004        BRA   $1689               cc=c0 a=c0 b=03 dp=00 x=37f0 y=0000 u=a65d s=1ff0  dt=24
1689| ecc1        LDD   ,U++                cc=c0 a=55 b=cc dp=00 x=37f0 y=0000 u=a65f s=1ff0  dt=64
168b| ed81        STD   ,X++                cc=c0 a=55 b=cc dp=00 x=37f2 y=0000 u=a65f s=1ff0  dt=64
168d| a6c0        LDA   ,U+                 cc=c8 a=cc b=cc dp=00 x=37f2 y=0000 u=a660 s=1ff0  dt=48
168f| a780        STA   ,X+                 cc=c8 a=cc b=cc dp=00 x=37f3 y=0000 u=a660 s=1ff0  dt=48
1691| 20c8        BRA   $165b               cc=c8 a=cc b=cc dp=00 x=37f3 y=0000 u=a660 s=1ff0  dt=24
165b| e6c0        LDB   ,U+                 cc=c4 a=cc b=00 dp=00 x=37f3 y=0000 u=a661 s=1ff0  dt=48
165d| c1ff        CMPB  #$ff                cc=c1 a=cc b=00 dp=00 x=37f3 y=0000 u=a661 s=1ff0  dt=16
165f| 274a        BEQ   $16ab               cc=c1 a=cc b=00 dp=00 x=37f3 y=0000 u=a661 s=1ff0  dt=24
1661| 3a          ABX                       cc=c1 a=cc b=00 dp=00 x=37f3 y=0000 u=a661 s=1ff0  dt=24
1662| e6c0        LDB   ,U+                 cc=c9 a=cc b=81 dp=00 x=37f3 y=0000 u=a662 s=1ff0  dt=48
1664| 2be8        BMI   $164e               cc=c9 a=cc b=81 dp=00 x=37f3 y=0000 u=a662 s=1ff0  dt=24
164e| c47f        ANDB  #$7f                cc=c1 a=cc b=01 dp=00 x=37f3 y=0000 u=a662 s=1ff0  dt=16
1650| a6c0        LDA   ,U+                 cc=c9 a=f0 b=01 dp=00 x=37f3 y=0000 u=a663 s=1ff0  dt=48
1652| a484        ANDA  ,X                  cc=c5 a=00 b=01 dp=00 x=37f3 y=0000 u=a663 s=1ff0  dt=32
1654| aac0        ORA   ,U+                 cc=c1 a=05 b=01 dp=00 x=37f3 y=0000 u=a664 s=1ff0  dt=48
1656| a780        STA   ,X+                 cc=c1 a=05 b=01 dp=00 x=37f4 y=0000 u=a664 s=1ff0  dt=48
1658| 5a          DECB                      cc=c5 a=05 b=00 dp=00 x=37f4 y=0000 u=a664 s=1ff0  dt=16
1659| 26f5        BNE   $1650               cc=c5 a=05 b=00 dp=00 x=37f4 y=0000 u=a664 s=1ff0  dt=24
165b| e6c0        LDB   ,U+                 cc=c5 a=05 b=00 dp=00 x=37f4 y=0000 u=a665 s=1ff0  dt=48
165d| c1ff        CMPB  #$ff                cc=c1 a=05 b=00 dp=00 x=37f4 y=0000 u=a665 s=1ff0  dt=16
165f| 274a        BEQ   $16ab               cc=c1 a=05 b=00 dp=00 x=37f4 y=0000 u=a665 s=1ff0  dt=24
1661| 3a          ABX                       cc=c1 a=05 b=00 dp=00 x=37f4 y=0000 u=a665 s=1ff0  dt=24
1662| e6c0        LDB   ,U+                 cc=c1 a=05 b=01 dp=00 x=37f4 y=0000 u=a666 s=1ff0  dt=48
1664| 2be8        BMI   $164e               cc=c1 a=05 b=01 dp=00 x=37f4 y=0000 u=a666 s=1ff0  dt=24
1666| c105        CMPB  #$05                cc=c9 a=05 b=01 dp=00 x=37f4 y=0000 u=a666 s=1ff0  dt=16
1668| 271b        BEQ   $1685               cc=c9 a=05 b=01 dp=00 x=37f4 y=0000 u=a666 s=1ff0  dt=24
166a| c104        CMPB  #$04                cc=c9 a=05 b=01 dp=00 x=37f4 y=0000 u=a666 s=1ff0  dt=16
166c| 250f        BCS   $167d               cc=c9 a=05 b=01 dp=00 x=37f4 y=0000 u=a666 s=1ff0  dt=24
167d| c102        CMPB  #$02                cc=c9 a=05 b=01 dp=00 x=37f4 y=0000 u=a666 s=1ff0  dt=16
167f| 2724        BEQ   $16a5               cc=c9 a=05 b=01 dp=00 x=37f4 y=0000 u=a666 s=1ff0  dt=24
1681| 250a        BCS   $168d               cc=c9 a=05 b=01 dp=00 x=37f4 y=0000 u=a666 s=1ff0  dt=24
168d| a6c0        LDA   ,U+                 cc=c1 a=55 b=01 dp=00 x=37f4 y=0000 u=a667 s=1ff0  dt=48
168f| a780        STA   ,X+                 cc=c1 a=55 b=01 dp=00 x=37f5 y=0000 u=a667 s=1ff0  dt=48
1691| 20c8        BRA   $165b               cc=c1 a=55 b=01 dp=00 x=37f5 y=0000 u=a667 s=1ff0  dt=24
165b| e6c0        LDB   ,U+                 cc=c9 a=55 b=ff dp=00 x=37f5 y=0000 u=a668 s=1ff0  dt=48
165d| c1ff        CMPB  #$ff                cc=c4 a=55 b=ff dp=00 x=37f5 y=0000 u=a668 s=1ff0  dt=16
165f| 274a        BEQ   $16ab               cc=c4 a=55 b=ff dp=00 x=37f5 y=0000 u=a668 s=1ff0  dt=24
16ab| ecc1        LDD   ,U++                cc=c4 a=00 b=00 dp=00 x=37f5 y=0000 u=a66a s=1ff0  dt=64
16ad| 2706        BEQ   $16b5               cc=c4 a=00 b=00 dp=00 x=37f5 y=0000 u=a66a s=1ff0  dt=24
16b5| 8634        LDA   #$34                cc=c0 a=34 b=00 dp=00 x=37f5 y=0000 u=a66a s=1ff0  dt=16
16b7| b7ffa5      STA   $ffa5               cc=c0 a=34 b=00 dp=00 x=37f5 y=0000 u=a66a s=1ff0  dt=40
16ba| 39          RTS                       cc=c0 a=34 b=00 dp=00 x=37f5 y=0000 u=a66a s=1ff2  dt=40
13b5| 39          RTS                       cc=c0 a=34 b=00 dp=00 x=37f5 y=0000 u=a66a s=1ff4  dt=40
0c6f| 3510        PULS  X                   cc=c0 a=34 b=00 dp=00 x=a470 y=0000 u=a66a s=1ff6  dt=56
0c71| 3008        LEAX  8,X                 cc=c0 a=34 b=00 dp=00 x=a478 y=0000 u=a66a s=1ff6  dt=40
0c73| 0a5d        DEC   <$5d                cc=c0 a=34 b=00 dp=00 x=a478 y=0000 u=a66a s=1ff6  dt=48
0c75| 26e7        BNE   $0c5e               cc=c0 a=34 b=00 dp=00 x=a478 y=0000 u=a66a s=1ff6  dt=24
0c5e| 6d84        TST   ,X                  cc=c0 a=34 b=00 dp=00 x=a478 y=0000 u=a66a s=1ff6  dt=48
0c60| 270f        BEQ   $0c71               cc=c0 a=34 b=00 dp=00 x=a478 y=0000 u=a66a s=1ff6  dt=24
0c62| 6d06        TST   6,X                 cc=c0 a=34 b=00 dp=00 x=a478 y=0000 u=a66a s=1ff6  dt=56
0c64| 270b        BEQ   $0c71               cc=c0 a=34 b=00 dp=00 x=a478 y=0000 u=a66a s=1ff6  dt=24
0c66| e607        LDB   7,X                 cc=c0 a=34 b=01 dp=00 x=a478 y=0000 u=a66a s=1ff6  dt=40
0c68| 3410        PSHS  X                   cc=c0 a=34 b=01 dp=00 x=a478 y=0000 u=a66a s=1ff4  dt=56
0c6a| ae01        LDX   1,X                 cc=c0 a=34 b=01 dp=00 x=2fee y=0000 u=a66a s=1ff4  dt=48
0c6c| 17073d      LBSR  $13ac               cc=c0 a=34 b=01 dp=00 x=2fee y=0000 u=a66a s=1ff2  dt=72
13ac| 170236      LBSR  $15e5               cc=c0 a=34 b=01 dp=00 x=2fee y=0000 u=a66a s=1ff0  dt=72
15e5| c104        CMPB  #$04                cc=c9 a=34 b=01 dp=00 x=2fee y=0000 u=a66a s=1ff0  dt=16
15e7| 2501        BCS   $15ea               cc=c9 a=34 b=01 dp=00 x=2fee y=0000 u=a66a s=1ff0  dt=24
15ea| d766        STB   <$66                cc=c1 a=34 b=01 dp=00 x=2fee y=0000 u=a66a s=1ff0  dt=32
15ec| 8604        LDA   #$04                cc=c1 a=04 b=01 dp=00 x=2fee y=0000 u=a66a s=1ff0  dt=16
15ee| 905d        SUBA  <$5d                cc=c0 a=01 b=01 dp=00 x=2fee y=0000 u=a66a s=1ff0  dt=32
15f0| 8104        CMPA  #$04                cc=c9 a=01 b=01 dp=00 x=2fee y=0000 u=a66a s=1ff0  dt=16
15f2| 2302        BLS   $15f6               cc=c9 a=01 b=01 dp=00 x=2fee y=0000 u=a66a s=1ff0  dt=24
15f6| 9764        STA   <$64                cc=c1 a=01 b=01 dp=00 x=2fee y=0000 u=a66a s=1ff0  dt=32
15f8| 9624        LDA   <$24                cc=c1 a=01 b=01 dp=00 x=2fee y=0000 u=a66a s=1ff0  dt=32
15fa| 8109        CMPA  #$09                cc=c9 a=01 b=01 dp=00 x=2fee y=0000 u=a66a s=1ff0  dt=16
15fc| 2517        BCS   $1615               cc=c9 a=01 b=01 dp=00 x=2fee y=0000 u=a66a s=1ff0  dt=24
1615| 4a          DECA                      cc=c5 a=00 b=01 dp=00 x=2fee y=0000 u=a66a s=1ff0  dt=16
1616| 48          LSLA                      cc=c4 a=00 b=01 dp=00 x=2fee y=0000 u=a66a s=1ff0  dt=16
1617| 48          LSLA                      cc=c4 a=00 b=01 dp=00 x=2fee y=0000 u=a66a s=1ff0  dt=16
1618| 9b66        ADDA  <$66                cc=c0 a=01 b=01 dp=00 x=2fee y=0000 u=a66a s=1ff0  dt=32
161a| 48          LSLA                      cc=c0 a=02 b=01 dp=00 x=2fee y=0000 u=a66a s=1ff0  dt=16
161b| 48          LSLA                      cc=c0 a=04 b=01 dp=00 x=2fee y=0000 u=a66a s=1ff0  dt=16
161c| 9a54        ORA   <$54                cc=c0 a=06 b=01 dp=00 x=2fee y=0000 u=a66a s=1ff0  dt=32
161e| 39          RTS                       cc=c0 a=06 b=01 dp=00 x=2fee y=0000 u=a66a s=1ff2  dt=40
13af| 17027a      LBSR  $162c               cc=c0 a=06 b=01 dp=00 x=2fee y=0000 u=a66a s=1ff0  dt=72
162c| c603        LDB   #$03                cc=c0 a=06 b=03 dp=00 x=2fee y=0000 u=a66a s=1ff0  dt=16
162e| 3d          MUL                       cc=c0 a=00 b=12 dp=00 x=2fee y=0000 u=a66a s=1ff0  dt=88
162f| ce0500      LDU   #$0500              cc=c0 a=00 b=12 dp=00 x=2fee y=0000 u=0500 s=1ff0  dt=24
1632| 33cb        LEAU  D,U                 cc=c0 a=00 b=12 dp=00 x=2fee y=0000 u=0512 s=1ff0  dt=64
1634| a6c4        LDA   ,U                  cc=c0 a=35 b=12 dp=00 x=2fee y=0000 u=0512 s=1ff0  dt=32
1636| b7ffa5      STA   $ffa5               cc=c0 a=35 b=12 dp=00 x=2fee y=0000 u=0512 s=1ff0  dt=40
1639| ee41        LDU   1,U                 cc=c8 a=35 b=12 dp=00 x=2fee y=0000 u=a5dc s=1ff0  dt=48
163b| 39          RTS                       cc=c8 a=35 b=12 dp=00 x=2fee y=0000 u=a5dc s=1ff2  dt=40
13b2| 170297      LBSR  $164c               cc=c8 a=35 b=12 dp=00 x=2fee y=0000 u=a5dc s=1ff0  dt=72
164c| 200d        BRA   $165b               cc=c8 a=35 b=12 dp=00 x=2fee y=0000 u=a5dc s=1ff0  dt=24
165b| e6c0        LDB   ,U+                 cc=c8 a=35 b=ff dp=00 x=2fee y=0000 u=a5dd s=1ff0  dt=48
165d| c1ff        CMPB  #$ff                cc=c4 a=35 b=ff dp=00 x=2fee y=0000 u=a5dd s=1ff0  dt=16
165f| 274a        BEQ   $16ab               cc=c4 a=35 b=ff dp=00 x=2fee y=0000 u=a5dd s=1ff0  dt=24
16ab| ecc1        LDD   ,U++                cc=c0 a=01 b=42 dp=00 x=2fee y=0000 u=a5df s=1ff0  dt=64
16ad| 2706        BEQ   $16b5               cc=c0 a=01 b=42 dp=00 x=2fee y=0000 u=a5df s=1ff0  dt=24
16af| 308b        LEAX  D,X                 cc=c0 a=01 b=42 dp=00 x=3130 y=0000 u=a5df s=1ff0  dt=64
16b1| 3341        LEAU  1,U                 cc=c0 a=01 b=42 dp=00 x=3130 y=0000 u=a5e0 s=1ff0  dt=40
16b3| 20ad        BRA   $1662               cc=c0 a=01 b=42 dp=00 x=3130 y=0000 u=a5e0 s=1ff0  dt=24
1662| e6c0        LDB   ,U+                 cc=c0 a=01 b=03 dp=00 x=3130 y=0000 u=a5e1 s=1ff0  dt=48
1664| 2be8        BMI   $164e               cc=c0 a=01 b=03 dp=00 x=3130 y=0000 u=a5e1 s=1ff0  dt=24
1666| c105        CMPB  #$05                cc=c9 a=01 b=03 dp=00 x=3130 y=0000 u=a5e1 s=1ff0  dt=16
1668| 271b        BEQ   $1685               cc=c9 a=01 b=03 dp=00 x=3130 y=0000 u=a5e1 s=1ff0  dt=24
166a| c104        CMPB  #$04                cc=c9 a=01 b=03 dp=00 x=3130 y=0000 u=a5e1 s=1ff0  dt=16
166c| 250f        BCS   $167d               cc=c9 a=01 b=03 dp=00 x=3130 y=0000 u=a5e1 s=1ff0  dt=24
167d| c102        CMPB  #$02                cc=c0 a=01 b=03 dp=00 x=3130 y=0000 u=a5e1 s=1ff0  dt=16
167f| 2724        BEQ   $16a5               cc=c0 a=01 b=03 dp=00 x=3130 y=0000 u=a5e1 s=1ff0  dt=24
1681| 250a        BCS   $168d               cc=c0 a=01 b=03 dp=00 x=3130 y=0000 u=a5e1 s=1ff0  dt=24
1683| 2004        BRA   $1689               cc=c0 a=01 b=03 dp=00 x=3130 y=0000 u=a5e1 s=1ff0  dt=24
1689| ecc1        LDD   ,U++                cc=c0 a=55 b=cc dp=00 x=3130 y=0000 u=a5e3 s=1ff0  dt=64
168b| ed81        STD   ,X++                cc=c0 a=55 b=cc dp=00 x=3132 y=0000 u=a5e3 s=1ff0  dt=64
168d| a6c0        LDA   ,U+                 cc=c8 a=cc b=cc dp=00 x=3132 y=0000 u=a5e4 s=1ff0  dt=48
168f| a780        STA   ,X+                 cc=c8 a=cc b=cc dp=00 x=3133 y=0000 u=a5e4 s=1ff0  dt=48
1691| 20c8        BRA   $165b               cc=c8 a=cc b=cc dp=00 x=3133 y=0000 u=a5e4 s=1ff0  dt=24
165b| e6c0        LDB   ,U+                 cc=c4 a=cc b=00 dp=00 x=3133 y=0000 u=a5e5 s=1ff0  dt=48
165d| c1ff        CMPB  #$ff                cc=c1 a=cc b=00 dp=00 x=3133 y=0000 u=a5e5 s=1ff0  dt=16
165f| 274a        BEQ   $16ab               cc=c1 a=cc b=00 dp=00 x=3133 y=0000 u=a5e5 s=1ff0  dt=24
1661| 3a          ABX                       cc=c1 a=cc b=00 dp=00 x=3133 y=0000 u=a5e5 s=1ff0  dt=24
1662| e6c0        LDB   ,U+                 cc=c9 a=cc b=81 dp=00 x=3133 y=0000 u=a5e6 s=1ff0  dt=48
1664| 2be8        BMI   $164e               cc=c9 a=cc b=81 dp=00 x=3133 y=0000 u=a5e6 s=1ff0  dt=24
164e| c47f        ANDB  #$7f                cc=c1 a=cc b=01 dp=00 x=3133 y=0000 u=a5e6 s=1ff0  dt=16
1650| a6c0        LDA   ,U+                 cc=c9 a=f0 b=01 dp=00 x=3133 y=0000 u=a5e7 s=1ff0  dt=48
1652| a484        ANDA  ,X                  cc=c5 a=00 b=01 dp=00 x=3133 y=0000 u=a5e7 s=1ff0  dt=32
1654| aac0        ORA   ,U+                 cc=c1 a=05 b=01 dp=00 x=3133 y=0000 u=a5e8 s=1ff0  dt=48
1656| a780        STA   ,X+                 cc=c1 a=05 b=01 dp=00 x=3134 y=0000 u=a5e8 s=1ff0  dt=48
1658| 5a          DECB                      cc=c5 a=05 b=00 dp=00 x=3134 y=0000 u=a5e8 s=1ff0  dt=16
1659| 26f5        BNE   $1650               cc=c5 a=05 b=00 dp=00 x=3134 y=0000 u=a5e8 s=1ff0  dt=24
165b| e6c0        LDB   ,U+                 cc=c5 a=05 b=00 dp=00 x=3134 y=0000 u=a5e9 s=1ff0  dt=48
165d| c1ff        CMPB  #$ff                cc=c1 a=05 b=00 dp=00 x=3134 y=0000 u=a5e9 s=1ff0  dt=16
165f| 274a        BEQ   $16ab               cc=c1 a=05 b=00 dp=00 x=3134 y=0000 u=a5e9 s=1ff0  dt=24
1661| 3a          ABX                       cc=c1 a=05 b=00 dp=00 x=3134 y=0000 u=a5e9 s=1ff0  dt=24
1662| e6c0        LDB   ,U+                 cc=c1 a=05 b=01 dp=00 x=3134 y=0000 u=a5ea s=1ff0  dt=48
1664| 2be8        BMI   $164e               cc=c1 a=05 b=01 dp=00 x=3134 y=0000 u=a5ea s=1ff0  dt=24
1666| c105        CMPB  #$05                cc=c9 a=05 b=01 dp=00 x=3134 y=0000 u=a5ea s=1ff0  dt=16
1668| 271b        BEQ   $1685               cc=c9 a=05 b=01 dp=00 x=3134 y=0000 u=a5ea s=1ff0  dt=24
166a| c104        CMPB  #$04                cc=c9 a=05 b=01 dp=00 x=3134 y=0000 u=a5ea s=1ff0  dt=16
166c| 250f        BCS   $167d               cc=c9 a=05 b=01 dp=00 x=3134 y=0000 u=a5ea s=1ff0  dt=24
167d| c102        CMPB  #$02                cc=c9 a=05 b=01 dp=00 x=3134 y=0000 u=a5ea s=1ff0  dt=16
167f| 2724        BEQ   $16a5               cc=c9 a=05 b=01 dp=00 x=3134 y=0000 u=a5ea s=1ff0  dt=24
1681| 250a        BCS   $168d               cc=c9 a=05 b=01 dp=00 x=3134 y=0000 u=a5ea s=1ff0  dt=24
168d| a6c0        LDA   ,U+                 cc=c1 a=55 b=01 dp=00 x=3134 y=0000 u=a5eb s=1ff0  dt=48
168f| a780        STA   ,X+                 cc=c1 a=55 b=01 dp=00 x=3135 y=0000 u=a5eb s=1ff0  dt=48
1691| 20c8        BRA   $165b               cc=c1 a=55 b=01 dp=00 x=3135 y=0000 u=a5eb s=1ff0  dt=24
165b| e6c0        LDB   ,U+                 cc=c9 a=55 b=9b dp=00 x=3135 y=0000 u=a5ec s=1ff0  dt=48
165d| c1ff        CMPB  #$ff                cc=c9 a=55 b=9b dp=00 x=3135 y=0000 u=a5ec s=1ff0  dt=16
165f| 274a        BEQ   $16ab               cc=c9 a=55 b=9b dp=00 x=3135 y=0000 u=a5ec s=1ff0  dt=24
1661| 3a          ABX                       cc=c9 a=55 b=9b dp=00 x=31d0 y=0000 u=a5ec s=1ff0  dt=24
1662| e6c0        LDB   ,U+                 cc=c1 a=55 b=03 dp=00 x=31d0 y=0000 u=a5ed s=1ff0  dt=48
1664| 2be8        BMI   $164e               cc=c1 a=55 b=03 dp=00 x=31d0 y=0000 u=a5ed s=1ff0  dt=24
1666| c105        CMPB  #$05                cc=c9 a=55 b=03 dp=00 x=31d0 y=0000 u=a5ed s=1ff0  dt=16
1668| 271b        BEQ   $1685               cc=c9 a=55 b=03 dp=00 x=31d0 y=0000 u=a5ed s=1ff0  dt=24
166a| c104        CMPB  #$04                cc=c9 a=55 b=03 dp=00 x=31d0 y=0000 u=a5ed s=1ff0  dt=16
166c| 250f        BCS   $167d               cc=c9 a=55 b=03 dp=00 x=31d0 y=0000 u=a5ed s=1ff0  dt=24
167d| c102        CMPB  #$02                cc=c0 a=55 b=03 dp=00 x=31d0 y=0000 u=a5ed s=1ff0  dt=16
167f| 2724        BEQ   $16a5               cc=c0 a=55 b=03 dp=00 x=31d0 y=0000 u=a5ed s=1ff0  dt=24
1681| 250a        BCS   $168d               cc=c0 a=55 b=03 dp=00 x=31d0 y=0000 u=a5ed s=1ff0  dt=24
1683| 2004        BRA   $1689               cc=c0 a=55 b=03 dp=00 x=31d0 y=0000 u=a5ed s=1ff0  dt=24
1689| ecc1        LDD   ,U++                cc=c8 a=cc b=cc dp=00 x=31d0 y=0000 u=a5ef s=1ff0  dt=64
168b| ed81        STD   ,X++                cc=c8 a=cc b=cc dp=00 x=31d2 y=0000 u=a5ef s=1ff0  dt=64
168d| a6c0        LDA   ,U+                 cc=c8 a=cc b=cc dp=00 x=31d2 y=0000 u=a5f0 s=1ff0  dt=48
168f| a780        STA   ,X+                 cc=c8 a=cc b=cc dp=00 x=31d3 y=0000 u=a5f0 s=1ff0  dt=48
1691| 20c8        BRA   $165b               cc=c8 a=cc b=cc dp=00 x=31d3 y=0000 u=a5f0 s=1ff0  dt=24
165b| e6c0        LDB   ,U+                 cc=c4 a=cc b=00 dp=00 x=31d3 y=0000 u=a5f1 s=1ff0  dt=48
165d| c1ff        CMPB  #$ff                cc=c1 a=cc b=00 dp=00 x=31d3 y=0000 u=a5f1 s=1ff0  dt=16
165f| 274a        BEQ   $16ab               cc=c1 a=cc b=00 dp=00 x=31d3 y=0000 u=a5f1 s=1ff0  dt=24
1661| 3a          ABX                       cc=c1 a=cc b=00 dp=00 x=31d3 y=0000 u=a5f1 s=1ff0  dt=24
1662| e6c0        LDB   ,U+                 cc=c9 a=cc b=81 dp=00 x=31d3 y=0000 u=a5f2 s=1ff0  dt=48
1664| 2be8        BMI   $164e               cc=c9 a=cc b=81 dp=00 x=31d3 y=0000 u=a5f2 s=1ff0  dt=24
164e| c47f        ANDB  #$7f                cc=c1 a=cc b=01 dp=00 x=31d3 y=0000 u=a5f2 s=1ff0  dt=16
1650| a6c0        LDA   ,U+                 cc=c1 a=0f b=01 dp=00 x=31d3 y=0000 u=a5f3 s=1ff0  dt=48
1652| a484        ANDA  ,X                  cc=c5 a=00 b=01 dp=00 x=31d3 y=0000 u=a5f3 s=1ff0  dt=32
1654| aac0        ORA   ,U+                 cc=c9 a=c0 b=01 dp=00 x=31d3 y=0000 u=a5f4 s=1ff0  dt=48
1656| a780        STA   ,X+                 cc=c9 a=c0 b=01 dp=00 x=31d4 y=0000 u=a5f4 s=1ff0  dt=48
1658| 5a          DECB                      cc=c5 a=c0 b=00 dp=00 x=31d4 y=0000 u=a5f4 s=1ff0  dt=16
1659| 26f5        BNE   $1650               cc=c5 a=c0 b=00 dp=00 x=31d4 y=0000 u=a5f4 s=1ff0  dt=24
165b| e6c0        LDB   ,U+                 cc=c9 a=c0 b=9b dp=00 x=31d4 y=0000 u=a5f5 s=1ff0  dt=48
165d| c1ff        CMPB  #$ff                cc=c9 a=c0 b=9b dp=00 x=31d4 y=0000 u=a5f5 s=1ff0  dt=16
165f| 274a        BEQ   $16ab               cc=c9 a=c0 b=9b dp=00 x=31d4 y=0000 u=a5f5 s=1ff0  dt=24
1661| 3a          ABX                       cc=c9 a=c0 b=9b dp=00 x=326f y=0000 u=a5f5 s=1ff0  dt=24
1662| e6c0        LDB   ,U+                 cc=c9 a=c0 b=81 dp=00 x=326f y=0000 u=a5f6 s=1ff0  dt=48
1664| 2be8        BMI   $164e               cc=c9 a=c0 b=81 dp=00 x=326f y=0000 u=a5f6 s=1ff0  dt=24
164e| c47f        ANDB  #$7f                cc=c1 a=c0 b=01 dp=00 x=326f y=0000 u=a5f6 s=1ff0  dt=16
1650| a6c0        LDA   ,U+                 cc=c9 a=f0 b=01 dp=00 x=326f y=0000 u=a5f7 s=1ff0  dt=48
1652| a484        ANDA  ,X                  cc=c5 a=00 b=01 dp=00 x=326f y=0000 u=a5f7 s=1ff0  dt=32
1654| aac0        ORA   ,U+                 cc=c1 a=0c b=01 dp=00 x=326f y=0000 u=a5f8 s=1ff0  dt=48
1656| a780        STA   ,X+                 cc=c1 a=0c b=01 dp=00 x=3270 y=0000 u=a5f8 s=1ff0  dt=48
1658| 5a          DECB                      cc=c5 a=0c b=00 dp=00 x=3270 y=0000 u=a5f8 s=1ff0  dt=16
1659| 26f5        BNE   $1650               cc=c5 a=0c b=00 dp=00 x=3270 y=0000 u=a5f8 s=1ff0  dt=24
165b| e6c0        LDB   ,U+                 cc=c5 a=0c b=00 dp=00 x=3270 y=0000 u=a5f9 s=1ff0  dt=48
165d| c1ff        CMPB  #$ff                cc=c1 a=0c b=00 dp=00 x=3270 y=0000 u=a5f9 s=1ff0  dt=16
165f| 274a        BEQ   $16ab               cc=c1 a=0c b=00 dp=00 x=3270 y=0000 u=a5f9 s=1ff0  dt=24
1661| 3a          ABX                       cc=c1 a=0c b=00 dp=00 x=3270 y=0000 u=a5f9 s=1ff0  dt=24
1662| e6c0        LDB   ,U+                 cc=c1 a=0c b=04 dp=00 x=3270 y=0000 u=a5fa s=1ff0  dt=48
1664| 2be8        BMI   $164e               cc=c1 a=0c b=04 dp=00 x=3270 y=0000 u=a5fa s=1ff0  dt=24
1666| c105        CMPB  #$05                cc=c9 a=0c b=04 dp=00 x=3270 y=0000 u=a5fa s=1ff0  dt=16
1668| 271b        BEQ   $1685               cc=c9 a=0c b=04 dp=00 x=3270 y=0000 u=a5fa s=1ff0  dt=24
166a| c104        CMPB  #$04                cc=c4 a=0c b=04 dp=00 x=3270 y=0000 u=a5fa s=1ff0  dt=16
166c| 250f        BCS   $167d               cc=c4 a=0c b=04 dp=00 x=3270 y=0000 u=a5fa s=1ff0  dt=24
166e| 2731        BEQ   $16a1               cc=c4 a=0c b=04 dp=00 x=3270 y=0000 u=a5fa s=1ff0  dt=24
16a1| ecc1        LDD   ,U++                cc=c8 a=cc b=cc dp=00 x=3270 y=0000 u=a5fc s=1ff0  dt=64
16a3| ed81        STD   ,X++                cc=c8 a=cc b=cc dp=00 x=3272 y=0000 u=a5fc s=1ff0  dt=64
16a5| ecc1        LDD   ,U++                cc=c8 a=cc b=cc dp=00 x=3272 y=0000 u=a5fe s=1ff0  dt=64
16a7| ed81        STD   ,X++                cc=c8 a=cc b=cc dp=00 x=3274 y=0000 u=a5fe s=1ff0  dt=64
16a9| 20b0        BRA   $165b               cc=c8 a=cc b=cc dp=00 x=3274 y=0000 u=a5fe s=1ff0  dt=24
165b| e6c0        LDB   ,U+                 cc=c0 a=cc b=01 dp=00 x=3274 y=0000 u=a5ff s=1ff0  dt=48
165d| c1ff        CMPB  #$ff                cc=c1 a=cc b=01 dp=00 x=3274 y=0000 u=a5ff s=1ff0  dt=16
165f| 274a        BEQ   $16ab               cc=c1 a=cc b=01 dp=00 x=3274 y=0000 u=a5ff s=1ff0  dt=24
1661| 3a          ABX                       cc=c1 a=cc b=01 dp=00 x=3275 y=0000 u=a5ff s=1ff0  dt=24
1662| e6c0        LDB   ,U+                 cc=c1 a=cc b=01 dp=00 x=3275 y=0000 u=a600 s=1ff0  dt=48
1664| 2be8        BMI   $164e               cc=c1 a=cc b=01 dp=00 x=3275 y=0000 u=a600 s=1ff0  dt=24
1666| c105        CMPB  #$05                cc=c9 a=cc b=01 dp=00 x=3275 y=0000 u=a600 s=1ff0  dt=16
1668| 271b        BEQ   $1685               cc=c9 a=cc b=01 dp=00 x=3275 y=0000 u=a600 s=1ff0  dt=24
166a| c104        CMPB  #$04                cc=c9 a=cc b=01 dp=00 x=3275 y=0000 u=a600 s=1ff0  dt=16
166c| 250f        BCS   $167d               cc=c9 a=cc b=01 dp=00 x=3275 y=0000 u=a600 s=1ff0  dt=24
167d| c102        CMPB  #$02                cc=c9 a=cc b=01 dp=00 x=3275 y=0000 u=a600 s=1ff0  dt=16
167f| 2724        BEQ   $16a5               cc=c9 a=cc b=01 dp=00 x=3275 y=0000 u=a600 s=1ff0  dt=24
1681| 250a        BCS   $168d               cc=c9 a=cc b=01 dp=00 x=3275 y=0000 u=a600 s=1ff0  dt=24
168d| a6c0        LDA   ,U+                 cc=c9 a=cc b=01 dp=00 x=3275 y=0000 u=a601 s=1ff0  dt=48
168f| a780        STA   ,X+                 cc=c9 a=cc b=01 dp=00 x=3276 y=0000 u=a601 s=1ff0  dt=48
1691| 20c8        BRA   $165b               cc=c9 a=cc b=01 dp=00 x=3276 y=0000 u=a601 s=1ff0  dt=24
165b| e6c0        LDB   ,U+                 cc=c9 a=cc b=99 dp=00 x=3276 y=0000 u=a602 s=1ff0  dt=48
165d| c1ff        CMPB  #$ff                cc=c9 a=cc b=99 dp=00 x=3276 y=0000 u=a602 s=1ff0  dt=16
165f| 274a        BEQ   $16ab               cc=c9 a=cc b=99 dp=00 x=3276 y=0000 u=a602 s=1ff0  dt=24
1661| 3a          ABX                       cc=c9 a=cc b=99 dp=00 x=330f y=0000 u=a602 s=1ff0  dt=24
1662| e6c0        LDB   ,U+                 cc=c9 a=cc b=81 dp=00 x=330f y=0000 u=a603 s=1ff0  dt=48
1664| 2be8        BMI   $164e               cc=c9 a=cc b=81 dp=00 x=330f y=0000 u=a603 s=1ff0  dt=24
164e| c47f        ANDB  #$7f                cc=c1 a=cc b=01 dp=00 x=330f y=0000 u=a603 s=1ff0  dt=16
1650| a6c0        LDA   ,U+                 cc=c9 a=f0 b=01 dp=00 x=330f y=0000 u=a604 s=1ff0  dt=48
1652| a484        ANDA  ,X                  cc=c5 a=00 b=01 dp=00 x=330f y=0000 u=a604 s=1ff0  dt=32
1654| aac0        ORA   ,U+                 cc=c1 a=0c b=01 dp=00 x=330f y=0000 u=a605 s=1ff0  dt=48
1656| a780        STA   ,X+                 cc=c1 a=0c b=01 dp=00 x=3310 y=0000 u=a605 s=1ff0  dt=48
1658| 5a          DECB                      cc=c5 a=0c b=00 dp=00 x=3310 y=0000 u=a605 s=1ff0  dt=16
1659| 26f5        BNE   $1650               cc=c5 a=0c b=00 dp=00 x=3310 y=0000 u=a605 s=1ff0  dt=24
165b| e6c0        LDB   ,U+                 cc=c5 a=0c b=00 dp=00 x=3310 y=0000 u=a606 s=1ff0  dt=48
165d| c1ff        CMPB  #$ff                cc=c1 a=0c b=00 dp=00 x=3310 y=0000 u=a606 s=1ff0  dt=16
165f| 274a        BEQ   $16ab               cc=c1 a=0c b=00 dp=00 x=3310 y=0000 u=a606 s=1ff0  dt=24
1661| 3a          ABX                       cc=c1 a=0c b=00 dp=00 x=3310 y=0000 u=a606 s=1ff0  dt=24
1662| e6c0        LDB   ,U+                 cc=c1 a=0c b=05 dp=00 x=3310 y=0000 u=a607 s=1ff0  dt=48
1664| 2be8        BMI   $164e               cc=c1 a=0c b=05 dp=00 x=3310 y=0000 u=a607 s=1ff0  dt=24
1666| c105        CMPB  #$05                cc=c4 a=0c b=05 dp=00 x=3310 y=0000 u=a607 s=1ff0  dt=16
1668| 271b        BEQ   $1685               cc=c4 a=0c b=05 dp=00 x=3310 y=0000 u=a607 s=1ff0  dt=24
1685| ecc1        LDD   ,U++                cc=c8 a=cc b=cc dp=00 x=3310 y=0000 u=a609 s=1ff0  dt=64
1687| ed81        STD   ,X++                cc=c8 a=cc b=cc dp=00 x=3312 y=0000 u=a609 s=1ff0  dt=64
1689| ecc1        LDD   ,U++                cc=c8 a=cc b=cc dp=00 x=3312 y=0000 u=a60b s=1ff0  dt=64
168b| ed81        STD   ,X++                cc=c8 a=cc b=cc dp=00 x=3314 y=0000 u=a60b s=1ff0  dt=64
168d| a6c0        LDA   ,U+                 cc=c0 a=2c b=cc dp=00 x=3314 y=0000 u=a60c s=1ff0  dt=48
168f| a780        STA   ,X+                 cc=c0 a=2c b=cc dp=00 x=3315 y=0000 u=a60c s=1ff0  dt=48
1691| 20c8        BRA   $165b               cc=c0 a=2c b=cc dp=00 x=3315 y=0000 u=a60c s=1ff0  dt=24
165b| e6c0        LDB   ,U+                 cc=c8 a=2c b=9a dp=00 x=3315 y=0000 u=a60d s=1ff0  dt=48
165d| c1ff        CMPB  #$ff                cc=c9 a=2c b=9a dp=00 x=3315 y=0000 u=a60d s=1ff0  dt=16
165f| 274a        BEQ   $16ab               cc=c9 a=2c b=9a dp=00 x=3315 y=0000 u=a60d s=1ff0  dt=24
1661| 3a          ABX                       cc=c9 a=2c b=9a dp=00 x=33af y=0000 u=a60d s=1ff0  dt=24
1662| e6c0        LDB   ,U+                 cc=c1 a=2c b=05 dp=00 x=33af y=0000 u=a60e s=1ff0  dt=48
1664| 2be8        BMI   $164e               cc=c1 a=2c b=05 dp=00 x=33af y=0000 u=a60e s=1ff0  dt=24
1666| c105        CMPB  #$05                cc=c4 a=2c b=05 dp=00 x=33af y=0000 u=a60e s=1ff0  dt=16
1668| 271b        BEQ   $1685               cc=c4 a=2c b=05 dp=00 x=33af y=0000 u=a60e s=1ff0  dt=24
1685| ecc1        LDD   ,U++                cc=c8 a=c2 b=c2 dp=00 x=33af y=0000 u=a610 s=1ff0  dt=64
1687| ed81        STD   ,X++                cc=c8 a=c2 b=c2 dp=00 x=33b1 y=0000 u=a610 s=1ff0  dt=64
1689| ecc1        LDD   ,U++                cc=c8 a=c2 b=c2 dp=00 x=33b1 y=0000 u=a612 s=1ff0  dt=64
168b| ed81        STD   ,X++                cc=c8 a=c2 b=c2 dp=00 x=33b3 y=0000 u=a612 s=1ff0  dt=64
168d| a6c0        LDA   ,U+                 cc=c8 a=cc b=c2 dp=00 x=33b3 y=0000 u=a613 s=1ff0  dt=48
168f| a780        STA   ,X+                 cc=c8 a=cc b=c2 dp=00 x=33b4 y=0000 u=a613 s=1ff0  dt=48
1691| 20c8        BRA   $165b               cc=c8 a=cc b=c2 dp=00 x=33b4 y=0000 u=a613 s=1ff0  dt=24
165b| e6c0        LDB   ,U+                 cc=c4 a=cc b=00 dp=00 x=33b4 y=0000 u=a614 s=1ff0  dt=48
165d| c1ff        CMPB  #$ff                cc=c1 a=cc b=00 dp=00 x=33b4 y=0000 u=a614 s=1ff0  dt=16
165f| 274a        BEQ   $16ab               cc=c1 a=cc b=00 dp=00 x=33b4 y=0000 u=a614 s=1ff0  dt=24
1661| 3a          ABX                       cc=c1 a=cc b=00 dp=00 x=33b4 y=0000 u=a614 s=1ff0  dt=24
1662| e6c0        LDB   ,U+                 cc=c9 a=cc b=82 dp=00 x=33b4 y=0000 u=a615 s=1ff0  dt=48
1664| 2be8        BMI   $164e               cc=c9 a=cc b=82 dp=00 x=33b4 y=0000 u=a615 s=1ff0  dt=24
164e| c47f        ANDB  #$7f                cc=c1 a=cc b=02 dp=00 x=33b4 y=0000 u=a615 s=1ff0  dt=16
1650| a6c0        LDA   ,U+                 cc=c1 a=0f b=02 dp=00 x=33b4 y=0000 u=a616 s=1ff0  dt=48
1652| a484        ANDA  ,X                  cc=c5 a=00 b=02 dp=00 x=33b4 y=0000 u=a616 s=1ff0  dt=32
1654| aac0        ORA   ,U+                 cc=c1 a=50 b=02 dp=00 x=33b4 y=0000 u=a617 s=1ff0  dt=48
1656| a780        STA   ,X+                 cc=c1 a=50 b=02 dp=00 x=33b5 y=0000 u=a617 s=1ff0  dt=48
1658| 5a          DECB                      cc=c1 a=50 b=01 dp=00 x=33b5 y=0000 u=a617 s=1ff0  dt=16
1659| 26f5        BNE   $1650               cc=c1 a=50 b=01 dp=00 x=33b5 y=0000 u=a617 s=1ff0  dt=24
1650| a6c0        LDA   ,U+                 cc=c1 a=0f b=01 dp=00 x=33b5 y=0000 u=a618 s=1ff0  dt=48
1652| a484        ANDA  ,X                  cc=c5 a=00 b=01 dp=00 x=33b5 y=0000 u=a618 s=1ff0  dt=32
1654| aac0        ORA   ,U+                 cc=c9 a=c0 b=01 dp=00 x=33b5 y=0000 u=a619 s=1ff0  dt=48
1656| a780        STA   ,X+                 cc=c9 a=c0 b=01 dp=00 x=33b6 y=0000 u=a619 s=1ff0  dt=48
1658| 5a          DECB                      cc=c5 a=c0 b=00 dp=00 x=33b6 y=0000 u=a619 s=1ff0  dt=16
1659| 26f5        BNE   $1650               cc=c5 a=c0 b=00 dp=00 x=33b6 y=0000 u=a619 s=1ff0  dt=24
165b| e6c0        LDB   ,U+                 cc=c9 a=c0 b=99 dp=00 x=33b6 y=0000 u=a61a s=1ff0  dt=48
165d| c1ff        CMPB  #$ff                cc=c9 a=c0 b=99 dp=00 x=33b6 y=0000 u=a61a s=1ff0  dt=16
165f| 274a        BEQ   $16ab               cc=c9 a=c0 b=99 dp=00 x=33b6 y=0000 u=a61a s=1ff0  dt=24
1661| 3a          ABX                       cc=c9 a=c0 b=99 dp=00 x=344f y=0000 u=a61a s=1ff0  dt=24
1662| e6c0        LDB   ,U+                 cc=c1 a=c0 b=06 dp=00 x=344f y=0000 u=a61b s=1ff0  dt=48
1664| 2be8        BMI   $164e               cc=c1 a=c0 b=06 dp=00 x=344f y=0000 u=a61b s=1ff0  dt=24
1666| c105        CMPB  #$05                cc=c0 a=c0 b=06 dp=00 x=344f y=0000 u=a61b s=1ff0  dt=16
1668| 271b        BEQ   $1685               cc=c0 a=c0 b=06 dp=00 x=344f y=0000 u=a61b s=1ff0  dt=24
166a| c104        CMPB  #$04                cc=c0 a=c0 b=06 dp=00 x=344f y=0000 u=a61b s=1ff0  dt=16
166c| 250f        BCS   $167d               cc=c0 a=c0 b=06 dp=00 x=344f y=0000 u=a61b s=1ff0  dt=24
166e| 2731        BEQ   $16a1               cc=c0 a=c0 b=06 dp=00 x=344f y=0000 u=a61b s=1ff0  dt=24
1670| c106        CMPB  #$06                cc=c4 a=c0 b=06 dp=00 x=344f y=0000 u=a61b s=1ff0  dt=16
1672| 271f        BEQ   $1693               cc=c4 a=c0 b=06 dp=00 x=344f y=0000 u=a61b s=1ff0  dt=24
1693| ecc1        LDD   ,U++                cc=c8 a=cc b=cc dp=00 x=344f y=0000 u=a61d s=1ff0  dt=64
1695| ed81        STD   ,X++                cc=c8 a=cc b=cc dp=00 x=3451 y=0000 u=a61d s=1ff0  dt=64
1697| ecc1        LDD   ,U++                cc=c8 a=cc b=cc dp=00 x=3451 y=0000 u=a61f s=1ff0  dt=64
1699| ed81        STD   ,X++                cc=c8 a=cc b=cc dp=00 x=3453 y=0000 u=a61f s=1ff0  dt=64
169b| ecc1        LDD   ,U++                cc=c8 a=cc b=55 dp=00 x=3453 y=0000 u=a621 s=1ff0  dt=64
169d| ed81        STD   ,X++                cc=c8 a=cc b=55 dp=00 x=3455 y=0000 u=a621 s=1ff0  dt=64
169f| 20ba        BRA   $165b               cc=c8 a=cc b=55 dp=00 x=3455 y=0000 u=a621 s=1ff0  dt=24
165b| e6c0        LDB   ,U+                 cc=c8 a=cc b=9a dp=00 x=3455 y=0000 u=a622 s=1ff0  dt=48
165d| c1ff        CMPB  #$ff                cc=c9 a=cc b=9a dp=00 x=3455 y=0000 u=a622 s=1ff0  dt=16
165f| 274a        BEQ   $16ab               cc=c9 a=cc b=9a dp=00 x=3455 y=0000 u=a622 s=1ff0  dt=24
1661| 3a          ABX                       cc=c9 a=cc b=9a dp=00 x=34ef y=0000 u=a622 s=1ff0  dt=24
1662| e6c0        LDB   ,U+                 cc=c1 a=cc b=06 dp=00 x=34ef y=0000 u=a623 s=1ff0  dt=48
1664| 2be8        BMI   $164e               cc=c1 a=cc b=06 dp=00 x=34ef y=0000 u=a623 s=1ff0  dt=24
1666| c105        CMPB  #$05                cc=c0 a=cc b=06 dp=00 x=34ef y=0000 u=a623 s=1ff0  dt=16
1668| 271b        BEQ   $1685               cc=c0 a=cc b=06 dp=00 x=34ef y=0000 u=a623 s=1ff0  dt=24
166a| c104        CMPB  #$04                cc=c0 a=cc b=06 dp=00 x=34ef y=0000 u=a623 s=1ff0  dt=16
166c| 250f        BCS   $167d               cc=c0 a=cc b=06 dp=00 x=34ef y=0000 u=a623 s=1ff0  dt=24
166e| 2731        BEQ   $16a1               cc=c0 a=cc b=06 dp=00 x=34ef y=0000 u=a623 s=1ff0  dt=24
1670| c106        CMPB  #$06                cc=c4 a=cc b=06 dp=00 x=34ef y=0000 u=a623 s=1ff0  dt=16
1672| 271f        BEQ   $1693               cc=c4 a=cc b=06 dp=00 x=34ef y=0000 u=a623 s=1ff0  dt=24
1693| ecc1        LDD   ,U++                cc=c8 a=cc b=cc dp=00 x=34ef y=0000 u=a625 s=1ff0  dt=64
1695| ed81        STD   ,X++                cc=c8 a=cc b=cc dp=00 x=34f1 y=0000 u=a625 s=1ff0  dt=64
1697| ecc1        LDD   ,U++                cc=c8 a=cc b=cc dp=00 x=34f1 y=0000 u=a627 s=1ff0  dt=64
1699| ed81        STD   ,X++                cc=c8 a=cc b=cc dp=00 x=34f3 y=0000 u=a627 s=1ff0  dt=64
169b| ecc1        LDD   ,U++                cc=c8 a=cc b=55 dp=00 x=34f3 y=0000 u=a629 s=1ff0  dt=64
169d| ed81        STD   ,X++                cc=c8 a=cc b=55 dp=00 x=34f5 y=0000 u=a629 s=1ff0  dt=64
169f| 20ba        BRA   $165b               cc=c8 a=cc b=55 dp=00 x=34f5 y=0000 u=a629 s=1ff0  dt=24
165b| e6c0        LDB   ,U+                 cc=c8 a=cc b=9a dp=00 x=34f5 y=0000 u=a62a s=1ff0  dt=48
165d| c1ff        CMPB  #$ff                cc=c9 a=cc b=9a dp=00 x=34f5 y=0000 u=a62a s=1ff0  dt=16
165f| 274a        BEQ   $16ab               cc=c9 a=cc b=9a dp=00 x=34f5 y=0000 u=a62a s=1ff0  dt=24
1661| 3a          ABX                       cc=c9 a=cc b=9a dp=00 x=358f y=0000 u=a62a s=1ff0  dt=24
1662| e6c0        LDB   ,U+                 cc=c1 a=cc b=05 dp=00 x=358f y=0000 u=a62b s=1ff0  dt=48
1664| 2be8        BMI   $164e               cc=c1 a=cc b=05 dp=00 x=358f y=0000 u=a62b s=1ff0  dt=24
1666| c105        CMPB  #$05                cc=c4 a=cc b=05 dp=00 x=358f y=0000 u=a62b s=1ff0  dt=16
1668| 271b        BEQ   $1685               cc=c4 a=cc b=05 dp=00 x=358f y=0000 u=a62b s=1ff0  dt=24
1685| ecc1        LDD   ,U++                cc=c8 a=c2 b=c2 dp=00 x=358f y=0000 u=a62d s=1ff0  dt=64
1687| ed81        STD   ,X++                cc=c8 a=c2 b=c2 dp=00 x=3591 y=0000 u=a62d s=1ff0  dt=64
1689| ecc1        LDD   ,U++                cc=c8 a=c2 b=c2 dp=00 x=3591 y=0000 u=a62f s=1ff0  dt=64
168b| ed81        STD   ,X++                cc=c8 a=c2 b=c2 dp=00 x=3593 y=0000 u=a62f s=1ff0  dt=64
168d| a6c0        LDA   ,U+                 cc=c8 a=cc b=c2 dp=00 x=3593 y=0000 u=a630 s=1ff0  dt=48
168f| a780        STA   ,X+                 cc=c8 a=cc b=c2 dp=00 x=3594 y=0000 u=a630 s=1ff0  dt=48
1691| 20c8        BRA   $165b               cc=c8 a=cc b=c2 dp=00 x=3594 y=0000 u=a630 s=1ff0  dt=24
165b| e6c0        LDB   ,U+                 cc=c4 a=cc b=00 dp=00 x=3594 y=0000 u=a631 s=1ff0  dt=48
165d| c1ff        CMPB  #$ff                cc=c1 a=cc b=00 dp=00 x=3594 y=0000 u=a631 s=1ff0  dt=16
165f| 274a        BEQ   $16ab               cc=c1 a=cc b=00 dp=00 x=3594 y=0000 u=a631 s=1ff0  dt=24
1661| 3a          ABX                       cc=c1 a=cc b=00 dp=00 x=3594 y=0000 u=a631 s=1ff0  dt=24
1662| e6c0        LDB   ,U+                 cc=c9 a=cc b=82 dp=00 x=3594 y=0000 u=a632 s=1ff0  dt=48
1664| 2be8        BMI   $164e               cc=c9 a=cc b=82 dp=00 x=3594 y=0000 u=a632 s=1ff0  dt=24
164e| c47f        ANDB  #$7f                cc=c1 a=cc b=02 dp=00 x=3594 y=0000 u=a632 s=1ff0  dt=16
1650| a6c0        LDA   ,U+                 cc=c1 a=0f b=02 dp=00 x=3594 y=0000 u=a633 s=1ff0  dt=48
1652| a484        ANDA  ,X                  cc=c5 a=00 b=02 dp=00 x=3594 y=0000 u=a633 s=1ff0  dt=32
1654| aac0        ORA   ,U+                 cc=c1 a=50 b=02 dp=00 x=3594 y=0000 u=a634 s=1ff0  dt=48
1656| a780        STA   ,X+                 cc=c1 a=50 b=02 dp=00 x=3595 y=0000 u=a634 s=1ff0  dt=48
1658| 5a          DECB                      cc=c1 a=50 b=01 dp=00 x=3595 y=0000 u=a634 s=1ff0  dt=16
1659| 26f5        BNE   $1650               cc=c1 a=50 b=01 dp=00 x=3595 y=0000 u=a634 s=1ff0  dt=24
1650| a6c0        LDA   ,U+                 cc=c1 a=0f b=01 dp=00 x=3595 y=0000 u=a635 s=1ff0  dt=48
1652| a484        ANDA  ,X                  cc=c5 a=00 b=01 dp=00 x=3595 y=0000 u=a635 s=1ff0  dt=32
1654| aac0        ORA   ,U+                 cc=c9 a=c0 b=01 dp=00 x=3595 y=0000 u=a636 s=1ff0  dt=48
1656| a780        STA   ,X+                 cc=c9 a=c0 b=01 dp=00 x=3596 y=0000 u=a636 s=1ff0  dt=48
1658| 5a          DECB                      cc=c5 a=c0 b=00 dp=00 x=3596 y=0000 u=a636 s=1ff0  dt=16
1659| 26f5        BNE   $1650               cc=c5 a=c0 b=00 dp=00 x=3596 y=0000 u=a636 s=1ff0  dt=24
165b| e6c0        LDB   ,U+                 cc=c9 a=c0 b=99 dp=00 x=3596 y=0000 u=a637 s=1ff0  dt=48
165d| c1ff        CMPB  #$ff                cc=c9 a=c0 b=99 dp=00 x=3596 y=0000 u=a637 s=1ff0  dt=16
165f| 274a        BEQ   $16ab               cc=c9 a=c0 b=99 dp=00 x=3596 y=0000 u=a637 s=1ff0  dt=24
1661| 3a          ABX                       cc=c9 a=c0 b=99 dp=00 x=362f y=0000 u=a637 s=1ff0  dt=24
1662| e6c0        LDB   ,U+                 cc=c9 a=c0 b=81 dp=00 x=362f y=0000 u=a638 s=1ff0  dt=48
1664| 2be8        BMI   $164e               cc=c9 a=c0 b=81 dp=00 x=362f y=0000 u=a638 s=1ff0  dt=24
164e| c47f        ANDB  #$7f                cc=c1 a=c0 b=01 dp=00 x=362f y=0000 u=a638 s=1ff0  dt=16
1650| a6c0        LDA   ,U+                 cc=c9 a=f0 b=01 dp=00 x=362f y=0000 u=a639 s=1ff0  dt=48
1652| a484        ANDA  ,X                  cc=c5 a=00 b=01 dp=00 x=362f y=0000 u=a639 s=1ff0  dt=32
1654| aac0        ORA   ,U+                 cc=c1 a=0c b=01 dp=00 x=362f y=0000 u=a63a s=1ff0  dt=48
1656| a780        STA   ,X+                 cc=c1 a=0c b=01 dp=00 x=3630 y=0000 u=a63a s=1ff0  dt=48
1658| 5a          DECB                      cc=c5 a=0c b=00 dp=00 x=3630 y=0000 u=a63a s=1ff0  dt=16
1659| 26f5        BNE   $1650               cc=c5 a=0c b=00 dp=00 x=3630 y=0000 u=a63a s=1ff0  dt=24
165b| e6c0        LDB   ,U+                 cc=c5 a=0c b=00 dp=00 x=3630 y=0000 u=a63b s=1ff0  dt=48
165d| c1ff        CMPB  #$ff                cc=c1 a=0c b=00 dp=00 x=3630 y=0000 u=a63b s=1ff0  dt=16
165f| 274a        BEQ   $16ab               cc=c1 a=0c b=00 dp=00 x=3630 y=0000 u=a63b s=1ff0  dt=24
1661| 3a          ABX                       cc=c1 a=0c b=00 dp=00 x=3630 y=0000 u=a63b s=1ff0  dt=24
1662| e6c0        LDB   ,U+                 cc=c1 a=0c b=05 dp=00 x=3630 y=0000 u=a63c s=1ff0  dt=48
1664| 2be8        BMI   $164e               cc=c1 a=0c b=05 dp=00 x=3630 y=0000 u=a63c s=1ff0  dt=24
1666| c105        CMPB  #$05                cc=c4 a=0c b=05 dp=00 x=3630 y=0000 u=a63c s=1ff0  dt=16
1668| 271b        BEQ   $1685               cc=c4 a=0c b=05 dp=00 x=3630 y=0000 u=a63c s=1ff0  dt=24
1685| ecc1        LDD   ,U++                cc=c8 a=cc b=cc dp=00 x=3630 y=0000 u=a63e s=1ff0  dt=64
1687| ed81        STD   ,X++                cc=c8 a=cc b=cc dp=00 x=3632 y=0000 u=a63e s=1ff0  dt=64
1689| ecc1        LDD   ,U++                cc=c8 a=cc b=cc dp=00 x=3632 y=0000 u=a640 s=1ff0  dt=64
168b| ed81        STD   ,X++                cc=c8 a=cc b=cc dp=00 x=3634 y=0000 u=a640 s=1ff0  dt=64
168d| a6c0        LDA   ,U+                 cc=c0 a=2c b=cc dp=00 x=3634 y=0000 u=a641 s=1ff0  dt=48
168f| a780        STA   ,X+                 cc=c0 a=2c b=cc dp=00 x=3635 y=0000 u=a641 s=1ff0  dt=48
1691| 20c8        BRA   $165b               cc=c0 a=2c b=cc dp=00 x=3635 y=0000 u=a641 s=1ff0  dt=24
165b| e6c0        LDB   ,U+                 cc=c8 a=2c b=9a dp=00 x=3635 y=0000 u=a642 s=1ff0  dt=48
165d| c1ff        CMPB  #$ff                cc=c9 a=2c b=9a dp=00 x=3635 y=0000 u=a642 s=1ff0  dt=16
165f| 274a        BEQ   $16ab               cc=c9 a=2c b=9a dp=00 x=3635 y=0000 u=a642 s=1ff0  dt=24
1661| 3a          ABX                       cc=c9 a=2c b=9a dp=00 x=36cf y=0000 u=a642 s=1ff0  dt=24
1662| e6c0        LDB   ,U+                 cc=c9 a=2c b=81 dp=00 x=36cf y=0000 u=a643 s=1ff0  dt=48
1664| 2be8        BMI   $164e               cc=c9 a=2c b=81 dp=00 x=36cf y=0000 u=a643 s=1ff0  dt=24
164e| c47f        ANDB  #$7f                cc=c1 a=2c b=01 dp=00 x=36cf y=0000 u=a643 s=1ff0  dt=16
1650| a6c0        LDA   ,U+                 cc=c9 a=f0 b=01 dp=00 x=36cf y=0000 u=a644 s=1ff0  dt=48
1652| a484        ANDA  ,X                  cc=c5 a=00 b=01 dp=00 x=36cf y=0000 u=a644 s=1ff0  dt=32
1654| aac0        ORA   ,U+                 cc=c1 a=0c b=01 dp=00 x=36cf y=0000 u=a645 s=1ff0  dt=48
1656| a780        STA   ,X+                 cc=c1 a=0c b=01 dp=00 x=36d0 y=0000 u=a645 s=1ff0  dt=48
1658| 5a          DECB                      cc=c5 a=0c b=00 dp=00 x=36d0 y=0000 u=a645 s=1ff0  dt=16
1659| 26f5        BNE   $1650               cc=c5 a=0c b=00 dp=00 x=36d0 y=0000 u=a645 s=1ff0  dt=24
165b| e6c0        LDB   ,U+                 cc=c5 a=0c b=00 dp=00 x=36d0 y=0000 u=a646 s=1ff0  dt=48
165d| c1ff        CMPB  #$ff                cc=c1 a=0c b=00 dp=00 x=36d0 y=0000 u=a646 s=1ff0  dt=16
165f| 274a        BEQ   $16ab               cc=c1 a=0c b=00 dp=00 x=36d0 y=0000 u=a646 s=1ff0  dt=24
1661| 3a          ABX                       cc=c1 a=0c b=00 dp=00 x=36d0 y=0000 u=a646 s=1ff0  dt=24
1662| e6c0        LDB   ,U+                 cc=c1 a=0c b=04 dp=00 x=36d0 y=0000 u=a647 s=1ff0  dt=48
1664| 2be8        BMI   $164e               cc=c1 a=0c b=04 dp=00 x=36d0 y=0000 u=a647 s=1ff0  dt=24
1666| c105        CMPB  #$05                cc=c9 a=0c b=04 dp=00 x=36d0 y=0000 u=a647 s=1ff0  dt=16
1668| 271b        BEQ   $1685               cc=c9 a=0c b=04 dp=00 x=36d0 y=0000 u=a647 s=1ff0  dt=24
166a| c104        CMPB  #$04                cc=c4 a=0c b=04 dp=00 x=36d0 y=0000 u=a647 s=1ff0  dt=16
166c| 250f        BCS   $167d               cc=c4 a=0c b=04 dp=00 x=36d0 y=0000 u=a647 s=1ff0  dt=24
166e| 2731        BEQ   $16a1               cc=c4 a=0c b=04 dp=00 x=36d0 y=0000 u=a647 s=1ff0  dt=24
16a1| ecc1        LDD   ,U++                cc=c8 a=cc b=cc dp=00 x=36d0 y=0000 u=a649 s=1ff0  dt=64
16a3| ed81        STD   ,X++                cc=c8 a=cc b=cc dp=00 x=36d2 y=0000 u=a649 s=1ff0  dt=64
16a5| ecc1        LDD   ,U++                cc=c8 a=cc b=cc dp=00 x=36d2 y=0000 u=a64b s=1ff0  dt=64
16a7| ed81        STD   ,X++                cc=c8 a=cc b=cc dp=00 x=36d4 y=0000 u=a64b s=1ff0  dt=64
16a9| 20b0        BRA   $165b               cc=c8 a=cc b=cc dp=00 x=36d4 y=0000 u=a64b s=1ff0  dt=24
165b| e6c0        LDB   ,U+                 cc=c4 a=cc b=00 dp=00 x=36d4 y=0000 u=a64c s=1ff0  dt=48
165d| c1ff        CMPB  #$ff                cc=c1 a=cc b=00 dp=00 x=36d4 y=0000 u=a64c s=1ff0  dt=16
165f| 274a        BEQ   $16ab               cc=c1 a=cc b=00 dp=00 x=36d4 y=0000 u=a64c s=1ff0  dt=24
1661| 3a          ABX                       cc=c1 a=cc b=00 dp=00 x=36d4 y=0000 u=a64c s=1ff0  dt=24
1662| e6c0        LDB   ,U+                 cc=c9 a=cc b=81 dp=00 x=36d4 y=0000 u=a64d s=1ff0  dt=48
1664| 2be8        BMI   $164e               cc=c9 a=cc b=81 dp=00 x=36d4 y=0000 u=a64d s=1ff0  dt=24
164e| c47f        ANDB  #$7f                cc=c1 a=cc b=01 dp=00 x=36d4 y=0000 u=a64d s=1ff0  dt=16
1650| a6c0        LDA   ,U+                 cc=c9 a=f0 b=01 dp=00 x=36d4 y=0000 u=a64e s=1ff0  dt=48
1652| a484        ANDA  ,X                  cc=c5 a=00 b=01 dp=00 x=36d4 y=0000 u=a64e s=1ff0  dt=32
1654| aac0        ORA   ,U+                 cc=c1 a=0c b=01 dp=00 x=36d4 y=0000 u=a64f s=1ff0  dt=48
1656| a780        STA   ,X+                 cc=c1 a=0c b=01 dp=00 x=36d5 y=0000 u=a64f s=1ff0  dt=48
1658| 5a          DECB                      cc=c5 a=0c b=00 dp=00 x=36d5 y=0000 u=a64f s=1ff0  dt=16
1659| 26f5        BNE   $1650               cc=c5 a=0c b=00 dp=00 x=36d5 y=0000 u=a64f s=1ff0  dt=24
165b| e6c0        LDB   ,U+                 cc=c5 a=0c b=00 dp=00 x=36d5 y=0000 u=a650 s=1ff0  dt=48
165d| c1ff        CMPB  #$ff                cc=c1 a=0c b=00 dp=00 x=36d5 y=0000 u=a650 s=1ff0  dt=16
165f| 274a        BEQ   $16ab               cc=c1 a=0c b=00 dp=00 x=36d5 y=0000 u=a650 s=1ff0  dt=24
1661| 3a          ABX                       cc=c1 a=0c b=00 dp=00 x=36d5 y=0000 u=a650 s=1ff0  dt=24
1662| e6c0        LDB   ,U+                 cc=c1 a=0c b=01 dp=00 x=36d5 y=0000 u=a651 s=1ff0  dt=48
1664| 2be8        BMI   $164e               cc=c1 a=0c b=01 dp=00 x=36d5 y=0000 u=a651 s=1ff0  dt=24
1666| c105        CMPB  #$05                cc=c9 a=0c b=01 dp=00 x=36d5 y=0000 u=a651 s=1ff0  dt=16
1668| 271b        BEQ   $1685               cc=c9 a=0c b=01 dp=00 x=36d5 y=0000 u=a651 s=1ff0  dt=24
166a| c104        CMPB  #$04                cc=c9 a=0c b=01 dp=00 x=36d5 y=0000 u=a651 s=1ff0  dt=16
166c| 250f        BCS   $167d               cc=c9 a=0c b=01 dp=00 x=36d5 y=0000 u=a651 s=1ff0  dt=24
167d| c102        CMPB  #$02                cc=c9 a=0c b=01 dp=00 x=36d5 y=0000 u=a651 s=1ff0  dt=16
167f| 2724        BEQ   $16a5               cc=c9 a=0c b=01 dp=00 x=36d5 y=0000 u=a651 s=1ff0  dt=24
1681| 250a        BCS   $168d               cc=c9 a=0c b=01 dp=00 x=36d5 y=0000 u=a651 s=1ff0  dt=24
168d| a6c0        LDA   ,U+                 cc=c9 a=cc b=01 dp=00 x=36d5 y=0000 u=a652 s=1ff0  dt=48
168f| a780        STA   ,X+                 cc=c9 a=cc b=01 dp=00 x=36d6 y=0000 u=a652 s=1ff0  dt=48
1691| 20c8        BRA   $165b               cc=c9 a=cc b=01 dp=00 x=36d6 y=0000 u=a652 s=1ff0  dt=24
165b| e6c0        LDB   ,U+                 cc=c9 a=cc b=9a dp=00 x=36d6 y=0000 u=a653 s=1ff0  dt=48
165d| c1ff        CMPB  #$ff                cc=c9 a=cc b=9a dp=00 x=36d6 y=0000 u=a653 s=1ff0  dt=16
165f| 274a        BEQ   $16ab               cc=c9 a=cc b=9a dp=00 x=36d6 y=0000 u=a653 s=1ff0  dt=24
1661| 3a          ABX                       cc=c9 a=cc b=9a dp=00 x=3770 y=0000 u=a653 s=1ff0  dt=24
1662| e6c0        LDB   ,U+                 cc=c1 a=cc b=03 dp=00 x=3770 y=0000 u=a654 s=1ff0  dt=48
1664| 2be8        BMI   $164e               cc=c1 a=cc b=03 dp=00 x=3770 y=0000 u=a654 s=1ff0  dt=24
1666| c105        CMPB  #$05                cc=c9 a=cc b=03 dp=00 x=3770 y=0000 u=a654 s=1ff0  dt=16
1668| 271b        BEQ   $1685               cc=c9 a=cc b=03 dp=00 x=3770 y=0000 u=a654 s=1ff0  dt=24
166a| c104        CMPB  #$04                cc=c9 a=cc b=03 dp=00 x=3770 y=0000 u=a654 s=1ff0  dt=16
166c| 250f        BCS   $167d               cc=c9 a=cc b=03 dp=00 x=3770 y=0000 u=a654 s=1ff0  dt=24
167d| c102        CMPB  #$02                cc=c0 a=cc b=03 dp=00 x=3770 y=0000 u=a654 s=1ff0  dt=16
167f| 2724        BEQ   $16a5               cc=c0 a=cc b=03 dp=00 x=3770 y=0000 u=a654 s=1ff0  dt=24
1681| 250a        BCS   $168d               cc=c0 a=cc b=03 dp=00 x=3770 y=0000 u=a654 s=1ff0  dt=24
1683| 2004        BRA   $1689               cc=c0 a=cc b=03 dp=00 x=3770 y=0000 u=a654 s=1ff0  dt=24
1689| ecc1        LDD   ,U++                cc=c8 a=cc b=cc dp=00 x=3770 y=0000 u=a656 s=1ff0  dt=64
168b| ed81        STD   ,X++                cc=c8 a=cc b=cc dp=00 x=3772 y=0000 u=a656 s=1ff0  dt=64
168d| a6c0        LDA   ,U+                 cc=c8 a=cc b=cc dp=00 x=3772 y=0000 u=a657 s=1ff0  dt=48
168f| a780        STA   ,X+                 cc=c8 a=cc b=cc dp=00 x=3773 y=0000 u=a657 s=1ff0  dt=48
1691| 20c8        BRA   $165b               cc=c8 a=cc b=cc dp=00 x=3773 y=0000 u=a657 s=1ff0  dt=24
165b| e6c0        LDB   ,U+                 cc=c4 a=cc b=00 dp=00 x=3773 y=0000 u=a658 s=1ff0  dt=48
165d| c1ff        CMPB  #$ff                cc=c1 a=cc b=00 dp=00 x=3773 y=0000 u=a658 s=1ff0  dt=16
165f| 274a        BEQ   $16ab               cc=c1 a=cc b=00 dp=00 x=3773 y=0000 u=a658 s=1ff0  dt=24
1661| 3a          ABX                       cc=c1 a=cc b=00 dp=00 x=3773 y=0000 u=a658 s=1ff0  dt=24
1662| e6c0        LDB   ,U+                 cc=c9 a=cc b=81 dp=00 x=3773 y=0000 u=a659 s=1ff0  dt=48
1664| 2be8        BMI   $164e               cc=c9 a=cc b=81 dp=00 x=3773 y=0000 u=a659 s=1ff0  dt=24
164e| c47f        ANDB  #$7f                cc=c1 a=cc b=01 dp=00 x=3773 y=0000 u=a659 s=1ff0  dt=16
1650| a6c0        LDA   ,U+                 cc=c1 a=0f b=01 dp=00 x=3773 y=0000 u=a65a s=1ff0  dt=48
1652| a484        ANDA  ,X                  cc=c5 a=00 b=01 dp=00 x=3773 y=0000 u=a65a s=1ff0  dt=32
1654| aac0        ORA   ,U+                 cc=c9 a=c0 b=01 dp=00 x=3773 y=0000 u=a65b s=1ff0  dt=48
1656| a780        STA   ,X+                 cc=c9 a=c0 b=01 dp=00 x=3774 y=0000 u=a65b s=1ff0  dt=48
1658| 5a          DECB                      cc=c5 a=c0 b=00 dp=00 x=3774 y=0000 u=a65b s=1ff0  dt=16
1659| 26f5        BNE   $1650               cc=c5 a=c0 b=00 dp=00 x=3774 y=0000 u=a65b s=1ff0  dt=24
165b| e6c0        LDB   ,U+                 cc=c9 a=c0 b=9c dp=00 x=3774 y=0000 u=a65c s=1ff0  dt=48
165d| c1ff        CMPB  #$ff                cc=c9 a=c0 b=9c dp=00 x=3774 y=0000 u=a65c s=1ff0  dt=16
165f| 274a        BEQ   $16ab               cc=c9 a=c0 b=9c dp=00 x=3774 y=0000 u=a65c s=1ff0  dt=24
1661| 3a          ABX                       cc=c9 a=c0 b=9c dp=00 x=3810 y=0000 u=a65c s=1ff0  dt=24
1662| e6c0        LDB   ,U+                 cc=c1 a=c0 b=03 dp=00 x=3810 y=0000 u=a65d s=1ff0  dt=48
1664| 2be8        BMI   $164e               cc=c1 a=c0 b=03 dp=00 x=3810 y=0000 u=a65d s=1ff0  dt=24
1666| c105        CMPB  #$05                cc=c9 a=c0 b=03 dp=00 x=3810 y=0000 u=a65d s=1ff0  dt=16
1668| 271b        BEQ   $1685               cc=c9 a=c0 b=03 dp=00 x=3810 y=0000 u=a65d s=1ff0  dt=24
166a| c104        CMPB  #$04                cc=c9 a=c0 b=03 dp=00 x=3810 y=0000 u=a65d s=1ff0  dt=16
166c| 250f        BCS   $167d               cc=c9 a=c0 b=03 dp=00 x=3810 y=0000 u=a65d s=1ff0  dt=24
167d| c102        CMPB  #$02                cc=c0 a=c0 b=03 dp=00 x=3810 y=0000 u=a65d s=1ff0  dt=16
167f| 2724        BEQ   $16a5               cc=c0 a=c0 b=03 dp=00 x=3810 y=0000 u=a65d s=1ff0  dt=24
1681| 250a        BCS   $168d               cc=c0 a=c0 b=03 dp=00 x=3810 y=0000 u=a65d s=1ff0  dt=24
1683| 2004        BRA   $1689               cc=c0 a=c0 b=03 dp=00 x=3810 y=0000 u=a65d s=1ff0  dt=24
1689| ecc1        LDD   ,U++                cc=c0 a=55 b=cc dp=00 x=3810 y=0000 u=a65f s=1ff0  dt=64
168b| ed81        STD   ,X++                cc=c0 a=55 b=cc dp=00 x=3812 y=0000 u=a65f s=1ff0  dt=64
168d| a6c0        LDA   ,U+                 cc=c8 a=cc b=cc dp=00 x=3812 y=0000 u=a660 s=1ff0  dt=48
168f| a780        STA   ,X+                 cc=c8 a=cc b=cc dp=00 x=3813 y=0000 u=a660 s=1ff0  dt=48
1691| 20c8        BRA   $165b               cc=c8 a=cc b=cc dp=00 x=3813 y=0000 u=a660 s=1ff0  dt=24
165b| e6c0        LDB   ,U+                 cc=c4 a=cc b=00 dp=00 x=3813 y=0000 u=a661 s=1ff0  dt=48
165d| c1ff        CMPB  #$ff                cc=c1 a=cc b=00 dp=00 x=3813 y=0000 u=a661 s=1ff0  dt=16
165f| 274a        BEQ   $16ab               cc=c1 a=cc b=00 dp=00 x=3813 y=0000 u=a661 s=1ff0  dt=24
1661| 3a          ABX                       cc=c1 a=cc b=00 dp=00 x=3813 y=0000 u=a661 s=1ff0  dt=24
1662| e6c0        LDB   ,U+                 cc=c9 a=cc b=81 dp=00 x=3813 y=0000 u=a662 s=1ff0  dt=48
1664| 2be8        BMI   $164e               cc=c9 a=cc b=81 dp=00 x=3813 y=0000 u=a662 s=1ff0  dt=24
164e| c47f        ANDB  #$7f                cc=c1 a=cc b=01 dp=00 x=3813 y=0000 u=a662 s=1ff0  dt=16
1650| a6c0        LDA   ,U+                 cc=c9 a=f0 b=01 dp=00 x=3813 y=0000 u=a663 s=1ff0  dt=48
fff8| fef7        [IRQ]                     dt=152
fef7| 7ed413      JMP   $d413               cc=d9 a=f0 b=01 dp=00 x=3813 y=0000 u=a663 s=1fe4  dt=32
d413| bd081e      JSR   $081e               cc=d9 a=f0 b=01 dp=00 x=3813 y=0000 u=a663 s=1fe2  dt=64
081e| 7e0def      JMP   $0def               cc=d9 a=f0 b=01 dp=00 x=3813 y=0000 u=a663 s=1fe2  dt=32
0def| b6ff92      LDA   $ff92               cc=d1 a=08 b=01 dp=00 x=3813 y=0000 u=a663 s=1fe2  dt=40
0df2| 0c03        INC   <$03                cc=d9 a=08 b=01 dp=00 x=3813 y=0000 u=a663 s=1fe2  dt=48
0df4| 2602        BNE   $0df8               cc=d9 a=08 b=01 dp=00 x=3813 y=0000 u=a663 s=1fe2  dt=24
0df8| 0d91        TST   <$91                cc=d5 a=08 b=01 dp=00 x=3813 y=0000 u=a663 s=1fe2  dt=48
0dfa| 2722        BEQ   $0e1e               cc=d5 a=08 b=01 dp=00 x=3813 y=0000 u=a663 s=1fe2  dt=24
0e1e| 0d98        TST   <$98                cc=d1 a=08 b=01 dp=00 x=3813 y=0000 u=a663 s=1fe2  dt=48
0e20| 27fb        BEQ   $0e1d               cc=d1 a=08 b=01 dp=00 x=3813 y=0000 u=a663 s=1fe2  dt=24
0e22| 0c97        INC   <$97                cc=d9 a=08 b=01 dp=00 x=3813 y=0000 u=a663 s=1fe2  dt=48
0e24| 26f7        BNE   $0e1d               cc=d9 a=08 b=01 dp=00 x=3813 y=0000 u=a663 s=1fe2  dt=24
0e1d| 39          RTS                       cc=d9 a=08 b=01 dp=00 x=3813 y=0000 u=a663 s=1fe4  dt=40
d416| 3b          RTI                       cc=c9 a=f0 b=01 dp=00 x=3813 y=0000 u=a663 s=1ff0  dt=120
1652| a484        ANDA  ,X                  cc=c5 a=00 b=01 dp=00 x=3813 y=0000 u=a663 s=1ff0  dt=32
1654| aac0        ORA   ,U+                 cc=c1 a=05 b=01 dp=00 x=3813 y=0000 u=a664 s=1ff0  dt=48
1656| a780        STA   ,X+                 cc=c1 a=05 b=01 dp=00 x=3814 y=0000 u=a664 s=1ff0  dt=48
1658| 5a          DECB                      cc=c5 a=05 b=00 dp=00 x=3814 y=0000 u=a664 s=1ff0  dt=16
1659| 26f5        BNE   $1650               cc=c5 a=05 b=00 dp=00 x=3814 y=0000 u=a664 s=1ff0  dt=24
165b| e6c0        LDB   ,U+                 cc=c5 a=05 b=00 dp=00 x=3814 y=0000 u=a665 s=1ff0  dt=48
165d| c1ff        CMPB  #$ff                cc=c1 a=05 b=00 dp=00 x=3814 y=0000 u=a665 s=1ff0  dt=16
165f| 274a        BEQ   $16ab               cc=c1 a=05 b=00 dp=00 x=3814 y=0000 u=a665 s=1ff0  dt=24
1661| 3a          ABX                       cc=c1 a=05 b=00 dp=00 x=3814 y=0000 u=a665 s=1ff0  dt=24
1662| e6c0        LDB   ,U+                 cc=c1 a=05 b=01 dp=00 x=3814 y=0000 u=a666 s=1ff0  dt=48
1664| 2be8        BMI   $164e               cc=c1 a=05 b=01 dp=00 x=3814 y=0000 u=a666 s=1ff0  dt=24
1666| c105        CMPB  #$05                cc=c9 a=05 b=01 dp=00 x=3814 y=0000 u=a666 s=1ff0  dt=16
1668| 271b        BEQ   $1685               cc=c9 a=05 b=01 dp=00 x=3814 y=0000 u=a666 s=1ff0  dt=24
166a| c104        CMPB  #$04                cc=c9 a=05 b=01 dp=00 x=3814 y=0000 u=a666 s=1ff0  dt=16
166c| 250f        BCS   $167d               cc=c9 a=05 b=01 dp=00 x=3814 y=0000 u=a666 s=1ff0  dt=24
167d| c102        CMPB  #$02                cc=c9 a=05 b=01 dp=00 x=3814 y=0000 u=a666 s=1ff0  dt=16
167f| 2724        BEQ   $16a5               cc=c9 a=05 b=01 dp=00 x=3814 y=0000 u=a666 s=1ff0  dt=24
1681| 250a        BCS   $168d               cc=c9 a=05 b=01 dp=00 x=3814 y=0000 u=a666 s=1ff0  dt=24
168d| a6c0        LDA   ,U+                 cc=c1 a=55 b=01 dp=00 x=3814 y=0000 u=a667 s=1ff0  dt=48
168f| a780        STA   ,X+                 cc=c1 a=55 b=01 dp=00 x=3815 y=0000 u=a667 s=1ff0  dt=48
1691| 20c8        BRA   $165b               cc=c1 a=55 b=01 dp=00 x=3815 y=0000 u=a667 s=1ff0  dt=24
165b| e6c0        LDB   ,U+                 cc=c9 a=55 b=ff dp=00 x=3815 y=0000 u=a668 s=1ff0  dt=48
165d| c1ff        CMPB  #$ff                cc=c4 a=55 b=ff dp=00 x=3815 y=0000 u=a668 s=1ff0  dt=16
165f| 274a        BEQ   $16ab               cc=c4 a=55 b=ff dp=00 x=3815 y=0000 u=a668 s=1ff0  dt=24
16ab| ecc1        LDD   ,U++                cc=c4 a=00 b=00 dp=00 x=3815 y=0000 u=a66a s=1ff0  dt=64
16ad| 2706        BEQ   $16b5               cc=c4 a=00 b=00 dp=00 x=3815 y=0000 u=a66a s=1ff0  dt=24
16b5| 8634        LDA   #$34                cc=c0 a=34 b=00 dp=00 x=3815 y=0000 u=a66a s=1ff0  dt=16
16b7| b7ffa5      STA   $ffa5               cc=c0 a=34 b=00 dp=00 x=3815 y=0000 u=a66a s=1ff0  dt=40
16ba| 39          RTS                       cc=c0 a=34 b=00 dp=00 x=3815 y=0000 u=a66a s=1ff2  dt=40
13b5| 39          RTS                       cc=c0 a=34 b=00 dp=00 x=3815 y=0000 u=a66a s=1ff4  dt=40
0c6f| 3510        PULS  X                   cc=c0 a=34 b=00 dp=00 x=a478 y=0000 u=a66a s=1ff6  dt=56
0c71| 3008        LEAX  8,X                 cc=c0 a=34 b=00 dp=00 x=a480 y=0000 u=a66a s=1ff6  dt=40
0c73| 0a5d        DEC   <$5d                cc=c0 a=34 b=00 dp=00 x=a480 y=0000 u=a66a s=1ff6  dt=48
0c75| 26e7        BNE   $0c5e               cc=c0 a=34 b=00 dp=00 x=a480 y=0000 u=a66a s=1ff6  dt=24
0c5e| 6d84        TST   ,X                  cc=c0 a=34 b=00 dp=00 x=a480 y=0000 u=a66a s=1ff6  dt=48
0c60| 270f        BEQ   $0c71               cc=c0 a=34 b=00 dp=00 x=a480 y=0000 u=a66a s=1ff6  dt=24
0c62| 6d06        TST   6,X                 cc=c0 a=34 b=00 dp=00 x=a480 y=0000 u=a66a s=1ff6  dt=56
0c64| 270b        BEQ   $0c71               cc=c0 a=34 b=00 dp=00 x=a480 y=0000 u=a66a s=1ff6  dt=24
0c66| e607        LDB   7,X                 cc=c0 a=34 b=03 dp=00 x=a480 y=0000 u=a66a s=1ff6  dt=40
0c68| 3410        PSHS  X                   cc=c0 a=34 b=03 dp=00 x=a480 y=0000 u=a66a s=1ff4  dt=56
0c6a| ae01        LDX   1,X                 cc=c0 a=34 b=03 dp=00 x=6fca y=0000 u=a66a s=1ff4  dt=48
0c6c| 17073d      LBSR  $13ac               cc=c0 a=34 b=03 dp=00 x=6fca y=0000 u=a66a s=1ff2  dt=72
13ac| 170236      LBSR  $15e5               cc=c0 a=34 b=03 dp=00 x=6fca y=0000 u=a66a s=1ff0  dt=72
15e5| c104        CMPB  #$04                cc=c9 a=34 b=03 dp=00 x=6fca y=0000 u=a66a s=1ff0  dt=16
15e7| 2501        BCS   $15ea               cc=c9 a=34 b=03 dp=00 x=6fca y=0000 u=a66a s=1ff0  dt=24
15ea| d766        STB   <$66                cc=c1 a=34 b=03 dp=00 x=6fca y=0000 u=a66a s=1ff0  dt=32
15ec| 8604        LDA   #$04                cc=c1 a=04 b=03 dp=00 x=6fca y=0000 u=a66a s=1ff0  dt=16
15ee| 905d        SUBA  <$5d                cc=c0 a=02 b=03 dp=00 x=6fca y=0000 u=a66a s=1ff0  dt=32
15f0| 8104        CMPA  #$04                cc=c9 a=02 b=03 dp=00 x=6fca y=0000 u=a66a s=1ff0  dt=16
15f2| 2302        BLS   $15f6               cc=c9 a=02 b=03 dp=00 x=6fca y=0000 u=a66a s=1ff0  dt=24
15f6| 9764        STA   <$64                cc=c1 a=02 b=03 dp=00 x=6fca y=0000 u=a66a s=1ff0  dt=32
15f8| 9624        LDA   <$24                cc=c1 a=01 b=03 dp=00 x=6fca y=0000 u=a66a s=1ff0  dt=32
15fa| 8109        CMPA  #$09                cc=c9 a=01 b=03 dp=00 x=6fca y=0000 u=a66a s=1ff0  dt=16
15fc| 2517        BCS   $1615               cc=c9 a=01 b=03 dp=00 x=6fca y=0000 u=a66a s=1ff0  dt=24
1615| 4a          DECA                      cc=c5 a=00 b=03 dp=00 x=6fca y=0000 u=a66a s=1ff0  dt=16
1616| 48          LSLA                      cc=c4 a=00 b=03 dp=00 x=6fca y=0000 u=a66a s=1ff0  dt=16
1617| 48          LSLA                      cc=c4 a=00 b=03 dp=00 x=6fca y=0000 u=a66a s=1ff0  dt=16
1618| 9b66        ADDA  <$66                cc=c0 a=03 b=03 dp=00 x=6fca y=0000 u=a66a s=1ff0  dt=32
161a| 48          LSLA                      cc=c0 a=06 b=03 dp=00 x=6fca y=0000 u=a66a s=1ff0  dt=16
161b| 48          LSLA                      cc=c0 a=0c b=03 dp=00 x=6fca y=0000 u=a66a s=1ff0  dt=16
161c| 9a54        ORA   <$54                cc=c0 a=0e b=03 dp=00 x=6fca y=0000 u=a66a s=1ff0  dt=32
161e| 39          RTS                       cc=c0 a=0e b=03 dp=00 x=6fca y=0000 u=a66a s=1ff2  dt=40
13af| 17027a      LBSR  $162c               cc=c0 a=0e b=03 dp=00 x=6fca y=0000 u=a66a s=1ff0  dt=72
162c| c603        LDB   #$03                cc=c0 a=0e b=03 dp=00 x=6fca y=0000 u=a66a s=1ff0  dt=16
162e| 3d          MUL                       cc=c0 a=00 b=2a dp=00 x=6fca y=0000 u=a66a s=1ff0  dt=88
162f| ce0500      LDU   #$0500              cc=c0 a=00 b=2a dp=00 x=6fca y=0000 u=0500 s=1ff0  dt=24
1632| 33cb        LEAU  D,U                 cc=c0 a=00 b=2a dp=00 x=6fca y=0000 u=052a s=1ff0  dt=64
1634| a6c4        LDA   ,U                  cc=c0 a=35 b=2a dp=00 x=6fca y=0000 u=052a s=1ff0  dt=32
1636| b7ffa5      STA   $ffa5               cc=c0 a=35 b=2a dp=00 x=6fca y=0000 u=052a s=1ff0  dt=40
1639| ee41        LDU   1,U                 cc=c8 a=35 b=2a dp=00 x=6fca y=0000 u=ab7a s=1ff0  dt=48
163b| 39          RTS                       cc=c8 a=35 b=2a dp=00 x=6fca y=0000 u=ab7a s=1ff2  dt=40
13b2| 170297      LBSR  $164c               cc=c8 a=35 b=2a dp=00 x=6fca y=0000 u=ab7a s=1ff0  dt=72
164c| 200d        BRA   $165b               cc=c8 a=35 b=2a dp=00 x=6fca y=0000 u=ab7a s=1ff0  dt=24
165b| e6c0        LDB   ,U+                 cc=c8 a=35 b=ff dp=00 x=6fca y=0000 u=ab7b s=1ff0  dt=48
165d| c1ff        CMPB  #$ff                cc=c4 a=35 b=ff dp=00 x=6fca y=0000 u=ab7b s=1ff0  dt=16
165f| 274a        BEQ   $16ab               cc=c4 a=35 b=ff dp=00 x=6fca y=0000 u=ab7b s=1ff0  dt=24
16ab| ecc1        LDD   ,U++                cc=c0 a=01 b=42 dp=00 x=6fca y=0000 u=ab7d s=1ff0  dt=64
16ad| 2706        BEQ   $16b5               cc=c0 a=01 b=42 dp=00 x=6fca y=0000 u=ab7d s=1ff0  dt=24
16af| 308b        LEAX  D,X                 cc=c0 a=01 b=42 dp=00 x=710c y=0000 u=ab7d s=1ff0  dt=64
16b1| 3341        LEAU  1,U                 cc=c0 a=01 b=42 dp=00 x=710c y=0000 u=ab7e s=1ff0  dt=40
16b3| 20ad        BRA   $1662               cc=c0 a=01 b=42 dp=00 x=710c y=0000 u=ab7e s=1ff0  dt=24
1662| e6c0        LDB   ,U+                 cc=c0 a=01 b=01 dp=00 x=710c y=0000 u=ab7f s=1ff0  dt=48
1664| 2be8        BMI   $164e               cc=c0 a=01 b=01 dp=00 x=710c y=0000 u=ab7f s=1ff0  dt=24
1666| c105        CMPB  #$05                cc=c9 a=01 b=01 dp=00 x=710c y=0000 u=ab7f s=1ff0  dt=16
1668| 271b        BEQ   $1685               cc=c9 a=01 b=01 dp=00 x=710c y=0000 u=ab7f s=1ff0  dt=24
166a| c104        CMPB  #$04                cc=c9 a=01 b=01 dp=00 x=710c y=0000 u=ab7f s=1ff0  dt=16
166c| 250f        BCS   $167d               cc=c9 a=01 b=01 dp=00 x=710c y=0000 u=ab7f s=1ff0  dt=24
167d| c102        CMPB  #$02                cc=c9 a=01 b=01 dp=00 x=710c y=0000 u=ab7f s=1ff0  dt=16
167f| 2724        BEQ   $16a5               cc=c9 a=01 b=01 dp=00 x=710c y=0000 u=ab7f s=1ff0  dt=24
1681| 250a        BCS   $168d               cc=c9 a=01 b=01 dp=00 x=710c y=0000 u=ab7f s=1ff0  dt=24
168d| a6c0        LDA   ,U+                 cc=c1 a=55 b=01 dp=00 x=710c y=0000 u=ab80 s=1ff0  dt=48
168f| a780        STA   ,X+                 cc=c1 a=55 b=01 dp=00 x=710d y=0000 u=ab80 s=1ff0  dt=48
1691| 20c8        BRA   $165b               cc=c1 a=55 b=01 dp=00 x=710d y=0000 u=ab80 s=1ff0  dt=24
165b| e6c0        LDB   ,U+                 cc=c5 a=55 b=00 dp=00 x=710d y=0000 u=ab81 s=1ff0  dt=48
165d| c1ff        CMPB  #$ff                cc=c1 a=55 b=00 dp=00 x=710d y=0000 u=ab81 s=1ff0  dt=16
165f| 274a        BEQ   $16ab               cc=c1 a=55 b=00 dp=00 x=710d y=0000 u=ab81 s=1ff0  dt=24
1661| 3a          ABX                       cc=c1 a=55 b=00 dp=00 x=710d y=0000 u=ab81 s=1ff0  dt=24
1662| e6c0        LDB   ,U+                 cc=c9 a=55 b=81 dp=00 x=710d y=0000 u=ab82 s=1ff0  dt=48
1664| 2be8        BMI   $164e               cc=c9 a=55 b=81 dp=00 x=710d y=0000 u=ab82 s=1ff0  dt=24
164e| c47f        ANDB  #$7f                cc=c1 a=55 b=01 dp=00 x=710d y=0000 u=ab82 s=1ff0  dt=16
1650| a6c0        LDA   ,U+                 cc=c1 a=0f b=01 dp=00 x=710d y=0000 u=ab83 s=1ff0  dt=48
1652| a484        ANDA  ,X                  cc=c1 a=0b b=01 dp=00 x=710d y=0000 u=ab83 s=1ff0  dt=32
1654| aac0        ORA   ,U+                 cc=c1 a=5b b=01 dp=00 x=710d y=0000 u=ab84 s=1ff0  dt=48
1656| a780        STA   ,X+                 cc=c1 a=5b b=01 dp=00 x=710e y=0000 u=ab84 s=1ff0  dt=48
1658| 5a          DECB                      cc=c5 a=5b b=00 dp=00 x=710e y=0000 u=ab84 s=1ff0  dt=16
1659| 26f5        BNE   $1650               cc=c5 a=5b b=00 dp=00 x=710e y=0000 u=ab84 s=1ff0  dt=24
165b| e6c0        LDB   ,U+                 cc=c5 a=5b b=00 dp=00 x=710e y=0000 u=ab85 s=1ff0  dt=48
165d| c1ff        CMPB  #$ff                cc=c1 a=5b b=00 dp=00 x=710e y=0000 u=ab85 s=1ff0  dt=16
165f| 274a        BEQ   $16ab               cc=c1 a=5b b=00 dp=00 x=710e y=0000 u=ab85 s=1ff0  dt=24
1661| 3a          ABX                       cc=c1 a=5b b=00 dp=00 x=710e y=0000 u=ab85 s=1ff0  dt=24
1662| e6c0        LDB   ,U+                 cc=c1 a=5b b=03 dp=00 x=710e y=0000 u=ab86 s=1ff0  dt=48
1664| 2be8        BMI   $164e               cc=c1 a=5b b=03 dp=00 x=710e y=0000 u=ab86 s=1ff0  dt=24
1666| c105        CMPB  #$05                cc=c9 a=5b b=03 dp=00 x=710e y=0000 u=ab86 s=1ff0  dt=16
1668| 271b        BEQ   $1685               cc=c9 a=5b b=03 dp=00 x=710e y=0000 u=ab86 s=1ff0  dt=24
166a| c104        CMPB  #$04                cc=c9 a=5b b=03 dp=00 x=710e y=0000 u=ab86 s=1ff0  dt=16
166c| 250f        BCS   $167d               cc=c9 a=5b b=03 dp=00 x=710e y=0000 u=ab86 s=1ff0  dt=24
167d| c102        CMPB  #$02                cc=c0 a=5b b=03 dp=00 x=710e y=0000 u=ab86 s=1ff0  dt=16
167f| 2724        BEQ   $16a5               cc=c0 a=5b b=03 dp=00 x=710e y=0000 u=ab86 s=1ff0  dt=24
1681| 250a        BCS   $168d               cc=c0 a=5b b=03 dp=00 x=710e y=0000 u=ab86 s=1ff0  dt=24
1683| 2004        BRA   $1689               cc=c0 a=5b b=03 dp=00 x=710e y=0000 u=ab86 s=1ff0  dt=24
1689| ecc1        LDD   ,U++                cc=c8 a=cc b=cc dp=00 x=710e y=0000 u=ab88 s=1ff0  dt=64
168b| ed81        STD   ,X++                cc=c8 a=cc b=cc dp=00 x=7110 y=0000 u=ab88 s=1ff0  dt=64
168d| a6c0        LDA   ,U+                 cc=c0 a=55 b=cc dp=00 x=7110 y=0000 u=ab89 s=1ff0  dt=48
168f| a780        STA   ,X+                 cc=c0 a=55 b=cc dp=00 x=7111 y=0000 u=ab89 s=1ff0  dt=48
1691| 20c8        BRA   $165b               cc=c0 a=55 b=cc dp=00 x=7111 y=0000 u=ab89 s=1ff0  dt=24
165b| e6c0        LDB   ,U+                 cc=c8 a=55 b=9c dp=00 x=7111 y=0000 u=ab8a s=1ff0  dt=48
165d| c1ff        CMPB  #$ff                cc=c9 a=55 b=9c dp=00 x=7111 y=0000 u=ab8a s=1ff0  dt=16
165f| 274a        BEQ   $16ab               cc=c9 a=55 b=9c dp=00 x=7111 y=0000 u=ab8a s=1ff0  dt=24
1661| 3a          ABX                       cc=c9 a=55 b=9c dp=00 x=71ad y=0000 u=ab8a s=1ff0  dt=24
1662| e6c0        LDB   ,U+                 cc=c9 a=55 b=81 dp=00 x=71ad y=0000 u=ab8b s=1ff0  dt=48
1664| 2be8        BMI   $164e               cc=c9 a=55 b=81 dp=00 x=71ad y=0000 u=ab8b s=1ff0  dt=24
164e| c47f        ANDB  #$7f                cc=c1 a=55 b=01 dp=00 x=71ad y=0000 u=ab8b s=1ff0  dt=16
1650| a6c0        LDA   ,U+                 cc=c9 a=f0 b=01 dp=00 x=71ad y=0000 u=ab8c s=1ff0  dt=48
1652| a484        ANDA  ,X                  cc=c1 a=40 b=01 dp=00 x=71ad y=0000 u=ab8c s=1ff0  dt=32
1654| aac0        ORA   ,U+                 cc=c1 a=4c b=01 dp=00 x=71ad y=0000 u=ab8d s=1ff0  dt=48
1656| a780        STA   ,X+                 cc=c1 a=4c b=01 dp=00 x=71ae y=0000 u=ab8d s=1ff0  dt=48
1658| 5a          DECB                      cc=c5 a=4c b=00 dp=00 x=71ae y=0000 u=ab8d s=1ff0  dt=16
1659| 26f5        BNE   $1650               cc=c5 a=4c b=00 dp=00 x=71ae y=0000 u=ab8d s=1ff0  dt=24
165b| e6c0        LDB   ,U+                 cc=c5 a=4c b=00 dp=00 x=71ae y=0000 u=ab8e s=1ff0  dt=48
165d| c1ff        CMPB  #$ff                cc=c1 a=4c b=00 dp=00 x=71ae y=0000 u=ab8e s=1ff0  dt=16
165f| 274a        BEQ   $16ab               cc=c1 a=4c b=00 dp=00 x=71ae y=0000 u=ab8e s=1ff0  dt=24
1661| 3a          ABX                       cc=c1 a=4c b=00 dp=00 x=71ae y=0000 u=ab8e s=1ff0  dt=24
1662| e6c0        LDB   ,U+                 cc=c1 a=4c b=03 dp=00 x=71ae y=0000 u=ab8f s=1ff0  dt=48
1664| 2be8        BMI   $164e               cc=c1 a=4c b=03 dp=00 x=71ae y=0000 u=ab8f s=1ff0  dt=24
1666| c105        CMPB  #$05                cc=c9 a=4c b=03 dp=00 x=71ae y=0000 u=ab8f s=1ff0  dt=16
1668| 271b        BEQ   $1685               cc=c9 a=4c b=03 dp=00 x=71ae y=0000 u=ab8f s=1ff0  dt=24
166a| c104        CMPB  #$04                cc=c9 a=4c b=03 dp=00 x=71ae y=0000 u=ab8f s=1ff0  dt=16
166c| 250f        BCS   $167d               cc=c9 a=4c b=03 dp=00 x=71ae y=0000 u=ab8f s=1ff0  dt=24
167d| c102        CMPB  #$02                cc=c0 a=4c b=03 dp=00 x=71ae y=0000 u=ab8f s=1ff0  dt=16
167f| 2724        BEQ   $16a5               cc=c0 a=4c b=03 dp=00 x=71ae y=0000 u=ab8f s=1ff0  dt=24
1681| 250a        BCS   $168d               cc=c0 a=4c b=03 dp=00 x=71ae y=0000 u=ab8f s=1ff0  dt=24
1683| 2004        BRA   $1689               cc=c0 a=4c b=03 dp=00 x=71ae y=0000 u=ab8f s=1ff0  dt=24
1689| ecc1        LDD   ,U++                cc=c8 a=cc b=cc dp=00 x=71ae y=0000 u=ab91 s=1ff0  dt=64
168b| ed81        STD   ,X++                cc=c8 a=cc b=cc dp=00 x=71b0 y=0000 u=ab91 s=1ff0  dt=64
168d| a6c0        LDA   ,U+                 cc=c8 a=cc b=cc dp=00 x=71b0 y=0000 u=ab92 s=1ff0  dt=48
168f| a780        STA   ,X+                 cc=c8 a=cc b=cc dp=00 x=71b1 y=0000 u=ab92 s=1ff0  dt=48
1691| 20c8        BRA   $165b               cc=c8 a=cc b=cc dp=00 x=71b1 y=0000 u=ab92 s=1ff0  dt=24
165b| e6c0        LDB   ,U+                 cc=c8 a=cc b=9a dp=00 x=71b1 y=0000 u=ab93 s=1ff0  dt=48
165d| c1ff        CMPB  #$ff                cc=c9 a=cc b=9a dp=00 x=71b1 y=0000 u=ab93 s=1ff0  dt=16
165f| 274a        BEQ   $16ab               cc=c9 a=cc b=9a dp=00 x=71b1 y=0000 u=ab93 s=1ff0  dt=24
1661| 3a          ABX                       cc=c9 a=cc b=9a dp=00 x=724b y=0000 u=ab93 s=1ff0  dt=24
1662| e6c0        LDB   ,U+                 cc=c1 a=cc b=01 dp=00 x=724b y=0000 u=ab94 s=1ff0  dt=48
1664| 2be8        BMI   $164e               cc=c1 a=cc b=01 dp=00 x=724b y=0000 u=ab94 s=1ff0  dt=24
1666| c105        CMPB  #$05                cc=c9 a=cc b=01 dp=00 x=724b y=0000 u=ab94 s=1ff0  dt=16
1668| 271b        BEQ   $1685               cc=c9 a=cc b=01 dp=00 x=724b y=0000 u=ab94 s=1ff0  dt=24
166a| c104        CMPB  #$04                cc=c9 a=cc b=01 dp=00 x=724b y=0000 u=ab94 s=1ff0  dt=16
166c| 250f        BCS   $167d               cc=c9 a=cc b=01 dp=00 x=724b y=0000 u=ab94 s=1ff0  dt=24
167d| c102        CMPB  #$02                cc=c9 a=cc b=01 dp=00 x=724b y=0000 u=ab94 s=1ff0  dt=16
167f| 2724        BEQ   $16a5               cc=c9 a=cc b=01 dp=00 x=724b y=0000 u=ab94 s=1ff0  dt=24
1681| 250a        BCS   $168d               cc=c9 a=cc b=01 dp=00 x=724b y=0000 u=ab94 s=1ff0  dt=24
168d| a6c0        LDA   ,U+                 cc=c9 a=cc b=01 dp=00 x=724b y=0000 u=ab95 s=1ff0  dt=48
168f| a780        STA   ,X+                 cc=c9 a=cc b=01 dp=00 x=724c y=0000 u=ab95 s=1ff0  dt=48
1691| 20c8        BRA   $165b               cc=c9 a=cc b=01 dp=00 x=724c y=0000 u=ab95 s=1ff0  dt=24
165b| e6c0        LDB   ,U+                 cc=c5 a=cc b=00 dp=00 x=724c y=0000 u=ab96 s=1ff0  dt=48
165d| c1ff        CMPB  #$ff                cc=c1 a=cc b=00 dp=00 x=724c y=0000 u=ab96 s=1ff0  dt=16
165f| 274a        BEQ   $16ab               cc=c1 a=cc b=00 dp=00 x=724c y=0000 u=ab96 s=1ff0  dt=24
1661| 3a          ABX                       cc=c1 a=cc b=00 dp=00 x=724c y=0000 u=ab96 s=1ff0  dt=24
1662| e6c0        LDB   ,U+                 cc=c9 a=cc b=81 dp=00 x=724c y=0000 u=ab97 s=1ff0  dt=48
1664| 2be8        BMI   $164e               cc=c9 a=cc b=81 dp=00 x=724c y=0000 u=ab97 s=1ff0  dt=24
164e| c47f        ANDB  #$7f                cc=c1 a=cc b=01 dp=00 x=724c y=0000 u=ab97 s=1ff0  dt=16
1650| a6c0        LDA   ,U+                 cc=c1 a=0f b=01 dp=00 x=724c y=0000 u=ab98 s=1ff0  dt=48
1652| a484        ANDA  ,X                  cc=c1 a=05 b=01 dp=00 x=724c y=0000 u=ab98 s=1ff0  dt=32
1654| aac0        ORA   ,U+                 cc=c9 a=c5 b=01 dp=00 x=724c y=0000 u=ab99 s=1ff0  dt=48
1656| a780        STA   ,X+                 cc=c9 a=c5 b=01 dp=00 x=724d y=0000 u=ab99 s=1ff0  dt=48
1658| 5a          DECB                      cc=c5 a=c5 b=00 dp=00 x=724d y=0000 u=ab99 s=1ff0  dt=16
1659| 26f5        BNE   $1650               cc=c5 a=c5 b=00 dp=00 x=724d y=0000 u=ab99 s=1ff0  dt=24
165b| e6c0        LDB   ,U+                 cc=c5 a=c5 b=00 dp=00 x=724d y=0000 u=ab9a s=1ff0  dt=48
165d| c1ff        CMPB  #$ff                cc=c1 a=c5 b=00 dp=00 x=724d y=0000 u=ab9a s=1ff0  dt=16
165f| 274a        BEQ   $16ab               cc=c1 a=c5 b=00 dp=00 x=724d y=0000 u=ab9a s=1ff0  dt=24
1661| 3a          ABX                       cc=c1 a=c5 b=00 dp=00 x=724d y=0000 u=ab9a s=1ff0  dt=24
1662| e6c0        LDB   ,U+                 cc=c1 a=c5 b=04 dp=00 x=724d y=0000 u=ab9b s=1ff0  dt=48
1664| 2be8        BMI   $164e               cc=c1 a=c5 b=04 dp=00 x=724d y=0000 u=ab9b s=1ff0  dt=24
1666| c105        CMPB  #$05                cc=c9 a=c5 b=04 dp=00 x=724d y=0000 u=ab9b s=1ff0  dt=16
1668| 271b        BEQ   $1685               cc=c9 a=c5 b=04 dp=00 x=724d y=0000 u=ab9b s=1ff0  dt=24
166a| c104        CMPB  #$04                cc=c4 a=c5 b=04 dp=00 x=724d y=0000 u=ab9b s=1ff0  dt=16
166c| 250f        BCS   $167d               cc=c4 a=c5 b=04 dp=00 x=724d y=0000 u=ab9b s=1ff0  dt=24
166e| 2731        BEQ   $16a1               cc=c4 a=c5 b=04 dp=00 x=724d y=0000 u=ab9b s=1ff0  dt=24
16a1| ecc1        LDD   ,U++                cc=c8 a=cc b=cc dp=00 x=724d y=0000 u=ab9d s=1ff0  dt=64
16a3| ed81        STD   ,X++                cc=c8 a=cc b=cc dp=00 x=724f y=0000 u=ab9d s=1ff0  dt=64
16a5| ecc1        LDD   ,U++                cc=c8 a=cc b=cc dp=00 x=724f y=0000 u=ab9f s=1ff0  dt=64
16a7| ed81        STD   ,X++                cc=c8 a=cc b=cc dp=00 x=7251 y=0000 u=ab9f s=1ff0  dt=64
16a9| 20b0        BRA   $165b               cc=c8 a=cc b=cc dp=00 x=7251 y=0000 u=ab9f s=1ff0  dt=24
165b| e6c0        LDB   ,U+                 cc=c4 a=cc b=00 dp=00 x=7251 y=0000 u=aba0 s=1ff0  dt=48
165d| c1ff        CMPB  #$ff                cc=c1 a=cc b=00 dp=00 x=7251 y=0000 u=aba0 s=1ff0  dt=16
165f| 274a        BEQ   $16ab               cc=c1 a=cc b=00 dp=00 x=7251 y=0000 u=aba0 s=1ff0  dt=24
1661| 3a          ABX                       cc=c1 a=cc b=00 dp=00 x=7251 y=0000 u=aba0 s=1ff0  dt=24
1662| e6c0        LDB   ,U+                 cc=c9 a=cc b=81 dp=00 x=7251 y=0000 u=aba1 s=1ff0  dt=48
1664| 2be8        BMI   $164e               cc=c9 a=cc b=81 dp=00 x=7251 y=0000 u=aba1 s=1ff0  dt=24
164e| c47f        ANDB  #$7f                cc=c1 a=cc b=01 dp=00 x=7251 y=0000 u=aba1 s=1ff0  dt=16
1650| a6c0        LDA   ,U+                 cc=c1 a=0f b=01 dp=00 x=7251 y=0000 u=aba2 s=1ff0  dt=48
1652| a484        ANDA  ,X                  cc=c1 a=03 b=01 dp=00 x=7251 y=0000 u=aba2 s=1ff0  dt=32
1654| aac0        ORA   ,U+                 cc=c9 a=c3 b=01 dp=00 x=7251 y=0000 u=aba3 s=1ff0  dt=48
1656| a780        STA   ,X+                 cc=c9 a=c3 b=01 dp=00 x=7252 y=0000 u=aba3 s=1ff0  dt=48
1658| 5a          DECB                      cc=c5 a=c3 b=00 dp=00 x=7252 y=0000 u=aba3 s=1ff0  dt=16
1659| 26f5        BNE   $1650               cc=c5 a=c3 b=00 dp=00 x=7252 y=0000 u=aba3 s=1ff0  dt=24
165b| e6c0        LDB   ,U+                 cc=c9 a=c3 b=98 dp=00 x=7252 y=0000 u=aba4 s=1ff0  dt=48
165d| c1ff        CMPB  #$ff                cc=c9 a=c3 b=98 dp=00 x=7252 y=0000 u=aba4 s=1ff0  dt=16
165f| 274a        BEQ   $16ab               cc=c9 a=c3 b=98 dp=00 x=7252 y=0000 u=aba4 s=1ff0  dt=24
1661| 3a          ABX                       cc=c9 a=c3 b=98 dp=00 x=72ea y=0000 u=aba4 s=1ff0  dt=24
1662| e6c0        LDB   ,U+                 cc=c9 a=c3 b=81 dp=00 x=72ea y=0000 u=aba5 s=1ff0  dt=48
1664| 2be8        BMI   $164e               cc=c9 a=c3 b=81 dp=00 x=72ea y=0000 u=aba5 s=1ff0  dt=24
164e| c47f        ANDB  #$7f                cc=c1 a=c3 b=01 dp=00 x=72ea y=0000 u=aba5 s=1ff0  dt=16
1650| a6c0        LDA   ,U+                 cc=c9 a=f0 b=01 dp=00 x=72ea y=0000 u=aba6 s=1ff0  dt=48
1652| a484        ANDA  ,X                  cc=c5 a=00 b=01 dp=00 x=72ea y=0000 u=aba6 s=1ff0  dt=32
1654| aac0        ORA   ,U+                 cc=c1 a=0c b=01 dp=00 x=72ea y=0000 u=aba7 s=1ff0  dt=48
1656| a780        STA   ,X+                 cc=c1 a=0c b=01 dp=00 x=72eb y=0000 u=aba7 s=1ff0  dt=48
1658| 5a          DECB                      cc=c5 a=0c b=00 dp=00 x=72eb y=0000 u=aba7 s=1ff0  dt=16
1659| 26f5        BNE   $1650               cc=c5 a=0c b=00 dp=00 x=72eb y=0000 u=aba7 s=1ff0  dt=24
165b| e6c0        LDB   ,U+                 cc=c1 a=0c b=01 dp=00 x=72eb y=0000 u=aba8 s=1ff0  dt=48
165d| c1ff        CMPB  #$ff                cc=c1 a=0c b=01 dp=00 x=72eb y=0000 u=aba8 s=1ff0  dt=16
165f| 274a        BEQ   $16ab               cc=c1 a=0c b=01 dp=00 x=72eb y=0000 u=aba8 s=1ff0  dt=24
1661| 3a          ABX                       cc=c1 a=0c b=01 dp=00 x=72ec y=0000 u=aba8 s=1ff0  dt=24
1662| e6c0        LDB   ,U+                 cc=c1 a=0c b=05 dp=00 x=72ec y=0000 u=aba9 s=1ff0  dt=48
1664| 2be8        BMI   $164e               cc=c1 a=0c b=05 dp=00 x=72ec y=0000 u=aba9 s=1ff0  dt=24
1666| c105        CMPB  #$05                cc=c4 a=0c b=05 dp=00 x=72ec y=0000 u=aba9 s=1ff0  dt=16
1668| 271b        BEQ   $1685               cc=c4 a=0c b=05 dp=00 x=72ec y=0000 u=aba9 s=1ff0  dt=24
1685| ecc1        LDD   ,U++                cc=c8 a=c2 b=cc dp=00 x=72ec y=0000 u=abab s=1ff0  dt=64
1687| ed81        STD   ,X++                cc=c8 a=c2 b=cc dp=00 x=72ee y=0000 u=abab s=1ff0  dt=64
1689| ecc1        LDD   ,U++                cc=c8 a=cc b=cc dp=00 x=72ee y=0000 u=abad s=1ff0  dt=64
168b| ed81        STD   ,X++                cc=c8 a=cc b=cc dp=00 x=72f0 y=0000 u=abad s=1ff0  dt=64
168d| a6c0        LDA   ,U+                 cc=c8 a=cc b=cc dp=00 x=72f0 y=0000 u=abae s=1ff0  dt=48
168f| a780        STA   ,X+                 cc=c8 a=cc b=cc dp=00 x=72f1 y=0000 u=abae s=1ff0  dt=48
1691| 20c8        BRA   $165b               cc=c8 a=cc b=cc dp=00 x=72f1 y=0000 u=abae s=1ff0  dt=24
165b| e6c0        LDB   ,U+                 cc=c4 a=cc b=00 dp=00 x=72f1 y=0000 u=abaf s=1ff0  dt=48
165d| c1ff        CMPB  #$ff                cc=c1 a=cc b=00 dp=00 x=72f1 y=0000 u=abaf s=1ff0  dt=16
165f| 274a        BEQ   $16ab               cc=c1 a=cc b=00 dp=00 x=72f1 y=0000 u=abaf s=1ff0  dt=24
1661| 3a          ABX                       cc=c1 a=cc b=00 dp=00 x=72f1 y=0000 u=abaf s=1ff0  dt=24
1662| e6c0        LDB   ,U+                 cc=c9 a=cc b=81 dp=00 x=72f1 y=0000 u=abb0 s=1ff0  dt=48
1664| 2be8        BMI   $164e               cc=c9 a=cc b=81 dp=00 x=72f1 y=0000 u=abb0 s=1ff0  dt=24
164e| c47f        ANDB  #$7f                cc=c1 a=cc b=01 dp=00 x=72f1 y=0000 u=abb0 s=1ff0  dt=16
1650| a6c0        LDA   ,U+                 cc=c1 a=0f b=01 dp=00 x=72f1 y=0000 u=abb1 s=1ff0  dt=48
1652| a484        ANDA  ,X                  cc=c1 a=02 b=01 dp=00 x=72f1 y=0000 u=abb1 s=1ff0  dt=32
1654| aac0        ORA   ,U+                 cc=c9 a=c2 b=01 dp=00 x=72f1 y=0000 u=abb2 s=1ff0  dt=48
1656| a780        STA   ,X+                 cc=c9 a=c2 b=01 dp=00 x=72f2 y=0000 u=abb2 s=1ff0  dt=48
1658| 5a          DECB                      cc=c5 a=c2 b=00 dp=00 x=72f2 y=0000 u=abb2 s=1ff0  dt=16
1659| 26f5        BNE   $1650               cc=c5 a=c2 b=00 dp=00 x=72f2 y=0000 u=abb2 s=1ff0  dt=24
165b| e6c0        LDB   ,U+                 cc=c9 a=c2 b=98 dp=00 x=72f2 y=0000 u=abb3 s=1ff0  dt=48
165d| c1ff        CMPB  #$ff                cc=c9 a=c2 b=98 dp=00 x=72f2 y=0000 u=abb3 s=1ff0  dt=16
165f| 274a        BEQ   $16ab               cc=c9 a=c2 b=98 dp=00 x=72f2 y=0000 u=abb3 s=1ff0  dt=24
1661| 3a          ABX                       cc=c9 a=c2 b=98 dp=00 x=738a y=0000 u=abb3 s=1ff0  dt=24
1662| e6c0        LDB   ,U+                 cc=c9 a=c2 b=83 dp=00 x=738a y=0000 u=abb4 s=1ff0  dt=48
1664| 2be8        BMI   $164e               cc=c9 a=c2 b=83 dp=00 x=738a y=0000 u=abb4 s=1ff0  dt=24
164e| c47f        ANDB  #$7f                cc=c1 a=c2 b=03 dp=00 x=738a y=0000 u=abb4 s=1ff0  dt=16
1650| a6c0        LDA   ,U+                 cc=c9 a=f0 b=03 dp=00 x=738a y=0000 u=abb5 s=1ff0  dt=48
1652| a484        ANDA  ,X                  cc=c5 a=00 b=03 dp=00 x=738a y=0000 u=abb5 s=1ff0  dt=32
1654| aac0        ORA   ,U+                 cc=c1 a=0c b=03 dp=00 x=738a y=0000 u=abb6 s=1ff0  dt=48
1656| a780        STA   ,X+                 cc=c1 a=0c b=03 dp=00 x=738b y=0000 u=abb6 s=1ff0  dt=48
1658| 5a          DECB                      cc=c1 a=0c b=02 dp=00 x=738b y=0000 u=abb6 s=1ff0  dt=16
1659| 26f5        BNE   $1650               cc=c1 a=0c b=02 dp=00 x=738b y=0000 u=abb6 s=1ff0  dt=24
1650| a6c0        LDA   ,U+                 cc=c9 a=f0 b=02 dp=00 x=738b y=0000 u=abb7 s=1ff0  dt=48
1652| a484        ANDA  ,X                  cc=c9 a=a0 b=02 dp=00 x=738b y=0000 u=abb7 s=1ff0  dt=32
1654| aac0        ORA   ,U+                 cc=c9 a=ac b=02 dp=00 x=738b y=0000 u=abb8 s=1ff0  dt=48
1656| a780        STA   ,X+                 cc=c9 a=ac b=02 dp=00 x=738c y=0000 u=abb8 s=1ff0  dt=48
1658| 5a          DECB                      cc=c1 a=ac b=01 dp=00 x=738c y=0000 u=abb8 s=1ff0  dt=16
1659| 26f5        BNE   $1650               cc=c1 a=ac b=01 dp=00 x=738c y=0000 u=abb8 s=1ff0  dt=24
1650| a6c0        LDA   ,U+                 cc=c9 a=f0 b=01 dp=00 x=738c y=0000 u=abb9 s=1ff0  dt=48
1652| a484        ANDA  ,X                  cc=c9 a=90 b=01 dp=00 x=738c y=0000 u=abb9 s=1ff0  dt=32
1654| aac0        ORA   ,U+                 cc=c9 a=95 b=01 dp=00 x=738c y=0000 u=abba s=1ff0  dt=48
1656| a780        STA   ,X+                 cc=c9 a=95 b=01 dp=00 x=738d y=0000 u=abba s=1ff0  dt=48
1658| 5a          DECB                      cc=c5 a=95 b=00 dp=00 x=738d y=0000 u=abba s=1ff0  dt=16
1659| 26f5        BNE   $1650               cc=c5 a=95 b=00 dp=00 x=738d y=0000 u=abba s=1ff0  dt=24
165b| e6c0        LDB   ,U+                 cc=c5 a=95 b=00 dp=00 x=738d y=0000 u=abbb s=1ff0  dt=48
165d| c1ff        CMPB  #$ff                cc=c1 a=95 b=00 dp=00 x=738d y=0000 u=abbb s=1ff0  dt=16
165f| 274a        BEQ   $16ab               cc=c1 a=95 b=00 dp=00 x=738d y=0000 u=abbb s=1ff0  dt=24
1661| 3a          ABX                       cc=c1 a=95 b=00 dp=00 x=738d y=0000 u=abbb s=1ff0  dt=24
1662| e6c0        LDB   ,U+                 cc=c1 a=95 b=05 dp=00 x=738d y=0000 u=abbc s=1ff0  dt=48
1664| 2be8        BMI   $164e               cc=c1 a=95 b=05 dp=00 x=738d y=0000 u=abbc s=1ff0  dt=24
1666| c105        CMPB  #$05                cc=c4 a=95 b=05 dp=00 x=738d y=0000 u=abbc s=1ff0  dt=16
1668| 271b        BEQ   $1685               cc=c4 a=95 b=05 dp=00 x=738d y=0000 u=abbc s=1ff0  dt=24
1685| ecc1        LDD   ,U++                cc=c8 a=cc b=2c dp=00 x=738d y=0000 u=abbe s=1ff0  dt=64
1687| ed81        STD   ,X++                cc=c8 a=cc b=2c dp=00 x=738f y=0000 u=abbe s=1ff0  dt=64
1689| ecc1        LDD   ,U++                cc=c0 a=2c b=2c dp=00 x=738f y=0000 u=abc0 s=1ff0  dt=64
168b| ed81        STD   ,X++                cc=c0 a=2c b=2c dp=00 x=7391 y=0000 u=abc0 s=1ff0  dt=64
168d| a6c0        LDA   ,U+                 cc=c0 a=2c b=2c dp=00 x=7391 y=0000 u=abc1 s=1ff0  dt=48
168f| a780        STA   ,X+                 cc=c0 a=2c b=2c dp=00 x=7392 y=0000 u=abc1 s=1ff0  dt=48
1691| 20c8        BRA   $165b               cc=c0 a=2c b=2c dp=00 x=7392 y=0000 u=abc1 s=1ff0  dt=24
165b| e6c0        LDB   ,U+                 cc=c8 a=2c b=9a dp=00 x=7392 y=0000 u=abc2 s=1ff0  dt=48
165d| c1ff        CMPB  #$ff                cc=c9 a=2c b=9a dp=00 x=7392 y=0000 u=abc2 s=1ff0  dt=16
165f| 274a        BEQ   $16ab               cc=c9 a=2c b=9a dp=00 x=7392 y=0000 u=abc2 s=1ff0  dt=24
1661| 3a          ABX                       cc=c9 a=2c b=9a dp=00 x=742c y=0000 u=abc2 s=1ff0  dt=24
1662| e6c0        LDB   ,U+                 cc=c1 a=2c b=06 dp=00 x=742c y=0000 u=abc3 s=1ff0  dt=48
1664| 2be8        BMI   $164e               cc=c1 a=2c b=06 dp=00 x=742c y=0000 u=abc3 s=1ff0  dt=24
1666| c105        CMPB  #$05                cc=c0 a=2c b=06 dp=00 x=742c y=0000 u=abc3 s=1ff0  dt=16
1668| 271b        BEQ   $1685               cc=c0 a=2c b=06 dp=00 x=742c y=0000 u=abc3 s=1ff0  dt=24
166a| c104        CMPB  #$04                cc=c0 a=2c b=06 dp=00 x=742c y=0000 u=abc3 s=1ff0  dt=16
166c| 250f        BCS   $167d               cc=c0 a=2c b=06 dp=00 x=742c y=0000 u=abc3 s=1ff0  dt=24
166e| 2731        BEQ   $16a1               cc=c0 a=2c b=06 dp=00 x=742c y=0000 u=abc3 s=1ff0  dt=24
1670| c106        CMPB  #$06                cc=c4 a=2c b=06 dp=00 x=742c y=0000 u=abc3 s=1ff0  dt=16
1672| 271f        BEQ   $1693               cc=c4 a=2c b=06 dp=00 x=742c y=0000 u=abc3 s=1ff0  dt=24
1693| ecc1        LDD   ,U++                cc=c0 a=55 b=cc dp=00 x=742c y=0000 u=abc5 s=1ff0  dt=64
1695| ed81        STD   ,X++                cc=c0 a=55 b=cc dp=00 x=742e y=0000 u=abc5 s=1ff0  dt=64
1697| ecc1        LDD   ,U++                cc=c8 a=cc b=cc dp=00 x=742e y=0000 u=abc7 s=1ff0  dt=64
1699| ed81        STD   ,X++                cc=c8 a=cc b=cc dp=00 x=7430 y=0000 u=abc7 s=1ff0  dt=64
169b| ecc1        LDD   ,U++                cc=c8 a=cc b=cc dp=00 x=7430 y=0000 u=abc9 s=1ff0  dt=64
169d| ed81        STD   ,X++                cc=c8 a=cc b=cc dp=00 x=7432 y=0000 u=abc9 s=1ff0  dt=64
169f| 20ba        BRA   $165b               cc=c8 a=cc b=cc dp=00 x=7432 y=0000 u=abc9 s=1ff0  dt=24
165b| e6c0        LDB   ,U+                 cc=c8 a=cc b=9a dp=00 x=7432 y=0000 u=abca s=1ff0  dt=48
165d| c1ff        CMPB  #$ff                cc=c9 a=cc b=9a dp=00 x=7432 y=0000 u=abca s=1ff0  dt=16
165f| 274a        BEQ   $16ab               cc=c9 a=cc b=9a dp=00 x=7432 y=0000 u=abca s=1ff0  dt=24
1661| 3a          ABX                       cc=c9 a=cc b=9a dp=00 x=74cc y=0000 u=abca s=1ff0  dt=24
1662| e6c0        LDB   ,U+                 cc=c1 a=cc b=06 dp=00 x=74cc y=0000 u=abcb s=1ff0  dt=48
1664| 2be8        BMI   $164e               cc=c1 a=cc b=06 dp=00 x=74cc y=0000 u=abcb s=1ff0  dt=24
1666| c105        CMPB  #$05                cc=c0 a=cc b=06 dp=00 x=74cc y=0000 u=abcb s=1ff0  dt=16
1668| 271b        BEQ   $1685               cc=c0 a=cc b=06 dp=00 x=74cc y=0000 u=abcb s=1ff0  dt=24
166a| c104        CMPB  #$04                cc=c0 a=cc b=06 dp=00 x=74cc y=0000 u=abcb s=1ff0  dt=16
166c| 250f        BCS   $167d               cc=c0 a=cc b=06 dp=00 x=74cc y=0000 u=abcb s=1ff0  dt=24
166e| 2731        BEQ   $16a1               cc=c0 a=cc b=06 dp=00 x=74cc y=0000 u=abcb s=1ff0  dt=24
1670| c106        CMPB  #$06                cc=c4 a=cc b=06 dp=00 x=74cc y=0000 u=abcb s=1ff0  dt=16
1672| 271f        BEQ   $1693               cc=c4 a=cc b=06 dp=00 x=74cc y=0000 u=abcb s=1ff0  dt=24
1693| ecc1        LDD   ,U++                cc=c0 a=55 b=cc dp=00 x=74cc y=0000 u=abcd s=1ff0  dt=64
1695| ed81        STD   ,X++                cc=c0 a=55 b=cc dp=00 x=74ce y=0000 u=abcd s=1ff0  dt=64
1697| ecc1        LDD   ,U++                cc=c8 a=cc b=cc dp=00 x=74ce y=0000 u=abcf s=1ff0  dt=64
1699| ed81        STD   ,X++                cc=c8 a=cc b=cc dp=00 x=74d0 y=0000 u=abcf s=1ff0  dt=64
169b| ecc1        LDD   ,U++                cc=c8 a=cc b=cc dp=00 x=74d0 y=0000 u=abd1 s=1ff0  dt=64
169d| ed81        STD   ,X++                cc=c8 a=cc b=cc dp=00 x=74d2 y=0000 u=abd1 s=1ff0  dt=64
169f| 20ba        BRA   $165b               cc=c8 a=cc b=cc dp=00 x=74d2 y=0000 u=abd1 s=1ff0  dt=24
165b| e6c0        LDB   ,U+                 cc=c8 a=cc b=98 dp=00 x=74d2 y=0000 u=abd2 s=1ff0  dt=48
165d| c1ff        CMPB  #$ff                cc=c9 a=cc b=98 dp=00 x=74d2 y=0000 u=abd2 s=1ff0  dt=16
165f| 274a        BEQ   $16ab               cc=c9 a=cc b=98 dp=00 x=74d2 y=0000 u=abd2 s=1ff0  dt=24
1661| 3a          ABX                       cc=c9 a=cc b=98 dp=00 x=756a y=0000 u=abd2 s=1ff0  dt=24
1662| e6c0        LDB   ,U+                 cc=c9 a=cc b=83 dp=00 x=756a y=0000 u=abd3 s=1ff0  dt=48
1664| 2be8        BMI   $164e               cc=c9 a=cc b=83 dp=00 x=756a y=0000 u=abd3 s=1ff0  dt=24
164e| c47f        ANDB  #$7f                cc=c1 a=cc b=03 dp=00 x=756a y=0000 u=abd3 s=1ff0  dt=16
1650| a6c0        LDA   ,U+                 cc=c9 a=f0 b=03 dp=00 x=756a y=0000 u=abd4 s=1ff0  dt=48
1652| a484        ANDA  ,X                  cc=c5 a=00 b=03 dp=00 x=756a y=0000 u=abd4 s=1ff0  dt=32
1654| aac0        ORA   ,U+                 cc=c1 a=0c b=03 dp=00 x=756a y=0000 u=abd5 s=1ff0  dt=48
1656| a780        STA   ,X+                 cc=c1 a=0c b=03 dp=00 x=756b y=0000 u=abd5 s=1ff0  dt=48
1658| 5a          DECB                      cc=c1 a=0c b=02 dp=00 x=756b y=0000 u=abd5 s=1ff0  dt=16
1659| 26f5        BNE   $1650               cc=c1 a=0c b=02 dp=00 x=756b y=0000 u=abd5 s=1ff0  dt=24
1650| a6c0        LDA   ,U+                 cc=c9 a=f0 b=02 dp=00 x=756b y=0000 u=abd6 s=1ff0  dt=48
1652| a484        ANDA  ,X                  cc=c9 a=c0 b=02 dp=00 x=756b y=0000 u=abd6 s=1ff0  dt=32
1654| aac0        ORA   ,U+                 cc=c9 a=cc b=02 dp=00 x=756b y=0000 u=abd7 s=1ff0  dt=48
1656| a780        STA   ,X+                 cc=c9 a=cc b=02 dp=00 x=756c y=0000 u=abd7 s=1ff0  dt=48
1658| 5a          DECB                      cc=c1 a=cc b=01 dp=00 x=756c y=0000 u=abd7 s=1ff0  dt=16
1659| 26f5        BNE   $1650               cc=c1 a=cc b=01 dp=00 x=756c y=0000 u=abd7 s=1ff0  dt=24
1650| a6c0        LDA   ,U+                 cc=c9 a=f0 b=01 dp=00 x=756c y=0000 u=abd8 s=1ff0  dt=48
1652| a484        ANDA  ,X                  cc=c1 a=20 b=01 dp=00 x=756c y=0000 u=abd8 s=1ff0  dt=32
1654| aac0        ORA   ,U+                 cc=c1 a=25 b=01 dp=00 x=756c y=0000 u=abd9 s=1ff0  dt=48
1656| a780        STA   ,X+                 cc=c1 a=25 b=01 dp=00 x=756d y=0000 u=abd9 s=1ff0  dt=48
1658| 5a          DECB                      cc=c5 a=25 b=00 dp=00 x=756d y=0000 u=abd9 s=1ff0  dt=16
1659| 26f5        BNE   $1650               cc=c5 a=25 b=00 dp=00 x=756d y=0000 u=abd9 s=1ff0  dt=24
165b| e6c0        LDB   ,U+                 cc=c5 a=25 b=00 dp=00 x=756d y=0000 u=abda s=1ff0  dt=48
165d| c1ff        CMPB  #$ff                cc=c1 a=25 b=00 dp=00 x=756d y=0000 u=abda s=1ff0  dt=16
165f| 274a        BEQ   $16ab               cc=c1 a=25 b=00 dp=00 x=756d y=0000 u=abda s=1ff0  dt=24
1661| 3a          ABX                       cc=c1 a=25 b=00 dp=00 x=756d y=0000 u=abda s=1ff0  dt=24
1662| e6c0        LDB   ,U+                 cc=c1 a=25 b=05 dp=00 x=756d y=0000 u=abdb s=1ff0  dt=48
1664| 2be8        BMI   $164e               cc=c1 a=25 b=05 dp=00 x=756d y=0000 u=abdb s=1ff0  dt=24
1666| c105        CMPB  #$05                cc=c4 a=25 b=05 dp=00 x=756d y=0000 u=abdb s=1ff0  dt=16
1668| 271b        BEQ   $1685               cc=c4 a=25 b=05 dp=00 x=756d y=0000 u=abdb s=1ff0  dt=24
1685| ecc1        LDD   ,U++                cc=c8 a=cc b=2c dp=00 x=756d y=0000 u=abdd s=1ff0  dt=64
1687| ed81        STD   ,X++                cc=c8 a=cc b=2c dp=00 x=756f y=0000 u=abdd s=1ff0  dt=64
1689| ecc1        LDD   ,U++                cc=c0 a=2c b=2c dp=00 x=756f y=0000 u=abdf s=1ff0  dt=64
168b| ed81        STD   ,X++                cc=c0 a=2c b=2c dp=00 x=7571 y=0000 u=abdf s=1ff0  dt=64
168d| a6c0        LDA   ,U+                 cc=c0 a=2c b=2c dp=00 x=7571 y=0000 u=abe0 s=1ff0  dt=48
168f| a780        STA   ,X+                 cc=c0 a=2c b=2c dp=00 x=7572 y=0000 u=abe0 s=1ff0  dt=48
1691| 20c8        BRA   $165b               cc=c0 a=2c b=2c dp=00 x=7572 y=0000 u=abe0 s=1ff0  dt=24
165b| e6c0        LDB   ,U+                 cc=c8 a=2c b=98 dp=00 x=7572 y=0000 u=abe1 s=1ff0  dt=48
165d| c1ff        CMPB  #$ff                cc=c9 a=2c b=98 dp=00 x=7572 y=0000 u=abe1 s=1ff0  dt=16
165f| 274a        BEQ   $16ab               cc=c9 a=2c b=98 dp=00 x=7572 y=0000 u=abe1 s=1ff0  dt=24
1661| 3a          ABX                       cc=c9 a=2c b=98 dp=00 x=760a y=0000 u=abe1 s=1ff0  dt=24
1662| e6c0        LDB   ,U+                 cc=c9 a=2c b=81 dp=00 x=760a y=0000 u=abe2 s=1ff0  dt=48
1664| 2be8        BMI   $164e               cc=c9 a=2c b=81 dp=00 x=760a y=0000 u=abe2 s=1ff0  dt=24
164e| c47f        ANDB  #$7f                cc=c1 a=2c b=01 dp=00 x=760a y=0000 u=abe2 s=1ff0  dt=16
1650| a6c0        LDA   ,U+                 cc=c9 a=f0 b=01 dp=00 x=760a y=0000 u=abe3 s=1ff0  dt=48
1652| a484        ANDA  ,X                  cc=c5 a=00 b=01 dp=00 x=760a y=0000 u=abe3 s=1ff0  dt=32
1654| aac0        ORA   ,U+                 cc=c1 a=0c b=01 dp=00 x=760a y=0000 u=abe4 s=1ff0  dt=48
1656| a780        STA   ,X+                 cc=c1 a=0c b=01 dp=00 x=760b y=0000 u=abe4 s=1ff0  dt=48
1658| 5a          DECB                      cc=c5 a=0c b=00 dp=00 x=760b y=0000 u=abe4 s=1ff0  dt=16
1659| 26f5        BNE   $1650               cc=c5 a=0c b=00 dp=00 x=760b y=0000 u=abe4 s=1ff0  dt=24
165b| e6c0        LDB   ,U+                 cc=c1 a=0c b=01 dp=00 x=760b y=0000 u=abe5 s=1ff0  dt=48
165d| c1ff        CMPB  #$ff                cc=c1 a=0c b=01 dp=00 x=760b y=0000 u=abe5 s=1ff0  dt=16
165f| 274a        BEQ   $16ab               cc=c1 a=0c b=01 dp=00 x=760b y=0000 u=abe5 s=1ff0  dt=24
1661| 3a          ABX                       cc=c1 a=0c b=01 dp=00 x=760c y=0000 u=abe5 s=1ff0  dt=24
1662| e6c0        LDB   ,U+                 cc=c1 a=0c b=05 dp=00 x=760c y=0000 u=abe6 s=1ff0  dt=48
1664| 2be8        BMI   $164e               cc=c1 a=0c b=05 dp=00 x=760c y=0000 u=abe6 s=1ff0  dt=24
1666| c105        CMPB  #$05                cc=c4 a=0c b=05 dp=00 x=760c y=0000 u=abe6 s=1ff0  dt=16
1668| 271b        BEQ   $1685               cc=c4 a=0c b=05 dp=00 x=760c y=0000 u=abe6 s=1ff0  dt=24
1685| ecc1        LDD   ,U++                cc=c8 a=c2 b=cc dp=00 x=760c y=0000 u=abe8 s=1ff0  dt=64
1687| ed81        STD   ,X++                cc=c8 a=c2 b=cc dp=00 x=760e y=0000 u=abe8 s=1ff0  dt=64
1689| ecc1        LDD   ,U++                cc=c8 a=cc b=cc dp=00 x=760e y=0000 u=abea s=1ff0  dt=64
168b| ed81        STD   ,X++                cc=c8 a=cc b=cc dp=00 x=7610 y=0000 u=abea s=1ff0  dt=64
168d| a6c0        LDA   ,U+                 cc=c8 a=cc b=cc dp=00 x=7610 y=0000 u=abeb s=1ff0  dt=48
168f| a780        STA   ,X+                 cc=c8 a=cc b=cc dp=00 x=7611 y=0000 u=abeb s=1ff0  dt=48
1691| 20c8        BRA   $165b               cc=c8 a=cc b=cc dp=00 x=7611 y=0000 u=abeb s=1ff0  dt=24
165b| e6c0        LDB   ,U+                 cc=c4 a=cc b=00 dp=00 x=7611 y=0000 u=abec s=1ff0  dt=48
165d| c1ff        CMPB  #$ff                cc=c1 a=cc b=00 dp=00 x=7611 y=0000 u=abec s=1ff0  dt=16
165f| 274a        BEQ   $16ab               cc=c1 a=cc b=00 dp=00 x=7611 y=0000 u=abec s=1ff0  dt=24
1661| 3a          ABX                       cc=c1 a=cc b=00 dp=00 x=7611 y=0000 u=abec s=1ff0  dt=24
1662| e6c0        LDB   ,U+                 cc=c9 a=cc b=81 dp=00 x=7611 y=0000 u=abed s=1ff0  dt=48
1664| 2be8        BMI   $164e               cc=c9 a=cc b=81 dp=00 x=7611 y=0000 u=abed s=1ff0  dt=24
164e| c47f        ANDB  #$7f                cc=c1 a=cc b=01 dp=00 x=7611 y=0000 u=abed s=1ff0  dt=16
1650| a6c0        LDA   ,U+                 cc=c1 a=0f b=01 dp=00 x=7611 y=0000 u=abee s=1ff0  dt=48
1652| a484        ANDA  ,X                  cc=c1 a=09 b=01 dp=00 x=7611 y=0000 u=abee s=1ff0  dt=32
1654| aac0        ORA   ,U+                 cc=c9 a=c9 b=01 dp=00 x=7611 y=0000 u=abef s=1ff0  dt=48
1656| a780        STA   ,X+                 cc=c9 a=c9 b=01 dp=00 x=7612 y=0000 u=abef s=1ff0  dt=48
1658| 5a          DECB                      cc=c5 a=c9 b=00 dp=00 x=7612 y=0000 u=abef s=1ff0  dt=16
1659| 26f5        BNE   $1650               cc=c5 a=c9 b=00 dp=00 x=7612 y=0000 u=abef s=1ff0  dt=24
165b| e6c0        LDB   ,U+                 cc=c9 a=c9 b=99 dp=00 x=7612 y=0000 u=abf0 s=1ff0  dt=48
165d| c1ff        CMPB  #$ff                cc=c9 a=c9 b=99 dp=00 x=7612 y=0000 u=abf0 s=1ff0  dt=16
165f| 274a        BEQ   $16ab               cc=c9 a=c9 b=99 dp=00 x=7612 y=0000 u=abf0 s=1ff0  dt=24
1661| 3a          ABX                       cc=c9 a=c9 b=99 dp=00 x=76ab y=0000 u=abf0 s=1ff0  dt=24
1662| e6c0        LDB   ,U+                 cc=c1 a=c9 b=01 dp=00 x=76ab y=0000 u=abf1 s=1ff0  dt=48
1664| 2be8        BMI   $164e               cc=c1 a=c9 b=01 dp=00 x=76ab y=0000 u=abf1 s=1ff0  dt=24
1666| c105        CMPB  #$05                cc=c9 a=c9 b=01 dp=00 x=76ab y=0000 u=abf1 s=1ff0  dt=16
1668| 271b        BEQ   $1685               cc=c9 a=c9 b=01 dp=00 x=76ab y=0000 u=abf1 s=1ff0  dt=24
166a| c104        CMPB  #$04                cc=c9 a=c9 b=01 dp=00 x=76ab y=0000 u=abf1 s=1ff0  dt=16
166c| 250f        BCS   $167d               cc=c9 a=c9 b=01 dp=00 x=76ab y=0000 u=abf1 s=1ff0  dt=24
167d| c102        CMPB  #$02                cc=c9 a=c9 b=01 dp=00 x=76ab y=0000 u=abf1 s=1ff0  dt=16
167f| 2724        BEQ   $16a5               cc=c9 a=c9 b=01 dp=00 x=76ab y=0000 u=abf1 s=1ff0  dt=24
1681| 250a        BCS   $168d               cc=c9 a=c9 b=01 dp=00 x=76ab y=0000 u=abf1 s=1ff0  dt=24
168d| a6c0        LDA   ,U+                 cc=c9 a=cc b=01 dp=00 x=76ab y=0000 u=abf2 s=1ff0  dt=48
168f| a780        STA   ,X+                 cc=c9 a=cc b=01 dp=00 x=76ac y=0000 u=abf2 s=1ff0  dt=48
1691| 20c8        BRA   $165b               cc=c9 a=cc b=01 dp=00 x=76ac y=0000 u=abf2 s=1ff0  dt=24
165b| e6c0        LDB   ,U+                 cc=c1 a=cc b=01 dp=00 x=76ac y=0000 u=abf3 s=1ff0  dt=48
165d| c1ff        CMPB  #$ff                cc=c1 a=cc b=01 dp=00 x=76ac y=0000 u=abf3 s=1ff0  dt=16
165f| 274a        BEQ   $16ab               cc=c1 a=cc b=01 dp=00 x=76ac y=0000 u=abf3 s=1ff0  dt=24
1661| 3a          ABX                       cc=c1 a=cc b=01 dp=00 x=76ad y=0000 u=abf3 s=1ff0  dt=24
1662| e6c0        LDB   ,U+                 cc=c1 a=cc b=04 dp=00 x=76ad y=0000 u=abf4 s=1ff0  dt=48
1664| 2be8        BMI   $164e               cc=c1 a=cc b=04 dp=00 x=76ad y=0000 u=abf4 s=1ff0  dt=24
1666| c105        CMPB  #$05                cc=c9 a=cc b=04 dp=00 x=76ad y=0000 u=abf4 s=1ff0  dt=16
1668| 271b        BEQ   $1685               cc=c9 a=cc b=04 dp=00 x=76ad y=0000 u=abf4 s=1ff0  dt=24
166a| c104        CMPB  #$04                cc=c4 a=cc b=04 dp=00 x=76ad y=0000 u=abf4 s=1ff0  dt=16
166c| 250f        BCS   $167d               cc=c4 a=cc b=04 dp=00 x=76ad y=0000 u=abf4 s=1ff0  dt=24
166e| 2731        BEQ   $16a1               cc=c4 a=cc b=04 dp=00 x=76ad y=0000 u=abf4 s=1ff0  dt=24
16a1| ecc1        LDD   ,U++                cc=c8 a=cc b=cc dp=00 x=76ad y=0000 u=abf6 s=1ff0  dt=64
16a3| ed81        STD   ,X++                cc=c8 a=cc b=cc dp=00 x=76af y=0000 u=abf6 s=1ff0  dt=64
16a5| ecc1        LDD   ,U++                cc=c8 a=cc b=cc dp=00 x=76af y=0000 u=abf8 s=1ff0  dt=64
16a7| ed81        STD   ,X++                cc=c8 a=cc b=cc dp=00 x=76b1 y=0000 u=abf8 s=1ff0  dt=64
16a9| 20b0        BRA   $165b               cc=c8 a=cc b=cc dp=00 x=76b1 y=0000 u=abf8 s=1ff0  dt=24
165b| e6c0        LDB   ,U+                 cc=c4 a=cc b=00 dp=00 x=76b1 y=0000 u=abf9 s=1ff0  dt=48
165d| c1ff        CMPB  #$ff                cc=c1 a=cc b=00 dp=00 x=76b1 y=0000 u=abf9 s=1ff0  dt=16
165f| 274a        BEQ   $16ab               cc=c1 a=cc b=00 dp=00 x=76b1 y=0000 u=abf9 s=1ff0  dt=24
1661| 3a          ABX                       cc=c1 a=cc b=00 dp=00 x=76b1 y=0000 u=abf9 s=1ff0  dt=24
1662| e6c0        LDB   ,U+                 cc=c9 a=cc b=81 dp=00 x=76b1 y=0000 u=abfa s=1ff0  dt=48
1664| 2be8        BMI   $164e               cc=c9 a=cc b=81 dp=00 x=76b1 y=0000 u=abfa s=1ff0  dt=24
164e| c47f        ANDB  #$7f                cc=c1 a=cc b=01 dp=00 x=76b1 y=0000 u=abfa s=1ff0  dt=16
1650| a6c0        LDA   ,U+                 cc=c1 a=0f b=01 dp=00 x=76b1 y=0000 u=abfb s=1ff0  dt=48
1652| a484        ANDA  ,X                  cc=c1 a=0c b=01 dp=00 x=76b1 y=0000 u=abfb s=1ff0  dt=32
1654| aac0        ORA   ,U+                 cc=c9 a=cc b=01 dp=00 x=76b1 y=0000 u=abfc s=1ff0  dt=48
1656| a780        STA   ,X+                 cc=c9 a=cc b=01 dp=00 x=76b2 y=0000 u=abfc s=1ff0  dt=48
1658| 5a          DECB                      cc=c5 a=cc b=00 dp=00 x=76b2 y=0000 u=abfc s=1ff0  dt=16
1659| 26f5        BNE   $1650               cc=c5 a=cc b=00 dp=00 x=76b2 y=0000 u=abfc s=1ff0  dt=24
165b| e6c0        LDB   ,U+                 cc=c9 a=cc b=9b dp=00 x=76b2 y=0000 u=abfd s=1ff0  dt=48
165d| c1ff        CMPB  #$ff                cc=c9 a=cc b=9b dp=00 x=76b2 y=0000 u=abfd s=1ff0  dt=16
165f| 274a        BEQ   $16ab               cc=c9 a=cc b=9b dp=00 x=76b2 y=0000 u=abfd s=1ff0  dt=24
1661| 3a          ABX                       cc=c9 a=cc b=9b dp=00 x=774d y=0000 u=abfd s=1ff0  dt=24
1662| e6c0        LDB   ,U+                 cc=c9 a=cc b=81 dp=00 x=774d y=0000 u=abfe s=1ff0  dt=48
1664| 2be8        BMI   $164e               cc=c9 a=cc b=81 dp=00 x=774d y=0000 u=abfe s=1ff0  dt=24
164e| c47f        ANDB  #$7f                cc=c1 a=cc b=01 dp=00 x=774d y=0000 u=abfe s=1ff0  dt=16
1650| a6c0        LDA   ,U+                 cc=c9 a=f0 b=01 dp=00 x=774d y=0000 u=abff s=1ff0  dt=48
1652| a484        ANDA  ,X                  cc=c9 a=b0 b=01 dp=00 x=774d y=0000 u=abff s=1ff0  dt=32
1654| aac0        ORA   ,U+                 cc=c9 a=bc b=01 dp=00 x=774d y=0000 u=ac00 s=1ff0  dt=48
1656| a780        STA   ,X+                 cc=c9 a=bc b=01 dp=00 x=774e y=0000 u=ac00 s=1ff0  dt=48
1658| 5a          DECB                      cc=c5 a=bc b=00 dp=00 x=774e y=0000 u=ac00 s=1ff0  dt=16
1659| 26f5        BNE   $1650               cc=c5 a=bc b=00 dp=00 x=774e y=0000 u=ac00 s=1ff0  dt=24
165b| e6c0        LDB   ,U+                 cc=c5 a=bc b=00 dp=00 x=774e y=0000 u=ac01 s=1ff0  dt=48
165d| c1ff        CMPB  #$ff                cc=c1 a=bc b=00 dp=00 x=774e y=0000 u=ac01 s=1ff0  dt=16
165f| 274a        BEQ   $16ab               cc=c1 a=bc b=00 dp=00 x=774e y=0000 u=ac01 s=1ff0  dt=24
1661| 3a          ABX                       cc=c1 a=bc b=00 dp=00 x=774e y=0000 u=ac01 s=1ff0  dt=24
1662| e6c0        LDB   ,U+                 cc=c1 a=bc b=03 dp=00 x=774e y=0000 u=ac02 s=1ff0  dt=48
1664| 2be8        BMI   $164e               cc=c1 a=bc b=03 dp=00 x=774e y=0000 u=ac02 s=1ff0  dt=24
1666| c105        CMPB  #$05                cc=c9 a=bc b=03 dp=00 x=774e y=0000 u=ac02 s=1ff0  dt=16
1668| 271b        BEQ   $1685               cc=c9 a=bc b=03 dp=00 x=774e y=0000 u=ac02 s=1ff0  dt=24
166a| c104        CMPB  #$04                cc=c9 a=bc b=03 dp=00 x=774e y=0000 u=ac02 s=1ff0  dt=16
166c| 250f        BCS   $167d               cc=c9 a=bc b=03 dp=00 x=774e y=0000 u=ac02 s=1ff0  dt=24
167d| c102        CMPB  #$02                cc=c0 a=bc b=03 dp=00 x=774e y=0000 u=ac02 s=1ff0  dt=16
167f| 2724        BEQ   $16a5               cc=c0 a=bc b=03 dp=00 x=774e y=0000 u=ac02 s=1ff0  dt=24
1681| 250a        BCS   $168d               cc=c0 a=bc b=03 dp=00 x=774e y=0000 u=ac02 s=1ff0  dt=24
1683| 2004        BRA   $1689               cc=c0 a=bc b=03 dp=00 x=774e y=0000 u=ac02 s=1ff0  dt=24
1689| ecc1        LDD   ,U++                cc=c8 a=cc b=cc dp=00 x=774e y=0000 u=ac04 s=1ff0  dt=64
168b| ed81        STD   ,X++                cc=c8 a=cc b=cc dp=00 x=7750 y=0000 u=ac04 s=1ff0  dt=64
168d| a6c0        LDA   ,U+                 cc=c8 a=cc b=cc dp=00 x=7750 y=0000 u=ac05 s=1ff0  dt=48
168f| a780        STA   ,X+                 cc=c8 a=cc b=cc dp=00 x=7751 y=0000 u=ac05 s=1ff0  dt=48
1691| 20c8        BRA   $165b               cc=c8 a=cc b=cc dp=00 x=7751 y=0000 u=ac05 s=1ff0  dt=24
165b| e6c0        LDB   ,U+                 cc=c8 a=cc b=9b dp=00 x=7751 y=0000 u=ac06 s=1ff0  dt=48
165d| c1ff        CMPB  #$ff                cc=c9 a=cc b=9b dp=00 x=7751 y=0000 u=ac06 s=1ff0  dt=16
165f| 274a        BEQ   $16ab               cc=c9 a=cc b=9b dp=00 x=7751 y=0000 u=ac06 s=1ff0  dt=24
1661| 3a          ABX                       cc=c9 a=cc b=9b dp=00 x=77ec y=0000 u=ac06 s=1ff0  dt=24
1662| e6c0        LDB   ,U+                 cc=c1 a=cc b=01 dp=00 x=77ec y=0000 u=ac07 s=1ff0  dt=48
1664| 2be8        BMI   $164e               cc=c1 a=cc b=01 dp=00 x=77ec y=0000 u=ac07 s=1ff0  dt=24
1666| c105        CMPB  #$05                cc=c9 a=cc b=01 dp=00 x=77ec y=0000 u=ac07 s=1ff0  dt=16
1668| 271b        BEQ   $1685               cc=c9 a=cc b=01 dp=00 x=77ec y=0000 u=ac07 s=1ff0  dt=24
166a| c104        CMPB  #$04                cc=c9 a=cc b=01 dp=00 x=77ec y=0000 u=ac07 s=1ff0  dt=16
166c| 250f        BCS   $167d               cc=c9 a=cc b=01 dp=00 x=77ec y=0000 u=ac07 s=1ff0  dt=24
167d| c102        CMPB  #$02                cc=c9 a=cc b=01 dp=00 x=77ec y=0000 u=ac07 s=1ff0  dt=16
167f| 2724        BEQ   $16a5               cc=c9 a=cc b=01 dp=00 x=77ec y=0000 u=ac07 s=1ff0  dt=24
1681| 250a        BCS   $168d               cc=c9 a=cc b=01 dp=00 x=77ec y=0000 u=ac07 s=1ff0  dt=24
168d| a6c0        LDA   ,U+                 cc=c1 a=55 b=01 dp=00 x=77ec y=0000 u=ac08 s=1ff0  dt=48
168f| a780        STA   ,X+                 cc=c1 a=55 b=01 dp=00 x=77ed y=0000 u=ac08 s=1ff0  dt=48
1691| 20c8        BRA   $165b               cc=c1 a=55 b=01 dp=00 x=77ed y=0000 u=ac08 s=1ff0  dt=24
165b| e6c0        LDB   ,U+                 cc=c5 a=55 b=00 dp=00 x=77ed y=0000 u=ac09 s=1ff0  dt=48
165d| c1ff        CMPB  #$ff                cc=c1 a=55 b=00 dp=00 x=77ed y=0000 u=ac09 s=1ff0  dt=16
165f| 274a        BEQ   $16ab               cc=c1 a=55 b=00 dp=00 x=77ed y=0000 u=ac09 s=1ff0  dt=24
1661| 3a          ABX                       cc=c1 a=55 b=00 dp=00 x=77ed y=0000 u=ac09 s=1ff0  dt=24
1662| e6c0        LDB   ,U+                 cc=c9 a=55 b=81 dp=00 x=77ed y=0000 u=ac0a s=1ff0  dt=48
1664| 2be8        BMI   $164e               cc=c9 a=55 b=81 dp=00 x=77ed y=0000 u=ac0a s=1ff0  dt=24
164e| c47f        ANDB  #$7f                cc=c1 a=55 b=01 dp=00 x=77ed y=0000 u=ac0a s=1ff0  dt=16
1650| a6c0        LDA   ,U+                 cc=c1 a=0f b=01 dp=00 x=77ed y=0000 u=ac0b s=1ff0  dt=48
1652| a484        ANDA  ,X                  cc=c1 a=0c b=01 dp=00 x=77ed y=0000 u=ac0b s=1ff0  dt=32
1654| aac0        ORA   ,U+                 cc=c1 a=5c b=01 dp=00 x=77ed y=0000 u=ac0c s=1ff0  dt=48
1656| a780        STA   ,X+                 cc=c1 a=5c b=01 dp=00 x=77ee y=0000 u=ac0c s=1ff0  dt=48
1658| 5a          DECB                      cc=c5 a=5c b=00 dp=00 x=77ee y=0000 u=ac0c s=1ff0  dt=16
1659| 26f5        BNE   $1650               cc=c5 a=5c b=00 dp=00 x=77ee y=0000 u=ac0c s=1ff0  dt=24
165b| e6c0        LDB   ,U+                 cc=c5 a=5c b=00 dp=00 x=77ee y=0000 u=ac0d s=1ff0  dt=48
165d| c1ff        CMPB  #$ff                cc=c1 a=5c b=00 dp=00 x=77ee y=0000 u=ac0d s=1ff0  dt=16
165f| 274a        BEQ   $16ab               cc=c1 a=5c b=00 dp=00 x=77ee y=0000 u=ac0d s=1ff0  dt=24
1661| 3a          ABX                       cc=c1 a=5c b=00 dp=00 x=77ee y=0000 u=ac0d s=1ff0  dt=24
1662| e6c0        LDB   ,U+                 cc=c1 a=5c b=03 dp=00 x=77ee y=0000 u=ac0e s=1ff0  dt=48
1664| 2be8        BMI   $164e               cc=c1 a=5c b=03 dp=00 x=77ee y=0000 u=ac0e s=1ff0  dt=24
1666| c105        CMPB  #$05                cc=c9 a=5c b=03 dp=00 x=77ee y=0000 u=ac0e s=1ff0  dt=16
1668| 271b        BEQ   $1685               cc=c9 a=5c b=03 dp=00 x=77ee y=0000 u=ac0e s=1ff0  dt=24
166a| c104        CMPB  #$04                cc=c9 a=5c b=03 dp=00 x=77ee y=0000 u=ac0e s=1ff0  dt=16
166c| 250f        BCS   $167d               cc=c9 a=5c b=03 dp=00 x=77ee y=0000 u=ac0e s=1ff0  dt=24
167d| c102        CMPB  #$02                cc=c0 a=5c b=03 dp=00 x=77ee y=0000 u=ac0e s=1ff0  dt=16
167f| 2724        BEQ   $16a5               cc=c0 a=5c b=03 dp=00 x=77ee y=0000 u=ac0e s=1ff0  dt=24
1681| 250a        BCS   $168d               cc=c0 a=5c b=03 dp=00 x=77ee y=0000 u=ac0e s=1ff0  dt=24
1683| 2004        BRA   $1689               cc=c0 a=5c b=03 dp=00 x=77ee y=0000 u=ac0e s=1ff0  dt=24
1689| ecc1        LDD   ,U++                cc=c8 a=cc b=cc dp=00 x=77ee y=0000 u=ac10 s=1ff0  dt=64
168b| ed81        STD   ,X++                cc=c8 a=cc b=cc dp=00 x=77f0 y=0000 u=ac10 s=1ff0  dt=64
168d| a6c0        LDA   ,U+                 cc=c0 a=55 b=cc dp=00 x=77f0 y=0000 u=ac11 s=1ff0  dt=48
168f| a780        STA   ,X+                 cc=c0 a=55 b=cc dp=00 x=77f1 y=0000 u=ac11 s=1ff0  dt=48
1691| 20c8        BRA   $165b               cc=c0 a=55 b=cc dp=00 x=77f1 y=0000 u=ac11 s=1ff0  dt=24
165b| e6c0        LDB   ,U+                 cc=c8 a=55 b=ff dp=00 x=77f1 y=0000 u=ac12 s=1ff0  dt=48
165d| c1ff        CMPB  #$ff                cc=c4 a=55 b=ff dp=00 x=77f1 y=0000 u=ac12 s=1ff0  dt=16
165f| 274a        BEQ   $16ab               cc=c4 a=55 b=ff dp=00 x=77f1 y=0000 u=ac12 s=1ff0  dt=24
16ab| ecc1        LDD   ,U++                cc=c4 a=00 b=00 dp=00 x=77f1 y=0000 u=ac14 s=1ff0  dt=64
16ad| 2706        BEQ   $16b5               cc=c4 a=00 b=00 dp=00 x=77f1 y=0000 u=ac14 s=1ff0  dt=24
16b5| 8634        LDA   #$34                cc=c0 a=34 b=00 dp=00 x=77f1 y=0000 u=ac14 s=1ff0  dt=16
16b7| b7ffa5      STA   $ffa5               cc=c0 a=34 b=00 dp=00 x=77f1 y=0000 u=ac14 s=1ff0  dt=40
16ba| 39          RTS                       cc=c0 a=34 b=00 dp=00 x=77f1 y=0000 u=ac14 s=1ff2  dt=40
13b5| 39          RTS                       cc=c0 a=34 b=00 dp=00 x=77f1 y=0000 u=ac14 s=1ff4  dt=40
0c6f| 3510        PULS  X                   cc=c0 a=34 b=00 dp=00 x=a480 y=0000 u=ac14 s=1ff6  dt=56
0c71| 3008        LEAX  8,X                 cc=c0 a=34 b=00 dp=00 x=a488 y=0000 u=ac14 s=1ff6  dt=40
0c73| 0a5d        DEC   <$5d                cc=c0 a=34 b=00 dp=00 x=a488 y=0000 u=ac14 s=1ff6  dt=48
0c75| 26e7        BNE   $0c5e               cc=c0 a=34 b=00 dp=00 x=a488 y=0000 u=ac14 s=1ff6  dt=24
0c5e| 6d84        TST   ,X                  cc=c0 a=34 b=00 dp=00 x=a488 y=0000 u=ac14 s=1ff6  dt=48
0c60| 270f        BEQ   $0c71               cc=c0 a=34 b=00 dp=00 x=a488 y=0000 u=ac14 s=1ff6  dt=24
0c62| 6d06        TST   6,X                 cc=c0 a=34 b=00 dp=00 x=a488 y=0000 u=ac14 s=1ff6  dt=56
0c64| 270b        BEQ   $0c71               cc=c0 a=34 b=00 dp=00 x=a488 y=0000 u=ac14 s=1ff6  dt=24
0c66| e607        LDB   7,X                 cc=c0 a=34 b=03 dp=00 x=a488 y=0000 u=ac14 s=1ff6  dt=40
0c68| 3410        PSHS  X                   cc=c0 a=34 b=03 dp=00 x=a488 y=0000 u=ac14 s=1ff4  dt=56
0c6a| ae01        LDX   1,X                 cc=c0 a=34 b=03 dp=00 x=6fea y=0000 u=ac14 s=1ff4  dt=48
0c6c| 17073d      LBSR  $13ac               cc=c0 a=34 b=03 dp=00 x=6fea y=0000 u=ac14 s=1ff2  dt=72
13ac| 170236      LBSR  $15e5               cc=c0 a=34 b=03 dp=00 x=6fea y=0000 u=ac14 s=1ff0  dt=72
15e5| c104        CMPB  #$04                cc=c9 a=34 b=03 dp=00 x=6fea y=0000 u=ac14 s=1ff0  dt=16
15e7| 2501        BCS   $15ea               cc=c9 a=34 b=03 dp=00 x=6fea y=0000 u=ac14 s=1ff0  dt=24
15ea| d766        STB   <$66                cc=c1 a=34 b=03 dp=00 x=6fea y=0000 u=ac14 s=1ff0  dt=32
15ec| 8604        LDA   #$04                cc=c1 a=04 b=03 dp=00 x=6fea y=0000 u=ac14 s=1ff0  dt=16
15ee| 905d        SUBA  <$5d                cc=c0 a=03 b=03 dp=00 x=6fea y=0000 u=ac14 s=1ff0  dt=32
15f0| 8104        CMPA  #$04                cc=c9 a=03 b=03 dp=00 x=6fea y=0000 u=ac14 s=1ff0  dt=16
15f2| 2302        BLS   $15f6               cc=c9 a=03 b=03 dp=00 x=6fea y=0000 u=ac14 s=1ff0  dt=24
15f6| 9764        STA   <$64                cc=c1 a=03 b=03 dp=00 x=6fea y=0000 u=ac14 s=1ff0  dt=32
15f8| 9624        LDA   <$24                cc=c1 a=01 b=03 dp=00 x=6fea y=0000 u=ac14 s=1ff0  dt=32
15fa| 8109        CMPA  #$09                cc=c9 a=01 b=03 dp=00 x=6fea y=0000 u=ac14 s=1ff0  dt=16
15fc| 2517        BCS   $1615               cc=c9 a=01 b=03 dp=00 x=6fea y=0000 u=ac14 s=1ff0  dt=24
1615| 4a          DECA                      cc=c5 a=00 b=03 dp=00 x=6fea y=0000 u=ac14 s=1ff0  dt=16
1616| 48          LSLA                      cc=c4 a=00 b=03 dp=00 x=6fea y=0000 u=ac14 s=1ff0  dt=16
1617| 48          LSLA                      cc=c4 a=00 b=03 dp=00 x=6fea y=0000 u=ac14 s=1ff0  dt=16
1618| 9b66        ADDA  <$66                cc=c0 a=03 b=03 dp=00 x=6fea y=0000 u=ac14 s=1ff0  dt=32
161a| 48          LSLA                      cc=c0 a=06 b=03 dp=00 x=6fea y=0000 u=ac14 s=1ff0  dt=16
161b| 48          LSLA                      cc=c0 a=0c b=03 dp=00 x=6fea y=0000 u=ac14 s=1ff0  dt=16
161c| 9a54        ORA   <$54                cc=c0 a=0e b=03 dp=00 x=6fea y=0000 u=ac14 s=1ff0  dt=32
161e| 39          RTS                       cc=c0 a=0e b=03 dp=00 x=6fea y=0000 u=ac14 s=1ff2  dt=40
13af| 17027a      LBSR  $162c               cc=c0 a=0e b=03 dp=00 x=6fea y=0000 u=ac14 s=1ff0  dt=72
162c| c603        LDB   #$03                cc=c0 a=0e b=03 dp=00 x=6fea y=0000 u=ac14 s=1ff0  dt=16
162e| 3d          MUL                       cc=c0 a=00 b=2a dp=00 x=6fea y=0000 u=ac14 s=1ff0  dt=88
162f| ce0500      LDU   #$0500              cc=c0 a=00 b=2a dp=00 x=6fea y=0000 u=0500 s=1ff0  dt=24
1632| 33cb        LEAU  D,U                 cc=c0 a=00 b=2a dp=00 x=6fea y=0000 u=052a s=1ff0  dt=64
1634| a6c4        LDA   ,U                  cc=c0 a=35 b=2a dp=00 x=6fea y=0000 u=052a s=1ff0  dt=32
1636| b7ffa5      STA   $ffa5               cc=c0 a=35 b=2a dp=00 x=6fea y=0000 u=052a s=1ff0  dt=40
1639| ee41        LDU   1,U                 cc=c8 a=35 b=2a dp=00 x=6fea y=0000 u=ab7a s=1ff0  dt=48
163b| 39          RTS                       cc=c8 a=35 b=2a dp=00 x=6fea y=0000 u=ab7a s=1ff2  dt=40
13b2| 170297      LBSR  $164c               cc=c8 a=35 b=2a dp=00 x=6fea y=0000 u=ab7a s=1ff0  dt=72
164c| 200d        BRA   $165b               cc=c8 a=35 b=2a dp=00 x=6fea y=0000 u=ab7a s=1ff0  dt=24
165b| e6c0        LDB   ,U+                 cc=c8 a=35 b=ff dp=00 x=6fea y=0000 u=ab7b s=1ff0  dt=48
165d| c1ff        CMPB  #$ff                cc=c4 a=35 b=ff dp=00 x=6fea y=0000 u=ab7b s=1ff0  dt=16
165f| 274a        BEQ   $16ab               cc=c4 a=35 b=ff dp=00 x=6fea y=0000 u=ab7b s=1ff0  dt=24
16ab| ecc1        LDD   ,U++                cc=c0 a=01 b=42 dp=00 x=6fea y=0000 u=ab7d s=1ff0  dt=64
16ad| 2706        BEQ   $16b5               cc=c0 a=01 b=42 dp=00 x=6fea y=0000 u=ab7d s=1ff0  dt=24
16af| 308b        LEAX  D,X                 cc=c0 a=01 b=42 dp=00 x=712c y=0000 u=ab7d s=1ff0  dt=64
16b1| 3341        LEAU  1,U                 cc=c0 a=01 b=42 dp=00 x=712c y=0000 u=ab7e s=1ff0  dt=40
16b3| 20ad        BRA   $1662               cc=c0 a=01 b=42 dp=00 x=712c y=0000 u=ab7e s=1ff0  dt=24
1662| e6c0        LDB   ,U+                 cc=c0 a=01 b=01 dp=00 x=712c y=0000 u=ab7f s=1ff0  dt=48
1664| 2be8        BMI   $164e               cc=c0 a=01 b=01 dp=00 x=712c y=0000 u=ab7f s=1ff0  dt=24
1666| c105        CMPB  #$05                cc=c9 a=01 b=01 dp=00 x=712c y=0000 u=ab7f s=1ff0  dt=16
1668| 271b        BEQ   $1685               cc=c9 a=01 b=01 dp=00 x=712c y=0000 u=ab7f s=1ff0  dt=24
166a| c104        CMPB  #$04                cc=c9 a=01 b=01 dp=00 x=712c y=0000 u=ab7f s=1ff0  dt=16
166c| 250f        BCS   $167d               cc=c9 a=01 b=01 dp=00 x=712c y=0000 u=ab7f s=1ff0  dt=24
167d| c102        CMPB  #$02                cc=c9 a=01 b=01 dp=00 x=712c y=0000 u=ab7f s=1ff0  dt=16
167f| 2724        BEQ   $16a5               cc=c9 a=01 b=01 dp=00 x=712c y=0000 u=ab7f s=1ff0  dt=24
1681| 250a        BCS   $168d               cc=c9 a=01 b=01 dp=00 x=712c y=0000 u=ab7f s=1ff0  dt=24
168d| a6c0        LDA   ,U+                 cc=c1 a=55 b=01 dp=00 x=712c y=0000 u=ab80 s=1ff0  dt=48
168f| a780        STA   ,X+                 cc=c1 a=55 b=01 dp=00 x=712d y=0000 u=ab80 s=1ff0  dt=48
1691| 20c8        BRA   $165b               cc=c1 a=55 b=01 dp=00 x=712d y=0000 u=ab80 s=1ff0  dt=24
165b| e6c0        LDB   ,U+                 cc=c5 a=55 b=00 dp=00 x=712d y=0000 u=ab81 s=1ff0  dt=48
165d| c1ff        CMPB  #$ff                cc=c1 a=55 b=00 dp=00 x=712d y=0000 u=ab81 s=1ff0  dt=16
165f| 274a        BEQ   $16ab               cc=c1 a=55 b=00 dp=00 x=712d y=0000 u=ab81 s=1ff0  dt=24
1661| 3a          ABX                       cc=c1 a=55 b=00 dp=00 x=712d y=0000 u=ab81 s=1ff0  dt=24
1662| e6c0        LDB   ,U+                 cc=c9 a=55 b=81 dp=00 x=712d y=0000 u=ab82 s=1ff0  dt=48
1664| 2be8        BMI   $164e               cc=c9 a=55 b=81 dp=00 x=712d y=0000 u=ab82 s=1ff0  dt=24
164e| c47f        ANDB  #$7f                cc=c1 a=55 b=01 dp=00 x=712d y=0000 u=ab82 s=1ff0  dt=16
1650| a6c0        LDA   ,U+                 cc=c1 a=0f b=01 dp=00 x=712d y=0000 u=ab83 s=1ff0  dt=48
1652| a484        ANDA  ,X                  cc=c1 a=04 b=01 dp=00 x=712d y=0000 u=ab83 s=1ff0  dt=32
1654| aac0        ORA   ,U+                 cc=c1 a=54 b=01 dp=00 x=712d y=0000 u=ab84 s=1ff0  dt=48
1656| a780        STA   ,X+                 cc=c1 a=54 b=01 dp=00 x=712e y=0000 u=ab84 s=1ff0  dt=48
1658| 5a          DECB                      cc=c5 a=54 b=00 dp=00 x=712e y=0000 u=ab84 s=1ff0  dt=16
1659| 26f5        BNE   $1650               cc=c5 a=54 b=00 dp=00 x=712e y=0000 u=ab84 s=1ff0  dt=24
165b| e6c0        LDB   ,U+                 cc=c5 a=54 b=00 dp=00 x=712e y=0000 u=ab85 s=1ff0  dt=48
165d| c1ff        CMPB  #$ff                cc=c1 a=54 b=00 dp=00 x=712e y=0000 u=ab85 s=1ff0  dt=16
165f| 274a        BEQ   $16ab               cc=c1 a=54 b=00 dp=00 x=712e y=0000 u=ab85 s=1ff0  dt=24
1661| 3a          ABX                       cc=c1 a=54 b=00 dp=00 x=712e y=0000 u=ab85 s=1ff0  dt=24
1662| e6c0        LDB   ,U+                 cc=c1 a=54 b=03 dp=00 x=712e y=0000 u=ab86 s=1ff0  dt=48
1664| 2be8        BMI   $164e               cc=c1 a=54 b=03 dp=00 x=712e y=0000 u=ab86 s=1ff0  dt=24
1666| c105        CMPB  #$05                cc=c9 a=54 b=03 dp=00 x=712e y=0000 u=ab86 s=1ff0  dt=16
1668| 271b        BEQ   $1685               cc=c9 a=54 b=03 dp=00 x=712e y=0000 u=ab86 s=1ff0  dt=24
166a| c104        CMPB  #$04                cc=c9 a=54 b=03 dp=00 x=712e y=0000 u=ab86 s=1ff0  dt=16
166c| 250f        BCS   $167d               cc=c9 a=54 b=03 dp=00 x=712e y=0000 u=ab86 s=1ff0  dt=24
167d| c102        CMPB  #$02                cc=c0 a=54 b=03 dp=00 x=712e y=0000 u=ab86 s=1ff0  dt=16
167f| 2724        BEQ   $16a5               cc=c0 a=54 b=03 dp=00 x=712e y=0000 u=ab86 s=1ff0  dt=24
1681| 250a        BCS   $168d               cc=c0 a=54 b=03 dp=00 x=712e y=0000 u=ab86 s=1ff0  dt=24
1683| 2004        BRA   $1689               cc=c0 a=54 b=03 dp=00 x=712e y=0000 u=ab86 s=1ff0  dt=24
1689| ecc1        LDD   ,U++                cc=c8 a=cc b=cc dp=00 x=712e y=0000 u=ab88 s=1ff0  dt=64
168b| ed81        STD   ,X++                cc=c8 a=cc b=cc dp=00 x=7130 y=0000 u=ab88 s=1ff0  dt=64
168d| a6c0        LDA   ,U+                 cc=c0 a=55 b=cc dp=00 x=7130 y=0000 u=ab89 s=1ff0  dt=48
168f| a780        STA   ,X+                 cc=c0 a=55 b=cc dp=00 x=7131 y=0000 u=ab89 s=1ff0  dt=48
1691| 20c8        BRA   $165b               cc=c0 a=55 b=cc dp=00 x=7131 y=0000 u=ab89 s=1ff0  dt=24
165b| e6c0        LDB   ,U+                 cc=c8 a=55 b=9c dp=00 x=7131 y=0000 u=ab8a s=1ff0  dt=48
165d| c1ff        CMPB  #$ff                cc=c9 a=55 b=9c dp=00 x=7131 y=0000 u=ab8a s=1ff0  dt=16
165f| 274a        BEQ   $16ab               cc=c9 a=55 b=9c dp=00 x=7131 y=0000 u=ab8a s=1ff0  dt=24
1661| 3a          ABX                       cc=c9 a=55 b=9c dp=00 x=71cd y=0000 u=ab8a s=1ff0  dt=24
1662| e6c0        LDB   ,U+                 cc=c9 a=55 b=81 dp=00 x=71cd y=0000 u=ab8b s=1ff0  dt=48
1664| 2be8        BMI   $164e               cc=c9 a=55 b=81 dp=00 x=71cd y=0000 u=ab8b s=1ff0  dt=24
164e| c47f        ANDB  #$7f                cc=c1 a=55 b=01 dp=00 x=71cd y=0000 u=ab8b s=1ff0  dt=16
1650| a6c0        LDA   ,U+                 cc=c9 a=f0 b=01 dp=00 x=71cd y=0000 u=ab8c s=1ff0  dt=48
1652| a484        ANDA  ,X                  cc=c9 a=b0 b=01 dp=00 x=71cd y=0000 u=ab8c s=1ff0  dt=32
1654| aac0        ORA   ,U+                 cc=c9 a=bc b=01 dp=00 x=71cd y=0000 u=ab8d s=1ff0  dt=48
1656| a780        STA   ,X+                 cc=c9 a=bc b=01 dp=00 x=71ce y=0000 u=ab8d s=1ff0  dt=48
1658| 5a          DECB                      cc=c5 a=bc b=00 dp=00 x=71ce y=0000 u=ab8d s=1ff0  dt=16
1659| 26f5        BNE   $1650               cc=c5 a=bc b=00 dp=00 x=71ce y=0000 u=ab8d s=1ff0  dt=24
165b| e6c0        LDB   ,U+                 cc=c5 a=bc b=00 dp=00 x=71ce y=0000 u=ab8e s=1ff0  dt=48
165d| c1ff        CMPB  #$ff                cc=c1 a=bc b=00 dp=00 x=71ce y=0000 u=ab8e s=1ff0  dt=16
165f| 274a        BEQ   $16ab               cc=c1 a=bc b=00 dp=00 x=71ce y=0000 u=ab8e s=1ff0  dt=24
1661| 3a          ABX                       cc=c1 a=bc b=00 dp=00 x=71ce y=0000 u=ab8e s=1ff0  dt=24
1662| e6c0        LDB   ,U+                 cc=c1 a=bc b=03 dp=00 x=71ce y=0000 u=ab8f s=1ff0  dt=48
1664| 2be8        BMI   $164e               cc=c1 a=bc b=03 dp=00 x=71ce y=0000 u=ab8f s=1ff0  dt=24
1666| c105        CMPB  #$05                cc=c9 a=bc b=03 dp=00 x=71ce y=0000 u=ab8f s=1ff0  dt=16
1668| 271b        BEQ   $1685               cc=c9 a=bc b=03 dp=00 x=71ce y=0000 u=ab8f s=1ff0  dt=24
166a| c104        CMPB  #$04                cc=c9 a=bc b=03 dp=00 x=71ce y=0000 u=ab8f s=1ff0  dt=16
166c| 250f        BCS   $167d               cc=c9 a=bc b=03 dp=00 x=71ce y=0000 u=ab8f s=1ff0  dt=24
167d| c102        CMPB  #$02                cc=c0 a=bc b=03 dp=00 x=71ce y=0000 u=ab8f s=1ff0  dt=16
167f| 2724        BEQ   $16a5               cc=c0 a=bc b=03 dp=00 x=71ce y=0000 u=ab8f s=1ff0  dt=24
1681| 250a        BCS   $168d               cc=c0 a=bc b=03 dp=00 x=71ce y=0000 u=ab8f s=1ff0  dt=24
1683| 2004        BRA   $1689               cc=c0 a=bc b=03 dp=00 x=71ce y=0000 u=ab8f s=1ff0  dt=24
1689| ecc1        LDD   ,U++                cc=c8 a=cc b=cc dp=00 x=71ce y=0000 u=ab91 s=1ff0  dt=64
168b| ed81        STD   ,X++                cc=c8 a=cc b=cc dp=00 x=71d0 y=0000 u=ab91 s=1ff0  dt=64
168d| a6c0        LDA   ,U+                 cc=c8 a=cc b=cc dp=00 x=71d0 y=0000 u=ab92 s=1ff0  dt=48
168f| a780        STA   ,X+                 cc=c8 a=cc b=cc dp=00 x=71d1 y=0000 u=ab92 s=1ff0  dt=48
1691| 20c8        BRA   $165b               cc=c8 a=cc b=cc dp=00 x=71d1 y=0000 u=ab92 s=1ff0  dt=24
165b| e6c0        LDB   ,U+                 cc=c8 a=cc b=9a dp=00 x=71d1 y=0000 u=ab93 s=1ff0  dt=48
165d| c1ff        CMPB  #$ff                cc=c9 a=cc b=9a dp=00 x=71d1 y=0000 u=ab93 s=1ff0  dt=16
165f| 274a        BEQ   $16ab               cc=c9 a=cc b=9a dp=00 x=71d1 y=0000 u=ab93 s=1ff0  dt=24
1661| 3a          ABX                       cc=c9 a=cc b=9a dp=00 x=726b y=0000 u=ab93 s=1ff0  dt=24
1662| e6c0        LDB   ,U+                 cc=c1 a=cc b=01 dp=00 x=726b y=0000 u=ab94 s=1ff0  dt=48
1664| 2be8        BMI   $164e               cc=c1 a=cc b=01 dp=00 x=726b y=0000 u=ab94 s=1ff0  dt=24
1666| c105        CMPB  #$05                cc=c9 a=cc b=01 dp=00 x=726b y=0000 u=ab94 s=1ff0  dt=16
1668| 271b        BEQ   $1685               cc=c9 a=cc b=01 dp=00 x=726b y=0000 u=ab94 s=1ff0  dt=24
166a| c104        CMPB  #$04                cc=c9 a=cc b=01 dp=00 x=726b y=0000 u=ab94 s=1ff0  dt=16
166c| 250f        BCS   $167d               cc=c9 a=cc b=01 dp=00 x=726b y=0000 u=ab94 s=1ff0  dt=24
167d| c102        CMPB  #$02                cc=c9 a=cc b=01 dp=00 x=726b y=0000 u=ab94 s=1ff0  dt=16
167f| 2724        BEQ   $16a5               cc=c9 a=cc b=01 dp=00 x=726b y=0000 u=ab94 s=1ff0  dt=24
1681| 250a        BCS   $168d               cc=c9 a=cc b=01 dp=00 x=726b y=0000 u=ab94 s=1ff0  dt=24
168d| a6c0        LDA   ,U+                 cc=c9 a=cc b=01 dp=00 x=726b y=0000 u=ab95 s=1ff0  dt=48
168f| a780        STA   ,X+                 cc=c9 a=cc b=01 dp=00 x=726c y=0000 u=ab95 s=1ff0  dt=48
1691| 20c8        BRA   $165b               cc=c9 a=cc b=01 dp=00 x=726c y=0000 u=ab95 s=1ff0  dt=24
165b| e6c0        LDB   ,U+                 cc=c5 a=cc b=00 dp=00 x=726c y=0000 u=ab96 s=1ff0  dt=48
165d| c1ff        CMPB  #$ff                cc=c1 a=cc b=00 dp=00 x=726c y=0000 u=ab96 s=1ff0  dt=16
165f| 274a        BEQ   $16ab               cc=c1 a=cc b=00 dp=00 x=726c y=0000 u=ab96 s=1ff0  dt=24
1661| 3a          ABX                       cc=c1 a=cc b=00 dp=00 x=726c y=0000 u=ab96 s=1ff0  dt=24
1662| e6c0        LDB   ,U+                 cc=c9 a=cc b=81 dp=00 x=726c y=0000 u=ab97 s=1ff0  dt=48
1664| 2be8        BMI   $164e               cc=c9 a=cc b=81 dp=00 x=726c y=0000 u=ab97 s=1ff0  dt=24
164e| c47f        ANDB  #$7f                cc=c1 a=cc b=01 dp=00 x=726c y=0000 u=ab97 s=1ff0  dt=16
1650| a6c0        LDA   ,U+                 cc=c1 a=0f b=01 dp=00 x=726c y=0000 u=ab98 s=1ff0  dt=48
1652| a484        ANDA  ,X                  cc=c1 a=06 b=01 dp=00 x=726c y=0000 u=ab98 s=1ff0  dt=32
1654| aac0        ORA   ,U+                 cc=c9 a=c6 b=01 dp=00 x=726c y=0000 u=ab99 s=1ff0  dt=48
1656| a780        STA   ,X+                 cc=c9 a=c6 b=01 dp=00 x=726d y=0000 u=ab99 s=1ff0  dt=48
1658| 5a          DECB                      cc=c5 a=c6 b=00 dp=00 x=726d y=0000 u=ab99 s=1ff0  dt=16
1659| 26f5        BNE   $1650               cc=c5 a=c6 b=00 dp=00 x=726d y=0000 u=ab99 s=1ff0  dt=24
165b| e6c0        LDB   ,U+                 cc=c5 a=c6 b=00 dp=00 x=726d y=0000 u=ab9a s=1ff0  dt=48
165d| c1ff        CMPB  #$ff                cc=c1 a=c6 b=00 dp=00 x=726d y=0000 u=ab9a s=1ff0  dt=16
165f| 274a        BEQ   $16ab               cc=c1 a=c6 b=00 dp=00 x=726d y=0000 u=ab9a s=1ff0  dt=24
1661| 3a          ABX                       cc=c1 a=c6 b=00 dp=00 x=726d y=0000 u=ab9a s=1ff0  dt=24
1662| e6c0        LDB   ,U+                 cc=c1 a=c6 b=04 dp=00 x=726d y=0000 u=ab9b s=1ff0  dt=48
1664| 2be8        BMI   $164e               cc=c1 a=c6 b=04 dp=00 x=726d y=0000 u=ab9b s=1ff0  dt=24
1666| c105        CMPB  #$05                cc=c9 a=c6 b=04 dp=00 x=726d y=0000 u=ab9b s=1ff0  dt=16
1668| 271b        BEQ   $1685               cc=c9 a=c6 b=04 dp=00 x=726d y=0000 u=ab9b s=1ff0  dt=24
166a| c104        CMPB  #$04                cc=c4 a=c6 b=04 dp=00 x=726d y=0000 u=ab9b s=1ff0  dt=16
166c| 250f        BCS   $167d               cc=c4 a=c6 b=04 dp=00 x=726d y=0000 u=ab9b s=1ff0  dt=24
166e| 2731        BEQ   $16a1               cc=c4 a=c6 b=04 dp=00 x=726d y=0000 u=ab9b s=1ff0  dt=24
16a1| ecc1        LDD   ,U++                cc=c8 a=cc b=cc dp=00 x=726d y=0000 u=ab9d s=1ff0  dt=64
16a3| ed81        STD   ,X++                cc=c8 a=cc b=cc dp=00 x=726f y=0000 u=ab9d s=1ff0  dt=64
16a5| ecc1        LDD   ,U++                cc=c8 a=cc b=cc dp=00 x=726f y=0000 u=ab9f s=1ff0  dt=64
16a7| ed81        STD   ,X++                cc=c8 a=cc b=cc dp=00 x=7271 y=0000 u=ab9f s=1ff0  dt=64
16a9| 20b0        BRA   $165b               cc=c8 a=cc b=cc dp=00 x=7271 y=0000 u=ab9f s=1ff0  dt=24
165b| e6c0        LDB   ,U+                 cc=c4 a=cc b=00 dp=00 x=7271 y=0000 u=aba0 s=1ff0  dt=48
165d| c1ff        CMPB  #$ff                cc=c1 a=cc b=00 dp=00 x=7271 y=0000 u=aba0 s=1ff0  dt=16
165f| 274a        BEQ   $16ab               cc=c1 a=cc b=00 dp=00 x=7271 y=0000 u=aba0 s=1ff0  dt=24
1661| 3a          ABX                       cc=c1 a=cc b=00 dp=00 x=7271 y=0000 u=aba0 s=1ff0  dt=24
1662| e6c0        LDB   ,U+                 cc=c9 a=cc b=81 dp=00 x=7271 y=0000 u=aba1 s=1ff0  dt=48
1664| 2be8        BMI   $164e               cc=c9 a=cc b=81 dp=00 x=7271 y=0000 u=aba1 s=1ff0  dt=24
164e| c47f        ANDB  #$7f                cc=c1 a=cc b=01 dp=00 x=7271 y=0000 u=aba1 s=1ff0  dt=16
1650| a6c0        LDA   ,U+                 cc=c1 a=0f b=01 dp=00 x=7271 y=0000 u=aba2 s=1ff0  dt=48
1652| a484        ANDA  ,X                  cc=c1 a=0f b=01 dp=00 x=7271 y=0000 u=aba2 s=1ff0  dt=32
1654| aac0        ORA   ,U+                 cc=c9 a=cf b=01 dp=00 x=7271 y=0000 u=aba3 s=1ff0  dt=48
1656| a780        STA   ,X+                 cc=c9 a=cf b=01 dp=00 x=7272 y=0000 u=aba3 s=1ff0  dt=48
1658| 5a          DECB                      cc=c5 a=cf b=00 dp=00 x=7272 y=0000 u=aba3 s=1ff0  dt=16
1659| 26f5        BNE   $1650               cc=c5 a=cf b=00 dp=00 x=7272 y=0000 u=aba3 s=1ff0  dt=24
165b| e6c0        LDB   ,U+                 cc=c9 a=cf b=98 dp=00 x=7272 y=0000 u=aba4 s=1ff0  dt=48
165d| c1ff        CMPB  #$ff                cc=c9 a=cf b=98 dp=00 x=7272 y=0000 u=aba4 s=1ff0  dt=16
165f| 274a        BEQ   $16ab               cc=c9 a=cf b=98 dp=00 x=7272 y=0000 u=aba4 s=1ff0  dt=24
1661| 3a          ABX                       cc=c9 a=cf b=98 dp=00 x=730a y=0000 u=aba4 s=1ff0  dt=24
1662| e6c0        LDB   ,U+                 cc=c9 a=cf b=81 dp=00 x=730a y=0000 u=aba5 s=1ff0  dt=48
1664| 2be8        BMI   $164e               cc=c9 a=cf b=81 dp=00 x=730a y=0000 u=aba5 s=1ff0  dt=24
164e| c47f        ANDB  #$7f                cc=c1 a=cf b=01 dp=00 x=730a y=0000 u=aba5 s=1ff0  dt=16
1650| a6c0        LDA   ,U+                 cc=c9 a=f0 b=01 dp=00 x=730a y=0000 u=aba6 s=1ff0  dt=48
1652| a484        ANDA  ,X                  cc=c5 a=00 b=01 dp=00 x=730a y=0000 u=aba6 s=1ff0  dt=32
1654| aac0        ORA   ,U+                 cc=c1 a=0c b=01 dp=00 x=730a y=0000 u=aba7 s=1ff0  dt=48
1656| a780        STA   ,X+                 cc=c1 a=0c b=01 dp=00 x=730b y=0000 u=aba7 s=1ff0  dt=48
1658| 5a          DECB                      cc=c5 a=0c b=00 dp=00 x=730b y=0000 u=aba7 s=1ff0  dt=16
1659| 26f5        BNE   $1650               cc=c5 a=0c b=00 dp=00 x=730b y=0000 u=aba7 s=1ff0  dt=24
165b| e6c0        LDB   ,U+                 cc=c1 a=0c b=01 dp=00 x=730b y=0000 u=aba8 s=1ff0  dt=48
165d| c1ff        CMPB  #$ff                cc=c1 a=0c b=01 dp=00 x=730b y=0000 u=aba8 s=1ff0  dt=16
165f| 274a        BEQ   $16ab               cc=c1 a=0c b=01 dp=00 x=730b y=0000 u=aba8 s=1ff0  dt=24
1661| 3a          ABX                       cc=c1 a=0c b=01 dp=00 x=730c y=0000 u=aba8 s=1ff0  dt=24
1662| e6c0        LDB   ,U+                 cc=c1 a=0c b=05 dp=00 x=730c y=0000 u=aba9 s=1ff0  dt=48
1664| 2be8        BMI   $164e               cc=c1 a=0c b=05 dp=00 x=730c y=0000 u=aba9 s=1ff0  dt=24
1666| c105        CMPB  #$05                cc=c4 a=0c b=05 dp=00 x=730c y=0000 u=aba9 s=1ff0  dt=16
1668| 271b        BEQ   $1685               cc=c4 a=0c b=05 dp=00 x=730c y=0000 u=aba9 s=1ff0  dt=24
1685| ecc1        LDD   ,U++                cc=c8 a=c2 b=cc dp=00 x=730c y=0000 u=abab s=1ff0  dt=64
1687| ed81        STD   ,X++                cc=c8 a=c2 b=cc dp=00 x=730e y=0000 u=abab s=1ff0  dt=64
1689| ecc1        LDD   ,U++                cc=c8 a=cc b=cc dp=00 x=730e y=0000 u=abad s=1ff0  dt=64
168b| ed81        STD   ,X++                cc=c8 a=cc b=cc dp=00 x=7310 y=0000 u=abad s=1ff0  dt=64
168d| a6c0        LDA   ,U+                 cc=c8 a=cc b=cc dp=00 x=7310 y=0000 u=abae s=1ff0  dt=48
168f| a780        STA   ,X+                 cc=c8 a=cc b=cc dp=00 x=7311 y=0000 u=abae s=1ff0  dt=48
1691| 20c8        BRA   $165b               cc=c8 a=cc b=cc dp=00 x=7311 y=0000 u=abae s=1ff0  dt=24
165b| e6c0        LDB   ,U+                 cc=c4 a=cc b=00 dp=00 x=7311 y=0000 u=abaf s=1ff0  dt=48
165d| c1ff        CMPB  #$ff                cc=c1 a=cc b=00 dp=00 x=7311 y=0000 u=abaf s=1ff0  dt=16
165f| 274a        BEQ   $16ab               cc=c1 a=cc b=00 dp=00 x=7311 y=0000 u=abaf s=1ff0  dt=24
1661| 3a          ABX                       cc=c1 a=cc b=00 dp=00 x=7311 y=0000 u=abaf s=1ff0  dt=24
1662| e6c0        LDB   ,U+                 cc=c9 a=cc b=81 dp=00 x=7311 y=0000 u=abb0 s=1ff0  dt=48
1664| 2be8        BMI   $164e               cc=c9 a=cc b=81 dp=00 x=7311 y=0000 u=abb0 s=1ff0  dt=24
164e| c47f        ANDB  #$7f                cc=c1 a=cc b=01 dp=00 x=7311 y=0000 u=abb0 s=1ff0  dt=16
1650| a6c0        LDA   ,U+                 cc=c1 a=0f b=01 dp=00 x=7311 y=0000 u=abb1 s=1ff0  dt=48
1652| a484        ANDA  ,X                  cc=c1 a=07 b=01 dp=00 x=7311 y=0000 u=abb1 s=1ff0  dt=32
1654| aac0        ORA   ,U+                 cc=c9 a=c7 b=01 dp=00 x=7311 y=0000 u=abb2 s=1ff0  dt=48
1656| a780        STA   ,X+                 cc=c9 a=c7 b=01 dp=00 x=7312 y=0000 u=abb2 s=1ff0  dt=48
1658| 5a          DECB                      cc=c5 a=c7 b=00 dp=00 x=7312 y=0000 u=abb2 s=1ff0  dt=16
1659| 26f5        BNE   $1650               cc=c5 a=c7 b=00 dp=00 x=7312 y=0000 u=abb2 s=1ff0  dt=24
165b| e6c0        LDB   ,U+                 cc=c9 a=c7 b=98 dp=00 x=7312 y=0000 u=abb3 s=1ff0  dt=48
165d| c1ff        CMPB  #$ff                cc=c9 a=c7 b=98 dp=00 x=7312 y=0000 u=abb3 s=1ff0  dt=16
165f| 274a        BEQ   $16ab               cc=c9 a=c7 b=98 dp=00 x=7312 y=0000 u=abb3 s=1ff0  dt=24
1661| 3a          ABX                       cc=c9 a=c7 b=98 dp=00 x=73aa y=0000 u=abb3 s=1ff0  dt=24
1662| e6c0        LDB   ,U+                 cc=c9 a=c7 b=83 dp=00 x=73aa y=0000 u=abb4 s=1ff0  dt=48
1664| 2be8        BMI   $164e               cc=c9 a=c7 b=83 dp=00 x=73aa y=0000 u=abb4 s=1ff0  dt=24
164e| c47f        ANDB  #$7f                cc=c1 a=c7 b=03 dp=00 x=73aa y=0000 u=abb4 s=1ff0  dt=16
1650| a6c0        LDA   ,U+                 cc=c9 a=f0 b=03 dp=00 x=73aa y=0000 u=abb5 s=1ff0  dt=48
1652| a484        ANDA  ,X                  cc=c5 a=00 b=03 dp=00 x=73aa y=0000 u=abb5 s=1ff0  dt=32
1654| aac0        ORA   ,U+                 cc=c1 a=0c b=03 dp=00 x=73aa y=0000 u=abb6 s=1ff0  dt=48
1656| a780        STA   ,X+                 cc=c1 a=0c b=03 dp=00 x=73ab y=0000 u=abb6 s=1ff0  dt=48
1658| 5a          DECB                      cc=c1 a=0c b=02 dp=00 x=73ab y=0000 u=abb6 s=1ff0  dt=16
1659| 26f5        BNE   $1650               cc=c1 a=0c b=02 dp=00 x=73ab y=0000 u=abb6 s=1ff0  dt=24
1650| a6c0        LDA   ,U+                 cc=c9 a=f0 b=02 dp=00 x=73ab y=0000 u=abb7 s=1ff0  dt=48
1652| a484        ANDA  ,X                  cc=c1 a=70 b=02 dp=00 x=73ab y=0000 u=abb7 s=1ff0  dt=32
1654| aac0        ORA   ,U+                 cc=c1 a=7c b=02 dp=00 x=73ab y=0000 u=abb8 s=1ff0  dt=48
1656| a780        STA   ,X+                 cc=c1 a=7c b=02 dp=00 x=73ac y=0000 u=abb8 s=1ff0  dt=48
1658| 5a          DECB                      cc=c1 a=7c b=01 dp=00 x=73ac y=0000 u=abb8 s=1ff0  dt=16
1659| 26f5        BNE   $1650               cc=c1 a=7c b=01 dp=00 x=73ac y=0000 u=abb8 s=1ff0  dt=24
1650| a6c0        LDA   ,U+                 cc=c9 a=f0 b=01 dp=00 x=73ac y=0000 u=abb9 s=1ff0  dt=48
1652| a484        ANDA  ,X                  cc=c1 a=10 b=01 dp=00 x=73ac y=0000 u=abb9 s=1ff0  dt=32
1654| aac0        ORA   ,U+                 cc=c1 a=15 b=01 dp=00 x=73ac y=0000 u=abba s=1ff0  dt=48
1656| a780        STA   ,X+                 cc=c1 a=15 b=01 dp=00 x=73ad y=0000 u=abba s=1ff0  dt=48
1658| 5a          DECB                      cc=c5 a=15 b=00 dp=00 x=73ad y=0000 u=abba s=1ff0  dt=16
1659| 26f5        BNE   $1650               cc=c5 a=15 b=00 dp=00 x=73ad y=0000 u=abba s=1ff0  dt=24
165b| e6c0        LDB   ,U+                 cc=c5 a=15 b=00 dp=00 x=73ad y=0000 u=abbb s=1ff0  dt=48
165d| c1ff        CMPB  #$ff                cc=c1 a=15 b=00 dp=00 x=73ad y=0000 u=abbb s=1ff0  dt=16
165f| 274a        BEQ   $16ab               cc=c1 a=15 b=00 dp=00 x=73ad y=0000 u=abbb s=1ff0  dt=24
1661| 3a          ABX                       cc=c1 a=15 b=00 dp=00 x=73ad y=0000 u=abbb s=1ff0  dt=24
1662| e6c0        LDB   ,U+                 cc=c1 a=15 b=05 dp=00 x=73ad y=0000 u=abbc s=1ff0  dt=48
1664| 2be8        BMI   $164e               cc=c1 a=15 b=05 dp=00 x=73ad y=0000 u=abbc s=1ff0  dt=24
1666| c105        CMPB  #$05                cc=c4 a=15 b=05 dp=00 x=73ad y=0000 u=abbc s=1ff0  dt=16
1668| 271b        BEQ   $1685               cc=c4 a=15 b=05 dp=00 x=73ad y=0000 u=abbc s=1ff0  dt=24
1685| ecc1        LDD   ,U++                cc=c8 a=cc b=2c dp=00 x=73ad y=0000 u=abbe s=1ff0  dt=64
1687| ed81        STD   ,X++                cc=c8 a=cc b=2c dp=00 x=73af y=0000 u=abbe s=1ff0  dt=64
1689| ecc1        LDD   ,U++                cc=c0 a=2c b=2c dp=00 x=73af y=0000 u=abc0 s=1ff0  dt=64
168b| ed81        STD   ,X++                cc=c0 a=2c b=2c dp=00 x=73b1 y=0000 u=abc0 s=1ff0  dt=64
168d| a6c0        LDA   ,U+                 cc=c0 a=2c b=2c dp=00 x=73b1 y=0000 u=abc1 s=1ff0  dt=48
168f| a780        STA   ,X+                 cc=c0 a=2c b=2c dp=00 x=73b2 y=0000 u=abc1 s=1ff0  dt=48
1691| 20c8        BRA   $165b               cc=c0 a=2c b=2c dp=00 x=73b2 y=0000 u=abc1 s=1ff0  dt=24
165b| e6c0        LDB   ,U+                 cc=c8 a=2c b=9a dp=00 x=73b2 y=0000 u=abc2 s=1ff0  dt=48
165d| c1ff        CMPB  #$ff                cc=c9 a=2c b=9a dp=00 x=73b2 y=0000 u=abc2 s=1ff0  dt=16
165f| 274a        BEQ   $16ab               cc=c9 a=2c b=9a dp=00 x=73b2 y=0000 u=abc2 s=1ff0  dt=24
1661| 3a          ABX                       cc=c9 a=2c b=9a dp=00 x=744c y=0000 u=abc2 s=1ff0  dt=24
1662| e6c0        LDB   ,U+                 cc=c1 a=2c b=06 dp=00 x=744c y=0000 u=abc3 s=1ff0  dt=48
1664| 2be8        BMI   $164e               cc=c1 a=2c b=06 dp=00 x=744c y=0000 u=abc3 s=1ff0  dt=24
1666| c105        CMPB  #$05                cc=c0 a=2c b=06 dp=00 x=744c y=0000 u=abc3 s=1ff0  dt=16
1668| 271b        BEQ   $1685               cc=c0 a=2c b=06 dp=00 x=744c y=0000 u=abc3 s=1ff0  dt=24
166a| c104        CMPB  #$04                cc=c0 a=2c b=06 dp=00 x=744c y=0000 u=abc3 s=1ff0  dt=16
166c| 250f        BCS   $167d               cc=c0 a=2c b=06 dp=00 x=744c y=0000 u=abc3 s=1ff0  dt=24
166e| 2731        BEQ   $16a1               cc=c0 a=2c b=06 dp=00 x=744c y=0000 u=abc3 s=1ff0  dt=24
1670| c106        CMPB  #$06                cc=c4 a=2c b=06 dp=00 x=744c y=0000 u=abc3 s=1ff0  dt=16
1672| 271f        BEQ   $1693               cc=c4 a=2c b=06 dp=00 x=744c y=0000 u=abc3 s=1ff0  dt=24
1693| ecc1        LDD   ,U++                cc=c0 a=55 b=cc dp=00 x=744c y=0000 u=abc5 s=1ff0  dt=64
1695| ed81        STD   ,X++                cc=c0 a=55 b=cc dp=00 x=744e y=0000 u=abc5 s=1ff0  dt=64
1697| ecc1        LDD   ,U++                cc=c8 a=cc b=cc dp=00 x=744e y=0000 u=abc7 s=1ff0  dt=64
1699| ed81        STD   ,X++                cc=c8 a=cc b=cc dp=00 x=7450 y=0000 u=abc7 s=1ff0  dt=64
169b| ecc1        LDD   ,U++                cc=c8 a=cc b=cc dp=00 x=7450 y=0000 u=abc9 s=1ff0  dt=64
169d| ed81        STD   ,X++                cc=c8 a=cc b=cc dp=00 x=7452 y=0000 u=abc9 s=1ff0  dt=64
169f| 20ba        BRA   $165b               cc=c8 a=cc b=cc dp=00 x=7452 y=0000 u=abc9 s=1ff0  dt=24
165b| e6c0        LDB   ,U+                 cc=c8 a=cc b=9a dp=00 x=7452 y=0000 u=abca s=1ff0  dt=48
165d| c1ff        CMPB  #$ff                cc=c9 a=cc b=9a dp=00 x=7452 y=0000 u=abca s=1ff0  dt=16
165f| 274a        BEQ   $16ab               cc=c9 a=cc b=9a dp=00 x=7452 y=0000 u=abca s=1ff0  dt=24
1661| 3a          ABX                       cc=c9 a=cc b=9a dp=00 x=74ec y=0000 u=abca s=1ff0  dt=24
1662| e6c0        LDB   ,U+                 cc=c1 a=cc b=06 dp=00 x=74ec y=0000 u=abcb s=1ff0  dt=48
1664| 2be8        BMI   $164e               cc=c1 a=cc b=06 dp=00 x=74ec y=0000 u=abcb s=1ff0  dt=24
1666| c105        CMPB  #$05                cc=c0 a=cc b=06 dp=00 x=74ec y=0000 u=abcb s=1ff0  dt=16
1668| 271b        BEQ   $1685               cc=c0 a=cc b=06 dp=00 x=74ec y=0000 u=abcb s=1ff0  dt=24
166a| c104        CMPB  #$04                cc=c0 a=cc b=06 dp=00 x=74ec y=0000 u=abcb s=1ff0  dt=16
166c| 250f        BCS   $167d               cc=c0 a=cc b=06 dp=00 x=74ec y=0000 u=abcb s=1ff0  dt=24
166e| 2731        BEQ   $16a1               cc=c0 a=cc b=06 dp=00 x=74ec y=0000 u=abcb s=1ff0  dt=24
1670| c106        CMPB  #$06                cc=c4 a=cc b=06 dp=00 x=74ec y=0000 u=abcb s=1ff0  dt=16
1672| 271f        BEQ   $1693               cc=c4 a=cc b=06 dp=00 x=74ec y=0000 u=abcb s=1ff0  dt=24
1693| ecc1        LDD   ,U++                cc=c0 a=55 b=cc dp=00 x=74ec y=0000 u=abcd s=1ff0  dt=64
1695| ed81        STD   ,X++                cc=c0 a=55 b=cc dp=00 x=74ee y=0000 u=abcd s=1ff0  dt=64
1697| ecc1        LDD   ,U++                cc=c8 a=cc b=cc dp=00 x=74ee y=0000 u=abcf s=1ff0  dt=64
1699| ed81        STD   ,X++                cc=c8 a=cc b=cc dp=00 x=74f0 y=0000 u=abcf s=1ff0  dt=64
169b| ecc1        LDD   ,U++                cc=c8 a=cc b=cc dp=00 x=74f0 y=0000 u=abd1 s=1ff0  dt=64
169d| ed81        STD   ,X++                cc=c8 a=cc b=cc dp=00 x=74f2 y=0000 u=abd1 s=1ff0  dt=64
169f| 20ba        BRA   $165b               cc=c8 a=cc b=cc dp=00 x=74f2 y=0000 u=abd1 s=1ff0  dt=24
165b| e6c0        LDB   ,U+                 cc=c8 a=cc b=98 dp=00 x=74f2 y=0000 u=abd2 s=1ff0  dt=48
165d| c1ff        CMPB  #$ff                cc=c9 a=cc b=98 dp=00 x=74f2 y=0000 u=abd2 s=1ff0  dt=16
165f| 274a        BEQ   $16ab               cc=c9 a=cc b=98 dp=00 x=74f2 y=0000 u=abd2 s=1ff0  dt=24
1661| 3a          ABX                       cc=c9 a=cc b=98 dp=00 x=758a y=0000 u=abd2 s=1ff0  dt=24
1662| e6c0        LDB   ,U+                 cc=c9 a=cc b=83 dp=00 x=758a y=0000 u=abd3 s=1ff0  dt=48
1664| 2be8        BMI   $164e               cc=c9 a=cc b=83 dp=00 x=758a y=0000 u=abd3 s=1ff0  dt=24
164e| c47f        ANDB  #$7f                cc=c1 a=cc b=03 dp=00 x=758a y=0000 u=abd3 s=1ff0  dt=16
1650| a6c0        LDA   ,U+                 cc=c9 a=f0 b=03 dp=00 x=758a y=0000 u=abd4 s=1ff0  dt=48
1652| a484        ANDA  ,X                  cc=c5 a=00 b=03 dp=00 x=758a y=0000 u=abd4 s=1ff0  dt=32
1654| aac0        ORA   ,U+                 cc=c1 a=0c b=03 dp=00 x=758a y=0000 u=abd5 s=1ff0  dt=48
1656| a780        STA   ,X+                 cc=c1 a=0c b=03 dp=00 x=758b y=0000 u=abd5 s=1ff0  dt=48
1658| 5a          DECB                      cc=c1 a=0c b=02 dp=00 x=758b y=0000 u=abd5 s=1ff0  dt=16
1659| 26f5        BNE   $1650               cc=c1 a=0c b=02 dp=00 x=758b y=0000 u=abd5 s=1ff0  dt=24
1650| a6c0        LDA   ,U+                 cc=c9 a=f0 b=02 dp=00 x=758b y=0000 u=abd6 s=1ff0  dt=48
1652| a484        ANDA  ,X                  cc=c9 a=80 b=02 dp=00 x=758b y=0000 u=abd6 s=1ff0  dt=32
1654| aac0        ORA   ,U+                 cc=c9 a=8c b=02 dp=00 x=758b y=0000 u=abd7 s=1ff0  dt=48
1656| a780        STA   ,X+                 cc=c9 a=8c b=02 dp=00 x=758c y=0000 u=abd7 s=1ff0  dt=48
1658| 5a          DECB                      cc=c1 a=8c b=01 dp=00 x=758c y=0000 u=abd7 s=1ff0  dt=16
1659| 26f5        BNE   $1650               cc=c1 a=8c b=01 dp=00 x=758c y=0000 u=abd7 s=1ff0  dt=24
1650| a6c0        LDA   ,U+                 cc=c9 a=f0 b=01 dp=00 x=758c y=0000 u=abd8 s=1ff0  dt=48
1652| a484        ANDA  ,X                  cc=c9 a=e0 b=01 dp=00 x=758c y=0000 u=abd8 s=1ff0  dt=32
1654| aac0        ORA   ,U+                 cc=c9 a=e5 b=01 dp=00 x=758c y=0000 u=abd9 s=1ff0  dt=48
1656| a780        STA   ,X+                 cc=c9 a=e5 b=01 dp=00 x=758d y=0000 u=abd9 s=1ff0  dt=48
1658| 5a          DECB                      cc=c5 a=e5 b=00 dp=00 x=758d y=0000 u=abd9 s=1ff0  dt=16
1659| 26f5        BNE   $1650               cc=c5 a=e5 b=00 dp=00 x=758d y=0000 u=abd9 s=1ff0  dt=24
165b| e6c0        LDB   ,U+                 cc=c5 a=e5 b=00 dp=00 x=758d y=0000 u=abda s=1ff0  dt=48
165d| c1ff        CMPB  #$ff                cc=c1 a=e5 b=00 dp=00 x=758d y=0000 u=abda s=1ff0  dt=16
165f| 274a        BEQ   $16ab               cc=c1 a=e5 b=00 dp=00 x=758d y=0000 u=abda s=1ff0  dt=24
1661| 3a          ABX                       cc=c1 a=e5 b=00 dp=00 x=758d y=0000 u=abda s=1ff0  dt=24
1662| e6c0        LDB   ,U+                 cc=c1 a=e5 b=05 dp=00 x=758d y=0000 u=abdb s=1ff0  dt=48
1664| 2be8        BMI   $164e               cc=c1 a=e5 b=05 dp=00 x=758d y=0000 u=abdb s=1ff0  dt=24
1666| c105        CMPB  #$05                cc=c4 a=e5 b=05 dp=00 x=758d y=0000 u=abdb s=1ff0  dt=16
1668| 271b        BEQ   $1685               cc=c4 a=e5 b=05 dp=00 x=758d y=0000 u=abdb s=1ff0  dt=24
1685| ecc1        LDD   ,U++                cc=c8 a=cc b=2c dp=00 x=758d y=0000 u=abdd s=1ff0  dt=64
1687| ed81        STD   ,X++                cc=c8 a=cc b=2c dp=00 x=758f y=0000 u=abdd s=1ff0  dt=64
1689| ecc1        LDD   ,U++                cc=c0 a=2c b=2c dp=00 x=758f y=0000 u=abdf s=1ff0  dt=64
168b| ed81        STD   ,X++                cc=c0 a=2c b=2c dp=00 x=7591 y=0000 u=abdf s=1ff0  dt=64
168d| a6c0        LDA   ,U+                 cc=c0 a=2c b=2c dp=00 x=7591 y=0000 u=abe0 s=1ff0  dt=48
168f| a780        STA   ,X+                 cc=c0 a=2c b=2c dp=00 x=7592 y=0000 u=abe0 s=1ff0  dt=48
1691| 20c8        BRA   $165b               cc=c0 a=2c b=2c dp=00 x=7592 y=0000 u=abe0 s=1ff0  dt=24
165b| e6c0        LDB   ,U+                 cc=c8 a=2c b=98 dp=00 x=7592 y=0000 u=abe1 s=1ff0  dt=48
165d| c1ff        CMPB  #$ff                cc=c9 a=2c b=98 dp=00 x=7592 y=0000 u=abe1 s=1ff0  dt=16
165f| 274a        BEQ   $16ab               cc=c9 a=2c b=98 dp=00 x=7592 y=0000 u=abe1 s=1ff0  dt=24
1661| 3a          ABX                       cc=c9 a=2c b=98 dp=00 x=762a y=0000 u=abe1 s=1ff0  dt=24
1662| e6c0        LDB   ,U+                 cc=c9 a=2c b=81 dp=00 x=762a y=0000 u=abe2 s=1ff0  dt=48
1664| 2be8        BMI   $164e               cc=c9 a=2c b=81 dp=00 x=762a y=0000 u=abe2 s=1ff0  dt=24
164e| c47f        ANDB  #$7f                cc=c1 a=2c b=01 dp=00 x=762a y=0000 u=abe2 s=1ff0  dt=16
1650| a6c0        LDA   ,U+                 cc=c9 a=f0 b=01 dp=00 x=762a y=0000 u=abe3 s=1ff0  dt=48
1652| a484        ANDA  ,X                  cc=c5 a=00 b=01 dp=00 x=762a y=0000 u=abe3 s=1ff0  dt=32
1654| aac0        ORA   ,U+                 cc=c1 a=0c b=01 dp=00 x=762a y=0000 u=abe4 s=1ff0  dt=48
1656| a780        STA   ,X+                 cc=c1 a=0c b=01 dp=00 x=762b y=0000 u=abe4 s=1ff0  dt=48
1658| 5a          DECB                      cc=c5 a=0c b=00 dp=00 x=762b y=0000 u=abe4 s=1ff0  dt=16
1659| 26f5        BNE   $1650               cc=c5 a=0c b=00 dp=00 x=762b y=0000 u=abe4 s=1ff0  dt=24
165b| e6c0        LDB   ,U+                 cc=c1 a=0c b=01 dp=00 x=762b y=0000 u=abe5 s=1ff0  dt=48
165d| c1ff        CMPB  #$ff                cc=c1 a=0c b=01 dp=00 x=762b y=0000 u=abe5 s=1ff0  dt=16
165f| 274a        BEQ   $16ab               cc=c1 a=0c b=01 dp=00 x=762b y=0000 u=abe5 s=1ff0  dt=24
1661| 3a          ABX                       cc=c1 a=0c b=01 dp=00 x=762c y=0000 u=abe5 s=1ff0  dt=24
1662| e6c0        LDB   ,U+                 cc=c1 a=0c b=05 dp=00 x=762c y=0000 u=abe6 s=1ff0  dt=48
1664| 2be8        BMI   $164e               cc=c1 a=0c b=05 dp=00 x=762c y=0000 u=abe6 s=1ff0  dt=24
1666| c105        CMPB  #$05                cc=c4 a=0c b=05 dp=00 x=762c y=0000 u=abe6 s=1ff0  dt=16
1668| 271b        BEQ   $1685               cc=c4 a=0c b=05 dp=00 x=762c y=0000 u=abe6 s=1ff0  dt=24
1685| ecc1        LDD   ,U++                cc=c8 a=c2 b=cc dp=00 x=762c y=0000 u=abe8 s=1ff0  dt=64
1687| ed81        STD   ,X++                cc=c8 a=c2 b=cc dp=00 x=762e y=0000 u=abe8 s=1ff0  dt=64
1689| ecc1        LDD   ,U++                cc=c8 a=cc b=cc dp=00 x=762e y=0000 u=abea s=1ff0  dt=64
168b| ed81        STD   ,X++                cc=c8 a=cc b=cc dp=00 x=7630 y=0000 u=abea s=1ff0  dt=64
168d| a6c0        LDA   ,U+                 cc=c8 a=cc b=cc dp=00 x=7630 y=0000 u=abeb s=1ff0  dt=48
168f| a780        STA   ,X+                 cc=c8 a=cc b=cc dp=00 x=7631 y=0000 u=abeb s=1ff0  dt=48
1691| 20c8        BRA   $165b               cc=c8 a=cc b=cc dp=00 x=7631 y=0000 u=abeb s=1ff0  dt=24
165b| e6c0        LDB   ,U+                 cc=c4 a=cc b=00 dp=00 x=7631 y=0000 u=abec s=1ff0  dt=48
165d| c1ff        CMPB  #$ff                cc=c1 a=cc b=00 dp=00 x=7631 y=0000 u=abec s=1ff0  dt=16
165f| 274a        BEQ   $16ab               cc=c1 a=cc b=00 dp=00 x=7631 y=0000 u=abec s=1ff0  dt=24
1661| 3a          ABX                       cc=c1 a=cc b=00 dp=00 x=7631 y=0000 u=abec s=1ff0  dt=24
1662| e6c0        LDB   ,U+                 cc=c9 a=cc b=81 dp=00 x=7631 y=0000 u=abed s=1ff0  dt=48
1664| 2be8        BMI   $164e               cc=c9 a=cc b=81 dp=00 x=7631 y=0000 u=abed s=1ff0  dt=24
164e| c47f        ANDB  #$7f                cc=c1 a=cc b=01 dp=00 x=7631 y=0000 u=abed s=1ff0  dt=16
1650| a6c0        LDA   ,U+                 cc=c1 a=0f b=01 dp=00 x=7631 y=0000 u=abee s=1ff0  dt=48
1652| a484        ANDA  ,X                  cc=c1 a=04 b=01 dp=00 x=7631 y=0000 u=abee s=1ff0  dt=32
1654| aac0        ORA   ,U+                 cc=c9 a=c4 b=01 dp=00 x=7631 y=0000 u=abef s=1ff0  dt=48
1656| a780        STA   ,X+                 cc=c9 a=c4 b=01 dp=00 x=7632 y=0000 u=abef s=1ff0  dt=48
1658| 5a          DECB                      cc=c5 a=c4 b=00 dp=00 x=7632 y=0000 u=abef s=1ff0  dt=16
1659| 26f5        BNE   $1650               cc=c5 a=c4 b=00 dp=00 x=7632 y=0000 u=abef s=1ff0  dt=24
165b| e6c0        LDB   ,U+                 cc=c9 a=c4 b=99 dp=00 x=7632 y=0000 u=abf0 s=1ff0  dt=48
165d| c1ff        CMPB  #$ff                cc=c9 a=c4 b=99 dp=00 x=7632 y=0000 u=abf0 s=1ff0  dt=16
165f| 274a        BEQ   $16ab               cc=c9 a=c4 b=99 dp=00 x=7632 y=0000 u=abf0 s=1ff0  dt=24
1661| 3a          ABX                       cc=c9 a=c4 b=99 dp=00 x=76cb y=0000 u=abf0 s=1ff0  dt=24
1662| e6c0        LDB   ,U+                 cc=c1 a=c4 b=01 dp=00 x=76cb y=0000 u=abf1 s=1ff0  dt=48
1664| 2be8        BMI   $164e               cc=c1 a=c4 b=01 dp=00 x=76cb y=0000 u=abf1 s=1ff0  dt=24
1666| c105        CMPB  #$05                cc=c9 a=c4 b=01 dp=00 x=76cb y=0000 u=abf1 s=1ff0  dt=16
1668| 271b        BEQ   $1685               cc=c9 a=c4 b=01 dp=00 x=76cb y=0000 u=abf1 s=1ff0  dt=24
166a| c104        CMPB  #$04                cc=c9 a=c4 b=01 dp=00 x=76cb y=0000 u=abf1 s=1ff0  dt=16
166c| 250f        BCS   $167d               cc=c9 a=c4 b=01 dp=00 x=76cb y=0000 u=abf1 s=1ff0  dt=24
167d| c102        CMPB  #$02                cc=c9 a=c4 b=01 dp=00 x=76cb y=0000 u=abf1 s=1ff0  dt=16
167f| 2724        BEQ   $16a5               cc=c9 a=c4 b=01 dp=00 x=76cb y=0000 u=abf1 s=1ff0  dt=24
1681| 250a        BCS   $168d               cc=c9 a=c4 b=01 dp=00 x=76cb y=0000 u=abf1 s=1ff0  dt=24
168d| a6c0        LDA   ,U+                 cc=c9 a=cc b=01 dp=00 x=76cb y=0000 u=abf2 s=1ff0  dt=48
168f| a780        STA   ,X+                 cc=c9 a=cc b=01 dp=00 x=76cc y=0000 u=abf2 s=1ff0  dt=48
1691| 20c8        BRA   $165b               cc=c9 a=cc b=01 dp=00 x=76cc y=0000 u=abf2 s=1ff0  dt=24
165b| e6c0        LDB   ,U+                 cc=c1 a=cc b=01 dp=00 x=76cc y=0000 u=abf3 s=1ff0  dt=48
165d| c1ff        CMPB  #$ff                cc=c1 a=cc b=01 dp=00 x=76cc y=0000 u=abf3 s=1ff0  dt=16
165f| 274a        BEQ   $16ab               cc=c1 a=cc b=01 dp=00 x=76cc y=0000 u=abf3 s=1ff0  dt=24
1661| 3a          ABX                       cc=c1 a=cc b=01 dp=00 x=76cd y=0000 u=abf3 s=1ff0  dt=24
1662| e6c0        LDB   ,U+                 cc=c1 a=cc b=04 dp=00 x=76cd y=0000 u=abf4 s=1ff0  dt=48
1664| 2be8        BMI   $164e               cc=c1 a=cc b=04 dp=00 x=76cd y=0000 u=abf4 s=1ff0  dt=24
1666| c105        CMPB  #$05                cc=c9 a=cc b=04 dp=00 x=76cd y=0000 u=abf4 s=1ff0  dt=16
1668| 271b        BEQ   $1685               cc=c9 a=cc b=04 dp=00 x=76cd y=0000 u=abf4 s=1ff0  dt=24
166a| c104        CMPB  #$04                cc=c4 a=cc b=04 dp=00 x=76cd y=0000 u=abf4 s=1ff0  dt=16
166c| 250f        BCS   $167d               cc=c4 a=cc b=04 dp=00 x=76cd y=0000 u=abf4 s=1ff0  dt=24
166e| 2731        BEQ   $16a1               cc=c4 a=cc b=04 dp=00 x=76cd y=0000 u=abf4 s=1ff0  dt=24
16a1| ecc1        LDD   ,U++                cc=c8 a=cc b=cc dp=00 x=76cd y=0000 u=abf6 s=1ff0  dt=64
16a3| ed81        STD   ,X++                cc=c8 a=cc b=cc dp=00 x=76cf y=0000 u=abf6 s=1ff0  dt=64
16a5| ecc1        LDD   ,U++                cc=c8 a=cc b=cc dp=00 x=76cf y=0000 u=abf8 s=1ff0  dt=64
16a7| ed81        STD   ,X++                cc=c8 a=cc b=cc dp=00 x=76d1 y=0000 u=abf8 s=1ff0  dt=64
16a9| 20b0        BRA   $165b               cc=c8 a=cc b=cc dp=00 x=76d1 y=0000 u=abf8 s=1ff0  dt=24
165b| e6c0        LDB   ,U+                 cc=c4 a=cc b=00 dp=00 x=76d1 y=0000 u=abf9 s=1ff0  dt=48
165d| c1ff        CMPB  #$ff                cc=c1 a=cc b=00 dp=00 x=76d1 y=0000 u=abf9 s=1ff0  dt=16
165f| 274a        BEQ   $16ab               cc=c1 a=cc b=00 dp=00 x=76d1 y=0000 u=abf9 s=1ff0  dt=24
1661| 3a          ABX                       cc=c1 a=cc b=00 dp=00 x=76d1 y=0000 u=abf9 s=1ff0  dt=24
1662| e6c0        LDB   ,U+                 cc=c9 a=cc b=81 dp=00 x=76d1 y=0000 u=abfa s=1ff0  dt=48
1664| 2be8        BMI   $164e               cc=c9 a=cc b=81 dp=00 x=76d1 y=0000 u=abfa s=1ff0  dt=24
164e| c47f        ANDB  #$7f                cc=c1 a=cc b=01 dp=00 x=76d1 y=0000 u=abfa s=1ff0  dt=16
1650| a6c0        LDA   ,U+                 cc=c1 a=0f b=01 dp=00 x=76d1 y=0000 u=abfb s=1ff0  dt=48
1652| a484        ANDA  ,X                  cc=c1 a=0e b=01 dp=00 x=76d1 y=0000 u=abfb s=1ff0  dt=32
1654| aac0        ORA   ,U+                 cc=c9 a=ce b=01 dp=00 x=76d1 y=0000 u=abfc s=1ff0  dt=48
1656| a780        STA   ,X+                 cc=c9 a=ce b=01 dp=00 x=76d2 y=0000 u=abfc s=1ff0  dt=48
1658| 5a          DECB                      cc=c5 a=ce b=00 dp=00 x=76d2 y=0000 u=abfc s=1ff0  dt=16
1659| 26f5        BNE   $1650               cc=c5 a=ce b=00 dp=00 x=76d2 y=0000 u=abfc s=1ff0  dt=24
165b| e6c0        LDB   ,U+                 cc=c9 a=ce b=9b dp=00 x=76d2 y=0000 u=abfd s=1ff0  dt=48
165d| c1ff        CMPB  #$ff                cc=c9 a=ce b=9b dp=00 x=76d2 y=0000 u=abfd s=1ff0  dt=16
165f| 274a        BEQ   $16ab               cc=c9 a=ce b=9b dp=00 x=76d2 y=0000 u=abfd s=1ff0  dt=24
1661| 3a          ABX                       cc=c9 a=ce b=9b dp=00 x=776d y=0000 u=abfd s=1ff0  dt=24
1662| e6c0        LDB   ,U+                 cc=c9 a=ce b=81 dp=00 x=776d y=0000 u=abfe s=1ff0  dt=48
1664| 2be8        BMI   $164e               cc=c9 a=ce b=81 dp=00 x=776d y=0000 u=abfe s=1ff0  dt=24
164e| c47f        ANDB  #$7f                cc=c1 a=ce b=01 dp=00 x=776d y=0000 u=abfe s=1ff0  dt=16
1650| a6c0        LDA   ,U+                 cc=c9 a=f0 b=01 dp=00 x=776d y=0000 u=abff s=1ff0  dt=48
1652| a484        ANDA  ,X                  cc=c1 a=70 b=01 dp=00 x=776d y=0000 u=abff s=1ff0  dt=32
1654| aac0        ORA   ,U+                 cc=c1 a=7c b=01 dp=00 x=776d y=0000 u=ac00 s=1ff0  dt=48
1656| a780        STA   ,X+                 cc=c1 a=7c b=01 dp=00 x=776e y=0000 u=ac00 s=1ff0  dt=48
1658| 5a          DECB                      cc=c5 a=7c b=00 dp=00 x=776e y=0000 u=ac00 s=1ff0  dt=16
1659| 26f5        BNE   $1650               cc=c5 a=7c b=00 dp=00 x=776e y=0000 u=ac00 s=1ff0  dt=24
165b| e6c0        LDB   ,U+                 cc=c5 a=7c b=00 dp=00 x=776e y=0000 u=ac01 s=1ff0  dt=48
165d| c1ff        CMPB  #$ff                cc=c1 a=7c b=00 dp=00 x=776e y=0000 u=ac01 s=1ff0  dt=16
165f| 274a        BEQ   $16ab               cc=c1 a=7c b=00 dp=00 x=776e y=0000 u=ac01 s=1ff0  dt=24
1661| 3a          ABX                       cc=c1 a=7c b=00 dp=00 x=776e y=0000 u=ac01 s=1ff0  dt=24
1662| e6c0        LDB   ,U+                 cc=c1 a=7c b=03 dp=00 x=776e y=0000 u=ac02 s=1ff0  dt=48
1664| 2be8        BMI   $164e               cc=c1 a=7c b=03 dp=00 x=776e y=0000 u=ac02 s=1ff0  dt=24
1666| c105        CMPB  #$05                cc=c9 a=7c b=03 dp=00 x=776e y=0000 u=ac02 s=1ff0  dt=16
1668| 271b        BEQ   $1685               cc=c9 a=7c b=03 dp=00 x=776e y=0000 u=ac02 s=1ff0  dt=24
166a| c104        CMPB  #$04                cc=c9 a=7c b=03 dp=00 x=776e y=0000 u=ac02 s=1ff0  dt=16
166c| 250f        BCS   $167d               cc=c9 a=7c b=03 dp=00 x=776e y=0000 u=ac02 s=1ff0  dt=24
167d| c102        CMPB  #$02                cc=c0 a=7c b=03 dp=00 x=776e y=0000 u=ac02 s=1ff0  dt=16
167f| 2724        BEQ   $16a5               cc=c0 a=7c b=03 dp=00 x=776e y=0000 u=ac02 s=1ff0  dt=24
1681| 250a        BCS   $168d               cc=c0 a=7c b=03 dp=00 x=776e y=0000 u=ac02 s=1ff0  dt=24
1683| 2004        BRA   $1689               cc=c0 a=7c b=03 dp=00 x=776e y=0000 u=ac02 s=1ff0  dt=24
1689| ecc1        LDD   ,U++                cc=c8 a=cc b=cc dp=00 x=776e y=0000 u=ac04 s=1ff0  dt=64
168b| ed81        STD   ,X++                cc=c8 a=cc b=cc dp=00 x=7770 y=0000 u=ac04 s=1ff0  dt=64
168d| a6c0        LDA   ,U+                 cc=c8 a=cc b=cc dp=00 x=7770 y=0000 u=ac05 s=1ff0  dt=48
168f| a780        STA   ,X+                 cc=c8 a=cc b=cc dp=00 x=7771 y=0000 u=ac05 s=1ff0  dt=48
1691| 20c8        BRA   $165b               cc=c8 a=cc b=cc dp=00 x=7771 y=0000 u=ac05 s=1ff0  dt=24
165b| e6c0        LDB   ,U+                 cc=c8 a=cc b=9b dp=00 x=7771 y=0000 u=ac06 s=1ff0  dt=48
165d| c1ff        CMPB  #$ff                cc=c9 a=cc b=9b dp=00 x=7771 y=0000 u=ac06 s=1ff0  dt=16
165f| 274a        BEQ   $16ab               cc=c9 a=cc b=9b dp=00 x=7771 y=0000 u=ac06 s=1ff0  dt=24
1661| 3a          ABX                       cc=c9 a=cc b=9b dp=00 x=780c y=0000 u=ac06 s=1ff0  dt=24
1662| e6c0        LDB   ,U+                 cc=c1 a=cc b=01 dp=00 x=780c y=0000 u=ac07 s=1ff0  dt=48
1664| 2be8        BMI   $164e               cc=c1 a=cc b=01 dp=00 x=780c y=0000 u=ac07 s=1ff0  dt=24
1666| c105        CMPB  #$05                cc=c9 a=cc b=01 dp=00 x=780c y=0000 u=ac07 s=1ff0  dt=16
1668| 271b        BEQ   $1685               cc=c9 a=cc b=01 dp=00 x=780c y=0000 u=ac07 s=1ff0  dt=24
166a| c104        CMPB  #$04                cc=c9 a=cc b=01 dp=00 x=780c y=0000 u=ac07 s=1ff0  dt=16
166c| 250f        BCS   $167d               cc=c9 a=cc b=01 dp=00 x=780c y=0000 u=ac07 s=1ff0  dt=24
167d| c102        CMPB  #$02                cc=c9 a=cc b=01 dp=00 x=780c y=0000 u=ac07 s=1ff0  dt=16
167f| 2724        BEQ   $16a5               cc=c9 a=cc b=01 dp=00 x=780c y=0000 u=ac07 s=1ff0  dt=24
1681| 250a        BCS   $168d               cc=c9 a=cc b=01 dp=00 x=780c y=0000 u=ac07 s=1ff0  dt=24
168d| a6c0        LDA   ,U+                 cc=c1 a=55 b=01 dp=00 x=780c y=0000 u=ac08 s=1ff0  dt=48
168f| a780        STA   ,X+                 cc=c1 a=55 b=01 dp=00 x=780d y=0000 u=ac08 s=1ff0  dt=48
1691| 20c8        BRA   $165b               cc=c1 a=55 b=01 dp=00 x=780d y=0000 u=ac08 s=1ff0  dt=24
165b| e6c0        LDB   ,U+                 cc=c5 a=55 b=00 dp=00 x=780d y=0000 u=ac09 s=1ff0  dt=48
165d| c1ff        CMPB  #$ff                cc=c1 a=55 b=00 dp=00 x=780d y=0000 u=ac09 s=1ff0  dt=16
165f| 274a        BEQ   $16ab               cc=c1 a=55 b=00 dp=00 x=780d y=0000 u=ac09 s=1ff0  dt=24
1661| 3a          ABX                       cc=c1 a=55 b=00 dp=00 x=780d y=0000 u=ac09 s=1ff0  dt=24
1662| e6c0        LDB   ,U+                 cc=c9 a=55 b=81 dp=00 x=780d y=0000 u=ac0a s=1ff0  dt=48
1664| 2be8        BMI   $164e               cc=c9 a=55 b=81 dp=00 x=780d y=0000 u=ac0a s=1ff0  dt=24
164e| c47f        ANDB  #$7f                cc=c1 a=55 b=01 dp=00 x=780d y=0000 u=ac0a s=1ff0  dt=16
1650| a6c0        LDA   ,U+                 cc=c1 a=0f b=01 dp=00 x=780d y=0000 u=ac0b s=1ff0  dt=48
1652| a484        ANDA  ,X                  cc=c1 a=0d b=01 dp=00 x=780d y=0000 u=ac0b s=1ff0  dt=32
1654| aac0        ORA   ,U+                 cc=c1 a=5d b=01 dp=00 x=780d y=0000 u=ac0c s=1ff0  dt=48
1656| a780        STA   ,X+                 cc=c1 a=5d b=01 dp=00 x=780e y=0000 u=ac0c s=1ff0  dt=48
1658| 5a          DECB                      cc=c5 a=5d b=00 dp=00 x=780e y=0000 u=ac0c s=1ff0  dt=16
1659| 26f5        BNE   $1650               cc=c5 a=5d b=00 dp=00 x=780e y=0000 u=ac0c s=1ff0  dt=24
165b| e6c0        LDB   ,U+                 cc=c5 a=5d b=00 dp=00 x=780e y=0000 u=ac0d s=1ff0  dt=48
165d| c1ff        CMPB  #$ff                cc=c1 a=5d b=00 dp=00 x=780e y=0000 u=ac0d s=1ff0  dt=16
165f| 274a        BEQ   $16ab               cc=c1 a=5d b=00 dp=00 x=780e y=0000 u=ac0d s=1ff0  dt=24
1661| 3a          ABX                       cc=c1 a=5d b=00 dp=00 x=780e y=0000 u=ac0d s=1ff0  dt=24
1662| e6c0        LDB   ,U+                 cc=c1 a=5d b=03 dp=00 x=780e y=0000 u=ac0e s=1ff0  dt=48
1664| 2be8        BMI   $164e               cc=c1 a=5d b=03 dp=00 x=780e y=0000 u=ac0e s=1ff0  dt=24
1666| c105        CMPB  #$05                cc=c9 a=5d b=03 dp=00 x=780e y=0000 u=ac0e s=1ff0  dt=16
1668| 271b        BEQ   $1685               cc=c9 a=5d b=03 dp=00 x=780e y=0000 u=ac0e s=1ff0  dt=24
166a| c104        CMPB  #$04                cc=c9 a=5d b=03 dp=00 x=780e y=0000 u=ac0e s=1ff0  dt=16
166c| 250f        BCS   $167d               cc=c9 a=5d b=03 dp=00 x=780e y=0000 u=ac0e s=1ff0  dt=24
167d| c102        CMPB  #$02                cc=c0 a=5d b=03 dp=00 x=780e y=0000 u=ac0e s=1ff0  dt=16
167f| 2724        BEQ   $16a5               cc=c0 a=5d b=03 dp=00 x=780e y=0000 u=ac0e s=1ff0  dt=24
1681| 250a        BCS   $168d               cc=c0 a=5d b=03 dp=00 x=780e y=0000 u=ac0e s=1ff0  dt=24
1683| 2004        BRA   $1689               cc=c0 a=5d b=03 dp=00 x=780e y=0000 u=ac0e s=1ff0  dt=24
1689| ecc1        LDD   ,U++                cc=c8 a=cc b=cc dp=00 x=780e y=0000 u=ac10 s=1ff0  dt=64
168b| ed81        STD   ,X++                cc=c8 a=cc b=cc dp=00 x=7810 y=0000 u=ac10 s=1ff0  dt=64
168d| a6c0        LDA   ,U+                 cc=c0 a=55 b=cc dp=00 x=7810 y=0000 u=ac11 s=1ff0  dt=48
168f| a780        STA   ,X+                 cc=c0 a=55 b=cc dp=00 x=7811 y=0000 u=ac11 s=1ff0  dt=48
1691| 20c8        BRA   $165b               cc=c0 a=55 b=cc dp=00 x=7811 y=0000 u=ac11 s=1ff0  dt=24
165b| e6c0        LDB   ,U+                 cc=c8 a=55 b=ff dp=00 x=7811 y=0000 u=ac12 s=1ff0  dt=48
165d| c1ff        CMPB  #$ff                cc=c4 a=55 b=ff dp=00 x=7811 y=0000 u=ac12 s=1ff0  dt=16
165f| 274a        BEQ   $16ab               cc=c4 a=55 b=ff dp=00 x=7811 y=0000 u=ac12 s=1ff0  dt=24
16ab| ecc1        LDD   ,U++                cc=c4 a=00 b=00 dp=00 x=7811 y=0000 u=ac14 s=1ff0  dt=64
16ad| 2706        BEQ   $16b5               cc=c4 a=00 b=00 dp=00 x=7811 y=0000 u=ac14 s=1ff0  dt=24
16b5| 8634        LDA   #$34                cc=c0 a=34 b=00 dp=00 x=7811 y=0000 u=ac14 s=1ff0  dt=16
16b7| b7ffa5      STA   $ffa5               cc=c0 a=34 b=00 dp=00 x=7811 y=0000 u=ac14 s=1ff0  dt=40
16ba| 39          RTS                       cc=c0 a=34 b=00 dp=00 x=7811 y=0000 u=ac14 s=1ff2  dt=40
13b5| 39          RTS                       cc=c0 a=34 b=00 dp=00 x=7811 y=0000 u=ac14 s=1ff4  dt=40
0c6f| 3510        PULS  X                   cc=c0 a=34 b=00 dp=00 x=a488 y=0000 u=ac14 s=1ff6  dt=56
0c71| 3008        LEAX  8,X                 cc=c0 a=34 b=00 dp=00 x=a490 y=0000 u=ac14 s=1ff6  dt=40
0c73| 0a5d        DEC   <$5d                cc=c4 a=34 b=00 dp=00 x=a490 y=0000 u=ac14 s=1ff6  dt=48
0c75| 26e7        BNE   $0c5e               cc=c4 a=34 b=00 dp=00 x=a490 y=0000 u=ac14 s=1ff6  dt=24
0c77| 0d51        TST   <$51                cc=c4 a=34 b=00 dp=00 x=a490 y=0000 u=ac14 s=1ff6  dt=48
0c79| 2707        BEQ   $0c82               cc=c4 a=34 b=00 dp=00 x=a490 y=0000 u=ac14 s=1ff6  dt=24
0c82| 967f        LDA   <$7f                cc=c0 a=01 b=00 dp=00 x=a490 y=0000 u=ac14 s=1ff6  dt=32
0c84| 8580        BITA  #$80                cc=c4 a=01 b=00 dp=00 x=a490 y=0000 u=ac14 s=1ff6  dt=16
0c86| 2712        BEQ   $0c9a               cc=c4 a=01 b=00 dp=00 x=a490 y=0000 u=ac14 s=1ff6  dt=24
0c9a| 964d        LDA   <$4d                cc=c4 a=00 b=00 dp=00 x=a490 y=0000 u=ac14 s=1ff6  dt=32
0c9c| 260d        BNE   $0cab               cc=c4 a=00 b=00 dp=00 x=a490 y=0000 u=ac14 s=1ff6  dt=24
0c9e| 967f        LDA   <$7f                cc=c0 a=01 b=00 dp=00 x=a490 y=0000 u=ac14 s=1ff6  dt=32
0ca0| 8541        BITA  #$41                cc=c0 a=01 b=00 dp=00 x=a490 y=0000 u=ac14 s=1ff6  dt=16
0ca2| 2604        BNE   $0ca8               cc=c0 a=01 b=00 dp=00 x=a490 y=0000 u=ac14 s=1ff6  dt=24
0ca8| bdd23c      JSR   $d23c               cc=c0 a=01 b=00 dp=00 x=a490 y=0000 u=ac14 s=1ff4  dt=64
d23c| 170100      LBSR  $d33f               cc=c0 a=01 b=00 dp=00 x=a490 y=0000 u=ac14 s=1ff2  dt=72
d33f| 9e0b        LDX   <$0b                cc=c0 a=01 b=00 dp=00 x=4e8c y=0000 u=ac14 s=1ff2  dt=40
d341| dea2        LDU   <$a2                cc=c8 a=01 b=00 dp=00 x=4e8c y=0000 u=a300 s=1ff2  dt=40
d343| 108e0010    LDY   #$0010              cc=c0 a=01 b=00 dp=00 x=4e8c y=0010 u=a300 s=1ff2  dt=32
d347| ec81        LDD   ,X++                cc=c4 a=00 b=00 dp=00 x=4e8e y=0010 u=a300 s=1ff2  dt=64
d349| edc1        STD   ,U++                cc=c4 a=00 b=00 dp=00 x=4e8e y=0010 u=a302 s=1ff2  dt=64
d34b| ec81        LDD   ,X++                cc=c4 a=00 b=00 dp=00 x=4e90 y=0010 u=a302 s=1ff2  dt=64
d34d| edc1        STD   ,U++                cc=c4 a=00 b=00 dp=00 x=4e90 y=0010 u=a304 s=1ff2  dt=64
d34f| ec81        LDD   ,X++                cc=c4 a=00 b=00 dp=00 x=4e92 y=0010 u=a304 s=1ff2  dt=64
d351| edc1        STD   ,U++                cc=c4 a=00 b=00 dp=00 x=4e92 y=0010 u=a306 s=1ff2  dt=64
d353| ec81        LDD   ,X++                cc=c4 a=00 b=00 dp=00 x=4e94 y=0010 u=a306 s=1ff2  dt=64
d355| edc1        STD   ,U++                cc=c4 a=00 b=00 dp=00 x=4e94 y=0010 u=a308 s=1ff2  dt=64
d357| 30890098    LEAX  $0098,X             cc=c0 a=00 b=00 dp=00 x=4f2c y=0010 u=a308 s=1ff2  dt=64
d35b| 313f        LEAY  -1,Y                cc=c0 a=00 b=00 dp=00 x=4f2c y=000f u=a308 s=1ff2  dt=40
d35d| 26e8        BNE   $d347               cc=c0 a=00 b=00 dp=00 x=4f2c y=000f u=a308 s=1ff2  dt=24
d347| ec81        LDD   ,X++                cc=c4 a=00 b=00 dp=00 x=4f2e y=000f u=a308 s=1ff2  dt=64
d349| edc1        STD   ,U++                cc=c4 a=00 b=00 dp=00 x=4f2e y=000f u=a30a s=1ff2  dt=64
d34b| ec81        LDD   ,X++                cc=c4 a=00 b=00 dp=00 x=4f30 y=000f u=a30a s=1ff2  dt=64
d34d| edc1        STD   ,U++                cc=c4 a=00 b=00 dp=00 x=4f30 y=000f u=a30c s=1ff2  dt=64
d34f| ec81        LDD   ,X++                cc=c4 a=00 b=00 dp=00 x=4f32 y=000f u=a30c s=1ff2  dt=64
d351| edc1        STD   ,U++                cc=c4 a=00 b=00 dp=00 x=4f32 y=000f u=a30e s=1ff2  dt=64
d353| ec81        LDD   ,X++                cc=c4 a=00 b=00 dp=00 x=4f34 y=000f u=a30e s=1ff2  dt=64
d355| edc1        STD   ,U++                cc=c4 a=00 b=00 dp=00 x=4f34 y=000f u=a310 s=1ff2  dt=64
d357| 30890098    LEAX  $0098,X             cc=c0 a=00 b=00 dp=00 x=4fcc y=000f u=a310 s=1ff2  dt=64
d35b| 313f        LEAY  -1,Y                cc=c0 a=00 b=00 dp=00 x=4fcc y=000e u=a310 s=1ff2  dt=40
d35d| 26e8        BNE   $d347               cc=c0 a=00 b=00 dp=00 x=4fcc y=000e u=a310 s=1ff2  dt=24
d347| ec81        LDD   ,X++                cc=c4 a=00 b=00 dp=00 x=4fce y=000e u=a310 s=1ff2  dt=64
d349| edc1        STD   ,U++                cc=c4 a=00 b=00 dp=00 x=4fce y=000e u=a312 s=1ff2  dt=64
d34b| ec81        LDD   ,X++                cc=c4 a=00 b=00 dp=00 x=4fd0 y=000e u=a312 s=1ff2  dt=64
d34d| edc1        STD   ,U++                cc=c4 a=00 b=00 dp=00 x=4fd0 y=000e u=a314 s=1ff2  dt=64
d34f| ec81        LDD   ,X++                cc=c4 a=00 b=00 dp=00 x=4fd2 y=000e u=a314 s=1ff2  dt=64
d351| edc1        STD   ,U++                cc=c4 a=00 b=00 dp=00 x=4fd2 y=000e u=a316 s=1ff2  dt=64
d353| ec81        LDD   ,X++                cc=c4 a=00 b=00 dp=00 x=4fd4 y=000e u=a316 s=1ff2  dt=64
d355| edc1        STD   ,U++                cc=c4 a=00 b=00 dp=00 x=4fd4 y=000e u=a318 s=1ff2  dt=64
d357| 30890098    LEAX  $0098,X             cc=c0 a=00 b=00 dp=00 x=506c y=000e u=a318 s=1ff2  dt=64
d35b| 313f        LEAY  -1,Y                cc=c0 a=00 b=00 dp=00 x=506c y=000d u=a318 s=1ff2  dt=40
d35d| 26e8        BNE   $d347               cc=c0 a=00 b=00 dp=00 x=506c y=000d u=a318 s=1ff2  dt=24
d347| ec81        LDD   ,X++                cc=c4 a=00 b=00 dp=00 x=506e y=000d u=a318 s=1ff2  dt=64
d349| edc1        STD   ,U++                cc=c4 a=00 b=00 dp=00 x=506e y=000d u=a31a s=1ff2  dt=64
d34b| ec81        LDD   ,X++                cc=c4 a=00 b=00 dp=00 x=5070 y=000d u=a31a s=1ff2  dt=64
d34d| edc1        STD   ,U++                cc=c4 a=00 b=00 dp=00 x=5070 y=000d u=a31c s=1ff2  dt=64
d34f| ec81        LDD   ,X++                cc=c4 a=00 b=00 dp=00 x=5072 y=000d u=a31c s=1ff2  dt=64
d351| edc1        STD   ,U++                cc=c4 a=00 b=00 dp=00 x=5072 y=000d u=a31e s=1ff2  dt=64
d353| ec81        LDD   ,X++                cc=c4 a=00 b=00 dp=00 x=5074 y=000d u=a31e s=1ff2  dt=64
d355| edc1        STD   ,U++                cc=c4 a=00 b=00 dp=00 x=5074 y=000d u=a320 s=1ff2  dt=64
d357| 30890098    LEAX  $0098,X             cc=c0 a=00 b=00 dp=00 x=510c y=000d u=a320 s=1ff2  dt=64
d35b| 313f        LEAY  -1,Y                cc=c0 a=00 b=00 dp=00 x=510c y=000c u=a320 s=1ff2  dt=40
d35d| 26e8        BNE   $d347               cc=c0 a=00 b=00 dp=00 x=510c y=000c u=a320 s=1ff2  dt=24
d347| ec81        LDD   ,X++                cc=c4 a=00 b=00 dp=00 x=510e y=000c u=a320 s=1ff2  dt=64
d349| edc1        STD   ,U++                cc=c4 a=00 b=00 dp=00 x=510e y=000c u=a322 s=1ff2  dt=64
d34b| ec81        LDD   ,X++                cc=c4 a=00 b=00 dp=00 x=5110 y=000c u=a322 s=1ff2  dt=64
d34d| edc1        STD   ,U++                cc=c4 a=00 b=00 dp=00 x=5110 y=000c u=a324 s=1ff2  dt=64
d34f| ec81        LDD   ,X++                cc=c4 a=00 b=00 dp=00 x=5112 y=000c u=a324 s=1ff2  dt=64
d351| edc1        STD   ,U++                cc=c4 a=00 b=00 dp=00 x=5112 y=000c u=a326 s=1ff2  dt=64
d353| ec81        LDD   ,X++                cc=c4 a=00 b=00 dp=00 x=5114 y=000c u=a326 s=1ff2  dt=64
d355| edc1        STD   ,U++                cc=c4 a=00 b=00 dp=00 x=5114 y=000c u=a328 s=1ff2  dt=64
d357| 30890098    LEAX  $0098,X             cc=c0 a=00 b=00 dp=00 x=51ac y=000c u=a328 s=1ff2  dt=64
d35b| 313f        LEAY  -1,Y                cc=c0 a=00 b=00 dp=00 x=51ac y=000b u=a328 s=1ff2  dt=40
d35d| 26e8        BNE   $d347               cc=c0 a=00 b=00 dp=00 x=51ac y=000b u=a328 s=1ff2  dt=24
d347| ec81        LDD   ,X++                cc=c4 a=00 b=00 dp=00 x=51ae y=000b u=a328 s=1ff2  dt=64
d349| edc1        STD   ,U++                cc=c4 a=00 b=00 dp=00 x=51ae y=000b u=a32a s=1ff2  dt=64
d34b| ec81        LDD   ,X++                cc=c4 a=00 b=00 dp=00 x=51b0 y=000b u=a32a s=1ff2  dt=64
d34d| edc1        STD   ,U++                cc=c4 a=00 b=00 dp=00 x=51b0 y=000b u=a32c s=1ff2  dt=64
d34f| ec81        LDD   ,X++                cc=c4 a=00 b=00 dp=00 x=51b2 y=000b u=a32c s=1ff2  dt=64
d351| edc1        STD   ,U++                cc=c4 a=00 b=00 dp=00 x=51b2 y=000b u=a32e s=1ff2  dt=64
d353| ec81        LDD   ,X++                cc=c4 a=00 b=00 dp=00 x=51b4 y=000b u=a32e s=1ff2  dt=64
d355| edc1        STD   ,U++                cc=c4 a=00 b=00 dp=00 x=51b4 y=000b u=a330 s=1ff2  dt=64
d357| 30890098    LEAX  $0098,X             cc=c0 a=00 b=00 dp=00 x=524c y=000b u=a330 s=1ff2  dt=64
d35b| 313f        LEAY  -1,Y                cc=c0 a=00 b=00 dp=00 x=524c y=000a u=a330 s=1ff2  dt=40
d35d| 26e8        BNE   $d347               cc=c0 a=00 b=00 dp=00 x=524c y=000a u=a330 s=1ff2  dt=24
d347| ec81        LDD   ,X++                cc=c4 a=00 b=00 dp=00 x=524e y=000a u=a330 s=1ff2  dt=64
d349| edc1        STD   ,U++                cc=c4 a=00 b=00 dp=00 x=524e y=000a u=a332 s=1ff2  dt=64
d34b| ec81        LDD   ,X++                cc=c4 a=00 b=00 dp=00 x=5250 y=000a u=a332 s=1ff2  dt=64
d34d| edc1        STD   ,U++                cc=c4 a=00 b=00 dp=00 x=5250 y=000a u=a334 s=1ff2  dt=64
d34f| ec81        LDD   ,X++                cc=c8 a=b0 b=b0 dp=00 x=5252 y=000a u=a334 s=1ff2  dt=64
d351| edc1        STD   ,U++                cc=c8 a=b0 b=b0 dp=00 x=5252 y=000a u=a336 s=1ff2  dt=64
d353| ec81        LDD   ,X++                cc=c4 a=00 b=00 dp=00 x=5254 y=000a u=a336 s=1ff2  dt=64
d355| edc1        STD   ,U++                cc=c4 a=00 b=00 dp=00 x=5254 y=000a u=a338 s=1ff2  dt=64
d357| 30890098    LEAX  $0098,X             cc=c0 a=00 b=00 dp=00 x=52ec y=000a u=a338 s=1ff2  dt=64
d35b| 313f        LEAY  -1,Y                cc=c0 a=00 b=00 dp=00 x=52ec y=0009 u=a338 s=1ff2  dt=40
d35d| 26e8        BNE   $d347               cc=c0 a=00 b=00 dp=00 x=52ec y=0009 u=a338 s=1ff2  dt=24
d347| ec81        LDD   ,X++                cc=c4 a=00 b=00 dp=00 x=52ee y=0009 u=a338 s=1ff2  dt=64
d349| edc1        STD   ,U++                cc=c4 a=00 b=00 dp=00 x=52ee y=0009 u=a33a s=1ff2  dt=64
d34b| ec81        LDD   ,X++                cc=c4 a=00 b=00 dp=00 x=52f0 y=0009 u=a33a s=1ff2  dt=64
d34d| edc1        STD   ,U++                cc=c4 a=00 b=00 dp=00 x=52f0 y=0009 u=a33c s=1ff2  dt=64
d34f| ec81        LDD   ,X++                cc=c0 a=06 b=00 dp=00 x=52f2 y=0009 u=a33c s=1ff2  dt=64
d351| edc1        STD   ,U++                cc=c0 a=06 b=00 dp=00 x=52f2 y=0009 u=a33e s=1ff2  dt=64
d353| ec81        LDD   ,X++                cc=c4 a=00 b=00 dp=00 x=52f4 y=0009 u=a33e s=1ff2  dt=64
d355| edc1        STD   ,U++                cc=c4 a=00 b=00 dp=00 x=52f4 y=0009 u=a340 s=1ff2  dt=64
d357| 30890098    LEAX  $0098,X             cc=c0 a=00 b=00 dp=00 x=538c y=0009 u=a340 s=1ff2  dt=64
d35b| 313f        LEAY  -1,Y                cc=c0 a=00 b=00 dp=00 x=538c y=0008 u=a340 s=1ff2  dt=40
d35d| 26e8        BNE   $d347               cc=c0 a=00 b=00 dp=00 x=538c y=0008 u=a340 s=1ff2  dt=24
d347| ec81        LDD   ,X++                cc=c4 a=00 b=00 dp=00 x=538e y=0008 u=a340 s=1ff2  dt=64
d349| edc1        STD   ,U++                cc=c4 a=00 b=00 dp=00 x=538e y=0008 u=a342 s=1ff2  dt=64
d34b| ec81        LDD   ,X++                cc=c4 a=00 b=00 dp=00 x=5390 y=0008 u=a342 s=1ff2  dt=64
d34d| edc1        STD   ,U++                cc=c4 a=00 b=00 dp=00 x=5390 y=0008 u=a344 s=1ff2  dt=64
d34f| ec81        LDD   ,X++                cc=c8 a=b0 b=b0 dp=00 x=5392 y=0008 u=a344 s=1ff2  dt=64
d351| edc1        STD   ,U++                cc=c8 a=b0 b=b0 dp=00 x=5392 y=0008 u=a346 s=1ff2  dt=64
d353| ec81        LDD   ,X++                cc=c4 a=00 b=00 dp=00 x=5394 y=0008 u=a346 s=1ff2  dt=64
d355| edc1        STD   ,U++                cc=c4 a=00 b=00 dp=00 x=5394 y=0008 u=a348 s=1ff2  dt=64
d357| 30890098    LEAX  $0098,X             cc=c0 a=00 b=00 dp=00 x=542c y=0008 u=a348 s=1ff2  dt=64
d35b| 313f        LEAY  -1,Y                cc=c0 a=00 b=00 dp=00 x=542c y=0007 u=a348 s=1ff2  dt=40
d35d| 26e8        BNE   $d347               cc=c0 a=00 b=00 dp=00 x=542c y=0007 u=a348 s=1ff2  dt=24
d347| ec81        LDD   ,X++                cc=c4 a=00 b=00 dp=00 x=542e y=0007 u=a348 s=1ff2  dt=64
d349| edc1        STD   ,U++                cc=c4 a=00 b=00 dp=00 x=542e y=0007 u=a34a s=1ff2  dt=64
d34b| ec81        LDD   ,X++                cc=c4 a=00 b=00 dp=00 x=5430 y=0007 u=a34a s=1ff2  dt=64
d34d| edc1        STD   ,U++                cc=c4 a=00 b=00 dp=00 x=5430 y=0007 u=a34c s=1ff2  dt=64
d34f| ec81        LDD   ,X++                cc=c4 a=00 b=00 dp=00 x=5432 y=0007 u=a34c s=1ff2  dt=64
d351| edc1        STD   ,U++                cc=c4 a=00 b=00 dp=00 x=5432 y=0007 u=a34e s=1ff2  dt=64
d353| ec81        LDD   ,X++                cc=c4 a=00 b=00 dp=00 x=5434 y=0007 u=a34e s=1ff2  dt=64
d355| edc1        STD   ,U++                cc=c4 a=00 b=00 dp=00 x=5434 y=0007 u=a350 s=1ff2  dt=64
d357| 30890098    LEAX  $0098,X             cc=c0 a=00 b=00 dp=00 x=54cc y=0007 u=a350 s=1ff2  dt=64
d35b| 313f        LEAY  -1,Y                cc=c0 a=00 b=00 dp=00 x=54cc y=0006 u=a350 s=1ff2  dt=40
d35d| 26e8        BNE   $d347               cc=c0 a=00 b=00 dp=00 x=54cc y=0006 u=a350 s=1ff2  dt=24
d347| ec81        LDD   ,X++                cc=c4 a=00 b=00 dp=00 x=54ce y=0006 u=a350 s=1ff2  dt=64
d349| edc1        STD   ,U++                cc=c4 a=00 b=00 dp=00 x=54ce y=0006 u=a352 s=1ff2  dt=64
d34b| ec81        LDD   ,X++                cc=c4 a=00 b=00 dp=00 x=54d0 y=0006 u=a352 s=1ff2  dt=64
d34d| edc1        STD   ,U++                cc=c4 a=00 b=00 dp=00 x=54d0 y=0006 u=a354 s=1ff2  dt=64
d34f| ec81        LDD   ,X++                cc=c4 a=00 b=00 dp=00 x=54d2 y=0006 u=a354 s=1ff2  dt=64
d351| edc1        STD   ,U++                cc=c4 a=00 b=00 dp=00 x=54d2 y=0006 u=a356 s=1ff2  dt=64
d353| ec81        LDD   ,X++                cc=c4 a=00 b=00 dp=00 x=54d4 y=0006 u=a356 s=1ff2  dt=64
d355| edc1        STD   ,U++                cc=c4 a=00 b=00 dp=00 x=54d4 y=0006 u=a358 s=1ff2  dt=64
d357| 30890098    LEAX  $0098,X             cc=c0 a=00 b=00 dp=00 x=556c y=0006 u=a358 s=1ff2  dt=64
d35b| 313f        LEAY  -1,Y                cc=c0 a=00 b=00 dp=00 x=556c y=0005 u=a358 s=1ff2  dt=40
d35d| 26e8        BNE   $d347               cc=c0 a=00 b=00 dp=00 x=556c y=0005 u=a358 s=1ff2  dt=24
d347| ec81        LDD   ,X++                cc=c4 a=00 b=00 dp=00 x=556e y=0005 u=a358 s=1ff2  dt=64
d349| edc1        STD   ,U++                cc=c4 a=00 b=00 dp=00 x=556e y=0005 u=a35a s=1ff2  dt=64
d34b| ec81        LDD   ,X++                cc=c4 a=00 b=00 dp=00 x=5570 y=0005 u=a35a s=1ff2  dt=64
d34d| edc1        STD   ,U++                cc=c4 a=00 b=00 dp=00 x=5570 y=0005 u=a35c s=1ff2  dt=64
d34f| ec81        LDD   ,X++                cc=c4 a=00 b=00 dp=00 x=5572 y=0005 u=a35c s=1ff2  dt=64
d351| edc1        STD   ,U++                cc=c4 a=00 b=00 dp=00 x=5572 y=0005 u=a35e s=1ff2  dt=64
d353| ec81        LDD   ,X++                cc=c4 a=00 b=00 dp=00 x=5574 y=0005 u=a35e s=1ff2  dt=64
d355| edc1        STD   ,U++                cc=c4 a=00 b=00 dp=00 x=5574 y=0005 u=a360 s=1ff2  dt=64
d357| 30890098    LEAX  $0098,X             cc=c0 a=00 b=00 dp=00 x=560c y=0005 u=a360 s=1ff2  dt=64
d35b| 313f        LEAY  -1,Y                cc=c0 a=00 b=00 dp=00 x=560c y=0004 u=a360 s=1ff2  dt=40
d35d| 26e8        BNE   $d347               cc=c0 a=00 b=00 dp=00 x=560c y=0004 u=a360 s=1ff2  dt=24
d347| ec81        LDD   ,X++                cc=c4 a=00 b=00 dp=00 x=560e y=0004 u=a360 s=1ff2  dt=64
d349| edc1        STD   ,U++                cc=c4 a=00 b=00 dp=00 x=560e y=0004 u=a362 s=1ff2  dt=64
d34b| ec81        LDD   ,X++                cc=c4 a=00 b=00 dp=00 x=5610 y=0004 u=a362 s=1ff2  dt=64
d34d| edc1        STD   ,U++                cc=c4 a=00 b=00 dp=00 x=5610 y=0004 u=a364 s=1ff2  dt=64
d34f| ec81        LDD   ,X++                cc=c4 a=00 b=00 dp=00 x=5612 y=0004 u=a364 s=1ff2  dt=64
d351| edc1        STD   ,U++                cc=c4 a=00 b=00 dp=00 x=5612 y=0004 u=a366 s=1ff2  dt=64
d353| ec81        LDD   ,X++                cc=c4 a=00 b=00 dp=00 x=5614 y=0004 u=a366 s=1ff2  dt=64
d355| edc1        STD   ,U++                cc=c4 a=00 b=00 dp=00 x=5614 y=0004 u=a368 s=1ff2  dt=64
d357| 30890098    LEAX  $0098,X             cc=c0 a=00 b=00 dp=00 x=56ac y=0004 u=a368 s=1ff2  dt=64
d35b| 313f        LEAY  -1,Y                cc=c0 a=00 b=00 dp=00 x=56ac y=0003 u=a368 s=1ff2  dt=40
d35d| 26e8        BNE   $d347               cc=c0 a=00 b=00 dp=00 x=56ac y=0003 u=a368 s=1ff2  dt=24
d347| ec81        LDD   ,X++                cc=c4 a=00 b=00 dp=00 x=56ae y=0003 u=a368 s=1ff2  dt=64
d349| edc1        STD   ,U++                cc=c4 a=00 b=00 dp=00 x=56ae y=0003 u=a36a s=1ff2  dt=64
d34b| ec81        LDD   ,X++                cc=c4 a=00 b=00 dp=00 x=56b0 y=0003 u=a36a s=1ff2  dt=64
d34d| edc1        STD   ,U++                cc=c4 a=00 b=00 dp=00 x=56b0 y=0003 u=a36c s=1ff2  dt=64
d34f| ec81        LDD   ,X++                cc=c4 a=00 b=00 dp=00 x=56b2 y=0003 u=a36c s=1ff2  dt=64
d351| edc1        STD   ,U++                cc=c4 a=00 b=00 dp=00 x=56b2 y=0003 u=a36e s=1ff2  dt=64
d353| ec81        LDD   ,X++                cc=c4 a=00 b=00 dp=00 x=56b4 y=0003 u=a36e s=1ff2  dt=64
d355| edc1        STD   ,U++                cc=c4 a=00 b=00 dp=00 x=56b4 y=0003 u=a370 s=1ff2  dt=64
d357| 30890098    LEAX  $0098,X             cc=c0 a=00 b=00 dp=00 x=574c y=0003 u=a370 s=1ff2  dt=64
d35b| 313f        LEAY  -1,Y                cc=c0 a=00 b=00 dp=00 x=574c y=0002 u=a370 s=1ff2  dt=40
d35d| 26e8        BNE   $d347               cc=c0 a=00 b=00 dp=00 x=574c y=0002 u=a370 s=1ff2  dt=24
d347| ec81        LDD   ,X++                cc=c0 a=44 b=00 dp=00 x=574e y=0002 u=a370 s=1ff2  dt=64
d349| edc1        STD   ,U++                cc=c0 a=44 b=00 dp=00 x=574e y=0002 u=a372 s=1ff2  dt=64
d34b| ec81        LDD   ,X++                cc=c4 a=00 b=00 dp=00 x=5750 y=0002 u=a372 s=1ff2  dt=64
d34d| edc1        STD   ,U++                cc=c4 a=00 b=00 dp=00 x=5750 y=0002 u=a374 s=1ff2  dt=64
d34f| ec81        LDD   ,X++                cc=c4 a=00 b=00 dp=00 x=5752 y=0002 u=a374 s=1ff2  dt=64
d351| edc1        STD   ,U++                cc=c4 a=00 b=00 dp=00 x=5752 y=0002 u=a376 s=1ff2  dt=64
d353| ec81        LDD   ,X++                cc=c4 a=00 b=00 dp=00 x=5754 y=0002 u=a376 s=1ff2  dt=64
d355| edc1        STD   ,U++                cc=c4 a=00 b=00 dp=00 x=5754 y=0002 u=a378 s=1ff2  dt=64
d357| 30890098    LEAX  $0098,X             cc=c0 a=00 b=00 dp=00 x=57ec y=0002 u=a378 s=1ff2  dt=64
d35b| 313f        LEAY  -1,Y                cc=c0 a=00 b=00 dp=00 x=57ec y=0001 u=a378 s=1ff2  dt=40
d35d| 26e8        BNE   $d347               cc=c0 a=00 b=00 dp=00 x=57ec y=0001 u=a378 s=1ff2  dt=24
d347| ec81        LDD   ,X++                cc=c0 a=44 b=00 dp=00 x=57ee y=0001 u=a378 s=1ff2  dt=64
d349| edc1        STD   ,U++                cc=c0 a=44 b=00 dp=00 x=57ee y=0001 u=a37a s=1ff2  dt=64
d34b| ec81        LDD   ,X++                cc=c0 a=00 b=cc dp=00 x=57f0 y=0001 u=a37a s=1ff2  dt=64
d34d| edc1        STD   ,U++                cc=c0 a=00 b=cc dp=00 x=57f0 y=0001 u=a37c s=1ff2  dt=64
d34f| ec81        LDD   ,X++                cc=c0 a=00 b=cc dp=00 x=57f2 y=0001 u=a37c s=1ff2  dt=64
d351| edc1        STD   ,U++                cc=c0 a=00 b=cc dp=00 x=57f2 y=0001 u=a37e s=1ff2  dt=64
d353| ec81        LDD   ,X++                cc=c4 a=00 b=00 dp=00 x=57f4 y=0001 u=a37e s=1ff2  dt=64
d355| edc1        STD   ,U++                cc=c4 a=00 b=00 dp=00 x=57f4 y=0001 u=a380 s=1ff2  dt=64
d357| 30890098    LEAX  $0098,X             cc=c0 a=00 b=00 dp=00 x=588c y=0001 u=a380 s=1ff2  dt=64
d35b| 313f        LEAY  -1,Y                cc=c4 a=00 b=00 dp=00 x=588c y=0000 u=a380 s=1ff2  dt=40
d35d| 26e8        BNE   $d347               cc=c4 a=00 b=00 dp=00 x=588c y=0000 u=a380 s=1ff2  dt=24
d35f| 8601        LDA   #$01                cc=c0 a=01 b=00 dp=00 x=588c y=0000 u=a380 s=1ff2  dt=16
d361| 976a        STA   <$6a                cc=c0 a=01 b=00 dp=00 x=588c y=0000 u=a380 s=1ff2  dt=32
d363| 39          RTS                       cc=c0 a=01 b=00 dp=00 x=588c y=0000 u=a380 s=1ff4  dt=40
d23f| 9e0b        LDX   <$0b                cc=c0 a=01 b=00 dp=00 x=4e8c y=0000 u=a380 s=1ff4  dt=40
d241| bd0812      JSR   $0812               cc=c0 a=01 b=00 dp=00 x=4e8c y=0000 u=a380 s=1ff2  dt=64
0812| 7e161f      JMP   $161f               cc=c0 a=01 b=00 dp=00 x=4e8c y=0000 u=a380 s=1ff2  dt=32
161f| 9607        LDA   <$07                cc=c4 a=00 b=00 dp=00 x=4e8c y=0000 u=a380 s=1ff2  dt=32
1621| 48          LSLA                      cc=c4 a=00 b=00 dp=00 x=4e8c y=0000 u=a380 s=1ff2  dt=16
1622| 48          LSLA                      cc=c4 a=00 b=00 dp=00 x=4e8c y=0000 u=a380 s=1ff2  dt=16
1623| 9b4f        ADDA  <$4f                cc=c0 a=03 b=00 dp=00 x=4e8c y=0000 u=a380 s=1ff2  dt=32
1625| 170014      LBSR  $163c               cc=c0 a=03 b=00 dp=00 x=4e8c y=0000 u=a380 s=1ff0  dt=72
163c| c603        LDB   #$03                cc=c0 a=03 b=03 dp=00 x=4e8c y=0000 u=a380 s=1ff0  dt=16
163e| 3d          MUL                       cc=c0 a=00 b=09 dp=00 x=4e8c y=0000 u=a380 s=1ff0  dt=88
163f| ce0680      LDU   #$0680              cc=c0 a=00 b=09 dp=00 x=4e8c y=0000 u=0680 s=1ff0  dt=24
1642| 33cb        LEAU  D,U                 cc=c0 a=00 b=09 dp=00 x=4e8c y=0000 u=0689 s=1ff0  dt=64
1644| a6c4        LDA   ,U                  cc=c0 a=39 b=09 dp=00 x=4e8c y=0000 u=0689 s=1ff0  dt=32
1646| b7ffa5      STA   $ffa5               cc=c0 a=39 b=09 dp=00 x=4e8c y=0000 u=0689 s=1ff0  dt=40
1649| ee41        LDU   1,U                 cc=c8 a=39 b=09 dp=00 x=4e8c y=0000 u=a1f1 s=1ff0  dt=48
164b| 39          RTS                       cc=c8 a=39 b=09 dp=00 x=4e8c y=0000 u=a1f1 s=1ff2  dt=40
1628| 170021      LBSR  $164c               cc=c8 a=39 b=09 dp=00 x=4e8c y=0000 u=a1f1 s=1ff0  dt=72
164c| 200d        BRA   $165b               cc=c8 a=39 b=09 dp=00 x=4e8c y=0000 u=a1f1 s=1ff0  dt=24
165b| e6c0        LDB   ,U+                 cc=c8 a=39 b=a3 dp=00 x=4e8c y=0000 u=a1f2 s=1ff0  dt=48
165d| c1ff        CMPB  #$ff                cc=c9 a=39 b=a3 dp=00 x=4e8c y=0000 u=a1f2 s=1ff0  dt=16
165f| 274a        BEQ   $16ab               cc=c9 a=39 b=a3 dp=00 x=4e8c y=0000 u=a1f2 s=1ff0  dt=24
1661| 3a          ABX                       cc=c9 a=39 b=a3 dp=00 x=4f2f y=0000 u=a1f2 s=1ff0  dt=24
1662| e6c0        LDB   ,U+                 cc=c9 a=39 b=81 dp=00 x=4f2f y=0000 u=a1f3 s=1ff0  dt=48
1664| 2be8        BMI   $164e               cc=c9 a=39 b=81 dp=00 x=4f2f y=0000 u=a1f3 s=1ff0  dt=24
164e| c47f        ANDB  #$7f                cc=c1 a=39 b=01 dp=00 x=4f2f y=0000 u=a1f3 s=1ff0  dt=16
1650| a6c0        LDA   ,U+                 cc=c9 a=f0 b=01 dp=00 x=4f2f y=0000 u=a1f4 s=1ff0  dt=48
1652| a484        ANDA  ,X                  cc=c5 a=00 b=01 dp=00 x=4f2f y=0000 u=a1f4 s=1ff0  dt=32
1654| aac0        ORA   ,U+                 cc=c1 a=05 b=01 dp=00 x=4f2f y=0000 u=a1f5 s=1ff0  dt=48
1656| a780        STA   ,X+                 cc=c1 a=05 b=01 dp=00 x=4f30 y=0000 u=a1f5 s=1ff0  dt=48
1658| 5a          DECB                      cc=c5 a=05 b=00 dp=00 x=4f30 y=0000 u=a1f5 s=1ff0  dt=16
1659| 26f5        BNE   $1650               cc=c5 a=05 b=00 dp=00 x=4f30 y=0000 u=a1f5 s=1ff0  dt=24
165b| e6c0        LDB   ,U+                 cc=c1 a=05 b=01 dp=00 x=4f30 y=0000 u=a1f6 s=1ff0  dt=48
165d| c1ff        CMPB  #$ff                cc=c1 a=05 b=01 dp=00 x=4f30 y=0000 u=a1f6 s=1ff0  dt=16
165f| 274a        BEQ   $16ab               cc=c1 a=05 b=01 dp=00 x=4f30 y=0000 u=a1f6 s=1ff0  dt=24
1661| 3a          ABX                       cc=c1 a=05 b=01 dp=00 x=4f31 y=0000 u=a1f6 s=1ff0  dt=24
1662| e6c0        LDB   ,U+                 cc=c9 a=05 b=81 dp=00 x=4f31 y=0000 u=a1f7 s=1ff0  dt=48
1664| 2be8        BMI   $164e               cc=c9 a=05 b=81 dp=00 x=4f31 y=0000 u=a1f7 s=1ff0  dt=24
164e| c47f        ANDB  #$7f                cc=c1 a=05 b=01 dp=00 x=4f31 y=0000 u=a1f7 s=1ff0  dt=16
1650| a6c0        LDA   ,U+                 cc=c1 a=0f b=01 dp=00 x=4f31 y=0000 u=a1f8 s=1ff0  dt=48
1652| a484        ANDA  ,X                  cc=c5 a=00 b=01 dp=00 x=4f31 y=0000 u=a1f8 s=1ff0  dt=32
1654| aac0        ORA   ,U+                 cc=c1 a=50 b=01 dp=00 x=4f31 y=0000 u=a1f9 s=1ff0  dt=48
1656| a780        STA   ,X+                 cc=c1 a=50 b=01 dp=00 x=4f32 y=0000 u=a1f9 s=1ff0  dt=48
1658| 5a          DECB                      cc=c5 a=50 b=00 dp=00 x=4f32 y=0000 u=a1f9 s=1ff0  dt=16
1659| 26f5        BNE   $1650               cc=c5 a=50 b=00 dp=00 x=4f32 y=0000 u=a1f9 s=1ff0  dt=24
165b| e6c0        LDB   ,U+                 cc=c9 a=50 b=9e dp=00 x=4f32 y=0000 u=a1fa s=1ff0  dt=48
165d| c1ff        CMPB  #$ff                cc=c9 a=50 b=9e dp=00 x=4f32 y=0000 u=a1fa s=1ff0  dt=16
165f| 274a        BEQ   $16ab               cc=c9 a=50 b=9e dp=00 x=4f32 y=0000 u=a1fa s=1ff0  dt=24
1661| 3a          ABX                       cc=c9 a=50 b=9e dp=00 x=4fd0 y=0000 u=a1fa s=1ff0  dt=24
1662| e6c0        LDB   ,U+                 cc=c1 a=50 b=01 dp=00 x=4fd0 y=0000 u=a1fb s=1ff0  dt=48
1664| 2be8        BMI   $164e               cc=c1 a=50 b=01 dp=00 x=4fd0 y=0000 u=a1fb s=1ff0  dt=24
1666| c105        CMPB  #$05                cc=c9 a=50 b=01 dp=00 x=4fd0 y=0000 u=a1fb s=1ff0  dt=16
1668| 271b        BEQ   $1685               cc=c9 a=50 b=01 dp=00 x=4fd0 y=0000 u=a1fb s=1ff0  dt=24
166a| c104        CMPB  #$04                cc=c9 a=50 b=01 dp=00 x=4fd0 y=0000 u=a1fb s=1ff0  dt=16
166c| 250f        BCS   $167d               cc=c9 a=50 b=01 dp=00 x=4fd0 y=0000 u=a1fb s=1ff0  dt=24
167d| c102        CMPB  #$02                cc=c9 a=50 b=01 dp=00 x=4fd0 y=0000 u=a1fb s=1ff0  dt=16
167f| 2724        BEQ   $16a5               cc=c9 a=50 b=01 dp=00 x=4fd0 y=0000 u=a1fb s=1ff0  dt=24
1681| 250a        BCS   $168d               cc=c9 a=50 b=01 dp=00 x=4fd0 y=0000 u=a1fb s=1ff0  dt=24
168d| a6c0        LDA   ,U+                 cc=c1 a=55 b=01 dp=00 x=4fd0 y=0000 u=a1fc s=1ff0  dt=48
168f| a780        STA   ,X+                 cc=c1 a=55 b=01 dp=00 x=4fd1 y=0000 u=a1fc s=1ff0  dt=48
1691| 20c8        BRA   $165b               cc=c1 a=55 b=01 dp=00 x=4fd1 y=0000 u=a1fc s=1ff0  dt=24
165b| e6c0        LDB   ,U+                 cc=c9 a=55 b=9e dp=00 x=4fd1 y=0000 u=a1fd s=1ff0  dt=48
165d| c1ff        CMPB  #$ff                cc=c9 a=55 b=9e dp=00 x=4fd1 y=0000 u=a1fd s=1ff0  dt=16
165f| 274a        BEQ   $16ab               cc=c9 a=55 b=9e dp=00 x=4fd1 y=0000 u=a1fd s=1ff0  dt=24
1661| 3a          ABX                       cc=c9 a=55 b=9e dp=00 x=506f y=0000 u=a1fd s=1ff0  dt=24
1662| e6c0        LDB   ,U+                 cc=c1 a=55 b=03 dp=00 x=506f y=0000 u=a1fe s=1ff0  dt=48
1664| 2be8        BMI   $164e               cc=c1 a=55 b=03 dp=00 x=506f y=0000 u=a1fe s=1ff0  dt=24
1666| c105        CMPB  #$05                cc=c9 a=55 b=03 dp=00 x=506f y=0000 u=a1fe s=1ff0  dt=16
1668| 271b        BEQ   $1685               cc=c9 a=55 b=03 dp=00 x=506f y=0000 u=a1fe s=1ff0  dt=24
166a| c104        CMPB  #$04                cc=c9 a=55 b=03 dp=00 x=506f y=0000 u=a1fe s=1ff0  dt=16
166c| 250f        BCS   $167d               cc=c9 a=55 b=03 dp=00 x=506f y=0000 u=a1fe s=1ff0  dt=24
167d| c102        CMPB  #$02                cc=c0 a=55 b=03 dp=00 x=506f y=0000 u=a1fe s=1ff0  dt=16
167f| 2724        BEQ   $16a5               cc=c0 a=55 b=03 dp=00 x=506f y=0000 u=a1fe s=1ff0  dt=24
1681| 250a        BCS   $168d               cc=c0 a=55 b=03 dp=00 x=506f y=0000 u=a1fe s=1ff0  dt=24
1683| 2004        BRA   $1689               cc=c0 a=55 b=03 dp=00 x=506f y=0000 u=a1fe s=1ff0  dt=24
1689| ecc1        LDD   ,U++                cc=c0 a=25 b=55 dp=00 x=506f y=0000 u=a200 s=1ff0  dt=64
168b| ed81        STD   ,X++                cc=c0 a=25 b=55 dp=00 x=5071 y=0000 u=a200 s=1ff0  dt=64
168d| a6c0        LDA   ,U+                 cc=c0 a=52 b=55 dp=00 x=5071 y=0000 u=a201 s=1ff0  dt=48
168f| a780        STA   ,X+                 cc=c0 a=52 b=55 dp=00 x=5072 y=0000 u=a201 s=1ff0  dt=48
1691| 20c8        BRA   $165b               cc=c0 a=52 b=55 dp=00 x=5072 y=0000 u=a201 s=1ff0  dt=24
165b| e6c0        LDB   ,U+                 cc=c8 a=52 b=9c dp=00 x=5072 y=0000 u=a202 s=1ff0  dt=48
165d| c1ff        CMPB  #$ff                cc=c9 a=52 b=9c dp=00 x=5072 y=0000 u=a202 s=1ff0  dt=16
165f| 274a        BEQ   $16ab               cc=c9 a=52 b=9c dp=00 x=5072 y=0000 u=a202 s=1ff0  dt=24
1661| 3a          ABX                       cc=c9 a=52 b=9c dp=00 x=510e y=0000 u=a202 s=1ff0  dt=24
1662| e6c0        LDB   ,U+                 cc=c9 a=52 b=81 dp=00 x=510e y=0000 u=a203 s=1ff0  dt=48
1664| 2be8        BMI   $164e               cc=c9 a=52 b=81 dp=00 x=510e y=0000 u=a203 s=1ff0  dt=24
164e| c47f        ANDB  #$7f                cc=c1 a=52 b=01 dp=00 x=510e y=0000 u=a203 s=1ff0  dt=16
1650| a6c0        LDA   ,U+                 cc=c9 a=f0 b=01 dp=00 x=510e y=0000 u=a204 s=1ff0  dt=48
1652| a484        ANDA  ,X                  cc=c5 a=00 b=01 dp=00 x=510e y=0000 u=a204 s=1ff0  dt=32
1654| aac0        ORA   ,U+                 cc=c1 a=0c b=01 dp=00 x=510e y=0000 u=a205 s=1ff0  dt=48
1656| a780        STA   ,X+                 cc=c1 a=0c b=01 dp=00 x=510f y=0000 u=a205 s=1ff0  dt=48
1658| 5a          DECB                      cc=c5 a=0c b=00 dp=00 x=510f y=0000 u=a205 s=1ff0  dt=16
1659| 26f5        BNE   $1650               cc=c5 a=0c b=00 dp=00 x=510f y=0000 u=a205 s=1ff0  dt=24
165b| e6c0        LDB   ,U+                 cc=c5 a=0c b=00 dp=00 x=510f y=0000 u=a206 s=1ff0  dt=48
165d| c1ff        CMPB  #$ff                cc=c1 a=0c b=00 dp=00 x=510f y=0000 u=a206 s=1ff0  dt=16
165f| 274a        BEQ   $16ab               cc=c1 a=0c b=00 dp=00 x=510f y=0000 u=a206 s=1ff0  dt=24
1661| 3a          ABX                       cc=c1 a=0c b=00 dp=00 x=510f y=0000 u=a206 s=1ff0  dt=24
1662| e6c0        LDB   ,U+                 cc=c1 a=0c b=03 dp=00 x=510f y=0000 u=a207 s=1ff0  dt=48
1664| 2be8        BMI   $164e               cc=c1 a=0c b=03 dp=00 x=510f y=0000 u=a207 s=1ff0  dt=24
1666| c105        CMPB  #$05                cc=c9 a=0c b=03 dp=00 x=510f y=0000 u=a207 s=1ff0  dt=16
1668| 271b        BEQ   $1685               cc=c9 a=0c b=03 dp=00 x=510f y=0000 u=a207 s=1ff0  dt=24
166a| c104        CMPB  #$04                cc=c9 a=0c b=03 dp=00 x=510f y=0000 u=a207 s=1ff0  dt=16
166c| 250f        BCS   $167d               cc=c9 a=0c b=03 dp=00 x=510f y=0000 u=a207 s=1ff0  dt=24
167d| c102        CMPB  #$02                cc=c0 a=0c b=03 dp=00 x=510f y=0000 u=a207 s=1ff0  dt=16
167f| 2724        BEQ   $16a5               cc=c0 a=0c b=03 dp=00 x=510f y=0000 u=a207 s=1ff0  dt=24
1681| 250a        BCS   $168d               cc=c0 a=0c b=03 dp=00 x=510f y=0000 u=a207 s=1ff0  dt=24
1683| 2004        BRA   $1689               cc=c0 a=0c b=03 dp=00 x=510f y=0000 u=a207 s=1ff0  dt=24
1689| ecc1        LDD   ,U++                cc=c8 a=cc b=cc dp=00 x=510f y=0000 u=a209 s=1ff0  dt=64
168b| ed81        STD   ,X++                cc=c8 a=cc b=cc dp=00 x=5111 y=0000 u=a209 s=1ff0  dt=64
168d| a6c0        LDA   ,U+                 cc=c8 a=cc b=cc dp=00 x=5111 y=0000 u=a20a s=1ff0  dt=48
168f| a780        STA   ,X+                 cc=c8 a=cc b=cc dp=00 x=5112 y=0000 u=a20a s=1ff0  dt=48
1691| 20c8        BRA   $165b               cc=c8 a=cc b=cc dp=00 x=5112 y=0000 u=a20a s=1ff0  dt=24
165b| e6c0        LDB   ,U+                 cc=c4 a=cc b=00 dp=00 x=5112 y=0000 u=a20b s=1ff0  dt=48
165d| c1ff        CMPB  #$ff                cc=c1 a=cc b=00 dp=00 x=5112 y=0000 u=a20b s=1ff0  dt=16
165f| 274a        BEQ   $16ab               cc=c1 a=cc b=00 dp=00 x=5112 y=0000 u=a20b s=1ff0  dt=24
1661| 3a          ABX                       cc=c1 a=cc b=00 dp=00 x=5112 y=0000 u=a20b s=1ff0  dt=24
1662| e6c0        LDB   ,U+                 cc=c9 a=cc b=81 dp=00 x=5112 y=0000 u=a20c s=1ff0  dt=48
1664| 2be8        BMI   $164e               cc=c9 a=cc b=81 dp=00 x=5112 y=0000 u=a20c s=1ff0  dt=24
164e| c47f        ANDB  #$7f                cc=c1 a=cc b=01 dp=00 x=5112 y=0000 u=a20c s=1ff0  dt=16
1650| a6c0        LDA   ,U+                 cc=c1 a=0f b=01 dp=00 x=5112 y=0000 u=a20d s=1ff0  dt=48
1652| a484        ANDA  ,X                  cc=c5 a=00 b=01 dp=00 x=5112 y=0000 u=a20d s=1ff0  dt=32
1654| aac0        ORA   ,U+                 cc=c9 a=c0 b=01 dp=00 x=5112 y=0000 u=a20e s=1ff0  dt=48
1656| a780        STA   ,X+                 cc=c9 a=c0 b=01 dp=00 x=5113 y=0000 u=a20e s=1ff0  dt=48
1658| 5a          DECB                      cc=c5 a=c0 b=00 dp=00 x=5113 y=0000 u=a20e s=1ff0  dt=16
1659| 26f5        BNE   $1650               cc=c5 a=c0 b=00 dp=00 x=5113 y=0000 u=a20e s=1ff0  dt=24
165b| e6c0        LDB   ,U+                 cc=c9 a=c0 b=9b dp=00 x=5113 y=0000 u=a20f s=1ff0  dt=48
165d| c1ff        CMPB  #$ff                cc=c9 a=c0 b=9b dp=00 x=5113 y=0000 u=a20f s=1ff0  dt=16
165f| 274a        BEQ   $16ab               cc=c9 a=c0 b=9b dp=00 x=5113 y=0000 u=a20f s=1ff0  dt=24
1661| 3a          ABX                       cc=c9 a=c0 b=9b dp=00 x=51ae y=0000 u=a20f s=1ff0  dt=24
1662| e6c0        LDB   ,U+                 cc=c1 a=c0 b=05 dp=00 x=51ae y=0000 u=a210 s=1ff0  dt=48
1664| 2be8        BMI   $164e               cc=c1 a=c0 b=05 dp=00 x=51ae y=0000 u=a210 s=1ff0  dt=24
1666| c105        CMPB  #$05                cc=c4 a=c0 b=05 dp=00 x=51ae y=0000 u=a210 s=1ff0  dt=16
1668| 271b        BEQ   $1685               cc=c4 a=c0 b=05 dp=00 x=51ae y=0000 u=a210 s=1ff0  dt=24
1685| ecc1        LDD   ,U++                cc=c8 a=cc b=cc dp=00 x=51ae y=0000 u=a212 s=1ff0  dt=64
1687| ed81        STD   ,X++                cc=c8 a=cc b=cc dp=00 x=51b0 y=0000 u=a212 s=1ff0  dt=64
1689| ecc1        LDD   ,U++                cc=c8 a=cc b=cc dp=00 x=51b0 y=0000 u=a214 s=1ff0  dt=64
168b| ed81        STD   ,X++                cc=c8 a=cc b=cc dp=00 x=51b2 y=0000 u=a214 s=1ff0  dt=64
168d| a6c0        LDA   ,U+                 cc=c8 a=cc b=cc dp=00 x=51b2 y=0000 u=a215 s=1ff0  dt=48
168f| a780        STA   ,X+                 cc=c8 a=cc b=cc dp=00 x=51b3 y=0000 u=a215 s=1ff0  dt=48
1691| 20c8        BRA   $165b               cc=c8 a=cc b=cc dp=00 x=51b3 y=0000 u=a215 s=1ff0  dt=24
165b| e6c0        LDB   ,U+                 cc=c8 a=cc b=9a dp=00 x=51b3 y=0000 u=a216 s=1ff0  dt=48
165d| c1ff        CMPB  #$ff                cc=c9 a=cc b=9a dp=00 x=51b3 y=0000 u=a216 s=1ff0  dt=16
165f| 274a        BEQ   $16ab               cc=c9 a=cc b=9a dp=00 x=51b3 y=0000 u=a216 s=1ff0  dt=24
1661| 3a          ABX                       cc=c9 a=cc b=9a dp=00 x=524d y=0000 u=a216 s=1ff0  dt=24
1662| e6c0        LDB   ,U+                 cc=c9 a=cc b=81 dp=00 x=524d y=0000 u=a217 s=1ff0  dt=48
1664| 2be8        BMI   $164e               cc=c9 a=cc b=81 dp=00 x=524d y=0000 u=a217 s=1ff0  dt=24
164e| c47f        ANDB  #$7f                cc=c1 a=cc b=01 dp=00 x=524d y=0000 u=a217 s=1ff0  dt=16
1650| a6c0        LDA   ,U+                 cc=c9 a=f0 b=01 dp=00 x=524d y=0000 u=a218 s=1ff0  dt=48
1652| a484        ANDA  ,X                  cc=c5 a=00 b=01 dp=00 x=524d y=0000 u=a218 s=1ff0  dt=32
1654| aac0        ORA   ,U+                 cc=c1 a=0c b=01 dp=00 x=524d y=0000 u=a219 s=1ff0  dt=48
1656| a780        STA   ,X+                 cc=c1 a=0c b=01 dp=00 x=524e y=0000 u=a219 s=1ff0  dt=48
1658| 5a          DECB                      cc=c5 a=0c b=00 dp=00 x=524e y=0000 u=a219 s=1ff0  dt=16
1659| 26f5        BNE   $1650               cc=c5 a=0c b=00 dp=00 x=524e y=0000 u=a219 s=1ff0  dt=24
165b| e6c0        LDB   ,U+                 cc=c5 a=0c b=00 dp=00 x=524e y=0000 u=a21a s=1ff0  dt=48
165d| c1ff        CMPB  #$ff                cc=c1 a=0c b=00 dp=00 x=524e y=0000 u=a21a s=1ff0  dt=16
165f| 274a        BEQ   $16ab               cc=c1 a=0c b=00 dp=00 x=524e y=0000 u=a21a s=1ff0  dt=24
1661| 3a          ABX                       cc=c1 a=0c b=00 dp=00 x=524e y=0000 u=a21a s=1ff0  dt=24
1662| e6c0        LDB   ,U+                 cc=c1 a=0c b=05 dp=00 x=524e y=0000 u=a21b s=1ff0  dt=48
1664| 2be8        BMI   $164e               cc=c1 a=0c b=05 dp=00 x=524e y=0000 u=a21b s=1ff0  dt=24
1666| c105        CMPB  #$05                cc=c4 a=0c b=05 dp=00 x=524e y=0000 u=a21b s=1ff0  dt=16
1668| 271b        BEQ   $1685               cc=c4 a=0c b=05 dp=00 x=524e y=0000 u=a21b s=1ff0  dt=24
1685| ecc1        LDD   ,U++                cc=c8 a=cc b=cc dp=00 x=524e y=0000 u=a21d s=1ff0  dt=64
1687| ed81        STD   ,X++                cc=c8 a=cc b=cc dp=00 x=5250 y=0000 u=a21d s=1ff0  dt=64
1689| ecc1        LDD   ,U++                cc=c8 a=cc b=cc dp=00 x=5250 y=0000 u=a21f s=1ff0  dt=64
168b| ed81        STD   ,X++                cc=c8 a=cc b=cc dp=00 x=5252 y=0000 u=a21f s=1ff0  dt=64
168d| a6c0        LDA   ,U+                 cc=c8 a=cc b=cc dp=00 x=5252 y=0000 u=a220 s=1ff0  dt=48
168f| a780        STA   ,X+                 cc=c8 a=cc b=cc dp=00 x=5253 y=0000 u=a220 s=1ff0  dt=48
1691| 20c8        BRA   $165b               cc=c8 a=cc b=cc dp=00 x=5253 y=0000 u=a220 s=1ff0  dt=24
165b| e6c0        LDB   ,U+                 cc=c4 a=cc b=00 dp=00 x=5253 y=0000 u=a221 s=1ff0  dt=48
165d| c1ff        CMPB  #$ff                cc=c1 a=cc b=00 dp=00 x=5253 y=0000 u=a221 s=1ff0  dt=16
165f| 274a        BEQ   $16ab               cc=c1 a=cc b=00 dp=00 x=5253 y=0000 u=a221 s=1ff0  dt=24
1661| 3a          ABX                       cc=c1 a=cc b=00 dp=00 x=5253 y=0000 u=a221 s=1ff0  dt=24
1662| e6c0        LDB   ,U+                 cc=c9 a=cc b=81 dp=00 x=5253 y=0000 u=a222 s=1ff0  dt=48
1664| 2be8        BMI   $164e               cc=c9 a=cc b=81 dp=00 x=5253 y=0000 u=a222 s=1ff0  dt=24
164e| c47f        ANDB  #$7f                cc=c1 a=cc b=01 dp=00 x=5253 y=0000 u=a222 s=1ff0  dt=16
1650| a6c0        LDA   ,U+                 cc=c1 a=0f b=01 dp=00 x=5253 y=0000 u=a223 s=1ff0  dt=48
1652| a484        ANDA  ,X                  cc=c5 a=00 b=01 dp=00 x=5253 y=0000 u=a223 s=1ff0  dt=32
1654| aac0        ORA   ,U+                 cc=c9 a=c0 b=01 dp=00 x=5253 y=0000 u=a224 s=1ff0  dt=48
1656| a780        STA   ,X+                 cc=c9 a=c0 b=01 dp=00 x=5254 y=0000 u=a224 s=1ff0  dt=48
1658| 5a          DECB                      cc=c5 a=c0 b=00 dp=00 x=5254 y=0000 u=a224 s=1ff0  dt=16
1659| 26f5        BNE   $1650               cc=c5 a=c0 b=00 dp=00 x=5254 y=0000 u=a224 s=1ff0  dt=24
165b| e6c0        LDB   ,U+                 cc=c9 a=c0 b=99 dp=00 x=5254 y=0000 u=a225 s=1ff0  dt=48
165d| c1ff        CMPB  #$ff                cc=c9 a=c0 b=99 dp=00 x=5254 y=0000 u=a225 s=1ff0  dt=16
165f| 274a        BEQ   $16ab               cc=c9 a=c0 b=99 dp=00 x=5254 y=0000 u=a225 s=1ff0  dt=24
1661| 3a          ABX                       cc=c9 a=c0 b=99 dp=00 x=52ed y=0000 u=a225 s=1ff0  dt=24
1662| e6c0        LDB   ,U+                 cc=c9 a=c0 b=81 dp=00 x=52ed y=0000 u=a226 s=1ff0  dt=48
1664| 2be8        BMI   $164e               cc=c9 a=c0 b=81 dp=00 x=52ed y=0000 u=a226 s=1ff0  dt=24
164e| c47f        ANDB  #$7f                cc=c1 a=c0 b=01 dp=00 x=52ed y=0000 u=a226 s=1ff0  dt=16
1650| a6c0        LDA   ,U+                 cc=c9 a=f0 b=01 dp=00 x=52ed y=0000 u=a227 s=1ff0  dt=48
1652| a484        ANDA  ,X                  cc=c5 a=00 b=01 dp=00 x=52ed y=0000 u=a227 s=1ff0  dt=32
1654| aac0        ORA   ,U+                 cc=c1 a=0c b=01 dp=00 x=52ed y=0000 u=a228 s=1ff0  dt=48
1656| a780        STA   ,X+                 cc=c1 a=0c b=01 dp=00 x=52ee y=0000 u=a228 s=1ff0  dt=48
1658| 5a          DECB                      cc=c5 a=0c b=00 dp=00 x=52ee y=0000 u=a228 s=1ff0  dt=16
1659| 26f5        BNE   $1650               cc=c5 a=0c b=00 dp=00 x=52ee y=0000 u=a228 s=1ff0  dt=24
165b| e6c0        LDB   ,U+                 cc=c5 a=0c b=00 dp=00 x=52ee y=0000 u=a229 s=1ff0  dt=48
165d| c1ff        CMPB  #$ff                cc=c1 a=0c b=00 dp=00 x=52ee y=0000 u=a229 s=1ff0  dt=16
165f| 274a        BEQ   $16ab               cc=c1 a=0c b=00 dp=00 x=52ee y=0000 u=a229 s=1ff0  dt=24
1661| 3a          ABX                       cc=c1 a=0c b=00 dp=00 x=52ee y=0000 u=a229 s=1ff0  dt=24
1662| e6c0        LDB   ,U+                 cc=c1 a=0c b=05 dp=00 x=52ee y=0000 u=a22a s=1ff0  dt=48
1664| 2be8        BMI   $164e               cc=c1 a=0c b=05 dp=00 x=52ee y=0000 u=a22a s=1ff0  dt=24
1666| c105        CMPB  #$05                cc=c4 a=0c b=05 dp=00 x=52ee y=0000 u=a22a s=1ff0  dt=16
1668| 271b        BEQ   $1685               cc=c4 a=0c b=05 dp=00 x=52ee y=0000 u=a22a s=1ff0  dt=24
1685| ecc1        LDD   ,U++                cc=c0 a=22 b=cc dp=00 x=52ee y=0000 u=a22c s=1ff0  dt=64
1687| ed81        STD   ,X++                cc=c0 a=22 b=cc dp=00 x=52f0 y=0000 u=a22c s=1ff0  dt=64
1689| ecc1        LDD   ,U++                cc=c0 a=22 b=cc dp=00 x=52f0 y=0000 u=a22e s=1ff0  dt=64
168b| ed81        STD   ,X++                cc=c0 a=22 b=cc dp=00 x=52f2 y=0000 u=a22e s=1ff0  dt=64
168d| a6c0        LDA   ,U+                 cc=c0 a=22 b=cc dp=00 x=52f2 y=0000 u=a22f s=1ff0  dt=48
168f| a780        STA   ,X+                 cc=c0 a=22 b=cc dp=00 x=52f3 y=0000 u=a22f s=1ff0  dt=48
1691| 20c8        BRA   $165b               cc=c0 a=22 b=cc dp=00 x=52f3 y=0000 u=a22f s=1ff0  dt=24
165b| e6c0        LDB   ,U+                 cc=c4 a=22 b=00 dp=00 x=52f3 y=0000 u=a230 s=1ff0  dt=48
165d| c1ff        CMPB  #$ff                cc=c1 a=22 b=00 dp=00 x=52f3 y=0000 u=a230 s=1ff0  dt=16
165f| 274a        BEQ   $16ab               cc=c1 a=22 b=00 dp=00 x=52f3 y=0000 u=a230 s=1ff0  dt=24
1661| 3a          ABX                       cc=c1 a=22 b=00 dp=00 x=52f3 y=0000 u=a230 s=1ff0  dt=24
1662| e6c0        LDB   ,U+                 cc=c9 a=22 b=81 dp=00 x=52f3 y=0000 u=a231 s=1ff0  dt=48
1664| 2be8        BMI   $164e               cc=c9 a=22 b=81 dp=00 x=52f3 y=0000 u=a231 s=1ff0  dt=24
164e| c47f        ANDB  #$7f                cc=c1 a=22 b=01 dp=00 x=52f3 y=0000 u=a231 s=1ff0  dt=16
1650| a6c0        LDA   ,U+                 cc=c1 a=0f b=01 dp=00 x=52f3 y=0000 u=a232 s=1ff0  dt=48
1652| a484        ANDA  ,X                  cc=c5 a=00 b=01 dp=00 x=52f3 y=0000 u=a232 s=1ff0  dt=32
1654| aac0        ORA   ,U+                 cc=c9 a=c0 b=01 dp=00 x=52f3 y=0000 u=a233 s=1ff0  dt=48
1656| a780        STA   ,X+                 cc=c9 a=c0 b=01 dp=00 x=52f4 y=0000 u=a233 s=1ff0  dt=48
1658| 5a          DECB                      cc=c5 a=c0 b=00 dp=00 x=52f4 y=0000 u=a233 s=1ff0  dt=16
1659| 26f5        BNE   $1650               cc=c5 a=c0 b=00 dp=00 x=52f4 y=0000 u=a233 s=1ff0  dt=24
165b| e6c0        LDB   ,U+                 cc=c9 a=c0 b=99 dp=00 x=52f4 y=0000 u=a234 s=1ff0  dt=48
165d| c1ff        CMPB  #$ff                cc=c9 a=c0 b=99 dp=00 x=52f4 y=0000 u=a234 s=1ff0  dt=16
165f| 274a        BEQ   $16ab               cc=c9 a=c0 b=99 dp=00 x=52f4 y=0000 u=a234 s=1ff0  dt=24
1661| 3a          ABX                       cc=c9 a=c0 b=99 dp=00 x=538d y=0000 u=a234 s=1ff0  dt=24
1662| e6c0        LDB   ,U+                 cc=c9 a=c0 b=81 dp=00 x=538d y=0000 u=a235 s=1ff0  dt=48
1664| 2be8        BMI   $164e               cc=c9 a=c0 b=81 dp=00 x=538d y=0000 u=a235 s=1ff0  dt=24
164e| c47f        ANDB  #$7f                cc=c1 a=c0 b=01 dp=00 x=538d y=0000 u=a235 s=1ff0  dt=16
1650| a6c0        LDA   ,U+                 cc=c9 a=f0 b=01 dp=00 x=538d y=0000 u=a236 s=1ff0  dt=48
1652| a484        ANDA  ,X                  cc=c5 a=00 b=01 dp=00 x=538d y=0000 u=a236 s=1ff0  dt=32
1654| aac0        ORA   ,U+                 cc=c1 a=0c b=01 dp=00 x=538d y=0000 u=a237 s=1ff0  dt=48
1656| a780        STA   ,X+                 cc=c1 a=0c b=01 dp=00 x=538e y=0000 u=a237 s=1ff0  dt=48
1658| 5a          DECB                      cc=c5 a=0c b=00 dp=00 x=538e y=0000 u=a237 s=1ff0  dt=16
1659| 26f5        BNE   $1650               cc=c5 a=0c b=00 dp=00 x=538e y=0000 u=a237 s=1ff0  dt=24
165b| e6c0        LDB   ,U+                 cc=c5 a=0c b=00 dp=00 x=538e y=0000 u=a238 s=1ff0  dt=48
165d| c1ff        CMPB  #$ff                cc=c1 a=0c b=00 dp=00 x=538e y=0000 u=a238 s=1ff0  dt=16
165f| 274a        BEQ   $16ab               cc=c1 a=0c b=00 dp=00 x=538e y=0000 u=a238 s=1ff0  dt=24
1661| 3a          ABX                       cc=c1 a=0c b=00 dp=00 x=538e y=0000 u=a238 s=1ff0  dt=24
1662| e6c0        LDB   ,U+                 cc=c1 a=0c b=05 dp=00 x=538e y=0000 u=a239 s=1ff0  dt=48
1664| 2be8        BMI   $164e               cc=c1 a=0c b=05 dp=00 x=538e y=0000 u=a239 s=1ff0  dt=24
1666| c105        CMPB  #$05                cc=c4 a=0c b=05 dp=00 x=538e y=0000 u=a239 s=1ff0  dt=16
1668| 271b        BEQ   $1685               cc=c4 a=0c b=05 dp=00 x=538e y=0000 u=a239 s=1ff0  dt=24
1685| ecc1        LDD   ,U++                cc=c0 a=22 b=c2 dp=00 x=538e y=0000 u=a23b s=1ff0  dt=64
1687| ed81        STD   ,X++                cc=c0 a=22 b=c2 dp=00 x=5390 y=0000 u=a23b s=1ff0  dt=64
1689| ecc1        LDD   ,U++                cc=c0 a=22 b=2c dp=00 x=5390 y=0000 u=a23d s=1ff0  dt=64
168b| ed81        STD   ,X++                cc=c0 a=22 b=2c dp=00 x=5392 y=0000 u=a23d s=1ff0  dt=64
168d| a6c0        LDA   ,U+                 cc=c0 a=22 b=2c dp=00 x=5392 y=0000 u=a23e s=1ff0  dt=48
168f| a780        STA   ,X+                 cc=c0 a=22 b=2c dp=00 x=5393 y=0000 u=a23e s=1ff0  dt=48
1691| 20c8        BRA   $165b               cc=c0 a=22 b=2c dp=00 x=5393 y=0000 u=a23e s=1ff0  dt=24
165b| e6c0        LDB   ,U+                 cc=c4 a=22 b=00 dp=00 x=5393 y=0000 u=a23f s=1ff0  dt=48
165d| c1ff        CMPB  #$ff                cc=c1 a=22 b=00 dp=00 x=5393 y=0000 u=a23f s=1ff0  dt=16
165f| 274a        BEQ   $16ab               cc=c1 a=22 b=00 dp=00 x=5393 y=0000 u=a23f s=1ff0  dt=24
1661| 3a          ABX                       cc=c1 a=22 b=00 dp=00 x=5393 y=0000 u=a23f s=1ff0  dt=24
1662| e6c0        LDB   ,U+                 cc=c9 a=22 b=81 dp=00 x=5393 y=0000 u=a240 s=1ff0  dt=48
1664| 2be8        BMI   $164e               cc=c9 a=22 b=81 dp=00 x=5393 y=0000 u=a240 s=1ff0  dt=24
164e| c47f        ANDB  #$7f                cc=c1 a=22 b=01 dp=00 x=5393 y=0000 u=a240 s=1ff0  dt=16
1650| a6c0        LDA   ,U+                 cc=c1 a=0f b=01 dp=00 x=5393 y=0000 u=a241 s=1ff0  dt=48
1652| a484        ANDA  ,X                  cc=c5 a=00 b=01 dp=00 x=5393 y=0000 u=a241 s=1ff0  dt=32
1654| aac0        ORA   ,U+                 cc=c9 a=c0 b=01 dp=00 x=5393 y=0000 u=a242 s=1ff0  dt=48
1656| a780        STA   ,X+                 cc=c9 a=c0 b=01 dp=00 x=5394 y=0000 u=a242 s=1ff0  dt=48
1658| 5a          DECB                      cc=c5 a=c0 b=00 dp=00 x=5394 y=0000 u=a242 s=1ff0  dt=16
1659| 26f5        BNE   $1650               cc=c5 a=c0 b=00 dp=00 x=5394 y=0000 u=a242 s=1ff0  dt=24
165b| e6c0        LDB   ,U+                 cc=c9 a=c0 b=99 dp=00 x=5394 y=0000 u=a243 s=1ff0  dt=48
165d| c1ff        CMPB  #$ff                cc=c9 a=c0 b=99 dp=00 x=5394 y=0000 u=a243 s=1ff0  dt=16
165f| 274a        BEQ   $16ab               cc=c9 a=c0 b=99 dp=00 x=5394 y=0000 u=a243 s=1ff0  dt=24
1661| 3a          ABX                       cc=c9 a=c0 b=99 dp=00 x=542d y=0000 u=a243 s=1ff0  dt=24
1662| e6c0        LDB   ,U+                 cc=c9 a=c0 b=81 dp=00 x=542d y=0000 u=a244 s=1ff0  dt=48
1664| 2be8        BMI   $164e               cc=c9 a=c0 b=81 dp=00 x=542d y=0000 u=a244 s=1ff0  dt=24
164e| c47f        ANDB  #$7f                cc=c1 a=c0 b=01 dp=00 x=542d y=0000 u=a244 s=1ff0  dt=16
1650| a6c0        LDA   ,U+                 cc=c9 a=f0 b=01 dp=00 x=542d y=0000 u=a245 s=1ff0  dt=48
1652| a484        ANDA  ,X                  cc=c5 a=00 b=01 dp=00 x=542d y=0000 u=a245 s=1ff0  dt=32
1654| aac0        ORA   ,U+                 cc=c1 a=0c b=01 dp=00 x=542d y=0000 u=a246 s=1ff0  dt=48
1656| a780        STA   ,X+                 cc=c1 a=0c b=01 dp=00 x=542e y=0000 u=a246 s=1ff0  dt=48
1658| 5a          DECB                      cc=c5 a=0c b=00 dp=00 x=542e y=0000 u=a246 s=1ff0  dt=16
1659| 26f5        BNE   $1650               cc=c5 a=0c b=00 dp=00 x=542e y=0000 u=a246 s=1ff0  dt=24
165b| e6c0        LDB   ,U+                 cc=c5 a=0c b=00 dp=00 x=542e y=0000 u=a247 s=1ff0  dt=48
165d| c1ff        CMPB  #$ff                cc=c1 a=0c b=00 dp=00 x=542e y=0000 u=a247 s=1ff0  dt=16
165f| 274a        BEQ   $16ab               cc=c1 a=0c b=00 dp=00 x=542e y=0000 u=a247 s=1ff0  dt=24
1661| 3a          ABX                       cc=c1 a=0c b=00 dp=00 x=542e y=0000 u=a247 s=1ff0  dt=24
1662| e6c0        LDB   ,U+                 cc=c1 a=0c b=05 dp=00 x=542e y=0000 u=a248 s=1ff0  dt=48
1664| 2be8        BMI   $164e               cc=c1 a=0c b=05 dp=00 x=542e y=0000 u=a248 s=1ff0  dt=24
1666| c105        CMPB  #$05                cc=c4 a=0c b=05 dp=00 x=542e y=0000 u=a248 s=1ff0  dt=16
1668| 271b        BEQ   $1685               cc=c4 a=0c b=05 dp=00 x=542e y=0000 u=a248 s=1ff0  dt=24
1685| ecc1        LDD   ,U++                cc=c8 a=cc b=c2 dp=00 x=542e y=0000 u=a24a s=1ff0  dt=64
1687| ed81        STD   ,X++                cc=c8 a=cc b=c2 dp=00 x=5430 y=0000 u=a24a s=1ff0  dt=64
1689| ecc1        LDD   ,U++                cc=c0 a=22 b=2c dp=00 x=5430 y=0000 u=a24c s=1ff0  dt=64
168b| ed81        STD   ,X++                cc=c0 a=22 b=2c dp=00 x=5432 y=0000 u=a24c s=1ff0  dt=64
168d| a6c0        LDA   ,U+                 cc=c8 a=cc b=2c dp=00 x=5432 y=0000 u=a24d s=1ff0  dt=48
168f| a780        STA   ,X+                 cc=c8 a=cc b=2c dp=00 x=5433 y=0000 u=a24d s=1ff0  dt=48
1691| 20c8        BRA   $165b               cc=c8 a=cc b=2c dp=00 x=5433 y=0000 u=a24d s=1ff0  dt=24
165b| e6c0        LDB   ,U+                 cc=c4 a=cc b=00 dp=00 x=5433 y=0000 u=a24e s=1ff0  dt=48
165d| c1ff        CMPB  #$ff                cc=c1 a=cc b=00 dp=00 x=5433 y=0000 u=a24e s=1ff0  dt=16
165f| 274a        BEQ   $16ab               cc=c1 a=cc b=00 dp=00 x=5433 y=0000 u=a24e s=1ff0  dt=24
1661| 3a          ABX                       cc=c1 a=cc b=00 dp=00 x=5433 y=0000 u=a24e s=1ff0  dt=24
1662| e6c0        LDB   ,U+                 cc=c9 a=cc b=81 dp=00 x=5433 y=0000 u=a24f s=1ff0  dt=48
1664| 2be8        BMI   $164e               cc=c9 a=cc b=81 dp=00 x=5433 y=0000 u=a24f s=1ff0  dt=24
164e| c47f        ANDB  #$7f                cc=c1 a=cc b=01 dp=00 x=5433 y=0000 u=a24f s=1ff0  dt=16
1650| a6c0        LDA   ,U+                 cc=c1 a=0f b=01 dp=00 x=5433 y=0000 u=a250 s=1ff0  dt=48
1652| a484        ANDA  ,X                  cc=c5 a=00 b=01 dp=00 x=5433 y=0000 u=a250 s=1ff0  dt=32
1654| aac0        ORA   ,U+                 cc=c9 a=c0 b=01 dp=00 x=5433 y=0000 u=a251 s=1ff0  dt=48
1656| a780        STA   ,X+                 cc=c9 a=c0 b=01 dp=00 x=5434 y=0000 u=a251 s=1ff0  dt=48
1658| 5a          DECB                      cc=c5 a=c0 b=00 dp=00 x=5434 y=0000 u=a251 s=1ff0  dt=16
1659| 26f5        BNE   $1650               cc=c5 a=c0 b=00 dp=00 x=5434 y=0000 u=a251 s=1ff0  dt=24
165b| e6c0        LDB   ,U+                 cc=c9 a=c0 b=99 dp=00 x=5434 y=0000 u=a252 s=1ff0  dt=48
165d| c1ff        CMPB  #$ff                cc=c9 a=c0 b=99 dp=00 x=5434 y=0000 u=a252 s=1ff0  dt=16
165f| 274a        BEQ   $16ab               cc=c9 a=c0 b=99 dp=00 x=5434 y=0000 u=a252 s=1ff0  dt=24
1661| 3a          ABX                       cc=c9 a=c0 b=99 dp=00 x=54cd y=0000 u=a252 s=1ff0  dt=24
1662| e6c0        LDB   ,U+                 cc=c9 a=c0 b=81 dp=00 x=54cd y=0000 u=a253 s=1ff0  dt=48
1664| 2be8        BMI   $164e               cc=c9 a=c0 b=81 dp=00 x=54cd y=0000 u=a253 s=1ff0  dt=24
164e| c47f        ANDB  #$7f                cc=c1 a=c0 b=01 dp=00 x=54cd y=0000 u=a253 s=1ff0  dt=16
1650| a6c0        LDA   ,U+                 cc=c9 a=f0 b=01 dp=00 x=54cd y=0000 u=a254 s=1ff0  dt=48
1652| a484        ANDA  ,X                  cc=c5 a=00 b=01 dp=00 x=54cd y=0000 u=a254 s=1ff0  dt=32
1654| aac0        ORA   ,U+                 cc=c1 a=0c b=01 dp=00 x=54cd y=0000 u=a255 s=1ff0  dt=48
1656| a780        STA   ,X+                 cc=c1 a=0c b=01 dp=00 x=54ce y=0000 u=a255 s=1ff0  dt=48
1658| 5a          DECB                      cc=c5 a=0c b=00 dp=00 x=54ce y=0000 u=a255 s=1ff0  dt=16
1659| 26f5        BNE   $1650               cc=c5 a=0c b=00 dp=00 x=54ce y=0000 u=a255 s=1ff0  dt=24
165b| e6c0        LDB   ,U+                 cc=c5 a=0c b=00 dp=00 x=54ce y=0000 u=a256 s=1ff0  dt=48
165d| c1ff        CMPB  #$ff                cc=c1 a=0c b=00 dp=00 x=54ce y=0000 u=a256 s=1ff0  dt=16
165f| 274a        BEQ   $16ab               cc=c1 a=0c b=00 dp=00 x=54ce y=0000 u=a256 s=1ff0  dt=24
1661| 3a          ABX                       cc=c1 a=0c b=00 dp=00 x=54ce y=0000 u=a256 s=1ff0  dt=24
1662| e6c0        LDB   ,U+                 cc=c1 a=0c b=05 dp=00 x=54ce y=0000 u=a257 s=1ff0  dt=48
1664| 2be8        BMI   $164e               cc=c1 a=0c b=05 dp=00 x=54ce y=0000 u=a257 s=1ff0  dt=24
1666| c105        CMPB  #$05                cc=c4 a=0c b=05 dp=00 x=54ce y=0000 u=a257 s=1ff0  dt=16
1668| 271b        BEQ   $1685               cc=c4 a=0c b=05 dp=00 x=54ce y=0000 u=a257 s=1ff0  dt=24
1685| ecc1        LDD   ,U++                cc=c8 a=c5 b=cc dp=00 x=54ce y=0000 u=a259 s=1ff0  dt=64
1687| ed81        STD   ,X++                cc=c8 a=c5 b=cc dp=00 x=54d0 y=0000 u=a259 s=1ff0  dt=64
1689| ecc1        LDD   ,U++                cc=c0 a=22 b=cc dp=00 x=54d0 y=0000 u=a25b s=1ff0  dt=64
168b| ed81        STD   ,X++                cc=c0 a=22 b=cc dp=00 x=54d2 y=0000 u=a25b s=1ff0  dt=64
168d| a6c0        LDA   ,U+                 cc=c0 a=5c b=cc dp=00 x=54d2 y=0000 u=a25c s=1ff0  dt=48
168f| a780        STA   ,X+                 cc=c0 a=5c b=cc dp=00 x=54d3 y=0000 u=a25c s=1ff0  dt=48
1691| 20c8        BRA   $165b               cc=c0 a=5c b=cc dp=00 x=54d3 y=0000 u=a25c s=1ff0  dt=24
165b| e6c0        LDB   ,U+                 cc=c4 a=5c b=00 dp=00 x=54d3 y=0000 u=a25d s=1ff0  dt=48
165d| c1ff        CMPB  #$ff                cc=c1 a=5c b=00 dp=00 x=54d3 y=0000 u=a25d s=1ff0  dt=16
165f| 274a        BEQ   $16ab               cc=c1 a=5c b=00 dp=00 x=54d3 y=0000 u=a25d s=1ff0  dt=24
1661| 3a          ABX                       cc=c1 a=5c b=00 dp=00 x=54d3 y=0000 u=a25d s=1ff0  dt=24
1662| e6c0        LDB   ,U+                 cc=c9 a=5c b=81 dp=00 x=54d3 y=0000 u=a25e s=1ff0  dt=48
1664| 2be8        BMI   $164e               cc=c9 a=5c b=81 dp=00 x=54d3 y=0000 u=a25e s=1ff0  dt=24
164e| c47f        ANDB  #$7f                cc=c1 a=5c b=01 dp=00 x=54d3 y=0000 u=a25e s=1ff0  dt=16
1650| a6c0        LDA   ,U+                 cc=c1 a=0f b=01 dp=00 x=54d3 y=0000 u=a25f s=1ff0  dt=48
1652| a484        ANDA  ,X                  cc=c5 a=00 b=01 dp=00 x=54d3 y=0000 u=a25f s=1ff0  dt=32
1654| aac0        ORA   ,U+                 cc=c9 a=c0 b=01 dp=00 x=54d3 y=0000 u=a260 s=1ff0  dt=48
1656| a780        STA   ,X+                 cc=c9 a=c0 b=01 dp=00 x=54d4 y=0000 u=a260 s=1ff0  dt=48
1658| 5a          DECB                      cc=c5 a=c0 b=00 dp=00 x=54d4 y=0000 u=a260 s=1ff0  dt=16
1659| 26f5        BNE   $1650               cc=c5 a=c0 b=00 dp=00 x=54d4 y=0000 u=a260 s=1ff0  dt=24
165b| e6c0        LDB   ,U+                 cc=c9 a=c0 b=9a dp=00 x=54d4 y=0000 u=a261 s=1ff0  dt=48
165d| c1ff        CMPB  #$ff                cc=c9 a=c0 b=9a dp=00 x=54d4 y=0000 u=a261 s=1ff0  dt=16
165f| 274a        BEQ   $16ab               cc=c9 a=c0 b=9a dp=00 x=54d4 y=0000 u=a261 s=1ff0  dt=24
1661| 3a          ABX                       cc=c9 a=c0 b=9a dp=00 x=556e y=0000 u=a261 s=1ff0  dt=24
1662| e6c0        LDB   ,U+                 cc=c1 a=c0 b=05 dp=00 x=556e y=0000 u=a262 s=1ff0  dt=48
1664| 2be8        BMI   $164e               cc=c1 a=c0 b=05 dp=00 x=556e y=0000 u=a262 s=1ff0  dt=24
1666| c105        CMPB  #$05                cc=c4 a=c0 b=05 dp=00 x=556e y=0000 u=a262 s=1ff0  dt=16
1668| 271b        BEQ   $1685               cc=c4 a=c0 b=05 dp=00 x=556e y=0000 u=a262 s=1ff0  dt=24
1685| ecc1        LDD   ,U++                cc=c8 a=cc b=cc dp=00 x=556e y=0000 u=a264 s=1ff0  dt=64
1687| ed81        STD   ,X++                cc=c8 a=cc b=cc dp=00 x=5570 y=0000 u=a264 s=1ff0  dt=64
1689| ecc1        LDD   ,U++                cc=c8 a=cc b=cc dp=00 x=5570 y=0000 u=a266 s=1ff0  dt=64
168b| ed81        STD   ,X++                cc=c8 a=cc b=cc dp=00 x=5572 y=0000 u=a266 s=1ff0  dt=64
168d| a6c0        LDA   ,U+                 cc=c8 a=cc b=cc dp=00 x=5572 y=0000 u=a267 s=1ff0  dt=48
168f| a780        STA   ,X+                 cc=c8 a=cc b=cc dp=00 x=5573 y=0000 u=a267 s=1ff0  dt=48
1691| 20c8        BRA   $165b               cc=c8 a=cc b=cc dp=00 x=5573 y=0000 u=a267 s=1ff0  dt=24
165b| e6c0        LDB   ,U+                 cc=c8 a=cc b=9b dp=00 x=5573 y=0000 u=a268 s=1ff0  dt=48
165d| c1ff        CMPB  #$ff                cc=c9 a=cc b=9b dp=00 x=5573 y=0000 u=a268 s=1ff0  dt=16
165f| 274a        BEQ   $16ab               cc=c9 a=cc b=9b dp=00 x=5573 y=0000 u=a268 s=1ff0  dt=24
1661| 3a          ABX                       cc=c9 a=cc b=9b dp=00 x=560e y=0000 u=a268 s=1ff0  dt=24
1662| e6c0        LDB   ,U+                 cc=c1 a=cc b=05 dp=00 x=560e y=0000 u=a269 s=1ff0  dt=48
1664| 2be8        BMI   $164e               cc=c1 a=cc b=05 dp=00 x=560e y=0000 u=a269 s=1ff0  dt=24
1666| c105        CMPB  #$05                cc=c4 a=cc b=05 dp=00 x=560e y=0000 u=a269 s=1ff0  dt=16
1668| 271b        BEQ   $1685               cc=c4 a=cc b=05 dp=00 x=560e y=0000 u=a269 s=1ff0  dt=24
1685| ecc1        LDD   ,U++                cc=c8 a=cc b=c2 dp=00 x=560e y=0000 u=a26b s=1ff0  dt=64
1687| ed81        STD   ,X++                cc=c8 a=cc b=c2 dp=00 x=5610 y=0000 u=a26b s=1ff0  dt=64
1689| ecc1        LDD   ,U++                cc=c8 a=cc b=2c dp=00 x=5610 y=0000 u=a26d s=1ff0  dt=64
168b| ed81        STD   ,X++                cc=c8 a=cc b=2c dp=00 x=5612 y=0000 u=a26d s=1ff0  dt=64
168d| a6c0        LDA   ,U+                 cc=c8 a=cc b=2c dp=00 x=5612 y=0000 u=a26e s=1ff0  dt=48
168f| a780        STA   ,X+                 cc=c8 a=cc b=2c dp=00 x=5613 y=0000 u=a26e s=1ff0  dt=48
1691| 20c8        BRA   $165b               cc=c8 a=cc b=2c dp=00 x=5613 y=0000 u=a26e s=1ff0  dt=24
165b| e6c0        LDB   ,U+                 cc=c8 a=cc b=9b dp=00 x=5613 y=0000 u=a26f s=1ff0  dt=48
165d| c1ff        CMPB  #$ff                cc=c9 a=cc b=9b dp=00 x=5613 y=0000 u=a26f s=1ff0  dt=16
165f| 274a        BEQ   $16ab               cc=c9 a=cc b=9b dp=00 x=5613 y=0000 u=a26f s=1ff0  dt=24
1661| 3a          ABX                       cc=c9 a=cc b=9b dp=00 x=56ae y=0000 u=a26f s=1ff0  dt=24
1662| e6c0        LDB   ,U+                 cc=c9 a=cc b=81 dp=00 x=56ae y=0000 u=a270 s=1ff0  dt=48
1664| 2be8        BMI   $164e               cc=c9 a=cc b=81 dp=00 x=56ae y=0000 u=a270 s=1ff0  dt=24
164e| c47f        ANDB  #$7f                cc=c1 a=cc b=01 dp=00 x=56ae y=0000 u=a270 s=1ff0  dt=16
1650| a6c0        LDA   ,U+                 cc=c9 a=f0 b=01 dp=00 x=56ae y=0000 u=a271 s=1ff0  dt=48
1652| a484        ANDA  ,X                  cc=c5 a=00 b=01 dp=00 x=56ae y=0000 u=a271 s=1ff0  dt=32
1654| aac0        ORA   ,U+                 cc=c1 a=0c b=01 dp=00 x=56ae y=0000 u=a272 s=1ff0  dt=48
1656| a780        STA   ,X+                 cc=c1 a=0c b=01 dp=00 x=56af y=0000 u=a272 s=1ff0  dt=48
1658| 5a          DECB                      cc=c5 a=0c b=00 dp=00 x=56af y=0000 u=a272 s=1ff0  dt=16
1659| 26f5        BNE   $1650               cc=c5 a=0c b=00 dp=00 x=56af y=0000 u=a272 s=1ff0  dt=24
165b| e6c0        LDB   ,U+                 cc=c5 a=0c b=00 dp=00 x=56af y=0000 u=a273 s=1ff0  dt=48
165d| c1ff        CMPB  #$ff                cc=c1 a=0c b=00 dp=00 x=56af y=0000 u=a273 s=1ff0  dt=16
165f| 274a        BEQ   $16ab               cc=c1 a=0c b=00 dp=00 x=56af y=0000 u=a273 s=1ff0  dt=24
1661| 3a          ABX                       cc=c1 a=0c b=00 dp=00 x=56af y=0000 u=a273 s=1ff0  dt=24
1662| e6c0        LDB   ,U+                 cc=c1 a=0c b=03 dp=00 x=56af y=0000 u=a274 s=1ff0  dt=48
1664| 2be8        BMI   $164e               cc=c1 a=0c b=03 dp=00 x=56af y=0000 u=a274 s=1ff0  dt=24
1666| c105        CMPB  #$05                cc=c9 a=0c b=03 dp=00 x=56af y=0000 u=a274 s=1ff0  dt=16
1668| 271b        BEQ   $1685               cc=c9 a=0c b=03 dp=00 x=56af y=0000 u=a274 s=1ff0  dt=24
166a| c104        CMPB  #$04                cc=c9 a=0c b=03 dp=00 x=56af y=0000 u=a274 s=1ff0  dt=16
166c| 250f        BCS   $167d               cc=c9 a=0c b=03 dp=00 x=56af y=0000 u=a274 s=1ff0  dt=24
167d| c102        CMPB  #$02                cc=c0 a=0c b=03 dp=00 x=56af y=0000 u=a274 s=1ff0  dt=16
167f| 2724        BEQ   $16a5               cc=c0 a=0c b=03 dp=00 x=56af y=0000 u=a274 s=1ff0  dt=24
1681| 250a        BCS   $168d               cc=c0 a=0c b=03 dp=00 x=56af y=0000 u=a274 s=1ff0  dt=24
1683| 2004        BRA   $1689               cc=c0 a=0c b=03 dp=00 x=56af y=0000 u=a274 s=1ff0  dt=24
1689| ecc1        LDD   ,U++                cc=c8 a=cc b=cc dp=00 x=56af y=0000 u=a276 s=1ff0  dt=64
168b| ed81        STD   ,X++                cc=c8 a=cc b=cc dp=00 x=56b1 y=0000 u=a276 s=1ff0  dt=64
168d| a6c0        LDA   ,U+                 cc=c8 a=cc b=cc dp=00 x=56b1 y=0000 u=a277 s=1ff0  dt=48
168f| a780        STA   ,X+                 cc=c8 a=cc b=cc dp=00 x=56b2 y=0000 u=a277 s=1ff0  dt=48
1691| 20c8        BRA   $165b               cc=c8 a=cc b=cc dp=00 x=56b2 y=0000 u=a277 s=1ff0  dt=24
165b| e6c0        LDB   ,U+                 cc=c4 a=cc b=00 dp=00 x=56b2 y=0000 u=a278 s=1ff0  dt=48
165d| c1ff        CMPB  #$ff                cc=c1 a=cc b=00 dp=00 x=56b2 y=0000 u=a278 s=1ff0  dt=16
165f| 274a        BEQ   $16ab               cc=c1 a=cc b=00 dp=00 x=56b2 y=0000 u=a278 s=1ff0  dt=24
1661| 3a          ABX                       cc=c1 a=cc b=00 dp=00 x=56b2 y=0000 u=a278 s=1ff0  dt=24
1662| e6c0        LDB   ,U+                 cc=c9 a=cc b=81 dp=00 x=56b2 y=0000 u=a279 s=1ff0  dt=48
1664| 2be8        BMI   $164e               cc=c9 a=cc b=81 dp=00 x=56b2 y=0000 u=a279 s=1ff0  dt=24
164e| c47f        ANDB  #$7f                cc=c1 a=cc b=01 dp=00 x=56b2 y=0000 u=a279 s=1ff0  dt=16
1650| a6c0        LDA   ,U+                 cc=c1 a=0f b=01 dp=00 x=56b2 y=0000 u=a27a s=1ff0  dt=48
1652| a484        ANDA  ,X                  cc=c5 a=00 b=01 dp=00 x=56b2 y=0000 u=a27a s=1ff0  dt=32
1654| aac0        ORA   ,U+                 cc=c9 a=c0 b=01 dp=00 x=56b2 y=0000 u=a27b s=1ff0  dt=48
1656| a780        STA   ,X+                 cc=c9 a=c0 b=01 dp=00 x=56b3 y=0000 u=a27b s=1ff0  dt=48
1658| 5a          DECB                      cc=c5 a=c0 b=00 dp=00 x=56b3 y=0000 u=a27b s=1ff0  dt=16
1659| 26f5        BNE   $1650               cc=c5 a=c0 b=00 dp=00 x=56b3 y=0000 u=a27b s=1ff0  dt=24
165b| e6c0        LDB   ,U+                 cc=c9 a=c0 b=9c dp=00 x=56b3 y=0000 u=a27c s=1ff0  dt=48
165d| c1ff        CMPB  #$ff                cc=c9 a=c0 b=9c dp=00 x=56b3 y=0000 u=a27c s=1ff0  dt=16
165f| 274a        BEQ   $16ab               cc=c9 a=c0 b=9c dp=00 x=56b3 y=0000 u=a27c s=1ff0  dt=24
1661| 3a          ABX                       cc=c9 a=c0 b=9c dp=00 x=574f y=0000 u=a27c s=1ff0  dt=24
1662| e6c0        LDB   ,U+                 cc=c9 a=c0 b=81 dp=00 x=574f y=0000 u=a27d s=1ff0  dt=48
1664| 2be8        BMI   $164e               cc=c9 a=c0 b=81 dp=00 x=574f y=0000 u=a27d s=1ff0  dt=24
164e| c47f        ANDB  #$7f                cc=c1 a=c0 b=01 dp=00 x=574f y=0000 u=a27d s=1ff0  dt=16
1650| a6c0        LDA   ,U+                 cc=c9 a=f0 b=01 dp=00 x=574f y=0000 u=a27e s=1ff0  dt=48
1652| a484        ANDA  ,X                  cc=c5 a=00 b=01 dp=00 x=574f y=0000 u=a27e s=1ff0  dt=32
1654| aac0        ORA   ,U+                 cc=c1 a=0c b=01 dp=00 x=574f y=0000 u=a27f s=1ff0  dt=48
1656| a780        STA   ,X+                 cc=c1 a=0c b=01 dp=00 x=5750 y=0000 u=a27f s=1ff0  dt=48
1658| 5a          DECB                      cc=c5 a=0c b=00 dp=00 x=5750 y=0000 u=a27f s=1ff0  dt=16
1659| 26f5        BNE   $1650               cc=c5 a=0c b=00 dp=00 x=5750 y=0000 u=a27f s=1ff0  dt=24
165b| e6c0        LDB   ,U+                 cc=c5 a=0c b=00 dp=00 x=5750 y=0000 u=a280 s=1ff0  dt=48
165d| c1ff        CMPB  #$ff                cc=c1 a=0c b=00 dp=00 x=5750 y=0000 u=a280 s=1ff0  dt=16
165f| 274a        BEQ   $16ab               cc=c1 a=0c b=00 dp=00 x=5750 y=0000 u=a280 s=1ff0  dt=24
1661| 3a          ABX                       cc=c1 a=0c b=00 dp=00 x=5750 y=0000 u=a280 s=1ff0  dt=24
1662| e6c0        LDB   ,U+                 cc=c1 a=0c b=01 dp=00 x=5750 y=0000 u=a281 s=1ff0  dt=48
1664| 2be8        BMI   $164e               cc=c1 a=0c b=01 dp=00 x=5750 y=0000 u=a281 s=1ff0  dt=24
1666| c105        CMPB  #$05                cc=c9 a=0c b=01 dp=00 x=5750 y=0000 u=a281 s=1ff0  dt=16
1668| 271b        BEQ   $1685               cc=c9 a=0c b=01 dp=00 x=5750 y=0000 u=a281 s=1ff0  dt=24
166a| c104        CMPB  #$04                cc=c9 a=0c b=01 dp=00 x=5750 y=0000 u=a281 s=1ff0  dt=16
166c| 250f        BCS   $167d               cc=c9 a=0c b=01 dp=00 x=5750 y=0000 u=a281 s=1ff0  dt=24
167d| c102        CMPB  #$02                cc=c9 a=0c b=01 dp=00 x=5750 y=0000 u=a281 s=1ff0  dt=16
167f| 2724        BEQ   $16a5               cc=c9 a=0c b=01 dp=00 x=5750 y=0000 u=a281 s=1ff0  dt=24
1681| 250a        BCS   $168d               cc=c9 a=0c b=01 dp=00 x=5750 y=0000 u=a281 s=1ff0  dt=24
168d| a6c0        LDA   ,U+                 cc=c9 a=cc b=01 dp=00 x=5750 y=0000 u=a282 s=1ff0  dt=48
168f| a780        STA   ,X+                 cc=c9 a=cc b=01 dp=00 x=5751 y=0000 u=a282 s=1ff0  dt=48
1691| 20c8        BRA   $165b               cc=c9 a=cc b=01 dp=00 x=5751 y=0000 u=a282 s=1ff0  dt=24
165b| e6c0        LDB   ,U+                 cc=c5 a=cc b=00 dp=00 x=5751 y=0000 u=a283 s=1ff0  dt=48
165d| c1ff        CMPB  #$ff                cc=c1 a=cc b=00 dp=00 x=5751 y=0000 u=a283 s=1ff0  dt=16
165f| 274a        BEQ   $16ab               cc=c1 a=cc b=00 dp=00 x=5751 y=0000 u=a283 s=1ff0  dt=24
1661| 3a          ABX                       cc=c1 a=cc b=00 dp=00 x=5751 y=0000 u=a283 s=1ff0  dt=24
1662| e6c0        LDB   ,U+                 cc=c9 a=cc b=81 dp=00 x=5751 y=0000 u=a284 s=1ff0  dt=48
1664| 2be8        BMI   $164e               cc=c9 a=cc b=81 dp=00 x=5751 y=0000 u=a284 s=1ff0  dt=24
164e| c47f        ANDB  #$7f                cc=c1 a=cc b=01 dp=00 x=5751 y=0000 u=a284 s=1ff0  dt=16
1650| a6c0        LDA   ,U+                 cc=c1 a=0f b=01 dp=00 x=5751 y=0000 u=a285 s=1ff0  dt=48
1652| a484        ANDA  ,X                  cc=c5 a=00 b=01 dp=00 x=5751 y=0000 u=a285 s=1ff0  dt=32
1654| aac0        ORA   ,U+                 cc=c9 a=c0 b=01 dp=00 x=5751 y=0000 u=a286 s=1ff0  dt=48
1656| a780        STA   ,X+                 cc=c9 a=c0 b=01 dp=00 x=5752 y=0000 u=a286 s=1ff0  dt=48
1658| 5a          DECB                      cc=c5 a=c0 b=00 dp=00 x=5752 y=0000 u=a286 s=1ff0  dt=16
1659| 26f5        BNE   $1650               cc=c5 a=c0 b=00 dp=00 x=5752 y=0000 u=a286 s=1ff0  dt=24
165b| e6c0        LDB   ,U+                 cc=c9 a=c0 b=ff dp=00 x=5752 y=0000 u=a287 s=1ff0  dt=48
165d| c1ff        CMPB  #$ff                cc=c4 a=c0 b=ff dp=00 x=5752 y=0000 u=a287 s=1ff0  dt=16
165f| 274a        BEQ   $16ab               cc=c4 a=c0 b=ff dp=00 x=5752 y=0000 u=a287 s=1ff0  dt=24
16ab| ecc1        LDD   ,U++                cc=c4 a=00 b=00 dp=00 x=5752 y=0000 u=a289 s=1ff0  dt=64
16ad| 2706        BEQ   $16b5               cc=c4 a=00 b=00 dp=00 x=5752 y=0000 u=a289 s=1ff0  dt=24
16b5| 8634        LDA   #$34                cc=c0 a=34 b=00 dp=00 x=5752 y=0000 u=a289 s=1ff0  dt=16
16b7| b7ffa5      STA   $ffa5               cc=c0 a=34 b=00 dp=00 x=5752 y=0000 u=a289 s=1ff0  dt=40
16ba| 39          RTS                       cc=c0 a=34 b=00 dp=00 x=5752 y=0000 u=a289 s=1ff2  dt=40
162b| 39          RTS                       cc=c0 a=34 b=00 dp=00 x=5752 y=0000 u=a289 s=1ff4  dt=40
d244| 39          RTS                       cc=c0 a=34 b=00 dp=00 x=5752 y=0000 u=a289 s=1ff6  dt=40
0cab| 39          RTS                       cc=c0 a=34 b=00 dp=00 x=5752 y=0000 u=a289 s=1ff8  dt=40
0b05| 39          RTS                       cc=c0 a=34 b=00 dp=00 x=5752 y=0000 u=a289 s=1ffa  dt=40
0a37| 170363      LBSR  $0d9d               cc=c0 a=34 b=00 dp=00 x=5752 y=0000 u=a289 s=1ff8  dt=72
0d9d| 0d9a        TST   <$9a                cc=c0 a=34 b=00 dp=00 x=5752 y=0000 u=a289 s=1ff8  dt=48
0d9f| 270d        BEQ   $0dae               cc=c0 a=34 b=00 dp=00 x=5752 y=0000 u=a289 s=1ff8  dt=24
0da1| 170016      LBSR  $0dba               cc=c0 a=34 b=00 dp=00 x=5752 y=0000 u=a289 s=1ff6  dt=72
0dba| 17fff2      LBSR  $0daf               cc=c0 a=34 b=00 dp=00 x=5752 y=0000 u=a289 s=1ff4  dt=72
0daf| cea900      LDU   #$a900              cc=c8 a=34 b=00 dp=00 x=5752 y=0000 u=a900 s=1ff4  dt=24
0db2| 0d90        TST   <$90                cc=c4 a=34 b=00 dp=00 x=5752 y=0000 u=a900 s=1ff4  dt=48
0db4| 2703        BEQ   $0db9               cc=c4 a=34 b=00 dp=00 x=5752 y=0000 u=a900 s=1ff4  dt=24
0db9| 39          RTS                       cc=c4 a=34 b=00 dp=00 x=5752 y=0000 u=a900 s=1ff6  dt=40
0dbd| 8601        LDA   #$01                cc=c0 a=01 b=00 dp=00 x=5752 y=0000 u=a900 s=1ff6  dt=16
0dbf| a7c4        STA   ,U                  cc=c0 a=01 b=00 dp=00 x=5752 y=0000 u=a900 s=1ff6  dt=32
0dc1| 6f41        CLR   1,U                 cc=c4 a=01 b=00 dp=00 x=5752 y=0000 u=a900 s=1ff6  dt=56
0dc3| 966a        LDA   <$6a                cc=c0 a=01 b=00 dp=00 x=5752 y=0000 u=a900 s=1ff6  dt=32
0dc5| a742        STA   2,U                 cc=c0 a=01 b=00 dp=00 x=5752 y=0000 u=a900 s=1ff6  dt=40
0dc7| 6f43        CLR   3,U                 cc=c4 a=01 b=00 dp=00 x=5752 y=0000 u=a900 s=1ff6  dt=56
0dc9| dc0b        LDD   <$0b                cc=c0 a=4e b=8c dp=00 x=5752 y=0000 u=a900 s=1ff6  dt=40
0dcb| ed44        STD   4,U                 cc=c0 a=4e b=8c dp=00 x=5752 y=0000 u=a900 s=1ff6  dt=48
0dcd| 3348        LEAU  8,U                 cc=c0 a=4e b=8c dp=00 x=5752 y=0000 u=a908 s=1ff6  dt=40
0dcf| 8ea470      LDX   #$a470              cc=c8 a=4e b=8c dp=00 x=a470 y=0000 u=a908 s=1ff6  dt=24
0dd2| 108e0010    LDY   #$0010              cc=c0 a=4e b=8c dp=00 x=a470 y=0010 u=a908 s=1ff6  dt=32
0dd6| ec81        LDD   ,X++                cc=c0 a=01 b=2f dp=00 x=a472 y=0010 u=a908 s=1ff6  dt=64
0dd8| edc1        STD   ,U++                cc=c0 a=01 b=2f dp=00 x=a472 y=0010 u=a90a s=1ff6  dt=64
0dda| 313f        LEAY  -1,Y                cc=c0 a=01 b=2f dp=00 x=a472 y=000f u=a90a s=1ff6  dt=40
0ddc| 26f8        BNE   $0dd6               cc=c0 a=01 b=2f dp=00 x=a472 y=000f u=a90a s=1ff6  dt=24
0dd6| ec81        LDD   ,X++                cc=c8 a=ce b=01 dp=00 x=a474 y=000f u=a90a s=1ff6  dt=64
0dd8| edc1        STD   ,U++                cc=c8 a=ce b=01 dp=00 x=a474 y=000f u=a90c s=1ff6  dt=64
0dda| 313f        LEAY  -1,Y                cc=c8 a=ce b=01 dp=00 x=a474 y=000e u=a90c s=1ff6  dt=40
0ddc| 26f8        BNE   $0dd6               cc=c8 a=ce b=01 dp=00 x=a474 y=000e u=a90c s=1ff6  dt=24
0dd6| ec81        LDD   ,X++                cc=c0 a=05 b=0f dp=00 x=a476 y=000e u=a90c s=1ff6  dt=64
0dd8| edc1        STD   ,U++                cc=c0 a=05 b=0f dp=00 x=a476 y=000e u=a90e s=1ff6  dt=64
0dda| 313f        LEAY  -1,Y                cc=c0 a=05 b=0f dp=00 x=a476 y=000d u=a90e s=1ff6  dt=40
0ddc| 26f8        BNE   $0dd6               cc=c0 a=05 b=0f dp=00 x=a476 y=000d u=a90e s=1ff6  dt=24
0dd6| ec81        LDD   ,X++                cc=c0 a=01 b=01 dp=00 x=a478 y=000d u=a90e s=1ff6  dt=64
0dd8| edc1        STD   ,U++                cc=c0 a=01 b=01 dp=00 x=a478 y=000d u=a910 s=1ff6  dt=64
0dda| 313f        LEAY  -1,Y                cc=c0 a=01 b=01 dp=00 x=a478 y=000c u=a910 s=1ff6  dt=40
0ddc| 26f8        BNE   $0dd6               cc=c0 a=01 b=01 dp=00 x=a478 y=000c u=a910 s=1ff6  dt=24
0dd6| ec81        LDD   ,X++                cc=c0 a=01 b=2f dp=00 x=a47a y=000c u=a910 s=1ff6  dt=64
0dd8| edc1        STD   ,U++                cc=c0 a=01 b=2f dp=00 x=a47a y=000c u=a912 s=1ff6  dt=64
0dda| 313f        LEAY  -1,Y                cc=c0 a=01 b=2f dp=00 x=a47a y=000b u=a912 s=1ff6  dt=40
0ddc| 26f8        BNE   $0dd6               cc=c0 a=01 b=2f dp=00 x=a47a y=000b u=a912 s=1ff6  dt=24
0dd6| ec81        LDD   ,X++                cc=c8 a=ee b=01 dp=00 x=a47c y=000b u=a912 s=1ff6  dt=64
0dd8| edc1        STD   ,U++                cc=c8 a=ee b=01 dp=00 x=a47c y=000b u=a914 s=1ff6  dt=64
0dda| 313f        LEAY  -1,Y                cc=c8 a=ee b=01 dp=00 x=a47c y=000a u=a914 s=1ff6  dt=40
0ddc| 26f8        BNE   $0dd6               cc=c8 a=ee b=01 dp=00 x=a47c y=000a u=a914 s=1ff6  dt=24
0dd6| ec81        LDD   ,X++                cc=c0 a=07 b=0f dp=00 x=a47e y=000a u=a914 s=1ff6  dt=64
0dd8| edc1        STD   ,U++                cc=c0 a=07 b=0f dp=00 x=a47e y=000a u=a916 s=1ff6  dt=64
0dda| 313f        LEAY  -1,Y                cc=c0 a=07 b=0f dp=00 x=a47e y=0009 u=a916 s=1ff6  dt=40
0ddc| 26f8        BNE   $0dd6               cc=c0 a=07 b=0f dp=00 x=a47e y=0009 u=a916 s=1ff6  dt=24
0dd6| ec81        LDD   ,X++                cc=c0 a=01 b=01 dp=00 x=a480 y=0009 u=a916 s=1ff6  dt=64
0dd8| edc1        STD   ,U++                cc=c0 a=01 b=01 dp=00 x=a480 y=0009 u=a918 s=1ff6  dt=64
0dda| 313f        LEAY  -1,Y                cc=c0 a=01 b=01 dp=00 x=a480 y=0008 u=a918 s=1ff6  dt=40
0ddc| 26f8        BNE   $0dd6               cc=c0 a=01 b=01 dp=00 x=a480 y=0008 u=a918 s=1ff6  dt=24
0dd6| ec81        LDD   ,X++                cc=c0 a=01 b=6f dp=00 x=a482 y=0008 u=a918 s=1ff6  dt=64
0dd8| edc1        STD   ,U++                cc=c0 a=01 b=6f dp=00 x=a482 y=0008 u=a91a s=1ff6  dt=64
0dda| 313f        LEAY  -1,Y                cc=c0 a=01 b=6f dp=00 x=a482 y=0007 u=a91a s=1ff6  dt=40
0ddc| 26f8        BNE   $0dd6               cc=c0 a=01 b=6f dp=00 x=a482 y=0007 u=a91a s=1ff6  dt=24
0dd6| ec81        LDD   ,X++                cc=c8 a=ca b=01 dp=00 x=a484 y=0007 u=a91a s=1ff6  dt=64
0dd8| edc1        STD   ,U++                cc=c8 a=ca b=01 dp=00 x=a484 y=0007 u=a91c s=1ff6  dt=64
0dda| 313f        LEAY  -1,Y                cc=c8 a=ca b=01 dp=00 x=a484 y=0006 u=a91c s=1ff6  dt=40
0ddc| 26f8        BNE   $0dd6               cc=c8 a=ca b=01 dp=00 x=a484 y=0006 u=a91c s=1ff6  dt=24
0dd6| ec81        LDD   ,X++                cc=c0 a=09 b=0f dp=00 x=a486 y=0006 u=a91c s=1ff6  dt=64
0dd8| edc1        STD   ,U++                cc=c0 a=09 b=0f dp=00 x=a486 y=0006 u=a91e s=1ff6  dt=64
0dda| 313f        LEAY  -1,Y                cc=c0 a=09 b=0f dp=00 x=a486 y=0005 u=a91e s=1ff6  dt=40
0ddc| 26f8        BNE   $0dd6               cc=c0 a=09 b=0f dp=00 x=a486 y=0005 u=a91e s=1ff6  dt=24
0dd6| ec81        LDD   ,X++                cc=c0 a=01 b=03 dp=00 x=a488 y=0005 u=a91e s=1ff6  dt=64
0dd8| edc1        STD   ,U++                cc=c0 a=01 b=03 dp=00 x=a488 y=0005 u=a920 s=1ff6  dt=64
0dda| 313f        LEAY  -1,Y                cc=c0 a=01 b=03 dp=00 x=a488 y=0004 u=a920 s=1ff6  dt=40
0ddc| 26f8        BNE   $0dd6               cc=c0 a=01 b=03 dp=00 x=a488 y=0004 u=a920 s=1ff6  dt=24
0dd6| ec81        LDD   ,X++                cc=c0 a=01 b=6f dp=00 x=a48a y=0004 u=a920 s=1ff6  dt=64
0dd8| edc1        STD   ,U++                cc=c0 a=01 b=6f dp=00 x=a48a y=0004 u=a922 s=1ff6  dt=64
0dda| 313f        LEAY  -1,Y                cc=c0 a=01 b=6f dp=00 x=a48a y=0003 u=a922 s=1ff6  dt=40
0ddc| 26f8        BNE   $0dd6               cc=c0 a=01 b=6f dp=00 x=a48a y=0003 u=a922 s=1ff6  dt=24
0dd6| ec81        LDD   ,X++                cc=c8 a=ea b=01 dp=00 x=a48c y=0003 u=a922 s=1ff6  dt=64
0dd8| edc1        STD   ,U++                cc=c8 a=ea b=01 dp=00 x=a48c y=0003 u=a924 s=1ff6  dt=64
0dda| 313f        LEAY  -1,Y                cc=c8 a=ea b=01 dp=00 x=a48c y=0002 u=a924 s=1ff6  dt=40
0ddc| 26f8        BNE   $0dd6               cc=c8 a=ea b=01 dp=00 x=a48c y=0002 u=a924 s=1ff6  dt=24
0dd6| ec81        LDD   ,X++                cc=c0 a=0b b=0f dp=00 x=a48e y=0002 u=a924 s=1ff6  dt=64
0dd8| edc1        STD   ,U++                cc=c0 a=0b b=0f dp=00 x=a48e y=0002 u=a926 s=1ff6  dt=64
0dda| 313f        LEAY  -1,Y                cc=c0 a=0b b=0f dp=00 x=a48e y=0001 u=a926 s=1ff6  dt=40
0ddc| 26f8        BNE   $0dd6               cc=c0 a=0b b=0f dp=00 x=a48e y=0001 u=a926 s=1ff6  dt=24
0dd6| ec81        LDD   ,X++                cc=c0 a=01 b=03 dp=00 x=a490 y=0001 u=a926 s=1ff6  dt=64
0dd8| edc1        STD   ,U++                cc=c0 a=01 b=03 dp=00 x=a490 y=0001 u=a928 s=1ff6  dt=64
0dda| 313f        LEAY  -1,Y                cc=c4 a=01 b=03 dp=00 x=a490 y=0000 u=a928 s=1ff6  dt=40
0ddc| 26f8        BNE   $0dd6               cc=c4 a=01 b=03 dp=00 x=a490 y=0000 u=a928 s=1ff6  dt=24
0dde| 4f          CLRA                      cc=c4 a=00 b=03 dp=00 x=a490 y=0000 u=a928 s=1ff6  dt=16
0ddf| 5f          CLRB                      cc=c4 a=00 b=00 dp=00 x=a490 y=0000 u=a928 s=1ff6  dt=16
0de0| edc4        STD   ,U                  cc=c4 a=00 b=00 dp=00 x=a490 y=0000 u=a928 s=1ff6  dt=40
0de2| ed42        STD   2,U                 cc=c4 a=00 b=00 dp=00 x=a490 y=0000 u=a928 s=1ff6  dt=48
0de4| fca898      LDD   $a898               cc=c4 a=00 b=00 dp=00 x=a490 y=0000 u=a928 s=1ff6  dt=48
0de7| ed44        STD   4,U                 cc=c4 a=00 b=00 dp=00 x=a490 y=0000 u=a928 s=1ff6  dt=48
0de9| fca89a      LDD   $a89a               cc=c4 a=00 b=00 dp=00 x=a490 y=0000 u=a928 s=1ff6  dt=48
0dec| ed46        STD   6,U                 cc=c4 a=00 b=00 dp=00 x=a490 y=0000 u=a928 s=1ff6  dt=48
0dee| 39          RTS                       cc=c4 a=00 b=00 dp=00 x=a490 y=0000 u=a928 s=1ff8  dt=40
0da4| 1a10        ORCC  #$10                cc=d4 a=00 b=00 dp=00 x=a490 y=0000 u=a928 s=1ff8  dt=24
0da6| 0f98        CLR   <$98                cc=d4 a=00 b=00 dp=00 x=a490 y=0000 u=a928 s=1ff8  dt=48
0da8| 8601        LDA   #$01                cc=d0 a=01 b=00 dp=00 x=a490 y=0000 u=a928 s=1ff8  dt=16
0daa| 9791        STA   <$91                cc=d0 a=01 b=00 dp=00 x=a490 y=0000 u=a928 s=1ff8  dt=32
0dac| 1cef        ANDCC #$ef                cc=c0 a=01 b=00 dp=00 x=a490 y=0000 u=a928 s=1ff8  dt=24
0dae| 39          RTS                       cc=c0 a=01 b=00 dp=00 x=a490 y=0000 u=a928 s=1ffa  dt=40
0a3a| 0f7f        CLR   <$7f                cc=c4 a=01 b=00 dp=00 x=a490 y=0000 u=a928 s=1ffa  dt=48
0a3c| 0f80        CLR   <$80                cc=c4 a=01 b=00 dp=00 x=a490 y=0000 u=a928 s=1ffa  dt=48
0a3e| 0f88        CLR   <$88                cc=c4 a=01 b=00 dp=00 x=a490 y=0000 u=a928 s=1ffa  dt=48
0a40| 0f8a        CLR   <$8a                cc=c4 a=01 b=00 dp=00 x=a490 y=0000 u=a928 s=1ffa  dt=48
0a42| 0f69        CLR   <$69                cc=c4 a=01 b=00 dp=00 x=a490 y=0000 u=a928 s=1ffa  dt=48
0a44| 39          RTS                       cc=c4 a=01 b=00 dp=00 x=a490 y=0000 u=a928 s=1ffc  dt=40
d23b| 39          RTS                       cc=c4 a=01 b=00 dp=00 x=a490 y=0000 u=a928 s=1ffe  dt=40
c143| 20a0        BRA   $c0e5               cc=c4 a=01 b=00 dp=00 x=a490 y=0000 u=a928 s=1ffe  dt=24
c0e5| 13          SYNC                      cc=c4 a=01 b=00 dp=00 x=a490 y=0000 u=a928 s=1ffe  dt=171088
fff8| fef7        [IRQ]                     dt=152
fef7| 7ed413      JMP   $d413               cc=d4 a=01 b=00 dp=00 x=a490 y=0000 u=a928 s=1ff2  dt=32
d413| bd081e      JSR   $081e               cc=d4 a=01 b=00 dp=00 x=a490 y=0000 u=a928 s=1ff0  dt=64
081e| 7e0def      JMP   $0def               cc=d4 a=01 b=00 dp=00 x=a490 y=0000 u=a928 s=1ff0  dt=32
0def| b6ff92      LDA   $ff92               cc=d0 a=08 b=00 dp=00 x=a490 y=0000 u=a928 s=1ff0  dt=40
0df2| 0c03        INC   <$03                cc=d8 a=08 b=00 dp=00 x=a490 y=0000 u=a928 s=1ff0  dt=48
0df4| 2602        BNE   $0df8               cc=d8 a=08 b=00 dp=00 x=a490 y=0000 u=a928 s=1ff0  dt=24
0df8| 0d91        TST   <$91                cc=d0 a=08 b=00 dp=00 x=a490 y=0000 u=a928 s=1ff0  dt=48
0dfa| 2722        BEQ   $0e1e               cc=d0 a=08 b=00 dp=00 x=a490 y=0000 u=a928 s=1ff0  dt=24
0dfc| 86c0        LDA   #$c0                cc=d8 a=c0 b=00 dp=00 x=a490 y=0000 u=a928 s=1ff0  dt=16
0dfe| 0d90        TST   <$90                cc=d4 a=c0 b=00 dp=00 x=a490 y=0000 u=a928 s=1ff0  dt=48
0e00| 2702        BEQ   $0e04               cc=d4 a=c0 b=00 dp=00 x=a490 y=0000 u=a928 s=1ff0  dt=24
0e04| b7ff9d      STA   $ff9d               cc=d8 a=c0 b=00 dp=00 x=a490 y=0000 u=a928 s=1ff0  dt=40
0e07| 968f        LDA   <$8f                cc=d0 a=01 b=00 dp=00 x=a490 y=0000 u=a928 s=1ff0  dt=32
0e09| d690        LDB   <$90                cc=d4 a=01 b=00 dp=00 x=a490 y=0000 u=a928 s=1ff0  dt=32
0e0b| d78f        STB   <$8f                cc=d4 a=01 b=00 dp=00 x=a490 y=0000 u=a928 s=1ff0  dt=32
0e0d| 9790        STA   <$90                cc=d0 a=01 b=00 dp=00 x=a490 y=0000 u=a928 s=1ff0  dt=32
0e0f| 0f91        CLR   <$91                cc=d4 a=01 b=00 dp=00 x=a490 y=0000 u=a928 s=1ff0  dt=48
0e11| 0c93        INC   <$93                cc=d0 a=01 b=00 dp=00 x=a490 y=0000 u=a928 s=1ff0  dt=48
0e13| 2602        BNE   $0e17               cc=d0 a=01 b=00 dp=00 x=a490 y=0000 u=a928 s=1ff0  dt=24
0e17| 0c95        INC   <$95                cc=d0 a=01 b=00 dp=00 x=a490 y=0000 u=a928 s=1ff0  dt=48
0e19| 2602        BNE   $0e1d               cc=d0 a=01 b=00 dp=00 x=a490 y=0000 u=a928 s=1ff0  dt=24
0e1d| 39          RTS                       cc=d0 a=01 b=00 dp=00 x=a490 y=0000 u=a928 s=1ff2  dt=40
d416| 3b          RTI                       cc=c4 a=01 b=00 dp=00 x=a490 y=0000 u=a928 s=1ffe  dt=120
c0e6| 0d91        TST   <$91                cc=c4 a=01 b=00 dp=00 x=a490 y=0000 u=a928 s=1ffe  dt=48
c0e8| 26fb        BNE   $c0e5               cc=c4 a=01 b=00 dp=00 x=a490 y=0000 u=a928 s=1ffe  dt=24
c0ea| 9603        LDA   <$03                cc=c8 a=c6 b=00 dp=00 x=a490 y=0000 u=a928 s=1ffe  dt=32
c0ec| 9100        CMPA  <$00                cc=c0 a=c6 b=00 dp=00 x=a490 y=0000 u=a928 s=1ffe  dt=32
c0ee| 27f5        BEQ   $c0e5               cc=c0 a=c6 b=00 dp=00 x=a490 y=0000 u=a928 s=1ffe  dt=24
c0f0| 9700        STA   <$00                cc=c8 a=c6 b=00 dp=00 x=a490 y=0000 u=a928 s=1ffe  dt=32
c0f2| 8601        LDA   #$01                cc=c0 a=01 b=00 dp=00 x=a490 y=0000 u=a928 s=1ffe  dt=16
c0f4| 9798        STA   <$98                cc=c0 a=01 b=00 dp=00 x=a490 y=0000 u=a928 s=1ffe  dt=32
c0f6| 170d35      LBSR  $ce2e               cc=c0 a=01 b=00 dp=00 x=a490 y=0000 u=a928 s=1ffc  dt=72
ce2e| 9619        LDA   <$19                cc=c4 a=00 b=00 dp=00 x=a490 y=0000 u=a928 s=1ffc  dt=32
ce30| 2709        BEQ   $ce3b               cc=c4 a=00 b=00 dp=00 x=a490 y=0000 u=a928 s=1ffc  dt=24
ce3b| 39          RTS                       cc=c4 a=00 b=00 dp=00 x=a490 y=0000 u=a928 s=1ffe  dt=40
c0f9| 170eb5      LBSR  $cfb1               cc=c4 a=00 b=00 dp=00 x=a490 y=0000 u=a928 s=1ffc  dt=72
cfb1| 9651        LDA   <$51                cc=c4 a=00 b=00 dp=00 x=a490 y=0000 u=a928 s=1ffc  dt=32
cfb3| 2711        BEQ   $cfc6               cc=c4 a=00 b=00 dp=00 x=a490 y=0000 u=a928 s=1ffc  dt=24
cfc6| 39          RTS                       cc=c4 a=00 b=00 dp=00 x=a490 y=0000 u=a928 s=1ffe  dt=40
c0fc| 171146      LBSR  $d245               cc=c4 a=00 b=00 dp=00 x=a490 y=0000 u=a928 s=1ffc  dt=72
d245| 9651        LDA   <$51                cc=c4 a=00 b=00 dp=00 x=a490 y=0000 u=a928 s=1ffc  dt=32
d247| 2618        BNE   $d261               cc=c4 a=00 b=00 dp=00 x=a490 y=0000 u=a928 s=1ffc  dt=24
d249| 964d        LDA   <$4d                cc=c4 a=00 b=00 dp=00 x=a490 y=0000 u=a928 s=1ffc  dt=32
d24b| 2704        BEQ   $d251               cc=c4 a=00 b=00 dp=00 x=a490 y=0000 u=a928 s=1ffc  dt=24
d251| 0a50        DEC   <$50                cc=c0 a=00 b=00 dp=00 x=a490 y=0000 u=a928 s=1ffc  dt=48
d253| 260c        BNE   $d261               cc=c0 a=00 b=00 dp=00 x=a490 y=0000 u=a928 s=1ffc  dt=24
d261| 39          RTS                       cc=c0 a=00 b=00 dp=00 x=a490 y=0000 u=a928 s=1ffe  dt=40
c0ff| 171164      LBSR  $d266               cc=c0 a=00 b=00 dp=00 x=a490 y=0000 u=a928 s=1ffc  dt=72
d266| bd0803      JSR   $0803               cc=c0 a=00 b=00 dp=00 x=a490 y=0000 u=a928 s=1ffa  dt=64
0803| 7e08c9      JMP   $08c9               cc=c0 a=00 b=00 dp=00 x=a490 y=0000 u=a928 s=1ffa  dt=32
08c9| 9687        LDA   <$87                cc=c4 a=00 b=00 dp=00 x=a490 y=0000 u=a928 s=1ffa  dt=32
08cb| 8502        BITA  #$02                cc=c4 a=00 b=00 dp=00 x=a490 y=0000 u=a928 s=1ffa  dt=16
08cd| 2603        BNE   $08d2               cc=c4 a=00 b=00 dp=00 x=a490 y=0000 u=a928 s=1ffa  dt=24
08cf| 17075f      LBSR  $1031               cc=c4 a=00 b=00 dp=00 x=a490 y=0000 u=a928 s=1ff8  dt=72
1031| cea890      LDU   #$a890              cc=c8 a=00 b=00 dp=00 x=a490 y=0000 u=a890 s=1ff8  dt=24
1034| 4f          CLRA                      cc=c4 a=00 b=00 dp=00 x=a490 y=0000 u=a890 s=1ff8  dt=16
1035| 5f          CLRB                      cc=c4 a=00 b=00 dp=00 x=a490 y=0000 u=a890 s=1ff8  dt=16
1036| edc4        STD   ,U                  cc=c4 a=00 b=00 dp=00 x=a490 y=0000 u=a890 s=1ff8  dt=40
1038| ed42        STD   2,U                 cc=c4 a=00 b=00 dp=00 x=a490 y=0000 u=a890 s=1ff8  dt=48
103a| ed44        STD   4,U                 cc=c4 a=00 b=00 dp=00 x=a490 y=0000 u=a890 s=1ff8  dt=48
103c| ed46        STD   6,U                 cc=c4 a=00 b=00 dp=00 x=a490 y=0000 u=a890 s=1ff8  dt=48
103e| 0f86        CLR   <$86                cc=c4 a=00 b=00 dp=00 x=a490 y=0000 u=a890 s=1ff8  dt=48
1040| 8ea470      LDX   #$a470              cc=c8 a=00 b=00 dp=00 x=a470 y=0000 u=a890 s=1ff8  dt=24
1043| 8604        LDA   #$04                cc=c0 a=04 b=00 dp=00 x=a470 y=0000 u=a890 s=1ff8  dt=16
1045| 975d        STA   <$5d                cc=c0 a=04 b=00 dp=00 x=a470 y=0000 u=a890 s=1ff8  dt=32
1047| 6d84        TST   ,X                  cc=c0 a=04 b=00 dp=00 x=a470 y=0000 u=a890 s=1ff8  dt=48
1049| 2723        BEQ   $106e               cc=c0 a=04 b=00 dp=00 x=a470 y=0000 u=a890 s=1ff8  dt=24
104b| 6d06        TST   6,X                 cc=c0 a=04 b=00 dp=00 x=a470 y=0000 u=a890 s=1ff8  dt=56
104d| 2606        BNE   $1055               cc=c0 a=04 b=00 dp=00 x=a470 y=0000 u=a890 s=1ff8  dt=24
1055| 170021      LBSR  $1079               cc=c0 a=04 b=00 dp=00 x=a470 y=0000 u=a890 s=1ff6  dt=72
1079| 8604        LDA   #$04                cc=c0 a=04 b=00 dp=00 x=a470 y=0000 u=a890 s=1ff6  dt=16
107b| 905d        SUBA  <$5d                cc=c4 a=00 b=00 dp=00 x=a470 y=0000 u=a890 s=1ff6  dt=32
107d| 48          LSLA                      cc=c4 a=00 b=00 dp=00 x=a470 y=0000 u=a890 s=1ff6  dt=16
107e| cea890      LDU   #$a890              cc=c8 a=00 b=00 dp=00 x=a470 y=0000 u=a890 s=1ff6  dt=24
1081| 33c6        LEAU  A,U                 cc=c8 a=00 b=00 dp=00 x=a470 y=0000 u=a890 s=1ff6  dt=40
1083| 39          RTS                       cc=c8 a=00 b=00 dp=00 x=a470 y=0000 u=a890 s=1ff8  dt=40
1058| ec01        LDD   1,X                 cc=c0 a=2f b=ce dp=00 x=a470 y=0000 u=a890 s=1ff8  dt=48
105a| edc4        STD   ,U                  cc=c0 a=2f b=ce dp=00 x=a470 y=0000 u=a890 s=1ff8  dt=40
105c| 6d06        TST   6,X                 cc=c0 a=2f b=ce dp=00 x=a470 y=0000 u=a890 s=1ff8  dt=56
105e| 270e        BEQ   $106e               cc=c0 a=2f b=ce dp=00 x=a470 y=0000 u=a890 s=1ff8  dt=24
1060| 8604        LDA   #$04                cc=c0 a=04 b=ce dp=00 x=a470 y=0000 u=a890 s=1ff8  dt=16
1062| 905d        SUBA  <$5d                cc=c4 a=00 b=ce dp=00 x=a470 y=0000 u=a890 s=1ff8  dt=32
1064| 108e1075    LDY   #$1075              cc=c0 a=00 b=ce dp=00 x=a470 y=1075 u=a890 s=1ff8  dt=32
1068| e6a6        LDB   A,Y                 cc=c0 a=00 b=01 dp=00 x=a470 y=1075 u=a890 s=1ff8  dt=40
106a| da86        ORB   <$86                cc=c0 a=00 b=01 dp=00 x=a470 y=1075 u=a890 s=1ff8  dt=32
106c| d786        STB   <$86                cc=c0 a=00 b=01 dp=00 x=a470 y=1075 u=a890 s=1ff8  dt=32
106e| 3008        LEAX  8,X                 cc=c0 a=00 b=01 dp=00 x=a478 y=1075 u=a890 s=1ff8  dt=40
1070| 0a5d        DEC   <$5d                cc=c0 a=00 b=01 dp=00 x=a478 y=1075 u=a890 s=1ff8  dt=48
1072| 26d3        BNE   $1047               cc=c0 a=00 b=01 dp=00 x=a478 y=1075 u=a890 s=1ff8  dt=24
1047| 6d84        TST   ,X                  cc=c0 a=00 b=01 dp=00 x=a478 y=1075 u=a890 s=1ff8  dt=48
1049| 2723        BEQ   $106e               cc=c0 a=00 b=01 dp=00 x=a478 y=1075 u=a890 s=1ff8  dt=24
104b| 6d06        TST   6,X                 cc=c0 a=00 b=01 dp=00 x=a478 y=1075 u=a890 s=1ff8  dt=56
104d| 2606        BNE   $1055               cc=c0 a=00 b=01 dp=00 x=a478 y=1075 u=a890 s=1ff8  dt=24
1055| 170021      LBSR  $1079               cc=c0 a=00 b=01 dp=00 x=a478 y=1075 u=a890 s=1ff6  dt=72
1079| 8604        LDA   #$04                cc=c0 a=04 b=01 dp=00 x=a478 y=1075 u=a890 s=1ff6  dt=16
107b| 905d        SUBA  <$5d                cc=c0 a=01 b=01 dp=00 x=a478 y=1075 u=a890 s=1ff6  dt=32
107d| 48          LSLA                      cc=c0 a=02 b=01 dp=00 x=a478 y=1075 u=a890 s=1ff6  dt=16
107e| cea890      LDU   #$a890              cc=c8 a=02 b=01 dp=00 x=a478 y=1075 u=a890 s=1ff6  dt=24
1081| 33c6        LEAU  A,U                 cc=c8 a=02 b=01 dp=00 x=a478 y=1075 u=a892 s=1ff6  dt=40
1083| 39          RTS                       cc=c8 a=02 b=01 dp=00 x=a478 y=1075 u=a892 s=1ff8  dt=40
1058| ec01        LDD   1,X                 cc=c0 a=2f b=ee dp=00 x=a478 y=1075 u=a892 s=1ff8  dt=48
105a| edc4        STD   ,U                  cc=c0 a=2f b=ee dp=00 x=a478 y=1075 u=a892 s=1ff8  dt=40
105c| 6d06        TST   6,X                 cc=c0 a=2f b=ee dp=00 x=a478 y=1075 u=a892 s=1ff8  dt=56
105e| 270e        BEQ   $106e               cc=c0 a=2f b=ee dp=00 x=a478 y=1075 u=a892 s=1ff8  dt=24
1060| 8604        LDA   #$04                cc=c0 a=04 b=ee dp=00 x=a478 y=1075 u=a892 s=1ff8  dt=16
1062| 905d        SUBA  <$5d                cc=c0 a=01 b=ee dp=00 x=a478 y=1075 u=a892 s=1ff8  dt=32
1064| 108e1075    LDY   #$1075              cc=c0 a=01 b=ee dp=00 x=a478 y=1075 u=a892 s=1ff8  dt=32
1068| e6a6        LDB   A,Y                 cc=c0 a=01 b=02 dp=00 x=a478 y=1075 u=a892 s=1ff8  dt=40
106a| da86        ORB   <$86                cc=c0 a=01 b=03 dp=00 x=a478 y=1075 u=a892 s=1ff8  dt=32
106c| d786        STB   <$86                cc=c0 a=01 b=03 dp=00 x=a478 y=1075 u=a892 s=1ff8  dt=32
106e| 3008        LEAX  8,X                 cc=c0 a=01 b=03 dp=00 x=a480 y=1075 u=a892 s=1ff8  dt=40
1070| 0a5d        DEC   <$5d                cc=c0 a=01 b=03 dp=00 x=a480 y=1075 u=a892 s=1ff8  dt=48
1072| 26d3        BNE   $1047               cc=c0 a=01 b=03 dp=00 x=a480 y=1075 u=a892 s=1ff8  dt=24
1047| 6d84        TST   ,X                  cc=c0 a=01 b=03 dp=00 x=a480 y=1075 u=a892 s=1ff8  dt=48
1049| 2723        BEQ   $106e               cc=c0 a=01 b=03 dp=00 x=a480 y=1075 u=a892 s=1ff8  dt=24
104b| 6d06        TST   6,X                 cc=c0 a=01 b=03 dp=00 x=a480 y=1075 u=a892 s=1ff8  dt=56
104d| 2606        BNE   $1055               cc=c0 a=01 b=03 dp=00 x=a480 y=1075 u=a892 s=1ff8  dt=24
1055| 170021      LBSR  $1079               cc=c0 a=01 b=03 dp=00 x=a480 y=1075 u=a892 s=1ff6  dt=72
1079| 8604        LDA   #$04                cc=c0 a=04 b=03 dp=00 x=a480 y=1075 u=a892 s=1ff6  dt=16
107b| 905d        SUBA  <$5d                cc=c0 a=02 b=03 dp=00 x=a480 y=1075 u=a892 s=1ff6  dt=32
107d| 48          LSLA                      cc=c0 a=04 b=03 dp=00 x=a480 y=1075 u=a892 s=1ff6  dt=16
107e| cea890      LDU   #$a890              cc=c8 a=04 b=03 dp=00 x=a480 y=1075 u=a890 s=1ff6  dt=24
1081| 33c6        LEAU  A,U                 cc=c8 a=04 b=03 dp=00 x=a480 y=1075 u=a894 s=1ff6  dt=40
1083| 39          RTS                       cc=c8 a=04 b=03 dp=00 x=a480 y=1075 u=a894 s=1ff8  dt=40
1058| ec01        LDD   1,X                 cc=c0 a=6f b=ca dp=00 x=a480 y=1075 u=a894 s=1ff8  dt=48
105a| edc4        STD   ,U                  cc=c0 a=6f b=ca dp=00 x=a480 y=1075 u=a894 s=1ff8  dt=40
105c| 6d06        TST   6,X                 cc=c0 a=6f b=ca dp=00 x=a480 y=1075 u=a894 s=1ff8  dt=56
105e| 270e        BEQ   $106e               cc=c0 a=6f b=ca dp=00 x=a480 y=1075 u=a894 s=1ff8  dt=24
1060| 8604        LDA   #$04                cc=c0 a=04 b=ca dp=00 x=a480 y=1075 u=a894 s=1ff8  dt=16
1062| 905d        SUBA  <$5d                cc=c0 a=02 b=ca dp=00 x=a480 y=1075 u=a894 s=1ff8  dt=32
1064| 108e1075    LDY   #$1075              cc=c0 a=02 b=ca dp=00 x=a480 y=1075 u=a894 s=1ff8  dt=32
1068| e6a6        LDB   A,Y                 cc=c0 a=02 b=04 dp=00 x=a480 y=1075 u=a894 s=1ff8  dt=40
106a| da86        ORB   <$86                cc=c0 a=02 b=07 dp=00 x=a480 y=1075 u=a894 s=1ff8  dt=32
106c| d786        STB   <$86                cc=c0 a=02 b=07 dp=00 x=a480 y=1075 u=a894 s=1ff8  dt=32
106e| 3008        LEAX  8,X                 cc=c0 a=02 b=07 dp=00 x=a488 y=1075 u=a894 s=1ff8  dt=40
1070| 0a5d        DEC   <$5d                cc=c0 a=02 b=07 dp=00 x=a488 y=1075 u=a894 s=1ff8  dt=48
1072| 26d3        BNE   $1047               cc=c0 a=02 b=07 dp=00 x=a488 y=1075 u=a894 s=1ff8  dt=24
1047| 6d84        TST   ,X                  cc=c0 a=02 b=07 dp=00 x=a488 y=1075 u=a894 s=1ff8  dt=48
1049| 2723        BEQ   $106e               cc=c0 a=02 b=07 dp=00 x=a488 y=1075 u=a894 s=1ff8  dt=24
104b| 6d06        TST   6,X                 cc=c0 a=02 b=07 dp=00 x=a488 y=1075 u=a894 s=1ff8  dt=56
104d| 2606        BNE   $1055               cc=c0 a=02 b=07 dp=00 x=a488 y=1075 u=a894 s=1ff8  dt=24
1055| 170021      LBSR  $1079               cc=c0 a=02 b=07 dp=00 x=a488 y=1075 u=a894 s=1ff6  dt=72
1079| 8604        LDA   #$04                cc=c0 a=04 b=07 dp=00 x=a488 y=1075 u=a894 s=1ff6  dt=16
107b| 905d        SUBA  <$5d                cc=c0 a=03 b=07 dp=00 x=a488 y=1075 u=a894 s=1ff6  dt=32
107d| 48          LSLA                      cc=c0 a=06 b=07 dp=00 x=a488 y=1075 u=a894 s=1ff6  dt=16
107e| cea890      LDU   #$a890              cc=c8 a=06 b=07 dp=00 x=a488 y=1075 u=a890 s=1ff6  dt=24
1081| 33c6        LEAU  A,U                 cc=c8 a=06 b=07 dp=00 x=a488 y=1075 u=a896 s=1ff6  dt=40
1083| 39          RTS                       cc=c8 a=06 b=07 dp=00 x=a488 y=1075 u=a896 s=1ff8  dt=40
1058| ec01        LDD   1,X                 cc=c0 a=6f b=ea dp=00 x=a488 y=1075 u=a896 s=1ff8  dt=48
105a| edc4        STD   ,U                  cc=c0 a=6f b=ea dp=00 x=a488 y=1075 u=a896 s=1ff8  dt=40
105c| 6d06        TST   6,X                 cc=c0 a=6f b=ea dp=00 x=a488 y=1075 u=a896 s=1ff8  dt=56
105e| 270e        BEQ   $106e               cc=c0 a=6f b=ea dp=00 x=a488 y=1075 u=a896 s=1ff8  dt=24
1060| 8604        LDA   #$04                cc=c0 a=04 b=ea dp=00 x=a488 y=1075 u=a896 s=1ff8  dt=16
1062| 905d        SUBA  <$5d                cc=c0 a=03 b=ea dp=00 x=a488 y=1075 u=a896 s=1ff8  dt=32
1064| 108e1075    LDY   #$1075              cc=c0 a=03 b=ea dp=00 x=a488 y=1075 u=a896 s=1ff8  dt=32
1068| e6a6        LDB   A,Y                 cc=c0 a=03 b=08 dp=00 x=a488 y=1075 u=a896 s=1ff8  dt=40
106a| da86        ORB   <$86                cc=c0 a=03 b=0f dp=00 x=a488 y=1075 u=a896 s=1ff8  dt=32
106c| d786        STB   <$86                cc=c0 a=03 b=0f dp=00 x=a488 y=1075 u=a896 s=1ff8  dt=32
106e| 3008        LEAX  8,X                 cc=c0 a=03 b=0f dp=00 x=a490 y=1075 u=a896 s=1ff8  dt=40
1070| 0a5d        DEC   <$5d                cc=c4 a=03 b=0f dp=00 x=a490 y=1075 u=a896 s=1ff8  dt=48
1072| 26d3        BNE   $1047               cc=c4 a=03 b=0f dp=00 x=a490 y=1075 u=a896 s=1ff8  dt=24
1074| 39          RTS                       cc=c4 a=03 b=0f dp=00 x=a490 y=1075 u=a896 s=1ffa  dt=40
08d2| 964d        LDA   <$4d                cc=c4 a=00 b=0f dp=00 x=a490 y=1075 u=a896 s=1ffa  dt=32
08d4| 271c        BEQ   $08f2               cc=c4 a=00 b=0f dp=00 x=a490 y=1075 u=a896 s=1ffa  dt=24
08f2| 0f62        CLR   <$62                cc=c4 a=00 b=0f dp=00 x=a490 y=1075 u=a896 s=1ffa  dt=48
08f4| 8ea470      LDX   #$a470              cc=c8 a=00 b=0f dp=00 x=a470 y=1075 u=a896 s=1ffa  dt=24
08f7| 8604        LDA   #$04                cc=c0 a=04 b=0f dp=00 x=a470 y=1075 u=a896 s=1ffa  dt=16
08f9| 975d        STA   <$5d                cc=c0 a=04 b=0f dp=00 x=a470 y=1075 u=a896 s=1ffa  dt=32
08fb| 6d84        TST   ,X                  cc=c0 a=04 b=0f dp=00 x=a470 y=1075 u=a896 s=1ffa  dt=48
08fd| 2707        BEQ   $0906               cc=c0 a=04 b=0f dp=00 x=a470 y=1075 u=a896 s=1ffa  dt=24
08ff| 1706c6      LBSR  $0fc8               cc=c0 a=04 b=0f dp=00 x=a470 y=1075 u=a896 s=1ff8  dt=72
0fc8| 9609        LDA   <$09                cc=c0 a=0c b=0f dp=00 x=a470 y=1075 u=a896 s=1ff8  dt=32
0fca| a004        SUBA  4,X                 cc=c0 a=07 b=0f dp=00 x=a470 y=1075 u=a896 s=1ff8  dt=40
0fcc| 2a01        BPL   $0fcf               cc=c0 a=07 b=0f dp=00 x=a470 y=1075 u=a896 s=1ff8  dt=24
0fcf| 8101        CMPA  #$01                cc=c0 a=07 b=0f dp=00 x=a470 y=1075 u=a896 s=1ff8  dt=16
0fd1| 220e        BHI   $0fe1               cc=c0 a=07 b=0f dp=00 x=a470 y=1075 u=a896 s=1ff8  dt=24
0fe1| 1cfe        ANDCC #$fe                cc=c0 a=07 b=0f dp=00 x=a470 y=1075 u=a896 s=1ff8  dt=24
0fe3| 39          RTS                       cc=c0 a=07 b=0f dp=00 x=a470 y=1075 u=a896 s=1ffa  dt=40
0902| 102500c8    LBCS  $09ce               cc=c0 a=07 b=0f dp=00 x=a470 y=1075 u=a896 s=1ffa  dt=40
0906| 3008        LEAX  8,X                 cc=c0 a=07 b=0f dp=00 x=a478 y=1075 u=a896 s=1ffa  dt=40
0908| 0a5d        DEC   <$5d                cc=c0 a=07 b=0f dp=00 x=a478 y=1075 u=a896 s=1ffa  dt=48
090a| 26ef        BNE   $08fb               cc=c0 a=07 b=0f dp=00 x=a478 y=1075 u=a896 s=1ffa  dt=24
08fb| 6d84        TST   ,X                  cc=c0 a=07 b=0f dp=00 x=a478 y=1075 u=a896 s=1ffa  dt=48
08fd| 2707        BEQ   $0906               cc=c0 a=07 b=0f dp=00 x=a478 y=1075 u=a896 s=1ffa  dt=24
08ff| 1706c6      LBSR  $0fc8               cc=c0 a=07 b=0f dp=00 x=a478 y=1075 u=a896 s=1ff8  dt=72
0fc8| 9609        LDA   <$09                cc=c0 a=0c b=0f dp=00 x=a478 y=1075 u=a896 s=1ff8  dt=32
0fca| a004        SUBA  4,X                 cc=c0 a=05 b=0f dp=00 x=a478 y=1075 u=a896 s=1ff8  dt=40
0fcc| 2a01        BPL   $0fcf               cc=c0 a=05 b=0f dp=00 x=a478 y=1075 u=a896 s=1ff8  dt=24
0fcf| 8101        CMPA  #$01                cc=c0 a=05 b=0f dp=00 x=a478 y=1075 u=a896 s=1ff8  dt=16
0fd1| 220e        BHI   $0fe1               cc=c0 a=05 b=0f dp=00 x=a478 y=1075 u=a896 s=1ff8  dt=24
0fe1| 1cfe        ANDCC #$fe                cc=c0 a=05 b=0f dp=00 x=a478 y=1075 u=a896 s=1ff8  dt=24
0fe3| 39          RTS                       cc=c0 a=05 b=0f dp=00 x=a478 y=1075 u=a896 s=1ffa  dt=40
0902| 102500c8    LBCS  $09ce               cc=c0 a=05 b=0f dp=00 x=a478 y=1075 u=a896 s=1ffa  dt=40
0906| 3008        LEAX  8,X                 cc=c0 a=05 b=0f dp=00 x=a480 y=1075 u=a896 s=1ffa  dt=40
0908| 0a5d        DEC   <$5d                cc=c0 a=05 b=0f dp=00 x=a480 y=1075 u=a896 s=1ffa  dt=48
090a| 26ef        BNE   $08fb               cc=c0 a=05 b=0f dp=00 x=a480 y=1075 u=a896 s=1ffa  dt=24
08fb| 6d84        TST   ,X                  cc=c0 a=05 b=0f dp=00 x=a480 y=1075 u=a896 s=1ffa  dt=48
08fd| 2707        BEQ   $0906               cc=c0 a=05 b=0f dp=00 x=a480 y=1075 u=a896 s=1ffa  dt=24
08ff| 1706c6      LBSR  $0fc8               cc=c0 a=05 b=0f dp=00 x=a480 y=1075 u=a896 s=1ff8  dt=72
0fc8| 9609        LDA   <$09                cc=c0 a=0c b=0f dp=00 x=a480 y=1075 u=a896 s=1ff8  dt=32
0fca| a004        SUBA  4,X                 cc=c0 a=03 b=0f dp=00 x=a480 y=1075 u=a896 s=1ff8  dt=40
0fcc| 2a01        BPL   $0fcf               cc=c0 a=03 b=0f dp=00 x=a480 y=1075 u=a896 s=1ff8  dt=24
0fcf| 8101        CMPA  #$01                cc=c0 a=03 b=0f dp=00 x=a480 y=1075 u=a896 s=1ff8  dt=16
0fd1| 220e        BHI   $0fe1               cc=c0 a=03 b=0f dp=00 x=a480 y=1075 u=a896 s=1ff8  dt=24
0fe1| 1cfe        ANDCC #$fe                cc=c0 a=03 b=0f dp=00 x=a480 y=1075 u=a896 s=1ff8  dt=24
0fe3| 39          RTS                       cc=c0 a=03 b=0f dp=00 x=a480 y=1075 u=a896 s=1ffa  dt=40
0902| 102500c8    LBCS  $09ce               cc=c0 a=03 b=0f dp=00 x=a480 y=1075 u=a896 s=1ffa  dt=40
0906| 3008        LEAX  8,X                 cc=c0 a=03 b=0f dp=00 x=a488 y=1075 u=a896 s=1ffa  dt=40
0908| 0a5d        DEC   <$5d                cc=c0 a=03 b=0f dp=00 x=a488 y=1075 u=a896 s=1ffa  dt=48
090a| 26ef        BNE   $08fb               cc=c0 a=03 b=0f dp=00 x=a488 y=1075 u=a896 s=1ffa  dt=24
08fb| 6d84        TST   ,X                  cc=c0 a=03 b=0f dp=00 x=a488 y=1075 u=a896 s=1ffa  dt=48
08fd| 2707        BEQ   $0906               cc=c0 a=03 b=0f dp=00 x=a488 y=1075 u=a896 s=1ffa  dt=24
08ff| 1706c6      LBSR  $0fc8               cc=c0 a=03 b=0f dp=00 x=a488 y=1075 u=a896 s=1ff8  dt=72
0fc8| 9609        LDA   <$09                cc=c0 a=0c b=0f dp=00 x=a488 y=1075 u=a896 s=1ff8  dt=32
0fca| a004        SUBA  4,X                 cc=c0 a=01 b=0f dp=00 x=a488 y=1075 u=a896 s=1ff8  dt=40
0fcc| 2a01        BPL   $0fcf               cc=c0 a=01 b=0f dp=00 x=a488 y=1075 u=a896 s=1ff8  dt=24
0fcf| 8101        CMPA  #$01                cc=c4 a=01 b=0f dp=00 x=a488 y=1075 u=a896 s=1ff8  dt=16
0fd1| 220e        BHI   $0fe1               cc=c4 a=01 b=0f dp=00 x=a488 y=1075 u=a896 s=1ff8  dt=24
0fd3| 960a        LDA   <$0a                cc=c0 a=12 b=0f dp=00 x=a488 y=1075 u=a896 s=1ff8  dt=32
0fd5| a005        SUBA  5,X                 cc=c0 a=03 b=0f dp=00 x=a488 y=1075 u=a896 s=1ff8  dt=40
0fd7| 2a01        BPL   $0fda               cc=c0 a=03 b=0f dp=00 x=a488 y=1075 u=a896 s=1ff8  dt=24
0fda| 8101        CMPA  #$01                cc=c0 a=03 b=0f dp=00 x=a488 y=1075 u=a896 s=1ff8  dt=16
0fdc| 2203        BHI   $0fe1               cc=c0 a=03 b=0f dp=00 x=a488 y=1075 u=a896 s=1ff8  dt=24
0fe1| 1cfe        ANDCC #$fe                cc=c0 a=03 b=0f dp=00 x=a488 y=1075 u=a896 s=1ff8  dt=24
0fe3| 39          RTS                       cc=c0 a=03 b=0f dp=00 x=a488 y=1075 u=a896 s=1ffa  dt=40
0902| 102500c8    LBCS  $09ce               cc=c0 a=03 b=0f dp=00 x=a488 y=1075 u=a896 s=1ffa  dt=40
0906| 3008        LEAX  8,X                 cc=c0 a=03 b=0f dp=00 x=a490 y=1075 u=a896 s=1ffa  dt=40
0908| 0a5d        DEC   <$5d                cc=c4 a=03 b=0f dp=00 x=a490 y=1075 u=a896 s=1ffa  dt=48
090a| 26ef        BNE   $08fb               cc=c4 a=03 b=0f dp=00 x=a490 y=1075 u=a896 s=1ffa  dt=24
090c| 0f61        CLR   <$61                cc=c4 a=03 b=0f dp=00 x=a490 y=1075 u=a896 s=1ffa  dt=48
090e| 0a55        DEC   <$55                cc=c0 a=03 b=0f dp=00 x=a490 y=1075 u=a896 s=1ffa  dt=48
0910| 2610        BNE   $0922               cc=c0 a=03 b=0f dp=00 x=a490 y=1075 u=a896 s=1ffa  dt=24
0922| 0d4d        TST   <$4d                cc=c4 a=03 b=0f dp=00 x=a490 y=1075 u=a896 s=1ffa  dt=48
0924| 262e        BNE   $0954               cc=c4 a=03 b=0f dp=00 x=a490 y=1075 u=a896 s=1ffa  dt=24
0926| dc5b        LDD   <$5b                cc=c4 a=00 b=00 dp=00 x=a490 y=1075 u=a896 s=1ffa  dt=40
0928| 2707        BEQ   $0931               cc=c4 a=00 b=00 dp=00 x=a490 y=1075 u=a896 s=1ffa  dt=24
0931| 9600        LDA   <$00                cc=c8 a=c6 b=00 dp=00 x=a490 y=1075 u=a896 s=1ffa  dt=32
0933| 8401        ANDA  #$01                cc=c4 a=00 b=00 dp=00 x=a490 y=1075 u=a896 s=1ffa  dt=16
0935| 261d        BNE   $0954               cc=c4 a=00 b=00 dp=00 x=a490 y=1075 u=a896 s=1ffa  dt=24
0937| 8ea470      LDX   #$a470              cc=c8 a=00 b=00 dp=00 x=a470 y=1075 u=a896 s=1ffa  dt=24
093a| 8604        LDA   #$04                cc=c0 a=04 b=00 dp=00 x=a470 y=1075 u=a896 s=1ffa  dt=16
093c| 975d        STA   <$5d                cc=c0 a=04 b=00 dp=00 x=a470 y=1075 u=a896 s=1ffa  dt=32
093e| 6d84        TST   ,X                  cc=c0 a=04 b=00 dp=00 x=a470 y=1075 u=a896 s=1ffa  dt=48
0940| 270c        BEQ   $094e               cc=c0 a=04 b=00 dp=00 x=a470 y=1075 u=a896 s=1ffa  dt=24
0942| a607        LDA   7,X                 cc=c0 a=01 b=00 dp=00 x=a470 y=1075 u=a896 s=1ffa  dt=40
0944| 81ff        CMPA  #$ff                cc=c1 a=01 b=00 dp=00 x=a470 y=1075 u=a896 s=1ffa  dt=16
0946| 2706        BEQ   $094e               cc=c1 a=01 b=00 dp=00 x=a470 y=1075 u=a896 s=1ffa  dt=24
0948| 8601        LDA   #$01                cc=c1 a=01 b=00 dp=00 x=a470 y=1075 u=a896 s=1ffa  dt=16
094a| 9761        STA   <$61                cc=c1 a=01 b=00 dp=00 x=a470 y=1075 u=a896 s=1ffa  dt=32
094c| 2006        BRA   $0954               cc=c1 a=01 b=00 dp=00 x=a470 y=1075 u=a896 s=1ffa  dt=24
0954| 0d60        TST   <$60                cc=c5 a=01 b=00 dp=00 x=a470 y=1075 u=a896 s=1ffa  dt=48
0956| 2605        BNE   $095d               cc=c5 a=01 b=00 dp=00 x=a470 y=1075 u=a896 s=1ffa  dt=24
0958| 0d61        TST   <$61                cc=c1 a=01 b=00 dp=00 x=a470 y=1075 u=a896 s=1ffa  dt=48
095a| 2601        BNE   $095d               cc=c1 a=01 b=00 dp=00 x=a470 y=1075 u=a896 s=1ffa  dt=24
095d| 0d61        TST   <$61                cc=c1 a=01 b=00 dp=00 x=a470 y=1075 u=a896 s=1ffa  dt=48
095f| 1027007e    LBEQ  $09e1               cc=c1 a=01 b=00 dp=00 x=a470 y=1075 u=a896 s=1ffa  dt=40
0963| 8ea470      LDX   #$a470              cc=c9 a=01 b=00 dp=00 x=a470 y=1075 u=a896 s=1ffa  dt=24
0966| 8604        LDA   #$04                cc=c1 a=04 b=00 dp=00 x=a470 y=1075 u=a896 s=1ffa  dt=16
0968| 975d        STA   <$5d                cc=c1 a=04 b=00 dp=00 x=a470 y=1075 u=a896 s=1ffa  dt=32
096a| 6d84        TST   ,X                  cc=c1 a=04 b=00 dp=00 x=a470 y=1075 u=a896 s=1ffa  dt=48
096c| 276d        BEQ   $09db               cc=c1 a=04 b=00 dp=00 x=a470 y=1075 u=a896 s=1ffa  dt=24
096e| a607        LDA   7,X                 cc=c1 a=01 b=00 dp=00 x=a470 y=1075 u=a896 s=1ffa  dt=40
0970| 270f        BEQ   $0981               cc=c1 a=01 b=00 dp=00 x=a470 y=1075 u=a896 s=1ffa  dt=24
0972| 8101        CMPA  #$01                cc=c4 a=01 b=00 dp=00 x=a470 y=1075 u=a896 s=1ffa  dt=16
0974| 2712        BEQ   $0988               cc=c4 a=01 b=00 dp=00 x=a470 y=1075 u=a896 s=1ffa  dt=24
0988| ec01        LDD   1,X                 cc=c0 a=2f b=ce dp=00 x=a470 y=1075 u=a896 s=1ffa  dt=48
098a| c30001      ADDD  #$0001              cc=c0 a=2f b=cf dp=00 x=a470 y=1075 u=a896 s=1ffa  dt=32
098d| 2005        BRA   $0994               cc=c0 a=2f b=cf dp=00 x=a470 y=1075 u=a896 s=1ffa  dt=24
0994| ed01        STD   1,X                 cc=c0 a=2f b=cf dp=00 x=a470 y=1075 u=a896 s=1ffa  dt=48
0996| 6c03        INC   3,X                 cc=c0 a=2f b=cf dp=00 x=a470 y=1075 u=a896 s=1ffa  dt=56
0998| a603        LDA   3,X                 cc=c0 a=02 b=cf dp=00 x=a470 y=1075 u=a896 s=1ffa  dt=40
099a| 8104        CMPA  #$04                cc=c9 a=02 b=cf dp=00 x=a470 y=1075 u=a896 s=1ffa  dt=16
099c| 252e        BCS   $09cc               cc=c9 a=02 b=cf dp=00 x=a470 y=1075 u=a896 s=1ffa  dt=24
09cc| 200d        BRA   $09db               cc=c9 a=02 b=cf dp=00 x=a470 y=1075 u=a896 s=1ffa  dt=24
09db| 3008        LEAX  8,X                 cc=c9 a=02 b=cf dp=00 x=a478 y=1075 u=a896 s=1ffa  dt=40
09dd| 0a5d        DEC   <$5d                cc=c1 a=02 b=cf dp=00 x=a478 y=1075 u=a896 s=1ffa  dt=48
09df| 2689        BNE   $096a               cc=c1 a=02 b=cf dp=00 x=a478 y=1075 u=a896 s=1ffa  dt=24
096a| 6d84        TST   ,X                  cc=c1 a=02 b=cf dp=00 x=a478 y=1075 u=a896 s=1ffa  dt=48
096c| 276d        BEQ   $09db               cc=c1 a=02 b=cf dp=00 x=a478 y=1075 u=a896 s=1ffa  dt=24
096e| a607        LDA   7,X                 cc=c1 a=01 b=cf dp=00 x=a478 y=1075 u=a896 s=1ffa  dt=40
0970| 270f        BEQ   $0981               cc=c1 a=01 b=cf dp=00 x=a478 y=1075 u=a896 s=1ffa  dt=24
0972| 8101        CMPA  #$01                cc=c4 a=01 b=cf dp=00 x=a478 y=1075 u=a896 s=1ffa  dt=16
0974| 2712        BEQ   $0988               cc=c4 a=01 b=cf dp=00 x=a478 y=1075 u=a896 s=1ffa  dt=24
0988| ec01        LDD   1,X                 cc=c0 a=2f b=ee dp=00 x=a478 y=1075 u=a896 s=1ffa  dt=48
098a| c30001      ADDD  #$0001              cc=c0 a=2f b=ef dp=00 x=a478 y=1075 u=a896 s=1ffa  dt=32
098d| 2005        BRA   $0994               cc=c0 a=2f b=ef dp=00 x=a478 y=1075 u=a896 s=1ffa  dt=24
0994| ed01        STD   1,X                 cc=c0 a=2f b=ef dp=00 x=a478 y=1075 u=a896 s=1ffa  dt=48
0996| 6c03        INC   3,X                 cc=c0 a=2f b=ef dp=00 x=a478 y=1075 u=a896 s=1ffa  dt=56
0998| a603        LDA   3,X                 cc=c0 a=02 b=ef dp=00 x=a478 y=1075 u=a896 s=1ffa  dt=40
099a| 8104        CMPA  #$04                cc=c9 a=02 b=ef dp=00 x=a478 y=1075 u=a896 s=1ffa  dt=16
099c| 252e        BCS   $09cc               cc=c9 a=02 b=ef dp=00 x=a478 y=1075 u=a896 s=1ffa  dt=24
09cc| 200d        BRA   $09db               cc=c9 a=02 b=ef dp=00 x=a478 y=1075 u=a896 s=1ffa  dt=24
09db| 3008        LEAX  8,X                 cc=c9 a=02 b=ef dp=00 x=a480 y=1075 u=a896 s=1ffa  dt=40
09dd| 0a5d        DEC   <$5d                cc=c1 a=02 b=ef dp=00 x=a480 y=1075 u=a896 s=1ffa  dt=48
09df| 2689        BNE   $096a               cc=c1 a=02 b=ef dp=00 x=a480 y=1075 u=a896 s=1ffa  dt=24
096a| 6d84        TST   ,X                  cc=c1 a=02 b=ef dp=00 x=a480 y=1075 u=a896 s=1ffa  dt=48
096c| 276d        BEQ   $09db               cc=c1 a=02 b=ef dp=00 x=a480 y=1075 u=a896 s=1ffa  dt=24
096e| a607        LDA   7,X                 cc=c1 a=03 b=ef dp=00 x=a480 y=1075 u=a896 s=1ffa  dt=40
0970| 270f        BEQ   $0981               cc=c1 a=03 b=ef dp=00 x=a480 y=1075 u=a896 s=1ffa  dt=24
0972| 8101        CMPA  #$01                cc=c0 a=03 b=ef dp=00 x=a480 y=1075 u=a896 s=1ffa  dt=16
0974| 2712        BEQ   $0988               cc=c0 a=03 b=ef dp=00 x=a480 y=1075 u=a896 s=1ffa  dt=24
0976| 8102        CMPA  #$02                cc=c0 a=03 b=ef dp=00 x=a480 y=1075 u=a896 s=1ffa  dt=16
0978| 2715        BEQ   $098f               cc=c0 a=03 b=ef dp=00 x=a480 y=1075 u=a896 s=1ffa  dt=24
097a| ec01        LDD   1,X                 cc=c0 a=6f b=ca dp=00 x=a480 y=1075 u=a896 s=1ffa  dt=48
097c| 830001      SUBD  #$0001              cc=c0 a=6f b=c9 dp=00 x=a480 y=1075 u=a896 s=1ffa  dt=32
097f| 2013        BRA   $0994               cc=c0 a=6f b=c9 dp=00 x=a480 y=1075 u=a896 s=1ffa  dt=24
0994| ed01        STD   1,X                 cc=c0 a=6f b=c9 dp=00 x=a480 y=1075 u=a896 s=1ffa  dt=48
0996| 6c03        INC   3,X                 cc=c0 a=6f b=c9 dp=00 x=a480 y=1075 u=a896 s=1ffa  dt=56
0998| a603        LDA   3,X                 cc=c0 a=02 b=c9 dp=00 x=a480 y=1075 u=a896 s=1ffa  dt=40
099a| 8104        CMPA  #$04                cc=c9 a=02 b=c9 dp=00 x=a480 y=1075 u=a896 s=1ffa  dt=16
099c| 252e        BCS   $09cc               cc=c9 a=02 b=c9 dp=00 x=a480 y=1075 u=a896 s=1ffa  dt=24
09cc| 200d        BRA   $09db               cc=c9 a=02 b=c9 dp=00 x=a480 y=1075 u=a896 s=1ffa  dt=24
09db| 3008        LEAX  8,X                 cc=c9 a=02 b=c9 dp=00 x=a488 y=1075 u=a896 s=1ffa  dt=40
09dd| 0a5d        DEC   <$5d                cc=c1 a=02 b=c9 dp=00 x=a488 y=1075 u=a896 s=1ffa  dt=48
09df| 2689        BNE   $096a               cc=c1 a=02 b=c9 dp=00 x=a488 y=1075 u=a896 s=1ffa  dt=24
096a| 6d84        TST   ,X                  cc=c1 a=02 b=c9 dp=00 x=a488 y=1075 u=a896 s=1ffa  dt=48
096c| 276d        BEQ   $09db               cc=c1 a=02 b=c9 dp=00 x=a488 y=1075 u=a896 s=1ffa  dt=24
096e| a607        LDA   7,X                 cc=c1 a=03 b=c9 dp=00 x=a488 y=1075 u=a896 s=1ffa  dt=40
0970| 270f        BEQ   $0981               cc=c1 a=03 b=c9 dp=00 x=a488 y=1075 u=a896 s=1ffa  dt=24
0972| 8101        CMPA  #$01                cc=c0 a=03 b=c9 dp=00 x=a488 y=1075 u=a896 s=1ffa  dt=16
0974| 2712        BEQ   $0988               cc=c0 a=03 b=c9 dp=00 x=a488 y=1075 u=a896 s=1ffa  dt=24
0976| 8102        CMPA  #$02                cc=c0 a=03 b=c9 dp=00 x=a488 y=1075 u=a896 s=1ffa  dt=16
0978| 2715        BEQ   $098f               cc=c0 a=03 b=c9 dp=00 x=a488 y=1075 u=a896 s=1ffa  dt=24
097a| ec01        LDD   1,X                 cc=c0 a=6f b=ea dp=00 x=a488 y=1075 u=a896 s=1ffa  dt=48
097c| 830001      SUBD  #$0001              cc=c0 a=6f b=e9 dp=00 x=a488 y=1075 u=a896 s=1ffa  dt=32
097f| 2013        BRA   $0994               cc=c0 a=6f b=e9 dp=00 x=a488 y=1075 u=a896 s=1ffa  dt=24
0994| ed01        STD   1,X                 cc=c0 a=6f b=e9 dp=00 x=a488 y=1075 u=a896 s=1ffa  dt=48
0996| 6c03        INC   3,X                 cc=c0 a=6f b=e9 dp=00 x=a488 y=1075 u=a896 s=1ffa  dt=56
0998| a603        LDA   3,X                 cc=c0 a=02 b=e9 dp=00 x=a488 y=1075 u=a896 s=1ffa  dt=40
099a| 8104        CMPA  #$04                cc=c9 a=02 b=e9 dp=00 x=a488 y=1075 u=a896 s=1ffa  dt=16
099c| 252e        BCS   $09cc               cc=c9 a=02 b=e9 dp=00 x=a488 y=1075 u=a896 s=1ffa  dt=24
09cc| 200d        BRA   $09db               cc=c9 a=02 b=e9 dp=00 x=a488 y=1075 u=a896 s=1ffa  dt=24
09db| 3008        LEAX  8,X                 cc=c9 a=02 b=e9 dp=00 x=a490 y=1075 u=a896 s=1ffa  dt=40
09dd| 0a5d        DEC   <$5d                cc=c5 a=02 b=e9 dp=00 x=a490 y=1075 u=a896 s=1ffa  dt=48
09df| 2689        BNE   $096a               cc=c5 a=02 b=e9 dp=00 x=a490 y=1075 u=a896 s=1ffa  dt=24
09e1| 9687        LDA   <$87                cc=c5 a=00 b=e9 dp=00 x=a490 y=1075 u=a896 s=1ffa  dt=32
09e3| 8a02        ORA   #$02                cc=c1 a=02 b=e9 dp=00 x=a490 y=1075 u=a896 s=1ffa  dt=16
09e5| 9787        STA   <$87                cc=c1 a=02 b=e9 dp=00 x=a490 y=1075 u=a896 s=1ffa  dt=32
09e7| 39          RTS                       cc=c1 a=02 b=e9 dp=00 x=a490 y=1075 u=a896 s=1ffc  dt=40
d269| 9662        LDA   <$62                cc=c5 a=00 b=e9 dp=00 x=a490 y=1075 u=a896 s=1ffc  dt=32
d26b| 8101        CMPA  #$01                cc=c9 a=00 b=e9 dp=00 x=a490 y=1075 u=a896 s=1ffc  dt=16
d26d| 2606        BNE   $d275               cc=c9 a=00 b=e9 dp=00 x=a490 y=1075 u=a896 s=1ffc  dt=24
d275| 39          RTS                       cc=c9 a=00 b=e9 dp=00 x=a490 y=1075 u=a896 s=1ffe  dt=40
c102| 964d        LDA   <$4d                cc=c5 a=00 b=e9 dp=00 x=a490 y=1075 u=a896 s=1ffe  dt=32
c104| 260c        BNE   $c112               cc=c5 a=00 b=e9 dp=00 x=a490 y=1075 u=a896 s=1ffe  dt=24
c106| 0d6b        TST   <$6b                cc=c5 a=00 b=e9 dp=00 x=a490 y=1075 u=a896 s=1ffe  dt=48
c108| 2708        BEQ   $c112               cc=c5 a=00 b=e9 dp=00 x=a490 y=1075 u=a896 s=1ffe  dt=24
c112| 170887      LBSR  $c99c               cc=c5 a=00 b=e9 dp=00 x=a490 y=1075 u=a896 s=1ffc  dt=72
c99c| 8634        LDA   #$34                cc=c1 a=34 b=e9 dp=00 x=a490 y=1075 u=a896 s=1ffc  dt=16
c99e| b7ff01      STA   $ff01               cc=c1 a=34 b=e9 dp=00 x=a490 y=1075 u=a896 s=1ffc  dt=40
c9a1| 17005c      LBSR  $ca00               cc=c1 a=34 b=e9 dp=00 x=a490 y=1075 u=a896 s=1ffa  dt=72
ca00| 5f          CLRB                      cc=c4 a=34 b=00 dp=00 x=a490 y=1075 u=a896 s=1ffa  dt=16
ca01| f7ff20      STB   $ff20               cc=c4 a=34 b=00 dp=00 x=a490 y=1075 u=a896 s=1ffa  dt=40
ca04| b6ff00      LDA   $ff00               cc=c8 a=ff b=00 dp=00 x=a490 y=1075 u=a896 s=1ffa  dt=40
ca07| 2a06        BPL   $ca0f               cc=c8 a=ff b=00 dp=00 x=a490 y=1075 u=a896 s=1ffa  dt=24
ca09| cb04        ADDB  #$04                cc=c0 a=ff b=04 dp=00 x=a490 y=1075 u=a896 s=1ffa  dt=16
ca0b| 24f4        BCC   $ca01               cc=c0 a=ff b=04 dp=00 x=a490 y=1075 u=a896 s=1ffa  dt=24
ca01| f7ff20      STB   $ff20               cc=c0 a=ff b=04 dp=00 x=a490 y=1075 u=a896 s=1ffa  dt=40
ca04| b6ff00      LDA   $ff00               cc=c8 a=ff b=04 dp=00 x=a490 y=1075 u=a896 s=1ffa  dt=40
ca07| 2a06        BPL   $ca0f               cc=c8 a=ff b=04 dp=00 x=a490 y=1075 u=a896 s=1ffa  dt=24
ca09| cb04        ADDB  #$04                cc=c0 a=ff b=08 dp=00 x=a490 y=1075 u=a896 s=1ffa  dt=16
ca0b| 24f4        BCC   $ca01               cc=c0 a=ff b=08 dp=00 x=a490 y=1075 u=a896 s=1ffa  dt=24
ca01| f7ff20      STB   $ff20               cc=c0 a=ff b=08 dp=00 x=a490 y=1075 u=a896 s=1ffa  dt=40
ca04| b6ff00      LDA   $ff00               cc=c8 a=ff b=08 dp=00 x=a490 y=1075 u=a896 s=1ffa  dt=40
ca07| 2a06        BPL   $ca0f               cc=c8 a=ff b=08 dp=00 x=a490 y=1075 u=a896 s=1ffa  dt=24
ca09| cb04        ADDB  #$04                cc=c0 a=ff b=0c dp=00 x=a490 y=1075 u=a896 s=1ffa  dt=16
ca0b| 24f4        BCC   $ca01               cc=c0 a=ff b=0c dp=00 x=a490 y=1075 u=a896 s=1ffa  dt=24
ca01| f7ff20      STB   $ff20               cc=c0 a=ff b=0c dp=00 x=a490 y=1075 u=a896 s=1ffa  dt=40
ca04| b6ff00      LDA   $ff00               cc=c8 a=ff b=0c dp=00 x=a490 y=1075 u=a896 s=1ffa  dt=40
ca07| 2a06        BPL   $ca0f               cc=c8 a=ff b=0c dp=00 x=a490 y=1075 u=a896 s=1ffa  dt=24
ca09| cb04        ADDB  #$04                cc=e0 a=ff b=10 dp=00 x=a490 y=1075 u=a896 s=1ffa  dt=16
ca0b| 24f4        BCC   $ca01               cc=e0 a=ff b=10 dp=00 x=a490 y=1075 u=a896 s=1ffa  dt=24
ca01| f7ff20      STB   $ff20               cc=e0 a=ff b=10 dp=00 x=a490 y=1075 u=a896 s=1ffa  dt=40
ca04| b6ff00      LDA   $ff00               cc=e8 a=ff b=10 dp=00 x=a490 y=1075 u=a896 s=1ffa  dt=40
ca07| 2a06        BPL   $ca0f               cc=e8 a=ff b=10 dp=00 x=a490 y=1075 u=a896 s=1ffa  dt=24
ca09| cb04        ADDB  #$04                cc=c0 a=ff b=14 dp=00 x=a490 y=1075 u=a896 s=1ffa  dt=16
ca0b| 24f4        BCC   $ca01               cc=c0 a=ff b=14 dp=00 x=a490 y=1075 u=a896 s=1ffa  dt=24
ca01| f7ff20      STB   $ff20               cc=c0 a=ff b=14 dp=00 x=a490 y=1075 u=a896 s=1ffa  dt=40
ca04| b6ff00      LDA   $ff00               cc=c8 a=ff b=14 dp=00 x=a490 y=1075 u=a896 s=1ffa  dt=40
ca07| 2a06        BPL   $ca0f               cc=c8 a=ff b=14 dp=00 x=a490 y=1075 u=a896 s=1ffa  dt=24
ca09| cb04        ADDB  #$04                cc=c0 a=ff b=18 dp=00 x=a490 y=1075 u=a896 s=1ffa  dt=16
ca0b| 24f4        BCC   $ca01               cc=c0 a=ff b=18 dp=00 x=a490 y=1075 u=a896 s=1ffa  dt=24
ca01| f7ff20      STB   $ff20               cc=c0 a=ff b=18 dp=00 x=a490 y=1075 u=a896 s=1ffa  dt=40
ca04| b6ff00      LDA   $ff00               cc=c8 a=ff b=18 dp=00 x=a490 y=1075 u=a896 s=1ffa  dt=40
ca07| 2a06        BPL   $ca0f               cc=c8 a=ff b=18 dp=00 x=a490 y=1075 u=a896 s=1ffa  dt=24
ca09| cb04        ADDB  #$04                cc=c0 a=ff b=1c dp=00 x=a490 y=1075 u=a896 s=1ffa  dt=16
ca0b| 24f4        BCC   $ca01               cc=c0 a=ff b=1c dp=00 x=a490 y=1075 u=a896 s=1ffa  dt=24
ca01| f7ff20      STB   $ff20               cc=c0 a=ff b=1c dp=00 x=a490 y=1075 u=a896 s=1ffa  dt=40
ca04| b6ff00      LDA   $ff00               cc=c8 a=ff b=1c dp=00 x=a490 y=1075 u=a896 s=1ffa  dt=40
ca07| 2a06        BPL   $ca0f               cc=c8 a=ff b=1c dp=00 x=a490 y=1075 u=a896 s=1ffa  dt=24
ca09| cb04        ADDB  #$04                cc=e0 a=ff b=20 dp=00 x=a490 y=1075 u=a896 s=1ffa  dt=16
ca0b| 24f4        BCC   $ca01               cc=e0 a=ff b=20 dp=00 x=a490 y=1075 u=a896 s=1ffa  dt=24
ca01| f7ff20      STB   $ff20               cc=e0 a=ff b=20 dp=00 x=a490 y=1075 u=a896 s=1ffa  dt=40
ca04| b6ff00      LDA   $ff00               cc=e8 a=ff b=20 dp=00 x=a490 y=1075 u=a896 s=1ffa  dt=40
ca07| 2a06        BPL   $ca0f               cc=e8 a=ff b=20 dp=00 x=a490 y=1075 u=a896 s=1ffa  dt=24
ca09| cb04        ADDB  #$04                cc=c0 a=ff b=24 dp=00 x=a490 y=1075 u=a896 s=1ffa  dt=16
ca0b| 24f4        BCC   $ca01               cc=c0 a=ff b=24 dp=00 x=a490 y=1075 u=a896 s=1ffa  dt=24
ca01| f7ff20      STB   $ff20               cc=c0 a=ff b=24 dp=00 x=a490 y=1075 u=a896 s=1ffa  dt=40
ca04| b6ff00      LDA   $ff00               cc=c8 a=ff b=24 dp=00 x=a490 y=1075 u=a896 s=1ffa  dt=40
ca07| 2a06        BPL   $ca0f               cc=c8 a=ff b=24 dp=00 x=a490 y=1075 u=a896 s=1ffa  dt=24
ca09| cb04        ADDB  #$04                cc=c0 a=ff b=28 dp=00 x=a490 y=1075 u=a896 s=1ffa  dt=16
ca0b| 24f4        BCC   $ca01               cc=c0 a=ff b=28 dp=00 x=a490 y=1075 u=a896 s=1ffa  dt=24
ca01| f7ff20      STB   $ff20               cc=c0 a=ff b=28 dp=00 x=a490 y=1075 u=a896 s=1ffa  dt=40
ca04| b6ff00      LDA   $ff00               cc=c8 a=ff b=28 dp=00 x=a490 y=1075 u=a896 s=1ffa  dt=40
ca07| 2a06        BPL   $ca0f               cc=c8 a=ff b=28 dp=00 x=a490 y=1075 u=a896 s=1ffa  dt=24
ca09| cb04        ADDB  #$04                cc=c0 a=ff b=2c dp=00 x=a490 y=1075 u=a896 s=1ffa  dt=16
ca0b| 24f4        BCC   $ca01               cc=c0 a=ff b=2c dp=00 x=a490 y=1075 u=a896 s=1ffa  dt=24
ca01| f7ff20      STB   $ff20               cc=c0 a=ff b=2c dp=00 x=a490 y=1075 u=a896 s=1ffa  dt=40
ca04| b6ff00      LDA   $ff00               cc=c8 a=ff b=2c dp=00 x=a490 y=1075 u=a896 s=1ffa  dt=40
ca07| 2a06        BPL   $ca0f               cc=c8 a=ff b=2c dp=00 x=a490 y=1075 u=a896 s=1ffa  dt=24
ca09| cb04        ADDB  #$04                cc=e0 a=ff b=30 dp=00 x=a490 y=1075 u=a896 s=1ffa  dt=16
ca0b| 24f4        BCC   $ca01               cc=e0 a=ff b=30 dp=00 x=a490 y=1075 u=a896 s=1ffa  dt=24
ca01| f7ff20      STB   $ff20               cc=e0 a=ff b=30 dp=00 x=a490 y=1075 u=a896 s=1ffa  dt=40
ca04| b6ff00      LDA   $ff00               cc=e8 a=ff b=30 dp=00 x=a490 y=1075 u=a896 s=1ffa  dt=40
ca07| 2a06        BPL   $ca0f               cc=e8 a=ff b=30 dp=00 x=a490 y=1075 u=a896 s=1ffa  dt=24
ca09| cb04        ADDB  #$04                cc=c0 a=ff b=34 dp=00 x=a490 y=1075 u=a896 s=1ffa  dt=16
ca0b| 24f4        BCC   $ca01               cc=c0 a=ff b=34 dp=00 x=a490 y=1075 u=a896 s=1ffa  dt=24
ca01| f7ff20      STB   $ff20               cc=c0 a=ff b=34 dp=00 x=a490 y=1075 u=a896 s=1ffa  dt=40
ca04| b6ff00      LDA   $ff00               cc=c8 a=ff b=34 dp=00 x=a490 y=1075 u=a896 s=1ffa  dt=40
ca07| 2a06        BPL   $ca0f               cc=c8 a=ff b=34 dp=00 x=a490 y=1075 u=a896 s=1ffa  dt=24
ca09| cb04        ADDB  #$04                cc=c0 a=ff b=38 dp=00 x=a490 y=1075 u=a896 s=1ffa  dt=16
ca0b| 24f4        BCC   $ca01               cc=c0 a=ff b=38 dp=00 x=a490 y=1075 u=a896 s=1ffa  dt=24
ca01| f7ff20      STB   $ff20               cc=c0 a=ff b=38 dp=00 x=a490 y=1075 u=a896 s=1ffa  dt=40
ca04| b6ff00      LDA   $ff00               cc=c8 a=ff b=38 dp=00 x=a490 y=1075 u=a896 s=1ffa  dt=40
ca07| 2a06        BPL   $ca0f               cc=c8 a=ff b=38 dp=00 x=a490 y=1075 u=a896 s=1ffa  dt=24
ca09| cb04        ADDB  #$04                cc=c0 a=ff b=3c dp=00 x=a490 y=1075 u=a896 s=1ffa  dt=16
ca0b| 24f4        BCC   $ca01               cc=c0 a=ff b=3c dp=00 x=a490 y=1075 u=a896 s=1ffa  dt=24
ca01| f7ff20      STB   $ff20               cc=c0 a=ff b=3c dp=00 x=a490 y=1075 u=a896 s=1ffa  dt=40
ca04| b6ff00      LDA   $ff00               cc=c8 a=ff b=3c dp=00 x=a490 y=1075 u=a896 s=1ffa  dt=40
ca07| 2a06        BPL   $ca0f               cc=c8 a=ff b=3c dp=00 x=a490 y=1075 u=a896 s=1ffa  dt=24
ca09| cb04        ADDB  #$04                cc=e0 a=ff b=40 dp=00 x=a490 y=1075 u=a896 s=1ffa  dt=16
ca0b| 24f4        BCC   $ca01               cc=e0 a=ff b=40 dp=00 x=a490 y=1075 u=a896 s=1ffa  dt=24
ca01| f7ff20      STB   $ff20               cc=e0 a=ff b=40 dp=00 x=a490 y=1075 u=a896 s=1ffa  dt=40
ca04| b6ff00      LDA   $ff00               cc=e8 a=ff b=40 dp=00 x=a490 y=1075 u=a896 s=1ffa  dt=40
ca07| 2a06        BPL   $ca0f               cc=e8 a=ff b=40 dp=00 x=a490 y=1075 u=a896 s=1ffa  dt=24
ca09| cb04        ADDB  #$04                cc=c0 a=ff b=44 dp=00 x=a490 y=1075 u=a896 s=1ffa  dt=16
ca0b| 24f4        BCC   $ca01               cc=c0 a=ff b=44 dp=00 x=a490 y=1075 u=a896 s=1ffa  dt=24
ca01| f7ff20      STB   $ff20               cc=c0 a=ff b=44 dp=00 x=a490 y=1075 u=a896 s=1ffa  dt=40
ca04| b6ff00      LDA   $ff00               cc=c8 a=ff b=44 dp=00 x=a490 y=1075 u=a896 s=1ffa  dt=40
ca07| 2a06        BPL   $ca0f               cc=c8 a=ff b=44 dp=00 x=a490 y=1075 u=a896 s=1ffa  dt=24
ca09| cb04        ADDB  #$04                cc=c0 a=ff b=48 dp=00 x=a490 y=1075 u=a896 s=1ffa  dt=16
ca0b| 24f4        BCC   $ca01               cc=c0 a=ff b=48 dp=00 x=a490 y=1075 u=a896 s=1ffa  dt=24
ca01| f7ff20      STB   $ff20               cc=c0 a=ff b=48 dp=00 x=a490 y=1075 u=a896 s=1ffa  dt=40
ca04| b6ff00      LDA   $ff00               cc=c8 a=ff b=48 dp=00 x=a490 y=1075 u=a896 s=1ffa  dt=40
ca07| 2a06        BPL   $ca0f               cc=c8 a=ff b=48 dp=00 x=a490 y=1075 u=a896 s=1ffa  dt=24
ca09| cb04        ADDB  #$04                cc=c0 a=ff b=4c dp=00 x=a490 y=1075 u=a896 s=1ffa  dt=16
ca0b| 24f4        BCC   $ca01               cc=c0 a=ff b=4c dp=00 x=a490 y=1075 u=a896 s=1ffa  dt=24
ca01| f7ff20      STB   $ff20               cc=c0 a=ff b=4c dp=00 x=a490 y=1075 u=a896 s=1ffa  dt=40
ca04| b6ff00      LDA   $ff00               cc=c8 a=ff b=4c dp=00 x=a490 y=1075 u=a896 s=1ffa  dt=40
ca07| 2a06        BPL   $ca0f               cc=c8 a=ff b=4c dp=00 x=a490 y=1075 u=a896 s=1ffa  dt=24
ca09| cb04        ADDB  #$04                cc=e0 a=ff b=50 dp=00 x=a490 y=1075 u=a896 s=1ffa  dt=16
ca0b| 24f4        BCC   $ca01               cc=e0 a=ff b=50 dp=00 x=a490 y=1075 u=a896 s=1ffa  dt=24
ca01| f7ff20      STB   $ff20               cc=e0 a=ff b=50 dp=00 x=a490 y=1075 u=a896 s=1ffa  dt=40
ca04| b6ff00      LDA   $ff00               cc=e8 a=ff b=50 dp=00 x=a490 y=1075 u=a896 s=1ffa  dt=40
ca07| 2a06        BPL   $ca0f               cc=e8 a=ff b=50 dp=00 x=a490 y=1075 u=a896 s=1ffa  dt=24
ca09| cb04        ADDB  #$04                cc=c0 a=ff b=54 dp=00 x=a490 y=1075 u=a896 s=1ffa  dt=16
ca0b| 24f4        BCC   $ca01               cc=c0 a=ff b=54 dp=00 x=a490 y=1075 u=a896 s=1ffa  dt=24
ca01| f7ff20      STB   $ff20               cc=c0 a=ff b=54 dp=00 x=a490 y=1075 u=a896 s=1ffa  dt=40
ca04| b6ff00      LDA   $ff00               cc=c8 a=ff b=54 dp=00 x=a490 y=1075 u=a896 s=1ffa  dt=40
ca07| 2a06        BPL   $ca0f               cc=c8 a=ff b=54 dp=00 x=a490 y=1075 u=a896 s=1ffa  dt=24
ca09| cb04        ADDB  #$04                cc=c0 a=ff b=58 dp=00 x=a490 y=1075 u=a896 s=1ffa  dt=16
ca0b| 24f4        BCC   $ca01               cc=c0 a=ff b=58 dp=00 x=a490 y=1075 u=a896 s=1ffa  dt=24
ca01| f7ff20      STB   $ff20               cc=c0 a=ff b=58 dp=00 x=a490 y=1075 u=a896 s=1ffa  dt=40
ca04| b6ff00      LDA   $ff00               cc=c8 a=ff b=58 dp=00 x=a490 y=1075 u=a896 s=1ffa  dt=40
ca07| 2a06        BPL   $ca0f               cc=c8 a=ff b=58 dp=00 x=a490 y=1075 u=a896 s=1ffa  dt=24
ca09| cb04        ADDB  #$04                cc=c0 a=ff b=5c dp=00 x=a490 y=1075 u=a896 s=1ffa  dt=16
ca0b| 24f4        BCC   $ca01               cc=c0 a=ff b=5c dp=00 x=a490 y=1075 u=a896 s=1ffa  dt=24
ca01| f7ff20      STB   $ff20               cc=c0 a=ff b=5c dp=00 x=a490 y=1075 u=a896 s=1ffa  dt=40
ca04| b6ff00      LDA   $ff00               cc=c8 a=ff b=5c dp=00 x=a490 y=1075 u=a896 s=1ffa  dt=40
ca07| 2a06        BPL   $ca0f               cc=c8 a=ff b=5c dp=00 x=a490 y=1075 u=a896 s=1ffa  dt=24
ca09| cb04        ADDB  #$04                cc=e0 a=ff b=60 dp=00 x=a490 y=1075 u=a896 s=1ffa  dt=16
ca0b| 24f4        BCC   $ca01               cc=e0 a=ff b=60 dp=00 x=a490 y=1075 u=a896 s=1ffa  dt=24
ca01| f7ff20      STB   $ff20               cc=e0 a=ff b=60 dp=00 x=a490 y=1075 u=a896 s=1ffa  dt=40
ca04| b6ff00      LDA   $ff00               cc=e8 a=ff b=60 dp=00 x=a490 y=1075 u=a896 s=1ffa  dt=40
ca07| 2a06        BPL   $ca0f               cc=e8 a=ff b=60 dp=00 x=a490 y=1075 u=a896 s=1ffa  dt=24
ca09| cb04        ADDB  #$04                cc=c0 a=ff b=64 dp=00 x=a490 y=1075 u=a896 s=1ffa  dt=16
ca0b| 24f4        BCC   $ca01               cc=c0 a=ff b=64 dp=00 x=a490 y=1075 u=a896 s=1ffa  dt=24
ca01| f7ff20      STB   $ff20               cc=c0 a=ff b=64 dp=00 x=a490 y=1075 u=a896 s=1ffa  dt=40
ca04| b6ff00      LDA   $ff00               cc=c8 a=ff b=64 dp=00 x=a490 y=1075 u=a896 s=1ffa  dt=40
ca07| 2a06        BPL   $ca0f               cc=c8 a=ff b=64 dp=00 x=a490 y=1075 u=a896 s=1ffa  dt=24
ca09| cb04        ADDB  #$04                cc=c0 a=ff b=68 dp=00 x=a490 y=1075 u=a896 s=1ffa  dt=16
ca0b| 24f4        BCC   $ca01               cc=c0 a=ff b=68 dp=00 x=a490 y=1075 u=a896 s=1ffa  dt=24
ca01| f7ff20      STB   $ff20               cc=c0 a=ff b=68 dp=00 x=a490 y=1075 u=a896 s=1ffa  dt=40
ca04| b6ff00      LDA   $ff00               cc=c8 a=ff b=68 dp=00 x=a490 y=1075 u=a896 s=1ffa  dt=40
ca07| 2a06        BPL   $ca0f               cc=c8 a=ff b=68 dp=00 x=a490 y=1075 u=a896 s=1ffa  dt=24
ca09| cb04        ADDB  #$04                cc=c0 a=ff b=6c dp=00 x=a490 y=1075 u=a896 s=1ffa  dt=16
ca0b| 24f4        BCC   $ca01               cc=c0 a=ff b=6c dp=00 x=a490 y=1075 u=a896 s=1ffa  dt=24
ca01| f7ff20      STB   $ff20               cc=c0 a=ff b=6c dp=00 x=a490 y=1075 u=a896 s=1ffa  dt=40
ca04| b6ff00      LDA   $ff00               cc=c8 a=ff b=6c dp=00 x=a490 y=1075 u=a896 s=1ffa  dt=40
ca07| 2a06        BPL   $ca0f               cc=c8 a=ff b=6c dp=00 x=a490 y=1075 u=a896 s=1ffa  dt=24
ca09| cb04        ADDB  #$04                cc=e0 a=ff b=70 dp=00 x=a490 y=1075 u=a896 s=1ffa  dt=16
ca0b| 24f4        BCC   $ca01               cc=e0 a=ff b=70 dp=00 x=a490 y=1075 u=a896 s=1ffa  dt=24
ca01| f7ff20      STB   $ff20               cc=e0 a=ff b=70 dp=00 x=a490 y=1075 u=a896 s=1ffa  dt=40
ca04| b6ff00      LDA   $ff00               cc=e8 a=ff b=70 dp=00 x=a490 y=1075 u=a896 s=1ffa  dt=40
ca07| 2a06        BPL   $ca0f               cc=e8 a=ff b=70 dp=00 x=a490 y=1075 u=a896 s=1ffa  dt=24
ca09| cb04        ADDB  #$04                cc=c0 a=ff b=74 dp=00 x=a490 y=1075 u=a896 s=1ffa  dt=16
ca0b| 24f4        BCC   $ca01               cc=c0 a=ff b=74 dp=00 x=a490 y=1075 u=a896 s=1ffa  dt=24
ca01| f7ff20      STB   $ff20               cc=c0 a=ff b=74 dp=00 x=a490 y=1075 u=a896 s=1ffa  dt=40
ca04| b6ff00      LDA   $ff00               cc=c8 a=ff b=74 dp=00 x=a490 y=1075 u=a896 s=1ffa  dt=40
ca07| 2a06        BPL   $ca0f               cc=c8 a=ff b=74 dp=00 x=a490 y=1075 u=a896 s=1ffa  dt=24
ca09| cb04        ADDB  #$04                cc=c0 a=ff b=78 dp=00 x=a490 y=1075 u=a896 s=1ffa  dt=16
ca0b| 24f4        BCC   $ca01               cc=c0 a=ff b=78 dp=00 x=a490 y=1075 u=a896 s=1ffa  dt=24
ca01| f7ff20      STB   $ff20               cc=c0 a=ff b=78 dp=00 x=a490 y=1075 u=a896 s=1ffa  dt=40
ca04| b6ff00      LDA   $ff00               cc=c8 a=ff b=78 dp=00 x=a490 y=1075 u=a896 s=1ffa  dt=40
ca07| 2a06        BPL   $ca0f               cc=c8 a=ff b=78 dp=00 x=a490 y=1075 u=a896 s=1ffa  dt=24
ca09| cb04        ADDB  #$04                cc=c0 a=ff b=7c dp=00 x=a490 y=1075 u=a896 s=1ffa  dt=16
ca0b| 24f4        BCC   $ca01               cc=c0 a=ff b=7c dp=00 x=a490 y=1075 u=a896 s=1ffa  dt=24
ca01| f7ff20      STB   $ff20               cc=c0 a=ff b=7c dp=00 x=a490 y=1075 u=a896 s=1ffa  dt=40
ca04| b6ff00      LDA   $ff00               cc=c8 a=ff b=7c dp=00 x=a490 y=1075 u=a896 s=1ffa  dt=40
ca07| 2a06        BPL   $ca0f               cc=c8 a=ff b=7c dp=00 x=a490 y=1075 u=a896 s=1ffa  dt=24
ca09| cb04        ADDB  #$04                cc=ea a=ff b=80 dp=00 x=a490 y=1075 u=a896 s=1ffa  dt=16
ca0b| 24f4        BCC   $ca01               cc=ea a=ff b=80 dp=00 x=a490 y=1075 u=a896 s=1ffa  dt=24
ca01| f7ff20      STB   $ff20               cc=e8 a=ff b=80 dp=00 x=a490 y=1075 u=a896 s=1ffa  dt=40
ca04| b6ff00      LDA   $ff00               cc=e0 a=7f b=80 dp=00 x=a490 y=1075 u=a896 s=1ffa  dt=40
ca07| 2a06        BPL   $ca0f               cc=e0 a=7f b=80 dp=00 x=a490 y=1075 u=a896 s=1ffa  dt=24
ca0f| 54          LSRB                      cc=e0 a=7f b=40 dp=00 x=a490 y=1075 u=a896 s=1ffa  dt=16
ca10| 54          LSRB                      cc=e0 a=7f b=20 dp=00 x=a490 y=1075 u=a896 s=1ffa  dt=16
ca11| 39          RTS                       cc=e0 a=7f b=20 dp=00 x=a490 y=1075 u=a896 s=1ffc  dt=40
c9a4| d701        STB   <$01                cc=e0 a=7f b=20 dp=00 x=a490 y=1075 u=a896 s=1ffc  dt=32
c9a6| 863c        LDA   #$3c                cc=e0 a=3c b=20 dp=00 x=a490 y=1075 u=a896 s=1ffc  dt=16
c9a8| b7ff01      STA   $ff01               cc=e0 a=3c b=20 dp=00 x=a490 y=1075 u=a896 s=1ffc  dt=40
c9ab| 170052      LBSR  $ca00               cc=e0 a=3c b=20 dp=00 x=a490 y=1075 u=a896 s=1ffa  dt=72
ca00| 5f          CLRB                      cc=e4 a=3c b=00 dp=00 x=a490 y=1075 u=a896 s=1ffa  dt=16
ca01| f7ff20      STB   $ff20               cc=e4 a=3c b=00 dp=00 x=a490 y=1075 u=a896 s=1ffa  dt=40
ca04| b6ff00      LDA   $ff00               cc=e8 a=ff b=00 dp=00 x=a490 y=1075 u=a896 s=1ffa  dt=40
ca07| 2a06        BPL   $ca0f               cc=e8 a=ff b=00 dp=00 x=a490 y=1075 u=a896 s=1ffa  dt=24
ca09| cb04        ADDB  #$04                cc=c0 a=ff b=04 dp=00 x=a490 y=1075 u=a896 s=1ffa  dt=16
ca0b| 24f4        BCC   $ca01               cc=c0 a=ff b=04 dp=00 x=a490 y=1075 u=a896 s=1ffa  dt=24
ca01| f7ff20      STB   $ff20               cc=c0 a=ff b=04 dp=00 x=a490 y=1075 u=a896 s=1ffa  dt=40
ca04| b6ff00      LDA   $ff00               cc=c8 a=ff b=04 dp=00 x=a490 y=1075 u=a896 s=1ffa  dt=40
ca07| 2a06        BPL   $ca0f               cc=c8 a=ff b=04 dp=00 x=a490 y=1075 u=a896 s=1ffa  dt=24
ca09| cb04        ADDB  #$04                cc=c0 a=ff b=08 dp=00 x=a490 y=1075 u=a896 s=1ffa  dt=16
ca0b| 24f4        BCC   $ca01               cc=c0 a=ff b=08 dp=00 x=a490 y=1075 u=a896 s=1ffa  dt=24
ca01| f7ff20      STB   $ff20               cc=c0 a=ff b=08 dp=00 x=a490 y=1075 u=a896 s=1ffa  dt=40
ca04| b6ff00      LDA   $ff00               cc=c8 a=ff b=08 dp=00 x=a490 y=1075 u=a896 s=1ffa  dt=40
ca07| 2a06        BPL   $ca0f               cc=c8 a=ff b=08 dp=00 x=a490 y=1075 u=a896 s=1ffa  dt=24
ca09| cb04        ADDB  #$04                cc=c0 a=ff b=0c dp=00 x=a490 y=1075 u=a896 s=1ffa  dt=16
ca0b| 24f4        BCC   $ca01               cc=c0 a=ff b=0c dp=00 x=a490 y=1075 u=a896 s=1ffa  dt=24
ca01| f7ff20      STB   $ff20               cc=c0 a=ff b=0c dp=00 x=a490 y=1075 u=a896 s=1ffa  dt=40
ca04| b6ff00      LDA   $ff00               cc=c8 a=ff b=0c dp=00 x=a490 y=1075 u=a896 s=1ffa  dt=40
ca07| 2a06        BPL   $ca0f               cc=c8 a=ff b=0c dp=00 x=a490 y=1075 u=a896 s=1ffa  dt=24
ca09| cb04        ADDB  #$04                cc=e0 a=ff b=10 dp=00 x=a490 y=1075 u=a896 s=1ffa  dt=16
ca0b| 24f4        BCC   $ca01               cc=e0 a=ff b=10 dp=00 x=a490 y=1075 u=a896 s=1ffa  dt=24
ca01| f7ff20      STB   $ff20               cc=e0 a=ff b=10 dp=00 x=a490 y=1075 u=a896 s=1ffa  dt=40
ca04| b6ff00      LDA   $ff00               cc=e8 a=ff b=10 dp=00 x=a490 y=1075 u=a896 s=1ffa  dt=40
ca07| 2a06        BPL   $ca0f               cc=e8 a=ff b=10 dp=00 x=a490 y=1075 u=a896 s=1ffa  dt=24
ca09| cb04        ADDB  #$04                cc=c0 a=ff b=14 dp=00 x=a490 y=1075 u=a896 s=1ffa  dt=16
ca0b| 24f4        BCC   $ca01               cc=c0 a=ff b=14 dp=00 x=a490 y=1075 u=a896 s=1ffa  dt=24
ca01| f7ff20      STB   $ff20               cc=c0 a=ff b=14 dp=00 x=a490 y=1075 u=a896 s=1ffa  dt=40
ca04| b6ff00      LDA   $ff00               cc=c8 a=ff b=14 dp=00 x=a490 y=1075 u=a896 s=1ffa  dt=40
ca07| 2a06        BPL   $ca0f               cc=c8 a=ff b=14 dp=00 x=a490 y=1075 u=a896 s=1ffa  dt=24
ca09| cb04        ADDB  #$04                cc=c0 a=ff b=18 dp=00 x=a490 y=1075 u=a896 s=1ffa  dt=16
ca0b| 24f4        BCC   $ca01               cc=c0 a=ff b=18 dp=00 x=a490 y=1075 u=a896 s=1ffa  dt=24
ca01| f7ff20      STB   $ff20               cc=c0 a=ff b=18 dp=00 x=a490 y=1075 u=a896 s=1ffa  dt=40
ca04| b6ff00      LDA   $ff00               cc=c8 a=ff b=18 dp=00 x=a490 y=1075 u=a896 s=1ffa  dt=40
ca07| 2a06        BPL   $ca0f               cc=c8 a=ff b=18 dp=00 x=a490 y=1075 u=a896 s=1ffa  dt=24
ca09| cb04        ADDB  #$04                cc=c0 a=ff b=1c dp=00 x=a490 y=1075 u=a896 s=1ffa  dt=16
ca0b| 24f4        BCC   $ca01               cc=c0 a=ff b=1c dp=00 x=a490 y=1075 u=a896 s=1ffa  dt=24
ca01| f7ff20      STB   $ff20               cc=c0 a=ff b=1c dp=00 x=a490 y=1075 u=a896 s=1ffa  dt=40
ca04| b6ff00      LDA   $ff00               cc=c8 a=ff b=1c dp=00 x=a490 y=1075 u=a896 s=1ffa  dt=40
ca07| 2a06        BPL   $ca0f               cc=c8 a=ff b=1c dp=00 x=a490 y=1075 u=a896 s=1ffa  dt=24
ca09| cb04        ADDB  #$04                cc=e0 a=ff b=20 dp=00 x=a490 y=1075 u=a896 s=1ffa  dt=16
ca0b| 24f4        BCC   $ca01               cc=e0 a=ff b=20 dp=00 x=a490 y=1075 u=a896 s=1ffa  dt=24
ca01| f7ff20      STB   $ff20               cc=e0 a=ff b=20 dp=00 x=a490 y=1075 u=a896 s=1ffa  dt=40
ca04| b6ff00      LDA   $ff00               cc=e8 a=ff b=20 dp=00 x=a490 y=1075 u=a896 s=1ffa  dt=40
ca07| 2a06        BPL   $ca0f               cc=e8 a=ff b=20 dp=00 x=a490 y=1075 u=a896 s=1ffa  dt=24
ca09| cb04        ADDB  #$04                cc=c0 a=ff b=24 dp=00 x=a490 y=1075 u=a896 s=1ffa  dt=16
ca0b| 24f4        BCC   $ca01               cc=c0 a=ff b=24 dp=00 x=a490 y=1075 u=a896 s=1ffa  dt=24
ca01| f7ff20      STB   $ff20               cc=c0 a=ff b=24 dp=00 x=a490 y=1075 u=a896 s=1ffa  dt=40
ca04| b6ff00      LDA   $ff00               cc=c8 a=ff b=24 dp=00 x=a490 y=1075 u=a896 s=1ffa  dt=40
ca07| 2a06        BPL   $ca0f               cc=c8 a=ff b=24 dp=00 x=a490 y=1075 u=a896 s=1ffa  dt=24
ca09| cb04        ADDB  #$04                cc=c0 a=ff b=28 dp=00 x=a490 y=1075 u=a896 s=1ffa  dt=16
ca0b| 24f4        BCC   $ca01               cc=c0 a=ff b=28 dp=00 x=a490 y=1075 u=a896 s=1ffa  dt=24
ca01| f7ff20      STB   $ff20               cc=c0 a=ff b=28 dp=00 x=a490 y=1075 u=a896 s=1ffa  dt=40
ca04| b6ff00      LDA   $ff00               cc=c8 a=ff b=28 dp=00 x=a490 y=1075 u=a896 s=1ffa  dt=40
ca07| 2a06        BPL   $ca0f               cc=c8 a=ff b=28 dp=00 x=a490 y=1075 u=a896 s=1ffa  dt=24
ca09| cb04        ADDB  #$04                cc=c0 a=ff b=2c dp=00 x=a490 y=1075 u=a896 s=1ffa  dt=16
ca0b| 24f4        BCC   $ca01               cc=c0 a=ff b=2c dp=00 x=a490 y=1075 u=a896 s=1ffa  dt=24
ca01| f7ff20      STB   $ff20               cc=c0 a=ff b=2c dp=00 x=a490 y=1075 u=a896 s=1ffa  dt=40
ca04| b6ff00      LDA   $ff00               cc=c8 a=ff b=2c dp=00 x=a490 y=1075 u=a896 s=1ffa  dt=40
ca07| 2a06        BPL   $ca0f               cc=c8 a=ff b=2c dp=00 x=a490 y=1075 u=a896 s=1ffa  dt=24
ca09| cb04        ADDB  #$04                cc=e0 a=ff b=30 dp=00 x=a490 y=1075 u=a896 s=1ffa  dt=16
ca0b| 24f4        BCC   $ca01               cc=e0 a=ff b=30 dp=00 x=a490 y=1075 u=a896 s=1ffa  dt=24
ca01| f7ff20      STB   $ff20               cc=e0 a=ff b=30 dp=00 x=a490 y=1075 u=a896 s=1ffa  dt=40
ca04| b6ff00      LDA   $ff00               cc=e8 a=ff b=30 dp=00 x=a490 y=1075 u=a896 s=1ffa  dt=40
ca07| 2a06        BPL   $ca0f               cc=e8 a=ff b=30 dp=00 x=a490 y=1075 u=a896 s=1ffa  dt=24
ca09| cb04        ADDB  #$04                cc=c0 a=ff b=34 dp=00 x=a490 y=1075 u=a896 s=1ffa  dt=16
ca0b| 24f4        BCC   $ca01               cc=c0 a=ff b=34 dp=00 x=a490 y=1075 u=a896 s=1ffa  dt=24
ca01| f7ff20      STB   $ff20               cc=c0 a=ff b=34 dp=00 x=a490 y=1075 u=a896 s=1ffa  dt=40
ca04| b6ff00      LDA   $ff00               cc=c8 a=ff b=34 dp=00 x=a490 y=1075 u=a896 s=1ffa  dt=40
ca07| 2a06        BPL   $ca0f               cc=c8 a=ff b=34 dp=00 x=a490 y=1075 u=a896 s=1ffa  dt=24
ca09| cb04        ADDB  #$04                cc=c0 a=ff b=38 dp=00 x=a490 y=1075 u=a896 s=1ffa  dt=16
ca0b| 24f4        BCC   $ca01               cc=c0 a=ff b=38 dp=00 x=a490 y=1075 u=a896 s=1ffa  dt=24
ca01| f7ff20      STB   $ff20               cc=c0 a=ff b=38 dp=00 x=a490 y=1075 u=a896 s=1ffa  dt=40
ca04| b6ff00      LDA   $ff00               cc=c8 a=ff b=38 dp=00 x=a490 y=1075 u=a896 s=1ffa  dt=40
ca07| 2a06        BPL   $ca0f               cc=c8 a=ff b=38 dp=00 x=a490 y=1075 u=a896 s=1ffa  dt=24
ca09| cb04        ADDB  #$04                cc=c0 a=ff b=3c dp=00 x=a490 y=1075 u=a896 s=1ffa  dt=16
ca0b| 24f4        BCC   $ca01               cc=c0 a=ff b=3c dp=00 x=a490 y=1075 u=a896 s=1ffa  dt=24
ca01| f7ff20      STB   $ff20               cc=c0 a=ff b=3c dp=00 x=a490 y=1075 u=a896 s=1ffa  dt=40
ca04| b6ff00      LDA   $ff00               cc=c8 a=ff b=3c dp=00 x=a490 y=1075 u=a896 s=1ffa  dt=40
ca07| 2a06        BPL   $ca0f               cc=c8 a=ff b=3c dp=00 x=a490 y=1075 u=a896 s=1ffa  dt=24
ca09| cb04        ADDB  #$04                cc=e0 a=ff b=40 dp=00 x=a490 y=1075 u=a896 s=1ffa  dt=16
ca0b| 24f4        BCC   $ca01               cc=e0 a=ff b=40 dp=00 x=a490 y=1075 u=a896 s=1ffa  dt=24
ca01| f7ff20      STB   $ff20               cc=e0 a=ff b=40 dp=00 x=a490 y=1075 u=a896 s=1ffa  dt=40
ca04| b6ff00      LDA   $ff00               cc=e8 a=ff b=40 dp=00 x=a490 y=1075 u=a896 s=1ffa  dt=40
ca07| 2a06        BPL   $ca0f               cc=e8 a=ff b=40 dp=00 x=a490 y=1075 u=a896 s=1ffa  dt=24
ca09| cb04        ADDB  #$04                cc=c0 a=ff b=44 dp=00 x=a490 y=1075 u=a896 s=1ffa  dt=16
ca0b| 24f4        BCC   $ca01               cc=c0 a=ff b=44 dp=00 x=a490 y=1075 u=a896 s=1ffa  dt=24
ca01| f7ff20      STB   $ff20               cc=c0 a=ff b=44 dp=00 x=a490 y=1075 u=a896 s=1ffa  dt=40
ca04| b6ff00      LDA   $ff00               cc=c8 a=ff b=44 dp=00 x=a490 y=1075 u=a896 s=1ffa  dt=40
ca07| 2a06        BPL   $ca0f               cc=c8 a=ff b=44 dp=00 x=a490 y=1075 u=a896 s=1ffa  dt=24
ca09| cb04        ADDB  #$04                cc=c0 a=ff b=48 dp=00 x=a490 y=1075 u=a896 s=1ffa  dt=16
ca0b| 24f4        BCC   $ca01               cc=c0 a=ff b=48 dp=00 x=a490 y=1075 u=a896 s=1ffa  dt=24
ca01| f7ff20      STB   $ff20               cc=c0 a=ff b=48 dp=00 x=a490 y=1075 u=a896 s=1ffa  dt=40
ca04| b6ff00      LDA   $ff00               cc=c8 a=ff b=48 dp=00 x=a490 y=1075 u=a896 s=1ffa  dt=40
ca07| 2a06        BPL   $ca0f               cc=c8 a=ff b=48 dp=00 x=a490 y=1075 u=a896 s=1ffa  dt=24
ca09| cb04        ADDB  #$04                cc=c0 a=ff b=4c dp=00 x=a490 y=1075 u=a896 s=1ffa  dt=16
ca0b| 24f4        BCC   $ca01               cc=c0 a=ff b=4c dp=00 x=a490 y=1075 u=a896 s=1ffa  dt=24
ca01| f7ff20      STB   $ff20               cc=c0 a=ff b=4c dp=00 x=a490 y=1075 u=a896 s=1ffa  dt=40
ca04| b6ff00      LDA   $ff00               cc=c8 a=ff b=4c dp=00 x=a490 y=1075 u=a896 s=1ffa  dt=40
ca07| 2a06        BPL   $ca0f               cc=c8 a=ff b=4c dp=00 x=a490 y=1075 u=a896 s=1ffa  dt=24
ca09| cb04        ADDB  #$04                cc=e0 a=ff b=50 dp=00 x=a490 y=1075 u=a896 s=1ffa  dt=16
ca0b| 24f4        BCC   $ca01               cc=e0 a=ff b=50 dp=00 x=a490 y=1075 u=a896 s=1ffa  dt=24
ca01| f7ff20      STB   $ff20               cc=e0 a=ff b=50 dp=00 x=a490 y=1075 u=a896 s=1ffa  dt=40
ca04| b6ff00      LDA   $ff00               cc=e8 a=ff b=50 dp=00 x=a490 y=1075 u=a896 s=1ffa  dt=40
ca07| 2a06        BPL   $ca0f               cc=e8 a=ff b=50 dp=00 x=a490 y=1075 u=a896 s=1ffa  dt=24
ca09| cb04        ADDB  #$04                cc=c0 a=ff b=54 dp=00 x=a490 y=1075 u=a896 s=1ffa  dt=16
ca0b| 24f4        BCC   $ca01               cc=c0 a=ff b=54 dp=00 x=a490 y=1075 u=a896 s=1ffa  dt=24
ca01| f7ff20      STB   $ff20               cc=c0 a=ff b=54 dp=00 x=a490 y=1075 u=a896 s=1ffa  dt=40
ca04| b6ff00      LDA   $ff00               cc=c8 a=ff b=54 dp=00 x=a490 y=1075 u=a896 s=1ffa  dt=40
ca07| 2a06        BPL   $ca0f               cc=c8 a=ff b=54 dp=00 x=a490 y=1075 u=a896 s=1ffa  dt=24
ca09| cb04        ADDB  #$04                cc=c0 a=ff b=58 dp=00 x=a490 y=1075 u=a896 s=1ffa  dt=16
ca0b| 24f4        BCC   $ca01               cc=c0 a=ff b=58 dp=00 x=a490 y=1075 u=a896 s=1ffa  dt=24
ca01| f7ff20      STB   $ff20               cc=c0 a=ff b=58 dp=00 x=a490 y=1075 u=a896 s=1ffa  dt=40
ca04| b6ff00      LDA   $ff00               cc=c8 a=ff b=58 dp=00 x=a490 y=1075 u=a896 s=1ffa  dt=40
ca07| 2a06        BPL   $ca0f               cc=c8 a=ff b=58 dp=00 x=a490 y=1075 u=a896 s=1ffa  dt=24
ca09| cb04        ADDB  #$04                cc=c0 a=ff b=5c dp=00 x=a490 y=1075 u=a896 s=1ffa  dt=16
ca0b| 24f4        BCC   $ca01               cc=c0 a=ff b=5c dp=00 x=a490 y=1075 u=a896 s=1ffa  dt=24
ca01| f7ff20      STB   $ff20               cc=c0 a=ff b=5c dp=00 x=a490 y=1075 u=a896 s=1ffa  dt=40
ca04| b6ff00      LDA   $ff00               cc=c8 a=ff b=5c dp=00 x=a490 y=1075 u=a896 s=1ffa  dt=40
ca07| 2a06        BPL   $ca0f               cc=c8 a=ff b=5c dp=00 x=a490 y=1075 u=a896 s=1ffa  dt=24
ca09| cb04        ADDB  #$04                cc=e0 a=ff b=60 dp=00 x=a490 y=1075 u=a896 s=1ffa  dt=16
ca0b| 24f4        BCC   $ca01               cc=e0 a=ff b=60 dp=00 x=a490 y=1075 u=a896 s=1ffa  dt=24
ca01| f7ff20      STB   $ff20               cc=e0 a=ff b=60 dp=00 x=a490 y=1075 u=a896 s=1ffa  dt=40
ca04| b6ff00      LDA   $ff00               cc=e8 a=ff b=60 dp=00 x=a490 y=1075 u=a896 s=1ffa  dt=40
ca07| 2a06        BPL   $ca0f               cc=e8 a=ff b=60 dp=00 x=a490 y=1075 u=a896 s=1ffa  dt=24
ca09| cb04        ADDB  #$04                cc=c0 a=ff b=64 dp=00 x=a490 y=1075 u=a896 s=1ffa  dt=16
ca0b| 24f4        BCC   $ca01               cc=c0 a=ff b=64 dp=00 x=a490 y=1075 u=a896 s=1ffa  dt=24
ca01| f7ff20      STB   $ff20               cc=c0 a=ff b=64 dp=00 x=a490 y=1075 u=a896 s=1ffa  dt=40
ca04| b6ff00      LDA   $ff00               cc=c8 a=ff b=64 dp=00 x=a490 y=1075 u=a896 s=1ffa  dt=40
ca07| 2a06        BPL   $ca0f               cc=c8 a=ff b=64 dp=00 x=a490 y=1075 u=a896 s=1ffa  dt=24
ca09| cb04        ADDB  #$04                cc=c0 a=ff b=68 dp=00 x=a490 y=1075 u=a896 s=1ffa  dt=16
ca0b| 24f4        BCC   $ca01               cc=c0 a=ff b=68 dp=00 x=a490 y=1075 u=a896 s=1ffa  dt=24
ca01| f7ff20      STB   $ff20               cc=c0 a=ff b=68 dp=00 x=a490 y=1075 u=a896 s=1ffa  dt=40
ca04| b6ff00      LDA   $ff00               cc=c8 a=ff b=68 dp=00 x=a490 y=1075 u=a896 s=1ffa  dt=40
ca07| 2a06        BPL   $ca0f               cc=c8 a=ff b=68 dp=00 x=a490 y=1075 u=a896 s=1ffa  dt=24
ca09| cb04        ADDB  #$04                cc=c0 a=ff b=6c dp=00 x=a490 y=1075 u=a896 s=1ffa  dt=16
ca0b| 24f4        BCC   $ca01               cc=c0 a=ff b=6c dp=00 x=a490 y=1075 u=a896 s=1ffa  dt=24
ca01| f7ff20      STB   $ff20               cc=c0 a=ff b=6c dp=00 x=a490 y=1075 u=a896 s=1ffa  dt=40
ca04| b6ff00      LDA   $ff00               cc=c8 a=ff b=6c dp=00 x=a490 y=1075 u=a896 s=1ffa  dt=40
ca07| 2a06        BPL   $ca0f               cc=c8 a=ff b=6c dp=00 x=a490 y=1075 u=a896 s=1ffa  dt=24
ca09| cb04        ADDB  #$04                cc=e0 a=ff b=70 dp=00 x=a490 y=1075 u=a896 s=1ffa  dt=16
ca0b| 24f4        BCC   $ca01               cc=e0 a=ff b=70 dp=00 x=a490 y=1075 u=a896 s=1ffa  dt=24
ca01| f7ff20      STB   $ff20               cc=e0 a=ff b=70 dp=00 x=a490 y=1075 u=a896 s=1ffa  dt=40
ca04| b6ff00      LDA   $ff00               cc=e8 a=ff b=70 dp=00 x=a490 y=1075 u=a896 s=1ffa  dt=40
ca07| 2a06        BPL   $ca0f               cc=e8 a=ff b=70 dp=00 x=a490 y=1075 u=a896 s=1ffa  dt=24
ca09| cb04        ADDB  #$04                cc=c0 a=ff b=74 dp=00 x=a490 y=1075 u=a896 s=1ffa  dt=16
ca0b| 24f4        BCC   $ca01               cc=c0 a=ff b=74 dp=00 x=a490 y=1075 u=a896 s=1ffa  dt=24
ca01| f7ff20      STB   $ff20               cc=c0 a=ff b=74 dp=00 x=a490 y=1075 u=a896 s=1ffa  dt=40
ca04| b6ff00      LDA   $ff00               cc=c8 a=ff b=74 dp=00 x=a490 y=1075 u=a896 s=1ffa  dt=40
ca07| 2a06        BPL   $ca0f               cc=c8 a=ff b=74 dp=00 x=a490 y=1075 u=a896 s=1ffa  dt=24
ca09| cb04        ADDB  #$04                cc=c0 a=ff b=78 dp=00 x=a490 y=1075 u=a896 s=1ffa  dt=16
ca0b| 24f4        BCC   $ca01               cc=c0 a=ff b=78 dp=00 x=a490 y=1075 u=a896 s=1ffa  dt=24
ca01| f7ff20      STB   $ff20               cc=c0 a=ff b=78 dp=00 x=a490 y=1075 u=a896 s=1ffa  dt=40
ca04| b6ff00      LDA   $ff00               cc=c8 a=ff b=78 dp=00 x=a490 y=1075 u=a896 s=1ffa  dt=40
ca07| 2a06        BPL   $ca0f               cc=c8 a=ff b=78 dp=00 x=a490 y=1075 u=a896 s=1ffa  dt=24
ca09| cb04        ADDB  #$04                cc=c0 a=ff b=7c dp=00 x=a490 y=1075 u=a896 s=1ffa  dt=16
ca0b| 24f4        BCC   $ca01               cc=c0 a=ff b=7c dp=00 x=a490 y=1075 u=a896 s=1ffa  dt=24
ca01| f7ff20      STB   $ff20               cc=c0 a=ff b=7c dp=00 x=a490 y=1075 u=a896 s=1ffa  dt=40
ca04| b6ff00      LDA   $ff00               cc=c8 a=ff b=7c dp=00 x=a490 y=1075 u=a896 s=1ffa  dt=40
ca07| 2a06        BPL   $ca0f               cc=c8 a=ff b=7c dp=00 x=a490 y=1075 u=a896 s=1ffa  dt=24
ca09| cb04        ADDB  #$04                cc=ea a=ff b=80 dp=00 x=a490 y=1075 u=a896 s=1ffa  dt=16
ca0b| 24f4        BCC   $ca01               cc=ea a=ff b=80 dp=00 x=a490 y=1075 u=a896 s=1ffa  dt=24
ca01| f7ff20      STB   $ff20               cc=e8 a=ff b=80 dp=00 x=a490 y=1075 u=a896 s=1ffa  dt=40
ca04| b6ff00      LDA   $ff00               cc=e0 a=7f b=80 dp=00 x=a490 y=1075 u=a896 s=1ffa  dt=40
ca07| 2a06        BPL   $ca0f               cc=e0 a=7f b=80 dp=00 x=a490 y=1075 u=a896 s=1ffa  dt=24
ca0f| 54          LSRB                      cc=e0 a=7f b=40 dp=00 x=a490 y=1075 u=a896 s=1ffa  dt=16
ca10| 54          LSRB                      cc=e0 a=7f b=20 dp=00 x=a490 y=1075 u=a896 s=1ffa  dt=16
ca11| 39          RTS                       cc=e0 a=7f b=20 dp=00 x=a490 y=1075 u=a896 s=1ffc  dt=40
c9ae| d704        STB   <$04                cc=e0 a=7f b=20 dp=00 x=a490 y=1075 u=a896 s=1ffc  dt=32
c9b0| 8680        LDA   #$80                cc=e8 a=80 b=20 dp=00 x=a490 y=1075 u=a896 s=1ffc  dt=16
c9b2| b7ff20      STA   $ff20               cc=e8 a=80 b=20 dp=00 x=a490 y=1075 u=a896 s=1ffc  dt=40
c9b5| 9601        LDA   <$01                cc=e0 a=20 b=20 dp=00 x=a490 y=1075 u=a896 s=1ffc  dt=32
c9b7| 8020        SUBA  #$20                cc=e4 a=00 b=20 dp=00 x=a490 y=1075 u=a896 s=1ffc  dt=16
c9b9| 2a01        BPL   $c9bc               cc=e4 a=00 b=20 dp=00 x=a490 y=1075 u=a896 s=1ffc  dt=24
c9bc| 970d        STA   <$0d                cc=e4 a=00 b=20 dp=00 x=a490 y=1075 u=a896 s=1ffc  dt=32
c9be| 9604        LDA   <$04                cc=e0 a=20 b=20 dp=00 x=a490 y=1075 u=a896 s=1ffc  dt=32
c9c0| 8020        SUBA  #$20                cc=e4 a=00 b=20 dp=00 x=a490 y=1075 u=a896 s=1ffc  dt=16
c9c2| 2a01        BPL   $c9c5               cc=e4 a=00 b=20 dp=00 x=a490 y=1075 u=a896 s=1ffc  dt=24
c9c5| 970e        STA   <$0e                cc=e4 a=00 b=20 dp=00 x=a490 y=1075 u=a896 s=1ffc  dt=32
c9c7| 86ff        LDA   #$ff                cc=e8 a=ff b=20 dp=00 x=a490 y=1075 u=a896 s=1ffc  dt=16
c9c9| 9705        STA   <$05                cc=e8 a=ff b=20 dp=00 x=a490 y=1075 u=a896 s=1ffc  dt=32
c9cb| 960d        LDA   <$0d                cc=e4 a=00 b=20 dp=00 x=a490 y=1075 u=a896 s=1ffc  dt=32
c9cd| 910e        CMPA  <$0e                cc=e4 a=00 b=20 dp=00 x=a490 y=1075 u=a896 s=1ffc  dt=32
c9cf| 2512        BCS   $c9e3               cc=e4 a=00 b=20 dp=00 x=a490 y=1075 u=a896 s=1ffc  dt=24
c9d1| 8108        CMPA  #$08                cc=e9 a=00 b=20 dp=00 x=a490 y=1075 u=a896 s=1ffc  dt=16
c9d3| 232a        BLS   $c9ff               cc=e9 a=00 b=20 dp=00 x=a490 y=1075 u=a896 s=1ffc  dt=24
c9ff| 39          RTS                       cc=e9 a=00 b=20 dp=00 x=a490 y=1075 u=a896 s=1ffe  dt=40
c115| 964d        LDA   <$4d                cc=e5 a=00 b=20 dp=00 x=a490 y=1075 u=a896 s=1ffe  dt=32
c117| 2606        BNE   $c11f               cc=e5 a=00 b=20 dp=00 x=a490 y=1075 u=a896 s=1ffe  dt=24
c119| 17066f      LBSR  $c78b               cc=e5 a=00 b=20 dp=00 x=a490 y=1075 u=a896 s=1ffc  dt=72
c78b| dc30        LDD   <$30                cc=e1 a=01 b=02 dp=00 x=a490 y=1075 u=a896 s=1ffc  dt=40
c78d| 830001      SUBD  #$0001              cc=e0 a=01 b=01 dp=00 x=a490 y=1075 u=a896 s=1ffc  dt=32
c790| dd30        STD   <$30                cc=e0 a=01 b=01 dp=00 x=a490 y=1075 u=a896 s=1ffc  dt=40
c792| 2642        BNE   $c7d6               cc=e0 a=01 b=01 dp=00 x=a490 y=1075 u=a896 s=1ffc  dt=24
c7d6| 39          RTS                       cc=e0 a=01 b=01 dp=00 x=a490 y=1075 u=a896 s=1ffe  dt=40
c11c| 1706b8      LBSR  $c7d7               cc=e0 a=01 b=01 dp=00 x=a490 y=1075 u=a896 s=1ffc  dt=72
c7d7| 0a4a        DEC   <$4a                cc=e0 a=01 b=01 dp=00 x=a490 y=1075 u=a896 s=1ffc  dt=48
c7d9| 262f        BNE   $c80a               cc=e0 a=01 b=01 dp=00 x=a490 y=1075 u=a896 s=1ffc  dt=24
c80a| 39          RTS                       cc=e0 a=01 b=01 dp=00 x=a490 y=1075 u=a896 s=1ffe  dt=40
c11f| 17057f      LBSR  $c6a1               cc=e0 a=01 b=01 dp=00 x=a490 y=1075 u=a896 s=1ffc  dt=72
c6a1| dc34        LDD   <$34                cc=e0 a=0e b=91 dp=00 x=a490 y=1075 u=a896 s=1ffc  dt=40
c6a3| 44          LSRA                      cc=e0 a=07 b=91 dp=00 x=a490 y=1075 u=a896 s=1ffc  dt=16
c6a4| 56          RORB                      cc=e1 a=07 b=48 dp=00 x=a490 y=1075 u=a896 s=1ffc  dt=16
c6a5| 2402        BCC   $c6a9               cc=e1 a=07 b=48 dp=00 x=a490 y=1075 u=a896 s=1ffc  dt=24
c6a7| 88b4        EORA  #$b4                cc=e9 a=b3 b=48 dp=00 x=a490 y=1075 u=a896 s=1ffc  dt=16
c6a9| dd34        STD   <$34                cc=e9 a=b3 b=48 dp=00 x=a490 y=1075 u=a896 s=1ffc  dt=40
c6ab| 39          RTS                       cc=e9 a=b3 b=48 dp=00 x=a490 y=1075 u=a896 s=1ffe  dt=40
c122| 964d        LDA   <$4d                cc=e5 a=00 b=48 dp=00 x=a490 y=1075 u=a896 s=1ffe  dt=32
c124| 2705        BEQ   $c12b               cc=e5 a=00 b=48 dp=00 x=a490 y=1075 u=a896 s=1ffe  dt=24
c12b| 9651        LDA   <$51                cc=e5 a=00 b=48 dp=00 x=a490 y=1075 u=a896 s=1ffe  dt=32
c12d| 2611        BNE   $c140               cc=e5 a=00 b=48 dp=00 x=a490 y=1075 u=a896 s=1ffe  dt=24
c12f| 9695        LDA   <$95                cc=e1 a=12 b=48 dp=00 x=a490 y=1075 u=a896 s=1ffe  dt=32
c131| 8401        ANDA  #$01                cc=e5 a=00 b=48 dp=00 x=a490 y=1075 u=a896 s=1ffe  dt=16
c133| 260b        BNE   $c140               cc=e5 a=00 b=48 dp=00 x=a490 y=1075 u=a896 s=1ffe  dt=24
c135| 8601        LDA   #$01                cc=e1 a=01 b=48 dp=00 x=a490 y=1075 u=a896 s=1ffe  dt=16
c137| 976b        STA   <$6b                cc=e1 a=01 b=48 dp=00 x=a490 y=1075 u=a896 s=1ffe  dt=32
c139| 9626        LDA   <$26                cc=e5 a=00 b=48 dp=00 x=a490 y=1075 u=a896 s=1ffe  dt=32
c13b| 2703        BEQ   $c140               cc=e5 a=00 b=48 dp=00 x=a490 y=1075 u=a896 s=1ffe  dt=24
c140| 1710f5      LBSR  $d238               cc=e5 a=00 b=48 dp=00 x=a490 y=1075 u=a896 s=1ffc  dt=72
d238| bd0818      JSR   $0818               cc=e5 a=00 b=48 dp=00 x=a490 y=1075 u=a896 s=1ffa  dt=64
0818| 7e0a1b      JMP   $0a1b               cc=e5 a=00 b=48 dp=00 x=a490 y=1075 u=a896 s=1ffa  dt=32
